#id	makeid	modelid
1	440	1684
2	441	1685
3	440	1686
4	440	1687
5	440	1688
6	445	1689
7	445	1690
8	445	1691
9	446	1692
10	446	1693
11	446	1694
12	440	1695
14	440	1697
15	447	1698
16	443	1699
17	443	1700
18	440	1701
20	449	1703
21	450	1704
22	451	1705
23	451	1706
24	452	1707
25	452	1708
26	452	1709
27	452	1710
28	452	1711
29	452	1712
30	452	1713
31	452	1714
32	452	1715
33	452	1716
34	452	1717
35	452	1718
36	452	1719
37	452	1720
38	452	1721
39	452	1722
40	452	1723
41	452	1724
42	452	1725
43	453	1726
44	452	1727
45	452	1728
46	452	1729
47	452	1730
48	452	1731
49	452	1732
50	452	1733
51	454	1734
52	455	1735
53	452	1736
54	452	1737
55	452	1738
56	452	1739
57	452	1740
58	452	1741
59	452	1742
60	452	1743
61	452	1744
62	452	1745
63	452	1746
64	452	1747
65	452	1748
66	452	1749
67	452	1750
68	452	1751
69	452	1752
70	452	1753
71	452	1754
72	452	1755
73	452	1756
74	452	1757
75	452	1758
76	452	1759
77	452	1760
78	456	1761
82	456	1765
84	456	1767
87	457	1770
88	457	1771
89	458	1772
90	458	1773
91	458	1774
92	458	1775
93	459	1776
94	461	1777
95	460	1778
96	460	1779
97	460	1780
98	460	1781
99	460	1782
100	462	1783
101	462	1784
102	462	1785
103	462	1786
104	462	1787
105	463	1788
107	464	1790
108	464	1791
109	465	1792
110	465	1793
111	464	1794
112	466	1795
113	460	1796
114	460	1797
115	460	1798
116	460	1799
117	460	1800
118	460	1801
119	460	1802
120	460	1803
121	460	1804
122	460	1805
123	460	1806
124	460	1807
125	460	1808
126	460	1809
127	460	1810
128	460	1811
129	464	1812
130	464	1813
131	464	1814
132	465	1815
133	465	1816
134	460	1817
135	460	1818
136	460	1819
137	460	1820
138	468	1821
139	468	1822
140	468	1823
141	469	1824
142	469	1825
143	469	1826
144	469	1827
145	467	1828
146	467	1829
147	467	1830
148	467	1831
149	467	1832
150	467	1833
151	467	1834
152	467	1835
153	467	1836
154	467	1837
155	467	1838
156	470	1839
157	471	1840
158	468	1841
159	468	1842
160	469	1843
161	469	1844
163	467	1846
164	467	1847
165	467	1848
166	467	1849
167	467	1850
168	467	1851
169	467	1852
170	467	1853
171	467	1854
172	472	1855
173	472	1856
174	472	1857
175	472	1858
176	472	1859
177	473	1860
178	474	1861
179	456	1862
180	474	1863
181	474	1864
182	474	1865
183	474	1866
184	475	1867
185	474	1868
186	474	1869
187	474	1870
188	475	1871
189	475	1872
190	475	1873
191	475	1874
192	474	1875
193	477	1876
194	477	1877
195	477	1878
197	456	1880
202	479	1885
203	456	1886
207	478	1890
209	476	1892
210	476	1893
211	478	1894
212	476	1895
213	476	1896
214	476	1897
215	478	1898
216	480	1899
217	480	1900
218	480	1901
219	480	1902
220	480	1903
221	478	1904
222	478	1905
223	478	1906
224	478	1907
225	480	1908
226	480	1909
227	480	1910
228	478	1911
229	478	1912
230	478	1913
231	478	1914
232	478	1915
233	478	1916
234	478	1917
235	478	1918
236	478	1919
237	478	1920
238	467	1921
239	478	1922
242	456	1925
245	456	1928
253	477	1936
254	477	1937
255	476	1938
256	476	1939
257	476	1940
258	476	1941
259	476	1942
260	483	1943
261	483	1944
262	483	1945
263	483	1946
264	483	1947
265	483	1948
266	483	1949
267	481	1950
268	482	1951
269	484	1952
270	486	1953
271	484	1954
272	484	1955
273	484	1956
275	476	1958
276	485	1959
277	485	1960
278	485	1961
279	485	1962
280	485	1963
282	487	1965
283	487	1966
284	487	1967
285	487	1968
286	487	1969
287	452	1970
288	452	1971
289	450	1972
290	450	1973
291	450	1974
292	450	1975
293	450	1976
294	450	1977
295	450	1978
296	450	1979
297	450	1980
298	450	1981
299	450	1982
300	450	1983
301	450	1984
302	450	1985
303	450	1986
304	450	1987
305	450	1988
306	450	1989
308	450	1991
309	450	1992
310	450	1993
311	450	1994
312	450	1995
313	450	1996
315	450	1998
316	450	1999
317	450	2000
318	450	2001
319	450	2002
320	450	2003
321	450	2004
322	450	2005
323	450	2006
324	450	2007
325	450	2008
326	450	2009
327	450	2010
328	450	2011
329	450	2012
330	450	2013
331	450	2014
332	450	2015
333	450	2016
334	450	2017
335	450	2018
336	450	2019
337	450	2020
338	450	2021
339	450	2022
340	450	2023
341	452	2024
342	489	2025
343	489	2026
344	489	2027
345	490	2028
346	490	2029
347	490	2030
348	490	2031
349	490	2032
350	490	2033
351	490	2034
352	493	2035
353	494	2036
354	492	2037
355	480	2038
356	495	2039
357	495	2040
358	495	2041
359	495	2042
360	495	2043
361	495	2044
362	495	2045
363	495	2046
364	495	2047
365	495	2048
366	495	2049
367	496	2050
368	497	2051
369	497	2052
370	477	2053
371	476	2054
372	492	2055
373	498	2056
374	498	2057
375	498	2058
376	500	2059
377	500	2060
378	500	2061
379	500	2062
380	501	2063
381	501	2064
382	501	2065
383	502	2066
384	502	2067
385	503	2068
386	503	2069
387	500	2070
388	441	2071
389	473	2072
390	473	2073
391	473	2074
392	473	2075
393	473	2076
394	473	2077
395	473	2078
396	449	2079
397	449	2080
398	449	2081
399	449	2082
400	449	2083
401	449	2084
402	449	2085
403	449	2086
404	449	2087
405	505	2088
406	505	2089
407	505	2090
408	505	2091
409	505	2092
410	505	2093
411	506	2094
412	506	2095
414	509	2097
421	509	2104
422	509	2105
430	449	2113
431	504	2114
433	509	2116
439	509	2122
442	509	2125
444	474	2127
445	474	2128
446	449	2129
447	449	2130
448	449	2131
449	449	2132
455	509	2138
461	509	2144
462	509	2145
464	475	2147
466	475	2149
467	475	2150
468	511	2151
469	511	2152
470	473	2153
471	508	2154
472	508	2155
473	508	2156
474	508	2157
475	508	2158
476	508	2159
477	508	2160
478	508	2161
479	513	2162
480	481	2163
481	481	2164
482	481	2165
483	481	2166
484	481	2167
485	514	2168
486	514	2169
487	452	2170
488	452	2171
489	452	2172
490	452	2173
491	514	2174
492	514	2175
493	514	2176
494	514	2177
495	452	2178
496	452	2179
497	515	2180
499	515	2182
500	515	2183
501	515	2184
503	517	2186
504	517	2187
505	517	2188
506	517	2189
507	517	2190
508	517	2191
509	517	2192
510	517	2193
511	517	2194
512	517	2195
513	517	2196
514	517	2197
515	517	2198
516	517	2199
517	517	2200
518	517	2201
519	517	2202
520	517	2203
521	517	2204
522	517	2205
523	448	2206
524	448	2207
525	448	2208
526	448	2209
527	448	2210
528	448	2211
529	515	2212
530	448	2213
531	515	2214
532	515	2215
533	448	2216
534	448	2217
536	452	2219
537	452	2220
539	519	2222
540	448	2223
547	452	2230
548	452	2231
549	523	2232
550	523	2233
551	523	2234
552	523	2235
553	523	2236
554	523	2237
555	523	2238
557	452	2240
558	444	2241
559	442	2242
560	444	2243
561	444	2244
562	444	2245
563	444	2246
564	444	2247
565	524	2248
566	524	2249
567	524	2250
568	524	2251
569	524	2252
570	524	2253
571	524	2254
572	524	2255
573	524	2256
574	524	2257
575	524	2258
576	524	2259
577	524	2260
578	524	2261
579	524	2262
580	524	2263
582	524	2265
583	524	2266
584	524	2267
585	524	2268
586	524	2269
587	524	2270
588	527	2271
589	527	2272
590	527	2273
591	527	2274
592	527	2275
593	527	2276
594	527	2277
595	527	2278
596	527	2279
597	527	2280
598	527	2281
599	527	2282
600	527	2283
601	527	2284
602	442	2285
603	442	2286
604	528	2287
605	528	2288
606	528	2289
607	528	2290
608	528	2291
609	528	2292
610	528	2293
611	528	2294
612	528	2295
613	528	2296
614	528	2297
615	498	2298
616	499	2299
617	452	2300
618	444	2301
619	478	2302
620	478	2303
621	480	2304
622	480	2305
623	480	2306
624	480	2307
625	528	2308
626	528	2309
627	528	2310
628	528	2311
629	528	2312
630	442	2313
631	442	2314
632	448	2315
634	528	2317
635	481	2318
636	523	2319
637	523	2320
639	473	2322
640	478	2323
641	480	2324
642	480	2325
643	480	2326
645	518	2328
646	518	2329
647	518	2330
648	518	2331
649	518	2332
650	518	2333
651	518	2334
652	518	2335
653	481	2336
654	480	2337
655	480	2338
656	481	2339
658	478	2341
659	481	2342
660	480	2343
661	493	2344
662	460	2345
663	460	2346
664	460	2347
665	452	2350
666	452	2351
667	452	2352
668	452	2353
669	452	2354
670	452	2355
671	480	2356
672	480	2357
673	480	2358
674	452	2359
675	452	2360
676	452	2361
680	465	2365
681	465	2366
682	464	2367
683	480	2368
684	473	2369
685	460	2370
686	480	2373
687	480	2374
688	442	2375
689	452	2376
690	452	2377
691	452	2378
692	460	2379
693	531	2380
694	531	2381
695	531	2382
696	531	2383
697	460	2384
698	531	2385
699	531	2386
700	531	2387
701	531	2388
702	531	2389
703	531	2390
704	531	2391
705	531	2392
706	531	2393
707	531	2394
708	531	2395
709	531	2396
710	531	2397
711	531	2398
712	531	2399
713	531	2400
714	531	2401
715	531	2402
716	531	2403
717	531	2404
718	531	2405
719	531	2406
720	531	2407
721	531	2408
722	531	2409
723	531	2410
724	531	2411
725	531	2412
726	531	2413
727	531	2414
728	531	2415
729	531	2416
730	531	2417
731	531	2418
732	531	2419
733	531	2420
734	531	2421
735	531	2422
736	531	2423
737	531	2424
738	531	2425
739	531	2426
740	531	2427
741	531	2428
742	531	2429
743	531	2430
744	531	2431
745	531	2432
746	531	2433
747	531	2434
748	531	2435
749	531	2436
750	531	2437
751	531	2438
752	531	2439
753	531	2440
754	531	2441
755	531	2442
756	531	2443
757	531	2444
758	531	2445
759	531	2446
760	531	2447
761	531	2448
762	531	2449
763	531	2450
764	531	2451
765	531	2452
766	531	2453
767	531	2454
768	531	2455
769	531	2456
770	531	2457
771	498	2458
772	498	2459
773	499	2460
774	499	2461
775	499	2462
776	448	2463
777	448	2464
778	448	2465
779	448	2466
780	448	2467
781	448	2468
782	448	2469
783	450	2470
788	515	2475
792	450	2479
793	450	2480
794	450	2481
795	450	2482
796	450	2483
797	450	2484
798	450	2485
799	450	2486
800	450	2487
801	450	2488
802	450	2489
803	450	2490
804	450	2491
805	450	2492
806	450	2493
807	450	2494
808	450	2495
809	450	2496
810	450	2497
811	450	2498
812	450	2499
813	450	2500
814	450	2501
815	450	2502
816	531	2503
817	450	2504
818	450	2505
819	531	2506
820	531	2507
821	531	2508
822	531	2509
823	531	2510
824	531	2511
825	531	2512
826	531	2513
827	531	2514
828	526	2515
831	531	2518
833	531	2520
837	531	2524
840	531	2527
843	531	2530
845	531	2532
847	531	2534
854	531	2541
855	531	2542
856	526	2543
857	526	2544
858	531	2545
859	526	2546
860	526	2547
861	526	2548
862	526	2549
863	526	2550
864	526	2551
865	526	2552
866	526	2553
867	526	2554
868	465	2555
869	526	2556
870	526	2557
871	526	2558
872	526	2559
873	526	2560
874	526	2561
875	526	2562
876	526	2563
877	526	2564
878	526	2565
879	526	2566
880	526	2567
881	526	2568
882	526	2569
883	526	2570
884	526	2571
885	526	2572
886	526	2573
887	526	2574
888	526	2575
889	526	2576
890	526	2577
891	526	2578
892	526	2579
893	526	2580
894	526	2581
895	526	2582
897	452	2584
898	452	2585
899	452	2586
900	452	2587
901	531	2588
902	531	2589
903	531	2590
904	531	2591
905	531	2592
906	531	2593
907	531	2594
908	531	2595
909	531	2596
910	531	2597
911	531	2598
912	531	2599
913	531	2600
914	531	2601
915	531	2602
916	531	2603
917	531	2604
918	531	2605
919	531	2606
920	526	2607
921	531	2608
922	531	2609
923	526	2610
924	522	2611
925	522	2612
926	531	2613
927	522	2614
928	531	2615
929	522	2616
930	531	2617
931	522	2618
932	531	2619
933	522	2620
934	531	2621
935	522	2622
936	526	2623
937	526	2624
938	531	2625
939	522	2626
940	531	2627
941	531	2628
942	522	2629
943	531	2630
944	522	2631
945	531	2632
946	522	2633
947	522	2634
948	522	2635
949	526	2636
950	526	2637
951	526	2638
952	526	2639
953	526	2640
954	525	2641
955	525	2642
956	526	2643
957	526	2644
958	526	2645
959	526	2646
960	526	2647
961	526	2648
962	526	2649
963	526	2650
964	526	2651
965	526	2652
966	464	2653
967	526	2654
968	526	2655
969	526	2656
970	526	2657
971	526	2658
972	526	2659
973	526	2660
974	526	2661
975	526	2662
976	526	2663
977	526	2664
978	526	2665
979	526	2666
980	526	2667
981	526	2668
982	526	2669
983	526	2670
984	526	2671
985	526	2672
986	526	2673
987	526	2674
988	526	2675
989	526	2676
990	526	2677
991	449	2678
992	526	2679
993	526	2680
994	526	2681
995	526	2682
996	526	2683
997	526	2684
998	526	2685
999	526	2686
1000	526	2687
1001	526	2688
1002	526	2689
1003	526	2690
1004	526	2691
1005	526	2692
1006	526	2693
1007	526	2694
1008	526	2695
1009	526	2696
1010	526	2697
1011	526	2698
1012	526	2699
1013	526	2700
1014	526	2701
1015	526	2702
1016	526	2703
1017	526	2704
1018	526	2705
1019	526	2706
1020	526	2707
1021	526	2708
1022	526	2709
1023	526	2710
1024	526	2711
1025	526	2712
1026	526	2713
1027	526	2714
1028	526	2715
1029	532	2716
1030	532	2717
1031	532	2718
1032	532	2719
1033	532	2720
1034	532	2721
1035	532	2722
1036	532	2723
1037	532	2724
1038	532	2725
1039	532	2726
1040	532	2727
1041	532	2728
1042	532	2729
1043	532	2730
1044	532	2731
1045	532	2732
1046	532	2733
1047	532	2734
1048	498	2735
1049	498	2736
1050	460	2737
1051	499	2738
1052	499	2739
1053	499	2740
1054	473	2741
1055	450	2742
1056	525	2743
1057	525	2744
1058	525	2745
1059	525	2746
1060	525	2747
1061	525	2748
1062	525	2749
1063	525	2750
1064	525	2751
1065	525	2752
1066	525	2753
1067	525	2754
1068	525	2755
1069	525	2756
1070	525	2757
1071	525	2758
1075	452	2762
1076	452	2763
1077	452	2764
1078	452	2765
1081	450	2768
1082	499	2769
1083	499	2770
1084	498	2771
1085	498	2772
1086	498	2773
1087	498	2774
1088	533	2775
1089	464	2776
1090	452	2777
1091	452	2778
1092	535	2779
1094	535	2781
1095	535	2782
1096	535	2783
1097	535	2784
1098	535	2785
1099	534	2786
1100	495	2787
1101	495	2788
1102	495	2789
1103	495	2790
1104	495	2791
1105	495	2792
1106	495	2793
1107	495	2794
1108	495	2795
1109	495	2796
1110	495	2797
1111	495	2798
1112	495	2799
1113	495	2800
1114	495	2801
1115	495	2802
1116	448	2803
1117	452	2804
1118	537	2805
1120	536	2807
1121	464	2808
1122	539	2809
1123	539	2810
1124	532	2811
1126	540	2813
1127	539	2814
1128	532	2815
1129	541	2816
1130	542	2817
1131	542	2818
1132	542	2819
1135	449	2822
1136	543	2823
1137	543	2824
1138	543	2825
1139	543	2826
1140	448	2827
1141	531	2828
1142	531	2829
1143	531	2830
1144	13469	2831
1145	13470	2832
1146	13471	2833
1148	13472	2835
1151	2373	2838
1152	2373	2839
1153	2373	2840
1154	2373	2841
1155	2373	2842
1156	2373	2843
1157	2373	2844
1158	547	2845
1160	13549	2847
1161	514	2848
1167	550	2854
1168	551	2855
1169	552	2856
1170	553	2857
1171	553	2858
1172	553	2859
1173	553	2860
1174	554	2861
1175	554	2862
1176	554	2863
1177	554	2864
1178	554	2865
1179	554	2866
1180	554	2867
1181	555	2868
1182	556	2869
1183	557	2870
1184	558	2871
1185	559	2872
1186	560	2873
1187	560	2874
1188	560	2875
1189	560	2876
1190	560	2877
1191	560	2878
1192	560	2879
1193	560	2880
1194	560	2881
1195	561	2882
1196	562	2883
1197	562	2884
1198	562	2885
1199	563	2886
1202	564	2889
1203	564	2890
1204	564	2891
1205	564	2892
1206	564	2893
1207	565	2894
1208	565	2895
1209	565	2896
1210	565	2897
1211	565	2898
1213	565	2900
1214	565	2901
1216	565	2903
1217	565	2904
1218	565	2905
1219	565	2906
1220	565	2907
1221	565	2908
1222	565	2909
1223	565	2910
1224	566	2911
1225	567	2912
1226	567	2913
1227	567	2914
1229	567	2916
1230	567	2917
1231	567	2918
1232	567	2919
1233	567	2920
1234	567	2921
1235	567	2922
1236	567	2923
1237	567	2924
1239	568	2926
1240	568	2927
1244	570	2931
1246	448	2933
1247	531	2934
1248	531	2935
1249	449	2936
1250	531	2937
1251	531	2938
1252	449	2939
1253	531	2940
1254	531	2941
1255	531	2942
1256	531	2943
1257	531	2944
1258	525	2945
1259	531	2946
1260	531	2947
1261	531	2948
1262	531	2949
1263	531	2950
1264	531	2951
1265	531	2952
1266	531	2953
1267	531	2954
1268	531	2955
1269	531	2956
1270	531	2957
1271	531	2958
1272	531	2959
1273	531	2960
1274	531	2961
1275	531	2962
1276	531	2963
1277	531	2964
1278	531	2965
1279	531	2966
1280	531	2967
1281	531	2968
1282	531	2969
1283	531	2970
1284	531	2971
1285	531	2972
1286	531	2973
1287	531	2974
1288	531	2975
1289	531	2976
1290	531	2977
1291	531	2978
1292	531	2979
1293	531	2980
1294	531	2981
1295	531	2982
1296	531	2983
1297	531	2984
1298	531	2985
1299	531	2986
1300	531	2987
1301	531	2988
1302	531	2989
1303	531	2990
1304	531	2991
1305	572	2992
1306	572	2993
1307	574	2994
1308	574	2995
1309	574	2996
1310	574	2997
1311	574	2998
1312	574	2999
1313	574	3000
1314	575	3001
1315	576	3002
1316	577	3003
1317	579	3004
1318	448	3005
1319	531	3006
1320	531	3007
1321	531	3008
1322	531	3009
1323	531	3010
1324	531	3011
1325	531	3012
1326	531	3013
1327	531	3014
1328	531	3015
1329	531	3016
1330	531	3017
1331	531	3018
1332	531	3019
1333	531	3020
1334	531	3021
1335	531	3022
1336	531	3023
1337	531	3024
1338	531	3025
1339	531	3026
1340	531	3027
1341	531	3028
1342	531	3029
1343	531	3030
1344	531	3031
1345	531	3032
1346	531	3033
1347	531	3034
1348	531	3035
1349	531	3036
1350	531	3037
1351	531	3038
1352	531	3039
1353	531	3040
1354	531	3041
1355	531	3042
1356	531	3043
1357	531	3044
1358	531	3045
1359	531	3046
1361	531	3048
1362	531	3049
1364	452	3051
1365	452	3052
1367	452	3054
1368	452	3055
1369	524	3056
1370	524	3057
1371	524	3058
1372	524	3059
1373	524	3060
1374	524	3061
1375	524	3062
1377	531	3064
1378	531	3065
1379	531	3066
1380	531	3067
1381	531	3068
1382	531	3069
1383	531	3070
1384	499	3071
1385	531	3072
1386	531	3073
1387	531	3074
1388	531	3075
1389	531	3076
1390	531	3077
1391	531	3078
1392	531	3079
1393	531	3080
1394	531	3081
1395	531	3082
1396	531	3083
1397	531	3084
1398	531	3085
1399	531	3086
1400	531	3087
1401	531	3088
1402	531	3089
1403	531	3090
1404	531	3091
1405	531	3092
1406	531	3093
1407	531	3094
1408	531	3095
1409	531	3096
1411	531	3098
1412	531	3099
1413	531	3100
1414	531	3101
1415	531	3102
1416	531	3103
1417	531	3104
1418	531	3105
1419	466	3106
1420	466	3107
1421	487	3108
1423	487	3110
1425	466	3112
1426	466	3113
1427	466	3114
1428	466	3115
1429	466	3116
1430	466	3117
1431	466	3118
1432	466	3119
1433	580	3120
1434	476	3121
1435	466	3122
1436	466	3123
1437	466	3124
1438	466	3125
1440	485	3127
1441	485	3128
1442	485	3129
1443	485	3130
1445	485	3132
1446	482	3133
1447	482	3134
1448	482	3135
1449	482	3136
1450	482	3137
1452	509	3139
1453	482	3140
1454	482	3141
1455	482	3142
1456	509	3143
1457	485	3144
1458	582	3145
1459	582	3146
1460	582	3147
1461	582	3148
1462	582	3149
1463	582	3150
1464	582	3151
1465	509	3152
1466	474	3153
1467	515	3154
1468	448	3155
1469	509	3156
1470	509	3157
1471	531	3158
1473	460	3160
1474	510	3161
1475	510	3162
1476	510	3163
1477	510	3164
1478	510	3165
1479	510	3166
1480	510	3167
1481	510	3168
1482	510	3169
1483	510	3170
1484	510	3171
1486	510	3173
1490	510	3177
1491	510	3178
1492	510	3179
1493	510	3180
1494	510	3181
1495	510	3182
1496	475	3183
1497	499	3184
1498	515	3185
1499	509	3186
1500	509	3187
1502	509	3189
1504	509	3191
1509	509	3196
1510	510	3197
1511	510	3198
1512	510	3199
1513	564	3200
1514	564	3201
1515	510	3202
1516	510	3203
1521	509	3208
1524	564	3211
1525	564	3212
1527	564	3214
1535	564	3222
1544	510	3231
1545	510	3232
1547	474	3234
1548	474	3235
1559	474	3246
1560	474	3247
1562	474	3249
1564	474	3251
1565	474	3252
1566	474	3253
1568	474	3255
1577	474	3264
1580	460	3267
1585	509	3272
1597	564	3284
1611	588	3298
1612	589	3299
1613	510	3300
1614	510	3301
1615	510	3302
1616	510	3303
1618	564	3305
1620	564	3307
1628	564	3315
1634	564	3321
1635	564	3322
1644	564	3331
1648	564	3335
1650	564	3337
1651	564	3338
1685	564	3372
1689	564	3376
1694	564	3381
1696	564	3383
1699	510	3386
1700	510	3387
1703	510	3390
1704	510	3391
1705	510	3392
1707	509	3394
1709	509	3396
1710	509	3397
1713	509	3400
1715	509	3402
1716	510	3403
1717	510	3404
1718	510	3405
1719	515	3406
1723	460	3410
1724	474	3411
1734	466	3421
1735	474	3422
1744	568	3431
1746	568	3433
1747	568	3434
1748	568	3435
1749	568	3436
1750	568	3437
1751	474	3438
1752	474	3439
1753	565	3440
1758	474	3445
1763	590	3450
1764	590	3451
1765	590	3452
1766	590	3453
1767	590	3454
1768	590	3455
1769	590	3456
1770	590	3457
1771	590	3458
1773	590	3460
1774	590	3461
1775	460	3462
1780	590	3467
1781	590	3468
1782	590	3469
1783	590	3470
1784	590	3471
1785	591	3472
1787	474	3474
1788	474	3475
1797	474	3484
1798	591	3485
1799	497	3486
1803	492	3490
1806	567	3493
1807	567	3494
1808	567	3495
1809	567	3496
1810	567	3497
1811	567	3498
1812	567	3499
1813	567	3500
1814	567	3501
1815	566	3502
1816	566	3503
1817	566	3504
1818	567	3505
1820	474	3507
1821	476	3508
1823	476	3510
1824	485	3511
1825	567	3512
1826	567	3513
1828	474	3515
1829	567	3516
1830	567	3517
1831	567	3518
1832	567	3519
1834	474	3521
1835	474	3522
1837	594	3524
1840	474	3527
1842	595	3529
1843	474	3530
1844	467	3531
1845	571	3532
1846	596	3533
1847	596	3534
1848	596	3535
1849	596	3536
1851	596	3538
1852	596	3539
1853	596	3540
1854	596	3541
1856	596	3543
1857	596	3544
1858	597	3545
1859	597	3546
1860	597	3547
1861	598	3548
1862	598	3549
1863	599	3550
1864	599	3551
1865	599	3552
1866	599	3553
1867	599	3554
1868	599	3555
1869	599	3556
1870	599	3557
1871	599	3558
1872	600	3559
1873	600	3560
1874	600	3561
1875	600	3562
1876	600	3563
1877	600	3564
1880	474	3567
1881	596	3568
1882	596	3569
1883	596	3570
1884	596	3571
1886	596	3573
1887	596	3574
1889	596	3576
1891	596	3578
1892	601	3579
1893	601	3580
1894	601	3581
1895	601	3582
1896	601	3583
1897	601	3584
1898	601	3585
1899	601	3586
1900	601	3587
1901	601	3588
1902	601	3589
1903	601	3590
1904	601	3591
1905	601	3592
1906	601	3593
1907	601	3594
1908	477	3595
1909	601	3596
1910	474	3597
1911	477	3598
1912	464	3599
1913	574	3600
1914	603	3601
1916	603	3603
1918	603	3605
1919	603	3606
1920	603	3607
1921	460	3608
1922	601	3609
1923	601	3610
1924	601	3611
1925	601	3612
1926	601	3613
1927	601	3614
1928	601	3615
1931	474	3618
1932	601	3619
1933	601	3620
1934	601	3621
1935	601	3622
1936	592	3623
1937	592	3624
1938	592	3625
1939	592	3626
1940	592	3627
1941	477	3628
1942	477	3629
1943	601	3630
1944	601	3631
1945	601	3632
1946	601	3633
1947	574	3634
1949	574	3636
1954	542	3641
1955	542	3642
1957	448	3644
1958	448	3645
1960	448	3647
1961	448	3648
1962	448	3649
1963	448	3650
1965	515	3652
1966	515	3653
1967	474	3654
1968	448	3655
1973	448	3660
1976	535	3663
1978	545	3665
1979	474	3666
1980	606	3667
1982	474	3669
1983	474	3670
1984	574	3671
1985	474	3672
1987	474	3674
1988	582	3675
1989	582	3676
1990	582	3677
1991	582	3678
1992	582	3679
1993	476	3680
1994	613	3681
1995	615	3682
1996	616	3683
1997	474	3684
1998	632	3685
1999	631	3686
2000	628	3687
2001	626	3688
2002	630	3689
2003	634	3690
2004	612	3691
2006	607	3693
2008	474	3695
2009	474	3696
2010	474	3697
2011	474	3698
2012	474	3699
2013	474	3700
2014	474	3701
2015	474	3702
2016	474	3703
2018	474	3705
2020	608	3707
2021	609	3708
2022	610	3709
2023	614	3710
2024	617	3711
2025	621	3712
2026	623	3713
2027	629	3714
2028	645	3715
2029	646	3716
2030	644	3717
2031	643	3718
2032	642	3719
2034	647	3721
2035	648	3722
2036	649	3723
2037	650	3724
2038	651	3725
2039	652	3726
2040	653	3727
2041	654	3728
2042	656	3729
2043	657	3730
2044	657	3731
2045	657	3732
2046	657	3733
2047	657	3734
2049	661	3736
2050	662	3737
2051	659	3738
2052	624	3739
2053	664	3740
2054	665	3741
2055	666	3742
2056	667	3743
2057	668	3744
2058	669	3745
2059	670	3746
2060	573	3747
2061	573	3748
2062	573	3749
2063	573	3750
2064	573	3751
2065	573	3752
2066	573	3753
2067	573	3754
2068	573	3755
2069	573	3756
2070	573	3757
2071	573	3758
2072	573	3759
2073	573	3760
2074	573	3761
2075	573	3762
2076	573	3763
2077	573	3764
2078	573	3765
2079	573	3766
2080	573	3767
2081	573	3768
2082	573	3769
2083	573	3770
2084	573	3771
2085	573	3772
2086	573	3773
2087	573	3774
2088	573	3775
2090	474	3777
2091	474	3778
2093	618	3780
2094	672	3781
2095	622	3782
2096	660	3783
2097	673	3784
2098	674	3785
2099	675	3786
2100	582	3787
2101	582	3788
2102	582	3789
2103	676	3790
2104	677	3791
2110	679	3797
2111	680	3798
2112	636	3799
2114	681	3801
2115	682	3802
2116	683	3803
2117	683	3804
2118	683	3805
2119	683	3806
2120	684	3807
2121	685	3808
2123	687	3810
2124	688	3811
2125	689	3812
2126	689	3813
2127	689	3814
2128	689	3815
2129	689	3816
2130	689	3817
2131	689	3818
2132	689	3819
2133	690	3820
2134	692	3821
2135	693	3822
2136	694	3823
2137	695	3824
2138	696	3825
2139	697	3826
2140	698	3827
2141	699	3828
2142	700	3829
2143	702	3830
2144	703	3831
2145	704	3832
2146	705	3833
2147	637	3834
2148	707	3835
2149	709	3836
2150	708	3837
2151	710	3838
2153	712	3840
2154	713	3841
2156	714	3843
2157	715	3844
2158	716	3845
2159	691	3846
2160	462	3847
2161	462	3848
2162	462	3849
2163	462	3850
2164	462	3851
2165	462	3852
2166	462	3853
2167	718	3854
2168	719	3855
2169	719	3856
2170	720	3857
2171	721	3858
2172	723	3859
2173	724	3860
2174	582	3861
2175	582	3862
2176	725	3863
2177	726	3864
2179	728	3866
2180	729	3867
2181	730	3868
2182	731	3869
2183	731	3870
2184	731	3871
2185	732	3872
2186	701	3873
2187	722	3874
2188	734	3875
2189	467	3876
2190	735	3877
2191	736	3878
2192	737	3879
2193	738	3880
2195	740	3882
2196	739	3883
2197	739	3884
2198	739	3885
2199	739	3886
2200	739	3887
2201	742	3888
2202	741	3889
2203	743	3890
2204	744	3891
2205	745	3892
2206	746	3893
2207	747	3894
2208	700	3895
2209	700	3896
2210	700	3897
2211	700	3898
2212	700	3899
2213	700	3900
2214	700	3901
2215	700	3902
2216	748	3903
2217	749	3904
2218	750	3905
2219	750	3906
2220	750	3907
2221	750	3908
2222	750	3909
2223	750	3910
2224	750	3911
2225	750	3912
2226	750	3913
2227	750	3914
2228	751	3915
2229	700	3916
2230	700	3917
2231	700	3918
2232	700	3919
2233	752	3920
2234	753	3921
2235	754	3922
2236	755	3923
2237	739	3924
2238	757	3925
2239	758	3926
2240	759	3927
2241	760	3928
2242	761	3929
2243	762	3930
2244	763	3931
2245	764	3932
2246	766	3933
2247	756	3934
2248	767	3935
2249	768	3936
2250	771	3937
2251	771	3938
2252	772	3939
2254	774	3941
2255	775	3942
2256	776	3943
2258	778	3945
2259	779	3946
2260	780	3947
2261	781	3948
2262	782	3949
2263	783	3950
2264	784	3951
2265	785	3952
2266	786	3953
2267	787	3954
2269	795	3956
2270	796	3957
2271	797	3958
2272	806	3959
2273	807	3960
2274	808	3961
2275	809	3962
2276	810	3963
2277	811	3964
2278	811	3965
2279	811	3966
2280	811	3967
2281	811	3968
2282	811	3969
2283	812	3970
2284	811	3971
2285	811	3972
2286	811	3973
2287	811	3974
2288	811	3975
2289	811	3976
2290	811	3977
2291	811	3978
2292	811	3979
2293	813	3980
2294	814	3981
2295	815	3982
2296	816	3983
2297	817	3984
2298	818	3985
2299	10281	3986
2300	819	3987
2301	820	3988
2302	821	3989
2303	769	3990
2304	770	3991
2305	822	3992
2306	823	3993
2307	824	3994
2308	825	3995
2309	826	3996
2313	828	4000
2314	829	4001
2315	830	4002
2316	831	4003
2317	832	4004
2318	833	4005
2319	834	4006
2320	836	4007
2324	840	4011
2325	811	4012
2326	841	4013
2327	582	4014
2328	582	4015
2329	582	4016
2331	843	4018
2332	844	4019
2333	845	4020
2334	845	4021
2335	845	4022
2336	845	4023
2337	845	4024
2338	845	4025
2339	845	4026
2340	845	4027
2341	845	4028
2342	845	4029
2343	845	4030
2344	845	4031
2345	848	4032
2346	849	4033
2347	850	4034
2348	851	4035
2349	852	4036
2350	853	4037
2351	854	4038
2352	855	4039
2353	856	4040
2354	857	4041
2355	859	4042
2356	861	4043
2357	862	4044
2358	863	4045
2359	864	4046
2360	467	4047
2361	865	4048
2362	866	4049
2363	867	4050
2364	582	4051
2365	582	4052
2366	868	4053
2367	878	4054
2368	880	4055
2369	881	4056
2370	882	4057
2371	883	4058
2372	884	4059
2373	885	4060
2374	886	4061
2375	887	4062
2376	888	4063
2377	889	4064
2378	905	4065
2379	891	4066
2380	892	4067
2381	893	4068
2382	894	4069
2383	895	4070
2384	896	4071
2385	898	4072
2387	900	4074
2388	901	4075
2389	903	4076
2390	904	4077
2391	904	4078
2392	904	4079
2393	904	4080
2394	904	4081
2395	904	4082
2396	921	4083
2397	482	4084
2399	467	4086
2400	922	4087
2401	923	4088
2402	925	4089
2403	926	4090
2404	927	4091
2405	928	4092
2406	472	4093
2407	572	4094
2440	930	4127
2441	931	4128
2442	932	4129
2444	933	4131
2445	6224	4132
2446	934	4133
2447	935	4134
2448	936	4135
2449	937	4136
2450	938	4137
2452	939	4139
2453	922	4140
2454	922	4141
2455	922	4142
2456	940	4143
2457	941	4144
2458	942	4145
2459	943	4146
2460	944	4147
2461	945	4148
2462	946	4149
2468	906	4155
2469	906	4156
2472	947	4159
2473	933	4160
2474	933	4161
2475	948	4162
2476	948	4163
2477	948	4164
2478	949	4165
2479	950	4166
2480	482	4167
2481	952	4168
2482	953	4169
2483	954	4170
2484	960	4171
2485	966	4172
2486	967	4173
2487	968	4174
2488	968	4175
2489	968	4176
2490	969	4177
2491	970	4178
2493	972	4180
2494	973	4181
2495	974	4182
2496	975	4183
2497	976	4184
2498	976	4185
2499	976	4186
2500	977	4187
2501	978	4188
2502	979	4189
2503	980	4190
2504	981	4191
2505	981	4192
2506	981	4193
2507	981	4194
2508	982	4195
2509	983	4196
2510	984	4197
2511	985	4198
2512	985	4199
2513	985	4200
2514	985	4201
2515	985	4202
2516	985	4203
2517	985	4204
2518	985	4205
2519	985	4206
2520	985	4207
2521	985	4208
2522	986	4209
2523	988	4210
2524	989	4211
2525	990	4212
2526	991	4213
2527	992	4214
2528	986	4215
2529	986	4216
2530	986	4217
2531	986	4218
2532	986	4219
2533	986	4220
2534	986	4221
2535	986	4222
2536	994	4223
2537	995	4224
2538	996	4225
2539	997	4226
2540	998	4227
2541	999	4228
2542	1000	4229
2543	1001	4230
2544	1002	4231
2545	1003	4232
2546	1004	4233
2547	467	4234
2548	1005	4235
2549	1006	4236
2550	1007	4237
2551	1008	4238
2552	1009	4239
2553	1010	4240
2554	1011	4241
2555	1012	4242
2556	1015	4243
2557	1013	4244
2558	1016	4245
2559	1017	4246
2560	1018	4247
2561	1019	4248
2562	1019	4249
2563	1019	4250
2564	467	4251
2565	1020	4252
2566	1021	4253
2567	1022	4254
2568	467	4255
2570	1023	4257
2572	536	4259
2573	536	4260
2574	536	4261
2575	536	4262
2576	536	4263
2577	536	4264
2578	536	4265
2580	468	4267
2581	1025	4268
2582	1026	4269
2583	1027	4270
2584	1028	4271
2585	1029	4272
2586	1030	4273
2587	1031	4274
2588	1031	4275
2589	1032	4276
2590	11856	4277
2592	1035	4279
2593	1036	4280
2594	1038	4281
2595	1039	4282
2596	1040	4283
2597	1041	4284
2598	1041	4285
2599	1041	4286
2600	468	4287
2601	1024	4288
2602	1024	4289
2603	1024	4290
2604	1024	4291
2605	1024	4292
2606	1042	4293
2607	1044	4294
2608	1045	4295
2609	1046	4296
2610	1024	4297
2611	1024	4298
2612	1024	4299
2613	469	4300
2614	1024	4301
2615	1024	4302
2616	1047	4303
2617	1024	4304
2618	1024	4305
2619	1024	4306
2620	1048	4307
2621	469	4308
2622	1049	4309
2623	1050	4310
2624	469	4311
2625	1054	4312
2626	1055	4313
2627	1051	4314
2628	1051	4315
2629	1051	4316
2630	1055	4317
2631	1055	4318
2632	1055	4319
2633	1055	4320
2634	1055	4321
2635	1055	4322
2636	1056	4323
2637	1055	4324
2638	1055	4325
2639	1055	4326
2640	1055	4327
2641	1055	4328
2642	1055	4329
2643	1055	4330
2644	1055	4331
2645	1055	4332
2646	1055	4333
2647	1055	4334
2648	1056	4335
2649	1056	4336
2650	1057	4337
2651	1057	4338
2653	1057	4340
2654	1057	4341
2655	1058	4342
2656	1057	4343
2657	1060	4344
2658	1061	4345
2659	1062	4346
2660	1063	4347
2661	1064	4348
2663	1070	4350
2664	1071	4351
2665	1072	4352
2666	1073	4353
2667	1074	4354
2669	1076	4356
2670	1078	4357
2671	1079	4358
2672	1080	4359
2673	1081	4360
2675	1082	4362
2676	1083	4363
2677	1084	4364
2678	1085	4365
2679	1086	4366
2680	1066	4367
2681	1087	4368
2682	1089	4369
2683	1090	4370
2684	1091	4371
2685	1092	4372
2686	845	4373
2687	845	4374
2688	845	4375
2689	845	4376
2690	845	4377
2691	845	4378
2692	845	4379
2693	845	4380
2694	845	4381
2695	845	4382
2696	1093	4383
2697	1094	4384
2698	1095	4385
2699	1096	4386
2700	1097	4387
2701	1098	4388
2702	1099	4389
2703	1100	4390
2704	1101	4391
2705	1103	4392
2706	1105	4393
2707	1991	4394
2709	1107	4396
2710	1108	4397
2711	1109	4398
2712	1110	4399
2713	1111	4400
2714	1112	4401
2715	1113	4402
2716	1114	4403
2717	1115	4404
2718	1116	4405
2719	1117	4406
2720	845	4407
2721	845	4408
2722	1118	4409
2723	1119	4410
2724	1120	4411
2725	1122	4412
2726	1122	4413
2727	1126	4414
2728	1127	4415
2729	1128	4416
2730	3970	4417
2731	1130	4418
2732	1131	4419
2733	1132	4420
2734	1057	4421
2735	1133	4422
2736	1134	4423
2737	1135	4424
2738	1137	4425
2739	1138	4426
2740	1139	4427
2741	1138	4428
2742	1138	4429
2743	1138	4430
2744	1138	4431
2745	1138	4432
2746	1138	4433
2747	1138	4434
2748	1138	4435
2749	1138	4436
2750	1138	4437
2751	1138	4438
2752	1138	4439
2753	1138	4440
2754	1138	4441
2755	1138	4442
2756	1138	4443
2757	1138	4444
2758	1138	4445
2759	1140	4446
2760	1141	4447
2761	1142	4448
2762	1143	4449
2763	1144	4450
2764	1145	4451
2765	1138	4452
2766	1147	4453
2767	1138	4454
2768	1148	4455
2769	1149	4456
2770	1150	4457
2772	1152	4459
2773	1151	4460
2774	1151	4461
2775	1151	4462
2776	1151	4463
2777	1151	4464
2778	1154	4465
2779	1155	4466
2780	1157	4467
2781	1158	4468
2782	1159	4469
2783	1161	4470
2784	1162	4471
2785	1163	4472
2786	1164	4473
2787	1164	4474
2788	1164	4475
2789	1164	4476
2790	1165	4477
2791	1088	4478
2792	1171	4479
2794	1173	4481
2795	1174	4482
2796	1175	4483
2797	1176	4484
2798	1177	4485
2799	1178	4486
2800	1179	4487
2801	1180	4488
2802	1180	4489
2803	1180	4490
2804	1180	4491
2805	6986	4492
2806	6986	4493
2807	1183	4494
2808	1184	4495
2809	1185	4496
2811	1186	4498
2812	1187	4499
2813	6986	4500
2814	1188	4501
2815	1193	4502
2816	1194	4503
2817	1195	4504
2818	1196	4505
2819	1197	4506
2820	472	4507
2822	1198	4509
2823	906	4510
2824	906	4511
2825	906	4512
2826	906	4513
2827	906	4514
2828	906	4515
2829	906	4516
2830	906	4517
2831	906	4518
2832	906	4519
2833	906	4520
2834	906	4521
2835	906	4522
2836	906	4523
2837	906	4524
2838	906	4525
2839	1199	4526
2840	1200	4527
2841	1201	4528
2842	1202	4529
2843	1203	4530
2844	1204	4531
2846	1206	4533
2848	1208	4535
2849	811	4536
2850	1212	4537
2851	1213	4538
2852	1218	4539
2853	1219	4540
2854	1220	4541
2855	1222	4542
2856	1223	4543
2857	1225	4544
2858	1226	4545
2859	1226	4546
2860	1226	4547
2861	467	4548
2862	1227	4549
2863	1228	4550
2864	1224	4551
2865	1224	4552
2866	1224	4553
2867	1229	4554
2869	1231	4556
2871	1232	4558
2872	1233	4559
2873	1234	4560
2874	1235	4561
2875	1236	4562
2876	1237	4563
2877	1238	4564
2878	1239	4565
2879	1240	4566
2880	1241	4567
2881	1242	4568
2882	1243	4569
2883	1244	4570
2884	1246	4571
2885	1247	4572
2886	1249	4573
2887	1250	4574
2888	1252	4575
2889	1253	4576
2890	1254	4577
2891	1255	4578
2892	472	4579
2893	1256	4580
2894	1257	4581
2895	1260	4582
2896	1261	4583
2897	1262	4584
2898	1263	4585
2899	467	4586
2900	1264	4587
2901	467	4588
2902	536	4589
2903	1265	4590
2904	536	4591
2905	469	4592
2906	469	4593
2907	1266	4594
2908	1056	4595
2909	1056	4596
2910	1267	4597
2911	951	4598
2912	951	4599
2913	1268	4600
2914	542	4601
2916	572	4603
2917	1269	4604
2918	1270	4605
2919	1271	4606
2920	1272	4607
2921	1273	4608
2922	1284	4609
2923	1285	4610
2924	1286	4611
2925	1287	4612
2926	1288	4613
2927	1288	4614
2928	1288	4615
2929	1288	4616
2930	1288	4617
2931	1288	4618
2932	811	4619
2933	1289	4620
2934	1290	4621
2935	1291	4622
2936	1292	4623
2937	1293	4624
2938	1294	4625
2939	1296	4626
2940	1295	4627
2941	1295	4628
2942	1295	4629
2943	1295	4630
2944	1295	4631
2945	1297	4632
2946	1297	4633
2947	1297	4634
2948	1295	4635
2949	1295	4636
2950	1295	4637
2951	1295	4638
2952	1295	4639
2953	1295	4640
2954	1295	4641
2955	1295	4642
2956	1295	4643
2957	1295	4644
2958	1298	4645
2959	1299	4646
2960	1295	4647
2961	1295	4648
2962	1295	4649
2963	1295	4650
2964	1295	4651
2965	1304	4652
2966	1305	4653
2967	1306	4654
2968	1307	4655
2969	1308	4656
2971	1310	4658
2972	1295	4659
2973	1311	4660
2974	1312	4661
2975	1313	4662
2976	1314	4663
2977	1315	4664
2978	1316	4665
2980	1318	4667
2982	1297	4669
2983	1297	4670
2984	1319	4671
2985	1320	4672
2986	1321	4673
2987	1322	4674
2988	1329	4675
2989	1330	4676
2990	1330	4677
2991	1330	4678
2992	1330	4679
2993	1331	4680
2994	1331	4681
2995	1331	4682
2996	1331	4683
2997	1332	4684
2998	1333	4685
2999	1334	4686
3000	467	4687
3001	467	4688
3002	1335	4689
3003	1336	4690
3004	1337	4691
3005	1338	4692
3007	1339	4694
3008	1347	4695
3009	1352	4696
3010	1353	4697
3011	1354	4698
3012	1356	4699
3013	1357	4700
3014	1358	4701
3015	1359	4702
3016	1360	4703
3017	1362	4704
3018	1364	4705
3019	1363	4706
3020	1366	4707
3021	1367	4708
3025	1370	4712
3026	1371	4713
3027	1373	4714
3028	1372	4715
3035	1375	4722
3036	1376	4723
3037	1377	4724
3038	1059	4725
3039	1379	4726
3040	1380	4727
3041	1382	4728
3042	1385	4729
3043	1386	4730
3044	6005	4731
3045	6005	4732
3046	6005	4733
3047	6005	4734
3048	6005	4735
3049	1388	4736
3050	1389	4737
3051	1390	4738
3052	1391	4739
3053	1392	4740
3058	1393	4745
3059	1395	4746
3060	1396	4747
3061	1400	4748
3062	1401	4749
3063	1402	4750
3064	1403	4751
3066	1405	4753
3067	1406	4754
3068	1408	4755
3069	1409	4756
3070	1410	4757
3073	1412	4760
3074	1413	4761
3075	1414	4762
3076	1415	4763
3077	1416	4764
3078	1417	4765
3079	1418	4766
3080	1419	4767
3081	1420	4768
3082	1421	4769
3083	1422	4770
3084	1423	4771
3085	1424	4772
3086	467	4773
3087	1425	4774
3088	1426	4775
3089	1427	4776
3090	536	4777
3091	1428	4778
3092	1430	4779
3093	1431	4780
3094	1056	4781
3097	471	4784
3098	1436	4785
3099	1437	4786
3100	1438	4787
3101	1439	4788
3102	1440	4789
3103	1441	4790
3104	1442	4791
3105	1443	4792
3106	1444	4793
3107	1445	4794
3108	1446	4795
3109	1447	4796
3110	1448	4797
3111	1449	4798
3112	1450	4799
3113	1451	4800
3114	1452	4801
3115	1462	4802
3116	1466	4803
3117	1467	4804
3118	1468	4805
3119	1469	4806
3120	1470	4807
3121	1471	4808
3122	1472	4809
3123	1473	4810
3124	1474	4811
3126	1476	4813
3127	1478	4814
3128	1477	4815
3129	1479	4816
3130	1480	4817
3131	1480	4818
3132	1480	4819
3133	1480	4820
3134	1480	4821
3135	1480	4822
3136	1480	4823
3137	1480	4824
3138	1480	4825
3139	1480	4826
3140	1480	4827
3141	1480	4828
3142	1480	4829
3143	1481	4830
3144	1480	4831
3145	1480	4832
3146	1480	4833
3147	1480	4834
3148	1480	4835
3149	1480	4836
3150	1480	4837
3151	1480	4838
3152	1480	4839
3153	1480	4840
3154	1480	4841
3155	1480	4842
3156	1480	4843
3157	1480	4844
3158	1480	4845
3159	1480	4846
3160	1482	4847
3161	1483	4848
3162	1429	4849
3163	1484	4850
3164	1485	4851
3165	1429	4852
3166	1486	4853
3167	1429	4854
3168	1487	4855
3169	1429	4856
3170	1488	4857
3171	1489	4858
3172	1490	4859
3174	1491	4861
3175	1492	4862
3176	1493	4863
3179	1495	4866
3181	1497	4868
3182	1497	4869
3183	1497	4870
3184	1497	4871
3185	1496	4872
3186	1497	4873
3187	1497	4874
3188	1496	4875
3189	1497	4876
3190	1496	4877
3192	1496	4879
3193	1496	4880
3194	1498	4881
3195	1499	4882
3196	1500	4883
3197	1497	4884
3198	1497	4885
3199	1497	4886
3200	1497	4887
3201	1497	4888
3202	467	4889
3203	1502	4890
3204	1503	4891
3205	1477	4892
3206	1477	4893
3207	1477	4894
3208	1504	4895
3209	1477	4896
3210	1477	4897
3211	1501	4898
3212	1506	4899
3214	1507	4901
3215	1508	4902
3216	1509	4903
3217	1511	4904
3218	1512	4905
3219	1510	4906
3220	1513	4907
3221	1514	4908
3222	1517	4909
3223	1518	4910
3224	1519	4911
3225	1520	4912
3226	1516	4913
3227	1522	4914
3228	839	4915
3229	1521	4916
3230	1523	4917
3231	1524	4918
3232	1525	4919
3233	1526	4920
3235	1532	4922
3236	1533	4923
3237	1534	4924
3238	1527	4925
3239	1527	4926
3240	1527	4927
3241	1527	4928
3242	1527	4929
3243	1527	4930
3244	1527	4931
3245	1527	4932
3246	1527	4933
3247	1535	4934
3248	469	4935
3250	1527	4937
3251	1527	4938
3252	1527	4939
3253	1527	4940
3254	1527	4941
3255	1527	4942
3256	1527	4943
3257	1536	4944
3258	1537	4945
3260	1539	4947
3261	10206	4948
3262	10206	4949
3264	1540	4951
3265	1541	4952
3266	468	4953
3267	468	4954
3268	468	4955
3269	1542	4956
3270	1543	4957
3271	1544	4958
3273	1546	4960
3275	1548	4962
3276	1549	4963
3277	1056	4964
3278	1550	4965
3279	1551	4966
3280	1552	4967
3281	1553	4968
3282	1553	4969
3283	1553	4970
3284	1555	4971
3285	1553	4972
3286	1554	4973
3287	1556	4974
3288	1557	4975
3289	956	4976
3291	1561	4978
3292	1562	4979
3293	1563	4980
3294	1564	4981
3295	1565	4982
3296	1565	4983
3297	1565	4984
3298	1565	4985
3299	1566	4986
3300	1567	4987
3301	1567	4988
3302	1567	4989
3303	1547	4990
3304	1568	4991
3305	467	4992
3306	536	4993
3307	1591	4994
3308	1592	4995
3309	1593	4996
3310	1594	4997
3311	1594	4998
3312	1595	4999
3313	1596	5000
3314	1597	5001
3315	1602	5002
3316	1601	5003
3317	1601	5004
3318	1601	5005
3319	1603	5006
3320	1604	5007
3322	1605	5009
3323	1606	5010
3324	1606	5011
3325	1606	5012
3326	1606	5013
3327	1607	5014
3328	1608	5015
3329	1505	5016
3332	1609	5019
3333	1609	5020
3334	1609	5021
3335	1609	5022
3336	1609	5023
3337	1610	5024
3338	1611	5025
3339	1612	5026
3340	1613	5027
3341	1614	5028
3344	1615	5031
3346	1616	5033
3347	1617	5034
3349	1618	5036
3350	1621	5037
3351	1621	5038
3352	1621	5039
3353	1621	5040
3354	658	5041
3355	1622	5042
3356	1623	5043
3357	1624	5044
3358	1624	5045
3359	1624	5046
3360	1625	5047
3361	1626	5048
3362	1627	5049
3363	1515	5050
3365	1633	5052
3366	1634	5053
3368	457	5055
3369	457	5056
3371	1638	5058
3372	482	5059
3373	1639	5060
3374	1639	5061
3375	1639	5062
3376	475	5063
3377	1642	5064
3378	1643	5065
3379	1644	5066
3381	1646	5068
3382	1647	5069
3384	1651	5071
3386	1654	5073
3387	1657	5074
3388	1657	5075
3390	1665	5077
3391	1666	5078
3392	1669	5079
3393	1670	5080
3394	1671	5081
3395	1672	5082
3396	1672	5083
3397	1673	5084
3398	1674	5085
3399	1676	5086
3400	1677	5087
3401	1679	5088
3402	1680	5089
3403	1682	5090
3404	1683	5091
3406	1686	5093
3407	452	5094
3408	452	5095
3409	452	5096
3410	452	5097
3411	452	5098
3412	452	5099
3413	452	5100
3414	452	5101
3415	452	5102
3417	452	5104
3418	452	5105
3419	452	5106
3420	474	5107
3421	452	5108
3422	452	5109
3423	452	5110
3424	452	5111
3425	452	5112
3426	1691	5113
3427	1691	5114
3428	1691	5115
3429	1691	5116
3430	1691	5117
3431	1709	5118
3432	1709	5119
3433	1709	5120
3434	1709	5121
3435	1709	5122
3436	1709	5123
3437	1709	5124
3438	1709	5125
3439	1275	5126
3440	1711	5127
3441	1712	5128
3442	1727	5129
3443	1713	5130
3444	1728	5131
3445	452	5132
3446	1729	5133
3447	1730	5134
3448	1731	5135
3449	452	5136
3450	452	5137
3451	452	5138
3452	452	5139
3453	1732	5140
3454	1714	5141
3455	1715	5142
3456	1716	5143
3457	1733	5144
3458	475	5145
3459	1734	5146
3461	1736	5148
3462	1736	5149
3463	1736	5150
3464	1736	5151
3465	1738	5152
3466	1717	5153
3467	1718	5154
3468	1719	5155
3469	1739	5156
3470	1741	5157
3471	1742	5158
3472	1740	5159
3473	1743	5160
3474	1720	5161
3475	1721	5162
3476	1722	5163
3478	1745	5165
3479	1746	5166
3480	1747	5167
3481	475	5168
3482	1749	5169
3483	1750	5170
3484	1723	5171
3485	1724	5172
3486	1725	5173
3487	1726	5174
3488	1751	5175
3489	1752	5176
3490	1753	5177
3491	452	5178
3492	1755	5179
3493	1755	5180
3494	460	5181
3495	460	5182
3496	1756	5183
3497	1757	5184
3498	452	5185
3499	452	5186
3500	452	5187
3501	1758	5188
3502	1758	5189
3503	452	5190
3504	465	5191
3505	464	5192
3508	452	5195
3509	1761	5196
3510	1761	5197
3511	452	5198
3512	452	5199
3513	452	5200
3514	1650	5201
3515	1767	5202
3516	1775	5203
3517	1769	5204
3518	1770	5205
3519	1771	5206
3520	1772	5207
3521	1773	5208
3522	1774	5209
3523	1776	5210
3524	1777	5211
3527	1778	5214
3528	1778	5215
3529	1778	5216
3530	452	5217
3531	1780	5218
3532	1783	5219
3533	1784	5220
3534	1785	5221
3535	1786	5222
3536	1787	5223
3537	1788	5224
3538	597	5225
3539	597	5226
3540	597	5227
3541	597	5228
3542	597	5229
3543	1789	5230
3544	1790	5231
3545	1791	5232
3546	597	5233
3547	597	5234
3548	1792	5235
3549	597	5236
3550	452	5237
3551	452	5238
3552	452	5239
3553	1793	5240
3554	597	5241
3555	597	5242
3556	1794	5243
3557	1795	5244
3558	1796	5245
3560	5441	5247
3561	5441	5248
3562	5441	5249
3563	1798	5250
3564	5441	5251
3565	5441	5252
3566	452	5253
3567	452	5254
3568	452	5255
3569	1795	5256
3570	9727	5257
3571	465	5258
3572	9727	5259
3573	9727	5260
3574	9727	5261
3575	9727	5262
3576	9727	5263
3577	460	5264
3578	1801	5265
3579	1802	5266
3580	1803	5267
3581	1804	5268
3582	1805	5269
3583	1799	5270
3584	1806	5271
3586	464	5273
3587	1808	5274
3591	1810	5278
3592	1810	5279
3593	1810	5280
3594	1810	5281
3595	1810	5282
3596	1810	5283
3597	1810	5284
3598	1810	5285
3599	1810	5286
3600	1809	5287
3601	1809	5288
3602	1809	5289
3606	1811	5293
3607	1811	5294
3608	1811	5295
3609	1812	5296
3610	1813	5297
3611	1814	5298
3612	1815	5299
3613	1816	5300
3614	1817	5301
3615	1818	5302
3616	10251	5303
3617	1820	5304
3618	1821	5305
3619	1822	5306
3620	1824	5307
3621	1823	5308
3622	1826	5309
3623	1825	5310
3625	1827	5312
3627	1830	5314
3628	1831	5315
3629	1832	5316
3630	1833	5317
3631	1834	5318
3632	1834	5319
3633	1834	5320
3634	1834	5321
3635	1834	5322
3636	1835	5323
3637	452	5324
3638	1836	5325
3639	1839	5326
3640	1843	5327
3641	1844	5328
3644	1840	5331
3645	1845	5332
3646	1841	5333
3647	1842	5334
3648	1846	5335
3649	1847	5336
3650	1848	5337
3652	475	5339
3653	1689	5340
3654	1851	5341
3655	460	5342
3656	452	5343
3657	1851	5344
3658	1851	5345
3659	460	5346
3660	452	5347
3661	452	5348
3664	542	5351
3665	1706	5352
3666	1703	5353
3667	475	5354
3668	452	5355
3669	1867	5356
3670	1868	5357
3672	1870	5359
3673	1871	5360
3674	460	5361
3675	1872	5362
3676	1873	5363
3678	1869	5365
3679	663	5366
3680	1877	5367
3681	1865	5368
3684	1862	5371
3685	1861	5372
3686	1879	5373
3687	2696	5374
3688	1859	5375
3689	1880	5376
3690	1766	5377
3691	528	5378
3692	528	5379
3693	528	5380
3694	528	5381
3695	528	5382
3696	528	5383
3697	452	5384
3698	1881	5385
3699	1882	5386
3700	1883	5387
3701	1884	5388
3703	1886	5390
3704	1694	5391
3705	1858	5392
3706	1855	5393
3707	1856	5394
3708	4565	5395
3709	1854	5396
3710	1853	5397
3711	1885	5398
3712	1885	5399
3713	1891	5400
3714	1885	5401
3716	1892	5403
3718	1893	5405
3719	1893	5406
3720	1893	5407
3721	1893	5408
3722	1894	5409
3723	473	5410
3726	1895	5413
3727	518	5414
3728	528	5415
3729	528	5416
3730	528	5417
3731	528	5418
3732	528	5419
3733	528	5420
3734	518	5421
3735	481	5422
3736	481	5423
3738	481	5425
3739	481	5426
3740	1896	5427
3741	1897	5428
3742	1898	5429
3743	1899	5430
3744	1900	5431
3745	1901	5432
3747	1903	5434
3748	1904	5435
3749	1905	5436
3750	1906	5437
3751	1907	5438
3752	1908	5439
3754	1911	5441
3755	1912	5442
3756	1913	5443
3757	1914	5444
3758	1919	5445
3760	1919	5447
3761	1919	5448
3762	1919	5449
3764	1922	5451
3765	1922	5452
3766	1922	5453
3767	1922	5454
3768	1922	5455
3769	1922	5456
3770	1924	5457
3771	1925	5458
3772	518	5459
3773	1928	5460
3774	1929	5461
3775	1930	5462
3776	1932	5463
3777	1931	5464
3778	1935	5465
3779	1934	5466
3780	1936	5467
3781	1937	5468
3782	1938	5469
3783	473	5470
3784	473	5471
3785	1940	5472
3786	1941	5473
3787	1942	5474
3788	1944	5475
3789	1945	5476
3790	1945	5477
3791	1945	5478
3792	1945	5479
3793	1946	5480
3794	1948	5481
3795	1949	5482
3796	1950	5483
3797	1951	5484
3798	1951	5485
3799	1951	5486
3800	1951	5487
3801	1951	5488
3802	1951	5489
3804	1953	5491
3805	1954	5492
3806	1954	5493
3807	473	5494
3808	473	5495
3809	473	5496
3810	473	5497
3811	499	5498
3812	499	5499
3813	499	5500
3814	1955	5501
3815	1956	5502
3816	1957	5503
3817	1958	5504
3818	1959	5505
3819	1960	5506
3820	1961	5507
3821	1962	5508
3822	1963	5509
3823	1964	5510
3824	1965	5511
3825	1966	5512
3826	1967	5513
3827	1968	5514
3828	1969	5515
3829	1970	5516
3830	1971	5517
3831	1972	5518
3832	1973	5519
3833	1974	5520
3834	1975	5521
3835	1976	5522
3836	1977	5523
3837	1978	5524
3838	1979	5525
3839	1979	5526
3840	1979	5527
3841	1979	5528
3842	1979	5529
3843	1979	5530
3844	1979	5531
3845	1980	5532
3846	1982	5533
3851	1983	5538
3852	1979	5539
3853	1979	5540
3854	1979	5541
3855	1979	5542
3856	1979	5543
3857	1979	5544
3858	1979	5545
3859	1979	5546
3860	1984	5547
3861	1496	5548
3862	1496	5549
3863	1496	5550
3864	1496	5551
3865	1496	5552
3866	1496	5553
3867	1496	5554
3868	1496	5555
3869	1496	5556
3870	1496	5557
3871	1496	5558
3872	1496	5559
3873	1496	5560
3874	1496	5561
3875	1496	5562
3876	1496	5563
3877	1986	5564
3878	478	5565
3879	478	5566
3880	1987	5567
3881	1987	5568
3882	1979	5569
3884	1496	5571
3885	480	5572
3886	480	5573
3887	1496	5574
3888	1979	5575
3889	1496	5576
3890	1496	5577
3893	1990	5580
3894	1991	5581
3895	1993	5582
3896	1994	5583
3897	1995	5584
3898	1996	5585
3899	1999	5586
3900	1999	5587
3901	1999	5588
3902	1999	5589
3904	2001	5591
3905	2000	5592
3907	625	5594
3909	717	5596
3910	788	5597
3911	790	5598
3912	791	5599
3913	793	5600
3914	794	5601
3915	800	5602
3916	801	5603
3917	802	5604
3919	804	5606
3920	805	5607
3921	860	5608
3922	869	5609
3923	870	5610
3924	871	5611
3925	872	5612
3926	874	5613
3927	875	5614
3928	876	5615
3929	879	5616
3930	897	5617
3931	955	5618
3932	958	5619
3933	962	5620
3934	963	5621
3935	964	5622
3936	965	5623
3937	1069	5624
3938	1136	5625
3939	1153	5626
3940	1156	5627
3941	1160	5628
3942	1167	5629
3943	1170	5630
3944	1191	5631
3945	1192	5632
3946	1209	5633
3947	1211	5634
3948	1214	5635
3949	1216	5636
3950	1245	5637
3951	1248	5638
3952	1251	5639
3953	1258	5640
3954	1259	5641
3955	1274	5642
3956	1276	5643
3957	1277	5644
3958	1278	5645
3959	1281	5646
3960	1282	5647
3961	1283	5648
3962	1302	5649
3963	1324	5650
3964	1325	5651
3965	1326	5652
3966	1327	5653
3967	1342	5654
3968	1344	5655
3969	1346	5656
3970	1349	5657
3971	1350	5658
3972	1365	5659
3973	1384	5660
3974	1387	5661
3975	1433	5662
3976	1434	5663
3977	1453	5664
3978	1454	5665
3979	1455	5666
3980	1456	5667
3981	1457	5668
3982	1458	5669
3983	1459	5670
3984	1460	5671
3985	1464	5672
3986	1465	5673
3987	1528	5674
3988	1531	5675
3989	1570	5676
3990	1571	5677
3991	1574	5678
3992	1576	5679
3993	1578	5680
3994	1579	5681
3995	1581	5682
3996	1582	5683
3997	1587	5684
3998	1588	5685
3999	1589	5686
4000	1590	5687
4001	1629	5688
4002	1632	5689
4003	1640	5690
4004	1641	5691
4005	6952	5692
4006	1656	5693
4007	1659	5694
4008	1660	5695
4009	1661	5696
4010	1662	5697
4011	1664	5698
4012	1667	5699
4013	1668	5700
4014	1675	5701
4015	1681	5702
4016	1685	5703
4017	1688	5704
4018	1690	5705
4019	1692	5706
4020	1693	5707
4021	1696	5708
4022	1697	5709
4023	1698	5710
4025	1700	5712
4026	1701	5713
4027	1702	5714
4028	1704	5715
4029	1705	5716
4030	1710	5717
4031	1737	5718
4032	1744	5719
4035	1762	5722
4036	1764	5723
4037	1765	5724
4038	1857	5725
4039	1866	5726
4040	1887	5727
4041	1888	5728
4042	1889	5729
4043	1915	5730
4044	1916	5731
4045	1917	5732
4046	1918	5733
4047	1933	5734
4048	1943	5735
4049	2003	5736
4051	2004	5738
4052	2006	5739
4053	2005	5740
4054	2005	5741
4055	2007	5742
4056	2008	5743
4058	2009	5745
4059	2011	5746
4060	2012	5747
4061	478	5748
4062	2013	5749
4063	2014	5750
4064	2015	5751
4065	528	5752
4066	528	5753
4068	481	5755
4069	478	5756
4070	528	5757
4071	528	5758
4073	450	5760
4074	2017	5761
4075	2026	5762
4077	2019	5764
4078	2020	5765
4079	2021	5766
4081	2023	5768
4082	2024	5769
4083	2025	5770
4084	2027	5771
4085	2028	5772
4086	2029	5773
4089	2029	5776
4090	2029	5777
4092	2030	5779
4093	2031	5780
4094	2032	5781
4095	2033	5782
4096	2034	5783
4097	2016	5784
4098	2016	5785
4099	2016	5786
4100	2035	5787
4101	2036	5788
4102	2038	5789
4103	2039	5790
4104	2040	5791
4105	2041	5792
4106	2042	5793
4107	2043	5794
4108	2044	5795
4109	2045	5796
4110	2054	5797
4112	2052	5799
4113	2051	5800
4114	2050	5801
4115	2049	5802
4116	2048	5803
4117	2047	5804
4118	2046	5805
4119	2055	5806
4120	2056	5807
4121	481	5808
4122	481	5809
4123	2057	5810
4124	2058	5811
4125	2059	5812
4126	480	5813
4127	2060	5814
4128	2061	5815
4129	2062	5816
4130	2063	5817
4131	2065	5818
4133	2066	5820
4136	2068	5823
4137	2067	5824
4138	2069	5825
4139	2070	5826
4140	2071	5827
4141	2072	5828
4142	2075	5829
4143	2073	5830
4144	2074	5831
4145	2076	5832
4146	2078	5833
4147	2079	5834
4148	2077	5835
4149	2080	5836
4150	2081	5837
4151	2085	5838
4152	2084	5839
4153	2083	5840
4154	2082	5841
4155	528	5842
4158	528	5845
4159	2086	5846
4160	498	5847
4163	2093	5850
4165	2103	5852
4166	2101	5853
4167	2100	5854
4169	2098	5856
4170	2097	5857
4171	2096	5858
4172	2095	5859
4173	2094	5860
4174	2092	5861
4175	2091	5862
4176	2090	5863
4177	2089	5864
4178	2105	5865
4179	2106	5866
4180	2107	5867
4181	460	5868
4182	2108	5869
4183	2109	5870
4184	498	5871
4185	498	5872
4186	2110	5873
4187	2111	5874
4188	477	5875
4189	477	5876
4190	2112	5877
4191	476	5878
4192	476	5879
4193	476	5880
4194	449	5881
4195	2113	5882
4196	2114	5883
4197	2115	5884
4198	449	5885
4199	449	5886
4200	2116	5887
4201	2117	5888
4202	2118	5889
4203	2119	5890
4204	2120	5891
4205	2121	5892
4206	2122	5893
4207	2123	5894
4208	2124	5895
4209	2125	5896
4210	2126	5897
4211	2127	5898
4212	1404	5899
4213	2145	5900
4214	2144	5901
4215	2146	5902
4216	2143	5903
4217	2146	5904
4218	2146	5905
4219	2142	5906
4220	2141	5907
4221	2140	5908
4222	2139	5909
4223	2138	5910
4224	2137	5911
4225	2136	5912
4226	2135	5913
4227	2134	5914
4228	2133	5915
4229	2132	5916
4230	2131	5917
4231	2130	5918
4232	2129	5919
4233	2128	5920
4234	2147	5921
4235	2148	5922
4236	2149	5923
4237	2696	5924
4238	2151	5925
4239	2152	5926
4240	902	5927
4241	2153	5928
4242	2154	5929
4243	2155	5930
4244	2156	5931
4245	2157	5932
4246	2158	5933
4247	2160	5934
4248	2161	5935
4249	2162	5936
4250	2163	5937
4254	2164	5941
4255	2165	5942
4256	2166	5943
4257	2167	5944
4258	1355	5945
4259	2168	5946
4262	2171	5949
4263	542	5950
4264	2172	5951
4265	2170	5952
4266	2170	5953
4267	2173	5954
4268	2175	5955
4269	2174	5956
4270	2176	5957
4271	1361	5958
4272	474	5959
4273	2177	5960
4274	2178	5961
4275	2179	5962
4276	1381	5963
4277	2180	5964
4278	2181	5965
4279	2182	5966
4280	2183	5967
4281	472	5968
4284	1572	5971
4285	2184	5972
4286	2186	5973
4287	2187	5974
4288	2189	5975
4289	2189	5976
4290	2189	5977
4291	2190	5978
4292	2192	5979
4293	2193	5980
4294	2194	5981
4295	2195	5982
4296	2196	5983
4297	2197	5984
4298	2198	5985
4299	2199	5986
4300	2200	5987
4301	2201	5988
4302	2202	5989
4303	2203	5990
4304	2204	5991
4305	452	5992
4306	2205	5993
4307	2206	5994
4308	2207	5995
4309	2208	5996
4310	2209	5997
4311	2210	5998
4312	2212	5999
4313	2213	6000
4314	2214	6001
4315	2215	6002
4316	2216	6003
4317	475	6004
4318	2217	6005
4319	2218	6006
4320	2219	6007
4322	542	6009
4323	2220	6010
4324	2221	6011
4326	2222	6013
4328	1695	6015
4329	2223	6016
4330	2224	6017
4331	2225	6018
4332	2226	6019
4333	2227	6020
4334	2228	6021
4335	2229	6022
4337	2231	6024
4338	2232	6025
4339	2233	6026
4340	2234	6027
4341	2235	6028
4342	2236	6029
4343	2237	6030
4344	2238	6031
4345	2239	6032
4346	2240	6033
4347	2241	6034
4349	2242	6036
4350	2243	6037
4351	1707	6038
4352	1708	6039
4353	2244	6040
4354	2245	6041
4355	2246	6042
4356	2247	6043
4357	1763	6044
4358	2248	6045
4359	2249	6046
4360	2250	6047
4361	2251	6048
4362	1768	6049
4363	2252	6050
4364	2253	6051
4365	2254	6052
4366	2255	6053
4367	2256	6054
4368	2257	6055
4369	2258	6056
4370	2259	6057
4371	2260	6058
4372	2261	6059
4373	2262	6060
4375	2264	6062
4376	2265	6063
4377	2266	6064
4378	2267	6065
4379	2268	6066
4380	2269	6067
4381	2270	6068
4382	2270	6069
4383	2270	6070
4384	2270	6071
4385	11565	6072
4387	2270	6074
4388	2270	6075
4389	2270	6076
4390	2270	6077
4391	2270	6078
4392	2270	6079
4393	2270	6080
4394	2270	6081
4395	2270	6082
4397	2272	6084
4398	2273	6085
4399	2274	6086
4400	2275	6087
4401	2270	6088
4402	2279	6089
4403	2280	6090
4406	523	6093
4408	2329	6095
4409	2330	6096
4410	2331	6097
4411	2332	6098
4412	2333	6099
4413	2334	6100
4414	2335	6101
4415	2336	6102
4416	2337	6103
4417	2338	6104
4418	509	6105
4419	509	6106
4420	509	6107
4421	2339	6108
4422	536	6109
4423	2340	6110
4424	2341	6111
4425	2283	6112
4426	2342	6113
4427	2342	6114
4428	2342	6115
4430	2342	6117
4431	2342	6118
4432	2343	6119
4433	2344	6120
4434	2345	6121
4435	2346	6122
4436	2347	6123
4437	2348	6124
4438	2349	6125
4439	2350	6126
4440	2351	6127
4442	2353	6129
4443	2354	6130
4444	2355	6131
4445	2356	6132
4446	2357	6133
4448	2358	6135
4449	2359	6136
4450	2360	6137
4451	2361	6138
4452	2362	6139
4453	2363	6140
4454	2364	6141
4455	2365	6142
4456	2366	6143
4457	655	6144
4458	2367	6145
4459	2368	6146
4460	2369	6147
4461	2370	6148
4462	2371	6149
4463	2372	6150
4465	2374	6152
4466	2375	6153
4467	2377	6154
4468	2378	6155
4470	517	6157
4471	2380	6158
4472	2376	6159
4473	483	6160
4474	2382	6161
4475	2383	6162
4476	2384	6163
4477	2385	6164
4478	2386	6165
4479	2388	6166
4480	1120	6167
4481	2390	6168
4482	2391	6169
4483	2392	6170
4485	2394	6172
4486	562	6173
4487	562	6174
4488	562	6175
4489	562	6176
4490	2396	6177
4491	517	6178
4492	2397	6179
4493	12381	6180
4494	2399	6181
4495	2401	6182
4496	2403	6183
4497	2402	6184
4498	2404	6185
4499	2406	6186
4500	2406	6187
4501	2406	6188
4502	2406	6189
4504	2405	6191
4505	2407	6192
4506	2410	6193
4507	2411	6194
4508	2412	6195
4509	2412	6196
4510	2412	6197
4511	2412	6198
4512	2400	6199
4513	2413	6200
4514	2414	6201
4515	2415	6202
4516	2416	6203
4517	2417	6204
4518	2418	6205
4519	2419	6206
4520	2420	6207
4521	2420	6208
4522	2420	6209
4523	2420	6210
4524	2420	6211
4525	2420	6212
4526	2420	6213
4527	2420	6214
4528	2420	6215
4529	2420	6216
4530	2420	6217
4531	2420	6218
4532	2420	6219
4533	2420	6220
4534	2420	6221
4535	2421	6222
4536	2422	6223
4537	2423	6224
4538	2424	6225
4540	2425	6227
4541	2427	6228
4542	2428	6229
4543	2429	6230
4544	2443	6231
4545	2442	6232
4546	2441	6233
4547	2440	6234
4549	2438	6236
4550	2437	6237
4551	2436	6238
4552	2435	6239
4553	2434	6240
4554	2433	6241
4555	2432	6242
4556	2431	6243
4557	2430	6244
4558	2444	6245
4559	2445	6246
4560	2629	6247
4561	2446	6248
4562	2447	6249
4563	476	6250
4564	2449	6251
4565	10250	6252
4566	10250	6253
4567	476	6254
4568	2464	6255
4569	2464	6256
4570	2464	6257
4571	2464	6258
4572	2464	6259
4573	2464	6260
4574	2450	6261
4575	2451	6262
4576	2455	6263
4577	2452	6264
4578	2453	6265
4579	2454	6266
4580	2456	6267
4581	2408	6268
4582	2408	6269
4583	2457	6270
4584	2458	6271
4585	2459	6272
4586	2460	6273
4587	2461	6274
4588	2462	6275
4589	2463	6276
4590	2465	6277
4591	2466	6278
4592	2468	6279
4593	2467	6280
4594	2469	6281
4595	2470	6282
4596	2476	6283
4600	2474	6287
4602	2477	6289
4603	2478	6290
4604	2479	6291
4605	2480	6292
4606	2481	6293
4607	2482	6294
4608	517	6295
4609	2484	6296
4610	517	6297
4620	2486	6307
4621	2485	6308
4622	2487	6309
4624	2490	6311
4625	2491	6312
4626	2489	6313
4627	2492	6314
4628	2493	6315
4629	2495	6316
4630	2494	6317
4631	2496	6318
4632	2497	6319
4633	2498	6320
4634	2499	6321
4635	2499	6322
4636	2499	6323
4637	2500	6324
4638	2501	6325
4639	2502	6326
4640	2503	6327
4641	2504	6328
4642	2505	6329
4643	2506	6330
4644	2524	6331
4645	2523	6332
4646	2522	6333
4648	2520	6335
4649	2519	6336
4650	2518	6337
4651	2517	6338
4652	2516	6339
4653	2515	6340
4655	2513	6342
4656	2512	6343
4657	2511	6344
4658	2510	6345
4659	2509	6346
4660	2508	6347
4661	2507	6348
4662	2525	6349
4663	2526	6350
4664	2527	6351
4665	2528	6352
4666	2529	6353
4667	2529	6354
4668	2530	6355
4669	476	6356
4670	2531	6357
4671	2500	6358
4672	2533	6359
4673	2532	6360
4674	2534	6361
4677	2535	6364
4682	2537	6369
4683	2538	6370
4684	2540	6371
4685	2539	6372
4687	2542	6374
4688	2543	6375
4689	2544	6376
4690	2545	6377
4691	2546	6378
4692	2547	6379
4693	2548	6380
4694	2549	6381
4695	2550	6382
4696	2551	6383
4697	2552	6384
4698	2558	6385
4699	2558	6386
4700	2558	6387
4701	2559	6388
4702	2560	6389
4703	2561	6390
4704	2562	6391
4705	2563	6392
4706	2564	6393
4707	2565	6394
4708	2566	6395
4709	2567	6396
4710	2568	6397
4711	2569	6398
4712	2570	6399
4713	2571	6400
4714	2572	6401
4715	2573	6402
4716	2574	6403
4717	2575	6404
4718	2576	6405
4719	2577	6406
4720	2578	6407
4721	2579	6408
4722	2581	6409
4723	2580	6410
4724	2582	6411
4726	2584	6413
4727	2585	6414
4729	2587	6416
4730	2588	6417
4731	2544	6418
4732	2544	6419
4733	2544	6420
4734	2544	6421
4735	2544	6422
4736	2589	6423
4737	2591	6424
4738	2590	6425
4739	2592	6426
4740	2590	6427
4741	2593	6428
4742	2590	6429
4743	2594	6430
4746	2596	6433
4747	2597	6434
4750	442	6437
4751	2598	6438
4752	2599	6439
4753	2599	6440
4756	2602	6443
4757	2603	6444
4758	2604	6445
4759	2605	6446
4760	2606	6447
4761	2607	6448
4763	2373	6450
4764	2615	6451
4765	2616	6452
4766	2617	6453
4768	2619	6455
4769	2619	6456
4770	2619	6457
4771	2619	6458
4773	2620	6460
4774	2620	6461
4775	2621	6462
4776	2622	6463
4777	2623	6464
4778	2624	6465
4779	2626	6466
4780	2627	6467
4781	2625	6468
4782	2628	6469
4783	477	6470
4784	2630	6471
4785	2632	6472
4786	2631	6473
4787	2633	6474
4788	477	6475
4789	477	6476
4790	2634	6477
4791	2635	6478
4792	2636	6479
4793	477	6480
4794	2637	6481
4795	2638	6482
4796	477	6483
4797	2639	6484
4798	477	6485
4799	2640	6486
4800	2641	6487
4801	477	6488
4802	2643	6489
4803	2642	6490
4804	2642	6491
4805	2642	6492
4806	2642	6493
4807	2408	6494
4808	2409	6495
4809	2409	6496
4811	2645	6498
4812	2647	6499
4813	2648	6500
4815	2650	6502
4819	2651	6506
4820	2652	6507
4821	2652	6508
4822	2652	6509
4823	2652	6510
4824	2652	6511
4825	2652	6512
4826	2652	6513
4827	2652	6514
4828	2652	6515
4829	2653	6516
4830	2654	6517
4831	2618	6518
4832	2618	6519
4833	2618	6520
4834	2618	6521
4836	2618	6523
4837	2618	6524
4838	2656	6525
4839	2657	6526
4840	2658	6527
4841	2659	6528
4842	2659	6529
4843	2659	6530
4844	2659	6531
4845	2659	6532
4846	2659	6533
4847	2659	6534
4848	2659	6535
4849	2659	6536
4850	2659	6537
4851	2659	6538
4852	2659	6539
4853	2660	6540
4855	2661	6542
4856	2661	6543
4857	2661	6544
4858	2661	6545
4859	2661	6546
4860	2662	6547
4861	2663	6548
4862	2664	6549
4863	2665	6550
4864	2666	6551
4865	2667	6552
4866	2668	6553
4867	2669	6554
4868	2670	6555
4869	2671	6556
4871	2673	6558
4872	2674	6559
4873	2674	6560
4874	2675	6561
4875	2676	6562
4876	2677	6563
4877	2678	6564
4878	2678	6565
4879	2678	6566
4880	2678	6567
4881	2678	6568
4882	2678	6569
4883	2679	6570
4886	12805	6573
4887	2678	6574
4889	2678	6576
4890	2678	6577
4891	2678	6578
4892	2678	6579
4893	2678	6580
4894	2608	6581
4895	2609	6582
4897	2611	6584
4898	2612	6585
4899	2613	6586
4900	2614	6587
4901	2681	6588
4902	2683	6589
4903	2684	6590
4904	2685	6591
4905	2686	6592
4906	2687	6593
4907	2688	6594
4908	2689	6595
4909	2690	6596
4910	2691	6597
4911	2692	6598
4912	2693	6599
4913	2694	6600
4914	2695	6601
4915	2696	6602
4916	2696	6603
4917	2696	6604
4918	2697	6605
4919	2693	6606
4921	2693	6608
4922	2693	6609
4923	2693	6610
4924	2693	6611
4925	2693	6612
4926	2693	6613
4927	2693	6614
4928	2692	6615
4929	2692	6616
4930	2692	6617
4931	2692	6618
4932	2698	6619
4933	2702	6620
4934	627	6621
4935	2703	6622
4936	2704	6623
4937	2705	6624
4938	2707	6625
4940	2709	6627
4941	2710	6628
4942	2711	6629
4943	2712	6630
4944	2713	6631
4945	2714	6632
4946	2715	6633
4947	2716	6634
4948	2717	6635
4949	2718	6636
4951	2721	6638
4952	2722	6639
4953	2723	6640
4954	2724	6641
4955	2725	6642
4956	2726	6643
4957	2727	6644
4958	2728	6645
4959	2729	6646
4960	2729	6647
4961	2730	6648
4962	2731	6649
4963	2732	6650
4964	2733	6651
4965	2734	6652
4966	2735	6653
4967	2736	6654
4968	2737	6655
4969	2739	6656
4970	2740	6657
4971	2738	6658
4972	2741	6659
4973	2742	6660
4974	2743	6661
4975	2744	6662
4976	2745	6663
4977	570	6664
4979	570	6666
4980	570	6667
4981	570	6668
4982	2747	6669
4983	2748	6670
4985	2696	6672
4986	2409	6673
4987	2749	6674
4988	2750	6675
4989	2751	6676
4990	2752	6677
4991	2753	6678
4992	2754	6679
4993	2642	6680
4994	2755	6681
4995	2756	6682
4996	2757	6683
4997	2758	6684
4998	2759	6685
4999	2760	6686
5000	2761	6687
5001	2762	6688
5002	2763	6689
5004	2765	6691
5005	2767	6692
5006	2766	6693
5007	2768	6694
5008	2769	6695
5009	2770	6696
5010	2771	6697
5011	2772	6698
5012	2773	6699
5013	2774	6700
5015	2776	6702
5016	460	6703
5017	2777	6704
5018	2778	6705
5019	2779	6706
5020	2780	6707
5021	2781	6708
5022	2782	6709
5023	2783	6710
5024	2784	6711
5025	2785	6712
5026	2786	6713
5027	2787	6714
5028	2787	6715
5029	2788	6716
5030	10221	6717
5031	10221	6718
5032	10221	6719
5033	10221	6720
5034	10221	6721
5035	10221	6722
5036	10221	6723
5037	10221	6724
5038	890	6725
5039	2789	6726
5040	2790	6727
5041	2791	6728
5042	2792	6729
5043	460	6730
5044	460	6731
5045	465	6732
5046	465	6733
5047	2793	6734
5048	2794	6735
5049	2795	6736
5050	2796	6737
5051	2797	6738
5052	2798	6739
5053	2799	6740
5054	2800	6741
5055	2801	6742
5056	2802	6743
5057	2803	6744
5058	2804	6745
5059	2805	6746
5060	2806	6747
5061	2807	6748
5062	2808	6749
5063	2809	6750
5064	2810	6751
5065	2811	6752
5066	2812	6753
5068	2814	6755
5069	2815	6756
5070	2816	6757
5071	2817	6758
5072	2818	6759
5073	2819	6760
5074	2820	6761
5075	2821	6762
5076	2822	6763
5077	2823	6764
5078	2824	6765
5079	2825	6766
5080	2826	6767
5081	2827	6768
5082	2828	6769
5083	2829	6770
5084	2830	6771
5085	2830	6772
5086	2830	6773
5087	2830	6774
5088	2831	6775
5089	2832	6776
5090	2834	6777
5091	2833	6778
5092	2835	6779
5093	2836	6780
5094	2837	6781
5095	2838	6782
5096	2839	6783
5097	2840	6784
5098	2842	6785
5100	2844	6787
5101	2845	6788
5102	2846	6789
5103	2847	6790
5104	2848	6791
5105	2849	6792
5107	464	6794
5108	2851	6795
5109	2852	6796
5110	2853	6797
5111	2854	6798
5112	2855	6799
5113	2856	6800
5114	2857	6801
5115	2858	6802
5116	2859	6803
5117	2860	6804
5118	2861	6805
5119	2862	6806
5120	2863	6807
5121	2864	6808
5122	2865	6809
5124	2868	6811
5125	2869	6812
5126	477	6813
5127	2870	6814
5128	2871	6815
5129	2873	6816
5130	2872	6817
5131	2874	6818
5132	2875	6819
5133	2867	6820
5135	2877	6822
5136	2879	6823
5137	2879	6824
5138	460	6825
5139	2879	6826
5140	2879	6827
5141	2879	6828
5142	2879	6829
5143	2878	6830
5144	2880	6831
5145	2882	6832
5146	2883	6833
5148	2886	6835
5149	2885	6836
5150	2887	6837
5151	2888	6838
5152	2889	6839
5153	2889	6840
5154	2889	6841
5155	2889	6842
5157	2890	6844
5158	2891	6845
5160	2892	6847
5162	2895	6849
5163	2896	6850
5164	2897	6851
5165	2900	6852
5166	2898	6853
5167	2901	6854
5168	2902	6855
5169	2904	6856
5170	460	6857
5171	2906	6858
5172	2905	6859
5173	2908	6860
5174	2909	6861
5175	2910	6862
5176	2911	6863
5177	2912	6864
5178	2903	6865
5179	2913	6866
5181	2915	6868
5182	2916	6869
5183	2917	6870
5184	2918	6871
5185	2919	6872
5186	2920	6873
5187	2921	6874
5188	2922	6875
5189	2923	6876
5190	2924	6877
5191	2925	6878
5192	2926	6879
5193	2927	6880
5194	2928	6881
5195	2929	6882
5196	2930	6883
5197	2930	6884
5198	2930	6885
5199	2930	6886
5200	2931	6887
5201	2932	6888
5202	2940	6889
5203	2940	6890
5204	2940	6891
5205	2940	6892
5206	2940	6893
5207	2940	6894
5208	2940	6895
5209	2942	6896
5210	2943	6897
5211	2950	6898
5212	2949	6899
5213	2948	6900
5214	2947	6901
5215	2946	6902
5216	2945	6903
5217	2944	6904
5218	2951	6905
5219	2941	6906
5220	2939	6907
5221	2938	6908
5222	2953	6909
5223	2952	6910
5224	2937	6911
5225	2936	6912
5226	2935	6913
5227	2934	6914
5228	2933	6915
5229	2954	6916
5230	2954	6917
5231	2954	6918
5232	2954	6919
5233	2954	6920
5234	2957	6921
5235	2954	6922
5236	2954	6923
5237	2954	6924
5238	2954	6925
5239	2954	6926
5240	2958	6927
5241	2954	6928
5242	2954	6929
5243	2954	6930
5244	2954	6931
5245	2954	6932
5246	2955	6933
5247	2955	6934
5248	2955	6935
5249	2955	6936
5250	2955	6937
5251	2955	6938
5252	2955	6939
5253	2955	6940
5254	2955	6941
5255	2955	6942
5256	2955	6943
5257	2956	6944
5258	2956	6945
5259	2956	6946
5260	2956	6947
5261	2956	6948
5262	2959	6949
5263	2960	6950
5264	2961	6951
5265	2963	6952
5266	2962	6953
5267	2962	6954
5268	2962	6955
5269	2962	6956
5270	2962	6957
5271	2962	6958
5272	2962	6959
5273	2962	6960
5274	2962	6961
5275	2964	6962
5276	2965	6963
5277	2965	6964
5278	2965	6965
5279	2966	6966
5280	2965	6967
5281	2962	6968
5282	2965	6969
5283	2965	6970
5284	2965	6971
5285	2962	6972
5286	2965	6973
5287	2967	6974
5288	2968	6975
5289	2969	6976
5290	2970	6977
5291	2972	6978
5292	2974	6979
5293	2975	6980
5294	2976	6981
5295	2977	6982
5296	2971	6983
5297	2979	6984
5299	2980	6986
5300	2981	6987
5301	2982	6988
5302	2983	6989
5303	2984	6990
5304	2985	6991
5305	2986	6992
5306	2987	6993
5307	2990	6994
5308	2988	6995
5309	2991	6996
5310	2992	6997
5311	2993	6998
5312	2994	6999
5313	2995	7000
5314	2994	7001
5315	2996	7002
5316	2997	7003
5317	2998	7004
5318	2998	7005
5319	2998	7006
5320	2998	7007
5321	2998	7008
5322	2998	7009
5323	2998	7010
5324	2999	7011
5325	3000	7012
5326	3001	7013
5327	3002	7014
5328	3003	7015
5329	3004	7016
5330	3005	7017
5331	3007	7018
5332	3008	7019
5333	3006	7020
5334	3009	7021
5335	3010	7022
5336	3011	7023
5337	3012	7024
5338	3013	7025
5339	3014	7026
5340	3015	7027
5341	3016	7028
5342	3017	7029
5343	3018	7030
5344	3019	7031
5345	3020	7032
5346	3021	7033
5347	3022	7034
5348	3022	7035
5349	3022	7036
5350	3022	7037
5351	3022	7038
5352	3022	7039
5353	3022	7040
5354	3022	7041
5355	3022	7042
5356	3022	7043
5357	3022	7044
5358	3022	7045
5359	3022	7046
5360	3023	7047
5361	3025	7048
5362	3026	7049
5363	3027	7050
5364	3028	7051
5365	3029	7052
5366	477	7053
5367	3030	7054
5368	3031	7055
5369	3032	7056
5370	3033	7057
5371	3038	7058
5372	3036	7059
5374	3039	7061
5375	3040	7062
5376	3039	7063
5377	3041	7064
5378	3044	7065
5379	3042	7066
5380	3045	7067
5381	3046	7068
5382	3047	7069
5383	3048	7070
5384	3049	7071
5386	3050	7073
5387	3051	7074
5388	3052	7075
5389	3053	7076
5390	3054	7077
5392	3055	7079
5393	3066	7080
5394	3065	7081
5395	3063	7082
5396	3062	7083
5397	3061	7084
5399	3059	7086
5400	3058	7087
5401	3057	7088
5402	3067	7089
5403	3068	7090
5404	3069	7091
5405	3070	7092
5406	3071	7093
5407	3072	7094
5408	3073	7095
5409	3074	7096
5410	3075	7097
5411	3076	7098
5412	3077	7099
5413	3078	7100
5414	3079	7101
5415	3080	7102
5416	3081	7103
5417	3082	7104
5418	3083	7105
5419	3084	7106
5420	3085	7107
5421	3086	7108
5422	3086	7109
5423	3086	7110
5424	3086	7111
5425	3087	7112
5426	3088	7113
5427	3089	7114
5428	3090	7115
5429	3091	7116
5431	3093	7118
5432	3094	7119
5433	3095	7120
5434	3096	7121
5435	3097	7122
5436	3098	7123
5437	3099	7124
5438	3100	7125
5440	3102	7127
5441	3103	7128
5442	3103	7129
5443	3104	7130
5444	3105	7131
5445	3106	7132
5446	3107	7133
5447	3108	7134
5448	3108	7135
5449	3108	7136
5450	3108	7137
5451	3108	7138
5452	3109	7139
5453	3110	7140
5454	3111	7141
5455	3111	7142
5456	3111	7143
5457	3111	7144
5458	3111	7145
5459	3111	7146
5460	3111	7147
5461	3111	7148
5462	3111	7149
5463	3111	7150
5464	3111	7151
5465	3111	7152
5466	3111	7153
5467	3111	7154
5468	3111	7155
5469	3111	7156
5470	3111	7157
5471	3111	7158
5472	3111	7159
5473	3111	7160
5474	3111	7161
5475	3111	7162
5476	3113	7163
5477	3111	7164
5478	3111	7165
5479	3111	7166
5480	3111	7167
5481	3111	7168
5482	3111	7169
5483	3111	7170
5484	3111	7171
5485	3111	7172
5486	3111	7173
5487	3111	7174
5488	3111	7175
5489	3111	7176
5490	3111	7177
5491	3111	7178
5492	3111	7179
5493	3112	7180
5494	3111	7181
5495	3111	7182
5496	3111	7183
5497	3111	7184
5498	3111	7185
5499	3111	7186
5500	3111	7187
5501	3111	7188
5502	3111	7189
5503	3111	7190
5504	3111	7191
5505	3114	7192
5506	3115	7193
5507	3115	7194
5508	3116	7195
5509	3117	7196
5510	2866	7197
5511	2866	7198
5512	2866	7199
5513	2866	7200
5514	2866	7201
5515	2866	7202
5516	3118	7203
5517	3120	7204
5518	3121	7205
5519	3122	7206
5520	3123	7207
5521	3124	7208
5522	3119	7209
5523	3125	7210
5524	3126	7211
5529	3129	7216
5531	3130	7218
5532	3131	7219
5533	3132	7220
5534	3133	7221
5535	3134	7222
5536	3135	7223
5537	3136	7224
5538	3137	7225
5549	3138	7236
5550	3139	7237
5551	3140	7238
5552	3141	7239
5553	3142	7240
5554	3143	7241
5555	3144	7242
5556	3145	7243
5557	3146	7244
5558	3146	7245
5559	3146	7246
5560	3147	7247
5561	3148	7248
5562	3148	7249
5563	3148	7250
5564	3149	7251
5565	3150	7252
5566	3151	7253
5567	3152	7254
5568	3153	7255
5569	3154	7256
5570	3155	7257
5571	3156	7258
5573	3158	7260
5574	3159	7261
5575	3160	7262
5576	3162	7263
5577	3163	7264
5578	3164	7265
5579	3165	7266
5580	3166	7267
5581	3167	7268
5582	3168	7269
5583	3169	7270
5584	3170	7271
5585	3171	7272
5586	3172	7273
5587	3173	7274
5588	3174	7275
5591	3177	7278
5592	3178	7279
5593	3179	7280
5594	3180	7281
5595	3181	7282
5596	3182	7283
5597	3183	7284
5598	3184	7285
5599	3185	7286
5600	3186	7287
5602	3188	7289
5603	3189	7290
5604	3190	7291
5606	3192	7293
5607	3193	7294
5608	3194	7295
5609	3195	7296
5610	3196	7297
5611	3197	7298
5612	3198	7299
5613	3199	7300
5615	3201	7302
5616	3201	7303
5617	3202	7304
5618	3203	7305
5619	3204	7306
5620	3205	7307
5621	3206	7308
5622	3207	7309
5623	3208	7310
5624	3209	7311
5625	3209	7312
5626	3209	7313
5627	3210	7314
5628	3211	7315
5629	3212	7316
5630	3213	7317
5631	3214	7318
5632	3215	7319
5633	3216	7320
5634	3217	7321
5635	3218	7322
5636	3219	7323
5637	3220	7324
5638	3220	7325
5639	3220	7326
5640	3220	7327
5641	3220	7328
5642	3220	7329
5643	3220	7330
5644	460	7331
5645	3222	7332
5646	3223	7333
5647	3223	7334
5648	3223	7335
5649	3223	7336
5650	3223	7337
5651	3223	7338
5652	3223	7339
5653	3223	7340
5654	3223	7341
5655	3223	7342
5656	3223	7343
5657	3223	7344
5658	3223	7345
5659	3223	7346
5660	3223	7347
5661	3223	7348
5662	3223	7349
5663	3223	7350
5664	3223	7351
5665	3223	7352
5666	3223	7353
5667	3223	7354
5668	3223	7355
5669	3223	7356
5670	3224	7357
5671	3223	7358
5672	3225	7359
5673	3226	7360
5674	3227	7361
5675	3228	7362
5676	3229	7363
5677	3231	7364
5678	3230	7365
5679	3232	7366
5680	3233	7367
5681	3235	7368
5682	3235	7369
5683	3234	7370
5684	3236	7371
5685	3237	7372
5686	3238	7373
5687	3239	7374
5688	3240	7375
5689	3241	7376
5690	3242	7377
5691	3243	7378
5692	3244	7379
5693	3245	7380
5694	3246	7381
5695	3247	7382
5696	3247	7383
5697	3249	7384
5698	3250	7385
5699	3251	7386
5700	3252	7387
5701	3252	7388
5702	3252	7389
5703	3253	7390
5704	3254	7391
5705	3255	7392
5706	3256	7393
5707	3257	7394
5708	3258	7395
5709	3259	7396
5710	3248	7397
5711	3260	7398
5712	3261	7399
5713	3262	7400
5714	3263	7401
5715	3264	7402
5716	3265	7403
5717	3266	7404
5718	3267	7405
5719	3268	7406
5720	3269	7407
5721	3270	7408
5722	3271	7409
5723	3272	7410
5724	3273	7411
5725	3273	7412
5726	3273	7413
5727	3273	7414
5728	3273	7415
5729	3274	7416
5730	3275	7417
5732	3277	7419
5733	3278	7420
5734	3279	7421
5735	3280	7422
5737	3283	7424
5738	3284	7425
5739	3285	7426
5740	3285	7427
5741	4521	7428
5742	4521	7429
5743	4840	7430
5744	4521	7431
5745	3288	7432
5746	3289	7433
5747	3290	7434
5748	3291	7435
5749	3293	7436
5750	3292	7437
5751	3294	7438
5753	3295	7440
5754	3295	7441
5755	3295	7442
5756	3295	7443
5757	3295	7444
5758	3295	7445
5759	3296	7446
5760	3297	7447
5761	3298	7448
5762	3299	7449
5763	3300	7450
5764	3301	7451
5765	3302	7452
5766	3303	7453
5767	3304	7454
5768	3305	7455
5769	3306	7456
5770	3307	7457
5771	1819	7458
5772	3308	7459
5773	3309	7460
5774	3309	7461
5775	3309	7462
5776	3309	7463
5777	3309	7464
5778	3309	7465
5779	3309	7466
5780	3309	7467
5781	3309	7468
5782	3309	7469
5783	3309	7470
5784	3310	7471
5785	3312	7472
5786	3311	7473
5787	3313	7474
5788	3314	7475
5789	3315	7476
5790	3315	7477
5791	3316	7478
5792	3318	7479
5793	3317	7480
5794	3319	7481
5796	3320	7483
5797	3320	7484
5798	3320	7485
5799	3320	7486
5800	3320	7487
5801	3320	7488
5802	3321	7489
5803	3320	7490
5804	3320	7491
5805	3320	7492
5806	3320	7493
5807	3320	7494
5808	3320	7495
5815	3323	7502
5816	3323	7503
5817	3323	7504
5818	3323	7505
5819	3323	7506
5820	3324	7507
5821	3325	7508
5822	3326	7509
5823	3327	7510
5824	3328	7511
5825	3329	7512
5826	3330	7513
5827	3330	7514
5829	3331	7516
5830	3325	7517
5831	3325	7518
5832	3325	7519
5833	3325	7520
5834	3325	7521
5835	3325	7522
5836	3325	7523
5837	3332	7524
5838	3333	7525
5839	3334	7526
5840	3335	7527
5841	3336	7528
5842	3337	7529
5843	3338	7530
5844	3339	7531
5845	3340	7532
5846	3341	7533
5847	3342	7534
5848	3343	7535
5850	3346	7537
5851	3345	7538
5852	3347	7539
5853	3348	7540
5854	3347	7541
5855	3349	7542
5856	3350	7543
5857	3350	7544
5858	3347	7545
5859	3350	7546
5860	3351	7547
5861	3350	7548
5862	3350	7549
5863	3350	7550
5864	3350	7551
5865	3350	7552
5866	3350	7553
5867	3350	7554
5868	3350	7555
5869	3350	7556
5870	3350	7557
5871	3350	7558
5872	3350	7559
5873	3350	7560
5874	3350	7561
5875	3350	7562
5876	3350	7563
5878	3350	7565
5879	3350	7566
5880	3350	7567
5881	3352	7568
5882	3350	7569
5883	3350	7570
5884	3350	7571
5885	3350	7572
5886	3350	7573
5887	3350	7574
5888	3350	7575
5889	3350	7576
5890	3350	7577
5891	3350	7578
5892	3350	7579
5893	3350	7580
5894	3353	7581
5895	3350	7582
5896	3350	7583
5897	3350	7584
5898	3350	7585
5899	3350	7586
5900	3350	7587
5901	3350	7588
5902	3350	7589
5903	3350	7590
5904	3350	7591
5905	3350	7592
5906	3350	7593
5908	3355	7595
5909	3356	7596
5915	3325	7602
5916	3325	7603
5918	3325	7605
5919	3325	7606
5920	3325	7607
5921	3325	7608
5923	3325	7610
5924	12382	7611
5925	12382	7612
5926	12382	7613
5927	3357	7614
5928	3358	7615
5929	3359	7616
5930	3360	7617
5931	3361	7618
5933	3350	7620
5935	3364	7622
5936	3350	7623
5937	3365	7624
5938	3350	7625
5939	3366	7626
5940	3367	7627
5941	3369	7628
5942	3370	7629
5943	3371	7630
5944	3372	7631
5947	3375	7634
5948	3376	7635
5949	3350	7636
5950	3350	7637
5951	3350	7638
5952	3350	7639
5953	3350	7640
5954	3350	7641
5955	3350	7642
5956	3377	7643
5957	3378	7644
5958	3379	7645
5959	3380	7646
5960	3380	7647
5961	3381	7648
5962	3382	7649
5963	3383	7650
5964	3384	7651
5965	3385	7652
5966	3384	7653
5967	3384	7654
5968	3384	7655
5969	3384	7656
5970	3384	7657
5971	3384	7658
5972	3384	7659
5973	3384	7660
5974	3384	7661
5975	3384	7662
5976	3384	7663
5977	3384	7664
5978	3384	7665
5979	3384	7666
5980	3384	7667
5982	3384	7669
5983	3384	7670
5984	3384	7671
5988	3388	7675
5989	3389	7676
5990	3390	7677
5991	3391	7678
5992	3392	7679
5993	3393	7680
5995	3394	7682
5996	3395	7683
5997	3396	7684
5998	3397	7685
5999	3397	7686
6000	3397	7687
6001	3397	7688
6002	3398	7689
6003	3399	7690
6004	3400	7691
6006	3402	7693
6007	3403	7694
6008	3410	7695
6009	3411	7696
6011	3412	7698
6012	3412	7699
6013	3413	7700
6014	3414	7701
6016	3417	7703
6017	3418	7704
6018	3419	7705
6019	3421	7706
6020	3422	7707
6021	3423	7708
6023	3424	7710
6024	3424	7711
6025	3425	7712
6026	3426	7713
6027	3427	7714
6029	3429	7716
6030	3430	7717
6031	3431	7718
6032	3432	7719
6033	3433	7720
6035	3455	7722
6037	3453	7724
6038	3452	7725
6040	3450	7727
6042	3448	7729
6043	3447	7730
6044	3446	7731
6045	3445	7732
6046	3444	7733
6047	3443	7734
6048	3442	7735
6049	3441	7736
6051	3439	7738
6052	3438	7739
6053	3437	7740
6054	3436	7741
6056	3434	7743
6057	3457	7744
6058	3458	7745
6059	3459	7746
6060	3460	7747
6061	3460	7748
6062	3461	7749
6063	3462	7750
6064	3463	7751
6065	3462	7752
6068	3465	7755
6070	3466	7757
6071	3464	7758
6072	3467	7759
6073	3462	7760
6074	3469	7761
6075	3468	7762
6076	3470	7763
6077	3471	7764
6078	3472	7765
6079	3473	7766
6080	3474	7767
6081	3475	7768
6082	3476	7769
6083	3477	7770
6084	3479	7771
6085	3478	7772
6086	3480	7773
6087	3481	7774
6088	3481	7775
6089	3481	7776
6090	3481	7777
6091	3482	7778
6092	3483	7779
6093	3485	7780
6094	3486	7781
6095	3486	7782
6096	3481	7783
6097	3481	7784
6098	3487	7785
6099	3488	7786
6100	3489	7787
6101	3489	7788
6102	3489	7789
6103	3490	7790
6104	473	7791
6105	3491	7792
6106	3492	7793
6107	3492	7794
6108	3492	7795
6109	3492	7796
6110	3493	7797
6111	3493	7798
6112	3493	7799
6113	3493	7800
6114	3493	7801
6115	3494	7802
6116	3495	7803
6117	3496	7804
6118	3497	7805
6119	3498	7806
6120	3500	7807
6121	3499	7808
6122	3430	7809
6123	3430	7810
6124	3430	7811
6125	3430	7812
6126	3430	7813
6127	3430	7814
6128	3430	7815
6129	3430	7816
6130	3430	7817
6131	3430	7818
6132	3430	7819
6134	3430	7821
6135	3430	7822
6136	3430	7823
6137	3430	7824
6138	3430	7825
6139	3430	7826
6140	3430	7827
6141	3430	7828
6142	3502	7829
6143	3430	7830
6144	3430	7831
6145	584	7832
6146	3503	7833
6149	3505	7836
6150	3506	7837
6151	3505	7838
6152	3505	7839
6153	3507	7840
6154	3508	7841
6155	3508	7842
6156	3508	7843
6157	3508	7844
6158	3509	7845
6159	3510	7846
6160	584	7847
6161	3511	7848
6162	3511	7849
6163	3511	7850
6164	3511	7851
6165	3511	7852
6166	3511	7853
6167	3511	7854
6168	3511	7855
6169	3511	7856
6170	3511	7857
6171	3512	7858
6172	3513	7859
6173	3514	7860
6175	3516	7862
6176	3517	7863
6177	3518	7864
6178	3519	7865
6179	3519	7866
6180	3519	7867
6181	3520	7868
6182	3521	7869
6183	3522	7870
6184	3523	7871
6185	3524	7872
6186	3525	7873
6187	3526	7874
6188	3527	7875
6189	3528	7876
6190	3533	7877
6191	3540	7878
6192	3539	7879
6193	3541	7880
6194	3538	7881
6195	3537	7882
6196	3536	7883
6197	3535	7884
6198	3534	7885
6199	3532	7886
6200	3531	7887
6201	3530	7888
6202	3529	7889
6203	3542	7890
6204	3543	7891
6205	3544	7892
6206	3545	7893
6207	3546	7894
6208	584	7895
6209	3547	7896
6211	3548	7898
6212	3549	7899
6213	584	7900
6214	3550	7901
6215	3551	7902
6216	3552	7903
6217	3553	7904
6218	3553	7905
6219	3553	7906
6220	3554	7907
6221	3555	7908
6222	3556	7909
6223	3557	7910
6224	3558	7911
6225	3559	7912
6226	3560	7913
6227	3561	7914
6229	3563	7916
6230	3564	7917
6231	3565	7918
6232	3566	7919
6233	3567	7920
6234	3568	7921
6235	3569	7922
6236	3571	7923
6237	3570	7924
6238	3572	7925
6239	3573	7926
6262	3576	7949
6263	3577	7950
6264	3578	7951
6265	3579	7952
6266	3580	7953
6267	3581	7954
6268	3583	7955
6269	3583	7956
6270	3583	7957
6271	3583	7958
6272	3583	7959
6273	3583	7960
6274	3583	7961
6275	3584	7962
6276	3585	7963
6277	3586	7964
6278	3587	7965
6279	3587	7966
6280	3587	7967
6281	3587	7968
6282	3587	7969
6283	3588	7970
6284	3589	7971
6285	3590	7972
6286	3591	7973
6287	3592	7974
6288	3593	7975
6289	3594	7976
6290	3595	7977
6291	3596	7978
6292	3597	7979
6293	3598	7980
6294	3599	7981
6295	3601	7982
6296	3602	7983
6297	3610	7984
6298	3609	7985
6299	3608	7986
6300	3607	7987
6302	3605	7989
6303	3604	7990
6304	3603	7991
6305	3611	7992
6307	584	7994
6308	3613	7995
6309	3614	7996
6310	3623	7997
6312	3631	7999
6313	3616	8000
6314	3617	8001
6316	3619	8003
6317	3620	8004
6318	3622	8005
6319	3624	8006
6320	3625	8007
6321	3626	8008
6322	3627	8009
6323	3628	8010
6325	3630	8012
6326	3632	8013
6327	3632	8014
6328	3632	8015
6329	3633	8016
6330	3634	8017
6331	3635	8018
6332	3636	8019
6333	3637	8020
6334	3638	8021
6335	584	8022
6336	3639	8023
6337	3640	8024
6338	3641	8025
6339	3642	8026
6340	3643	8027
6341	3644	8028
6342	3645	8029
6343	3646	8030
6344	584	8031
6345	3648	8032
6346	3647	8033
6347	3650	8034
6348	3649	8035
6349	3651	8036
6350	3653	8037
6351	3653	8038
6352	3653	8039
6353	3653	8040
6354	3652	8041
6355	3654	8042
6356	3655	8043
6357	3655	8044
6358	3656	8045
6359	3657	8046
6360	3658	8047
6361	3659	8048
6362	3660	8049
6363	3661	8050
6364	482	8051
6366	482	8053
6368	482	8055
6369	582	8056
6370	582	8057
6371	582	8058
6372	582	8059
6373	3662	8060
6374	3663	8061
6375	3664	8062
6376	3665	8063
6377	3665	8064
6378	3666	8065
6379	3667	8066
6380	3668	8067
6381	3669	8068
6382	3670	8069
6383	3671	8070
6384	3672	8071
6385	3673	8072
6386	3493	8073
6387	3674	8074
6389	3676	8076
6390	3676	8077
6391	3676	8078
6392	3676	8079
6393	3676	8080
6394	3676	8081
6395	3676	8082
6396	3676	8083
6397	3676	8084
6398	3676	8085
6399	3677	8086
6401	3679	8088
6402	3680	8089
6403	3681	8090
6404	3682	8091
6405	3683	8092
6406	3684	8093
6407	3685	8094
6408	3686	8095
6409	3687	8096
6410	3688	8097
6411	3689	8098
6412	3690	8099
6413	3691	8100
6414	3692	8101
6415	3678	8102
6416	3678	8103
6417	3678	8104
6418	3678	8105
6419	3678	8106
6420	3678	8107
6421	3678	8108
6422	3678	8109
6423	3678	8110
6424	3678	8111
6425	3678	8112
6426	3678	8113
6427	3678	8114
6428	3678	8115
6429	3693	8116
6430	3694	8117
6431	482	8118
6432	482	8119
6433	3697	8120
6434	482	8121
6435	3698	8122
6436	3699	8123
6437	3704	8124
6438	3704	8125
6439	3704	8126
6440	3704	8127
6441	3704	8128
6442	3704	8129
6443	3700	8130
6444	3704	8131
6445	3704	8132
6446	3704	8133
6447	3701	8134
6448	3704	8135
6449	3704	8136
6450	3704	8137
6451	3704	8138
6452	3704	8139
6453	3702	8140
6454	3703	8141
6455	3705	8142
6456	3706	8143
6457	3706	8144
6458	3707	8145
6459	3831	8146
6461	3709	8148
6462	3710	8149
6463	3711	8150
6464	482	8151
6465	3712	8152
6466	3713	8153
6467	3715	8154
6469	3716	8156
6470	3717	8157
6471	3718	8158
6472	3719	8159
6473	3721	8160
6474	3720	8161
6475	3720	8162
6476	3720	8163
6477	3723	8164
6478	3724	8165
6479	3725	8166
6480	3726	8167
6481	3727	8168
6482	3728	8169
6483	3729	8170
6484	3730	8171
6485	3731	8172
6486	582	8173
6487	3732	8174
6488	3733	8175
6489	3734	8176
6490	3735	8177
6491	3736	8178
6492	3737	8179
6493	3738	8180
6494	3738	8181
6520	3739	8207
6521	3740	8208
6522	3741	8209
6523	3742	8210
6524	3743	8211
6525	3744	8212
6526	3745	8213
6527	3746	8214
6528	3747	8215
6529	3748	8216
6530	3749	8217
6531	3750	8218
6532	3751	8219
6533	3753	8220
6534	3754	8221
6535	3755	8222
6536	3756	8223
6537	3757	8224
6539	3758	8226
6540	3758	8227
6542	3758	8229
6543	3758	8230
6544	3758	8231
6545	3758	8232
6546	3758	8233
6547	3758	8234
6548	3758	8235
6549	3758	8236
6550	3758	8237
6551	3758	8238
6552	3759	8239
6553	3758	8240
6560	3761	8247
6561	3763	8248
6562	3764	8249
6563	3765	8250
6564	3767	8251
6565	3766	8252
6567	3766	8254
6568	3766	8255
6571	582	8258
6573	517	8260
6574	517	8261
6576	517	8263
6577	517	8264
6578	517	8265
6579	517	8266
6580	517	8267
6581	3772	8268
6582	3772	8269
6583	3772	8270
6584	3772	8271
6585	3772	8272
6586	3772	8273
6587	3772	8274
6588	3772	8275
6589	3773	8276
6590	3773	8277
6591	3773	8278
6592	3774	8279
6593	3775	8280
6594	3773	8281
6595	3773	8282
6596	3776	8283
6597	3778	8284
6598	3780	8285
6599	3777	8286
6600	3781	8287
6601	3782	8288
6602	3783	8289
6603	3784	8290
6604	3785	8291
6605	3786	8292
6606	3787	8293
6607	3807	8294
6608	3808	8295
6609	3806	8296
6610	3805	8297
6611	3804	8298
6612	3803	8299
6613	3802	8300
6614	3801	8301
6615	3800	8302
6616	3809	8303
6617	3799	8304
6618	3798	8305
6620	3797	8307
6621	3796	8308
6622	3795	8309
6623	3794	8310
6624	3793	8311
6625	3792	8312
6626	3791	8313
6627	3811	8314
6628	3790	8315
6629	3789	8316
6630	3788	8317
6631	3812	8318
6632	3813	8319
6634	3815	8321
6636	3817	8323
6637	3817	8324
6638	3817	8325
6639	3817	8326
6640	3817	8327
6641	3817	8328
6642	3817	8329
6643	3817	8330
6644	3817	8331
6645	3817	8332
6646	3817	8333
6647	3817	8334
6648	3817	8335
6649	3817	8336
6650	3817	8337
6651	560	8338
6652	560	8339
6653	560	8340
6654	560	8341
6655	3818	8342
6656	3819	8343
6657	3820	8344
6658	3821	8345
6659	3821	8346
6660	3821	8347
6661	3821	8348
6662	3822	8349
6663	3822	8350
6664	3823	8351
6665	3823	8352
6666	3823	8353
6667	3824	8354
6668	3825	8355
6669	3825	8356
6670	3825	8357
6671	3825	8358
6672	3825	8359
6673	3825	8360
6674	3825	8361
6675	3825	8362
6676	3825	8363
6677	482	8364
6678	3826	8365
6681	3830	8368
6682	3830	8369
6683	3830	8370
6684	3830	8371
6685	3830	8372
6687	3830	8374
6688	3832	8375
6689	3833	8376
6690	3834	8377
6691	3835	8378
6692	3836	8379
6693	3837	8380
6694	3838	8381
6695	3840	8382
6696	3827	8383
6697	3583	8384
6698	3583	8385
6699	3583	8386
6700	3858	8387
6701	3857	8388
6702	3856	8389
6703	3855	8390
6704	3854	8391
6705	3853	8392
6706	3852	8393
6707	3851	8394
6708	3850	8395
6709	3849	8396
6711	3847	8398
6712	3846	8399
6714	3843	8401
6715	3842	8402
6716	3841	8403
6717	3859	8404
6718	3860	8405
6719	3859	8406
6720	3859	8407
6721	3859	8408
6722	3859	8409
6723	3860	8410
6724	3860	8411
6725	3859	8412
6726	3859	8413
6727	3860	8414
6728	3860	8415
6729	3859	8416
6730	3859	8417
6731	3859	8418
6732	3859	8419
6733	3859	8420
6734	3859	8421
6735	3859	8422
6736	3859	8423
6737	3859	8424
6738	3859	8425
6739	3859	8426
6740	3859	8427
6741	3859	8428
6743	3859	8430
6745	3863	8432
6746	3863	8433
6747	3863	8434
6748	3863	8435
6749	3863	8436
6750	3863	8437
6751	3863	8438
6752	3863	8439
6753	3863	8440
6754	3863	8441
6755	3863	8442
6756	3863	8443
6757	3863	8444
6758	3863	8445
6759	3863	8446
6760	3863	8447
6761	3863	8448
6762	3863	8449
6763	3864	8450
6764	3866	8451
6765	3873	8452
6766	3583	8453
6767	3583	8454
6768	3583	8455
6769	3583	8456
6770	3583	8457
6771	3583	8458
6773	482	8460
6775	3583	8462
6777	3876	8464
6778	5978	8465
6779	3878	8466
6780	3880	8467
6783	3883	8470
6784	3884	8471
6785	3885	8472
6786	3886	8473
6789	3889	8476
6790	3888	8477
6792	3888	8479
6793	3888	8480
6794	3890	8481
6795	3891	8482
6797	3893	8484
6798	3894	8485
6802	3888	8489
6803	3888	8490
6804	3888	8491
6810	3888	8497
6811	3888	8498
6812	3888	8499
6814	3888	8501
6815	3888	8502
6816	3888	8503
6818	3888	8505
6819	3888	8506
6820	3888	8507
6821	3888	8508
6822	3888	8509
6825	3888	8512
6828	3888	8515
6829	3888	8516
6830	3888	8517
6831	3888	8518
6832	3888	8519
6834	3888	8521
6836	3888	8523
6838	3888	8525
6839	3888	8526
6841	3896	8528
6842	3897	8529
6843	3898	8530
6845	3900	8532
6846	3902	8533
6848	3904	8535
6849	3905	8536
6851	3907	8538
6854	3911	8541
6855	3912	8542
6856	3913	8543
6857	3888	8544
6858	3915	8545
6859	3916	8546
6860	3917	8547
6861	3919	8548
6862	3920	8549
6865	3923	8552
6866	3924	8553
6867	3925	8554
6868	3934	8555
6869	3933	8556
6870	3932	8557
6871	3931	8558
6872	3930	8559
6873	3929	8560
6877	509	8564
6878	3935	8565
6879	3936	8566
6880	3937	8567
6881	509	8568
6882	3938	8569
6883	3939	8570
6884	3940	8571
6885	509	8572
6886	3941	8573
6887	509	8574
6888	509	8575
6889	3942	8576
6890	3944	8577
6891	3945	8578
6893	3954	8580
6894	3953	8581
6895	3952	8582
6896	3951	8583
6897	3950	8584
6898	3949	8585
6899	3948	8586
6900	3947	8587
6901	509	8588
6903	509	8590
6905	509	8592
6906	509	8593
6908	509	8595
6909	509	8596
6912	3955	8599
6923	3956	8610
6924	3956	8611
6925	3956	8612
6926	3956	8613
6927	3957	8614
6928	3958	8615
6929	3959	8616
6930	3960	8617
6931	3963	8618
6932	502	8619
6934	502	8621
6936	3965	8623
6937	3966	8624
6938	3967	8625
6939	3969	8626
6941	3972	8628
6946	3976	8633
6947	3977	8634
6948	3978	8635
6949	3978	8636
6950	3980	8637
6951	3981	8638
6952	7183	8639
6953	3996	8640
6954	3997	8641
6955	3998	8642
6956	3999	8643
6957	3982	8644
6958	3983	8645
6960	3985	8647
6962	3987	8649
6963	3988	8650
6964	3989	8651
6966	3991	8653
6968	3993	8655
6970	4000	8657
6971	4001	8658
6972	4002	8659
6973	4003	8660
6974	4004	8661
6975	4005	8662
6976	4007	8663
6977	4007	8664
6978	4007	8665
6979	4007	8666
6980	4007	8667
6981	4007	8668
6982	4007	8669
6983	4007	8670
6984	4007	8671
6985	4007	8672
6986	4007	8673
6987	4007	8674
6990	4008	8677
6991	4009	8678
6992	4010	8679
6993	4011	8680
6994	4012	8681
6995	4013	8682
6996	4015	8683
6997	4016	8684
6998	582	8685
7002	4017	8689
7004	4020	8691
7005	4021	8692
7006	4022	8693
7007	4023	8694
7008	4024	8695
7009	4025	8696
7010	4026	8697
7011	4027	8698
7012	4029	8699
7014	4032	8701
7015	480	8702
7017	4035	8704
7020	4043	8707
7022	4041	8709
7023	4040	8710
7024	4039	8711
7025	4038	8712
7026	4044	8713
7027	4045	8714
7028	4046	8715
7029	4047	8716
7030	480	8717
7031	4048	8718
7032	471	8719
7033	4049	8720
7034	4050	8721
7035	4051	8722
7036	4052	8723
7037	4053	8724
7038	4054	8725
7039	4055	8726
7040	4057	8727
7041	4071	8728
7042	4070	8729
7045	4067	8732
7046	4066	8733
7050	4062	8737
7051	4061	8738
7052	4060	8739
7054	4058	8741
7055	3386	8742
7056	3386	8743
7057	3386	8744
7058	3386	8745
7059	3386	8746
7060	3386	8747
7061	3386	8748
7062	3386	8749
7063	3386	8750
7064	3386	8751
7065	3386	8752
7066	3386	8753
7067	3386	8754
7068	3386	8755
7069	3386	8756
7070	3386	8757
7071	3386	8758
7072	3386	8759
7073	3386	8760
7075	3386	8762
7076	3386	8763
7077	3386	8764
7078	3386	8765
7079	3386	8766
7082	4074	8769
7083	4075	8770
7084	4077	8771
7085	4078	8772
7086	839	8773
7087	839	8774
7088	839	8775
7089	839	8776
7090	839	8777
7091	839	8778
7092	839	8779
7093	839	8780
7094	839	8781
7095	839	8782
7096	4085	8783
7098	4083	8785
7099	4082	8786
7100	4081	8787
7101	4080	8788
7102	4079	8789
7103	1341	8790
7104	4076	8791
7105	961	8792
7106	1168	8793
7107	4086	8794
7108	4087	8795
7109	4088	8796
7110	4089	8797
7111	4089	8798
7112	4089	8799
7113	4089	8800
7114	4090	8801
7115	4091	8802
7116	4093	8803
7117	4092	8804
7118	4099	8805
7119	4097	8806
7121	4095	8808
7122	4094	8809
7123	4100	8810
7124	4101	8811
7126	4103	8813
7127	4104	8814
7128	4105	8815
7129	4106	8816
7130	4107	8817
7131	4108	8818
7132	4110	8819
7133	4111	8820
7134	4113	8821
7135	4113	8822
7136	4113	8823
7137	4113	8824
7138	4113	8825
7139	4113	8826
7140	4113	8827
7141	4113	8828
7142	4113	8829
7143	4113	8830
7144	4113	8831
7145	4113	8832
7146	4114	8833
7147	467	8834
7148	467	8835
7151	536	8838
7152	536	8839
7153	536	8840
7154	468	8841
7155	468	8842
7156	468	8843
7157	469	8844
7159	4119	8846
7160	4118	8847
7162	4116	8849
7163	4115	8850
7164	4120	8851
7165	1056	8852
7166	4121	8853
7167	4122	8854
7168	4123	8855
7169	4123	8856
7170	4123	8857
7171	4123	8858
7172	4123	8859
7173	4123	8860
7174	4124	8861
7176	4126	8863
7178	4128	8865
7184	906	8871
7186	906	8873
7187	906	8874
7188	906	8875
7189	906	8876
7190	906	8877
7191	906	8878
7192	472	8879
7193	4136	8880
7194	467	8881
7195	467	8882
7196	467	8883
7197	536	8884
7198	4137	8885
7199	4138	8886
7200	4139	8887
7201	4140	8888
7202	4141	8889
7203	4142	8890
7204	4143	8891
7205	4144	8892
7206	4145	8893
7207	4146	8894
7208	4147	8895
7209	4149	8896
7210	4150	8897
7211	4151	8898
7212	4152	8899
7213	4153	8900
7214	4154	8901
7215	4155	8902
7219	4148	8906
7220	4148	8907
7224	4148	8911
7226	4148	8913
7227	4156	8914
7228	4157	8915
7229	4158	8916
7230	4159	8917
7231	4160	8918
7232	4161	8919
7233	4162	8920
7234	4162	8921
7235	4163	8922
7236	4164	8923
7237	4165	8924
7238	4166	8925
7239	4167	8926
7241	4169	8928
7242	4170	8929
7243	4170	8930
7244	4171	8931
7245	4172	8932
7247	4174	8934
7248	4175	8935
7249	4176	8936
7250	4177	8937
7251	4178	8938
7252	4181	8939
7254	4183	8941
7255	4184	8942
7256	4185	8943
7257	4186	8944
7258	4187	8945
7259	4188	8946
7260	4189	8947
7261	4190	8948
7263	4192	8950
7266	4195	8953
7267	4194	8954
7268	4162	8955
7270	4162	8957
7271	1056	8958
7272	4198	8959
7273	4199	8960
7274	4200	8961
7275	4202	8962
7276	4203	8963
7277	4204	8964
7278	4205	8965
7280	4212	8967
7281	4211	8968
7282	4210	8969
7283	4209	8970
7284	4208	8971
7285	4206	8972
7287	620	8974
7288	4215	8975
7289	4216	8976
7290	1488	8977
7291	1488	8978
7293	1488	8980
7294	1488	8981
7295	1488	8982
7296	4218	8983
7297	4219	8984
7298	4220	8985
7299	536	8986
7301	4162	8988
7302	469	8989
7303	1056	8990
7304	1056	8991
7305	1056	8992
7306	1056	8993
7307	1056	8994
7308	1056	8995
7317	4227	9004
7318	4228	9005
7319	4229	9006
7320	4230	9007
7321	4231	9008
7323	4233	9010
7324	4234	9011
7325	4239	9012
7326	4236	9013
7327	4238	9014
7329	467	9016
7330	4240	9017
7331	4241	9018
7332	4242	9019
7333	4243	9020
7334	4244	9021
7335	4245	9022
7336	469	9023
7337	1056	9024
7339	468	9026
7340	4246	9027
7341	4247	9028
7342	4248	9029
7343	4249	9030
7344	4250	9031
7345	4251	9032
7346	4252	9033
7347	4259	9034
7348	4258	9035
7350	4256	9037
7351	4255	9038
7352	4254	9039
7353	4253	9040
7354	4260	9041
7355	4261	9042
7356	4262	9043
7357	472	9044
7358	4263	9045
7359	4264	9046
7360	4265	9047
7361	4266	9048
7362	4267	9049
7363	4268	9050
7365	4270	9052
7367	4272	9054
7368	4273	9055
7369	4274	9056
7370	4275	9057
7371	4276	9058
7372	4277	9059
7373	4278	9060
7374	4279	9061
7376	4281	9063
7377	467	9064
7378	4162	9065
7379	4162	9066
7380	4162	9067
7381	4162	9068
7382	468	9069
7383	1056	9070
7385	4282	9072
7386	4283	9073
7388	4285	9075
7389	4286	9076
7390	4287	9077
7391	4288	9078
7392	4289	9079
7393	4290	9080
7396	4296	9083
7397	4295	9084
7398	4294	9085
7399	4293	9086
7401	467	9088
7402	4162	9089
7403	468	9090
7404	469	9091
7407	4301	9094
7409	4162	9096
7410	4302	9097
7411	4303	9098
7412	4304	9099
7413	4305	9100
7415	4307	9102
7416	4308	9103
7417	4309	9104
7418	4310	9105
7419	4311	9106
7420	4312	9107
7421	4315	9108
7422	4316	9109
7423	4317	9110
7424	4318	9111
7425	4319	9112
7426	4320	9113
7427	4321	9114
7428	467	9115
7429	467	9116
7430	467	9117
7432	468	9119
7433	468	9120
7434	469	9121
7435	469	9122
7436	4322	9123
7437	4323	9124
7438	4324	9125
7439	4325	9126
7440	4326	9127
7441	596	9128
7442	596	9129
7444	4328	9131
7445	4329	9132
7446	4330	9133
7447	4331	9134
7448	4333	9135
7449	4335	9136
7450	4337	9137
7451	4338	9138
7452	467	9139
7453	536	9140
7454	4339	9141
7455	4340	9142
7457	4342	9144
7458	4342	9145
7459	4342	9146
7460	4343	9147
7461	4344	9148
7462	4344	9149
7464	4346	9151
7466	4351	9153
7467	4350	9154
7469	4354	9156
7470	4355	9157
7471	4356	9158
7472	4357	9159
7473	4358	9160
7474	4359	9161
7475	4360	9162
7477	4347	9164
7478	4348	9165
7479	4349	9166
7480	4362	9167
7481	4363	9168
7482	4365	9169
7483	4366	9170
7484	4367	9171
7485	4368	9172
7486	474	9173
7487	4369	9174
7488	4370	9175
7489	4371	9176
7490	4372	9177
7491	4373	9178
7492	4374	9179
7493	4375	9180
7494	4376	9181
7495	4377	9182
7497	4385	9184
7498	4384	9185
7499	4381	9186
7500	4382	9187
7501	4380	9188
7502	4379	9189
7503	4386	9190
7504	4387	9191
7505	4388	9192
7506	4389	9193
7508	4391	9195
7509	4392	9196
7510	4393	9197
7512	4397	9199
7515	4399	9202
7516	4400	9203
7517	4401	9204
7518	4402	9205
7519	4403	9206
7520	4404	9207
7521	4408	9208
7522	4407	9209
7523	4406	9210
7524	4405	9211
7525	474	9212
7526	460	9213
7527	460	9214
7528	460	9215
7529	460	9216
7530	460	9217
7531	460	9218
7532	460	9219
7533	460	9220
7534	460	9221
7535	460	9222
7536	460	9223
7537	460	9224
7538	460	9225
7539	460	9226
7540	460	9227
7541	460	9228
7542	460	9229
7543	460	9230
7544	460	9231
7545	460	9232
7546	4409	9233
7548	4411	9235
7549	4417	9236
7550	4416	9237
7551	4415	9238
7552	4414	9239
7553	4413	9240
7554	4412	9241
7555	498	9242
7557	4425	9244
7558	4424	9245
7559	4423	9246
7560	4422	9247
7561	4421	9248
7562	4420	9249
7564	4418	9251
7565	498	9252
7566	452	9253
7567	4429	9254
7568	4428	9255
7569	4427	9256
7570	4426	9257
7571	4430	9258
7572	4431	9259
7573	4432	9260
7574	4433	9261
7575	4434	9262
7576	4439	9263
7577	4438	9264
7578	4437	9265
7580	4435	9267
7581	460	9268
7583	460	9270
7585	460	9272
7586	4447	9273
7587	4446	9274
7588	4445	9275
7589	4444	9276
7590	4443	9277
7591	4442	9278
7592	4441	9279
7593	4440	9280
7595	460	9282
7596	460	9283
7597	460	9284
7598	460	9285
7599	460	9286
7600	460	9287
7601	460	9288
7602	460	9289
7603	460	9290
7604	460	9291
7605	460	9292
7606	460	9293
7607	460	9294
7608	460	9295
7609	460	9296
7610	460	9297
7611	460	9298
7612	460	9299
7613	460	9300
7614	460	9301
7615	460	9302
7616	460	9303
7617	460	9304
7618	460	9305
7619	460	9306
7620	460	9307
7621	460	9308
7622	4451	9309
7623	4450	9310
7624	4449	9311
7625	460	9312
7626	3816	9313
7627	4458	9314
7628	4456	9315
7629	4455	9316
7631	4453	9318
7632	498	9319
7633	531	9320
7634	4461	9321
7635	4462	9322
7636	4463	9323
7637	4464	9324
7638	4465	9325
7639	4466	9326
7642	4473	9329
7644	4470	9331
7645	4469	9332
7646	531	9333
7647	531	9334
7648	4474	9335
7650	444	9337
7651	444	9338
7652	442	9339
7653	442	9340
7654	485	9341
7655	485	9342
7656	485	9343
7657	4477	9344
7658	444	9345
7659	4478	9346
7666	487	9353
7667	487	9354
7668	487	9355
7669	487	9356
7670	487	9357
7671	487	9358
7672	487	9359
7673	487	9360
7674	487	9361
7675	487	9362
7676	487	9363
7677	487	9364
7678	487	9365
7679	487	9366
7680	487	9367
7681	487	9368
7682	487	9369
7683	487	9370
7684	487	9371
7685	4479	9372
7686	448	9373
7687	448	9374
7688	487	9375
7689	487	9376
7690	487	9377
7691	531	9378
7692	510	9379
7708	531	9395
7709	531	9396
7710	531	9397
7711	531	9398
7712	531	9399
7713	531	9400
7714	531	9401
7715	531	9402
7716	531	9403
7717	531	9404
7718	531	9405
7719	531	9406
7721	531	9408
7723	531	9410
7724	531	9411
7725	531	9412
7726	531	9413
7727	531	9414
7728	531	9415
7729	531	9416
7730	531	9417
7731	531	9418
7732	531	9419
7733	531	9420
7734	531	9421
7735	531	9422
7736	531	9423
7737	531	9424
7738	531	9425
7739	531	9426
7740	531	9427
7741	531	9428
7742	542	9429
7743	490	9430
7744	490	9431
7745	490	9432
7746	4480	9433
7748	4482	9435
7751	4485	9438
7752	4486	9439
7753	4487	9440
7754	4488	9441
7757	4491	9444
7758	4492	9445
7760	4494	9447
7761	490	9448
7762	490	9449
7763	490	9450
7764	490	9451
7765	452	9452
7766	452	9453
7767	490	9454
7768	490	9455
7769	490	9456
7770	490	9457
7771	490	9458
7772	452	9459
7773	4496	9460
7774	4497	9461
7775	4498	9462
7776	4499	9463
7777	4500	9464
7779	4502	9466
7780	4503	9467
7782	4505	9469
7783	4506	9470
7784	522	9471
7785	522	9472
7786	526	9473
7787	526	9474
7788	522	9475
7789	526	9476
7790	526	9477
7791	526	9478
7792	526	9479
7793	526	9480
7794	526	9481
7795	526	9482
7796	526	9483
7797	526	9484
7798	526	9485
7799	526	9486
7800	526	9487
7801	526	9488
7802	526	9489
7803	526	9490
7805	4511	9492
7807	4509	9494
7808	4508	9495
7809	526	9496
7810	526	9497
7811	526	9498
7812	526	9499
7813	526	9500
7814	526	9501
7815	526	9502
7816	526	9503
7817	526	9504
7818	526	9505
7819	526	9506
7820	526	9507
7822	526	9509
7823	526	9510
7824	526	9511
7825	526	9512
7826	526	9513
7827	526	9514
7828	526	9515
7829	526	9516
7830	526	9517
7831	526	9518
7832	526	9519
7833	526	9520
7834	526	9521
7835	526	9522
7836	526	9523
7837	526	9524
7839	526	9526
7840	526	9527
7841	526	9528
7842	526	9529
7843	526	9530
7844	526	9531
7845	526	9532
7846	526	9533
7847	526	9534
7848	526	9535
7849	526	9536
7850	526	9537
7851	526	9538
7852	526	9539
7853	526	9540
7854	526	9541
7855	526	9542
7857	526	9544
7858	526	9545
7861	526	9548
7862	526	9549
7863	526	9550
7864	526	9551
7865	526	9552
7866	526	9553
7867	526	9554
7868	526	9555
7869	526	9556
7870	526	9557
7871	526	9558
7872	526	9559
7873	526	9560
7874	526	9561
7875	526	9562
7876	526	9563
7877	526	9564
7878	526	9565
7879	526	9566
7880	452	9567
7881	452	9568
7882	452	9569
7883	452	9570
7884	4512	9571
7885	4512	9572
7886	4512	9573
7887	4512	9574
7888	4512	9575
7889	4512	9576
7890	474	9577
7892	4514	9579
7893	4515	9580
7895	4517	9582
7896	4521	9583
7897	4519	9584
7898	4518	9585
7899	4522	9586
7900	4523	9587
7902	450	9589
7903	450	9590
7904	450	9591
7905	450	9592
7906	450	9593
7907	9271	9594
7908	9271	9595
7909	9271	9596
7910	9271	9597
7911	9271	9598
7912	9271	9599
7913	9271	9600
7914	9271	9601
7915	9271	9602
7916	9271	9603
7917	9271	9604
7918	9271	9605
7919	9271	9606
7920	9271	9607
7921	9271	9608
7922	9271	9609
7923	9271	9610
7924	9271	9611
7925	9271	9612
7926	9271	9613
7927	4525	9614
7928	4526	9615
7929	4527	9616
7930	4528	9617
7931	4529	9618
7932	450	9619
7933	450	9620
7934	450	9621
7935	450	9622
7936	450	9623
7937	450	9624
7938	450	9625
7939	2373	9626
7941	4532	9628
7942	4541	9629
7943	4540	9630
7944	4539	9631
7945	4538	9632
7946	4537	9633
7947	4536	9634
7948	4535	9635
7949	4534	9636
7950	4533	9637
7952	514	9639
7953	514	9640
7954	560	9641
7955	560	9642
7956	4542	9643
7957	4543	9644
7958	1991	9645
7959	4545	9646
7960	4546	9647
7961	4547	9648
7962	4548	9649
7963	4549	9650
7964	4550	9651
7965	4551	9652
7966	4552	9653
7967	10282	9654
7969	4553	9656
7973	4557	9660
7974	4556	9661
7975	4555	9662
7976	4554	9663
7978	4569	9665
7979	4568	9666
7980	4567	9667
7982	4564	9669
7983	4562	9670
7984	4535	9671
7985	4535	9672
7986	4535	9673
7987	4535	9674
7988	4535	9675
7989	4535	9676
7990	4535	9677
7991	4535	9678
7992	4535	9679
7993	4535	9680
7994	4535	9681
7995	4535	9682
7996	4535	9683
7997	4535	9684
7998	4535	9685
7999	4535	9686
8000	4535	9687
8001	4535	9688
8002	4535	9689
8003	4535	9690
8004	4535	9691
8005	4535	9692
8006	4535	9693
8007	4535	9694
8008	4535	9695
8009	4535	9696
8010	4535	9697
8011	4535	9698
8012	4535	9699
8013	4535	9700
8014	4535	9701
8015	4535	9702
8016	532	9703
8017	532	9704
8018	532	9705
8019	532	9706
8020	532	9707
8021	532	9708
8022	532	9709
8023	532	9710
8024	532	9711
8026	532	9713
8027	532	9714
8028	532	9715
8029	532	9716
8030	495	9717
8031	495	9718
8032	495	9719
8033	495	9720
8034	495	9721
8035	495	9722
8036	495	9723
8037	4578	9724
8038	4577	9725
8040	495	9727
8041	4575	9728
8042	1228	9729
8043	4574	9730
8045	4572	9732
8046	4571	9733
8047	495	9734
8048	495	9735
8049	495	9736
8050	495	9737
8051	495	9738
8052	4586	9739
8053	4585	9740
8054	4583	9741
8055	4582	9742
8056	4581	9743
8057	4580	9744
8059	443	9746
8060	443	9747
8061	4589	9748
8062	4588	9749
8063	4587	9750
8066	4592	9753
8067	4591	9754
8070	4598	9757
8071	4597	9758
8072	4596	9759
8073	4595	9760
8074	4594	9761
8075	4593	9762
8076	562	9763
8077	562	9764
8078	562	9765
8079	562	9766
8080	562	9767
8081	562	9768
8082	562	9769
8083	562	9770
8084	4601	9771
8085	563	9772
8087	563	9774
8088	4602	9775
8089	4603	9776
8090	4604	9777
8091	4605	9778
8092	4606	9779
8093	4607	9780
8094	4608	9781
8095	4609	9782
8096	4610	9783
8099	445	9786
8101	583	9788
8102	583	9789
8103	445	9790
8104	583	9791
8105	445	9792
8108	445	9795
8110	562	9797
8111	4619	9798
8112	4618	9799
8113	4617	9800
8114	4616	9801
8115	4615	9802
8116	4614	9803
8117	450	9804
8118	450	9805
8119	450	9806
8120	450	9807
8121	450	9808
8122	450	9809
8123	450	9810
8124	450	9811
8125	4629	9812
8126	4628	9813
8127	4627	9814
8128	4626	9815
8129	4625	9816
8130	4624	9817
8132	4622	9819
8133	4621	9820
8134	4620	9821
8135	583	9822
8136	583	9823
8137	583	9824
8138	445	9825
8139	445	9826
8142	583	9829
8143	445	9830
8144	4633	9831
8145	4632	9832
8146	4631	9833
8147	4630	9834
8148	4634	9835
8149	4634	9836
8150	4634	9837
8151	4634	9838
8152	4634	9839
8153	4634	9840
8154	4644	9841
8155	4643	9842
8156	4642	9843
8157	4641	9844
8158	4640	9845
8159	4639	9846
8160	4638	9847
8161	4637	9848
8162	4645	9849
8164	4353	9851
8165	4353	9852
8166	4353	9853
8168	4353	9855
8169	4353	9856
8170	4353	9857
8173	4651	9860
8174	4650	9861
8175	4649	9862
8176	4648	9863
8177	4647	9864
8178	4653	9865
8179	4655	9866
8180	4656	9867
8181	4656	9868
8182	4656	9869
8183	4656	9870
8184	4656	9871
8185	4656	9872
8186	4656	9873
8188	4656	9875
8189	4656	9876
8190	4656	9877
8191	4656	9878
8192	4656	9879
8193	4656	9880
8194	4656	9881
8195	4656	9882
8196	4657	9883
8197	4657	9884
8198	4657	9885
8199	4657	9886
8200	4657	9887
8201	4657	9888
8202	4657	9889
8203	4657	9890
8204	4657	9891
8205	4657	9892
8206	4657	9893
8207	4657	9894
8208	4657	9895
8209	4657	9896
8210	4657	9897
8211	4657	9898
8212	4657	9899
8213	4657	9900
8214	4657	9901
8215	4657	9902
8216	4658	9903
8217	4658	9904
8218	4658	9905
8219	4658	9906
8220	4658	9907
8221	4658	9908
8222	4658	9909
8223	4665	9910
8224	4664	9911
8226	4662	9913
8227	4661	9914
8228	4660	9915
8229	4659	9916
8232	4673	9919
8233	4672	9920
8234	4671	9921
8235	4670	9922
8236	4669	9923
8237	4668	9924
8238	4667	9925
8239	4666	9926
8240	502	9927
8241	502	9928
8243	4682	9930
8244	4681	9931
8245	4680	9932
8246	4679	9933
8247	4678	9934
8248	4677	9935
8250	4675	9937
8251	4674	9938
8253	603	9940
8254	603	9941
8255	603	9942
8257	603	9944
8258	4691	9945
8259	4690	9946
8260	4689	9947
8261	4688	9948
8262	4687	9949
8263	4686	9950
8264	4685	9951
8266	493	9953
8267	603	9954
8270	603	9957
8271	4692	9958
8272	4694	9959
8273	4695	9960
8274	4696	9961
8275	4697	9962
8276	4698	9963
8278	4708	9965
8279	4707	9966
8280	4706	9967
8281	4705	9968
8282	4704	9969
8283	4703	9970
8284	4702	9971
8285	4701	9972
8287	4712	9974
8288	4711	9975
8289	4710	9976
8290	4709	9977
8293	4721	9980
8296	4718	9983
8298	4714	9985
8300	639	9987
8301	4729	9988
8302	4728	9989
8303	4727	9990
8304	4726	9991
8305	4725	9992
8306	4724	9993
8307	4736	9994
8309	4734	9996
8310	4733	9997
8312	4731	9999
8313	4730	10000
8316	4737	10003
8318	4741	10005
8319	4742	10006
8321	4743	10008
8322	1043	10009
8323	1043	10010
8324	1043	10011
8325	1043	10012
8326	1043	10013
8327	1043	10014
8328	1068	10015
8329	1068	10016
8330	1068	10017
8331	1068	10018
8332	1068	10019
8333	1068	10020
8334	1068	10021
8335	1068	10022
8336	1068	10023
8337	1068	10024
8338	1068	10025
8339	1068	10026
8340	1068	10027
8341	1068	10028
8342	1068	10029
8343	1068	10030
8344	1068	10031
8345	1068	10032
8346	1068	10033
8347	4745	10034
8349	4751	10036
8350	4750	10037
8351	4749	10038
8352	4748	10039
8353	4746	10040
8355	4752	10042
8356	467	10043
8357	4646	10044
8358	452	10045
8359	452	10046
8360	452	10047
8362	572	10049
8363	572	10050
8364	3758	10051
8365	3758	10052
8366	3758	10053
8367	3758	10054
8368	3758	10055
8369	3758	10056
8370	3758	10057
8371	3758	10058
8372	3758	10059
8373	3758	10060
8374	3758	10061
8375	3758	10062
8376	3758	10063
8377	3758	10064
8378	3758	10065
8379	3758	10066
8380	3758	10067
8381	3758	10068
8382	3758	10069
8383	3758	10070
8384	3758	10071
8385	3758	10072
8386	3758	10073
8387	3758	10074
8388	3758	10075
8389	3758	10076
8390	3758	10077
8391	3758	10078
8392	3758	10079
8393	3758	10080
8394	3758	10081
8395	3758	10082
8396	4757	10083
8397	4758	10084
8401	845	10088
8402	4759	10089
8403	4759	10090
8405	2342	10092
8406	2342	10093
8407	2342	10094
8408	2342	10095
8409	2342	10096
8410	2342	10097
8411	2342	10098
8412	2342	10099
8413	2342	10100
8414	2342	10101
8415	2342	10102
8416	2342	10103
8417	2342	10104
8418	2342	10105
8419	2342	10106
8420	2342	10107
8421	2342	10108
8422	2342	10109
8423	2342	10110
8424	2342	10111
8425	2342	10112
8426	2342	10113
8427	2342	10114
8428	2342	10115
8429	2342	10116
8430	2342	10117
8431	2342	10118
8432	2342	10119
8433	2342	10120
8434	2342	10121
8435	2342	10122
8436	2342	10123
8437	2342	10124
8438	2342	10125
8439	2342	10126
8440	2342	10127
8441	2342	10128
8442	2342	10129
8443	2342	10130
8444	2342	10131
8445	2342	10132
8446	2342	10133
8447	2342	10134
8448	2342	10135
8449	2342	10136
8450	2342	10137
8451	2342	10138
8452	2342	10139
8453	2342	10140
8454	2342	10141
8455	2342	10142
8456	2342	10143
8457	2342	10144
8458	2342	10145
8459	2342	10146
8460	2342	10147
8461	2342	10148
8462	2342	10149
8463	2342	10150
8464	2342	10151
8465	2342	10152
8466	2342	10153
8467	2342	10154
8468	2342	10155
8469	2342	10156
8470	2342	10157
8471	2342	10158
8472	2342	10159
8473	2342	10160
8474	2342	10161
8475	2342	10162
8476	9271	10163
8477	9271	10164
8478	9271	10165
8479	9271	10166
8480	9271	10167
8481	9271	10168
8482	9271	10169
8483	9271	10170
8484	9271	10171
8485	9271	10172
8486	9271	10173
8487	9271	10174
8488	9271	10175
8489	818	10176
8490	818	10177
8491	818	10178
8492	818	10179
8493	818	10180
8494	818	10181
8495	4760	10182
8496	4760	10183
8497	4760	10184
8498	4760	10185
8499	4760	10186
8500	4760	10187
8501	4761	10188
8502	4761	10189
8503	4761	10190
8504	597	10191
8505	597	10192
8506	597	10193
8507	597	10194
8508	4762	10195
8509	565	10196
8511	448	10198
8512	441	10199
8515	473	10202
8518	4763	10205
8519	485	10206
8521	485	10208
8524	509	10211
8552	2236	10239
8553	3888	10240
8554	448	10241
8557	509	10244
8559	509	10246
8561	509	10248
8566	474	10253
8568	509	10255
8569	509	10256
8570	509	10257
8571	509	10258
8572	509	10259
8573	509	10260
8578	4764	10265
8579	4764	10266
8580	509	10267
8581	509	10268
8582	509	10269
8584	509	10271
8585	509	10272
8587	509	10274
8588	509	10275
8589	509	10276
8590	509	10277
8591	509	10278
8592	509	10279
8595	509	10282
8599	509	10286
8600	509	10287
8601	509	10288
8602	445	10289
8603	468	10290
8604	509	10291
8605	509	10292
8607	509	10294
8609	509	10296
8610	469	10297
8611	566	10298
8639	493	10326
8642	566	10329
8644	566	10331
8649	566	10336
8651	566	10338
8652	566	10339
8662	566	10349
8665	566	10352
8666	566	10353
8667	566	10354
8668	566	10355
8669	566	10356
8670	566	10357
8671	566	10358
8672	566	10359
8673	566	10360
8674	566	10361
8675	566	10362
8676	566	10363
8677	566	10364
8678	566	10365
8679	566	10366
8680	566	10367
8681	566	10368
8682	566	10369
8683	566	10370
8686	4759	10373
8691	460	10378
8692	3122	10379
8693	3122	10380
8694	4766	10381
8695	531	10382
8696	531	10383
8697	457	10384
8698	457	10385
8699	457	10386
8700	457	10387
8701	457	10388
8702	457	10389
8703	457	10390
8704	845	10391
8705	845	10392
8706	845	10393
8707	845	10394
8708	845	10395
8709	492	10396
8711	13473	10398
8712	13474	10399
8713	5015	10400
8714	527	10401
8715	527	10402
8716	527	10403
8717	527	10404
8718	527	10405
8719	527	10406
8720	527	10407
8721	527	10408
8722	527	10409
8723	527	10410
8724	527	10411
8725	527	10412
8726	527	10413
8727	527	10414
8728	527	10415
8729	527	10416
8730	527	10417
8731	1923	10418
8733	597	10420
8734	597	10421
8735	597	10422
8736	597	10423
8737	504	10424
8738	574	10425
8739	574	10426
8740	574	10427
8743	574	10430
8744	574	10431
8745	2536	10432
8746	2536	10433
8747	2536	10434
8748	2536	10435
8749	2536	10436
8750	2536	10437
8751	2536	10438
8752	2536	10439
8753	2536	10440
8754	2536	10441
8755	2536	10442
8756	2536	10443
8757	4767	10444
8758	566	10445
8759	3122	10446
8760	3122	10447
8762	3122	10449
8763	3122	10450
8764	3122	10451
8765	3122	10452
8766	3122	10453
8767	3122	10454
8769	3122	10456
8770	3122	10457
8771	3122	10458
8774	4766	10461
8775	450	10462
8776	450	10463
8778	4768	10465
8779	4754	10466
8780	4771	10467
8781	4770	10468
8782	4772	10469
8783	4773	10470
8784	4773	10471
8785	4773	10472
8787	4775	10474
8788	4775	10475
8789	798	10476
8790	798	10477
8791	798	10478
8792	798	10479
8793	798	10480
8794	798	10481
8795	798	10482
8796	4776	10483
8797	2954	10484
8798	2954	10485
8799	2954	10486
8800	2954	10487
8801	2954	10488
8802	2954	10489
8803	2954	10490
8804	2954	10491
8805	2954	10492
8806	2954	10493
8807	2954	10494
8808	2954	10495
8809	2954	10496
8810	2954	10497
8812	2954	10499
8813	2954	10500
8814	2954	10501
8815	4778	10502
8816	4778	10503
8817	3863	10504
8818	3863	10505
8819	3863	10506
8821	3863	10508
8822	3863	10509
8823	3863	10510
8824	3863	10511
8825	3863	10512
8826	3863	10513
8827	3863	10514
8828	3863	10515
8829	3863	10516
8830	3863	10517
8831	3863	10518
8832	3863	10519
8833	3863	10520
8834	640	10521
8835	2469	10522
8836	4779	10523
8837	4780	10524
8838	1068	10525
8839	4782	10526
8840	4783	10527
8846	1649	10533
8847	1649	10534
8848	1649	10535
8849	1649	10536
8850	1649	10537
8851	1649	10538
8852	1649	10539
8853	1649	10540
8854	1649	10541
8855	1649	10542
8856	1649	10543
8857	1649	10544
8858	1649	10545
8859	1649	10546
8860	1649	10547
8861	1649	10548
8862	1649	10549
8864	4784	10551
8865	4784	10552
8866	4784	10553
8867	4784	10554
8870	4785	10557
8871	4785	10558
8872	4786	10559
8873	4713	10560
8874	4713	10561
8875	4788	10562
8876	4789	10563
8877	4789	10564
8878	4789	10565
8879	4787	10566
8880	4790	10567
8881	4791	10568
8882	2969	10569
8883	2969	10570
8884	2969	10571
8885	2969	10572
8886	4792	10573
8887	4793	10574
8888	4794	10575
8889	4795	10576
8890	4796	10577
8891	4797	10578
8892	4798	10579
8893	4799	10580
8894	4800	10581
8895	4801	10582
8896	4802	10583
8897	1496	10584
8898	1496	10585
8899	1496	10586
8900	452	10587
8901	3888	10588
8905	4803	10592
8906	4806	10593
8907	4807	10594
8908	4808	10595
8909	4809	10596
8910	4810	10597
8911	4811	10598
8912	4812	10599
8913	4813	10600
8914	4814	10601
8915	2270	10602
8916	2270	10603
8917	2270	10604
8918	2270	10605
8919	2270	10606
8920	2270	10607
8921	2270	10608
8922	2270	10609
8923	2270	10610
8924	2270	10611
8925	4815	10612
8928	4816	10615
8931	474	10618
8932	474	10619
8933	474	10620
8934	4817	10621
8935	474	10622
8937	3309	10624
8938	3309	10625
8939	3309	10626
8940	3309	10627
8942	4818	10629
8944	1622	10631
8945	1622	10632
8946	1622	10633
8954	4819	10641
8957	4821	10644
8958	4821	10645
8966	510	10653
8968	510	10655
8969	510	10656
8970	510	10657
8971	510	10658
8972	510	10659
8973	4821	10660
8974	4821	10661
8975	4821	10662
8976	4821	10663
8977	4821	10664
8978	4821	10665
8979	4821	10666
8980	4821	10667
8981	4821	10668
8982	4821	10669
8983	4821	10670
8984	4821	10671
8985	4821	10672
8986	4821	10673
8987	4821	10674
8988	4821	10675
8989	4821	10676
8990	4821	10677
8991	4821	10678
8992	4821	10679
8993	4821	10680
8994	4821	10681
8995	4821	10682
8996	4821	10683
8997	4821	10684
8998	4821	10685
8999	4821	10686
9000	4821	10687
9001	4821	10688
9002	4821	10689
9003	4821	10690
9004	4821	10691
9005	4821	10692
9006	4821	10693
9007	4821	10694
9008	4821	10695
9009	4821	10696
9010	4821	10697
9011	4821	10698
9012	4821	10699
9013	4821	10700
9014	4821	10701
9016	4821	10703
9017	4821	10704
9018	4821	10705
9019	4821	10706
9020	4821	10707
9021	4821	10708
9022	4823	10709
9023	4824	10710
9024	3704	10711
9025	4825	10712
9026	4826	10713
9027	4827	10714
9028	4828	10715
9029	4829	10716
9030	4831	10717
9031	4832	10718
9032	4833	10719
9033	4834	10720
9034	4835	10721
9035	4834	10722
9036	4835	10723
9037	4834	10724
9038	4835	10725
9039	4834	10726
9040	4835	10727
9041	4834	10728
9042	4835	10729
9043	4834	10730
9044	4835	10731
9045	4834	10732
9046	4834	10733
9047	4834	10734
9048	4834	10735
9049	4834	10736
9050	4834	10737
9051	4834	10738
9052	4834	10739
9053	4834	10740
9054	4834	10741
9055	4834	10742
9056	4834	10743
9057	4834	10744
9058	4834	10745
9059	4834	10746
9060	4834	10747
9061	4834	10748
9062	4834	10749
9063	4834	10750
9064	4834	10751
9065	4834	10752
9066	4834	10753
9067	4834	10754
9068	4834	10755
9069	4834	10756
9070	4834	10757
9071	4835	10758
9072	4835	10759
9073	4835	10760
9074	4835	10761
9075	4835	10762
9076	4835	10763
9077	4835	10764
9078	4835	10765
9079	4835	10766
9080	4835	10767
9081	4835	10768
9082	4835	10769
9083	4835	10770
9084	4835	10771
9085	4835	10772
9086	4835	10773
9087	4835	10774
9088	4835	10775
9089	4835	10776
9090	4835	10777
9091	4835	10778
9092	4835	10779
9093	4835	10780
9094	4835	10781
9095	4835	10782
9096	4835	10783
9097	4836	10784
9098	505	10785
9099	12415	10786
9100	12418	10787
9101	4837	10788
9102	4838	10789
9103	4839	10790
9104	474	10791
9105	474	10792
9106	484	10793
9107	4841	10794
9108	564	10795
9109	1853	10796
9110	1853	10797
9111	1853	10798
9112	1853	10799
9113	1853	10800
9114	1853	10801
9115	1853	10802
9116	1853	10803
9117	1853	10804
9118	1853	10805
9119	1853	10806
9120	1853	10807
9121	1853	10808
9122	1853	10809
9123	1853	10810
9124	1853	10811
9125	1853	10812
9126	1853	10813
9127	1853	10814
9128	1853	10815
9129	1853	10816
9130	1853	10817
9131	1853	10818
9132	1853	10819
9133	1853	10820
9134	1853	10821
9135	1853	10822
9136	1853	10823
9137	1853	10824
9138	4842	10825
9139	4842	10826
9140	4842	10827
9141	4842	10828
9142	4842	10829
9143	4842	10830
9144	4842	10831
9146	4842	10833
9147	4842	10834
9148	4842	10835
9149	4842	10836
9150	4842	10837
9151	4842	10838
9152	4842	10839
9153	4842	10840
9154	4842	10841
9155	4842	10842
9156	4842	10843
9157	4842	10844
9158	4842	10845
9159	4842	10846
9160	4842	10847
9161	4842	10848
9162	4842	10849
9163	4842	10850
9164	4842	10851
9165	4842	10852
9166	4842	10853
9167	4842	10854
9168	4843	10855
9169	4843	10856
9170	4843	10857
9171	4843	10858
9172	4843	10859
9173	4843	10860
9174	4843	10861
9175	4843	10862
9176	4843	10863
9177	4843	10864
9178	4843	10865
9179	4843	10866
9180	4843	10867
9181	4843	10868
9182	4843	10869
9183	4843	10870
9184	4843	10871
9185	4843	10872
9186	4843	10873
9187	4843	10874
9188	4843	10875
9189	4843	10876
9191	4843	10878
9192	4843	10879
9193	4843	10880
9194	4843	10881
9195	4843	10882
9196	4843	10883
9197	4843	10884
9198	4843	10885
9199	1853	10886
9200	4842	10887
9201	4843	10888
9202	4844	10889
9203	1853	10890
9204	4842	10891
9205	4843	10892
9206	4844	10893
9207	4844	10894
9208	4844	10895
9209	4844	10896
9210	4844	10897
9211	4844	10898
9212	4844	10899
9213	4844	10900
9214	4844	10901
9215	4844	10902
9216	4844	10903
9217	4844	10904
9218	4844	10905
9219	4844	10906
9220	4844	10907
9221	4844	10908
9222	4844	10909
9223	4844	10910
9224	4844	10911
9226	4844	10913
9227	4844	10914
9228	4844	10915
9229	4844	10916
9230	4844	10917
9231	4844	10918
9232	4844	10919
9233	4844	10920
9234	4844	10921
9235	4844	10922
9236	4844	10923
9237	4845	10924
9238	3843	10925
9239	3843	10926
9240	3843	10927
9241	3843	10928
9242	3843	10929
9243	3843	10930
9244	3843	10931
9245	3843	10932
9246	3843	10933
9247	3843	10934
9248	3843	10935
9249	3843	10936
9250	3843	10937
9251	3843	10938
9252	4846	10939
9253	4846	10940
9254	4846	10941
9255	12319	10942
9256	12319	10943
9257	12319	10944
9258	12319	10945
9259	4847	10946
9260	4847	10947
9261	4847	10948
9262	4847	10949
9263	4847	10950
9264	4849	10951
9265	4849	10952
9266	4849	10953
9267	4849	10954
9268	568	10955
9269	474	10956
9270	474	10957
9271	474	10958
9272	474	10959
9273	474	10960
9275	476	10962
9276	476	10963
9277	4850	10964
9278	4851	10965
9279	4852	10966
9280	490	10967
9281	4853	10968
9282	4853	10969
9283	490	10970
9284	4854	10971
9285	4854	10972
9286	4854	10973
9287	490	10974
9288	4855	10975
9289	4856	10976
9291	467	10978
9292	467	10979
9296	467	10983
9298	472	10985
9300	509	10987
9301	467	10988
9310	1056	10997
9311	1056	10998
9312	1056	10999
9313	1056	11000
9315	3864	11002
9316	3864	11003
9317	3864	11004
9318	3864	11005
9319	3864	11006
9320	3864	11007
9321	3864	11008
9322	3864	11009
9323	3864	11010
9324	3864	11011
9325	3864	11012
9326	3864	11013
9327	3864	11014
9328	3864	11015
9329	3864	11016
9330	3864	11017
9331	3864	11018
9332	3864	11019
9333	3864	11020
9334	3864	11021
9335	3864	11022
9336	3864	11023
9337	3864	11024
9338	3864	11025
9339	3864	11026
9340	3864	11027
9341	3864	11028
9342	3864	11029
9343	3864	11030
9344	3864	11031
9345	3864	11032
9346	3864	11033
9347	3864	11034
9348	3864	11035
9349	3864	11036
9350	3864	11037
9351	3864	11038
9352	3864	11039
9353	3864	11040
9354	3864	11041
9355	3888	11042
9356	3888	11043
9357	3888	11044
9359	3888	11046
9361	4857	11048
9366	3888	11053
9368	3888	11055
9369	3888	11056
9372	3888	11059
9373	3888	11060
9375	3888	11062
9377	3888	11064
9378	3888	11065
9380	3888	11067
9386	472	11073
9387	3888	11074
9388	3888	11075
9390	3888	11077
9391	3888	11078
9393	4858	11080
9394	4858	11081
9395	4858	11082
9396	4858	11083
9397	3888	11084
9398	3888	11085
9399	3888	11086
9400	3888	11087
9401	4858	11088
9402	4858	11089
9403	4858	11090
9404	4858	11091
9405	4858	11092
9406	4858	11093
9407	4858	11094
9408	4858	11095
9409	4858	11096
9410	4858	11097
9411	4858	11098
9412	4858	11099
9413	4858	11100
9414	4858	11101
9415	4858	11102
9416	4858	11103
9417	4858	11104
9418	4858	11105
9419	4858	11106
9420	4858	11107
9421	4858	11108
9422	4858	11109
9423	4858	11110
9424	4858	11111
9425	4858	11112
9426	4858	11113
9428	4858	11115
9429	4858	11116
9430	3888	11117
9433	3888	11120
9434	3888	11121
9435	3888	11122
9441	3888	11128
9442	4858	11129
9443	3888	11130
9444	3888	11131
9445	4858	11132
9446	4858	11133
9447	4858	11134
9448	4858	11135
9449	3888	11136
9450	3888	11137
9451	3888	11138
9452	3888	11139
9453	4858	11140
9454	3888	11141
9455	3888	11142
9456	3888	11143
9457	3888	11144
9458	3888	11145
9459	3888	11146
9460	3888	11147
9461	4599	11148
9462	4599	11149
9463	4599	11150
9464	4512	11151
9465	4512	11152
9466	4512	11153
9467	4512	11154
9468	4512	11155
9469	4512	11156
9470	3888	11157
9472	3888	11159
9473	4859	11160
9474	3888	11161
9475	3888	11162
9476	3888	11163
9477	3888	11164
9479	3888	11166
9480	3888	11167
9484	3888	11171
9488	3888	11175
9489	1067	11176
9490	3901	11177
9491	1435	11178
9492	3535	11179
9493	799	11180
9494	799	11181
9495	799	11182
9496	3364	11183
9497	3364	11184
9498	3364	11185
9499	3364	11186
9500	3364	11187
9501	3364	11188
9502	3364	11189
9503	3364	11190
9509	3888	11196
9510	3888	11197
9511	3888	11198
9512	3888	11199
9513	3888	11200
9514	4862	11201
9515	3888	11202
9516	3888	11203
9517	4063	11204
9518	4063	11205
9519	3888	11206
9520	3888	11207
9521	3888	11208
9522	3888	11209
9523	3888	11210
9524	1837	11211
9525	1837	11212
9526	1837	11213
9527	1837	11214
9529	3888	11216
9532	2473	11219
9533	2473	11220
9534	2473	11221
9535	2473	11222
9536	2473	11223
9537	2473	11224
9538	2473	11225
9539	2473	11226
9540	2473	11227
9541	2473	11228
9542	2473	11229
9543	2473	11230
9544	2473	11231
9545	2473	11232
9546	2473	11233
9547	2473	11234
9548	2473	11235
9549	2473	11236
9550	2473	11237
9551	2514	11238
9552	2514	11239
9553	2514	11240
9554	1645	11241
9555	1645	11242
9556	1645	11243
9557	3990	11244
9558	3191	11245
9559	2088	11246
9560	2088	11247
9561	2088	11248
9562	2088	11249
9563	2088	11250
9564	4448	11251
9566	4448	11253
9567	4448	11254
9568	4448	11255
9569	1998	11256
9570	1998	11257
9571	1998	11258
9572	1998	11259
9573	1998	11260
9574	1998	11261
9575	1998	11262
9576	1998	11263
9577	1998	11264
9578	1998	11265
9579	1998	11266
9580	1998	11267
9581	1998	11268
9582	1998	11269
9583	1998	11270
9584	1998	11271
9585	3992	11272
9586	3992	11273
9587	3992	11274
9588	3992	11275
9589	3992	11276
9590	3888	11277
9591	3848	11278
9592	3848	11279
9593	3848	11280
9594	3928	11281
9595	3928	11282
9596	3888	11283
9597	3926	11284
9600	3926	11287
9601	3888	11288
9602	3888	11289
9603	3888	11290
9605	3888	11292
9606	3888	11293
9609	3888	11296
9610	753	11297
9611	753	11298
9612	753	11299
9613	753	11300
9614	753	11301
9615	753	11302
9616	753	11303
9617	1065	11304
9618	1065	11305
9619	1065	11306
9620	1065	11307
9621	1065	11308
9622	1065	11309
9623	1065	11310
9624	1065	11311
9625	3888	11312
9627	1065	11314
9628	3888	11315
9629	1448	11316
9630	1448	11317
9631	1448	11318
9632	3888	11319
9633	3888	11320
9634	1496	11321
9635	1496	11322
9636	3888	11323
9637	3888	11324
9638	3888	11325
9639	3888	11326
9642	3888	11329
9643	3888	11330
9644	3888	11331
9645	3888	11332
9646	3041	11333
9647	3041	11334
9648	3041	11335
9649	3041	11336
9650	3041	11337
9651	3041	11338
9652	3041	11339
9653	3041	11340
9654	3041	11341
9655	3041	11342
9656	3888	11343
9657	3888	11344
9659	3888	11346
9660	3888	11347
9661	3888	11348
9662	3888	11349
9663	4864	11350
9664	4864	11351
9665	3888	11352
9666	3888	11353
9668	3888	11355
9669	1981	11356
9670	11170	11357
9671	11170	11358
9672	3888	11359
9673	4865	11360
9674	3888	11361
9675	3888	11362
9676	3888	11363
9678	3888	11365
9679	3888	11366
9680	3888	11367
9681	2099	11368
9682	2099	11369
9683	2099	11370
9684	3888	11371
9685	3888	11372
9686	3187	11373
9687	3187	11374
9688	3187	11375
9689	3187	11376
9690	3187	11377
9691	3187	11378
9692	3187	11379
9693	3187	11380
9694	3187	11381
9695	3888	11382
9696	2533	11383
9697	2533	11384
9698	2533	11385
9700	474	11387
9701	3888	11388
9702	3888	11389
9703	3888	11390
9704	3888	11391
9705	3888	11392
9706	3888	11393
9707	3888	11394
9708	3888	11395
9709	4866	11396
9710	3888	11397
9711	4867	11398
9712	4869	11399
9713	3888	11400
9714	3888	11401
9715	3440	11402
9716	4410	11403
9717	4410	11404
9718	4868	11405
9719	3888	11406
9720	3888	11407
9721	474	11408
9722	474	11409
9723	3888	11410
9724	3888	11411
9725	3888	11412
9726	3888	11413
9727	3888	11414
9728	3888	11415
9729	3888	11416
9730	3888	11417
9731	3888	11418
9733	3888	11420
9734	3888	11421
9735	3888	11422
9736	3888	11423
9737	3888	11424
9738	3888	11425
9739	3888	11426
9740	4870	11427
9741	4870	11428
9742	4870	11429
9743	4870	11430
9744	4870	11431
9745	4870	11432
9746	4870	11433
9747	4870	11434
9748	474	11435
9749	531	11436
9750	531	11437
9751	468	11438
9752	4871	11439
9753	442	11440
9754	442	11441
9755	469	11442
9756	469	11443
9757	469	11444
9758	443	11445
9759	443	11446
9760	498	11447
9761	492	11448
9762	4872	11449
9763	4872	11450
9764	449	11451
9765	449	11452
9766	1840	11453
9767	1840	11454
9768	1840	11455
9769	1840	11456
9770	526	11457
9771	526	11458
9772	526	11459
9773	526	11460
9774	526	11461
9775	526	11462
9776	526	11463
9777	526	11464
9779	526	11466
9780	526	11467
9781	522	11468
9782	526	11469
9783	526	11470
9784	522	11471
9785	4535	11472
9786	4535	11473
9787	542	11474
9788	4873	11475
9789	4873	11476
9790	4873	11477
9791	4873	11478
9792	4873	11479
9793	4873	11480
9794	4873	11481
9795	4873	11482
9796	467	11483
9797	542	11484
9799	471	11486
9800	4874	11487
9801	472	11488
9802	467	11489
9803	472	11490
9804	467	11491
9807	4875	11494
9808	475	11495
9809	4876	11496
9810	467	11497
9811	536	11498
9814	448	11501
9815	467	11502
9816	472	11503
9817	553	11504
9818	553	11505
9819	478	11506
9821	478	11508
9822	478	11509
9823	480	11510
9824	4877	11511
9825	3176	11512
9826	3176	11513
9827	4493	11514
9828	4493	11515
9829	4493	11516
9830	474	11517
9831	4436	11518
9832	4436	11519
9833	4436	11520
9834	4436	11521
9836	3888	11523
9837	3888	11524
9839	3888	11526
9840	590	11527
9843	3888	11530
9844	3888	11531
9845	3888	11532
9846	3888	11533
9848	3888	11535
9849	3888	11536
9850	3888	11537
9851	3888	11538
9852	3888	11539
9853	3888	11540
9854	3888	11541
9855	3888	11542
9856	3888	11543
9858	3888	11545
9862	3888	11549
9868	3888	11555
9869	3888	11556
9871	3888	11558
9872	3888	11559
9873	3888	11560
9874	3888	11561
9876	3888	11563
9877	3888	11564
9878	3888	11565
9879	3888	11566
9880	3888	11567
9881	3888	11568
9882	3888	11569
9883	3888	11570
9884	3888	11571
9885	3888	11572
9886	3888	11573
9888	3888	11575
9890	3888	11577
9891	3888	11578
9892	3888	11579
9893	3888	11580
9894	3888	11581
9895	3888	11582
9896	3888	11583
9897	3888	11584
9898	3888	11585
9899	3888	11586
9900	3888	11587
9901	474	11588
9902	474	11589
9903	474	11590
9904	474	11591
9905	474	11592
9906	474	11593
9907	474	11594
9908	474	11595
9909	474	11596
9910	474	11597
9911	474	11598
9912	474	11599
9913	474	11600
9914	474	11601
9915	474	11602
9916	474	11603
9917	572	11604
9918	509	11605
9922	564	11609
9929	564	11616
9932	564	11619
9937	564	11624
9938	564	11625
9939	564	11626
9940	564	11627
9941	564	11628
9942	564	11629
9944	564	11631
9948	564	11635
9949	564	11636
9951	564	11638
9953	564	11640
9954	564	11641
9955	564	11642
9956	564	11643
9960	564	11647
9971	474	11658
9983	474	11670
9987	474	11674
9992	564	11679
9993	564	11680
9994	564	11681
9995	564	11682
9998	564	11685
10002	474	11689
10005	564	11692
10006	564	11693
10007	564	11694
10009	564	11696
10024	564	11711
10029	564	11716
10030	564	11717
10031	474	11718
10032	564	11719
10035	564	11722
10038	564	11725
10041	474	11728
10044	564	11731
10047	564	11734
10068	474	11755
10069	474	11756
10071	1463	11758
10075	474	11762
10100	4878	11787
10109	474	11796
10132	474	11819
10134	564	11821
10141	1043	11828
10142	1043	11829
10143	1043	11830
10144	1043	11831
10148	474	11835
10149	474	11836
10150	474	11837
10171	4879	11858
10173	564	11860
10179	4880	11866
10180	4881	11867
10186	4883	11873
10189	474	11876
10191	564	11878
10199	4885	11886
10200	4886	11887
10201	564	11888
10202	564	11889
10203	4887	11890
10206	4888	11893
10207	4889	11894
10208	570	11895
10209	570	11896
10210	570	11897
10211	2636	11898
10212	4892	11899
10213	4892	11900
10216	474	11903
10217	4894	11904
10219	4895	11906
10220	4895	11907
10221	4896	11908
10222	564	11909
10223	4897	11910
10225	1768	11912
10227	1768	11914
10228	1768	11915
10229	1768	11916
10230	1768	11917
10231	1768	11918
10232	1768	11919
10233	1768	11920
10235	1768	11922
10236	1768	11923
10237	1768	11924
10238	564	11925
10239	564	11926
10244	4899	11931
10247	564	11934
10248	564	11935
10249	4900	11936
10250	4901	11937
10252	564	11939
10253	4903	11940
10254	4904	11941
10255	460	11942
10268	4905	11955
10269	4906	11956
10280	474	11967
10282	564	11969
10286	4907	11973
10288	474	11975
10289	4909	11976
10290	4910	11977
10294	4911	11981
10295	564	11982
10300	4912	11987
10301	4913	11988
10302	474	11989
10303	1890	11990
10304	4915	11991
10305	4916	11992
10306	474	11993
10307	4917	11994
10312	4919	11999
10313	4919	12000
10314	4919	12001
10315	4919	12002
10316	4483	12003
10317	4483	12004
10318	564	12005
10321	564	12008
10322	1461	12009
10328	564	12015
10329	564	12016
10330	564	12017
10331	564	12018
10332	564	12019
10334	474	12021
10336	474	12023
10339	904	12026
10340	4921	12027
10341	4922	12028
10342	4924	12029
10343	4925	12030
10344	4926	12031
10347	4928	12034
10348	4930	12035
10352	4932	12039
10353	4933	12040
10354	564	12041
10355	564	12042
10359	4934	12046
10360	564	12047
10361	564	12048
10362	564	12049
10363	564	12050
10365	564	12052
10370	4939	12057
10371	474	12058
10372	4940	12059
10373	564	12060
10375	4941	12062
10376	4942	12063
10377	4943	12064
10378	4944	12065
10379	4945	12066
10380	564	12067
10383	474	12070
10391	4946	12078
10392	4947	12079
10393	4948	12080
10394	4948	12081
10395	4948	12082
10396	4949	12083
10397	4950	12084
10398	4951	12085
10399	4952	12086
10400	4953	12087
10401	4954	12088
10402	4955	12089
10404	4956	12091
10406	564	12093
10408	4957	12095
10415	4960	12102
10422	564	12109
10429	564	12116
10431	4961	12118
10432	4961	12119
10433	4961	12120
10434	4962	12121
10436	474	12123
10438	4963	12125
10439	4965	12126
10440	4966	12127
10441	4967	12128
10442	564	12129
10445	474	12132
10446	564	12133
10448	4968	12135
10450	474	12137
10451	4969	12138
10452	474	12139
10456	564	12143
10458	4970	12145
10459	474	12146
10460	564	12147
10461	474	12148
10463	474	12150
10465	564	12152
10468	564	12155
10472	564	12159
10473	474	12160
10475	474	12162
10483	4973	12170
10484	4974	12171
10485	4975	12172
10486	4976	12173
10487	4977	12174
10488	4977	12175
10489	4977	12176
10500	4979	12187
10504	474	12191
10508	474	12195
10509	4980	12196
10510	474	12197
10514	4981	12201
10516	474	12203
10520	4983	12207
10524	4984	12211
10532	564	12219
10537	474	12224
10541	474	12228
10553	4986	12240
10554	4987	12241
10555	4987	12242
10556	4987	12243
10557	4987	12244
10560	4990	12247
10561	4991	12248
10563	4994	12250
10564	564	12251
10565	4995	12252
10566	4996	12253
10567	4997	12254
10570	4998	12257
10571	564	12258
10573	564	12260
10575	4999	12262
10578	564	12265
10579	5001	12266
10580	5002	12267
10581	565	12268
10582	5003	12269
10583	5004	12270
10584	1991	12271
10585	5005	12272
10586	5006	12273
10587	5007	12274
10588	5009	12275
10589	5010	12276
10590	5011	12277
10592	5013	12279
10593	5014	12280
10594	5015	12281
10595	1037	12282
10596	1037	12283
10597	1037	12284
10598	1037	12285
10599	1037	12286
10600	1037	12287
10601	474	12288
10603	5016	12290
10604	545	12291
10605	3843	12292
10606	5017	12293
10607	2804	12294
10608	5018	12295
10609	5019	12296
10610	4765	12297
10611	526	12298
10612	526	12299
10614	5023	12301
10615	5024	12302
10616	5025	12303
10617	5026	12304
10618	5028	12305
10619	5029	12306
10620	5030	12307
10621	5030	12308
10622	5030	12309
10623	5030	12310
10624	5030	12311
10625	5030	12312
10626	5030	12313
10627	5030	12314
10630	522	12317
10631	474	12318
10632	474	12319
10635	526	12322
10636	474	12323
10637	474	12324
10640	474	12327
10641	522	12328
10653	526	12340
10654	5031	12341
10656	5032	12343
10657	526	12344
10659	526	12346
10660	526	12347
10661	5033	12348
10663	474	12350
10664	5034	12351
10666	474	12353
10670	474	12357
10672	474	12359
10673	474	12360
10674	474	12361
10675	474	12362
10676	474	12363
10680	474	12367
10685	474	12372
10686	474	12373
10688	474	12375
10689	474	12376
10690	5035	12377
10691	5036	12378
10693	5038	12380
10695	474	12382
10713	5040	12400
10715	5042	12402
10721	474	12408
10722	474	12409
10723	474	12410
10724	474	12411
10725	474	12412
10737	5043	12424
10738	5044	12425
10739	5045	12426
10740	5046	12427
10741	5047	12428
10742	739	12429
10743	739	12430
10744	739	12431
10745	739	12432
10746	739	12433
10747	466	12434
10748	5048	12435
10749	5049	12436
10750	5050	12437
10751	5050	12438
10753	5053	12440
10754	5054	12441
10756	5056	12443
10757	5057	12444
10758	5059	12445
10759	3862	12446
10760	3862	12447
10761	3862	12448
10762	3862	12449
10763	3862	12450
10764	3862	12451
10765	5060	12452
10766	5061	12453
10767	5062	12454
10780	5064	12467
10782	5065	12469
10783	474	12470
10785	474	12472
10786	5066	12473
10787	474	12474
10788	5067	12475
10803	5068	12490
10808	5069	12495
10830	5071	12517
10831	5072	12518
10832	5073	12519
10834	5074	12521
10836	474	12523
10837	5075	12524
10838	5076	12525
10839	5077	12526
10840	474	12527
10841	474	12528
10852	474	12539
10864	5079	12551
10865	474	12552
10867	474	12554
10876	5080	12563
10878	474	12565
10880	5081	12567
10883	474	12570
10884	474	12571
10885	474	12572
10886	474	12573
10888	474	12575
10889	474	12576
10892	5083	12579
10893	5083	12580
10895	5084	12582
10896	474	12583
10897	474	12584
10900	474	12587
10901	474	12588
10905	3888	12592
10906	3888	12593
10907	3888	12594
10908	3888	12595
10909	3888	12596
10910	3888	12597
10911	3888	12598
10912	3888	12599
10913	3888	12600
10914	3888	12601
10915	3888	12602
10916	3888	12603
10917	3888	12604
10918	3888	12605
10919	3888	12606
10920	3888	12607
10921	3888	12608
10922	3888	12609
10923	3888	12610
10924	3888	12611
10925	3888	12612
10926	3888	12613
10929	3888	12616
10930	3888	12617
10932	3888	12619
10934	3888	12621
10937	3888	12624
10938	3888	12625
10939	3888	12626
10940	3888	12627
10941	3888	12628
10942	3888	12629
10943	3888	12630
10945	3888	12632
10946	3888	12633
10947	3888	12634
10948	3888	12635
10950	3888	12637
10951	3888	12638
10952	3888	12639
10953	3888	12640
10954	3888	12641
10956	5086	12643
10957	5087	12644
10958	5088	12645
10959	3888	12646
10960	474	12647
10961	5087	12648
10962	5087	12649
10963	5089	12650
10964	474	12651
10965	5090	12652
10967	474	12654
10968	5091	12655
10969	5091	12656
10970	5091	12657
10971	474	12658
10973	5094	12660
10975	474	12662
10976	474	12663
10977	474	12664
10978	5095	12665
10979	5096	12666
10980	5096	12667
10981	5097	12668
10983	5099	12670
10984	474	12671
10985	5100	12672
10986	3350	12673
10987	3350	12674
10988	3350	12675
10989	3350	12676
10990	3350	12677
10992	3350	12679
10993	3350	12680
10994	3350	12681
10995	3350	12682
10996	3350	12683
10997	3350	12684
10998	3350	12685
10999	3350	12686
11000	5101	12687
11001	3350	12688
11002	3350	12689
11003	3350	12690
11004	3350	12691
11005	3350	12692
11006	3350	12693
11007	3350	12694
11008	3350	12695
11009	3350	12696
11010	3350	12697
11012	3350	12699
11013	3350	12700
11014	3350	12701
11015	3350	12702
11016	3350	12703
11017	3350	12704
11018	3350	12705
11019	3350	12706
11020	3350	12707
11021	3350	12708
11022	474	12709
11023	474	12710
11024	5102	12711
11025	5103	12712
11026	5105	12713
11031	564	12718
11035	474	12722
11044	5106	12731
11045	564	12732
11047	564	12734
11050	564	12737
11053	564	12740
11056	564	12743
11058	5107	12745
11069	509	12756
11079	509	12766
11081	5108	12768
11092	5109	12779
11100	5111	12787
11101	5111	12788
11102	5111	12789
11103	5112	12790
11104	5113	12791
11105	5114	12792
11106	510	12793
11107	5115	12794
11108	5115	12795
11110	510	12797
11111	510	12798
11113	4543	12800
11114	510	12801
11115	510	12802
11116	510	12803
11118	4670	12805
11119	5117	12806
11120	510	12807
11121	510	12808
11122	510	12809
11123	510	12810
11124	510	12811
11125	5119	12812
11126	5120	12813
11127	5121	12814
11128	499	12815
11130	510	12817
11131	510	12818
11132	510	12819
11133	510	12820
11134	510	12821
11135	5122	12822
11136	5122	12823
11137	510	12824
11138	5123	12825
11139	5123	12826
11140	5123	12827
11141	5123	12828
11142	5123	12829
11143	5123	12830
11144	5123	12831
11145	5123	12832
11146	5123	12833
11147	5123	12834
11149	3888	12836
11151	3888	12838
11152	474	12839
11155	5124	12842
11156	5125	12843
11157	5127	12844
11158	5128	12845
11159	5129	12846
11161	5130	12848
11163	510	12850
11164	5131	12851
11166	510	12853
11168	5132	12855
11169	5133	12856
11170	5134	12857
11171	510	12858
11172	5135	12859
11173	5136	12860
11175	5137	12862
11176	510	12863
11177	4761	12864
11180	4761	12867
11181	4761	12868
11182	4761	12869
11184	4761	12871
11185	4761	12872
11187	4761	12874
11188	4761	12875
11189	4761	12876
11191	4761	12878
11192	5138	12879
11193	4761	12880
11194	510	12881
11195	510	12882
11196	510	12883
11197	510	12884
11198	5139	12885
11199	5140	12886
11200	5141	12887
11201	5142	12888
11202	5143	12889
11203	5144	12890
11204	5145	12891
11205	4761	12892
11206	5146	12893
11207	5147	12894
11208	5148	12895
11209	5149	12896
11210	510	12897
11211	5150	12898
11212	5151	12899
11213	5151	12900
11214	5151	12901
11215	5151	12902
11216	5151	12903
11217	5151	12904
11218	5151	12905
11219	5151	12906
11220	5152	12907
11221	5153	12908
11222	564	12909
11230	1496	12917
11232	568	12919
11233	568	12920
11234	5154	12921
11236	568	12923
11237	568	12924
11239	568	12926
11240	568	12927
11241	568	12928
11242	568	12929
11244	568	12931
11245	568	12932
11246	568	12933
11247	568	12934
11248	568	12935
11249	568	12936
11255	568	12942
11256	510	12943
11257	510	12944
11258	5155	12945
11259	568	12946
11260	568	12947
11261	568	12948
11262	568	12949
11263	5156	12950
11264	510	12951
11265	510	12952
11266	5157	12953
11267	847	12954
11268	847	12955
11269	5159	12956
11270	5160	12957
11271	5161	12958
11273	510	12960
11274	510	12961
11275	510	12962
11278	564	12965
11281	564	12968
11284	564	12971
11288	510	12975
11289	510	12976
11292	510	12979
11293	510	12980
11294	510	12981
11298	5162	12985
11299	5163	12986
11300	510	12987
11301	510	12988
11302	510	12989
11303	510	12990
11308	510	12995
11309	510	12996
11310	510	12997
11311	510	12998
11312	5164	12999
11313	5165	13000
11314	5166	13001
11315	5167	13002
11316	510	13003
11317	5168	13004
11318	5169	13005
11319	510	13006
11320	5170	13007
11321	510	13008
11323	510	13010
11324	510	13011
11325	510	13012
11326	5172	13013
11327	5173	13014
11328	5174	13015
11329	845	13016
11330	5175	13017
11331	510	13018
11332	510	13019
11333	510	13020
11334	5176	13021
11335	510	13022
11336	5177	13023
11337	510	13024
11338	510	13025
11339	510	13026
11340	510	13027
11341	510	13028
11343	510	13030
11344	510	13031
11345	510	13032
11346	510	13033
11347	510	13034
11348	3859	13035
11349	3859	13036
11350	3859	13037
11352	5179	13039
11353	510	13040
11354	510	13041
11355	510	13042
11356	5178	13043
11357	5180	13044
11358	510	13045
11359	510	13046
11360	510	13047
11361	510	13048
11362	510	13049
11363	5181	13050
11364	510	13051
11365	510	13052
11366	510	13053
11367	510	13054
11368	5182	13055
11369	5183	13056
11370	5184	13057
11381	5185	13068
11382	5186	13069
11384	5188	13071
11386	5189	13073
11387	5190	13074
11388	5191	13075
11393	5192	13080
11394	583	13081
11400	845	13087
11401	845	13088
11402	845	13089
11403	845	13090
11404	845	13091
11405	5193	13092
11406	5193	13093
11407	5193	13094
11408	5195	13095
11409	5196	13096
11410	510	13097
11411	5197	13098
11412	5198	13099
11413	5199	13100
11414	5200	13101
11415	510	13102
11416	510	13103
11417	510	13104
11418	564	13105
11424	5203	13111
11425	5204	13112
11446	5206	13133
11447	5207	13134
11448	5208	13135
11449	5209	13136
11450	5210	13137
11451	5211	13138
11452	5212	13139
11454	5214	13141
11455	5215	13142
11458	509	13145
11461	509	13148
11465	509	13152
11468	509	13155
11469	509	13156
11470	509	13157
11472	509	13159
11473	509	13160
11475	509	13162
11476	509	13163
11477	509	13164
11483	509	13170
11486	509	13173
11490	509	13177
11492	509	13179
11493	509	13180
11495	3888	13182
11501	509	13188
11502	509	13189
11505	583	13192
11506	583	13193
11510	509	13197
11515	5216	13202
11517	5217	13204
11518	509	13205
11519	5220	13206
11520	5221	13207
11521	5223	13208
11522	5224	13209
11523	5225	13210
11524	5226	13211
11527	5227	13214
11528	5228	13215
11532	509	13219
11535	5230	13222
11536	509	13223
11538	5231	13225
11539	5232	13226
11541	5233	13228
11542	509	13229
11543	509	13230
11544	5234	13231
11545	509	13232
11582	509	13269
11588	509	13275
11594	509	13281
11596	5235	13283
11601	5236	13288
11603	5237	13290
11604	5238	13291
11605	5239	13292
11606	509	13293
11607	5240	13294
11608	509	13295
11609	5241	13296
11610	5242	13297
11611	509	13298
11612	509	13299
11613	509	13300
11614	5243	13301
11615	509	13302
11617	509	13304
11618	509	13305
11620	509	13307
11622	5244	13309
11626	5247	13313
11627	5248	13314
11628	5249	13315
11629	5250	13316
11630	5251	13317
11631	5252	13318
11632	5253	13319
11633	5254	13320
11634	5255	13321
11635	5256	13322
11636	5257	13323
11637	5257	13324
11638	590	13325
11639	590	13326
11640	4847	13327
11643	590	13330
11644	590	13331
11645	5259	13332
11648	5261	13335
11649	5262	13336
11650	5263	13337
11651	568	13338
11652	568	13339
11654	568	13341
11655	568	13342
11657	463	13344
11658	5265	13345
11659	568	13346
11661	568	13348
11663	568	13350
11664	5266	13351
11665	568	13352
11666	5267	13353
11668	5269	13355
11669	5270	13356
11671	5271	13358
11672	5272	13359
11673	5273	13360
11674	5274	13361
11675	13475	13362
11676	5275	13363
11677	5276	13364
11678	3888	13365
11679	3888	13366
11688	452	13375
11690	596	13377
11691	3814	13378
11692	3814	13379
11694	3814	13381
11697	3814	13384
11698	3814	13385
11699	3814	13386
11701	3814	13388
11704	3814	13391
11706	3814	13393
11707	3814	13394
11708	3814	13395
11709	3814	13396
11710	3814	13397
11711	3814	13398
11712	3814	13399
11714	3814	13401
11715	845	13402
11716	845	13403
11717	845	13404
11718	845	13405
11719	845	13406
11720	845	13407
11721	845	13408
11722	845	13409
11723	845	13410
11724	574	13411
11725	574	13412
11726	574	13413
11727	574	13414
11728	574	13415
11729	574	13416
11730	574	13417
11731	574	13418
11732	574	13419
11733	574	13420
11734	574	13421
11735	574	13422
11736	574	13423
11737	574	13424
11738	452	13425
11739	452	13426
11740	452	13427
11741	574	13428
11742	452	13429
11744	452	13431
11745	4763	13432
11746	4763	13433
11747	4763	13434
11748	4763	13435
11749	520	13436
11750	452	13437
11751	452	13438
11752	452	13439
11755	452	13442
11761	452	13448
11772	452	13459
11773	5277	13460
11780	5278	13467
11782	510	13469
11783	510	13470
11786	5279	13473
11788	5283	13475
11789	5286	13476
11790	5287	13477
11791	510	13478
11792	5288	13479
11793	5289	13480
11794	510	13481
11795	5290	13482
11796	5291	13483
11797	5292	13484
11798	596	13485
11799	596	13486
11800	596	13487
11801	5293	13488
11802	5294	13489
11803	5295	13490
11804	5297	13491
11805	5298	13492
11806	5299	13493
11819	564	13506
11829	564	13516
11835	5300	13522
11837	478	13524
11838	3395	13525
11850	3395	13537
11851	3395	13538
11852	5301	13539
11853	5301	13540
11854	4892	13541
11855	5302	13542
11856	4892	13543
11857	5302	13544
11858	4892	13545
11859	5302	13546
11860	4892	13547
11861	5302	13548
11862	5302	13549
11863	4892	13550
11864	5302	13551
11865	4892	13552
11871	5305	13558
11872	5305	13559
11877	5309	13564
11878	11899	13565
11880	2270	13567
11881	2270	13568
11882	11900	13569
11884	11903	13571
11886	5310	13573
11887	5310	13574
11888	5311	13575
11890	5122	13577
11891	442	13578
11892	5312	13579
11893	523	13580
11894	5315	13581
11895	5316	13582
11896	3859	13583
11897	3859	13584
11898	3859	13585
11899	3859	13586
11912	567	13599
11913	5317	13600
11914	5318	13601
11915	448	13602
11916	448	13603
11917	1217	13604
11918	1217	13605
11919	4148	13606
11920	4148	13607
11921	5320	13608
11922	5321	13609
11923	2998	13610
11924	2998	13611
11925	2998	13612
11926	2998	13613
11927	2998	13614
11928	5322	13615
11931	5324	13618
11932	5325	13619
11933	496	13620
11934	496	13621
11935	496	13622
11936	496	13623
11937	496	13624
11938	496	13625
11939	5326	13626
11940	496	13627
11941	496	13628
11942	496	13629
11944	5328	13631
11945	5328	13632
11946	5329	13633
11947	467	13634
11948	5330	13635
11949	5331	13636
11950	5332	13637
11951	5334	13638
11952	469	13639
11954	560	13641
11956	5341	13643
11957	5341	13644
11958	5341	13645
11959	5341	13646
11960	5341	13647
11961	5341	13648
11962	5341	13649
11963	5341	13650
11964	5341	13651
11965	5341	13652
11966	5341	13653
11967	5341	13654
11968	5341	13655
11969	5341	13656
11970	5341	13657
11971	5341	13658
11973	5341	13660
11974	5341	13661
11975	5341	13662
11976	5341	13663
11977	5341	13664
11978	5341	13665
11979	5335	13666
11980	5342	13667
11983	482	13670
11985	467	13672
11986	5343	13673
11987	5345	13674
11988	5346	13675
11989	5347	13676
11990	5347	13677
11991	5347	13678
11992	5347	13679
11993	5347	13680
11994	5347	13681
11995	5347	13682
11996	5347	13683
11997	5347	13684
11998	5347	13685
11999	5347	13686
12000	5347	13687
12001	5347	13688
12002	5347	13689
12003	5347	13690
12004	5347	13691
12005	5347	13692
12006	5347	13693
12007	5347	13694
12008	5347	13695
12009	5347	13696
12010	5347	13697
12012	5347	13699
12013	5347	13700
12014	5347	13701
12015	5347	13702
12016	5347	13703
12017	5347	13704
12018	5347	13705
12019	5347	13706
12020	5347	13707
12021	5347	13708
12022	5347	13709
12023	5347	13710
12024	5347	13711
12025	5347	13712
12026	5347	13713
12027	5347	13714
12028	5347	13715
12029	5347	13716
12030	5347	13717
12031	5347	13718
12032	5347	13719
12033	5347	13720
12034	5347	13721
12035	5347	13722
12037	508	13724
12038	508	13725
12039	5349	13726
12040	5350	13727
12041	596	13728
12042	5351	13729
12043	1768	13730
12045	5353	13732
12046	6218	13733
12047	5355	13734
12048	5356	13735
12049	5358	13736
12050	467	13737
12051	467	13738
12052	467	13739
12053	467	13740
12054	467	13741
12055	467	13742
12056	5358	13743
12057	5358	13744
12058	5361	13745
12060	5362	13747
12061	5362	13748
12062	5362	13749
12063	5363	13750
12064	440	13751
12065	5364	13752
12066	507	13753
12067	507	13754
12068	507	13755
12069	507	13756
12070	1056	13757
12071	1056	13758
12072	582	13759
12073	5365	13760
12074	5366	13761
12075	5366	13762
12076	5366	13763
12077	5366	13764
12078	5367	13765
12079	5367	13766
12080	5367	13767
12081	5367	13768
12082	5367	13769
12083	5367	13770
12084	5367	13771
12085	5367	13772
12086	5366	13773
12087	5366	13774
12088	5367	13775
12089	5366	13776
12090	5366	13777
12091	5367	13778
12092	5367	13779
12093	5367	13780
12094	5367	13781
12095	5367	13782
12096	5367	13783
12097	5367	13784
12099	495	13786
12100	5368	13787
12101	5370	13788
12102	5369	13789
12103	5371	13790
12104	1896	13791
12105	1896	13792
12106	1896	13793
12107	5327	13794
12108	753	13795
12109	5372	13796
12110	450	13797
12111	485	13798
12112	485	13799
12113	485	13800
12114	5374	13801
12115	450	13802
12116	450	13803
12117	450	13804
12122	484	13809
12123	484	13810
12124	484	13811
12125	484	13812
12126	484	13813
12127	484	13814
12129	450	13816
12130	484	13817
12131	484	13818
12132	449	13819
12133	480	13820
12135	448	13822
12136	448	13823
12138	452	13825
12139	452	13826
12140	452	13827
12141	452	13828
12142	1166	13829
12143	1166	13830
12144	1166	13831
12145	1166	13832
12147	452	13834
12148	452	13835
12149	5375	13836
12151	5376	13838
12152	473	13839
12153	5377	13840
12154	5378	13841
12155	481	13842
12156	603	13843
12157	482	13844
12159	584	13846
12160	584	13847
12161	584	13848
12162	603	13849
12163	603	13850
12164	603	13851
12165	603	13852
12168	603	13855
12169	603	13856
12170	5379	13857
12171	5379	13858
12172	5379	13859
12173	5379	13860
12174	5379	13861
12175	5379	13862
12176	5379	13863
12178	472	13865
12180	481	13867
12181	452	13868
12183	514	13870
12186	567	13873
12187	5380	13874
12205	5381	13892
12206	5382	13893
12207	5383	13894
12209	3330	13896
12210	3330	13897
12211	5384	13898
12213	5385	13900
12214	473	13901
12215	5386	13902
12216	5387	13903
12217	5388	13904
12218	1146	13905
12219	5389	13906
12220	496	13907
12221	5392	13908
12222	5392	13909
12223	5392	13910
12224	5392	13911
12225	5392	13912
12226	5392	13913
12227	5392	13914
12228	5392	13915
12229	5392	13916
12230	5392	13917
12231	5392	13918
12232	5392	13919
12233	5392	13920
12234	2464	13921
12235	2464	13922
12236	2464	13923
12237	2464	13924
12238	2464	13925
12239	2464	13926
12240	2464	13927
12241	5393	13928
12242	5394	13929
12243	5395	13930
12244	5396	13931
12245	5396	13932
12246	5396	13933
12247	5396	13934
12248	5396	13935
12249	5396	13936
12250	5396	13937
12251	1297	13938
12252	1297	13939
12253	1297	13940
12254	1297	13941
12255	1297	13942
12256	1297	13943
12257	1297	13944
12258	5396	13945
12259	5396	13946
12260	5396	13947
12261	5397	13948
12262	5398	13949
12263	5399	13950
12264	5400	13951
12265	5401	13952
12266	5402	13953
12267	3364	13954
12268	3364	13955
12269	3364	13956
12270	3364	13957
12271	460	13958
12272	5403	13959
12273	5404	13960
12274	5405	13961
12275	465	13962
12276	465	13963
12277	5406	13964
12278	5407	13965
12279	5408	13966
12280	5409	13967
12281	5410	13968
12282	5411	13969
12284	5412	13971
12285	5413	13972
12286	3122	13973
12287	3122	13974
12288	471	13975
12289	5414	13976
12290	460	13977
12291	460	13978
12292	460	13979
12293	460	13980
12294	460	13981
12295	5415	13982
12296	460	13983
12297	5416	13984
12298	5417	13985
12299	5418	13986
12300	5419	13987
12301	5420	13988
12302	5421	13989
12303	5422	13990
12304	5422	13991
12305	5422	13992
12306	5422	13993
12307	5422	13994
12308	5422	13995
12309	5422	13996
12310	5422	13997
12311	5422	13998
12312	5422	13999
12313	5422	14000
12314	5422	14001
12315	5422	14002
12316	5422	14003
12317	5423	14004
12318	449	14005
12319	583	14006
12323	4841	14010
12325	3859	14012
12326	449	14013
12327	449	14014
12328	449	14015
12329	603	14016
12330	603	14017
12331	472	14018
12332	472	14019
12333	603	14020
12334	472	14021
12335	472	14022
12336	472	14023
12337	603	14024
12338	603	14025
12339	603	14026
12340	603	14027
12341	603	14028
12342	472	14029
12343	472	14030
12344	603	14031
12345	467	14032
12346	467	14033
12347	467	14034
12348	467	14035
12349	467	14036
12350	467	14037
12351	603	14038
12352	603	14039
12353	467	14040
12354	542	14041
12355	542	14042
12356	542	14043
12357	567	14044
12358	567	14045
12359	5425	14046
12360	603	14047
12361	603	14048
12362	603	14049
12363	603	14050
12364	5257	14051
12365	603	14052
12366	603	14053
12368	603	14055
12369	603	14056
12374	5426	14061
12375	5426	14062
12376	5426	14063
12378	5426	14065
12379	5426	14066
12381	5426	14068
12382	5426	14069
12383	5426	14070
12384	5426	14071
12385	5426	14072
12386	5426	14073
12387	5426	14074
12388	5426	14075
12389	5426	14076
12390	5426	14077
12391	5426	14078
12392	5426	14079
12393	584	14080
12394	449	14081
12395	449	14082
12396	449	14083
12397	449	14084
12398	449	14085
12400	449	14087
12401	449	14088
12402	449	14089
12403	449	14090
12404	449	14091
12405	449	14092
12406	449	14093
12407	5426	14094
12408	5426	14095
12409	5426	14096
12410	5426	14097
12411	5426	14098
12412	5426	14099
12413	5426	14100
12414	5426	14101
12415	5426	14102
12416	5427	14103
12417	487	14104
12418	487	14105
12419	487	14106
12420	487	14107
12421	5428	14108
12422	5429	14109
12426	603	14113
12427	603	14114
12430	5432	14117
12431	485	14118
12432	485	14119
12433	485	14120
12434	485	14121
12435	485	14122
12437	485	14124
12438	485	14125
12439	485	14126
12440	485	14127
12443	485	14130
12444	485	14131
12445	542	14132
12446	542	14133
12448	485	14135
12449	5433	14136
12450	542	14137
12451	542	14138
12453	485	14140
12454	5435	14141
12455	5434	14142
12456	5436	14143
12458	442	14145
12459	5437	14146
12460	5438	14147
12461	460	14148
12462	460	14149
12463	460	14150
12464	5439	14151
12465	460	14152
12466	460	14153
12467	460	14154
12468	460	14155
12469	5440	14156
12470	440	14157
12471	5441	14158
12472	5441	14159
12473	5444	14160
12474	5445	14161
12475	440	14162
12476	5446	14163
12477	440	14164
12478	5447	14165
12479	467	14166
12480	1146	14167
12481	1146	14168
12482	536	14169
12483	536	14170
12484	5448	14171
12485	5449	14172
12488	4162	14175
12489	4162	14176
12490	5450	14177
12491	5451	14178
12492	5452	14179
12493	5453	14180
12494	4162	14181
12495	469	14182
12496	469	14183
12498	469	14185
12499	1056	14186
12500	5456	14187
12501	5457	14188
12502	5458	14189
12503	2554	14190
12504	5463	14191
12505	498	14192
12506	498	14193
12507	5464	14194
12508	465	14195
12509	460	14196
12510	5466	14197
12511	5466	14198
12512	460	14199
12513	5467	14200
12514	465	14201
12515	5468	14202
12516	542	14203
12517	542	14204
12518	472	14205
12519	467	14206
12520	5469	14207
12521	5470	14208
12522	5471	14209
12523	5472	14210
12524	5472	14211
12525	5473	14212
12526	523	14213
12527	5474	14214
12528	5475	14215
12529	482	14216
12530	482	14217
12531	5483	14218
12532	5484	14219
12533	5485	14220
12534	5486	14221
12536	5488	14223
12538	5489	14225
12539	523	14226
12540	5491	14227
12541	5491	14228
12542	5491	14229
12543	5491	14230
12544	5492	14231
12545	5492	14232
12546	5492	14233
12547	5492	14234
12548	5492	14235
12549	5492	14236
12550	5492	14237
12551	5492	14238
12552	5493	14239
12553	5493	14240
12554	5493	14241
12555	5493	14242
12556	5493	14243
12557	5493	14244
12558	523	14245
12559	5494	14246
12560	5431	14247
12561	5497	14248
12562	474	14249
12563	5498	14250
12564	5499	14251
12565	5500	14252
12573	445	14260
12574	482	14261
12575	482	14262
12576	448	14263
12577	448	14264
12578	5501	14265
12579	482	14266
12580	5502	14267
12581	5503	14268
12582	5505	14269
12585	478	14272
12587	5506	14274
12588	5507	14275
12589	5509	14276
12590	5510	14277
12591	5030	14278
12592	5511	14279
12593	5512	14280
12594	5513	14281
12595	5514	14282
12597	5516	14284
12598	5517	14285
12599	5518	14286
12600	5519	14287
12601	5520	14288
12602	5521	14289
12603	5522	14290
12604	542	14291
12605	542	14292
12606	5523	14293
12607	5524	14294
12608	5525	14295
12610	472	14297
12611	5527	14298
12613	5529	14300
12614	5530	14301
12615	5531	14302
12616	5532	14303
12617	5533	14304
12618	5534	14305
12619	5535	14306
12620	5537	14307
12621	5538	14308
12622	5539	14309
12623	5540	14310
12625	5543	14312
12626	5544	14313
12627	5545	14314
12628	5546	14315
12629	5547	14316
12630	5548	14317
12631	5549	14318
12632	5550	14319
12634	5551	14321
12635	5551	14322
12636	5551	14323
12637	5551	14324
12638	5551	14325
12639	493	14326
12641	493	14328
12642	478	14329
12643	493	14330
12644	5552	14331
12646	5553	14333
12647	5553	14334
12648	536	14335
12649	582	14336
12650	582	14337
12651	477	14338
12652	5554	14339
12653	5554	14340
12654	4162	14341
12655	582	14342
12656	582	14343
12657	477	14344
12658	477	14345
12660	5468	14347
12661	582	14348
12662	5555	14349
12663	5556	14350
12664	476	14351
12665	2409	14352
12666	2409	14353
12667	542	14354
12668	542	14355
12669	5557	14356
12670	510	14357
12671	2409	14358
12672	2409	14359
12673	5558	14360
12674	5559	14361
12675	468	14362
12676	476	14363
12677	5560	14364
12678	5561	14365
12679	5562	14366
12681	5563	14368
12682	5564	14369
12683	5565	14370
12684	477	14371
12685	477	14372
12686	477	14373
12687	5566	14374
12688	476	14375
12689	476	14376
12690	5343	14377
12691	5567	14378
12692	5567	14379
12693	5567	14380
12694	5567	14381
12695	5567	14382
12696	5567	14383
12697	2408	14384
12698	478	14385
12699	5568	14386
12700	5569	14387
12701	5570	14388
12702	476	14389
12703	2408	14390
12704	2408	14391
12705	5571	14392
12706	509	14393
12709	5572	14396
12711	2409	14398
12712	5573	14399
12713	477	14400
12714	5574	14401
12715	476	14402
12716	5575	14403
12718	5577	14405
12719	2409	14406
12720	2409	14407
12721	2409	14408
12722	2409	14409
12723	2409	14410
12724	477	14411
12725	477	14412
12726	477	14413
12727	476	14414
12728	476	14415
12729	476	14416
12730	476	14417
12731	476	14418
12732	476	14419
12733	528	14420
12735	468	14422
12736	481	14423
12738	5580	14425
12739	5580	14426
12740	3343	14427
12741	3343	14428
12742	3343	14429
12743	5582	14430
12744	528	14431
12745	528	14432
12746	528	14433
12747	528	14434
12748	528	14435
12749	528	14436
12750	542	14437
12751	542	14438
12752	477	14439
12753	472	14440
12755	481	14442
12756	481	14443
12757	472	14444
12758	481	14445
12759	481	14446
12760	472	14447
12761	5583	14448
12762	481	14449
12763	467	14450
12764	467	14451
12765	467	14452
12766	542	14453
12767	481	14454
12768	481	14455
12769	5584	14456
12770	467	14457
12771	467	14458
12772	542	14459
12773	467	14460
12774	467	14461
12775	467	14462
12777	467	14464
12778	467	14465
12779	468	14466
12780	536	14467
12782	472	14469
12783	472	14470
12784	536	14471
12785	472	14472
12786	4162	14473
12787	951	14474
12788	467	14475
12789	472	14476
12790	5585	14477
12791	5586	14478
12792	472	14479
12793	472	14480
12794	472	14481
12795	536	14482
12796	1146	14483
12797	5587	14484
12798	5588	14485
12799	468	14486
12800	469	14487
12801	5589	14488
12802	5590	14489
12803	5591	14490
12804	5592	14491
12806	5594	14493
12807	3350	14494
12808	3350	14495
12809	5595	14496
12810	472	14497
12811	472	14498
12812	472	14499
12813	472	14500
12814	467	14501
12815	467	14502
12816	452	14503
12817	452	14504
12818	452	14505
12819	467	14506
12820	472	14507
12821	542	14508
12822	5596	14509
12823	448	14510
12824	5597	14511
12825	5598	14512
12826	467	14513
12827	5599	14514
12828	467	14515
12829	5600	14516
12830	5601	14517
12831	5602	14518
12832	5603	14519
12833	5604	14520
12834	5605	14521
12835	5606	14522
12836	5629	14523
12837	5630	14524
12838	5631	14525
12845	5637	14532
12846	472	14533
12848	472	14535
12849	472	14536
12851	472	14538
12852	472	14539
12853	5650	14540
12854	5651	14541
12855	5652	14542
12857	467	14544
12858	467	14545
12859	467	14546
12860	467	14547
12861	536	14548
12862	536	14549
12863	4162	14550
12864	448	14551
12865	4162	14552
12866	4162	14553
12867	472	14554
12868	472	14555
12869	5654	14556
12870	5654	14557
12871	5654	14558
12872	5655	14559
12873	5655	14560
12874	4162	14561
12875	5656	14562
12876	5657	14563
12877	5657	14564
12878	5657	14565
12880	5657	14567
12881	482	14568
12882	482	14569
12883	5658	14570
12884	472	14571
12885	481	14572
12886	481	14573
12887	477	14574
12888	477	14575
12889	542	14576
12890	481	14577
12891	452	14578
12892	452	14579
12893	452	14580
12894	452	14581
12895	542	14582
12896	452	14583
12897	452	14584
12898	452	14585
12899	452	14586
12900	452	14587
12901	452	14588
12902	452	14589
12903	452	14590
12905	509	14592
12906	509	14593
12907	509	14594
12909	472	14596
12910	509	14597
12911	603	14598
12912	603	14599
12913	603	14600
12914	603	14601
12915	472	14602
12916	492	14603
12917	492	14604
12918	492	14605
12919	492	14606
12920	509	14607
12921	509	14608
12922	509	14609
12923	509	14610
12924	509	14611
12925	509	14612
12927	460	14614
12928	442	14615
12929	467	14616
12930	467	14617
12931	460	14618
12932	467	14619
12933	465	14620
12935	443	14622
12936	443	14623
12937	5554	14624
12938	5554	14625
12939	472	14626
12940	542	14627
12941	542	14628
12942	472	14629
12943	472	14630
12948	542	14635
12949	542	14636
12950	467	14637
12951	564	14638
12954	5660	14641
12958	564	14645
12967	564	14654
12968	564	14655
12972	485	14659
12982	564	14669
12985	564	14672
12988	564	14675
12989	564	14676
12990	564	14677
12994	948	14681
12997	948	14684
12998	948	14685
13004	564	14691
13005	564	14692
13008	564	14695
13009	564	14696
13010	564	14697
13011	564	14698
13012	477	14699
13013	1369	14700
13014	1369	14701
13019	5661	14706
13021	1921	14708
13022	1921	14709
13023	1921	14710
13024	565	14711
13025	565	14712
13026	1921	14713
13027	3814	14714
13028	3386	14715
13029	2409	14716
13030	3386	14717
13031	3386	14718
13032	3386	14719
13033	3386	14720
13034	564	14721
13035	564	14722
13036	564	14723
13038	564	14725
13039	5667	14726
13040	564	14727
13041	564	14728
13042	564	14729
13043	542	14730
13044	542	14731
13045	3428	14732
13046	3428	14733
13047	3428	14734
13048	3428	14735
13049	3428	14736
13050	3428	14737
13051	3428	14738
13052	3428	14739
13053	3428	14740
13054	3428	14741
13055	3428	14742
13056	564	14743
13057	564	14744
13058	3816	14745
13059	564	14746
13060	3816	14747
13061	3816	14748
13062	3816	14749
13063	3816	14750
13064	3816	14751
13065	564	14752
13066	564	14753
13068	3862	14755
13069	3862	14756
13070	3862	14757
13071	3862	14758
13072	3862	14759
13073	3862	14760
13074	2409	14761
13075	3881	14762
13076	3881	14763
13077	3881	14764
13078	3881	14765
13079	476	14766
13080	476	14767
13083	564	14770
13084	564	14771
13085	476	14772
13086	449	14773
13087	449	14774
13088	449	14775
13089	5669	14776
13090	5669	14777
13091	5670	14778
13092	5671	14779
13093	5672	14780
13094	5673	14781
13096	5674	14783
13097	5675	14784
13098	1768	14785
13099	1768	14786
13100	1768	14787
13101	5676	14788
13103	474	14790
13104	474	14791
13105	474	14792
13106	474	14793
13107	474	14794
13108	474	14795
13109	474	14796
13112	474	14799
13113	474	14800
13114	474	14801
13117	474	14804
13118	474	14805
13119	474	14806
13120	474	14807
13121	474	14808
13122	474	14809
13123	474	14810
13124	474	14811
13125	509	14812
13127	509	14814
13128	509	14815
13129	509	14816
13130	509	14817
13131	509	14818
13132	509	14819
13133	509	14820
13135	474	14822
13136	474	14823
13138	474	14825
13139	474	14826
13140	474	14827
13141	474	14828
13142	452	14829
13144	476	14831
13145	476	14832
13146	3864	14833
13147	3864	14834
13148	3864	14835
13149	3864	14836
13150	3864	14837
13151	3864	14838
13152	3864	14839
13153	3864	14840
13154	3864	14841
13155	3864	14842
13156	3864	14843
13157	3864	14844
13158	3864	14845
13159	3864	14846
13160	5679	14847
13161	5679	14848
13162	5679	14849
13163	5679	14850
13164	5679	14851
13165	5679	14852
13166	5679	14853
13167	5679	14854
13168	5679	14855
13169	5679	14856
13170	5679	14857
13171	5679	14858
13172	5679	14859
13173	5679	14860
13174	2409	14861
13175	2409	14862
13177	476	14864
13178	474	14865
13179	474	14866
13180	474	14867
13181	476	14868
13182	476	14869
13183	5680	14870
13184	483	14871
13185	2536	14872
13186	2536	14873
13187	2536	14874
13188	2536	14875
13189	2536	14876
13190	2536	14877
13191	2536	14878
13192	2536	14879
13193	2536	14880
13194	2536	14881
13195	3986	14882
13196	3986	14883
13197	3986	14884
13198	3986	14885
13199	3986	14886
13200	3986	14887
13201	3986	14888
13202	3986	14889
13203	3986	14890
13204	3986	14891
13205	3986	14892
13206	3986	14893
13207	3986	14894
13208	3986	14895
13209	3986	14896
13210	5682	14897
13211	5683	14898
13212	5684	14899
13213	5685	14900
13214	5686	14901
13215	1077	14902
13216	1077	14903
13217	1077	14904
13218	483	14905
13219	5687	14906
13220	5688	14907
13222	5690	14909
13223	5691	14910
13225	5693	14912
13226	5694	14913
13227	5695	14914
13228	5696	14915
13229	5697	14916
13230	5698	14917
13232	5700	14919
13233	5701	14920
13234	5702	14921
13235	5703	14922
13236	5705	14923
13237	5706	14924
13238	5707	14925
13239	5708	14926
13240	483	14927
13241	5709	14928
13242	5710	14929
13243	460	14930
13244	5711	14931
13245	5712	14932
13246	5713	14933
13247	5714	14934
13248	5714	14935
13249	5714	14936
13250	5715	14937
13251	5716	14938
13252	476	14939
13253	5718	14940
13254	5719	14941
13255	5720	14942
13256	5721	14943
13257	5722	14944
13263	5724	14950
13264	5725	14951
13265	5726	14952
13266	5727	14953
13267	1429	14954
13268	4221	14955
13269	4222	14956
13270	4223	14957
13271	4224	14958
13272	4225	14959
13273	4226	14960
13274	5727	14961
13275	5728	14962
13276	5728	14963
13277	5729	14964
13278	5729	14965
13280	5730	14967
13282	476	14969
13283	5732	14970
13284	5732	14971
13286	5732	14973
13287	5732	14974
13288	5732	14975
13289	5732	14976
13290	5732	14977
13291	483	14978
13292	483	14979
13293	5735	14980
13294	5736	14981
13295	5737	14982
13296	5738	14983
13297	5739	14984
13298	5740	14985
13299	5741	14986
13300	5742	14987
13301	5743	14988
13302	5744	14989
13303	5744	14990
13304	5744	14991
13305	5744	14992
13306	5744	14993
13307	5744	14994
13308	5745	14995
13309	5746	14996
13310	5747	14997
13311	5749	14998
13312	5751	14999
13313	5752	15000
13314	5753	15001
13316	476	15003
13317	5755	15004
13318	5755	15005
13319	5755	15006
13320	5755	15007
13321	5755	15008
13322	5755	15009
13323	5755	15010
13324	5755	15011
13325	5755	15012
13326	5755	15013
13327	5755	15014
13328	5755	15015
13329	5755	15016
13330	5755	15017
13331	5755	15018
13332	5755	15019
13335	5755	15022
13336	5755	15023
13338	5755	15025
13339	5755	15026
13340	5755	15027
13341	5755	15028
13342	5755	15029
13343	5755	15030
13346	5758	15033
13347	5759	15034
13348	5759	15035
13349	5759	15036
13350	5759	15037
13351	5759	15038
13352	5760	15039
13353	5760	15040
13354	510	15041
13355	510	15042
13356	510	15043
13357	510	15044
13361	510	15048
13362	510	15049
13364	510	15051
13365	510	15052
13366	510	15053
13367	510	15054
13368	510	15055
13369	476	15056
13371	510	15058
13373	510	15060
13375	510	15062
13376	510	15063
13377	510	15064
13378	510	15065
13379	510	15066
13380	510	15067
13381	510	15068
13382	510	15069
13384	565	15071
13386	483	15073
13387	483	15074
13388	5763	15075
13389	5764	15076
13390	5765	15077
13391	5766	15078
13392	5767	15079
13393	5768	15080
13394	5769	15081
13395	5769	15082
13396	476	15083
13397	510	15084
13398	5771	15085
13399	483	15086
13400	5772	15087
13401	2409	15088
13402	2409	15089
13403	483	15090
13404	3115	15091
13405	5773	15092
13406	3115	15093
13407	5773	15094
13408	3115	15095
13409	5773	15096
13410	3115	15097
13411	5773	15098
13412	3115	15099
13413	5773	15100
13414	3115	15101
13415	5773	15102
13416	3115	15103
13417	5773	15104
13418	3115	15105
13419	5773	15106
13420	3115	15107
13421	5773	15108
13422	3115	15109
13423	5773	15110
13424	3115	15111
13425	5773	15112
13426	3115	15113
13427	5773	15114
13428	3115	15115
13429	5773	15116
13430	3115	15117
13431	5773	15118
13432	3115	15119
13433	5773	15120
13434	3115	15121
13435	5773	15122
13436	2409	15123
13437	476	15124
13438	1527	15125
13439	1527	15126
13440	1527	15127
13441	1527	15128
13442	5774	15129
13443	5775	15130
13444	477	15131
13446	5777	15133
13448	5779	15135
13449	5780	15136
13450	5781	15137
13451	5782	15138
13452	5784	15139
13453	5784	15140
13454	5784	15141
13455	5784	15142
13456	5784	15143
13457	5784	15144
13458	5784	15145
13459	5784	15146
13460	5784	15147
13461	5784	15148
13462	5784	15149
13463	5784	15150
13464	5784	15151
13465	5784	15152
13466	5784	15153
13470	5784	15157
13471	5553	15158
13472	5785	15159
13473	460	15160
13477	2166	15164
13478	2166	15165
13479	2166	15166
13480	5789	15167
13482	5791	15169
13483	5795	15170
13484	5794	15171
13485	5796	15172
13486	5797	15173
13488	5069	15175
13489	5069	15176
13490	5069	15177
13491	5069	15178
13492	5069	15179
13493	5069	15180
13494	5069	15181
13495	5069	15182
13496	5069	15183
13497	5069	15184
13498	5069	15185
13499	5069	15186
13501	5803	15188
13502	5804	15189
13503	5805	15190
13504	5806	15191
13506	5807	15193
13507	460	15194
13508	460	15195
13509	5808	15196
13510	460	15197
13511	460	15198
13512	4120	15199
13513	4120	15200
13514	4120	15201
13515	4120	15202
13516	460	15203
13517	460	15204
13518	460	15205
13519	460	15206
13521	460	15208
13522	460	15209
13523	474	15210
13524	5809	15211
13525	5810	15212
13526	5811	15213
13527	5812	15214
13528	5813	15215
13529	5814	15216
13530	5815	15217
13531	5816	15218
13532	5817	15219
13533	5818	15220
13534	5819	15221
13535	5820	15222
13536	460	15223
13537	5821	15224
13538	460	15225
13539	5822	15226
13540	5823	15227
13541	5824	15228
13542	5825	15229
13543	5826	15230
13544	5827	15231
13545	5828	15232
13546	5829	15233
13547	5830	15234
13548	5831	15235
13550	5833	15237
13551	5833	15238
13552	5833	15239
13553	5834	15240
13554	5834	15241
13555	5834	15242
13556	5835	15243
13557	5835	15244
13558	5835	15245
13559	5836	15246
13560	5836	15247
13561	5836	15248
13562	5837	15249
13563	5837	15250
13564	460	15251
13565	460	15252
13566	5838	15253
13567	460	15254
13568	460	15255
13569	5839	15256
13571	5841	15258
13572	5842	15259
13573	490	15260
13574	5843	15261
13575	5844	15262
13576	490	15263
13577	5845	15264
13578	5845	15265
13579	5846	15266
13580	490	15267
13582	5847	15269
13583	5847	15270
13584	5848	15271
13585	5849	15272
13586	460	15273
13587	5850	15274
13588	5850	15275
13590	490	15277
13591	5850	15278
13592	5850	15279
13593	460	15280
13594	5851	15281
13595	5852	15282
13596	490	15283
13597	5853	15284
13598	490	15285
13599	490	15286
13600	5854	15287
13601	490	15288
13602	490	15289
13604	460	15291
13605	5855	15292
13606	490	15293
13607	5856	15294
13608	5857	15295
13609	5858	15296
13610	5859	15297
13611	5860	15298
13612	5861	15299
13613	5862	15300
13614	490	15301
13615	490	15302
13616	490	15303
13617	490	15304
13618	5863	15305
13619	5864	15306
13620	5865	15307
13621	5865	15308
13622	5866	15309
13624	5868	15311
13625	5869	15312
13626	5870	15313
13627	5871	15314
13628	5872	15315
13629	5873	15316
13630	490	15317
13631	10253	15318
13632	5875	15319
13633	5876	15320
13634	5877	15321
13635	5878	15322
13636	490	15323
13637	5879	15324
13638	490	15325
13639	5880	15326
13640	5881	15327
13641	5882	15328
13643	5883	15330
13644	5884	15331
13645	5885	15332
13646	5886	15333
13647	5887	15334
13648	5888	15335
13649	5889	15336
13650	2529	15337
13651	5890	15338
13652	5892	15339
13654	5894	15341
13655	5894	15342
13656	5894	15343
13657	5894	15344
13658	5894	15345
13659	5894	15346
13660	5894	15347
13661	5895	15348
13662	5895	15349
13663	5895	15350
13664	5895	15351
13665	5895	15352
13666	5895	15353
13667	5895	15354
13668	5899	15355
13669	5896	15356
13670	5896	15357
13671	5896	15358
13672	5896	15359
13673	5896	15360
13674	5896	15361
13675	5896	15362
13676	5897	15363
13677	5897	15364
13678	5897	15365
13679	5897	15366
13680	5897	15367
13681	5897	15368
13682	5897	15369
13683	4599	15370
13684	4599	15371
13685	4599	15372
13686	4599	15373
13687	4599	15374
13688	5900	15375
13689	5901	15376
13690	5902	15377
13691	5903	15378
13692	5479	15379
13693	5904	15380
13694	5905	15381
13695	5906	15382
13697	5908	15384
13698	5909	15385
13699	5910	15386
13700	5911	15387
13701	5912	15388
13702	5913	15389
13704	5915	15391
13705	5916	15392
13706	5917	15393
13707	5918	15394
13708	5919	15395
13709	5921	15396
13710	5922	15397
13711	5920	15398
13712	490	15399
13713	490	15400
13714	5923	15401
13715	5699	15402
13716	5699	15403
13717	5699	15404
13718	5699	15405
13719	5699	15406
13720	5699	15407
13721	518	15408
13722	5924	15409
13724	518	15411
13726	518	15413
13727	518	15414
13728	5926	15415
13729	5926	15416
13730	3374	15417
13731	3374	15418
13732	3374	15419
13733	3374	15420
13734	3374	15421
13740	3374	15427
13741	3374	15428
13742	3374	15429
13743	3374	15430
13744	3374	15431
13745	3374	15432
13746	3374	15433
13747	3374	15434
13748	3374	15435
13749	3374	15436
13750	3374	15437
13752	3374	15439
13753	3374	15440
13754	3374	15441
13755	3374	15442
13756	3374	15443
13757	3374	15444
13758	3374	15445
13759	3374	15446
13760	3374	15447
13761	3374	15448
13762	3374	15449
13763	3374	15450
13764	3374	15451
13765	3374	15452
13766	3374	15453
13767	3374	15454
13768	3374	15455
13769	3374	15456
13770	3374	15457
13771	3374	15458
13772	3374	15459
13773	3374	15460
13774	3374	15461
13775	3374	15462
13776	3374	15463
13777	3374	15464
13778	3374	15465
13779	3374	15466
13780	3374	15467
13781	3374	15468
13783	3374	15470
13784	3374	15471
13785	3374	15472
13786	3374	15473
13787	3374	15474
13788	3374	15475
13789	3374	15476
13790	3374	15477
13791	3374	15478
13792	3374	15479
13793	3374	15480
13794	3374	15481
13795	3374	15482
13796	3374	15483
13797	3374	15484
13798	3374	15485
13799	518	15486
13800	518	15487
13801	5927	15488
13802	3374	15489
13803	3374	15490
13804	3374	15491
13805	3374	15492
13806	3374	15493
13807	3374	15494
13808	3374	15495
13809	3374	15496
13810	3374	15497
13811	3374	15498
13812	3374	15499
13813	3374	15500
13814	3374	15501
13815	3374	15502
13816	3374	15503
13817	3374	15504
13818	3374	15505
13819	3374	15506
13820	3374	15507
13821	3374	15508
13822	3374	15509
13823	3374	15510
13824	3374	15511
13825	3374	15512
13826	3374	15513
13827	3374	15514
13828	3374	15515
13829	3374	15516
13830	3374	15517
13831	3374	15518
13832	3374	15519
13833	3374	15520
13834	3374	15521
13835	3374	15522
13836	3374	15523
13837	3374	15524
13838	3374	15525
13839	3374	15526
13840	3374	15527
13841	3374	15528
13842	3374	15529
13843	3374	15530
13844	3374	15531
13845	3374	15532
13846	3374	15533
13847	3374	15534
13848	518	15535
13849	518	15536
13850	518	15537
13851	518	15538
13852	3374	15539
13854	3374	15541
13855	3374	15542
13856	3374	15543
13857	3374	15544
13858	3374	15545
13859	3374	15546
13860	3374	15547
13861	3374	15548
13862	3374	15549
13863	3374	15550
13864	3374	15551
13865	3374	15552
13866	3374	15553
13867	3374	15554
13868	3374	15555
13869	3374	15556
13871	3374	15558
13872	3374	15559
13873	3374	15560
13874	3374	15561
13875	3374	15562
13876	3374	15563
13877	3374	15564
13878	3374	15565
13879	3374	15566
13880	3374	15567
13881	3374	15568
13882	3374	15569
13883	3374	15570
13884	3374	15571
13885	3374	15572
13886	3374	15573
13887	3374	15574
13888	3374	15575
13889	3374	15576
13890	3374	15577
13891	3374	15578
13892	3374	15579
13893	3374	15580
13894	3374	15581
13895	3374	15582
13896	3374	15583
13897	3374	15584
13898	3374	15585
13899	3374	15586
13900	3374	15587
13901	3374	15588
13902	3374	15589
13903	3374	15590
13904	3374	15591
13905	3374	15592
13906	3374	15593
13907	3374	15594
13908	3374	15595
13909	5928	15596
13910	3374	15597
13911	5929	15598
13912	3758	15599
13913	5930	15600
13914	5931	15601
13915	3758	15602
13916	5933	15603
13917	5934	15604
13918	5935	15605
13919	447	15606
13920	5936	15607
13921	5937	15608
13922	5938	15609
13923	5939	15610
13924	5939	15611
13925	5939	15612
13926	5939	15613
13927	5939	15614
13928	5939	15615
13929	5939	15616
13930	5939	15617
13931	5939	15618
13932	5939	15619
13933	5939	15620
13935	5939	15622
13936	5939	15623
13937	5939	15624
13938	5939	15625
13939	5939	15626
13940	710	15627
13941	732	15628
13942	732	15629
13943	3758	15630
13944	5940	15631
13947	467	15634
13948	5941	15635
13949	2101	15636
13950	5942	15637
13951	5943	15638
13953	5945	15640
13954	5945	15641
13955	5946	15642
13956	5947	15643
13957	3860	15644
13958	3860	15645
13959	3860	15646
13960	3860	15647
13961	5948	15648
13962	5949	15649
13963	5950	15650
13964	3758	15651
13965	3758	15652
13966	5951	15653
13967	5953	15654
13968	5954	15655
13969	5955	15656
13971	5957	15658
13972	5958	15659
13974	5960	15661
13975	5961	15662
13976	5962	15663
13977	5963	15664
13979	5965	15666
13980	5965	15667
13981	5965	15668
13982	5965	15669
13983	5965	15670
13984	5965	15671
13985	5965	15672
13986	5965	15673
13987	5965	15674
13988	5966	15675
13989	5967	15676
13990	5968	15677
13991	5969	15678
13992	5970	15679
13993	5971	15680
13994	5972	15681
13995	5973	15682
13996	5975	15683
13997	5976	15684
13998	5977	15685
13999	5978	15686
14000	5978	15687
14001	5978	15688
14002	5978	15689
14003	5978	15690
14004	5978	15691
14005	5978	15692
14006	5978	15693
14007	5978	15694
14008	5978	15695
14009	5978	15696
14010	5978	15697
14011	5978	15698
14012	5978	15699
14013	5978	15700
14014	5978	15701
14015	5978	15702
14016	5978	15703
14017	5978	15704
14018	499	15705
14019	5979	15706
14020	5980	15707
14021	5981	15708
14022	5982	15709
14023	5983	15710
14024	5984	15711
14025	5985	15712
14027	5987	15714
14028	5988	15715
14029	517	15716
14030	5989	15717
14031	517	15718
14032	517	15719
14033	517	15720
14034	517	15721
14035	517	15722
14036	517	15723
14037	517	15724
14038	517	15725
14039	517	15726
14041	517	15728
14043	5991	15730
14044	517	15731
14045	517	15732
14046	517	15733
14047	517	15734
14048	517	15735
14050	5993	15737
14051	5994	15738
14052	5995	15739
14053	5995	15740
14054	517	15741
14055	517	15742
14056	5996	15743
14057	5997	15744
14058	5998	15745
14060	6000	15747
14061	6001	15748
14062	517	15749
14063	517	15750
14064	517	15751
14065	6002	15752
14066	517	15753
14068	6004	15755
14069	6005	15756
14071	6005	15758
14072	6006	15759
14073	6006	15760
14074	6006	15761
14075	6006	15762
14076	6006	15763
14078	6007	15765
14079	5714	15766
14080	5714	15767
14081	5714	15768
14082	5714	15769
14083	5714	15770
14084	5714	15771
14085	535	15772
14086	535	15773
14087	535	15774
14088	6009	15775
14089	6010	15776
14090	6011	15777
14091	6012	15778
14092	6013	15779
14093	6014	15780
14094	6015	15781
14095	6016	15782
14096	6017	15783
14097	450	15784
14098	450	15785
14099	6018	15786
14100	6019	15787
14101	6019	15788
14102	6020	15789
14104	6022	15791
14105	3888	15792
14106	3888	15793
14107	6023	15794
14108	4545	15795
14109	4545	15796
14110	6025	15797
14111	6026	15798
14112	6027	15799
14113	448	15800
14114	470	15801
14115	6029	15802
14116	6028	15803
14117	6030	15804
14118	6031	15805
14119	6032	15806
14120	6033	15807
14121	487	15808
14122	6034	15809
14123	6035	15810
14124	6036	15811
14125	6037	15812
14126	6037	15813
14127	6037	15814
14128	6037	15815
14129	6038	15816
14131	6040	15818
14132	6041	15819
14133	6042	15820
14134	6043	15821
14135	6044	15822
14136	6045	15823
14137	6047	15824
14138	6046	15825
14139	6048	15826
14140	6049	15827
14141	6050	15828
14142	6051	15829
14143	6052	15830
14145	6053	15832
14151	6055	15838
14153	6057	15840
14154	6057	15841
14159	6058	15846
14160	5422	15847
14161	5422	15848
14162	5422	15849
14163	5422	15850
14164	6059	15851
14165	3944	15852
14166	3944	15853
14167	3944	15854
14169	6061	15856
14170	6062	15857
14171	3367	15858
14172	3367	15859
14173	6063	15860
14174	3367	15861
14175	3367	15862
14176	6064	15863
14177	6065	15864
14178	6066	15865
14181	564	15868
14182	564	15869
14183	564	15870
14189	564	15876
14191	564	15878
14192	564	15879
14193	564	15880
14196	564	15883
14198	564	15885
14207	564	15894
14210	6067	15897
14211	6068	15898
14212	6069	15899
14213	6069	15900
14214	6069	15901
14215	6070	15902
14216	6071	15903
14217	6072	15904
14219	3888	15906
14220	3888	15907
14221	3888	15908
14222	3888	15909
14223	3888	15910
14224	3888	15911
14225	3888	15912
14226	3888	15913
14227	3888	15914
14229	3888	15916
14230	3888	15917
14231	3888	15918
14232	3888	15919
14253	3888	15940
14254	3888	15941
14255	3888	15942
14257	3888	15944
14258	3888	15945
14260	3888	15947
14261	4896	15948
14262	4896	15949
14263	4896	15950
14264	6073	15951
14265	6073	15952
14266	6073	15953
14267	6073	15954
14268	6073	15955
14269	6073	15956
14270	6073	15957
14271	6073	15958
14272	6073	15959
14273	6073	15960
14274	542	15961
14275	6073	15962
14276	6073	15963
14277	6073	15964
14278	6073	15965
14279	6073	15966
14280	6073	15967
14282	6073	15969
14283	6073	15970
14284	6073	15971
14285	6073	15972
14286	6073	15973
14287	6073	15974
14288	6073	15975
14289	6073	15976
14291	6073	15978
14292	6073	15979
14293	6073	15980
14294	6073	15981
14295	6073	15982
14296	6073	15983
14297	6073	15984
14299	6073	15986
14300	6073	15987
14301	6073	15988
14302	6073	15989
14303	6073	15990
14304	6073	15991
14305	6073	15992
14306	6073	15993
14307	6073	15994
14308	6073	15995
14309	6073	15996
14310	6073	15997
14312	6073	15999
14317	6073	16004
14318	6073	16005
14319	6073	16006
14320	6073	16007
14321	6073	16008
14322	6073	16009
14323	6073	16010
14324	6073	16011
14325	6073	16012
14326	6073	16013
14327	6073	16014
14328	6073	16015
14329	6073	16016
14330	6073	16017
14331	6073	16018
14332	6073	16019
14333	6073	16020
14334	6073	16021
14335	6073	16022
14337	6073	16024
14338	6073	16025
14339	6073	16026
14340	6073	16027
14341	6073	16028
14342	6073	16029
14343	6073	16030
14344	6073	16031
14345	6073	16032
14347	6073	16034
14348	6073	16035
14349	491	16036
14350	491	16037
14352	491	16039
14353	491	16040
14354	491	16041
14355	491	16042
14356	491	16043
14357	491	16044
14358	491	16045
14359	491	16046
14360	491	16047
14362	491	16049
14363	491	16050
14364	491	16051
14365	491	16052
14366	491	16053
14367	491	16054
14368	491	16055
14369	491	16056
14370	491	16057
14371	491	16058
14372	491	16059
14373	491	16060
14374	491	16061
14375	491	16062
14376	491	16063
14377	491	16064
14378	491	16065
14379	491	16066
14380	491	16067
14381	491	16068
14382	491	16069
14383	491	16070
14385	491	16072
14386	491	16073
14387	491	16074
14388	491	16075
14389	491	16076
14390	491	16077
14391	491	16078
14392	491	16079
14401	491	16088
14407	491	16094
14408	491	16095
14409	491	16096
14410	491	16097
14411	491	16098
14412	491	16099
14413	491	16100
14414	526	16101
14415	6074	16102
14416	6075	16103
14417	6076	16104
14418	6078	16105
14419	6079	16106
14420	6080	16107
14421	6081	16108
14422	6073	16109
14423	6073	16110
14424	6073	16111
14425	6073	16112
14426	6073	16113
14427	6073	16114
14428	6073	16115
14429	6073	16116
14434	6073	16121
14435	6073	16122
14436	6082	16123
14437	6073	16124
14439	6073	16126
14440	6073	16127
14441	6073	16128
14442	6073	16129
14443	6073	16130
14444	6073	16131
14445	6073	16132
14446	6073	16133
14447	6073	16134
14448	6073	16135
14449	6073	16136
14450	6073	16137
14451	6073	16138
14452	6073	16139
14453	6073	16140
14454	6073	16141
14456	6073	16143
14457	6073	16144
14458	6073	16145
14459	6073	16146
14460	6073	16147
14461	6073	16148
14462	6073	16149
14463	6073	16150
14465	6073	16152
14466	6073	16153
14467	6073	16154
14468	6073	16155
14469	6073	16156
14470	6073	16157
14471	6073	16158
14472	6073	16159
14473	6073	16160
14474	6073	16161
14475	6073	16162
14476	6073	16163
14477	6073	16164
14479	6073	16166
14480	6073	16167
14481	6073	16168
14482	6073	16169
14483	6073	16170
14484	6073	16171
14485	6073	16172
14486	6073	16173
14487	6073	16174
14488	6073	16175
14489	6073	16176
14490	6073	16177
14491	6073	16178
14492	6073	16179
14494	6086	16181
14495	6087	16182
14496	6088	16183
14497	6089	16184
14498	6090	16185
14499	6091	16186
14500	6091	16187
14501	6091	16188
14502	6091	16189
14503	6093	16190
14504	6095	16191
14505	553	16192
14506	6096	16193
14507	6098	16194
14508	6099	16195
14509	6100	16196
14510	1295	16197
14511	1295	16198
14512	1295	16199
14513	1295	16200
14514	567	16201
14515	6101	16202
14516	526	16203
14517	526	16204
14518	6073	16205
14519	4377	16206
14520	4377	16207
14521	6073	16208
14522	6103	16209
14523	6104	16210
14524	6105	16211
14525	6106	16212
14526	526	16213
14527	526	16214
14528	6107	16215
14529	6108	16216
14530	6109	16217
14531	6110	16218
14532	6111	16219
14533	6112	16220
14534	6113	16221
14535	4192	16222
14536	4192	16223
14537	4192	16224
14538	4192	16225
14539	4192	16226
14540	4192	16227
14541	6114	16228
14542	6114	16229
14543	6115	16230
14544	6116	16231
14545	6117	16232
14546	6118	16233
14547	6119	16234
14548	6120	16235
14549	6122	16236
14550	6123	16237
14551	6124	16238
14552	6125	16239
14553	6126	16240
14554	6127	16241
14555	6127	16242
14556	6127	16243
14557	6128	16244
14558	6129	16245
14559	6130	16246
14560	6131	16247
14561	526	16248
14562	10249	16249
14563	526	16250
14564	6132	16251
14565	6133	16252
14566	6134	16253
14567	3415	16254
14568	3415	16255
14569	3415	16256
14570	3415	16257
14571	3415	16258
14572	3415	16259
14573	3415	16260
14574	3415	16261
14575	6135	16262
14576	6136	16263
14577	13281	16264
14578	6138	16265
14579	6139	16266
14580	6140	16267
14581	6141	16268
14582	6142	16269
14583	6143	16270
14584	6144	16271
14586	6146	16273
14587	6147	16274
14595	6149	16282
14596	6150	16283
14597	6151	16284
14599	6153	16286
14600	6154	16287
14602	6156	16289
14603	6157	16290
14604	6158	16291
14605	6159	16292
14606	6160	16293
14607	6161	16294
14609	4269	16296
14610	4269	16297
14611	6163	16298
14612	4168	16299
14613	4168	16300
14614	6164	16301
14615	4269	16302
14616	6165	16303
14617	6166	16304
14618	6167	16305
14619	6168	16306
14620	6169	16307
14621	6170	16308
14622	6171	16309
14623	6172	16310
14624	6173	16311
14625	525	16312
14626	525	16313
14627	6073	16314
14628	6073	16315
14630	6073	16317
14631	6073	16318
14632	6073	16319
14633	6073	16320
14634	6073	16321
14635	6073	16322
14636	6073	16323
14637	526	16324
14638	526	16325
14643	6176	16330
14645	6176	16332
14646	6176	16333
14647	6176	16334
14648	6176	16335
14649	6176	16336
14650	6176	16337
14651	6176	16338
14652	6176	16339
14653	6176	16340
14654	6176	16341
14655	6176	16342
14656	6176	16343
14657	6176	16344
14659	6176	16346
14660	6176	16347
14661	6176	16348
14662	6176	16349
14663	6176	16350
14664	6176	16351
14665	6176	16352
14666	6176	16353
14667	6176	16354
14668	6176	16355
14670	6176	16357
14672	6176	16359
14673	6176	16360
14674	6176	16361
14675	6176	16362
14676	6176	16363
14677	6176	16364
14678	6176	16365
14679	6176	16366
14680	6176	16367
14681	6176	16368
14682	6176	16369
14683	6176	16370
14684	6176	16371
14685	6176	16372
14686	6176	16373
14687	6176	16374
14688	6176	16375
14689	6176	16376
14690	6176	16377
14691	6176	16378
14692	6176	16379
14693	6176	16380
14694	6176	16381
14695	6176	16382
14696	6176	16383
14697	6176	16384
14698	6176	16385
14699	6176	16386
14700	6176	16387
14701	6176	16388
14702	6176	16389
14703	6176	16390
14704	6176	16391
14705	6176	16392
14706	6176	16393
14707	6176	16394
14708	6176	16395
14709	6176	16396
14711	526	16398
14712	526	16399
14713	526	16400
14714	526	16401
14715	526	16402
14716	526	16403
14717	526	16404
14718	526	16405
14726	526	16413
14730	526	16417
14740	6177	16427
14741	6177	16428
14742	6177	16429
14743	6177	16430
14745	6177	16432
14746	6177	16433
14747	6177	16434
14748	6177	16435
14749	6177	16436
14750	6177	16437
14751	6177	16438
14752	6177	16439
14753	6177	16440
14754	6177	16441
14755	6177	16442
14756	6177	16443
14757	6177	16444
14758	6177	16445
14759	6177	16446
14760	6177	16447
14761	6177	16448
14762	6177	16449
14764	6181	16451
14765	6182	16452
14766	526	16453
14767	526	16454
14768	526	16455
14769	526	16456
14770	6182	16457
14771	6182	16458
14772	6182	16459
14773	6182	16460
14774	6182	16461
14775	6182	16462
14776	6182	16463
14777	6182	16464
14778	6182	16465
14779	6182	16466
14780	6182	16467
14781	6182	16468
14782	6182	16469
14783	6182	16470
14784	6182	16471
14785	6182	16472
14786	6182	16473
14787	6182	16474
14788	6182	16475
14789	6182	16476
14790	6182	16477
14791	6182	16478
14792	6182	16479
14793	6182	16480
14794	6182	16481
14795	6182	16482
14796	6182	16483
14797	6182	16484
14798	6182	16485
14799	6182	16486
14800	6182	16487
14801	6182	16488
14802	6182	16489
14803	6182	16490
14804	6182	16491
14805	6182	16492
14806	6182	16493
14807	6182	16494
14808	6182	16495
14809	6182	16496
14810	6182	16497
14811	6182	16498
14812	6182	16499
14813	6182	16500
14814	6182	16501
14815	6182	16502
14816	6182	16503
14817	6182	16504
14818	6182	16505
14819	6182	16506
14820	6182	16507
14821	6182	16508
14822	6182	16509
14823	6182	16510
14825	6182	16512
14826	6182	16513
14827	6182	16514
14828	6182	16515
14830	6182	16517
14831	6182	16518
14832	6182	16519
14833	6182	16520
14834	6182	16521
14835	6182	16522
14837	6182	16524
14838	526	16525
14839	6182	16526
14840	6182	16527
14841	6182	16528
14842	6182	16529
14843	6182	16530
14844	6182	16531
14845	6182	16532
14846	6182	16533
14847	6182	16534
14848	6182	16535
14849	6182	16536
14850	6182	16537
14851	6182	16538
14852	6182	16539
14854	6182	16541
14855	6182	16542
14856	6182	16543
14857	6182	16544
14858	6182	16545
14859	6182	16546
14860	6182	16547
14861	6182	16548
14862	6182	16549
14863	6182	16550
14864	6182	16551
14865	6175	16552
14866	6175	16553
14867	6175	16554
14868	6175	16555
14869	6175	16556
14870	6175	16557
14871	6175	16558
14872	6175	16559
14873	6175	16560
14874	6175	16561
14875	6175	16562
14876	6175	16563
14877	6175	16564
14878	6175	16565
14879	6175	16566
14880	6175	16567
14881	6175	16568
14882	6175	16569
14883	6175	16570
14885	6175	16572
14886	6175	16573
14887	6175	16574
14888	6175	16575
14889	6175	16576
14890	6175	16577
14891	6175	16578
14892	6175	16579
14894	6175	16581
14895	6175	16582
14896	6175	16583
14897	6175	16584
14898	6175	16585
14899	6175	16586
14900	6175	16587
14901	6175	16588
14902	6175	16589
14903	6175	16590
14904	6175	16591
14905	6175	16592
14906	6175	16593
14907	6175	16594
14908	6175	16595
14909	6175	16596
14910	6175	16597
14911	6175	16598
14912	6175	16599
14913	6175	16600
14914	6175	16601
14915	6175	16602
14916	6175	16603
14917	6175	16604
14918	6175	16605
14919	6175	16606
14920	6175	16607
14921	6175	16608
14922	6175	16609
14923	6175	16610
14924	6175	16611
14925	6175	16612
14926	6175	16613
14927	6175	16614
14928	6175	16615
14929	6175	16616
14930	6175	16617
14931	6175	16618
14932	6175	16619
14933	6175	16620
14934	6175	16621
14935	6175	16622
14936	6175	16623
14937	6175	16624
14938	6175	16625
14939	6175	16626
14940	6175	16627
14941	6175	16628
14942	6175	16629
14943	6175	16630
14944	6175	16631
14945	6175	16632
14946	6175	16633
14947	6175	16634
14948	6175	16635
14949	6175	16636
14950	6175	16637
14951	6175	16638
14952	6175	16639
14953	6175	16640
14954	6175	16641
14955	6175	16642
14956	6175	16643
14957	6175	16644
14958	6175	16645
14959	6175	16646
14960	6175	16647
14963	6175	16650
14964	6175	16651
14965	6175	16652
14966	6183	16653
14967	6183	16654
14968	6183	16655
14969	6183	16656
14971	6183	16658
14972	6183	16659
14975	6183	16662
14976	6183	16663
14977	6183	16664
14978	6183	16665
14979	6183	16666
14980	6183	16667
14981	6183	16668
14982	6183	16669
14983	6183	16670
14984	6183	16671
14985	6183	16672
14986	6183	16673
14987	6183	16674
14988	6183	16675
14989	6183	16676
14990	6183	16677
14991	6183	16678
14992	6183	16679
14993	6183	16680
14994	6183	16681
14995	6183	16682
14996	6183	16683
14997	6183	16684
14998	6183	16685
14999	6183	16686
15000	6183	16687
15001	6183	16688
15002	6183	16689
15003	6183	16690
15004	6183	16691
15005	6183	16692
15007	498	16694
15008	6184	16695
15009	6184	16696
15010	6184	16697
15011	6184	16698
15012	6184	16699
15013	6184	16700
15014	6184	16701
15015	6184	16702
15016	6184	16703
15017	6184	16704
15018	6184	16705
15019	6184	16706
15020	6184	16707
15021	6184	16708
15022	6184	16709
15023	6184	16710
15024	6184	16711
15025	6184	16712
15026	6184	16713
15027	6184	16714
15031	6184	16718
15032	6184	16719
15033	6184	16720
15034	6184	16721
15035	6184	16722
15036	6184	16723
15037	6184	16724
15038	6184	16725
15039	6184	16726
15040	6184	16727
15041	6184	16728
15042	6184	16729
15043	6184	16730
15044	6184	16731
15046	6184	16733
15047	6184	16734
15048	6184	16735
15049	6184	16736
15050	6184	16737
15051	6184	16738
15052	6184	16739
15053	6184	16740
15054	6184	16741
15055	6184	16742
15056	6184	16743
15057	6184	16744
15058	6184	16745
15059	6184	16746
15060	6184	16747
15061	6184	16748
15062	6184	16749
15063	6188	16750
15064	6188	16751
15065	6188	16752
15067	6188	16754
15068	6188	16755
15069	6188	16756
15070	6188	16757
15071	6188	16758
15072	6188	16759
15073	6188	16760
15074	6188	16761
15075	6188	16762
15076	6188	16763
15077	6188	16764
15078	6188	16765
15079	6188	16766
15080	6188	16767
15081	6188	16768
15082	6188	16769
15083	6188	16770
15084	6188	16771
15085	6188	16772
15086	6188	16773
15087	6188	16774
15088	6188	16775
15089	6188	16776
15090	6188	16777
15091	6188	16778
15092	6188	16779
15093	6188	16780
15094	6188	16781
15095	6188	16782
15096	582	16783
15097	6188	16784
15098	6189	16785
15099	6189	16786
15100	6189	16787
15101	6189	16788
15102	6189	16789
15103	6189	16790
15104	6189	16791
15105	6189	16792
15106	6189	16793
15107	6189	16794
15108	6189	16795
15109	6189	16796
15110	6189	16797
15111	6189	16798
15112	6189	16799
15113	6189	16800
15114	6189	16801
15115	6189	16802
15116	6189	16803
15117	6189	16804
15118	6189	16805
15119	6189	16806
15120	6189	16807
15121	6189	16808
15122	526	16809
15123	6189	16810
15124	6189	16811
15125	6189	16812
15126	6189	16813
15127	6189	16814
15128	6189	16815
15129	6189	16816
15130	6189	16817
15131	6189	16818
15132	6189	16819
15133	6189	16820
15134	6189	16821
15135	6189	16822
15136	6189	16823
15137	6189	16824
15138	6189	16825
15139	6189	16826
15140	6189	16827
15141	6189	16828
15143	6192	16830
15144	6192	16831
15146	6192	16833
15147	6192	16834
15148	6192	16835
15149	6186	16836
15150	6186	16837
15151	6186	16838
15152	6186	16839
15153	6186	16840
15154	6186	16841
15155	6186	16842
15156	6186	16843
15158	6186	16845
15159	6186	16846
15160	6186	16847
15161	6186	16848
15162	6186	16849
15164	6186	16851
15166	6186	16853
15167	6186	16854
15168	6186	16855
15169	6186	16856
15170	6186	16857
15171	6186	16858
15172	6186	16859
15173	6186	16860
15174	6186	16861
15175	6186	16862
15176	6186	16863
15177	6186	16864
15178	6186	16865
15179	6186	16866
15180	6186	16867
15181	6186	16868
15182	6186	16869
15183	6186	16870
15184	6186	16871
15185	6186	16872
15186	6186	16873
15187	6186	16874
15188	6186	16875
15189	6186	16876
15190	6186	16877
15192	6186	16879
15193	6186	16880
15194	6186	16881
15195	6186	16882
15196	6186	16883
15198	6186	16885
15200	6186	16887
15201	6186	16888
15202	6186	16889
15203	6186	16890
15204	6186	16891
15205	6186	16892
15206	6186	16893
15207	6186	16894
15208	6186	16895
15209	6186	16896
15210	6186	16897
15211	6186	16898
15212	6186	16899
15213	6186	16900
15214	6186	16901
15215	6186	16902
15216	6186	16903
15217	526	16904
15218	6186	16905
15219	6186	16906
15220	6186	16907
15221	6186	16908
15222	6186	16909
15223	6186	16910
15224	6186	16911
15225	6186	16912
15226	6186	16913
15227	6186	16914
15228	6186	16915
15229	6186	16916
15230	6186	16917
15231	6186	16918
15232	6186	16919
15233	6186	16920
15235	6186	16922
15237	6186	16924
15238	6186	16925
15239	6186	16926
15240	6186	16927
15241	6186	16928
15242	6186	16929
15243	6186	16930
15244	6186	16931
15245	6186	16932
15246	6186	16933
15247	6186	16934
15248	6186	16935
15249	6186	16936
15250	6186	16937
15251	6186	16938
15252	6186	16939
15253	6186	16940
15254	6186	16941
15255	6186	16942
15256	6186	16943
15257	6186	16944
15258	6186	16945
15259	6186	16946
15261	6186	16948
15262	6186	16949
15263	6186	16950
15264	6186	16951
15265	6186	16952
15267	6186	16954
15269	6186	16956
15270	6186	16957
15271	6186	16958
15272	6186	16959
15273	6186	16960
15274	6186	16961
15275	6186	16962
15276	6186	16963
15277	6186	16964
15278	6186	16965
15279	6186	16966
15280	6186	16967
15281	6186	16968
15282	6186	16969
15283	6186	16970
15284	6186	16971
15285	6186	16972
15286	6186	16973
15287	6186	16974
15288	6186	16975
15289	6186	16976
15290	6186	16977
15291	6186	16978
15292	6186	16979
15293	6186	16980
15294	6186	16981
15296	6186	16983
15297	6186	16984
15298	6186	16985
15299	6186	16986
15301	6186	16988
15303	6186	16990
15304	6186	16991
15305	6186	16992
15306	6186	16993
15307	6186	16994
15308	6186	16995
15309	6186	16996
15310	6186	16997
15311	6186	16998
15312	6186	16999
15313	6186	17000
15314	6186	17001
15315	6186	17002
15316	6186	17003
15317	6186	17004
15318	6186	17005
15319	6186	17006
15320	6186	17007
15321	6193	17008
15322	6186	17009
15323	6186	17010
15324	6186	17011
15325	6186	17012
15326	6191	17013
15327	6191	17014
15328	6191	17015
15329	6191	17016
15330	6191	17017
15331	6191	17018
15332	6191	17019
15333	6191	17020
15334	6191	17021
15335	6191	17022
15336	6191	17023
15337	6191	17024
15338	6191	17025
15339	6191	17026
15340	6191	17027
15341	6191	17028
15342	6191	17029
15343	6191	17030
15344	6191	17031
15345	6191	17032
15346	6191	17033
15347	6191	17034
15348	6191	17035
15349	6191	17036
15350	6191	17037
15351	6191	17038
15352	6191	17039
15353	6191	17040
15354	6191	17041
15355	6191	17042
15356	6191	17043
15357	6191	17044
15358	6191	17045
15359	6191	17046
15360	6191	17047
15361	6191	17048
15362	6191	17049
15363	6191	17050
15364	6191	17051
15365	6191	17052
15366	6191	17053
15367	6191	17054
15368	6191	17055
15369	6191	17056
15370	6191	17057
15371	6191	17058
15372	6191	17059
15373	6191	17060
15374	6191	17061
15375	6191	17062
15376	6191	17063
15377	6191	17064
15378	6191	17065
15379	6191	17066
15380	6191	17067
15381	6191	17068
15382	6191	17069
15383	6191	17070
15384	6191	17071
15385	6191	17072
15386	6191	17073
15387	6191	17074
15389	6191	17076
15390	6191	17077
15391	6191	17078
15392	6191	17079
15393	6191	17080
15394	6191	17081
15395	6191	17082
15396	6191	17083
15397	6191	17084
15398	6191	17085
15399	6191	17086
15400	6191	17087
15401	6191	17088
15402	6191	17089
15403	6191	17090
15404	6191	17091
15405	6191	17092
15406	6191	17093
15407	6191	17094
15408	6191	17095
15409	6191	17096
15410	6191	17097
15411	6191	17098
15412	6191	17099
15413	6191	17100
15414	6191	17101
15415	6191	17102
15416	6191	17103
15417	6191	17104
15418	6191	17105
15419	6191	17106
15420	6191	17107
15421	6191	17108
15422	6191	17109
15423	6191	17110
15424	6191	17111
15425	6191	17112
15426	6191	17113
15427	6191	17114
15428	6191	17115
15429	6191	17116
15430	6191	17117
15431	6191	17118
15432	6191	17119
15433	6191	17120
15435	6194	17122
15436	6194	17123
15437	6194	17124
15438	6195	17125
15439	6196	17126
15440	6196	17127
15441	6196	17128
15442	6196	17129
15443	6196	17130
15444	6196	17131
15445	6196	17132
15446	6196	17133
15447	6196	17134
15448	6196	17135
15449	6196	17136
15450	6196	17137
15451	6196	17138
15452	6196	17139
15453	6196	17140
15454	6196	17141
15455	6196	17142
15456	6196	17143
15457	6196	17144
15458	6196	17145
15459	6196	17146
15460	6196	17147
15461	6196	17148
15462	6196	17149
15463	6196	17150
15464	6196	17151
15465	6196	17152
15466	6196	17153
15467	6196	17154
15468	6196	17155
15469	6196	17156
15470	6196	17157
15471	6196	17158
15472	6196	17159
15473	6196	17160
15474	6196	17161
15475	6196	17162
15476	6196	17163
15477	6196	17164
15478	6196	17165
15479	6196	17166
15480	6196	17167
15481	6196	17168
15482	6196	17169
15483	6196	17170
15484	6196	17171
15485	6196	17172
15486	6196	17173
15487	6196	17174
15488	6196	17175
15489	6196	17176
15490	6196	17177
15491	6196	17178
15492	6196	17179
15493	6196	17180
15494	6196	17181
15495	6196	17182
15496	6196	17183
15497	6196	17184
15498	6196	17185
15499	6196	17186
15500	6196	17187
15501	6196	17188
15502	6196	17189
15503	6196	17190
15504	6196	17191
15505	6196	17192
15506	6196	17193
15507	2377	17194
15508	6197	17195
15509	6198	17196
15510	6199	17197
15511	6199	17198
15512	3864	17199
15513	3864	17200
15516	3864	17203
15517	3864	17204
15518	6200	17205
15519	6201	17206
15521	6203	17208
15522	526	17209
15524	526	17211
15525	3825	17212
15526	448	17213
15527	478	17214
15528	6204	17215
15529	6205	17216
15530	6205	17217
15531	6205	17218
15532	6206	17219
15533	6207	17220
15534	6208	17221
15535	6209	17222
15538	6212	17225
15539	6213	17226
15540	6214	17227
15541	6215	17228
15542	6216	17229
15543	6217	17230
15544	6218	17231
15545	6218	17232
15546	6218	17233
15547	6218	17234
15548	6219	17235
15549	6220	17236
15550	6221	17237
15552	6223	17239
15554	3344	17241
15555	3344	17242
15556	6226	17243
15557	6227	17244
15558	6228	17245
15561	1950	17248
15562	1950	17249
15563	1950	17250
15564	2644	17251
15565	2644	17252
15566	2644	17253
15567	2644	17254
15568	2644	17255
15569	2644	17256
15570	2644	17257
15571	2644	17258
15572	2644	17259
15573	2644	17260
15574	2644	17261
15575	2644	17262
15576	2644	17263
15577	2644	17264
15578	4819	17265
15579	4819	17266
15580	4819	17267
15581	4819	17268
15582	6230	17269
15584	3385	17271
15586	3385	17273
15588	3385	17275
15589	3385	17276
15590	3385	17277
15591	3385	17278
15592	3385	17279
15593	3385	17280
15594	3385	17281
15596	3385	17283
15597	3385	17284
15598	3385	17285
15599	3385	17286
15600	3385	17287
15601	3385	17288
15602	3385	17289
15603	3385	17290
15604	3385	17291
15605	3385	17292
15607	3385	17294
15608	3385	17295
15609	6231	17296
15610	4280	17297
15611	4280	17298
15612	6232	17299
15613	6233	17300
15614	6234	17301
15615	6235	17302
15616	6236	17303
15617	6237	17304
15618	6238	17305
15620	2245	17307
15621	2245	17308
15622	2245	17309
15623	2245	17310
15624	2245	17311
15625	2245	17312
15626	2245	17313
15627	2245	17314
15628	2245	17315
15629	6240	17316
15630	6241	17317
15632	6243	17319
15634	6245	17321
15635	6246	17322
15636	6247	17323
15637	6248	17324
15638	6249	17325
15639	6250	17326
15640	6251	17327
15641	6252	17328
15642	5328	17329
15643	6253	17330
15644	6254	17331
15646	6256	17333
15647	6256	17334
15649	6258	17336
15650	6259	17337
15651	6260	17338
15652	6261	17339
15655	6262	17342
15656	6262	17343
15657	6262	17344
15658	6262	17345
15659	6262	17346
15660	6262	17347
15661	6262	17348
15662	6262	17349
15663	6262	17350
15664	6262	17351
15665	6262	17352
15666	6262	17353
15667	6262	17354
15668	6262	17355
15669	6262	17356
15670	6262	17357
15671	6262	17358
15672	6262	17359
15673	6262	17360
15674	6262	17361
15675	6262	17362
15676	6262	17363
15677	6262	17364
15678	6262	17365
15679	6262	17366
15680	6262	17367
15681	6262	17368
15682	6262	17369
15683	6262	17370
15684	6262	17371
15685	6262	17372
15686	6262	17373
15687	6263	17374
15688	6263	17375
15689	6265	17376
15690	6265	17377
15691	6264	17378
15692	6266	17379
15693	6267	17380
15694	6268	17381
15695	6269	17382
15696	4324	17383
15697	6271	17384
15698	6272	17385
15701	6275	17388
15702	6276	17389
15703	6276	17390
15705	6279	17392
15707	6281	17394
15708	6282	17395
15709	6283	17396
15710	6284	17397
15711	739	17398
15712	739	17399
15713	6285	17400
15714	6286	17401
15715	6287	17402
15716	1124	17403
15717	1124	17404
15718	6288	17405
15719	1124	17406
15720	1124	17407
15721	6289	17408
15726	3386	17413
15727	6294	17414
15728	2408	17415
15729	6295	17416
15730	6296	17417
15731	6297	17418
15732	6298	17419
15734	6301	17421
15735	6300	17422
15736	6302	17423
15737	6303	17424
15738	6304	17425
15739	6305	17426
15740	6306	17427
15741	6307	17428
15742	2123	17429
15743	2123	17430
15744	2123	17431
15745	2123	17432
15746	2123	17433
15747	2123	17434
15748	2123	17435
15749	2123	17436
15751	2123	17438
15752	2123	17439
15753	2123	17440
15754	2123	17441
15755	2123	17442
15756	2123	17443
15757	2123	17444
15758	2123	17445
15760	2123	17447
15761	2123	17448
15762	2123	17449
15763	2123	17450
15765	2123	17452
15766	2123	17453
15767	2123	17454
15768	2123	17455
15769	2123	17456
15770	2123	17457
15774	2123	17461
15775	2123	17462
15783	2123	17470
15784	2123	17471
15786	2123	17473
15790	2123	17477
15791	2123	17478
15794	2123	17481
15795	2123	17482
15796	2123	17483
15802	2123	17489
15803	2123	17490
15805	2123	17492
15806	2123	17493
15807	2123	17494
15809	2123	17496
15810	2123	17497
15811	2123	17498
15812	2123	17499
15813	2123	17500
15814	2123	17501
15818	2123	17505
15819	2123	17506
15820	2123	17507
15822	6308	17509
15823	2123	17510
15824	2123	17511
15825	2123	17512
15826	2123	17513
15827	2123	17514
15828	2123	17515
15829	2123	17516
15830	2123	17517
15831	2123	17518
15832	2123	17519
15833	2123	17520
15834	2123	17521
15835	2123	17522
15836	2123	17523
15837	2123	17524
15838	2123	17525
15839	2123	17526
15840	6309	17527
15841	467	17528
15842	6310	17529
15843	6311	17530
15844	6312	17531
15845	6313	17532
15846	6314	17533
15847	6315	17534
15848	6316	17535
15849	6318	17536
15850	6319	17537
15851	6320	17538
15852	6321	17539
15853	6322	17540
15854	6323	17541
15856	6325	17543
15857	6326	17544
15858	6327	17545
15859	6328	17546
15860	6329	17547
15862	6331	17549
15863	6332	17550
15864	6332	17551
15865	6332	17552
15866	6332	17553
15867	6332	17554
15868	6332	17555
15869	6332	17556
15870	6332	17557
15871	6332	17558
15872	6332	17559
15873	6332	17560
15874	6332	17561
15875	6333	17562
15876	6334	17563
15877	6335	17564
15878	6336	17565
15879	6337	17566
15880	6338	17567
15881	6339	17568
15883	6340	17570
15884	6342	17571
15886	6344	17573
15887	6345	17574
15888	6346	17575
15889	6347	17576
15890	6348	17577
15891	6349	17578
15892	6350	17579
15894	6351	17581
15895	1919	17582
15896	6352	17583
15897	6353	17584
15898	6354	17585
15899	6355	17586
15900	6356	17587
15903	6359	17590
15904	6360	17591
15905	6361	17592
15908	6364	17595
15909	6365	17596
15910	449	17597
15911	449	17598
15912	449	17599
15913	449	17600
15914	449	17601
15915	449	17602
15916	6366	17603
15917	6367	17604
15918	6368	17605
15919	6369	17606
15920	6262	17607
15921	6262	17608
15922	6370	17609
15924	573	17611
15925	6372	17612
15926	6373	17613
15928	478	17615
15929	478	17616
15930	481	17617
15931	482	17618
15932	6374	17619
15934	6376	17621
15936	6378	17623
15938	4785	17625
15939	6379	17626
15940	6380	17627
15941	6381	17628
15943	6383	17630
15944	6384	17631
15945	6385	17632
15946	6386	17633
15947	6388	17634
15948	6387	17635
15949	6389	17636
15950	6390	17637
15954	6394	17641
15955	6394	17642
15956	6394	17643
15957	6396	17644
15958	6397	17645
15959	6398	17646
15960	6398	17647
15961	6400	17648
15962	3843	17649
15963	3843	17650
15964	3843	17651
15965	3843	17652
15966	6401	17653
15967	6402	17654
15968	6403	17655
15969	6404	17656
15970	6404	17657
15971	6405	17658
15972	6406	17659
15973	6407	17660
15974	6408	17661
15975	6409	17662
15976	6410	17663
15977	6411	17664
15978	732	17665
15979	732	17666
15980	6412	17667
15981	4549	17668
15982	6413	17669
15983	6414	17670
15984	6415	17671
15985	6416	17672
15986	6418	17673
15987	6419	17674
15988	6420	17675
15989	6421	17676
15991	6423	17678
15992	6424	17679
15993	6425	17680
15994	6426	17681
15995	6427	17682
15996	6428	17683
15997	6428	17684
15998	1527	17685
15999	1527	17686
16000	1527	17687
16001	6429	17688
16002	6430	17689
16003	6431	17690
16004	6432	17691
16005	6433	17692
16006	6434	17693
16007	6435	17694
16008	6436	17695
16009	6437	17696
16010	6437	17697
16011	6437	17698
16012	6438	17699
16013	6438	17700
16014	6438	17701
16015	6438	17702
16016	6438	17703
16019	6441	17706
16020	6442	17707
16021	6443	17708
16022	6444	17709
16023	6445	17710
16024	6446	17711
16025	9848	17712
16026	9848	17713
16027	6447	17714
16028	6448	17715
16029	6449	17716
16030	6450	17717
16031	6451	17718
16032	6452	17719
16033	6453	17720
16034	6454	17721
16035	3862	17722
16036	3862	17723
16037	3862	17724
16038	3862	17725
16039	3862	17726
16040	3862	17727
16041	3862	17728
16042	3862	17729
16043	3862	17730
16044	3862	17731
16045	3862	17732
16046	3862	17733
16047	3862	17734
16048	3862	17735
16049	3862	17736
16050	3862	17737
16051	3862	17738
16052	3862	17739
16053	3862	17740
16054	3862	17741
16055	3862	17742
16056	6455	17743
16057	3862	17744
16058	3862	17745
16059	3862	17746
16060	3862	17747
16061	3862	17748
16062	3862	17749
16063	3862	17750
16064	3862	17751
16065	3862	17752
16066	3862	17753
16067	3862	17754
16068	3862	17755
16069	3862	17756
16070	6456	17757
16071	6457	17758
16072	6458	17759
16073	6459	17760
16074	6462	17761
16075	6463	17762
16076	6463	17763
16077	6463	17764
16078	6463	17765
16079	6463	17766
16081	6465	17768
16082	6466	17769
16083	6467	17770
16084	6468	17771
16085	6469	17772
16086	6470	17773
16087	460	17774
16088	1921	17775
16089	1921	17776
16090	6471	17777
16091	1545	17778
16092	6473	17779
16093	6473	17780
16094	6473	17781
16095	6474	17782
16096	6475	17783
16097	6476	17784
16098	6477	17785
16099	6478	17786
16100	6479	17787
16101	6480	17788
16102	6480	17789
16103	6480	17790
16104	6480	17791
16105	6480	17792
16106	6480	17793
16107	6481	17794
16108	6482	17795
16109	6483	17796
16110	6484	17797
16111	6485	17798
16112	6486	17799
16114	6487	17801
16115	6488	17802
16116	6489	17803
16117	6490	17804
16118	6491	17805
16119	6492	17806
16120	6493	17807
16121	6494	17808
16122	6494	17809
16123	6494	17810
16124	6494	17811
16125	6494	17812
16127	6495	17814
16129	6497	17816
16130	478	17817
16131	6498	17818
16132	6499	17819
16135	6502	17822
16136	6505	17823
16137	6506	17824
16138	6506	17825
16139	6506	17826
16141	531	17828
16142	6508	17829
16143	6509	17830
16144	6509	17831
16145	6511	17832
16147	441	17834
16148	6514	17835
16149	6515	17836
16150	6516	17837
16152	6518	17839
16153	6519	17840
16154	6520	17841
16155	6521	17842
16156	6522	17843
16157	468	17844
16158	6523	17845
16159	6524	17846
16160	6525	17847
16161	6526	17848
16162	6527	17849
16164	6529	17851
16165	6530	17852
16167	1691	17854
16168	1691	17855
16169	1691	17856
16170	1691	17857
16171	6534	17858
16172	6535	17859
16173	6536	17860
16174	6537	17861
16175	6538	17862
16177	6540	17864
16178	6539	17865
16179	6541	17866
16180	6542	17867
16181	6543	17868
16182	6544	17869
16183	6545	17870
16185	6547	17872
16186	523	17873
16187	523	17874
16188	6548	17875
16190	6550	17877
16191	6551	17878
16192	6552	17879
16193	6553	17880
16194	6555	17881
16199	6558	17886
16200	6559	17887
16202	5580	17889
16203	6561	17890
16204	6562	17891
16205	6563	17892
16206	6564	17893
16207	6565	17894
16208	6566	17895
16209	6567	17896
16210	6568	17897
16211	6569	17898
16212	6570	17899
16213	6571	17900
16214	6572	17901
16215	6573	17902
16216	6574	17903
16218	6576	17905
16219	6577	17906
16220	4148	17907
16221	6578	17908
16222	4148	17909
16223	6579	17910
16224	6580	17911
16225	6581	17912
16226	6582	17913
16227	6583	17914
16228	6584	17915
16229	6585	17916
16230	6586	17917
16231	6587	17918
16232	6588	17919
16233	6589	17920
16234	6590	17921
16235	6591	17922
16236	6592	17923
16237	6593	17924
16238	2342	17925
16239	2342	17926
16240	2342	17927
16241	2342	17928
16242	2342	17929
16243	2342	17930
16245	6594	17932
16246	2342	17933
16247	2342	17934
16248	2342	17935
16249	2342	17936
16250	2342	17937
16251	2342	17938
16252	2342	17939
16253	2342	17940
16254	2342	17941
16255	2342	17942
16256	2342	17943
16257	2342	17944
16258	2342	17945
16259	2342	17946
16260	2342	17947
16261	2342	17948
16262	2342	17949
16263	2342	17950
16264	2342	17951
16265	2342	17952
16266	2342	17953
16267	2342	17954
16268	2342	17955
16269	2342	17956
16270	2342	17957
16271	2342	17958
16273	6596	17960
16275	6598	17962
16277	6600	17964
16278	6601	17965
16279	6602	17966
16280	6603	17967
16281	6604	17968
16282	6605	17969
16283	6606	17970
16284	6607	17971
16285	6609	17972
16286	6608	17973
16287	6610	17974
16288	6611	17975
16289	6612	17976
16290	6614	17977
16291	6615	17978
16292	6616	17979
16293	6617	17980
16294	6618	17981
16295	6619	17982
16296	6620	17983
16297	6621	17984
16298	6622	17985
16299	6624	17986
16300	6625	17987
16302	6627	17989
16303	6628	17990
16306	6630	17993
16307	6631	17994
16308	6632	17995
16309	6633	17996
16310	6634	17997
16311	6635	17998
16312	450	17999
16313	6636	18000
16314	6638	18001
16315	6639	18002
16316	450	18003
16317	450	18004
16318	493	18005
16319	6640	18006
16320	6641	18007
16321	6642	18008
16322	6643	18009
16323	6645	18010
16324	6644	18011
16325	6646	18012
16326	6647	18013
16327	6648	18014
16328	6649	18015
16329	6650	18016
16330	6651	18017
16331	6652	18018
16332	6653	18019
16333	6654	18020
16334	6654	18021
16335	6654	18022
16336	6654	18023
16337	6654	18024
16338	6654	18025
16339	6654	18026
16340	6654	18027
16342	6654	18029
16343	6654	18030
16344	6654	18031
16345	6655	18032
16346	6656	18033
16347	6657	18034
16348	6657	18035
16349	6658	18036
16350	6660	18037
16351	6660	18038
16352	6660	18039
16353	6660	18040
16354	6659	18041
16355	6661	18042
16356	6661	18043
16357	6661	18044
16358	6661	18045
16360	6663	18047
16361	6663	18048
16362	6664	18049
16363	6665	18050
16364	6666	18051
16365	6667	18052
16366	6668	18053
16367	523	18054
16368	523	18055
16369	523	18056
16370	6668	18057
16371	6669	18058
16372	523	18059
16373	6670	18060
16375	6672	18062
16377	6674	18064
16378	6675	18065
16379	3216	18066
16380	3216	18067
16381	3216	18068
16382	3216	18069
16383	3216	18070
16384	3216	18071
16385	3216	18072
16386	3216	18073
16387	3216	18074
16388	3216	18075
16389	3216	18076
16390	3216	18077
16391	3216	18078
16392	6677	18079
16393	6679	18080
16394	523	18081
16395	6680	18082
16396	6681	18083
16399	1649	18086
16400	6683	18087
16401	6683	18088
16402	6684	18089
16403	6686	18090
16404	6685	18091
16405	6687	18092
16406	6688	18093
16407	6689	18094
16408	6690	18095
16409	6691	18096
16410	6692	18097
16412	523	18099
16413	6694	18100
16414	6694	18101
16415	6695	18102
16416	6696	18103
16417	6697	18104
16418	6698	18105
16419	6699	18106
16420	6700	18107
16421	6701	18108
16422	6701	18109
16423	6701	18110
16424	6701	18111
16425	6702	18112
16426	6703	18113
16427	6704	18114
16428	6705	18115
16429	6706	18116
16430	6707	18117
16431	6708	18118
16432	6709	18119
16433	6708	18120
16434	6710	18121
16435	6712	18122
16436	6713	18123
16437	6715	18124
16438	6717	18125
16440	6719	18127
16441	6720	18128
16442	1336	18129
16443	1336	18130
16444	1336	18131
16445	1336	18132
16446	1336	18133
16447	6721	18134
16448	6722	18135
16449	5932	18136
16450	478	18137
16451	6723	18138
16453	6724	18140
16454	6724	18141
16455	6724	18142
16457	6726	18144
16458	6727	18145
16459	6728	18146
16460	6729	18147
16461	6730	18148
16462	6731	18149
16463	6732	18150
16464	6733	18151
16465	6734	18152
16466	6735	18153
16467	6736	18154
16468	6737	18155
16469	6738	18156
16470	6739	18157
16471	6740	18158
16472	6741	18159
16473	6742	18160
16474	6743	18161
16475	6744	18162
16476	6745	18163
16477	6746	18164
16478	6747	18165
16479	6748	18166
16480	6749	18167
16481	6750	18168
16482	6750	18169
16483	6752	18170
16484	6753	18171
16485	6754	18172
16486	6755	18173
16487	6756	18174
16488	6757	18175
16489	6758	18176
16490	6759	18177
16492	6761	18179
16493	6760	18180
16495	1336	18182
16496	6762	18183
16497	6763	18184
16498	6764	18185
16499	6765	18186
16500	6766	18187
16501	6767	18188
16502	6768	18189
16503	6769	18190
16504	6771	18191
16505	6773	18192
16506	6772	18193
16507	6770	18194
16508	6770	18195
16509	6774	18196
16510	6770	18197
16511	6770	18198
16512	6770	18199
16514	6775	18201
16516	510	18203
16517	510	18204
16518	6777	18205
16520	5268	18207
16521	5268	18208
16522	5268	18209
16523	5268	18210
16524	5268	18211
16525	5268	18212
16526	5268	18213
16527	5268	18214
16530	6780	18217
16531	6781	18218
16533	4046	18220
16534	6783	18221
16536	6785	18223
16537	6786	18224
16538	6787	18225
16539	6788	18226
16540	6789	18227
16542	6791	18229
16543	6790	18230
16544	6790	18231
16545	6790	18232
16546	6790	18233
16547	6793	18234
16548	6792	18235
16549	6792	18236
16550	6792	18237
16551	6794	18238
16552	6795	18239
16553	6796	18240
16554	6797	18241
16555	6798	18242
16556	6799	18243
16557	6800	18244
16558	6801	18245
16559	6802	18246
16560	6803	18247
16561	6804	18248
16562	6805	18249
16563	6806	18250
16564	6807	18251
16566	6809	18253
16567	6810	18254
16568	6811	18255
16569	6812	18256
16570	3669	18257
16571	6813	18258
16572	3669	18259
16573	3669	18260
16574	3669	18261
16575	3669	18262
16576	3669	18263
16577	3669	18264
16578	6814	18265
16579	6814	18266
16580	6814	18267
16581	6814	18268
16582	6814	18269
16583	6814	18270
16584	6814	18271
16585	6814	18272
16586	6814	18273
16587	6815	18274
16588	6815	18275
16589	6816	18276
16590	6816	18277
16592	6818	18279
16593	6819	18280
16594	6820	18281
16596	6821	18283
16597	6822	18284
16598	6823	18285
16599	6824	18286
16600	6825	18287
16601	6826	18288
16602	6828	18289
16603	6829	18290
16607	6830	18294
16608	6830	18295
16609	6830	18296
16610	6831	18297
16611	6832	18298
16612	6832	18299
16613	6832	18300
16614	6832	18301
16615	6832	18302
16616	6833	18303
16620	6835	18307
16621	6836	18308
16622	6836	18309
16623	6836	18310
16624	6836	18311
16625	6836	18312
16626	6836	18313
16627	6836	18314
16628	6836	18315
16629	6836	18316
16630	6836	18317
16631	6836	18318
16632	6836	18319
16633	6837	18320
16634	6838	18321
16635	2270	18322
16636	6839	18323
16637	531	18324
16638	531	18325
16639	6840	18326
16640	6840	18327
16641	6840	18328
16642	6840	18329
16643	6840	18330
16644	6840	18331
16646	6841	18333
16647	6842	18334
16648	6843	18335
16649	6844	18336
16650	6845	18337
16651	6846	18338
16652	6846	18339
16653	6846	18340
16654	6846	18341
16655	6846	18342
16656	6847	18343
16657	6848	18344
16658	6848	18345
16659	6849	18346
16660	6850	18347
16661	6851	18348
16663	6853	18350
16664	6854	18351
16665	6855	18352
16666	6856	18353
16667	6857	18354
16668	6858	18355
16669	6858	18356
16670	6859	18357
16671	6860	18358
16672	6862	18359
16673	6861	18360
16674	6863	18361
16675	6864	18362
16676	6865	18363
16677	6866	18364
16679	6868	18366
16680	6869	18367
16681	6870	18368
16682	6871	18369
16683	6872	18370
16684	6873	18371
16689	6876	18376
16690	6877	18377
16691	6878	18378
16692	8278	18379
16693	6880	18380
16694	6880	18381
16695	6880	18382
16699	6880	18386
16700	6880	18387
16701	6880	18388
16702	6880	18389
16703	6882	18390
16705	6883	18392
16706	6884	18393
16707	6885	18394
16708	6886	18395
16709	6887	18396
16710	6888	18397
16712	6890	18399
16713	6891	18400
16714	6892	18401
16715	6893	18402
16716	6894	18403
16717	6895	18404
16718	6896	18405
16719	6897	18406
16720	6898	18407
16721	6898	18408
16722	6898	18409
16723	6898	18410
16724	6898	18411
16725	6899	18412
16726	6900	18413
16727	6901	18414
16728	4410	18415
16729	4410	18416
16730	6902	18417
16731	6902	18418
16732	6902	18419
16733	6902	18420
16734	6902	18421
16735	6903	18422
16736	6904	18423
16737	6904	18424
16738	6904	18425
16739	6904	18426
16740	6905	18427
16741	6906	18428
16742	6907	18429
16743	6907	18430
16744	6907	18431
16745	6907	18432
16746	6907	18433
16747	6907	18434
16748	6907	18435
16749	6907	18436
16750	6908	18437
16751	6909	18438
16752	6910	18439
16753	6911	18440
16754	770	18441
16755	770	18442
16756	770	18443
16757	770	18444
16758	770	18445
16759	770	18446
16760	770	18447
16761	770	18448
16762	770	18449
16763	770	18450
16764	770	18451
16765	770	18452
16766	6912	18453
16767	6913	18454
16768	6914	18455
16769	6915	18456
16770	6916	18457
16771	6917	18458
16772	6918	18459
16773	6919	18460
16774	6919	18461
16775	6919	18462
16776	6919	18463
16777	6919	18464
16778	6919	18465
16779	6919	18466
16780	6919	18467
16781	6919	18468
16782	6919	18469
16783	6919	18470
16784	6920	18471
16785	6921	18472
16786	6921	18473
16787	6921	18474
16788	6923	18475
16789	6924	18476
16790	6925	18477
16791	6005	18478
16793	6926	18480
16794	6927	18481
16795	6928	18482
16796	6928	18483
16797	6929	18484
16798	6930	18485
16800	6932	18487
16801	6932	18488
16802	6932	18489
16803	6932	18490
16804	6932	18491
16805	6933	18492
16806	6932	18493
16807	6934	18494
16808	6935	18495
16809	6936	18496
16810	6937	18497
16811	6938	18498
16812	6939	18499
16813	6940	18500
16820	6942	18507
16821	3678	18508
16822	3678	18509
16823	6943	18510
16824	6944	18511
16825	6945	18512
16826	6946	18513
16827	6947	18514
16828	6947	18515
16829	6947	18516
16830	6947	18517
16831	6948	18518
16832	6949	18519
16833	6951	18520
16835	6953	18522
16836	8446	18523
16837	8446	18524
16838	8446	18525
16840	6956	18527
16841	6958	18528
16842	6959	18529
16843	6960	18530
16844	6961	18531
16845	6962	18532
16846	6963	18533
16847	6964	18534
16848	6965	18535
16849	6967	18536
16850	6966	18537
16851	6966	18538
16852	6968	18539
16853	6969	18540
16854	6970	18541
16855	6971	18542
16856	6972	18543
16857	6973	18544
16858	6974	18545
16859	6975	18546
16860	6975	18547
16861	6975	18548
16862	6975	18549
16863	6975	18550
16864	6975	18551
16865	6975	18552
16866	6975	18553
16867	6975	18554
16868	6975	18555
16869	6975	18556
16870	6975	18557
16871	6975	18558
16872	6979	18559
16873	6978	18560
16874	6978	18561
16875	6978	18562
16876	6978	18563
16877	6978	18564
16878	6978	18565
16881	6978	18568
16882	6978	18569
16883	6978	18570
16884	6978	18571
16885	6978	18572
16886	6980	18573
16887	6981	18574
16888	6982	18575
16889	6983	18576
16890	6985	18577
16891	6986	18578
16892	6987	18579
16893	6988	18580
16894	6989	18581
16895	6990	18582
16896	6991	18583
16898	2123	18585
16899	2123	18586
16905	2123	18592
16906	2123	18593
16907	3384	18594
16908	3384	18595
16909	3384	18596
16910	3384	18597
16911	3384	18598
16912	3384	18599
16913	3384	18600
16914	3384	18601
16915	3384	18602
16916	3384	18603
16917	3384	18604
16918	3384	18605
16919	3384	18606
16920	3384	18607
16921	3384	18608
16922	6993	18609
16923	3384	18610
16924	3384	18611
16925	3384	18612
16926	3384	18613
16927	6994	18614
16928	6995	18615
16929	6996	18616
16930	6996	18617
16931	6996	18618
16932	6996	18619
16933	6997	18620
16934	6999	18621
16935	7000	18622
16936	7001	18623
16937	7002	18624
16938	7003	18625
16939	7004	18626
16940	7005	18627
16941	7006	18628
16942	7007	18629
16943	7008	18630
16944	7009	18631
16945	7009	18632
16946	7009	18633
16947	7009	18634
16948	7009	18635
16949	7009	18636
16950	1055	18637
16951	1055	18638
16952	1055	18639
16953	1055	18640
16954	7010	18641
16955	7011	18642
16956	7012	18643
16957	7013	18644
16958	7014	18645
16959	7015	18646
16960	7016	18647
16961	7017	18648
16962	7017	18649
16963	7018	18650
16964	7019	18651
16965	7020	18652
16966	7021	18653
16967	7022	18654
16968	7023	18655
16969	7024	18656
16971	7025	18658
16972	7025	18659
16973	7025	18660
16974	7025	18661
16975	7026	18662
16976	7026	18663
16977	7026	18664
16978	7026	18665
16979	7026	18666
16980	7027	18667
16981	7028	18668
16983	7029	18670
16984	7030	18671
16985	7031	18672
16986	7032	18673
16987	7034	18674
16988	7035	18675
16989	7036	18676
16991	7038	18678
16992	3385	18679
16993	3385	18680
16994	3385	18681
16995	3385	18682
16996	3385	18683
16997	3385	18684
16998	3385	18685
16999	3385	18686
17000	3385	18687
17001	3385	18688
17002	3385	18689
17004	3385	18691
17005	3385	18692
17006	3385	18693
17007	3385	18694
17008	3385	18695
17009	3385	18696
17010	3385	18697
17011	3385	18698
17012	3385	18699
17013	3385	18700
17014	3385	18701
17015	3385	18702
17016	3385	18703
17017	3385	18704
17018	3385	18705
17019	3385	18706
17020	3385	18707
17021	3385	18708
17022	3385	18709
17023	3385	18710
17024	3385	18711
17025	3385	18712
17026	3385	18713
17027	3385	18714
17028	3385	18715
17029	3385	18716
17030	3385	18717
17031	3385	18718
17032	3385	18719
17033	3385	18720
17034	3385	18721
17035	3385	18722
17036	3385	18723
17037	3385	18724
17038	3385	18725
17039	3385	18726
17040	3385	18727
17041	3385	18728
17042	3385	18729
17043	3385	18730
17044	3385	18731
17045	3385	18732
17046	3385	18733
17047	3385	18734
17048	3385	18735
17049	3385	18736
17050	3385	18737
17051	3385	18738
17052	3385	18739
17053	3385	18740
17054	3385	18741
17055	3385	18742
17056	3385	18743
17057	3385	18744
17058	3385	18745
17059	3385	18746
17060	3385	18747
17061	3385	18748
17062	3385	18749
17063	3385	18750
17064	3385	18751
17065	3385	18752
17066	3385	18753
17067	3385	18754
17068	3385	18755
17069	3385	18756
17070	3385	18757
17071	3385	18758
17072	3385	18759
17073	3385	18760
17074	3385	18761
17075	3385	18762
17076	3385	18763
17077	3385	18764
17078	3385	18765
17079	4543	18766
17080	4543	18767
17081	4543	18768
17082	7040	18769
17083	7041	18770
17084	7042	18771
17085	7044	18772
17086	5125	18773
17087	5125	18774
17088	5125	18775
17089	5125	18776
17090	5125	18777
17091	5125	18778
17092	5125	18779
17093	5125	18780
17094	5125	18781
17095	5125	18782
17096	5125	18783
17097	5125	18784
17098	5125	18785
17099	5125	18786
17100	5125	18787
17101	5125	18788
17102	7045	18789
17103	7046	18790
17104	7047	18791
17105	7048	18792
17106	7049	18793
17107	7050	18794
17108	7050	18795
17109	7050	18796
17110	7050	18797
17111	7050	18798
17112	7050	18799
17113	7050	18800
17114	7050	18801
17115	7050	18802
17116	7050	18803
17117	7050	18804
17118	7050	18805
17119	7050	18806
17120	7051	18807
17121	7052	18808
17122	7053	18809
17123	7054	18810
17124	7055	18811
17125	7056	18812
17126	7057	18813
17127	7059	18814
17128	7060	18815
17129	7061	18816
17130	7062	18817
17131	7063	18818
17132	7064	18819
17133	7065	18820
17134	7066	18821
17135	7066	18822
17136	7067	18823
17137	7068	18824
17138	7069	18825
17139	7070	18826
17140	7071	18827
17141	7072	18828
17142	7073	18829
17143	5784	18830
17144	5784	18831
17145	5784	18832
17147	5784	18834
17148	5784	18835
17149	5784	18836
17150	5784	18837
17151	5784	18838
17152	5784	18839
17153	5784	18840
17154	5784	18841
17155	5784	18842
17156	5784	18843
17157	5784	18844
17158	5784	18845
17159	5784	18846
17160	5784	18847
17161	5784	18848
17162	5784	18849
17163	5784	18850
17164	5784	18851
17165	5784	18852
17166	5784	18853
17167	5784	18854
17168	5784	18855
17169	5784	18856
17170	7074	18857
17171	7075	18858
17173	7076	18860
17174	3350	18861
17175	3350	18862
17176	7077	18863
17178	7078	18865
17182	7080	18869
17183	7081	18870
17184	7082	18871
17185	7083	18872
17186	7084	18873
17188	7085	18875
17189	7086	18876
17190	7087	18877
17191	7088	18878
17192	7089	18879
17193	7090	18880
17195	7092	18882
17197	596	18884
17198	596	18885
17199	596	18886
17200	596	18887
17202	597	18889
17213	509	18900
17230	509	18917
17234	509	18921
17235	509	18922
17236	7094	18923
17237	7095	18924
17238	7096	18925
17239	7097	18926
17240	7098	18927
17241	7099	18928
17242	7099	18929
17243	7100	18930
17244	7101	18931
17245	7102	18932
17246	5069	18933
17247	7103	18934
17248	7104	18935
17249	7105	18936
17250	7106	18937
17251	7107	18938
17252	7108	18939
17253	7109	18940
17254	7110	18941
17255	7111	18942
17257	7113	18944
17261	1768	18948
17262	5801	18949
17263	5801	18950
17264	5801	18951
17265	1768	18952
17266	5801	18953
17267	1768	18954
17268	1768	18955
17269	1768	18956
17270	7115	18957
17271	7116	18958
17276	509	18963
17279	5465	18966
17280	7118	18967
17281	7119	18968
17282	7120	18969
17283	7121	18970
17285	7123	18972
17286	564	18973
17288	7124	18975
17289	7125	18976
17290	7125	18977
17291	7126	18978
17292	471	18979
17293	7127	18980
17294	7128	18981
17295	7129	18982
17296	7130	18983
17297	7131	18984
17298	7132	18985
17299	7133	18986
17300	7134	18987
17301	7135	18988
17302	7135	18989
17303	7135	18990
17304	7135	18991
17305	7135	18992
17306	7135	18993
17307	7135	18994
17308	7136	18995
17309	7137	18996
17310	7138	18997
17311	7139	18998
17312	7141	18999
17313	7142	19000
17314	7143	19001
17315	7143	19002
17317	7145	19004
17318	7145	19005
17319	7145	19006
17320	7145	19007
17321	7145	19008
17322	7145	19009
17323	7145	19010
17324	7145	19011
17325	7146	19012
17326	7147	19013
17327	7148	19014
17328	7149	19015
17329	7149	19016
17330	7149	19017
17331	7150	19018
17332	7150	19019
17333	7150	19020
17334	7150	19021
17335	7150	19022
17336	7151	19023
17337	7151	19024
17338	7151	19025
17339	2390	19026
17340	2390	19027
17341	2390	19028
17342	2390	19029
17343	2390	19030
17344	2390	19031
17345	2390	19032
17346	2390	19033
17347	2390	19034
17348	2390	19035
17349	7151	19036
17350	7151	19037
17351	7151	19038
17352	7151	19039
17353	7151	19040
17354	7151	19041
17355	7151	19042
17356	7151	19043
17357	7152	19044
17358	7152	19045
17359	7152	19046
17360	7152	19047
17361	7152	19048
17362	7152	19049
17363	7152	19050
17364	7152	19051
17365	7152	19052
17366	7152	19053
17367	7152	19054
17368	444	19055
17369	7153	19056
17370	7153	19057
17371	7153	19058
17372	2390	19059
17373	7153	19060
17374	7153	19061
17375	7153	19062
17376	7153	19063
17377	7153	19064
17378	7153	19065
17379	7153	19066
17380	7153	19067
17381	4223	19068
17382	4223	19069
17383	4223	19070
17384	4223	19071
17385	4223	19072
17386	4223	19073
17387	4223	19074
17388	4223	19075
17389	4223	19076
17390	4223	19077
17391	4223	19078
17392	7154	19079
17393	4222	19080
17394	4222	19081
17395	4222	19082
17396	4222	19083
17397	4222	19084
17399	4222	19086
17400	4222	19087
17401	4222	19088
17402	4222	19089
17403	4222	19090
17404	4222	19091
17405	7151	19092
17406	7151	19093
17407	7151	19094
17409	7151	19096
17410	7151	19097
17411	7151	19098
17412	7151	19099
17413	7151	19100
17414	7151	19101
17415	7151	19102
17416	7152	19103
17417	7152	19104
17418	7152	19105
17419	7152	19106
17420	7152	19107
17421	7152	19108
17422	7152	19109
17423	7152	19110
17424	7152	19111
17425	7152	19112
17426	7152	19113
17427	7153	19114
17428	7153	19115
17429	7153	19116
17430	7153	19117
17431	7153	19118
17432	7153	19119
17433	7153	19120
17434	7153	19121
17435	7153	19122
17436	7153	19123
17437	7153	19124
17438	4223	19125
17439	4223	19126
17440	4223	19127
17441	4223	19128
17442	4223	19129
17443	4223	19130
17444	4223	19131
17445	4223	19132
17446	4223	19133
17447	4223	19134
17448	4223	19135
17449	4222	19136
17450	4222	19137
17451	4222	19138
17452	4222	19139
17453	4222	19140
17454	4222	19141
17455	4222	19142
17456	4222	19143
17457	4222	19144
17458	4222	19145
17459	4222	19146
17460	7156	19147
17461	7157	19148
17462	7157	19149
17463	7157	19150
17464	7157	19151
17465	6035	19152
17466	7158	19153
17467	596	19154
17468	596	19155
17469	596	19156
17470	596	19157
17471	596	19158
17472	596	19159
17473	596	19160
17474	596	19161
17475	596	19162
17476	596	19163
17477	4552	19164
17478	7159	19165
17479	7159	19166
17480	7159	19167
17481	7160	19168
17482	7161	19169
17483	7162	19170
17484	7163	19171
17485	452	19172
17486	7164	19173
17487	7164	19174
17488	7164	19175
17489	7164	19176
17490	7164	19177
17491	7164	19178
17492	7164	19179
17493	7164	19180
17494	7164	19181
17495	7164	19182
17496	7164	19183
17497	7164	19184
17498	7164	19185
17499	7164	19186
17500	7164	19187
17501	7164	19188
17502	7164	19189
17503	7164	19190
17504	7164	19191
17505	7164	19192
17506	7164	19193
17507	7164	19194
17508	7164	19195
17509	7164	19196
17510	7164	19197
17511	7164	19198
17512	7164	19199
17513	7164	19200
17514	7164	19201
17515	7164	19202
17516	7164	19203
17517	7164	19204
17518	7164	19205
17519	7164	19206
17520	7164	19207
17521	7164	19208
17522	7164	19209
17523	7164	19210
17524	7164	19211
17525	7164	19212
17526	7164	19213
17527	7164	19214
17528	7164	19215
17529	7164	19216
17530	7164	19217
17531	7164	19218
17532	7164	19219
17533	7164	19220
17534	7164	19221
17536	7164	19223
17537	7164	19224
17538	7164	19225
17539	7164	19226
17540	7164	19227
17541	7164	19228
17542	7164	19229
17543	7164	19230
17544	7164	19231
17545	7164	19232
17546	7164	19233
17547	7164	19234
17549	7164	19236
17551	7164	19238
17552	7164	19239
17553	7164	19240
17554	7164	19241
17555	7164	19242
17556	7164	19243
17557	7164	19244
17558	7164	19245
17559	7164	19246
17560	7164	19247
17561	7164	19248
17562	7164	19249
17563	7164	19250
17564	7164	19251
17565	7164	19252
17566	7164	19253
17567	7165	19254
17568	7166	19255
17569	7167	19256
17570	7168	19257
17571	7169	19258
17572	7170	19259
17573	7170	19260
17574	7170	19261
17575	7172	19262
17576	7173	19263
17577	7174	19264
17578	7175	19265
17579	7176	19266
17580	7177	19267
17581	7178	19268
17582	7179	19269
17583	7180	19270
17584	7181	19271
17585	7182	19272
17586	7183	19273
17587	7183	19274
17588	7183	19275
17589	7183	19276
17590	7183	19277
17591	7184	19278
17592	7185	19279
17593	3802	19280
17594	7186	19281
17595	7187	19282
17596	7188	19283
17597	7189	19284
17598	7190	19285
17599	7191	19286
17600	7193	19287
17601	7192	19288
17602	7192	19289
17603	505	19290
17604	505	19291
17605	505	19292
17606	7194	19293
17607	7195	19294
17608	7195	19295
17609	7195	19296
17610	7195	19297
17611	7195	19298
17612	7195	19299
17613	7196	19300
17615	7198	19302
17616	7199	19303
17617	7200	19304
17618	7201	19305
17620	7203	19307
17621	4834	19308
17622	4834	19309
17623	4834	19310
17624	4834	19311
17625	4834	19312
17626	7202	19313
17627	4834	19314
17628	4834	19315
17629	4834	19316
17630	4834	19317
17631	4834	19318
17632	4834	19319
17633	4834	19320
17634	4834	19321
17635	4834	19322
17636	4834	19323
17637	4834	19324
17638	4834	19325
17639	4834	19326
17640	4834	19327
17641	4834	19328
17642	4834	19329
17643	4834	19330
17644	4834	19331
17645	4834	19332
17646	4834	19333
17647	4834	19334
17648	4834	19335
17649	4834	19336
17650	4834	19337
17651	4834	19338
17652	4834	19339
17653	4835	19340
17654	4835	19341
17655	4835	19342
17656	4835	19343
17657	4835	19344
17658	4835	19345
17659	4835	19346
17660	4835	19347
17661	4835	19348
17662	4835	19349
17663	4835	19350
17664	4835	19351
17665	4835	19352
17666	4835	19353
17667	4835	19354
17668	4835	19355
17669	4835	19356
17670	4835	19357
17671	4835	19358
17672	4835	19359
17673	4835	19360
17674	4835	19361
17675	4835	19362
17676	4835	19363
17677	4835	19364
17678	4835	19365
17679	4835	19366
17680	4835	19367
17681	4835	19368
17682	4835	19369
17683	4835	19370
17684	7204	19371
17685	7204	19372
17686	1853	19373
17687	7204	19374
17688	1853	19375
17689	1853	19376
17690	1853	19377
17691	1853	19378
17692	1853	19379
17693	1853	19380
17694	1853	19381
17695	1853	19382
17696	1853	19383
17697	1853	19384
17698	7204	19385
17699	1853	19386
17700	1853	19387
17701	7204	19388
17702	1853	19389
17703	1853	19390
17704	7204	19391
17705	7204	19392
17706	7204	19393
17707	7207	19394
17708	4842	19395
17709	7207	19396
17710	4842	19397
17711	7204	19398
17712	4842	19399
17713	4842	19400
17714	7204	19401
17715	4842	19402
17716	4842	19403
17717	7204	19404
17718	4842	19405
17719	4842	19406
17720	4842	19407
17721	4842	19408
17722	4842	19409
17723	4842	19410
17724	4842	19411
17725	4842	19412
17726	4842	19413
17727	7204	19414
17728	4843	19415
17729	4843	19416
17730	7204	19417
17731	4843	19418
17732	4843	19419
17733	7204	19420
17734	4843	19421
17735	7204	19422
17736	4843	19423
17737	7204	19424
17738	7205	19425
17739	4843	19426
17740	4843	19427
17741	7205	19428
17742	4843	19429
17743	4843	19430
17744	4843	19431
17745	4843	19432
17746	4843	19433
17747	4843	19434
17748	4843	19435
17749	4844	19436
17750	4844	19437
17751	4844	19438
17752	4844	19439
17753	4844	19440
17754	4844	19441
17755	4844	19442
17756	4844	19443
17757	4844	19444
17758	4844	19445
17759	4844	19446
17760	4844	19447
17761	4844	19448
17762	4844	19449
17763	4844	19450
17764	7208	19451
17765	7208	19452
17766	7208	19453
17767	7208	19454
17768	7209	19455
17769	7208	19456
17770	7208	19457
17771	7208	19458
17772	7208	19459
17773	7208	19460
17774	7208	19461
17775	7208	19462
17776	7205	19463
17777	7208	19464
17778	7205	19465
17779	7208	19466
17780	7205	19467
17781	7208	19468
17782	7208	19469
17783	7205	19470
17784	7208	19471
17785	7205	19472
17786	7208	19473
17787	7208	19474
17788	7205	19475
17789	7208	19476
17790	7208	19477
17791	7205	19478
17792	7208	19479
17793	7208	19480
17794	7205	19481
17795	7208	19482
17796	7208	19483
17797	7208	19484
17798	7205	19485
17799	7208	19486
17800	7208	19487
17801	7205	19488
17802	7208	19489
17803	7205	19490
17804	7208	19491
17805	7208	19492
17806	7205	19493
17807	7208	19494
17808	7208	19495
17809	7205	19496
17810	7205	19497
17811	7206	19498
17812	7206	19499
17813	7206	19500
17814	7206	19501
17815	7206	19502
17816	7206	19503
17817	7206	19504
17818	7206	19505
17819	7206	19506
17820	7206	19507
17821	7206	19508
17822	7206	19509
17823	7206	19510
17824	7206	19511
17825	7206	19512
17826	7206	19513
17827	7210	19514
17828	7210	19515
17829	7210	19516
17830	454	19517
17831	7211	19518
17833	7213	19520
17834	7214	19521
17835	7215	19522
17836	7216	19523
17837	7217	19524
17838	7219	19525
17839	7220	19526
17840	7221	19527
17841	7222	19528
17842	7223	19529
17843	7224	19530
17844	7225	19531
17845	7225	19532
17846	7225	19533
17847	7225	19534
17848	7225	19535
17849	6626	19536
17850	6626	19537
17851	6626	19538
17852	6626	19539
17853	6626	19540
17854	6626	19541
17855	6626	19542
17856	6626	19543
17857	6626	19544
17858	6626	19545
17859	7226	19546
17860	7227	19547
17861	7228	19548
17862	7229	19549
17863	7230	19550
17864	7162	19551
17865	7231	19552
17866	7233	19553
17867	7234	19554
17868	7235	19555
17869	7236	19556
17870	7237	19557
17871	7238	19558
17872	7239	19559
17873	7240	19560
17874	7241	19561
17875	7242	19562
17876	7243	19563
17877	7244	19564
17878	7245	19565
17879	7246	19566
17881	7248	19568
17882	7249	19569
17883	7250	19570
17884	7251	19571
17885	7253	19572
17886	7252	19573
17887	7254	19574
17888	7254	19575
17889	7255	19576
17890	7256	19577
17891	7257	19578
17892	7258	19579
17893	7259	19580
17894	7260	19581
17895	7260	19582
17896	7260	19583
17897	7260	19584
17898	7261	19585
17899	7262	19586
17900	7263	19587
17901	7264	19588
17902	7265	19589
17903	7266	19590
17904	7267	19591
17905	7268	19592
17906	7270	19593
17907	7271	19594
17908	7272	19595
17909	10110	19596
17910	7274	19597
17911	5316	19598
17912	7276	19599
17913	7277	19600
17914	7257	19601
17915	7278	19602
17916	7279	19603
17917	7279	19604
17918	7279	19605
17919	7280	19606
17920	7281	19607
17921	7282	19608
17923	440	19610
17924	7283	19611
17925	7284	19612
17926	7286	19613
17927	7285	19614
17928	7161	19615
17930	7288	19617
17931	7288	19618
17932	7288	19619
17933	7288	19620
17934	7289	19621
17935	7290	19622
17936	7291	19623
17937	7292	19624
17938	7293	19625
17939	7294	19626
17940	7296	19627
17941	7295	19628
17942	7297	19629
17943	7298	19630
17944	7299	19631
17945	7300	19632
17946	7300	19633
17947	7300	19634
17948	7300	19635
17949	7301	19636
17950	7302	19637
17951	7303	19638
17952	7304	19639
17953	7305	19640
17954	7305	19641
17955	7306	19642
17956	7307	19643
17957	7308	19644
17958	7309	19645
17959	7310	19646
17960	7311	19647
17961	7312	19648
17962	7313	19649
17963	7314	19650
17965	7316	19652
17967	7318	19654
17968	7319	19655
17969	7320	19656
17970	7321	19657
17971	7322	19658
17972	7323	19659
17973	7324	19660
17974	7325	19661
17975	7326	19662
17976	7327	19663
17977	7328	19664
17978	7329	19665
17979	5060	19666
17980	5060	19667
17981	5060	19668
17982	5060	19669
17983	5060	19670
17984	5060	19671
17985	5060	19672
17986	7331	19673
17987	7333	19674
17989	4881	19676
17990	7332	19677
17991	5322	19678
17992	7336	19679
17993	7337	19680
17994	7338	19681
17995	7339	19682
17996	7339	19683
17997	7339	19684
17998	7339	19685
17999	7339	19686
18000	7340	19687
18001	7341	19688
18004	7344	19691
18005	7345	19692
18007	7347	19694
18009	7349	19696
18010	2412	19697
18011	2412	19698
18012	2412	19699
18013	2412	19700
18014	2412	19701
18015	2412	19702
18016	7350	19703
18017	7350	19704
18018	7350	19705
18019	7351	19706
18020	7352	19707
18021	7353	19708
18023	7355	19710
18024	7356	19711
18025	7357	19712
18026	7358	19713
18027	7360	19714
18028	7361	19715
18029	7361	19716
18030	7361	19717
18031	7362	19718
18033	596	19720
18034	7363	19721
18035	7192	19722
18036	7192	19723
18037	7364	19724
18038	7365	19725
18039	7366	19726
18040	7367	19727
18041	7369	19728
18042	7370	19729
18043	7370	19730
18044	7370	19731
18045	7370	19732
18046	7371	19733
18047	7371	19734
18048	7372	19735
18049	7373	19736
18050	7374	19737
18052	7376	19739
18053	7377	19740
18056	7380	19743
18057	7381	19744
18058	7382	19745
18059	7383	19746
18060	5154	19747
18062	7385	19749
18063	7385	19750
18064	7385	19751
18065	7385	19752
18066	7385	19753
18067	7385	19754
18068	7386	19755
18069	7386	19756
18071	7388	19758
18072	7389	19759
18073	7390	19760
18074	7391	19761
18076	7393	19763
18077	7394	19764
18078	7394	19765
18080	7395	19767
18081	7395	19768
18082	7396	19769
18084	7398	19771
18085	7399	19772
18086	7399	19773
18088	7401	19775
18089	7402	19776
18090	7403	19777
18092	7405	19779
18093	7406	19780
18094	7407	19781
18095	7410	19782
18096	7411	19783
18099	7414	19786
18100	7414	19787
18101	7415	19788
18102	7416	19789
18103	7416	19790
18104	7416	19791
18105	7416	19792
18106	7416	19793
18107	7417	19794
18108	7417	19795
18109	7417	19796
18110	7417	19797
18111	7417	19798
18112	7418	19799
18113	7420	19800
18114	7420	19801
18115	7421	19802
18116	7422	19803
18117	7422	19804
18118	7423	19805
18119	904	19806
18120	904	19807
18121	904	19808
18122	904	19809
18123	904	19810
18124	7424	19811
18125	7425	19812
18126	7426	19813
18127	7385	19814
18128	7385	19815
18129	7385	19816
18130	7427	19817
18131	7428	19818
18132	7429	19819
18133	7430	19820
18134	7431	19821
18135	7432	19822
18137	5372	19824
18138	7434	19825
18139	7434	19826
18140	7434	19827
18141	7434	19828
18142	7435	19829
18144	7437	19831
18145	7439	19832
18146	7441	19833
18147	7442	19834
18150	7445	19837
18151	7445	19838
18152	7445	19839
18153	7447	19840
18154	7448	19841
18156	7450	19843
18157	7452	19844
18158	7453	19845
18159	5714	19846
18160	7454	19847
18161	7233	19848
18162	7233	19849
18163	5268	19850
18164	5268	19851
18165	5268	19852
18166	5268	19853
18167	5268	19854
18168	5268	19855
18169	7440	19856
18170	7457	19857
18171	7458	19858
18172	7459	19859
18173	7459	19860
18174	7459	19861
18175	7459	19862
18176	7459	19863
18177	7459	19864
18178	7459	19865
18179	7459	19866
18180	7459	19867
18181	7459	19868
18182	3309	19869
18183	3309	19870
18184	3309	19871
18185	3309	19872
18186	3309	19873
18187	3309	19874
18188	3309	19875
18189	3309	19876
18191	2906	19878
18192	2906	19879
18193	2906	19880
18194	2906	19881
18195	2906	19882
18196	2906	19883
18197	2906	19884
18198	2906	19885
18199	2906	19886
18200	2906	19887
18201	2906	19888
18202	7460	19889
18203	1606	19890
18204	7461	19891
18205	7462	19892
18206	5343	19893
18207	5343	19894
18208	5343	19895
18210	5343	19897
18211	5343	19898
18212	5343	19899
18213	5343	19900
18214	5343	19901
18215	5343	19902
18216	5343	19903
18217	5343	19904
18218	5343	19905
18219	5343	19906
18220	5343	19907
18221	5343	19908
18222	5343	19909
18223	5343	19910
18224	5343	19911
18225	5343	19912
18226	5343	19913
18227	5343	19914
18228	5343	19915
18229	5343	19916
18231	5343	19918
18232	5343	19919
18233	5343	19920
18235	5343	19922
18236	5343	19923
18237	5343	19924
18238	5343	19925
18239	5343	19926
18240	5343	19927
18241	5343	19928
18242	5343	19929
18243	5343	19930
18244	5343	19931
18245	5343	19932
18246	5343	19933
18248	5343	19935
18249	5343	19936
18250	5343	19937
18251	5343	19938
18252	5343	19939
18253	5343	19940
18254	5343	19941
18255	5343	19942
18256	5343	19943
18257	5343	19944
18258	5343	19945
18259	5343	19946
18260	5343	19947
18261	5343	19948
18262	5343	19949
18263	5343	19950
18264	5343	19951
18265	5343	19952
18266	5343	19953
18267	5343	19954
18268	5343	19955
18269	5343	19956
18270	5343	19957
18271	5343	19958
18272	5343	19959
18273	5343	19960
18274	5343	19961
18275	5343	19962
18276	5343	19963
18277	5343	19964
18278	5343	19965
18279	5343	19966
18280	5343	19967
18281	5343	19968
18282	5343	19969
18283	5343	19970
18284	5343	19971
18285	5343	19972
18286	5343	19973
18287	5343	19974
18288	5343	19975
18289	5343	19976
18290	5343	19977
18291	5343	19978
18292	5343	19979
18293	5343	19980
18294	5343	19981
18295	5343	19982
18296	5343	19983
18297	5343	19984
18298	5343	19985
18299	5343	19986
18300	5343	19987
18301	5343	19988
18302	5343	19989
18303	5343	19990
18304	5343	19991
18305	5343	19992
18306	5343	19993
18307	5343	19994
18308	5343	19995
18311	5343	19998
18312	5343	19999
18313	5343	20000
18314	5343	20001
18315	5343	20002
18316	5343	20003
18320	5343	20007
18321	5343	20008
18322	5343	20009
18323	5343	20010
18324	5343	20011
18326	5343	20013
18328	5343	20015
18331	5343	20018
18332	5343	20019
18333	5343	20020
18334	5343	20021
18335	5343	20022
18336	5343	20023
18338	5343	20025
18339	5343	20026
18340	5343	20027
18341	5343	20028
18342	5343	20029
18343	5343	20030
18344	5343	20031
18345	5343	20032
18346	5343	20033
18347	5343	20034
18349	5343	20036
18350	5343	20037
18351	5343	20038
18352	5343	20039
18353	5343	20040
18354	5343	20041
18355	5343	20042
18356	5343	20043
18357	5343	20044
18358	5343	20045
18359	5343	20046
18360	5343	20047
18361	5343	20048
18362	5343	20049
18363	5343	20050
18365	5343	20052
18366	5343	20053
18367	5343	20054
18368	5343	20055
18369	5343	20056
18370	5343	20057
18371	5343	20058
18372	5343	20059
18373	5343	20060
18374	5343	20061
18375	5343	20062
18376	5343	20063
18377	5343	20064
18378	5343	20065
18379	5343	20066
18380	5343	20067
18381	5343	20068
18382	5343	20069
18383	5343	20070
18384	5343	20071
18385	5343	20072
18386	5343	20073
18387	5343	20074
18388	5343	20075
18389	5343	20076
18390	5343	20077
18391	5343	20078
18392	5343	20079
18393	5343	20080
18394	5343	20081
18396	5343	20083
18397	5343	20084
18398	5343	20085
18399	5343	20086
18400	5343	20087
18403	5343	20090
18404	5343	20091
18405	5343	20092
18406	5343	20093
18407	5343	20094
18408	5343	20095
18409	5343	20096
18410	5343	20097
18411	5343	20098
18412	5343	20099
18413	5343	20100
18414	5343	20101
18415	5343	20102
18416	5343	20103
18417	5343	20104
18418	5343	20105
18419	5343	20106
18420	5343	20107
18421	5343	20108
18422	5343	20109
18423	5343	20110
18424	5343	20111
18425	5343	20112
18426	5343	20113
18427	5343	20114
18428	5343	20115
18429	5343	20116
18430	5343	20117
18431	5343	20118
18432	5343	20119
18433	5343	20120
18434	5343	20121
18435	5343	20122
18436	5343	20123
18437	5343	20124
18438	5343	20125
18439	5343	20126
18440	5343	20127
18441	5343	20128
18443	5343	20130
18444	5343	20131
18445	5343	20132
18446	5343	20133
18447	5343	20134
18448	5343	20135
18449	5343	20136
18450	5343	20137
18451	5343	20138
18452	5343	20139
18453	5343	20140
18455	5343	20142
18456	5343	20143
18457	5343	20144
18458	5343	20145
18459	5343	20146
18460	5343	20147
18461	5343	20148
18462	5343	20149
18464	5343	20151
18465	5343	20152
18466	5343	20153
18467	5343	20154
18468	5343	20155
18469	5343	20156
18470	5343	20157
18471	5343	20158
18472	5343	20159
18473	5343	20160
18474	5343	20161
18475	5343	20162
18476	5343	20163
18477	5343	20164
18478	5343	20165
18479	5343	20166
18480	5343	20167
18481	5343	20168
18482	5343	20169
18483	5343	20170
18484	5343	20171
18485	5343	20172
18486	5343	20173
18487	5343	20174
18488	5343	20175
18489	5343	20176
18490	5343	20177
18491	5343	20178
18492	5343	20179
18493	5343	20180
18494	5343	20181
18495	5343	20182
18496	5343	20183
18497	5343	20184
18498	5343	20185
18499	5343	20186
18500	5343	20187
18501	5343	20188
18502	5343	20189
18503	5343	20190
18504	5343	20191
18505	5343	20192
18506	5343	20193
18507	5343	20194
18508	5343	20195
18509	5343	20196
18510	5343	20197
18511	5343	20198
18512	5343	20199
18513	5343	20200
18514	5343	20201
18515	5343	20202
18516	5343	20203
18517	5343	20204
18518	5343	20205
18519	5343	20206
18520	5343	20207
18521	5343	20208
18522	5343	20209
18523	5343	20210
18524	5343	20211
18525	5343	20212
18526	5343	20213
18527	5343	20214
18528	5343	20215
18529	5343	20216
18530	5343	20217
18531	5343	20218
18532	5343	20219
18533	5343	20220
18534	5343	20221
18535	5343	20222
18536	5343	20223
18537	5343	20224
18538	5343	20225
18539	5343	20226
18540	5343	20227
18541	5343	20228
18542	5343	20229
18543	5343	20230
18544	5343	20231
18545	5343	20232
18546	5343	20233
18547	5343	20234
18548	5343	20235
18549	5343	20236
18550	5343	20237
18551	5343	20238
18552	5343	20239
18553	5343	20240
18554	5343	20241
18555	5343	20242
18556	5343	20243
18557	5343	20244
18558	5343	20245
18559	5343	20246
18560	5343	20247
18561	5343	20248
18562	5343	20249
18563	5343	20250
18564	5343	20251
18565	5343	20252
18566	5343	20253
18567	5343	20254
18568	5343	20255
18569	5343	20256
18570	5343	20257
18571	5343	20258
18572	4181	20259
18573	4181	20260
18574	3680	20261
18575	7463	20262
18576	7464	20263
18577	4255	20264
18578	3790	20265
18579	3790	20266
18580	3790	20267
18582	7465	20269
18583	7466	20270
18584	5343	20271
18585	5343	20272
18586	5343	20273
18587	5343	20274
18588	7467	20275
18589	7467	20276
18590	7467	20277
18591	7467	20278
18592	5343	20279
18593	7468	20280
18594	5343	20281
18595	5343	20282
18596	7469	20283
18597	5343	20284
18598	5343	20285
18599	7470	20286
18600	7472	20287
18601	5343	20288
18602	5343	20289
18603	5343	20290
18604	7473	20291
18605	7473	20292
18606	7473	20293
18607	7473	20294
18608	7473	20295
18609	7473	20296
18611	5064	20298
18612	5064	20299
18613	5064	20300
18614	7474	20301
18615	7475	20302
18616	7475	20303
18617	7475	20304
18618	7475	20305
18619	7475	20306
18620	7476	20307
18621	7477	20308
18622	2213	20309
18623	7478	20310
18624	7479	20311
18626	7482	20313
18627	7484	20314
18628	7483	20315
18630	7485	20317
18635	7487	20322
18636	3888	20323
18638	3888	20325
18639	3888	20326
18640	3888	20327
18641	3888	20328
18642	7488	20329
18643	7489	20330
18644	7490	20331
18645	7491	20332
18646	4413	20333
18647	7493	20334
18648	3888	20335
18649	3888	20336
18651	3888	20338
18652	3888	20339
18653	3888	20340
18654	7494	20341
18655	3888	20342
18656	3888	20343
18657	3888	20344
18658	3888	20345
18659	3888	20346
18660	3888	20347
18662	7495	20349
18663	7496	20350
18664	486	20351
18665	3888	20352
18666	3888	20353
18669	3888	20356
18670	3888	20357
18671	3888	20358
18672	7497	20359
18673	7498	20360
18674	7499	20361
18675	7500	20362
18676	531	20363
18677	531	20364
18678	531	20365
18680	7502	20367
18681	7503	20368
18682	7504	20369
18683	7505	20370
18684	7506	20371
18685	7507	20372
18686	7508	20373
18687	7509	20374
18688	7510	20375
18689	7511	20376
18691	7513	20378
18692	7514	20379
18693	4266	20380
18694	7515	20381
18695	7516	20382
18696	7516	20383
18697	7517	20384
18698	732	20385
18699	7518	20386
18700	7519	20387
18701	7520	20388
18702	7521	20389
18703	7522	20390
18704	7523	20391
18705	7524	20392
18706	568	20393
18708	568	20395
18709	568	20396
18710	568	20397
18711	568	20398
18712	7525	20399
18713	7525	20400
18714	7525	20401
18715	7525	20402
18716	7525	20403
18717	7525	20404
18718	7525	20405
18719	7525	20406
18720	7525	20407
18721	7525	20408
18722	7525	20409
18723	7525	20410
18724	7525	20411
18725	7525	20412
18726	7525	20413
18727	7525	20414
18728	7525	20415
18729	7525	20416
18730	7525	20417
18732	7527	20419
18733	7528	20420
18734	7529	20421
18735	7530	20422
18736	7531	20423
18737	7532	20424
18738	7533	20425
18739	7534	20426
18744	7535	20431
18746	7537	20433
18747	7538	20434
18749	7539	20436
18750	7541	20437
18751	7542	20438
18752	7542	20439
18753	7542	20440
18754	7543	20441
18755	7544	20442
18756	7545	20443
18757	7546	20444
18758	7547	20445
18759	7548	20446
18760	7549	20447
18761	2166	20448
18762	7550	20449
18764	3702	20451
18765	7551	20452
18766	7552	20453
18768	811	20455
18769	811	20456
18770	811	20457
18771	7554	20458
18779	7555	20466
18780	7556	20467
18781	7557	20468
18782	7558	20469
18783	7559	20470
18784	7560	20471
18785	7561	20472
18786	7562	20473
18788	7563	20475
18789	7564	20476
18790	7565	20477
18791	7565	20478
18792	7565	20479
18793	7565	20480
18794	7565	20481
18795	7565	20482
18796	7565	20483
18797	7565	20484
18798	7565	20485
18799	7566	20486
18800	7566	20487
18801	7566	20488
18802	7566	20489
18803	7566	20490
18804	7566	20491
18805	7567	20492
18806	7569	20493
18807	7570	20494
18808	7571	20495
18809	7568	20496
18810	7573	20497
18811	7575	20498
18812	7576	20499
18813	7577	20500
18814	7577	20501
18815	7577	20502
18816	7577	20503
18817	7577	20504
18818	7577	20505
18819	7577	20506
18820	7577	20507
18821	7577	20508
18822	7577	20509
18823	7577	20510
18824	7577	20511
18825	7577	20512
18826	7578	20513
18827	7580	20514
18828	7579	20515
18829	7581	20516
18830	7582	20517
18831	1210	20518
18832	7583	20519
18834	4017	20521
18835	4017	20522
18836	4017	20523
18837	4017	20524
18838	7584	20525
18839	7585	20526
18840	7586	20527
18841	7587	20528
18842	7588	20529
18843	7589	20530
18844	7590	20531
18845	7591	20532
18846	7592	20533
18847	7593	20534
18848	7594	20535
18849	7595	20536
18850	7596	20537
18851	7597	20538
18852	7598	20539
18853	7599	20540
18854	7600	20541
18855	7601	20542
18856	7602	20543
18858	7604	20545
18859	7605	20546
18860	7606	20547
18861	7607	20548
18863	7610	20550
18864	7611	20551
18865	7612	20552
18866	7613	20553
18867	7614	20554
18868	7615	20555
18869	7616	20556
18870	7617	20557
18871	7618	20558
18872	7619	20559
18873	7620	20560
18876	7623	20563
18877	7624	20564
18878	7625	20565
18879	7626	20566
18880	7627	20567
18881	7628	20568
18882	7629	20569
18883	7630	20570
18884	7631	20571
18885	7632	20572
18887	7634	20574
18888	7635	20575
18889	7636	20576
18890	7637	20577
18891	7639	20578
18892	7638	20579
18895	7640	20582
18896	7641	20583
18897	7642	20584
18898	7643	20585
18899	7644	20586
18900	7645	20587
18901	7646	20588
18902	6510	20589
18903	7648	20590
18905	7649	20592
18906	7650	20593
18907	484	20594
18908	4841	20595
18909	564	20596
18910	484	20597
18911	4841	20598
18912	564	20599
18913	4841	20600
18914	484	20601
18915	564	20602
18916	484	20603
18917	4841	20604
18918	564	20605
18919	6629	20606
18920	6629	20607
18921	6629	20608
18922	6629	20609
18923	6629	20610
18924	6629	20611
18925	6629	20612
18926	6629	20613
18927	6629	20614
18928	6629	20615
18929	7651	20616
18930	7652	20617
18931	7653	20618
18932	7654	20619
18933	7655	20620
18934	7656	20621
18936	7658	20623
18937	7659	20624
18938	7660	20625
18939	7661	20626
18940	7661	20627
18941	7661	20628
18942	7661	20629
18943	6198	20630
18944	6198	20631
18945	7662	20632
18946	7663	20633
18947	6198	20634
18949	7664	20636
18950	4310	20637
18951	4310	20638
18952	4310	20639
18953	4310	20640
18954	4310	20641
18955	4310	20642
18956	4310	20643
18957	4310	20644
18958	4310	20645
18959	4310	20646
18960	4310	20647
18961	4310	20648
18962	6198	20649
18963	7665	20650
18964	7666	20651
18965	7666	20652
18966	7666	20653
18967	7666	20654
18968	7666	20655
18969	7666	20656
18970	7666	20657
18971	7666	20658
18972	6198	20659
18973	6198	20660
18974	6198	20661
18975	7667	20662
18976	7668	20663
18977	7669	20664
18978	7670	20665
18979	7671	20666
18980	7672	20667
18981	7673	20668
18982	7674	20669
18983	7675	20670
18984	7676	20671
18985	7677	20672
18986	7678	20673
18987	7678	20674
18988	7678	20675
18989	7679	20676
18990	7680	20677
18991	7681	20678
18992	7682	20679
18994	7684	20681
18995	7685	20682
18996	7686	20683
18997	7687	20684
18998	7688	20685
18999	7689	20686
19000	7690	20687
19001	7691	20688
19002	7692	20689
19003	7693	20690
19004	7694	20691
19005	7695	20692
19006	7696	20693
19007	7697	20694
19008	7698	20695
19009	7699	20696
19010	10855	20697
19011	7701	20698
19012	7702	20699
19013	7703	20700
19014	7706	20701
19015	7706	20702
19016	7706	20703
19017	7706	20704
19018	7704	20705
19020	7705	20707
19022	7705	20709
19023	7705	20710
19024	7707	20711
19025	7708	20712
19026	7709	20713
19027	7710	20714
19028	7711	20715
19029	7712	20716
19030	6898	20717
19031	6898	20718
19033	7714	20720
19034	906	20721
19035	906	20722
19036	906	20723
19037	906	20724
19038	906	20725
19039	906	20726
19040	906	20727
19041	906	20728
19042	906	20729
19043	906	20730
19044	906	20731
19045	906	20732
19046	906	20733
19047	906	20734
19048	906	20735
19049	906	20736
19050	906	20737
19051	7715	20738
19052	517	20739
19053	7716	20740
19054	5891	20741
19055	7718	20742
19056	7719	20743
19057	7720	20744
19058	7721	20745
19059	7722	20746
19060	7723	20747
19061	7724	20748
19062	6198	20749
19063	7725	20750
19064	6198	20751
19065	6198	20752
19066	6198	20753
19067	6198	20754
19068	7726	20755
19069	7727	20756
19070	6198	20757
19071	6198	20758
19072	6198	20759
19073	6198	20760
19074	6198	20761
19075	6198	20762
19076	7728	20763
19077	6198	20764
19078	7729	20765
19079	6198	20766
19080	6198	20767
19081	6198	20768
19082	6198	20769
19083	7730	20770
19084	6198	20771
19085	6198	20772
19086	7731	20773
19087	7732	20774
19088	7733	20775
19089	7734	20776
19090	2672	20777
19091	2672	20778
19092	2672	20779
19093	2672	20780
19096	7735	20783
19097	7736	20784
19098	7737	20785
19099	3687	20786
19100	3687	20787
19101	3687	20788
19102	7738	20789
19103	7739	20790
19104	7740	20791
19105	7741	20792
19106	7742	20793
19107	7743	20794
19108	7744	20795
19109	7745	20796
19110	7746	20797
19111	7747	20798
19112	7748	20799
19113	7749	20800
19114	7751	20801
19115	7752	20802
19117	510	20804
19118	510	20805
19119	7754	20806
19120	7755	20807
19121	7756	20808
19122	7757	20809
19123	7758	20810
19124	452	20811
19125	7759	20812
19126	452	20813
19127	452	20814
19128	452	20815
19129	7760	20816
19130	7761	20817
19131	7763	20818
19132	7764	20819
19134	7765	20821
19135	7765	20822
19136	7765	20823
19137	7765	20824
19138	7765	20825
19139	7766	20826
19140	7767	20827
19141	7768	20828
19142	7769	20829
19143	7770	20830
19144	7771	20831
19145	7772	20832
19146	7773	20833
19147	7061	20834
19148	7774	20835
19149	7775	20836
19150	7776	20837
19151	7777	20838
19152	7778	20839
19153	7779	20840
19154	7780	20841
19155	490	20842
19156	490	20843
19157	490	20844
19158	490	20845
19159	7781	20846
19160	526	20847
19161	526	20848
19162	526	20849
19163	526	20850
19164	526	20851
19165	526	20852
19166	526	20853
19167	526	20854
19168	526	20855
19169	526	20856
19170	526	20857
19171	7782	20858
19172	7783	20859
19173	526	20860
19174	3862	20861
19175	3862	20862
19176	3862	20863
19177	3862	20864
19178	3862	20865
19179	3862	20866
19180	3862	20867
19181	3862	20868
19182	3862	20869
19183	3862	20870
19184	3862	20871
19185	3862	20872
19186	3862	20873
19187	3862	20874
19188	3862	20875
19189	3862	20876
19190	3862	20877
19191	3862	20878
19192	3862	20879
19193	3862	20880
19194	3862	20881
19195	3862	20882
19196	7784	20883
19197	7785	20884
19198	7786	20885
19199	7787	20886
19200	7787	20887
19201	7787	20888
19202	7787	20889
19203	7787	20890
19204	7787	20891
19205	7787	20892
19206	7787	20893
19207	7787	20894
19208	7787	20895
19209	7787	20896
19210	7787	20897
19211	7787	20898
19212	7787	20899
19213	7787	20900
19214	7787	20901
19215	7787	20902
19216	7787	20903
19217	7787	20904
19218	7787	20905
19220	7789	20907
19221	7789	20908
19222	7789	20909
19223	7789	20910
19224	7789	20911
19225	7789	20912
19226	7789	20913
19227	7790	20914
19230	1030	20917
19231	6183	20918
19232	6183	20919
19233	6183	20920
19234	6183	20921
19235	6183	20922
19236	6183	20923
19237	6183	20924
19238	6183	20925
19239	6183	20926
19240	6183	20927
19241	6183	20928
19242	6183	20929
19243	6183	20930
19244	6183	20931
19245	6183	20932
19246	6183	20933
19247	6183	20934
19248	6183	20935
19249	6183	20936
19250	6183	20937
19251	6183	20938
19252	6183	20939
19253	7792	20940
19254	7793	20941
19255	7793	20942
19256	7793	20943
19257	7794	20944
19258	7794	20945
19259	7794	20946
19260	7794	20947
19261	7795	20948
19262	7795	20949
19263	7796	20950
19264	7797	20951
19265	4266	20952
19266	7798	20953
19267	7799	20954
19268	7801	20955
19269	7800	20956
19270	526	20957
19271	526	20958
19272	7802	20959
19273	526	20960
19274	7803	20961
19275	7804	20962
19276	7805	20963
19277	7806	20964
19278	7807	20965
19279	7808	20966
19280	1768	20967
19281	1768	20968
19282	1768	20969
19283	1768	20970
19284	1768	20971
19285	1768	20972
19286	1768	20973
19287	1768	20974
19288	1768	20975
19289	7810	20976
19290	7809	20977
19291	7812	20978
19292	7813	20979
19293	7814	20980
19294	7815	20981
19295	7816	20982
19296	7817	20983
19297	7818	20984
19298	7819	20985
19299	3860	20986
19300	3860	20987
19301	7820	20988
19302	3860	20989
19303	3860	20990
19305	3860	20992
19306	7822	20993
19307	7821	20994
19308	7823	20995
19309	7824	20996
19310	7825	20997
19311	7826	20998
19312	7827	20999
19313	7827	21000
19314	7827	21001
19315	7827	21002
19316	7827	21003
19317	7828	21004
19318	7829	21005
19319	7830	21006
19320	7831	21007
19321	7832	21008
19322	7833	21009
19325	7834	21012
19326	7835	21013
19327	7836	21014
19328	7837	21015
19329	7838	21016
19338	7841	21025
19339	7842	21026
19340	7843	21027
19341	7844	21028
19342	7845	21029
19343	7846	21030
19344	7847	21031
19345	7848	21032
19346	7849	21033
19347	7850	21034
19348	7851	21035
19349	7852	21036
19350	7852	21037
19351	7852	21038
19352	7852	21039
19353	7852	21040
19354	7852	21041
19355	7852	21042
19356	7852	21043
19357	7852	21044
19358	7852	21045
19359	7853	21046
19360	7854	21047
19361	7856	21048
19362	7855	21049
19363	7857	21050
19364	7858	21051
19365	7860	21052
19366	7860	21053
19367	7860	21054
19368	7860	21055
19369	7371	21056
19370	7371	21057
19371	7371	21058
19372	7371	21059
19373	7371	21060
19374	7861	21061
19376	7862	21063
19377	7862	21064
19379	7863	21066
19380	7863	21067
19381	7864	21068
19382	7865	21069
19383	7865	21070
19384	7865	21071
19385	7865	21072
19386	7865	21073
19387	7865	21074
19388	7865	21075
19389	7865	21076
19390	7865	21077
19391	7866	21078
19392	7867	21079
19394	7866	21081
19395	7869	21082
19396	7870	21083
19397	7870	21084
19398	7870	21085
19399	7870	21086
19400	7870	21087
19401	7870	21088
19402	7870	21089
19403	7870	21090
19404	7870	21091
19405	7870	21092
19406	7871	21093
19407	7871	21094
19408	7871	21095
19409	7871	21096
19410	7871	21097
19411	7871	21098
19412	7872	21099
19413	7873	21100
19415	7875	21102
19416	7876	21103
19417	7877	21104
19418	7878	21105
19419	7879	21106
19420	7880	21107
19421	7880	21108
19422	7881	21109
19424	7881	21111
19425	7881	21112
19426	7881	21113
19427	7881	21114
19428	7881	21115
19429	462	21116
19430	7884	21117
19431	7885	21118
19432	7886	21119
19433	1280	21120
19434	1280	21121
19435	619	21122
19436	619	21123
19437	619	21124
19438	619	21125
19439	619	21126
19440	619	21127
19441	619	21128
19442	619	21129
19443	619	21130
19444	7887	21131
19445	619	21132
19446	619	21133
19447	619	21134
19448	619	21135
19449	619	21136
19450	619	21137
19451	7888	21138
19452	2148	21139
19453	7889	21140
19454	7890	21141
19455	7890	21142
19456	7890	21143
19457	7891	21144
19458	7892	21145
19459	7893	21146
19460	7894	21147
19461	7895	21148
19462	7896	21149
19463	7897	21150
19464	7897	21151
19465	7897	21152
19466	7897	21153
19467	7897	21154
19469	7898	21156
19470	7898	21157
19471	7899	21158
19472	7900	21159
19473	7901	21160
19474	7902	21161
19475	7902	21162
19476	7903	21163
19477	7904	21164
19478	7905	21165
19479	7905	21166
19480	3984	21167
19481	3984	21168
19482	7906	21169
19483	7906	21170
19484	7907	21171
19485	7908	21172
19486	7909	21173
19487	2165	21174
19488	2165	21175
19489	2165	21176
19490	2165	21177
19491	2165	21178
19492	7910	21179
19493	7911	21180
19494	7912	21181
19495	7913	21182
19497	7915	21184
19498	7916	21185
19499	7917	21186
19500	7918	21187
19501	7919	21188
19502	7920	21189
19503	7921	21190
19504	7922	21191
19505	7923	21192
19506	7924	21193
19507	7925	21194
19508	7926	21195
19509	7927	21196
19510	7927	21197
19511	7928	21198
19512	7930	21199
19513	7931	21200
19514	526	21201
19515	7932	21202
19516	6277	21203
19517	6277	21204
19518	6277	21205
19519	6277	21206
19520	6277	21207
19521	6277	21208
19522	6277	21209
19523	6277	21210
19524	6277	21211
19525	6277	21212
19526	6277	21213
19527	6277	21214
19528	7933	21215
19529	6777	21216
19530	6777	21217
19531	6777	21218
19532	6777	21219
19533	7935	21220
19535	7937	21222
19536	7938	21223
19537	7939	21224
19538	7941	21225
19539	7942	21226
19540	7940	21227
19541	7944	21228
19542	7609	21229
19543	7609	21230
19544	7609	21231
19545	7609	21232
19546	7609	21233
19547	7609	21234
19548	7945	21235
19549	7945	21236
19550	7945	21237
19551	7945	21238
19552	7945	21239
19553	7945	21240
19554	7946	21241
19555	7948	21242
19556	7947	21243
19557	7947	21244
19558	7947	21245
19559	7947	21246
19560	7947	21247
19561	7947	21248
19562	7949	21249
19563	7950	21250
19564	7950	21251
19565	7951	21252
19566	7951	21253
19567	7952	21254
19568	7954	21255
19569	7955	21256
19570	7956	21257
19571	7956	21258
19572	7956	21259
19573	7956	21260
19574	7956	21261
19575	7957	21262
19576	7958	21263
19577	7959	21264
19578	7960	21265
19579	7961	21266
19580	7962	21267
19581	4933	21268
19582	7963	21269
19583	7964	21270
19584	7967	21271
19585	7967	21272
19586	7967	21273
19587	7967	21274
19588	7967	21275
19589	7967	21276
19590	7967	21277
19591	7967	21278
19592	7967	21279
19593	7967	21280
19594	7967	21281
19595	7967	21282
19596	7967	21283
19597	7967	21284
19598	7967	21285
19599	7967	21286
19600	7967	21287
19601	7967	21288
19602	7967	21289
19603	7967	21290
19604	7967	21291
19605	7967	21292
19606	7967	21293
19607	7967	21294
19608	7967	21295
19609	7967	21296
19610	7967	21297
19611	7967	21298
19612	7967	21299
19613	7967	21300
19614	7967	21301
19615	7967	21302
19616	7967	21303
19617	7967	21304
19618	7967	21305
19619	7968	21306
19620	7967	21307
19621	7969	21308
19622	4999	21309
19623	4999	21310
19624	4999	21311
19625	4999	21312
19626	4999	21313
19627	4999	21314
19628	7971	21315
19629	7972	21316
19630	1335	21317
19631	1335	21318
19632	1335	21319
19633	1335	21320
19634	1335	21321
19635	1335	21322
19636	1335	21323
19637	1335	21324
19638	1335	21325
19639	1335	21326
19640	1335	21327
19641	1335	21328
19642	1335	21329
19643	1335	21330
19644	1335	21331
19646	1335	21333
19647	1335	21334
19648	1335	21335
19649	1335	21336
19650	7973	21337
19651	7973	21338
19652	7974	21339
19653	7974	21340
19654	7974	21341
19655	7974	21342
19656	7974	21343
19657	7974	21344
19658	7974	21345
19659	7975	21346
19660	7975	21347
19661	7975	21348
19662	7975	21349
19663	7976	21350
19664	7977	21351
19670	7978	21357
19671	7979	21358
19672	7979	21359
19673	7980	21360
19676	7981	21363
19677	7982	21364
19682	7983	21369
19683	499	21370
19685	7983	21372
19686	7983	21373
19687	7983	21374
19688	7984	21375
19689	7985	21376
19690	7985	21377
19691	4176	21378
19692	4176	21379
19693	7986	21380
19694	3671	21381
19695	7987	21382
19696	7988	21383
19697	7989	21384
19698	7990	21385
19699	7991	21386
19700	7992	21387
19702	7993	21389
19703	6907	21390
19704	6907	21391
19706	6772	21393
19707	6772	21394
19708	7996	21395
19709	7997	21396
19710	7998	21397
19711	7998	21398
19712	7999	21399
19713	8000	21400
19714	8000	21401
19715	8000	21402
19716	8001	21403
19717	8003	21404
19718	1108	21405
19719	1108	21406
19720	1108	21407
19721	8004	21408
19722	8004	21409
19723	8005	21410
19724	8005	21411
19725	8005	21412
19726	8005	21413
19727	527	21414
19728	527	21415
19729	527	21416
19730	8006	21417
19731	8006	21418
19732	8006	21419
19733	8006	21420
19734	8007	21421
19735	8007	21422
19736	8007	21423
19737	8007	21424
19738	8007	21425
19739	8007	21426
19741	8007	21428
19742	8007	21429
19743	8007	21430
19744	8007	21431
19745	8007	21432
19746	8007	21433
19747	8007	21434
19748	8007	21435
19749	1530	21436
19750	8008	21437
19751	8009	21438
19752	8009	21439
19753	8009	21440
19754	8009	21441
19755	8010	21442
19756	8011	21443
19757	8012	21444
19758	8013	21445
19765	8014	21452
19766	8014	21453
19767	8014	21454
19768	8014	21455
19769	8014	21456
19770	8014	21457
19771	8014	21458
19772	8015	21459
19773	8016	21460
19774	8017	21461
19775	8018	21462
19776	8019	21463
19777	8020	21464
19778	9848	21465
19780	8021	21467
19781	8022	21468
19782	1774	21469
19783	1774	21470
19784	1774	21471
19786	8024	21473
19789	8026	21476
19796	8028	21483
19797	8029	21484
19798	8030	21485
19799	8031	21486
19801	8033	21488
19802	8034	21489
19803	8036	21490
19804	8037	21491
19805	8039	21492
19806	8038	21493
19807	8040	21494
19808	8041	21495
19809	8042	21496
19810	8043	21497
19811	8044	21498
19812	8045	21499
19813	8046	21500
19814	8047	21501
19815	8047	21502
19816	8048	21503
19817	8049	21504
19818	8050	21505
19819	8050	21506
19820	8051	21507
19821	8052	21508
19822	8053	21509
19823	8054	21510
19824	8055	21511
19825	8056	21512
19826	8057	21513
19827	8056	21514
19828	8056	21515
19829	8056	21516
19830	8056	21517
19831	8056	21518
19832	8058	21519
19833	8059	21520
19834	8060	21521
19835	8061	21522
19836	4669	21523
19837	4669	21524
19838	4669	21525
19839	4669	21526
19840	4669	21527
19841	4669	21528
19842	4669	21529
19843	4669	21530
19844	4669	21531
19845	4669	21532
19846	4669	21533
19847	8062	21534
19848	1146	21535
19849	8063	21536
19850	8064	21537
19851	8065	21538
19852	8066	21539
19853	8067	21540
19854	1950	21541
19855	2536	21542
19856	8068	21543
19857	8069	21544
19858	8070	21545
19859	8071	21546
19860	8072	21547
19861	8073	21548
19862	8074	21549
19863	8075	21550
19864	8076	21551
19865	8077	21552
19866	8078	21553
19867	8079	21554
19868	8080	21555
19869	8081	21556
19870	8081	21557
19871	8081	21558
19872	8082	21559
19873	8083	21560
19874	8084	21561
19875	8085	21562
19876	8086	21563
19890	2043	21577
19891	6976	21578
19892	6976	21579
19893	6976	21580
19894	6976	21581
19895	6976	21582
19896	6976	21583
19897	6976	21584
19898	6976	21585
19899	8088	21586
19900	8089	21587
19901	8089	21588
19902	8089	21589
19903	8089	21590
19904	8089	21591
19905	8089	21592
19906	8089	21593
19907	8089	21594
19908	8089	21595
19909	8089	21596
19910	8089	21597
19911	8089	21598
19912	8089	21599
19913	2536	21600
19914	2536	21601
19915	2536	21602
19916	2536	21603
19917	2536	21604
19918	2536	21605
19919	2536	21606
19920	2536	21607
19921	2536	21608
19922	2536	21609
19923	2536	21610
19925	531	21612
19926	4084	21613
19927	4084	21614
19928	4084	21615
19929	4084	21616
19930	8090	21617
19931	8091	21618
19932	8092	21619
19933	8093	21620
19934	1768	21621
19935	1768	21622
19936	1768	21623
19937	8094	21624
19938	1768	21625
19939	8095	21626
19940	8096	21627
19941	8097	21628
19942	8098	21629
19943	8100	21630
19944	8101	21631
19945	8102	21632
19947	8104	21634
19948	8105	21635
19949	2623	21636
19950	5759	21637
19951	5759	21638
19952	5759	21639
19954	8107	21641
19955	8108	21642
19956	8108	21643
19957	8109	21644
19958	8110	21645
19959	8111	21646
19960	8112	21647
19962	8114	21649
19963	8115	21650
19964	8116	21651
19965	8117	21652
19966	8117	21653
19967	8118	21654
19968	8119	21655
19969	8120	21656
19970	8121	21657
19972	8123	21659
19978	8124	21665
19979	8125	21666
19980	8126	21667
19981	8127	21668
19982	1543	21669
19983	1543	21670
19984	8128	21671
19985	8128	21672
19986	8128	21673
19987	8128	21674
19988	8128	21675
19989	8129	21676
19990	8130	21677
19991	8131	21678
19992	8132	21679
19993	8133	21680
19994	8134	21681
19995	8135	21682
19996	8136	21683
19997	8137	21684
19998	8138	21685
19999	8138	21686
20000	8138	21687
20001	8139	21688
20002	8140	21689
20003	517	21690
20004	517	21691
20005	517	21692
20006	517	21693
20007	517	21694
20008	517	21695
20009	517	21696
20010	517	21697
20011	560	21698
20012	560	21699
20013	560	21700
20014	560	21701
20015	560	21702
20016	560	21703
20017	560	21704
20018	560	21705
20019	560	21706
20020	560	21707
20021	8141	21708
20022	8141	21709
20023	8141	21710
20024	8141	21711
20025	8141	21712
20026	8141	21713
20028	8141	21715
20029	8141	21716
20030	8141	21717
20031	8141	21718
20032	8141	21719
20033	8141	21720
20034	8141	21721
20035	8142	21722
20036	8142	21723
20037	8142	21724
20038	8142	21725
20039	8142	21726
20040	8142	21727
20041	8142	21728
20042	8142	21729
20043	8142	21730
20044	8142	21731
20045	8142	21732
20046	8142	21733
20047	8142	21734
20048	8142	21735
20050	8143	21737
20051	8143	21738
20052	8143	21739
20053	8143	21740
20054	8143	21741
20055	8143	21742
20056	8143	21743
20057	8143	21744
20058	8143	21745
20059	8143	21746
20060	8143	21747
20061	8143	21748
20062	8143	21749
20063	8144	21750
20064	8144	21751
20065	8144	21752
20066	8144	21753
20067	8144	21754
20068	8144	21755
20069	8144	21756
20070	8144	21757
20071	8144	21758
20072	8144	21759
20073	8144	21760
20074	8144	21761
20075	8144	21762
20076	8144	21763
20077	3772	21764
20078	3772	21765
20079	3772	21766
20080	3772	21767
20082	3772	21769
20083	8145	21770
20084	8145	21771
20085	8145	21772
20086	8145	21773
20087	8145	21774
20088	8145	21775
20089	8145	21776
20090	8145	21777
20091	8145	21778
20092	8145	21779
20094	8145	21781
20095	8145	21782
20096	8145	21783
20097	8146	21784
20098	8147	21785
20099	8148	21786
20100	452	21787
20101	452	21788
20102	8149	21789
20103	452	21790
20104	452	21791
20105	452	21792
20106	452	21793
20107	8150	21794
20108	8151	21795
20109	8153	21796
20110	8155	21797
20112	8157	21799
20113	8158	21800
20114	8159	21801
20115	8160	21802
20116	8161	21803
20118	8163	21805
20119	8163	21806
20120	8164	21807
20121	8165	21808
20122	8166	21809
20123	8167	21810
20124	8168	21811
20125	8169	21812
20126	8170	21813
20127	8171	21814
20135	8172	21822
20136	8173	21823
20137	8174	21824
20138	8175	21825
20139	8176	21826
20141	8177	21828
20142	8178	21829
20143	8179	21830
20145	8181	21832
20146	8182	21833
20148	8184	21835
20149	8185	21836
20151	8187	21838
20152	8188	21839
20155	8190	21842
20156	7314	21843
20157	7314	21844
20158	510	21845
20159	1496	21846
20160	8191	21847
20161	8192	21848
20162	8193	21849
20163	6295	21850
20164	5036	21851
20165	5036	21852
20166	5036	21853
20167	5036	21854
20168	5036	21855
20169	5036	21856
20170	8141	21857
20171	8194	21858
20172	8195	21859
20173	6406	21860
20174	8196	21861
20175	8197	21862
20176	8198	21863
20177	8198	21864
20178	8198	21865
20179	8198	21866
20180	8198	21867
20181	8199	21868
20182	8200	21869
20183	6392	21870
20185	8202	21872
20192	8203	21879
20193	8204	21880
20194	8205	21881
20195	8206	21882
20196	8207	21883
20197	8208	21884
20198	8209	21885
20199	8210	21886
20200	8212	21887
20204	8211	21891
20205	8213	21892
20206	8213	21893
20207	8214	21894
20208	8215	21895
20209	8217	21896
20210	8218	21897
20211	8219	21898
20212	8220	21899
20213	8221	21900
20214	8222	21901
20215	8223	21902
20216	8224	21903
20217	8224	21904
20218	8224	21905
20219	8224	21906
20220	8225	21907
20221	8227	21908
20224	6327	21911
20225	6327	21912
20226	8228	21913
20227	8229	21914
20228	8230	21915
20229	8231	21916
20230	6494	21917
20231	6494	21918
20232	8232	21919
20233	8233	21920
20234	8234	21921
20235	8235	21922
20236	8236	21923
20237	8236	21924
20238	8236	21925
20239	8237	21926
20240	8237	21927
20241	8238	21928
20242	564	21929
20243	564	21930
20244	484	21931
20245	484	21932
20246	7416	21933
20247	7416	21934
20248	8240	21935
20249	8239	21936
20250	8241	21937
20251	8242	21938
20252	8243	21939
20253	8244	21940
20254	8245	21941
20255	8246	21942
20256	8247	21943
20257	8248	21944
20258	8249	21945
20259	8250	21946
20260	8251	21947
20261	8252	21948
20262	8253	21949
20263	448	21950
20272	4915	21959
20273	4915	21960
20274	498	21961
20275	5358	21962
20276	3888	21963
20277	8254	21964
20278	8255	21965
20279	8256	21966
20280	8256	21967
20281	8256	21968
20282	8256	21969
20283	8256	21970
20284	8256	21971
20285	8256	21972
20286	8256	21973
20287	8256	21974
20288	8256	21975
20289	8256	21976
20290	8256	21977
20291	8256	21978
20292	8256	21979
20293	8256	21980
20294	8256	21981
20295	8256	21982
20296	8256	21983
20297	8256	21984
20298	8256	21985
20299	8256	21986
20300	8256	21987
20301	8257	21988
20302	6626	21989
20303	6626	21990
20304	8258	21991
20305	8259	21992
20306	8259	21993
20307	8259	21994
20308	8259	21995
20309	8259	21996
20310	8259	21997
20311	8259	21998
20312	8259	21999
20313	8259	22000
20314	8260	22001
20315	8260	22002
20316	8260	22003
20317	8261	22004
20318	8262	22005
20319	8263	22006
20320	8264	22007
20321	8265	22008
20322	8266	22009
20323	8267	22010
20324	8267	22011
20325	8268	22012
20326	8269	22013
20327	8270	22014
20328	8271	22015
20329	8272	22016
20330	8272	22017
20331	6152	22018
20332	8274	22019
20333	8275	22020
20334	8276	22021
20335	8277	22022
20336	6879	22023
20337	8279	22024
20338	8280	22025
20339	8280	22026
20340	8280	22027
20341	8282	22028
20354	8283	22041
20355	8284	22042
20356	8284	22043
20357	10984	22044
20358	10984	22045
20359	10984	22046
20360	10984	22047
20361	10984	22048
20362	10984	22049
20363	10984	22050
20364	10984	22051
20365	8286	22052
20366	8287	22053
20367	8288	22054
20369	8289	22056
20370	8289	22057
20371	8289	22058
20372	536	22059
20373	8290	22060
20374	536	22061
20375	8291	22062
20376	8292	22063
20377	8292	22064
20378	8292	22065
20380	8294	22067
20381	8292	22068
20382	8292	22069
20384	8292	22071
20387	8292	22074
20388	536	22075
20389	8292	22076
20390	8292	22077
20391	8292	22078
20392	8292	22079
20393	8292	22080
20394	8292	22081
20395	8295	22082
20396	8296	22083
20397	8297	22084
20398	8298	22085
20399	8299	22086
20400	8300	22087
20401	8301	22088
20402	8302	22089
20403	8303	22090
20404	8304	22091
20405	8305	22092
20406	8306	22093
20407	8307	22094
20408	8308	22095
20409	1379	22096
20410	8310	22097
20411	1146	22098
20412	8311	22099
20413	8312	22100
20414	8313	22101
20415	4488	22102
20416	4488	22103
20417	8314	22104
20418	8315	22105
20419	536	22106
20420	536	22107
20421	8316	22108
20422	8317	22109
20423	8318	22110
20424	8319	22111
20425	8320	22112
20426	8321	22113
20427	536	22114
20428	8322	22115
20429	536	22116
20430	8323	22117
20431	8324	22118
20432	8325	22119
20433	8326	22120
20434	8327	22121
20435	8328	22122
20436	8328	22123
20437	8328	22124
20438	8328	22125
20439	8328	22126
20440	8328	22127
20441	8328	22128
20442	8328	22129
20443	8328	22130
20444	8328	22131
20445	8328	22132
20446	8329	22133
20447	8329	22134
20448	8329	22135
20449	8329	22136
20450	8329	22137
20451	8329	22138
20452	8329	22139
20453	8329	22140
20454	8329	22141
20455	8329	22142
20456	8329	22143
20457	8330	22144
20458	8330	22145
20459	8330	22146
20460	8330	22147
20461	8330	22148
20462	8330	22149
20463	8330	22150
20464	8330	22151
20465	8330	22152
20466	8330	22153
20467	8330	22154
20469	8332	22156
20470	8333	22157
20471	8334	22158
20472	8335	22159
20473	8336	22160
20474	8337	22161
20475	8338	22162
20476	8339	22163
20477	8340	22164
20478	8341	22165
20479	8342	22166
20480	8344	22167
20481	536	22168
20482	8345	22169
20483	8346	22170
20484	8347	22171
20485	8348	22172
20486	8349	22173
20487	8350	22174
20488	8350	22175
20489	8350	22176
20490	8351	22177
20491	8350	22178
20492	8350	22179
20493	8350	22180
20494	8350	22181
20495	8350	22182
20496	8350	22183
20497	8350	22184
20498	8350	22185
20499	8350	22186
20500	8350	22187
20501	8350	22188
20502	8350	22189
20503	8350	22190
20504	8350	22191
20505	8350	22192
20506	8350	22193
20507	8352	22194
20508	8353	22195
20509	3709	22196
20510	8354	22197
20511	8355	22198
20512	8356	22199
20513	8357	22200
20514	8358	22201
20515	8359	22202
20516	8360	22203
20517	8362	22204
20518	8363	22205
20519	8361	22206
20521	8365	22208
20522	8366	22209
20523	5820	22210
20524	5820	22211
20525	5820	22212
20526	5820	22213
20527	5820	22214
20528	5820	22215
20529	5820	22216
20530	5820	22217
20531	5820	22218
20532	5820	22219
20533	5820	22220
20534	5820	22221
20535	5820	22222
20536	5820	22223
20537	5820	22224
20538	5820	22225
20539	5820	22226
20540	5820	22227
20541	5820	22228
20542	5820	22229
20543	7417	22230
20544	7417	22231
20545	7417	22232
20546	7417	22233
20547	7417	22234
20548	7417	22235
20550	8368	22237
20551	8369	22238
20552	8370	22239
20553	8371	22240
20554	8372	22241
20555	8373	22242
20556	8374	22243
20557	8375	22244
20558	8375	22245
20559	4125	22246
20561	510	22248
20562	498	22249
20563	8377	22250
20564	8377	22251
20565	8377	22252
20566	8377	22253
20568	8379	22255
20569	8381	22256
20570	8380	22257
20571	8382	22258
20572	8383	22259
20573	8384	22260
20574	8385	22261
20576	8387	22263
20577	8388	22264
20578	8389	22265
20579	8390	22266
20580	8392	22267
20581	8392	22268
20582	8392	22269
20583	8391	22270
20584	8392	22271
20585	8392	22272
20586	8391	22273
20587	8391	22274
20588	8391	22275
20589	8391	22276
20590	8393	22277
20591	8394	22278
20592	8395	22279
20593	8396	22280
20594	8397	22281
20595	8398	22282
20596	8399	22283
20597	8400	22284
20598	8401	22285
20599	8402	22286
20600	8403	22287
20601	8404	22288
20602	8405	22289
20603	8406	22290
20604	8407	22291
20605	8408	22292
20606	8409	22293
20607	8410	22294
20608	8411	22295
20609	8412	22296
20610	8413	22297
20611	6406	22298
20612	8414	22299
20613	8414	22300
20614	8414	22301
20617	2080	22304
20621	8416	22308
20622	8416	22309
20623	8416	22310
20624	8416	22311
20625	2080	22312
20626	2080	22313
20627	2080	22314
20628	2080	22315
20629	2080	22316
20630	2080	22317
20631	2080	22318
20632	2080	22319
20633	2080	22320
20634	2080	22321
20635	2080	22322
20636	2080	22323
20637	2080	22324
20638	2080	22325
20639	2080	22326
20640	2080	22327
20641	2080	22328
20642	2080	22329
20643	2080	22330
20644	2080	22331
20645	2080	22332
20646	2080	22333
20647	8417	22334
20649	8419	22336
20650	8419	22337
20651	8419	22338
20652	8419	22339
20653	8419	22340
20654	8420	22341
20655	8421	22342
20657	8423	22344
20658	8424	22345
20659	8425	22346
20660	8426	22347
20661	7868	22348
20662	8427	22349
20663	8428	22350
20664	8429	22351
20665	5065	22352
20666	5065	22353
20667	5065	22354
20668	5065	22355
20669	5065	22356
20670	8430	22357
20671	8431	22358
20672	8431	22359
20673	8431	22360
20674	8432	22361
20675	8433	22362
20676	8434	22363
20677	8435	22364
20678	8436	22365
20679	8437	22366
20680	2148	22367
20681	8438	22368
20682	8439	22369
20683	8440	22370
20684	8441	22371
20685	8442	22372
20686	8443	22373
20687	8443	22374
20688	8443	22375
20689	8444	22376
20690	8445	22377
20692	6954	22379
20693	8447	22380
20694	8448	22381
20695	8449	22382
20696	8450	22383
20697	8451	22384
20698	8452	22385
20699	8453	22386
20700	8454	22387
20701	8455	22388
20702	8456	22389
20703	8457	22390
20704	8458	22391
20705	8459	22392
20706	8460	22393
20707	8461	22394
20708	8462	22395
20709	8463	22396
20710	8464	22397
20711	8465	22398
20712	8466	22399
20713	8467	22400
20714	8468	22401
20715	8469	22402
20716	8470	22403
20717	8471	22404
20718	8472	22405
20719	8473	22406
20720	8474	22407
20721	8475	22408
20722	8476	22409
20723	8477	22410
20724	8478	22411
20725	8479	22412
20726	8480	22413
20727	8481	22414
20728	8482	22415
20729	8483	22416
20730	8484	22417
20731	8485	22418
20732	8486	22419
20733	8487	22420
20734	8488	22421
20735	8489	22422
20736	8490	22423
20737	8491	22424
20738	8493	22425
20739	528	22426
20740	8494	22427
20742	8495	22429
20743	8496	22430
20744	8497	22431
20747	442	22434
20748	8498	22435
20749	8498	22436
20750	8498	22437
20751	8498	22438
20752	8498	22439
20753	8498	22440
20754	8499	22441
20755	8500	22442
20756	8501	22443
20757	4162	22444
20758	8502	22445
20759	8503	22446
20760	8504	22447
20761	8505	22448
20762	8507	22449
20763	8506	22450
20764	8508	22451
20765	8509	22452
20766	8510	22453
20767	8512	22454
20768	8513	22455
20769	8514	22456
20770	8515	22457
20771	8516	22458
20772	8516	22459
20773	8516	22460
20774	8516	22461
20775	8517	22462
20776	8518	22463
20777	8519	22464
20778	8520	22465
20779	8522	22466
20780	8523	22467
20781	8524	22468
20782	8526	22469
20783	8528	22470
20784	8529	22471
20785	4847	22472
20786	8530	22473
20787	4847	22474
20788	4847	22475
20789	4847	22476
20790	4847	22477
20791	4847	22478
20792	4847	22479
20793	4847	22480
20794	4847	22481
20795	4847	22482
20796	4847	22483
20797	4847	22484
20798	4847	22485
20799	4847	22486
20800	4847	22487
20801	4847	22488
20802	4847	22489
20803	4847	22490
20804	8531	22491
20805	4847	22492
20806	8532	22493
20807	8533	22494
20808	8534	22495
20809	8535	22496
20810	8536	22497
20811	8537	22498
20812	8538	22499
20813	8539	22500
20814	8540	22501
20815	8541	22502
20816	8542	22503
20817	8543	22504
20818	8544	22505
20819	8545	22506
20820	8546	22507
20821	8547	22508
20822	8548	22509
20823	8549	22510
20824	467	22511
20825	467	22512
20826	542	22513
20827	542	22514
20828	8550	22515
20829	8551	22516
20830	8553	22517
20831	8553	22518
20832	8553	22519
20833	8553	22520
20834	8554	22521
20835	8555	22522
20836	8556	22523
20837	8557	22524
20838	8558	22525
20839	8559	22526
20840	8561	22527
20841	8498	22528
20842	8498	22529
20843	8498	22530
20845	8498	22532
20846	8562	22533
20847	8563	22534
20848	8564	22535
20849	8565	22536
20852	8568	22539
20853	8569	22540
20854	8570	22541
20855	8571	22542
20856	8571	22543
20857	8572	22544
20858	8573	22545
20859	8574	22546
20860	8575	22547
20861	8576	22548
20862	8577	22549
20863	3330	22550
20864	8578	22551
20865	8579	22552
20866	8580	22553
20867	8581	22554
20868	8582	22555
20869	8583	22556
20870	8584	22557
20871	8585	22558
20872	8586	22559
20873	4737	22560
20874	4737	22561
20875	4737	22562
20876	4737	22563
20877	4737	22564
20878	4737	22565
20879	4737	22566
20880	4737	22567
20881	4737	22568
20882	4737	22569
20883	4737	22570
20884	4737	22571
20885	4737	22572
20886	8587	22573
20887	3956	22574
20888	3956	22575
20889	3956	22576
20890	3956	22577
20891	8588	22578
20892	8589	22579
20893	8590	22580
20894	8591	22581
20895	8592	22582
20896	8593	22583
20897	8594	22584
20898	5820	22585
20899	5820	22586
20900	5820	22587
20901	5820	22588
20902	5820	22589
20903	5820	22590
20904	5820	22591
20905	5820	22592
20906	5820	22593
20907	5820	22594
20908	5820	22595
20909	5820	22596
20910	5820	22597
20911	8595	22598
20912	8596	22599
20913	8597	22600
20914	8598	22601
20916	8600	22603
20917	8601	22604
20919	8603	22606
20920	8604	22607
20921	8605	22608
20922	8605	22609
20923	8606	22610
20924	8607	22611
20925	5820	22612
20926	8608	22613
20927	8609	22614
20928	5820	22615
20929	8610	22616
20930	8611	22617
20931	8612	22618
20932	8613	22619
20933	5820	22620
20934	8614	22621
20935	8615	22622
20936	8616	22623
20937	8617	22624
20938	8618	22625
20939	8619	22626
20940	8620	22627
20941	8621	22628
20942	8622	22629
20943	8623	22630
20944	8624	22631
20945	8625	22632
20946	8626	22633
20947	8627	22634
20948	8627	22635
20949	8627	22636
20950	8627	22637
20951	8627	22638
20952	8627	22639
20953	8627	22640
20954	8627	22641
20955	8627	22642
20956	8628	22643
20957	8282	22644
20958	8282	22645
20959	8282	22646
20960	8282	22647
20961	8629	22648
20962	8630	22649
20963	8631	22650
20964	8631	22651
20965	8631	22652
20966	8631	22653
20967	8631	22654
20968	8631	22655
20969	8631	22656
20970	8632	22657
20971	8633	22658
20972	8634	22659
20973	8634	22660
20974	8634	22661
20975	8634	22662
20976	8634	22663
20977	8634	22664
20978	8634	22665
20979	8635	22666
20980	8636	22667
20981	8637	22668
20982	8638	22669
20983	8640	22670
20984	1580	22671
20985	8641	22672
20986	5820	22673
20987	5820	22674
20988	5820	22675
20989	5820	22676
20990	5820	22677
20991	5820	22678
20992	8642	22679
20993	8643	22680
20994	8644	22681
20995	6975	22682
20996	6975	22683
21009	8645	22696
21010	8646	22697
21011	8647	22698
21012	8648	22699
21013	8649	22700
21014	8650	22701
21015	8651	22702
21016	8652	22703
21017	8653	22704
21018	8654	22705
21019	8655	22706
21020	8656	22707
21021	8657	22708
21022	8658	22709
21023	8659	22710
21024	8660	22711
21025	8661	22712
21026	8662	22713
21027	8663	22714
21028	8664	22715
21029	8665	22716
21030	1043	22717
21031	8666	22718
21032	8667	22719
21033	8668	22720
21034	8669	22721
21035	8670	22722
21036	3492	22723
21037	8671	22724
21038	8672	22725
21039	4242	22726
21040	4242	22727
21041	8673	22728
21042	8674	22729
21043	3992	22730
21044	3992	22731
21045	3992	22732
21046	3992	22733
21047	8675	22734
21048	8676	22735
21049	8677	22736
21050	8678	22737
21051	8679	22738
21052	8680	22739
21053	8681	22740
21054	8682	22741
21055	8683	22742
21056	8684	22743
21057	8686	22744
21058	8687	22745
21059	8688	22746
21060	8689	22747
21061	8690	22748
21062	8691	22749
21063	8692	22750
21064	8693	22751
21065	8694	22752
21066	8695	22753
21067	8696	22754
21068	8697	22755
21069	8698	22756
21070	8699	22757
21071	8700	22758
21072	8701	22759
21073	8702	22760
21074	8703	22761
21075	5820	22762
21076	5820	22763
21077	5820	22764
21078	5820	22765
21079	566	22766
21080	8704	22767
21081	8705	22768
21082	5493	22769
21083	8706	22770
21084	8707	22771
21085	8708	22772
21086	8709	22773
21087	8710	22774
21088	8711	22775
21089	8712	22776
21090	8713	22777
21091	8714	22778
21092	8715	22779
21093	8716	22780
21094	8717	22781
21095	8718	22782
21096	8719	22783
21097	8720	22784
21098	8721	22785
21099	8722	22786
21100	2591	22787
21101	8723	22788
21102	8724	22789
21103	8725	22790
21104	478	22791
21105	8726	22792
21106	8726	22793
21107	8726	22794
21108	8727	22795
21109	1768	22796
21110	531	22797
21111	528	22798
21112	528	22799
21113	528	22800
21114	8728	22801
21115	8728	22802
21116	8728	22803
21117	8728	22804
21118	8728	22805
21119	8728	22806
21120	8728	22807
21121	8728	22808
21122	8728	22809
21123	8728	22810
21124	8728	22811
21125	8728	22812
21126	8728	22813
21127	8728	22814
21128	8728	22815
21129	8728	22816
21130	8728	22817
21131	8728	22818
21132	8728	22819
21133	8728	22820
21134	8729	22821
21135	8730	22822
21136	8731	22823
21137	8732	22824
21138	4820	22825
21139	8733	22826
21140	8734	22827
21141	8735	22828
21142	8736	22829
21143	8737	22830
21144	8738	22831
21145	8739	22832
21146	8740	22833
21147	8741	22834
21148	8742	22835
21149	8743	22836
21150	8744	22837
21151	8745	22838
21152	8746	22839
21153	8747	22840
21154	8748	22841
21155	8749	22842
21156	8750	22843
21157	8751	22844
21158	8752	22845
21159	8753	22846
21160	8754	22847
21161	8755	22848
21162	8756	22849
21163	8757	22850
21164	8758	22851
21165	8759	22852
21166	8760	22853
21167	8761	22854
21168	8762	22855
21170	8763	22857
21171	8764	22858
21172	8765	22859
21173	8766	22860
21174	8767	22861
21175	8768	22862
21176	8769	22863
21177	8770	22864
21178	8771	22865
21179	8772	22866
21180	8773	22867
21182	8774	22869
21183	8775	22870
21184	8776	22871
21185	8777	22872
21186	8778	22873
21188	8780	22875
21189	8781	22876
21190	8782	22877
21191	8783	22878
21193	8785	22880
21194	8786	22881
21195	8787	22882
21196	8788	22883
21197	8789	22884
21198	8790	22885
21199	8791	22886
21200	8792	22887
21201	8793	22888
21202	8794	22889
21203	8795	22890
21204	8796	22891
21205	8797	22892
21206	8798	22893
21207	8799	22894
21208	8800	22895
21209	8801	22896
21210	8802	22897
21211	8802	22898
21212	8802	22899
21213	8802	22900
21214	8803	22901
21215	8804	22902
21216	8805	22903
21217	8806	22904
21219	8808	22906
21220	8809	22907
21221	8810	22908
21222	8811	22909
21223	8812	22910
21224	8813	22911
21225	8814	22912
21226	8815	22913
21227	8816	22914
21228	8817	22915
21229	8818	22916
21230	2631	22917
21231	8819	22918
21232	8820	22919
21233	8821	22920
21234	8822	22921
21235	8823	22922
21236	8824	22923
21237	8825	22924
21238	8826	22925
21239	8827	22926
21240	8828	22927
21241	8829	22928
21242	8830	22929
21243	8831	22930
21244	8833	22931
21245	5157	22932
21246	5157	22933
21247	5157	22934
21248	5157	22935
21249	8834	22936
21250	8835	22937
21251	8836	22938
21252	8837	22939
21253	8838	22940
21254	8839	22941
21255	8840	22942
21256	8841	22943
21257	8842	22944
21258	8843	22945
21259	8844	22946
21260	8845	22947
21261	8845	22948
21262	8845	22949
21263	8846	22950
21264	8847	22951
21265	8848	22952
21266	8849	22953
21267	8850	22954
21268	8851	22955
21269	8852	22956
21270	8853	22957
21271	8854	22958
21272	8855	22959
21273	8856	22960
21274	8857	22961
21275	8858	22962
21276	8859	22963
21277	8860	22964
21278	8861	22965
21279	8862	22966
21280	8863	22967
21281	8864	22968
21282	8865	22969
21283	8866	22970
21284	8867	22971
21285	8868	22972
21286	8869	22973
21287	8870	22974
21288	8871	22975
21289	8872	22976
21292	8618	22979
21293	8874	22980
21294	8875	22981
21295	8876	22982
21296	8877	22983
21297	8878	22984
21298	8879	22985
21299	8880	22986
21300	8881	22987
21301	8882	22988
21302	8883	22989
21303	8884	22990
21304	8885	22991
21305	8886	22992
21306	8887	22993
21307	7161	22994
21308	8888	22995
21309	8889	22996
21310	8890	22997
21311	8891	22998
21312	8892	22999
21313	8893	23000
21314	8894	23001
21315	8895	23002
21316	8896	23003
21317	8897	23004
21318	8898	23005
21319	8899	23006
21321	8900	23008
21322	8901	23009
21323	8902	23010
21324	8903	23011
21325	8904	23012
21326	8904	23013
21327	8905	23014
21328	8906	23015
21329	8907	23016
21330	8908	23017
21331	8909	23018
21332	8910	23019
21333	8911	23020
21334	8912	23021
21335	8913	23022
21336	8914	23023
21337	8914	23024
21338	8914	23025
21339	8914	23026
21340	8914	23027
21341	8914	23028
21342	8914	23029
21343	8914	23030
21344	8914	23031
21345	8915	23032
21346	8916	23033
21347	8918	23034
21348	8919	23035
21349	8920	23036
21350	8921	23037
21351	8922	23038
21352	8923	23039
21353	8924	23040
21354	8925	23041
21355	8926	23042
21356	8927	23043
21357	8928	23044
21358	8929	23045
21359	8930	23046
21360	8931	23047
21361	8932	23048
21362	8933	23049
21363	8934	23050
21364	8935	23051
21365	8936	23052
21366	8937	23053
21367	8938	23054
21368	8939	23055
21369	8939	23056
21370	8939	23057
21371	8939	23058
21372	8939	23059
21373	8939	23060
21374	8939	23061
21375	8939	23062
21376	8939	23063
21377	8939	23064
21378	8939	23065
21379	8936	23066
21380	8940	23067
21381	8941	23068
21382	8942	23069
21383	8943	23070
21384	8944	23071
21385	8945	23072
21386	8946	23073
21387	8947	23074
21388	8948	23075
21389	8949	23076
21390	8950	23077
21391	8951	23078
21392	8952	23079
21393	8953	23080
21394	8954	23081
21395	8955	23082
21396	8956	23083
21397	8957	23084
21398	8958	23085
21399	8959	23086
21400	8960	23087
21401	8961	23088
21402	8962	23089
21403	8963	23090
21404	8964	23091
21405	8965	23092
21406	8966	23093
21407	8967	23094
21408	8968	23095
21409	8969	23096
21410	8970	23097
21411	8971	23098
21412	8972	23099
21413	8973	23100
21414	8974	23101
21415	8975	23102
21416	8976	23103
21417	8977	23104
21418	8978	23105
21419	8979	23106
21420	8980	23107
21421	8981	23108
21422	8982	23109
21423	8983	23110
21424	8984	23111
21425	8985	23112
21426	8986	23113
21427	8987	23114
21428	8988	23115
21429	8989	23116
21430	8990	23117
21431	8991	23118
21432	8992	23119
21433	8993	23120
21434	8994	23121
21435	8995	23122
21436	8996	23123
21437	8997	23124
21439	8999	23126
21440	9000	23127
21441	9001	23128
21442	9002	23129
21443	9003	23130
21444	9004	23131
21445	9005	23132
21446	9006	23133
21447	9007	23134
21448	9008	23135
21450	2420	23137
21451	9010	23138
21452	9011	23139
21453	9012	23140
21454	9013	23141
21455	9014	23142
21456	9015	23143
21457	9017	23144
21458	9018	23145
21459	9019	23146
21460	9020	23147
21461	9021	23148
21462	9020	23149
21463	9021	23150
21464	9020	23151
21465	9021	23152
21466	9020	23153
21467	9021	23154
21468	9020	23155
21469	9021	23156
21470	9020	23157
21471	9021	23158
21472	9020	23159
21473	9021	23160
21474	9022	23161
21475	9023	23162
21476	6020	23163
21477	9024	23164
21478	9025	23165
21479	9026	23166
21480	443	23167
21481	443	23168
21482	443	23169
21483	9027	23170
21484	9028	23171
21485	9029	23172
21486	9030	23173
21488	9032	23175
21489	9033	23176
21490	9034	23177
21491	9035	23178
21492	9036	23179
21493	9037	23180
21494	9038	23181
21495	9039	23182
21496	9040	23183
21497	9041	23184
21498	9042	23185
21500	9043	23187
21501	9043	23188
21502	9043	23189
21503	9043	23190
21504	9043	23191
21505	9043	23192
21506	9043	23193
21507	9043	23194
21508	9043	23195
21509	9043	23196
21510	9043	23197
21511	9043	23198
21512	9043	23199
21513	9043	23200
21514	9043	23201
21515	9043	23202
21516	9043	23203
21517	9043	23204
21518	9043	23205
21519	9043	23206
21520	9043	23207
21521	9043	23208
21522	9044	23209
21523	9044	23210
21524	9044	23211
21525	9044	23212
21526	9044	23213
21528	9044	23215
21529	9044	23216
21530	9044	23217
21531	9045	23218
21532	9045	23219
21533	9045	23220
21534	9045	23221
21535	9045	23222
21536	9045	23223
21537	9045	23224
21538	5784	23225
21539	5784	23226
21540	5784	23227
21541	5784	23228
21542	5784	23229
21543	5784	23230
21544	5784	23231
21545	5784	23232
21547	5784	23234
21548	5784	23235
21549	5784	23236
21550	9047	23237
21551	9047	23238
21552	9047	23239
21553	9047	23240
21554	9047	23241
21555	9047	23242
21556	9047	23243
21557	9047	23244
21558	9047	23245
21559	9048	23246
21560	9048	23247
21561	9048	23248
21562	9048	23249
21563	9048	23250
21564	9048	23251
21565	9048	23252
21567	9048	23254
21568	9048	23255
21569	9048	23256
21570	9048	23257
21571	9048	23258
21572	9048	23259
21573	9048	23260
21574	9049	23261
21575	9049	23262
21576	9049	23263
21577	9043	23264
21578	9043	23265
21579	9043	23266
21580	9043	23267
21581	9045	23268
21582	5784	23269
21583	9050	23270
21584	9050	23271
21585	9050	23272
21586	9050	23273
21587	9050	23274
21588	9050	23275
21589	9050	23276
21590	9051	23277
21591	9052	23278
21592	9053	23279
21593	9054	23280
21594	9055	23281
21595	9056	23282
21596	9057	23283
21597	9058	23284
21598	9059	23285
21599	9059	23286
21600	9059	23287
21601	9059	23288
21602	9060	23289
21603	9061	23290
21604	9062	23291
21605	9063	23292
21606	9064	23293
21607	9065	23294
21608	9066	23295
21609	9067	23296
21610	9068	23297
21611	9069	23298
21612	9070	23299
21613	9071	23300
21614	9072	23301
21615	9073	23302
21616	9074	23303
21617	9075	23304
21618	9076	23305
21623	9077	23310
21624	9078	23311
21625	9079	23312
21626	9080	23313
21627	9081	23314
21628	9082	23315
21630	9084	23317
21631	9085	23318
21632	9086	23319
21633	9087	23320
21634	9088	23321
21635	9089	23322
21636	9090	23323
21637	9091	23324
21638	9092	23325
21639	9093	23326
21640	9094	23327
21641	9095	23328
21642	9096	23329
21643	9097	23330
21644	9098	23331
21645	9099	23332
21646	9100	23333
21647	9101	23334
21648	9102	23335
21649	9103	23336
21650	9104	23337
21651	9105	23338
21652	9106	23339
21653	9107	23340
21654	9108	23341
21655	9109	23342
21656	9110	23343
21657	9111	23344
21658	9112	23345
21659	9113	23346
21660	9114	23347
21661	9115	23348
21662	9116	23349
21663	9117	23350
21664	9118	23351
21666	9120	23353
21667	9121	23354
21668	9122	23355
21669	9123	23356
21670	9124	23357
21671	9125	23358
21672	9126	23359
21673	9127	23360
21674	2879	23361
21675	9128	23362
21676	9129	23363
21677	9130	23364
21678	9131	23365
21679	9132	23366
21680	9133	23367
21681	9134	23368
21682	9135	23369
21683	9136	23370
21684	9137	23371
21685	9139	23372
21686	9139	23373
21687	9139	23374
21688	9141	23375
21689	9142	23376
21690	9143	23377
21691	9144	23378
21692	9145	23379
21693	9146	23380
21694	9147	23381
21695	9148	23382
21696	9149	23383
21697	9150	23384
21698	9151	23385
21699	9152	23386
21700	9153	23387
21701	9154	23388
21702	9155	23389
21703	9157	23390
21704	9157	23391
21705	9158	23392
21706	9159	23393
21707	9159	23394
21708	9159	23395
21709	9160	23396
21710	9161	23397
21711	9162	23398
21712	9163	23399
21713	9164	23400
21714	9165	23401
21715	9166	23402
21716	9167	23403
21717	9168	23404
21718	9169	23405
21719	9170	23406
21720	9171	23407
21721	9172	23408
21722	9173	23409
21723	9174	23410
21724	9175	23411
21725	9176	23412
21726	9177	23413
21727	9178	23414
21728	9179	23415
21729	9180	23416
21730	9181	23417
21731	9182	23418
21732	9183	23419
21733	9184	23420
21734	9185	23421
21735	9186	23422
21736	9187	23423
21737	9188	23424
21738	9189	23425
21739	9190	23426
21740	9192	23427
21741	9193	23428
21742	9194	23429
21743	9195	23430
21744	9196	23431
21745	9197	23432
21746	9198	23433
21747	9199	23434
21748	9200	23435
21749	9201	23436
21750	9202	23437
21751	9203	23438
21752	9204	23439
21753	9205	23440
21754	9206	23441
21755	9207	23442
21756	9208	23443
21757	9209	23444
21758	9210	23445
21759	9211	23446
21760	9212	23447
21761	9213	23448
21762	9214	23449
21763	9215	23450
21764	9216	23451
21765	9217	23452
21766	9218	23453
21767	9219	23454
21768	9220	23455
21769	9221	23456
21770	9222	23457
21771	9223	23458
21772	9224	23459
21773	9225	23460
21774	9226	23461
21775	9227	23462
21776	9228	23463
21777	9228	23464
21778	9228	23465
21779	9229	23466
21780	9230	23467
21781	9231	23468
21782	9232	23469
21783	9233	23470
21784	9234	23471
21785	9235	23472
21786	9236	23473
21787	9237	23474
21788	9238	23475
21789	9239	23476
21790	9241	23477
21792	9243	23479
21793	9244	23480
21794	9245	23481
21795	9246	23482
21796	9247	23483
21797	9248	23484
21798	9249	23485
21799	9250	23486
21800	9251	23487
21801	9252	23488
21802	9253	23489
21803	9254	23490
21804	9255	23491
21805	9256	23492
21806	9257	23493
21807	9258	23494
21808	9259	23495
21809	9261	23496
21810	9262	23497
21811	9263	23498
21812	9264	23499
21813	9265	23500
21814	9266	23501
21815	9268	23502
21816	9269	23503
21817	9270	23504
21818	9272	23505
21819	9273	23506
21820	9274	23507
21821	9276	23508
21822	9277	23509
21823	9278	23510
21824	503	23511
21825	9279	23512
21826	9280	23513
21827	9281	23514
21828	9282	23515
21829	9283	23516
21830	9284	23517
21831	9285	23518
21832	9286	23519
21833	9287	23520
21834	5083	23521
21835	531	23522
21836	9288	23523
21837	9290	23524
21838	9291	23525
21839	9292	23526
21840	9293	23527
21841	9294	23528
21842	9295	23529
21843	9296	23530
21844	9297	23531
21845	9298	23532
21846	9299	23533
21847	9300	23534
21848	9301	23535
21849	9302	23536
21850	9303	23537
21851	9304	23538
21852	9305	23539
21853	9306	23540
21854	9307	23541
21855	9308	23542
21856	9309	23543
21857	5925	23544
21858	9310	23545
21859	9311	23546
21860	9312	23547
21861	9313	23548
21862	9314	23549
21863	9315	23550
21864	9316	23551
21865	9317	23552
21866	9318	23553
21867	4881	23554
21868	9319	23555
21869	9320	23556
21870	9321	23557
21871	9322	23558
21872	9323	23559
21873	9324	23560
21874	9325	23561
21875	7911	23562
21876	9326	23563
21877	9328	23564
21878	9329	23565
21879	9330	23566
21880	9331	23567
21881	9332	23568
21882	9333	23569
21883	9334	23570
21884	9335	23571
21885	9336	23572
21886	9337	23573
21887	9338	23574
21888	3360	23575
21889	9339	23576
21890	9340	23577
21891	9341	23578
21892	9342	23579
21893	9343	23580
21894	9344	23581
21895	9345	23582
21896	9346	23583
21897	9347	23584
21898	9348	23585
21899	9349	23586
21900	9350	23587
21901	9351	23588
21902	9352	23589
21903	9353	23590
21904	9354	23591
21905	9355	23592
21906	9356	23593
21907	9357	23594
21908	9357	23595
21909	9357	23596
21910	9357	23597
21911	9357	23598
21912	9357	23599
21913	9358	23600
21914	9358	23601
21915	9358	23602
21916	9358	23603
21917	9358	23604
21918	9358	23605
21919	9358	23606
21920	9358	23607
21921	9358	23608
21922	9358	23609
21923	9358	23610
21924	9358	23611
21926	9358	23613
21927	9358	23614
21928	9358	23615
21929	9358	23616
21930	9359	23617
21931	9360	23618
21932	9361	23619
21933	9362	23620
21934	9363	23621
21936	9364	23623
21937	568	23624
21938	568	23625
21939	9365	23626
21940	568	23627
21941	9366	23628
21942	9367	23629
21943	9368	23630
21944	9369	23631
21945	9370	23632
21946	9371	23633
21947	9372	23634
21948	7079	23635
21949	9374	23636
21950	9375	23637
21951	9376	23638
21952	9377	23639
21953	9378	23640
21954	9379	23641
21955	9380	23642
21956	9381	23643
21957	9382	23644
21958	9383	23645
21959	9384	23646
21960	9385	23647
21961	9386	23648
21962	9387	23649
21963	9388	23650
21964	8936	23651
21965	9389	23652
21966	9390	23653
21967	9391	23654
21968	9393	23655
21969	9394	23656
21970	9395	23657
21971	9396	23658
21972	9397	23659
21973	9398	23660
21974	9399	23661
21975	9400	23662
21976	9401	23663
21977	9402	23664
21978	9403	23665
21979	9404	23666
21980	9405	23667
21981	9406	23668
21982	9408	23669
21983	9409	23670
21984	9410	23671
21985	9411	23672
21986	9412	23673
21987	9413	23674
21988	9414	23675
21989	9415	23676
21990	9416	23677
21991	9417	23678
21992	9418	23679
21993	9419	23680
21994	9420	23681
21995	9421	23682
21996	9422	23683
21997	9423	23684
21998	9424	23685
21999	9425	23686
22000	9426	23687
22001	9427	23688
22002	9428	23689
22003	9429	23690
22004	9430	23691
22005	9431	23692
22006	9432	23693
22007	9433	23694
22008	9434	23695
22009	9435	23696
22010	9436	23697
22011	9437	23698
22012	9438	23699
22013	9439	23700
22014	9439	23701
22015	9440	23702
22016	454	23703
22017	9441	23704
22018	9442	23705
22019	9443	23706
22020	9445	23707
22021	9446	23708
22022	9447	23709
22023	9448	23710
22024	9449	23711
22025	9450	23712
22026	9451	23713
22027	485	23714
22028	9452	23715
22029	9453	23716
22030	9454	23717
22033	9457	23720
22034	9458	23721
22035	9459	23722
22036	9460	23723
22038	9462	23725
22039	9463	23726
22040	9464	23727
22041	9465	23728
22042	9466	23729
22043	9467	23730
22044	9468	23731
22045	9469	23732
22046	9470	23733
22047	9471	23734
22048	9472	23735
22049	9473	23736
22050	9474	23737
22051	9475	23738
22052	6006	23739
22053	9476	23740
22054	9477	23741
22055	9478	23742
22056	9479	23743
22057	9480	23744
22058	4549	23745
22060	9482	23747
22061	9483	23748
22062	9484	23749
22063	9485	23750
22064	9486	23751
22065	9488	23752
22066	9489	23753
22067	9490	23754
22068	9491	23755
22069	9492	23756
22070	9493	23757
22071	9494	23758
22072	9495	23759
22073	9496	23760
22074	9497	23761
22075	9498	23762
22076	9499	23763
22077	9500	23764
22078	9501	23765
22080	9502	23767
22081	9503	23768
22082	9504	23769
22083	9505	23770
22084	9506	23771
22085	5060	23772
22086	5060	23773
22087	5060	23774
22088	9508	23775
22089	9509	23776
22090	9510	23777
22091	9511	23778
22092	9512	23779
22093	9513	23780
22094	9514	23781
22095	9515	23782
22096	9515	23783
22097	9515	23784
22098	9515	23785
22099	9515	23786
22100	9515	23787
22101	9515	23788
22102	9515	23789
22103	9515	23790
22106	1077	23793
22107	1077	23794
22108	9516	23795
22109	9517	23796
22111	9518	23798
22112	9519	23799
22113	7426	23800
22114	9521	23801
22115	9522	23802
22119	9524	23806
22120	9525	23807
22121	9526	23808
22122	9527	23809
22123	3843	23810
22124	3843	23811
22125	3843	23812
22126	3843	23813
22127	567	23814
22128	567	23815
22129	9528	23816
22130	9529	23817
22131	9530	23818
22132	9531	23819
22133	9531	23820
22134	9531	23821
22135	9531	23822
22136	9531	23823
22137	9531	23824
22138	9531	23825
22139	9531	23826
22140	9531	23827
22141	9531	23828
22142	9532	23829
22143	9533	23830
22144	9534	23831
22145	9535	23832
22146	9536	23833
22147	3384	23834
22148	9537	23835
22157	6907	23844
22158	9043	23845
22159	9538	23846
22160	9539	23847
22161	9540	23848
22162	9541	23849
22163	9542	23850
22164	9543	23851
22165	9544	23852
22166	9545	23853
22167	9546	23854
22168	9547	23855
22169	9548	23856
22170	9549	23857
22171	9550	23858
22172	9551	23859
22173	9552	23860
22174	9554	23861
22175	9555	23862
22176	9556	23863
22177	9557	23864
22178	9558	23865
22179	9559	23866
22180	9560	23867
22181	9561	23868
22182	9562	23869
22183	9563	23870
22184	9564	23871
22185	3859	23872
22186	3859	23873
22187	9565	23874
22188	9566	23875
22189	9567	23876
22191	9569	23878
22192	9571	23879
22193	9572	23880
22194	9572	23881
22195	9572	23882
22196	9573	23883
22197	9574	23884
22198	2542	23885
22199	2542	23886
22200	2542	23887
22201	2542	23888
22202	2542	23889
22203	2542	23890
22204	2542	23891
22205	2542	23892
22206	2542	23893
22207	2542	23894
22208	9576	23895
22209	9577	23896
22210	9578	23897
22211	9579	23898
22212	9580	23899
22213	9581	23900
22214	9582	23901
22215	9582	23902
22216	9582	23903
22218	6184	23905
22219	9583	23906
22220	7477	23907
22221	7477	23908
22222	7477	23909
22223	9584	23910
22224	9584	23911
22225	9584	23912
22226	9584	23913
22227	9584	23914
22228	9584	23915
22229	9584	23916
22230	9584	23917
22231	9584	23918
22232	9584	23919
22233	9584	23920
22234	9584	23921
22235	9584	23922
22236	9584	23923
22237	9584	23924
22238	9584	23925
22239	9584	23926
22240	9584	23927
22241	9584	23928
22242	9585	23929
22243	9585	23930
22244	9585	23931
22248	9585	23935
22249	9585	23936
22250	9585	23937
22251	9585	23938
22252	9585	23939
22253	9586	23940
22254	539	23941
22255	2166	23942
22256	9587	23943
22257	9588	23944
22258	9589	23945
22259	7477	23946
22260	6184	23947
22261	6184	23948
22262	6184	23949
22263	6184	23950
22265	6184	23952
22268	6184	23955
22269	6184	23956
22270	6184	23957
22271	6184	23958
22273	6184	23960
22274	6184	23961
22275	6184	23962
22276	6184	23963
22277	6184	23964
22278	6184	23965
22279	6184	23966
22280	6184	23967
22281	6184	23968
22282	6184	23969
22283	6184	23970
22285	6184	23972
22286	6184	23973
22287	6184	23974
22288	6184	23975
22289	6184	23976
22290	6184	23977
22291	6184	23978
22292	6184	23979
22293	6184	23980
22294	6184	23981
22295	6184	23982
22296	6184	23983
22297	6184	23984
22298	6184	23985
22299	6184	23986
22300	6184	23987
22301	6184	23988
22302	6184	23989
22303	6184	23990
22304	6184	23991
22305	6184	23992
22306	6184	23993
22307	6184	23994
22308	9590	23995
22309	9591	23996
22310	9592	23997
22311	9593	23998
22312	2954	23999
22313	2954	24000
22314	2954	24001
22315	2954	24002
22316	2954	24003
22317	2954	24004
22318	9594	24005
22319	9594	24006
22320	9594	24007
22321	9594	24008
22322	9594	24009
22323	9594	24010
22324	9594	24011
22325	9594	24012
22326	9594	24013
22327	9594	24014
22328	9594	24015
22329	9594	24016
22330	9594	24017
22331	9594	24018
22332	9594	24019
22333	9594	24020
22334	9594	24021
22335	9594	24022
22336	9595	24023
22337	9595	24024
22338	9595	24025
22339	9595	24026
22340	9596	24027
22341	9597	24028
22342	9598	24029
22344	9599	24031
22345	9599	24032
22353	9600	24040
22354	6192	24041
22355	6192	24042
22356	6192	24043
22357	6192	24044
22358	6192	24045
22359	6192	24046
22360	6192	24047
22361	6192	24048
22362	6192	24049
22363	9601	24050
22364	9602	24051
22365	9603	24052
22366	9604	24053
22367	9605	24054
22368	9606	24055
22369	9607	24056
22370	9608	24057
22371	9609	24058
22372	9610	24059
22373	9610	24060
22374	9610	24061
22375	9610	24062
22376	9610	24063
22378	9612	24065
22379	9598	24066
22380	9613	24067
22381	9614	24068
22382	811	24069
22383	811	24070
22384	811	24071
22385	811	24072
22386	811	24073
22387	9615	24074
22388	3860	24075
22389	3860	24076
22390	3860	24077
22391	3860	24078
22392	3860	24079
22396	9619	24083
22397	9620	24084
22398	9621	24085
22399	9622	24086
22400	6902	24087
22401	5065	24088
22402	5065	24089
22403	4543	24090
22404	9623	24091
22405	9624	24092
22406	9625	24093
22407	5366	24094
22408	9626	24095
22409	9627	24096
22410	9627	24097
22411	9627	24098
22412	9627	24099
22413	9627	24100
22414	9627	24101
22415	9627	24102
22416	9627	24103
22417	9627	24104
22418	9627	24105
22419	9627	24106
22420	9627	24107
22421	9627	24108
22422	9627	24109
22423	9627	24110
22424	9627	24111
22425	9627	24112
22426	9627	24113
22427	9627	24114
22428	9627	24115
22429	9627	24116
22430	9627	24117
22431	9627	24118
22432	9627	24119
22433	9627	24120
22434	9627	24121
22435	9627	24122
22436	9627	24123
22437	9627	24124
22439	9627	24126
22440	9627	24127
22441	9627	24128
22442	9627	24129
22443	9627	24130
22444	9627	24131
22445	9627	24132
22446	9627	24133
22447	9627	24134
22448	9627	24135
22449	9627	24136
22450	9627	24137
22451	9627	24138
22452	9627	24139
22453	9627	24140
22454	9627	24141
22455	9627	24142
22456	9627	24143
22457	9627	24144
22458	9627	24145
22459	9627	24146
22460	9627	24147
22461	9627	24148
22462	9627	24149
22463	9627	24150
22464	9627	24151
22465	9628	24152
22466	9629	24153
22467	9630	24154
22468	9631	24155
22469	574	24156
22470	574	24157
22471	574	24158
22472	574	24159
22473	574	24160
22474	574	24161
22475	574	24162
22476	574	24163
22477	574	24164
22478	574	24165
22479	574	24166
22480	574	24167
22481	574	24168
22482	574	24169
22483	574	24170
22484	9034	24171
22485	9034	24172
22486	9034	24173
22487	9034	24174
22488	9034	24175
22489	9034	24176
22490	5701	24177
22491	9632	24178
22492	9594	24179
22493	9594	24180
22494	9594	24181
22495	9594	24182
22496	9594	24183
22497	9594	24184
22498	9594	24185
22499	9594	24186
22500	9594	24187
22501	9594	24188
22502	5553	24189
22503	510	24190
22507	510	24194
22510	9633	24197
22511	9633	24198
22512	9633	24199
22513	9633	24200
22514	9634	24201
22515	9634	24202
22516	9635	24203
22517	9635	24204
22518	9636	24205
22520	3860	24207
22521	2954	24208
22522	2954	24209
22523	2954	24210
22524	2954	24211
22525	2954	24212
22526	2954	24213
22527	2954	24214
22528	2954	24215
22529	2954	24216
22530	2954	24217
22531	2954	24218
22532	2954	24219
22533	2954	24220
22534	2954	24221
22535	2954	24222
22536	2954	24223
22537	2954	24224
22538	2954	24225
22539	2954	24226
22540	2954	24227
22541	2954	24228
22542	2954	24229
22543	482	24230
22544	3385	24231
22545	3385	24232
22546	3385	24233
22547	3385	24234
22548	3385	24235
22549	3385	24236
22550	3385	24237
22551	3385	24238
22552	3385	24239
22553	3385	24240
22554	3385	24241
22555	3385	24242
22556	3385	24243
22557	3385	24244
22558	3385	24245
22559	3385	24246
22560	482	24247
22561	3385	24248
22562	3385	24249
22563	3385	24250
22564	3385	24251
22565	3385	24252
22566	3385	24253
22567	3385	24254
22568	3385	24255
22569	3385	24256
22570	467	24257
22571	3385	24258
22572	3385	24259
22573	3385	24260
22574	3385	24261
22575	3385	24262
22576	3385	24263
22577	3385	24264
22578	3385	24265
22579	3385	24266
22580	3385	24267
22581	3385	24268
22583	3385	24270
22584	3385	24271
22585	3385	24272
22586	3385	24273
22587	3385	24274
22588	3385	24275
22589	3385	24276
22590	3385	24277
22591	3385	24278
22592	3385	24279
22593	3385	24280
22594	3385	24281
22595	3385	24282
22596	3385	24283
22597	3385	24284
22598	3385	24285
22599	3385	24286
22600	3385	24287
22601	3385	24288
22602	3385	24289
22603	3385	24290
22604	3385	24291
22605	3385	24292
22606	3385	24293
22607	3385	24294
22608	3385	24295
22609	3385	24296
22610	3385	24297
22611	3385	24298
22612	3385	24299
22613	3385	24300
22614	3385	24301
22615	3385	24302
22616	3385	24303
22617	3385	24304
22618	3385	24305
22619	3385	24306
22620	3385	24307
22621	3385	24308
22622	3385	24309
22623	9638	24310
22624	9639	24311
22625	9640	24312
22626	9641	24313
22627	9642	24314
22628	9643	24315
22629	9644	24316
22630	9645	24317
22631	9646	24318
22638	1768	24325
22639	9647	24326
22640	9647	24327
22641	9647	24328
22642	9647	24329
22643	9647	24330
22644	9647	24331
22645	9647	24332
22646	9647	24333
22647	9647	24334
22648	9647	24335
22649	9647	24336
22650	9647	24337
22651	9647	24338
22652	9647	24339
22653	9647	24340
22654	5113	24341
22655	5113	24342
22656	5113	24343
22657	5113	24344
22658	5113	24345
22659	5113	24346
22660	5113	24347
22661	5113	24348
22662	5113	24349
22663	5113	24350
22664	5113	24351
22665	5113	24352
22666	5113	24353
22667	5113	24354
22668	5113	24355
22669	5113	24356
22670	5113	24357
22672	5113	24359
22673	5113	24360
22674	5113	24361
22676	5113	24363
22677	5113	24364
22678	5113	24365
22679	5113	24366
22680	5113	24367
22681	5113	24368
22682	5113	24369
22683	5113	24370
22684	5113	24371
22685	5113	24372
22686	5113	24373
22687	5113	24374
22688	5113	24375
22689	5113	24376
22690	5113	24377
22691	5113	24378
22692	5113	24379
22693	5113	24380
22694	5113	24381
22695	5113	24382
22696	5113	24383
22697	5113	24384
22698	5113	24385
22699	5113	24386
22700	5113	24387
22701	5113	24388
22702	5113	24389
22703	9848	24390
22704	9649	24391
22705	9651	24392
22706	9652	24393
22707	490	24394
22708	9653	24395
22709	9654	24396
22710	9655	24397
22711	9656	24398
22712	5744	24399
22713	5744	24400
22714	5744	24401
22715	5744	24402
22725	5157	24412
22726	2123	24413
22727	2123	24414
22728	2123	24415
22729	2123	24416
22730	2123	24417
22732	2123	24419
22733	2123	24420
22734	2123	24421
22735	2123	24422
22736	2123	24423
22737	2123	24424
22738	2123	24425
22739	2123	24426
22740	2123	24427
22741	2123	24428
22742	2123	24429
22743	2123	24430
22744	2123	24431
22745	2123	24432
22746	5969	24433
22747	5969	24434
22748	5969	24435
22749	5969	24436
22750	5969	24437
22751	5969	24438
22752	5969	24439
22753	5969	24440
22754	5969	24441
22755	5969	24442
22756	5969	24443
22757	5969	24444
22758	5969	24445
22759	5969	24446
22760	5969	24447
22761	5969	24448
22762	5969	24449
22763	5969	24450
22764	5969	24451
22765	5969	24452
22766	5969	24453
22767	5969	24454
22768	5969	24455
22769	5969	24456
22770	5969	24457
22771	5969	24458
22772	5969	24459
22773	5969	24460
22774	5969	24461
22775	5969	24462
22776	5969	24463
22777	5969	24464
22778	5969	24465
22779	5969	24466
22780	5969	24467
22781	5969	24468
22782	5969	24469
22783	9660	24470
22784	5638	24471
22785	5640	24472
22786	5641	24473
22787	5642	24474
22788	5646	24475
22789	5649	24476
22790	5645	24477
22791	5647	24478
22792	5648	24479
22793	9661	24480
22794	9662	24481
22795	9663	24482
22796	9664	24483
22797	9664	24484
22798	9664	24485
22799	9664	24486
22800	9664	24487
22801	9664	24488
22802	9664	24489
22803	9664	24490
22804	9664	24491
22805	9665	24492
22806	9666	24493
22807	9667	24494
22808	9669	24495
22809	9669	24496
22810	9669	24497
22811	9669	24498
22812	9669	24499
22813	9669	24500
22814	9669	24501
22815	9669	24502
22816	9669	24503
22817	9669	24504
22818	9669	24505
22819	9669	24506
22820	9669	24507
22821	9669	24508
22822	9670	24509
22823	6059	24510
22824	564	24511
22832	564	24519
22845	564	24532
22855	9671	24542
22856	9671	24543
22857	9671	24544
22858	9672	24545
22859	564	24546
22866	564	24553
22867	526	24554
22868	526	24555
22870	526	24557
22871	526	24558
22872	526	24559
22873	9673	24560
22874	9674	24561
22875	9673	24562
22876	9674	24563
22877	9673	24564
22878	9674	24565
22879	9673	24566
22880	9674	24567
22881	9673	24568
22883	9673	24570
22884	9674	24571
22885	9673	24572
22886	9674	24573
22887	9673	24574
22888	9674	24575
22889	9673	24576
22890	9674	24577
22891	9673	24578
22892	9674	24579
22893	9673	24580
22896	9674	24583
22897	9673	24584
22898	9674	24585
22899	9673	24586
22900	9674	24587
22901	9673	24588
22902	9674	24589
22903	9673	24590
22904	9674	24591
22905	9673	24592
22906	9674	24593
22907	9673	24594
22908	9674	24595
22909	9673	24596
22910	9674	24597
22911	9673	24598
22912	9674	24599
22913	9673	24600
22914	9674	24601
22915	9673	24602
22916	9674	24603
22917	9673	24604
22918	9674	24605
22919	9673	24606
22921	9673	24608
22922	9674	24609
22923	9673	24610
22924	9674	24611
22925	9673	24612
22926	9674	24613
22927	9673	24614
22928	9674	24615
22929	9673	24616
22930	9674	24617
22931	9673	24618
22932	9674	24619
22933	9673	24620
22934	9674	24621
22935	9673	24622
22936	9674	24623
22937	9673	24624
22938	9674	24625
22939	9675	24626
22940	9675	24627
22941	9675	24628
22942	9675	24629
22943	9675	24630
22944	9675	24631
22945	9675	24632
22946	9675	24633
22947	9675	24634
22948	9675	24635
22949	9675	24636
22950	9675	24637
22951	9675	24638
22952	9675	24639
22953	9675	24640
22954	9676	24641
22955	9676	24642
22956	9676	24643
22957	9676	24644
22958	9676	24645
22959	9676	24646
22960	9676	24647
22961	9676	24648
22962	9676	24649
22963	9676	24650
22964	9676	24651
22965	9676	24652
22966	9676	24653
22967	9676	24654
22968	9676	24655
22969	9677	24656
22970	9677	24657
22971	9677	24658
22972	9677	24659
22973	9677	24660
22974	9677	24661
22975	9677	24662
22976	9677	24663
22977	9677	24664
22978	9677	24665
22979	9677	24666
22980	9677	24667
22981	9677	24668
22982	9677	24669
22983	9677	24670
22984	9678	24671
22985	9678	24672
22986	9678	24673
22987	9678	24674
22988	9678	24675
22989	9678	24676
22990	9678	24677
22991	9678	24678
22992	9678	24679
22993	9678	24680
22994	9678	24681
22995	9678	24682
22996	9678	24683
22997	9678	24684
22998	9678	24685
22999	9679	24686
23000	9679	24687
23001	9679	24688
23002	9679	24689
23003	9679	24690
23004	9679	24691
23005	9679	24692
23006	9679	24693
23007	9679	24694
23008	9679	24695
23010	9679	24697
23011	9679	24698
23012	9679	24699
23013	9679	24700
23014	9680	24701
23015	9680	24702
23016	9680	24703
23017	9680	24704
23018	9680	24705
23019	9680	24706
23020	9680	24707
23021	9680	24708
23022	9680	24709
23023	9680	24710
23024	9680	24711
23025	9680	24712
23026	9680	24713
23027	9680	24714
23028	9680	24715
23030	9681	24717
23031	9682	24718
23032	9683	24719
23033	10164	24720
23034	9685	24721
23035	9686	24722
23036	9687	24723
23037	9688	24724
23038	9689	24725
23047	2123	24734
23048	2123	24735
23052	2123	24739
23053	2123	24740
23054	9691	24741
23055	9693	24742
23056	568	24743
23058	568	24745
23059	568	24746
23060	568	24747
23061	568	24748
23062	9694	24749
23063	9694	24750
23064	9695	24751
23065	9695	24752
23066	9677	24753
23067	9677	24754
23068	9676	24755
23069	9676	24756
23070	9676	24757
23071	504	24758
23072	467	24759
23073	3888	24760
23074	3888	24761
23075	9696	24762
23076	9697	24763
23079	474	24766
23080	9698	24767
23081	9699	24768
23082	9698	24769
23083	498	24770
23084	531	24771
23085	906	24772
23086	906	24773
23087	906	24774
23092	9700	24779
23093	9700	24780
23094	9700	24781
23095	9700	24782
23096	5422	24783
23097	6317	24784
23098	9701	24785
23099	9702	24786
23100	1527	24787
23101	1527	24788
23102	1527	24789
23103	1527	24790
23104	1527	24791
23105	1527	24792
23106	1527	24793
23107	1527	24794
23108	1527	24795
23109	1527	24796
23110	1527	24797
23111	1527	24798
23112	9703	24799
23113	9704	24800
23115	509	24802
23116	509	24803
23117	509	24804
23118	509	24805
23119	509	24806
23149	523	24836
23150	9705	24837
23151	9705	24838
23152	9705	24839
23153	9705	24840
23154	9705	24841
23155	9705	24842
23156	9705	24843
23157	9705	24844
23158	9705	24845
23159	9705	24846
23160	9705	24847
23161	9705	24848
23162	9705	24849
23163	9705	24850
23164	9705	24851
23165	9705	24852
23166	9705	24853
23167	9705	24854
23168	9705	24855
23169	9705	24856
23170	9705	24857
23171	9705	24858
23172	9705	24859
23173	9706	24860
23174	9707	24861
23175	9708	24862
23176	9709	24863
23177	9710	24864
23178	9711	24865
23179	2620	24866
23180	9712	24867
23181	467	24868
23182	9713	24869
23183	6218	24870
23184	6218	24871
23185	6218	24872
23186	6218	24873
23187	6218	24874
23188	9714	24875
23189	9716	24876
23190	9717	24877
23191	9718	24878
23192	449	24879
23193	9719	24880
23194	9720	24881
23195	2990	24882
23196	2990	24883
23197	2990	24884
23198	2990	24885
23199	2990	24886
23200	2990	24887
23201	2990	24888
23202	9721	24889
23203	4961	24890
23204	4497	24891
23205	464	24892
23206	9722	24893
23207	570	24894
23208	9723	24895
23209	9724	24896
23210	9725	24897
23211	9726	24898
23212	9727	24899
23213	9727	24900
23214	9727	24901
23215	3655	24902
23216	3655	24903
23217	442	24904
23218	509	24905
23219	467	24906
23221	9729	24908
23222	472	24909
23223	472	24910
23224	9730	24911
23225	9730	24912
23226	9730	24913
23227	9730	24914
23228	9731	24915
23229	9732	24916
23247	509	24934
23248	509	24935
23249	9733	24936
23250	9734	24937
23251	9735	24938
23252	9736	24939
23253	452	24940
23254	515	24941
23255	9737	24942
23256	9738	24943
23257	452	24944
23258	9740	24945
23259	9739	24946
23260	9739	24947
23261	469	24948
23262	448	24949
23263	9741	24950
23264	9742	24951
23265	9744	24952
23266	9745	24953
23267	9746	24954
23268	9747	24955
23269	9748	24956
23270	9749	24957
23271	9750	24958
23272	9751	24959
23273	9752	24960
23274	9753	24961
23275	9754	24962
23276	9755	24963
23277	9756	24964
23278	9757	24965
23279	9758	24966
23280	9759	24967
23281	9759	24968
23282	9759	24969
23283	9759	24970
23284	9759	24971
23285	9759	24972
23286	9759	24973
23287	9759	24974
23288	9759	24975
23289	9759	24976
23290	9759	24977
23291	9759	24978
23292	9760	24979
23293	9761	24980
23294	9762	24981
23295	9763	24982
23296	9764	24983
23297	515	24984
23298	1217	24985
23299	4819	24986
23300	4819	24987
23301	4819	24988
23302	4819	24989
23303	4819	24990
23304	4819	24991
23305	4819	24992
23306	4819	24993
23307	4819	24994
23308	4819	24995
23309	4819	24996
23310	4819	24997
23311	4819	24998
23312	4819	24999
23313	4819	25000
23314	4819	25001
23315	4819	25002
23316	4819	25003
23317	4819	25004
23318	9765	25005
23319	9766	25006
23320	531	25007
23321	9767	25008
23322	11811	25009
23323	11811	25010
23324	9769	25011
23325	9770	25012
23326	9771	25013
23327	9772	25014
23328	9772	25015
23329	9772	25016
23330	9772	25017
23331	9772	25018
23332	9772	25019
23333	9772	25020
23334	9772	25021
23335	9772	25022
23336	9772	25023
23337	9772	25024
23338	9772	25025
23339	9772	25026
23340	9772	25027
23341	9772	25028
23342	9772	25029
23343	9772	25030
23344	9772	25031
23345	9772	25032
23346	9772	25033
23347	9772	25034
23348	9772	25035
23349	9772	25036
23350	9772	25037
23351	9772	25038
23352	9772	25039
23353	9772	25040
23355	9772	25042
23356	9772	25043
23357	9772	25044
23358	9772	25045
23359	9772	25046
23360	9772	25047
23361	9772	25048
23362	9772	25049
23363	9772	25050
23364	9772	25051
23365	9772	25052
23366	9772	25053
23367	9772	25054
23368	9772	25055
23369	9772	25056
23370	9772	25057
23372	9772	25059
23373	9772	25060
23374	9772	25061
23375	9772	25062
23376	9772	25063
23377	9772	25064
23378	9773	25065
23379	9774	25066
23380	470	25067
23381	4737	25068
23382	4737	25069
23383	4737	25070
23384	4737	25071
23385	4737	25072
23386	4737	25073
23387	4737	25074
23388	4737	25075
23389	4737	25076
23390	4737	25077
23391	9775	25078
23392	9775	25079
23393	9775	25080
23394	9775	25081
23395	9775	25082
23397	9775	25084
23398	9775	25085
23399	9775	25086
23401	9775	25088
23402	9775	25089
23403	9775	25090
23404	9775	25091
23405	9775	25092
23407	4737	25094
23408	4737	25095
23409	4737	25096
23410	9775	25097
23411	3888	25098
23413	9776	25100
23414	9776	25101
23415	9776	25102
23416	9777	25103
23417	9778	25104
23431	9779	25118
23432	9780	25119
23433	9781	25120
23434	502	25121
23435	1527	25122
23436	1527	25123
23438	9784	25125
23439	9785	25126
23440	9786	25127
23441	492	25128
23442	9787	25129
23443	6480	25130
23444	6480	25131
23445	9788	25132
23446	9789	25133
23447	465	25134
23448	9790	25135
23449	9791	25136
23450	9792	25137
23451	9792	25138
23452	9792	25139
23453	9792	25140
23454	9792	25141
23455	9792	25142
23456	9792	25143
23457	9792	25144
23458	9792	25145
23459	9792	25146
23460	9792	25147
23461	9792	25148
23462	9792	25149
23463	9792	25150
23464	9792	25151
23465	9793	25152
23466	9793	25153
23467	9793	25154
23468	9793	25155
23469	9793	25156
23470	9793	25157
23471	9793	25158
23472	9793	25159
23473	9793	25160
23474	9793	25161
23475	9793	25162
23476	9793	25163
23477	9793	25164
23478	9793	25165
23479	9793	25166
23480	9794	25167
23481	9795	25168
23482	9796	25169
23483	9797	25170
23484	825	25171
23485	9798	25172
23486	9799	25173
23487	9800	25174
23488	9801	25175
23489	9802	25176
23490	9803	25177
23491	9804	25178
23492	9805	25179
23493	603	25180
23494	603	25181
23495	9806	25182
23496	498	25183
23497	9807	25184
23498	9808	25185
23499	9811	25186
23500	9812	25187
23509	9821	25196
23510	483	25197
23512	9823	25199
23513	9824	25200
23514	9825	25201
23515	531	25202
23516	9826	25203
23517	1991	25204
23518	1991	25205
23519	1991	25206
23520	9827	25207
23521	9828	25208
23522	9829	25209
23526	591	25213
23527	591	25214
23528	9830	25215
23529	9830	25216
23530	9830	25217
23531	9831	25218
23532	9831	25219
23533	9831	25220
23534	9831	25221
23535	9832	25222
23536	9833	25223
23537	9834	25224
23538	9835	25225
23539	9836	25226
23540	9837	25227
23548	3360	25235
23552	3360	25239
23555	3360	25242
23566	9838	25253
23567	9839	25254
23568	9840	25255
23569	1231	25256
23570	9841	25257
23571	9842	25258
23572	9843	25259
23573	9844	25260
23574	4512	25261
23575	4512	25262
23576	4512	25263
23577	9845	25264
23579	1991	25266
23580	1991	25267
23581	1991	25268
23582	9759	25269
23583	9759	25270
23584	9846	25271
23586	474	25273
23590	4737	25277
23591	9775	25278
23592	467	25279
23594	564	25281
23630	582	25317
23631	904	25318
23632	3758	25319
23633	9847	25320
23634	3859	25321
23635	3859	25322
23636	3859	25323
23637	3859	25324
23638	3859	25325
23639	3859	25326
23640	3859	25327
23641	3859	25328
23642	3859	25329
23663	9849	25350
23665	9849	25352
23666	9849	25353
23670	9849	25357
23672	9850	25359
23673	9850	25360
23674	9850	25361
23675	9852	25362
23676	9851	25363
23677	9853	25364
23678	532	25365
23679	9854	25366
23680	531	25367
23682	1920	25369
23683	9856	25370
23684	9857	25371
23685	9858	25372
23686	9859	25373
23687	9860	25374
23688	9850	25375
23689	9850	25376
23690	9861	25377
23691	9862	25378
23692	8365	25379
23693	9863	25380
23694	9864	25381
23695	9865	25382
23696	9865	25383
23697	9865	25384
23698	9865	25385
23699	9865	25386
23700	9865	25387
23701	9866	25388
23702	9867	25389
23706	9868	25393
23707	9869	25394
23709	9870	25396
23710	9871	25397
23711	9872	25398
23712	9873	25399
23713	9875	25400
23714	9876	25401
23715	9877	25402
23716	9878	25403
23718	1496	25405
23719	1496	25406
23720	9879	25407
23721	9880	25408
23722	9759	25409
23723	9759	25410
23724	9883	25411
23725	526	25412
23726	9884	25413
23727	9885	25414
23728	9886	25415
23729	9887	25416
23730	9888	25417
23731	9889	25418
23732	9890	25419
23733	9891	25420
23734	9892	25421
23735	9893	25422
23736	9894	25423
23737	9772	25424
23738	9772	25425
23739	9772	25426
23740	9772	25427
23741	9772	25428
23742	9772	25429
23743	9772	25430
23744	9772	25431
23745	9772	25432
23746	9772	25433
23747	9772	25434
23748	9772	25435
23749	9772	25436
23750	9772	25437
23751	9772	25438
23752	9772	25439
23753	9772	25440
23754	9772	25441
23755	9772	25442
23756	9772	25443
23757	9772	25444
23758	9772	25445
23759	10252	25446
23760	9895	25447
23761	9896	25448
23762	9897	25449
23763	9898	25450
23764	9898	25451
23765	9898	25452
23766	9898	25453
23767	9898	25454
23768	9898	25455
23769	9898	25456
23770	9898	25457
23771	9898	25458
23772	9898	25459
23773	2270	25460
23774	526	25461
23775	526	25462
23776	526	25463
23777	526	25464
23778	526	25465
23779	526	25466
23782	526	25469
23783	526	25470
23784	526	25471
23785	526	25472
23786	526	25473
23787	526	25474
23788	526	25475
23789	526	25476
23790	526	25477
23791	526	25478
23792	526	25479
23793	526	25480
23795	526	25482
23796	526	25483
23798	526	25485
23799	526	25486
23800	526	25487
23801	526	25488
23802	526	25489
23803	526	25490
23804	526	25491
23805	526	25492
23806	526	25493
23808	526	25495
23810	526	25497
23813	526	25500
23819	526	25506
23821	526	25508
23822	526	25509
23823	526	25510
23824	526	25511
23825	526	25512
23826	526	25513
23827	526	25514
23828	526	25515
23829	526	25516
23835	526	25522
23836	526	25523
23837	526	25524
23838	526	25525
23839	9900	25526
23840	9901	25527
23841	9902	25528
23844	9907	25531
23845	9908	25532
23846	9909	25533
23847	9910	25534
23848	9911	25535
23849	9912	25536
23850	9913	25537
23851	9914	25538
23852	9915	25539
23853	9916	25540
23854	9917	25541
23855	9918	25542
23856	9920	25543
23857	9920	25544
23858	9920	25545
23859	9920	25546
23860	9920	25547
23861	9920	25548
23862	9920	25549
23863	9920	25550
23864	9920	25551
23865	9920	25552
23866	9920	25553
23867	9920	25554
23868	9920	25555
23869	9920	25556
23870	9920	25557
23871	12572	25558
23872	9922	25559
23873	9923	25560
23874	9924	25561
23875	9925	25562
23876	9926	25563
23878	509	25565
23879	9927	25566
23880	9928	25567
23881	3128	25568
23882	3128	25569
23883	9929	25570
23884	9930	25571
23885	9931	25572
23888	9849	25575
23905	9932	25592
23907	9934	25594
23908	9935	25595
23909	464	25596
23910	2018	25597
23911	2018	25598
23912	2018	25599
23913	2018	25600
23914	2018	25601
23915	2018	25602
23916	2018	25603
23917	2018	25604
23918	2018	25605
23919	2018	25606
23920	9936	25607
23921	9937	25608
23922	467	25609
23923	542	25610
23924	9938	25611
23925	9938	25612
23926	9938	25613
23927	9938	25614
23928	9938	25615
23929	9938	25616
23930	9938	25617
23931	9938	25618
23932	9938	25619
23933	9938	25620
23934	9938	25621
23935	9938	25622
23936	9938	25623
23937	9938	25624
23938	9938	25625
23939	9938	25626
23940	9938	25627
23941	9938	25628
23943	9938	25630
23944	9938	25631
23945	9938	25632
23946	9938	25633
23947	9938	25634
23948	9938	25635
23949	9938	25636
23950	9938	25637
23951	9938	25638
23952	9938	25639
23953	9938	25640
23954	9938	25641
23955	9938	25642
23956	9938	25643
23957	1853	25644
23958	1853	25645
23959	4842	25646
23960	4842	25647
23961	4843	25648
23962	4843	25649
23963	4844	25650
23964	4844	25651
23965	7208	25652
23966	7208	25653
23967	565	25654
23971	9939	25658
23972	9940	25659
23973	9941	25660
23974	9942	25661
23975	9943	25662
23977	9945	25664
23978	9946	25665
23979	9947	25666
23980	9948	25667
23981	9949	25668
23982	3350	25669
23984	3350	25671
23985	3350	25672
23986	3350	25673
23987	3350	25674
23988	3350	25675
23990	3350	25677
23991	3350	25678
23992	3350	25679
23994	3350	25681
23995	3350	25682
23996	3350	25683
23997	3350	25684
23998	3350	25685
23999	3350	25686
24000	3350	25687
24001	3350	25688
24002	3350	25689
24003	3350	25690
24004	3350	25691
24005	3350	25692
24006	3350	25693
24007	3350	25694
24008	3350	25695
24009	3350	25696
24010	3350	25697
24011	3350	25698
24012	3350	25699
24013	3350	25700
24016	3350	25703
24017	3350	25704
24018	3350	25705
24019	3350	25706
24020	3350	25707
24022	3350	25709
24023	3350	25710
24024	3350	25711
24025	3350	25712
24026	3350	25713
24027	3350	25714
24028	3350	25715
24031	3350	25718
24032	3350	25719
24037	3350	25724
24038	3350	25725
24039	3350	25726
24040	3350	25727
24041	9950	25728
24042	9950	25729
24043	9950	25730
24044	9950	25731
24045	9950	25732
24046	9950	25733
24047	9951	25734
24048	9952	25735
24049	9953	25736
24051	9955	25738
24054	464	25741
24055	460	25742
24056	9958	25743
24057	9959	25744
24058	9960	25745
24059	9961	25746
24060	9961	25747
24061	9961	25748
24062	9961	25749
24063	9962	25750
24064	9963	25751
24065	8256	25752
24066	9964	25753
24067	477	25754
24068	1691	25755
24069	499	25756
24079	9965	25766
24080	9966	25767
24081	9967	25768
24082	9968	25769
24083	9969	25770
24084	9970	25771
24085	9971	25772
24086	9972	25773
24087	951	25774
24088	504	25775
24089	442	25776
24091	528	25778
24092	450	25779
24093	1340	25780
24094	1014	25781
24095	1014	25782
24096	1215	25783
24097	1215	25784
24098	1215	25785
24099	1529	25786
24100	1529	25787
24101	1529	25788
24102	1529	25789
24103	1529	25790
24104	877	25791
24105	1585	25792
24106	1585	25793
24107	1585	25794
24108	1585	25795
24109	789	25796
24110	789	25797
24111	789	25798
24112	789	25799
24113	789	25800
24114	789	25801
24115	789	25802
24116	789	25803
24117	789	25804
24118	789	25805
24119	789	25806
24120	789	25807
24121	789	25808
24122	789	25809
24123	789	25810
24124	789	25811
24125	1397	25812
24126	1052	25813
24127	1053	25814
24128	1053	25815
24129	1052	25816
24130	1052	25817
24131	1053	25818
24132	5340	25819
24133	5339	25820
24134	5338	25821
24135	9973	25822
24136	5337	25823
24137	9974	25824
24138	9976	25825
24139	542	25826
24140	542	25827
24141	542	25828
24142	9977	25829
24143	9978	25830
24144	9979	25831
24145	9980	25832
24146	9981	25833
24147	9982	25834
24148	9983	25835
24149	9984	25836
24150	9985	25837
24151	9986	25838
24152	9987	25839
24153	9988	25840
24154	9989	25841
24155	9990	25842
24156	9991	25843
24157	6762	25844
24158	9993	25845
24159	9994	25846
24160	498	25847
24161	9995	25848
24162	9996	25849
24163	9997	25850
24164	9998	25851
24165	9999	25852
24167	10002	25854
24168	10003	25855
24169	469	25856
24170	10004	25857
24171	10005	25858
24172	10006	25859
24173	3814	25860
24174	10007	25861
24175	10008	25862
24176	10009	25863
24177	10010	25864
24178	10011	25865
24184	482	25871
24185	10012	25872
24186	10013	25873
24187	582	25874
24188	10014	25875
24189	10015	25876
24190	5874	25877
24191	5874	25878
24192	5874	25879
24193	10017	25880
24194	3128	25881
24195	3128	25882
24196	445	25883
24197	452	25884
24198	10018	25885
24199	10018	25886
24200	10019	25887
24201	4148	25888
24202	10020	25889
24203	10021	25890
24204	10022	25891
24205	10023	25892
24206	10024	25893
24207	10025	25894
24208	10026	25895
24209	10027	25896
24210	10028	25897
24211	10029	25898
24212	10029	25899
24213	10031	25900
24214	10031	25901
24215	10030	25902
24216	10030	25903
24217	10029	25904
24218	10029	25905
24219	10029	25906
24220	10029	25907
24221	10032	25908
24222	10032	25909
24223	10032	25910
24224	10032	25911
24225	10033	25912
24226	10033	25913
24227	10033	25914
24228	10033	25915
24229	10034	25916
24232	483	25919
24233	10035	25920
24234	10036	25921
24235	10037	25922
24236	10038	25923
24237	10039	25924
24238	1768	25925
24239	1768	25926
24240	1768	25927
24243	10041	25930
24244	10042	25931
24245	10043	25932
24246	10045	25933
24247	10046	25934
24248	10047	25935
24251	10048	25938
24252	10049	25939
24253	10050	25940
24254	10051	25941
24255	10052	25942
24304	10053	25991
24305	10054	25992
24306	10055	25993
24307	10056	25994
24308	10057	25995
24310	10058	25997
24311	10059	25998
24316	3360	26003
24319	3360	26006
24320	10060	26007
24321	10061	26008
24322	10061	26009
24323	10062	26010
24324	10062	26011
24325	10062	26012
24326	10062	26013
24327	10063	26014
24328	10064	26015
24329	10065	26016
24330	10066	26017
24332	10068	26019
24333	10069	26020
24334	10070	26021
24335	10071	26022
24336	10072	26023
24337	10072	26024
24338	10073	26025
24340	10074	26027
24342	10076	26029
24343	10077	26030
24344	10077	26031
24345	10077	26032
24346	10078	26033
24347	10079	26034
24348	10080	26035
24349	10081	26036
24350	10082	26037
24351	10083	26038
24354	10087	26041
24355	10088	26042
24356	10089	26043
24357	10090	26044
24359	10092	26046
24360	10093	26047
24361	10049	26048
24362	10094	26049
24363	10094	26050
24364	10094	26051
24365	9849	26052
24366	5431	26053
24367	5431	26054
24368	5431	26055
24369	5431	26056
24370	5431	26057
24371	5431	26058
24372	5431	26059
24373	5431	26060
24374	5431	26061
24375	5431	26062
24377	5431	26064
24378	5431	26065
24379	5431	26066
24380	5431	26067
24381	5431	26068
24382	5431	26069
24383	5431	26070
24384	10095	26071
24385	517	26072
24386	517	26073
24391	10097	26078
24395	10101	26082
24396	10102	26083
24397	10103	26084
24398	10104	26085
24399	10105	26086
24400	10106	26087
24401	482	26088
24402	1919	26089
24403	1919	26090
24404	1919	26091
24405	1919	26092
24406	10107	26093
24407	10108	26094
24408	10108	26095
24409	10108	26096
24410	5320	26097
24411	5320	26098
24412	5320	26099
24413	5320	26100
24414	5320	26101
24415	5320	26102
24416	5320	26103
24417	5320	26104
24418	5320	26105
24419	5320	26106
24420	5320	26107
24421	5320	26108
24422	5320	26109
24423	5320	26110
24424	5320	26111
24425	5320	26112
24426	5320	26113
24427	5320	26114
24428	5320	26115
24429	5320	26116
24430	5320	26117
24431	5320	26118
24432	5320	26119
24433	5320	26120
24434	5320	26121
24435	5320	26122
24436	5320	26123
24437	5320	26124
24438	5320	26125
24440	877	26127
24442	877	26129
24446	877	26133
24447	877	26134
24461	5777	26148
24462	10111	26149
24463	10115	26150
24464	10116	26151
24465	10117	26152
24466	10118	26153
24467	10119	26154
24468	10120	26155
24469	10121	26156
24470	10121	26157
24471	10121	26158
24472	10121	26159
24473	10122	26160
24474	10123	26161
24479	10124	26166
24480	10124	26167
24481	10124	26168
24482	10125	26169
24483	10126	26170
24484	10127	26171
24485	10128	26172
24486	10129	26173
24487	10130	26174
24489	2954	26176
24490	2954	26177
24491	2954	26178
24492	2954	26179
24493	2954	26180
24494	2954	26181
24495	2954	26182
24496	2955	26183
24497	2955	26184
24498	2955	26185
24499	2955	26186
24500	2956	26187
24501	2956	26188
24502	10131	26189
24503	10131	26190
24504	10131	26191
24505	10131	26192
24506	10131	26193
24507	10131	26194
24508	10131	26195
24509	10131	26196
24510	10132	26197
24511	10133	26198
24512	10134	26199
24513	10134	26200
24514	10134	26201
24515	10134	26202
24516	10134	26203
24517	10134	26204
24518	10134	26205
24519	10134	26206
24520	10134	26207
24521	10134	26208
24522	10134	26209
24523	10134	26210
24524	10134	26211
24525	10134	26212
24526	10134	26213
24527	10134	26214
24528	10134	26215
24529	3350	26216
24530	3350	26217
24531	3350	26218
24532	10135	26219
24533	10136	26220
24534	10137	26221
24535	10138	26222
24536	10139	26223
24537	10141	26224
24538	10142	26225
24539	2113	26226
24540	2113	26227
24541	2113	26228
24542	2113	26229
24543	2113	26230
24544	2113	26231
24545	2113	26232
24546	2113	26233
24547	2113	26234
24548	2113	26235
24549	2113	26236
24550	2113	26237
24551	2113	26238
24552	2113	26239
24553	10143	26240
24554	10144	26241
24555	10145	26242
24557	10147	26244
24558	10148	26245
24559	10149	26246
24560	10150	26247
24561	10151	26248
24562	10152	26249
24563	10153	26250
24564	10154	26251
24565	1768	26252
24568	10155	26255
24584	509	26271
24590	509	26277
24591	509	26278
24592	10156	26279
24593	10156	26280
24594	10156	26281
24595	10156	26282
24596	10156	26283
24597	10156	26284
24598	10156	26285
24599	10156	26286
24600	10156	26287
24601	10156	26288
24602	10156	26289
24603	10156	26290
24604	10156	26291
24605	10156	26292
24606	10156	26293
24607	10156	26294
24608	10156	26295
24609	10156	26296
24610	10156	26297
24611	10156	26298
24612	10156	26299
24613	10157	26300
24614	10158	26301
24615	10159	26302
24616	4454	26303
24617	4454	26304
24618	4454	26305
24619	4454	26306
24620	4454	26307
24621	4454	26308
24622	4454	26309
24623	4454	26310
24624	4454	26311
24625	4454	26312
24626	4454	26313
24627	4454	26314
24628	4454	26315
24630	4454	26317
24633	450	26320
24634	450	26321
24635	450	26322
24636	450	26323
24637	450	26324
24638	450	26325
24639	10162	26326
24640	13281	26327
24641	10163	26328
24642	1155	26329
24643	1155	26330
24644	1155	26331
24645	1155	26332
24646	1155	26333
24647	1155	26334
24648	1155	26335
24649	1155	26336
24650	1155	26337
24651	1155	26338
24652	1155	26339
24653	1155	26340
24654	1155	26341
24655	1155	26342
24656	1155	26343
24657	1155	26344
24658	1155	26345
24659	1155	26346
24660	1155	26347
24661	1155	26348
24662	1155	26349
24663	1155	26350
24664	1155	26351
24665	1155	26352
24666	1155	26353
24667	1155	26354
24668	1155	26355
24669	1155	26356
24670	1155	26357
24671	1155	26358
24672	1155	26359
24673	1155	26360
24674	1155	26361
24675	1155	26362
24676	1155	26363
24677	1155	26364
24678	1155	26365
24679	1155	26366
24680	1155	26367
24681	1155	26368
24682	1155	26369
24683	1155	26370
24684	1155	26371
24685	1155	26372
24686	1155	26373
24687	1155	26374
24688	1155	26375
24689	1155	26376
24690	1155	26377
24691	1155	26378
24692	1155	26379
24693	1155	26380
24694	1155	26381
24695	1155	26382
24696	1155	26383
24697	1155	26384
24698	1155	26385
24699	1155	26386
24700	1155	26387
24701	1155	26388
24702	1155	26389
24703	1155	26390
24704	1155	26391
24705	1155	26392
24706	1155	26393
24707	1155	26394
24708	1155	26395
24709	1155	26396
24710	1155	26397
24711	1155	26398
24712	1155	26399
24713	1155	26400
24714	1155	26401
24715	1155	26402
24716	1155	26403
24717	1155	26404
24719	1155	26406
24720	1155	26407
24721	1155	26408
24722	1155	26409
24723	1155	26410
24724	1155	26411
24725	1155	26412
24726	1155	26413
24727	1155	26414
24728	1155	26415
24729	1155	26416
24730	1155	26417
24731	1155	26418
24732	1155	26419
24733	1155	26420
24734	10164	26421
24735	4192	26422
24737	4192	26424
24738	4192	26425
24739	4192	26426
24740	4192	26427
24741	4192	26428
24742	4192	26429
24743	4192	26430
24744	4192	26431
24745	4192	26432
24746	4192	26433
24747	4192	26434
24748	10134	26435
24749	10134	26436
24750	10134	26437
24751	10134	26438
24752	10134	26439
24753	10134	26440
24754	498	26441
24756	10166	26443
24757	10167	26444
24758	10168	26445
24759	3322	26446
24761	10164	26448
24762	10164	26449
24763	10019	26450
24764	3122	26451
24765	10170	26452
24766	10170	26453
24768	3814	26455
24771	10171	26458
24772	10171	26459
24775	10171	26462
24776	10171	26463
24777	10172	26464
24782	591	26469
24791	10173	26478
24792	10174	26479
24793	10175	26480
24794	452	26481
24795	452	26482
24796	452	26483
24797	452	26484
24798	452	26485
24799	603	26486
24801	603	26488
24804	10176	26491
24807	10177	26494
24808	10178	26495
24809	10179	26496
24810	10181	26497
24811	449	26498
24812	449	26499
24813	2018	26500
24814	10182	26501
24815	10183	26502
24816	10184	26503
24817	10185	26504
24818	10186	26505
24819	10188	26506
24820	10189	26507
24821	10190	26508
24822	522	26509
24823	3772	26510
24824	10191	26511
24825	7079	26512
24826	10193	26513
24827	10194	26514
24828	10195	26515
24829	10196	26516
24832	1077	26519
24833	10199	26520
24834	596	26521
24835	596	26522
24836	596	26523
24837	596	26524
24838	596	26525
24839	596	26526
24841	596	26528
24842	596	26529
24843	596	26530
24844	596	26531
24846	597	26533
24847	597	26534
24848	597	26535
24849	597	26536
24850	597	26537
24851	457	26538
24852	457	26539
24853	5349	26540
24854	5349	26541
24856	10201	26543
24857	3674	26544
24858	5910	26545
24859	5910	26546
24860	5910	26547
24861	10091	26548
24864	9760	26551
24865	9760	26552
24866	4807	26553
24867	4807	26554
24868	526	26555
24870	1487	26557
24871	9672	26558
24872	9672	26559
24873	9672	26560
24874	9672	26561
24875	9672	26562
24876	9672	26563
24877	9672	26564
24878	10202	26565
24879	10202	26566
24880	4709	26567
24881	1644	26568
24882	4743	26569
24883	4743	26570
24884	4743	26571
24885	4743	26572
24886	4743	26573
24887	4743	26574
24888	4743	26575
24889	4743	26576
24890	4743	26577
24891	4743	26578
24892	4743	26579
24893	4743	26580
24896	10085	26583
24897	8853	26584
24898	8853	26585
24899	6757	26586
24900	6757	26587
24901	6757	26588
24902	892	26589
24903	9999	26590
24904	9999	26591
24909	839	26596
24910	839	26597
24911	839	26598
24912	10203	26599
24913	10204	26600
24914	3109	26601
24915	469	26602
24916	469	26603
24917	468	26604
24921	1498	26608
24922	1498	26609
24923	1498	26610
24924	452	26611
24925	452	26612
24926	452	26613
24927	452	26614
24930	452	26617
24931	452	26618
24938	452	26625
24939	452	26626
24941	452	26628
24942	452	26629
24949	452	26636
24950	452	26637
24951	1613	26638
24952	1613	26639
24953	1613	26640
24954	5272	26641
24955	5272	26642
24956	5272	26643
24957	1971	26644
24958	10155	26645
24959	10155	26646
24960	10155	26647
24961	10155	26648
24962	2439	26649
24967	9811	26654
24970	9811	26657
24973	9811	26660
24976	4411	26663
24977	4411	26664
24980	6066	26667
24981	6066	26668
24982	2236	26669
24983	2236	26670
24984	2236	26671
24985	2236	26672
24986	2236	26673
24987	2236	26674
24988	2236	26675
24989	2236	26676
24990	2236	26677
24991	2236	26678
24992	2236	26679
24993	10207	26680
24994	10208	26681
25004	10209	26691
25005	10209	26692
25006	4865	26693
25007	2469	26694
25008	2469	26695
25010	3926	26697
25011	993	26698
25012	993	26699
25013	993	26700
25014	993	26701
25015	7605	26702
25016	7605	26703
25017	7605	26704
25018	7605	26705
25019	7605	26706
25020	7605	26707
25021	7605	26708
25022	920	26709
25023	920	26710
25024	920	26711
25025	10210	26712
25026	531	26713
25027	10211	26714
25028	570	26715
25029	570	26716
25031	1169	26718
25032	1279	26719
25033	10212	26720
25034	1343	26721
25036	1351	26723
25037	1398	26724
25038	1398	26725
25039	1399	26726
25042	1432	26729
25043	1432	26730
25044	1432	26731
25045	1530	26732
25046	1530	26733
25047	1573	26734
25048	1583	26735
25049	1583	26736
25050	1585	26737
25051	1586	26738
25052	10214	26739
25054	1630	26741
25055	1630	26742
25056	1630	26743
25057	1630	26744
25058	1631	26745
25059	1653	26746
25060	4537	26747
25061	4537	26748
25062	4537	26749
25063	10006	26750
25064	10215	26751
25065	10216	26752
25066	10217	26753
25067	10218	26754
25068	10219	26755
25069	510	26756
25071	944	26758
25072	10220	26759
25073	10220	26760
25074	10220	26761
25075	10220	26762
25076	10220	26763
25077	10220	26764
25078	4697	26765
25079	4697	26766
25080	4697	26767
25094	1658	26781
25095	1713	26782
25096	1713	26783
25097	1713	26784
25098	1713	26785
25099	5772	26786
25100	5772	26787
25101	5772	26788
25102	5772	26789
25103	10222	26790
25104	10223	26791
25105	4474	26792
25106	4474	26793
25107	4474	26794
25108	4474	26795
25109	1297	26796
25110	1297	26797
25111	1297	26798
25112	1297	26799
25114	10224	26801
25115	906	26802
25116	906	26803
25117	906	26804
25118	906	26805
25119	906	26806
25120	906	26807
25121	906	26808
25122	906	26809
25123	906	26810
25124	906	26811
25125	906	26812
25126	906	26813
25127	906	26814
25128	906	26815
25129	906	26816
25130	906	26817
25131	906	26818
25132	906	26819
25133	906	26820
25134	906	26821
25135	906	26822
25136	3888	26823
25137	3888	26824
25138	3888	26825
25139	474	26826
25140	509	26827
25141	509	26828
25142	474	26829
25143	474	26830
25144	474	26831
25145	564	26832
25146	474	26833
25148	474	26835
25149	474	26836
25150	474	26837
25152	474	26839
25154	474	26841
25155	474	26842
25158	509	26845
25159	509	26846
25160	474	26847
25161	509	26848
25162	510	26849
25163	474	26850
25164	452	26851
25165	598	26852
25166	564	26853
25167	510	26854
25168	509	26855
25169	509	26856
25171	10225	26858
25172	10226	26859
25173	10227	26860
25174	574	26861
25175	10228	26862
25177	4441	26864
25178	4441	26865
25179	4441	26866
25180	4441	26867
25181	4441	26868
25182	4441	26869
25183	4441	26870
25184	4441	26871
25185	4441	26872
25186	4441	26873
25187	4441	26874
25188	10229	26875
25189	10230	26876
25190	10231	26877
25191	2156	26878
25192	2156	26879
25193	2156	26880
25194	2156	26881
25195	2156	26882
25196	2156	26883
25197	2156	26884
25202	10232	26889
25203	10233	26890
25204	7502	26891
25205	7502	26892
25206	7502	26893
25207	7502	26894
25208	7502	26895
25209	570	26896
25211	5050	26898
25212	5050	26899
25213	499	26900
25214	10234	26901
25215	10235	26902
25217	10237	26904
25219	10238	26906
25220	570	26907
25222	10239	26909
25223	10240	26910
25224	10241	26911
25225	10242	26912
25226	10242	26913
25227	473	26914
25228	10243	26915
25230	10244	26917
25231	535	26918
25232	535	26919
25233	535	26920
25234	535	26921
25235	535	26922
25236	535	26923
25237	535	26924
25238	535	26925
25239	10245	26926
25262	505	26949
25263	505	26950
25264	505	26951
25265	505	26952
25266	505	26953
25267	10246	26954
25268	10247	26955
25269	10248	26956
25270	4474	26957
25271	4474	26958
25272	4474	26959
25273	4474	26960
25274	4474	26961
25275	4474	26962
25276	4474	26963
25277	4474	26964
25278	4474	26965
25279	4474	26966
25280	4474	26967
25281	4474	26968
25283	4474	26970
25284	4474	26971
25285	4474	26972
25286	4474	26973
25287	4474	26974
25288	4474	26975
25289	4474	26976
25290	4474	26977
25291	8858	26978
25292	8858	26979
25294	10134	26981
25295	10134	26982
25296	9401	26983
25297	9401	26984
25298	6624	26985
25300	5305	26987
25301	1885	26988
25302	1885	26989
25303	1885	26990
25304	5042	26991
25305	565	26992
25306	565	26993
25308	565	26995
25309	2026	26996
25310	2026	26997
25311	4699	26998
25312	4699	26999
25313	2476	27000
25314	7444	27001
25315	7444	27002
25316	7444	27003
25317	7444	27004
25318	7444	27005
25319	7444	27006
25320	7444	27007
25321	7444	27008
25322	7444	27009
25323	7444	27010
25324	7444	27011
25325	7444	27012
25326	7444	27013
25327	9573	27014
25328	9573	27015
25329	9573	27016
25331	467	27018
25332	467	27019
25333	472	27020
25334	472	27021
25335	531	27022
25336	531	27023
25337	531	27024
25338	531	27025
25339	531	27026
25340	441	27027
25341	582	27028
25342	582	27029
25343	3883	27030
25344	3883	27031
25345	4648	27032
25346	4643	27033
25347	4643	27034
25348	3813	27035
25349	3813	27036
25350	3813	27037
25351	633	27038
25352	658	27039
25353	658	27040
25354	1807	27041
25355	1807	27042
25356	1807	27043
25357	815	27044
25358	815	27045
25359	1313	27046
25360	10255	27047
25361	1591	27048
25362	957	27049
25363	957	27050
25364	959	27051
25365	5064	27052
25366	10256	27053
25367	10257	27054
25368	10259	27055
25369	10260	27056
25370	10261	27057
25371	10262	27058
25372	10263	27059
25373	10264	27060
25374	10264	27061
25375	10264	27062
25376	10264	27063
25377	10264	27064
25378	3862	27065
25379	3862	27066
25381	3862	27068
25382	3862	27069
25383	570	27070
25384	570	27071
25385	570	27072
25386	10265	27073
25388	10266	27075
25391	10269	27078
25392	10270	27079
25393	10271	27080
25394	10272	27081
25395	3395	27082
25396	3395	27083
25397	10243	27084
25398	10243	27085
25399	10273	27086
25401	10274	27088
25402	10275	27089
25403	10276	27090
25404	5509	27091
25406	1301	27093
25407	1323	27094
25408	4474	27095
25409	4474	27096
25410	4474	27097
25411	10277	27098
25412	10278	27099
25413	10279	27100
25415	949	27102
25416	949	27103
25417	949	27104
25418	1476	27105
25419	1476	27106
25420	1476	27107
25421	1476	27108
25422	1476	27109
25423	1476	27110
25424	1142	27111
25425	4117	27112
25426	4117	27113
25427	4117	27114
25428	4117	27115
25429	4117	27116
25430	4117	27117
25431	5183	27118
25432	6257	27119
25433	6257	27120
25434	524	27121
25435	582	27122
25436	10283	27123
25437	482	27124
25438	4451	27125
25439	4451	27126
25440	4451	27127
25441	4451	27128
25442	4451	27129
25443	4451	27130
25444	4451	27131
25445	10284	27132
25446	10284	27133
25447	10284	27134
25448	10284	27135
25449	10284	27136
25450	10284	27137
25451	818	27138
25454	3804	27141
25455	3540	27142
25456	6382	27143
25457	6382	27144
25458	6382	27145
25459	3562	27146
25460	532	27147
25461	532	27148
25462	491	27149
25463	491	27150
25464	485	27151
25465	485	27152
25466	514	27153
25468	505	27155
25469	535	27156
25470	491	27157
25471	2805	27158
25472	2805	27159
25473	2805	27160
25474	2805	27161
25475	2805	27162
25476	2805	27163
25477	2263	27164
25478	474	27165
25479	2393	27166
25480	1654	27167
25481	1779	27168
25482	2542	27169
25483	2542	27170
25484	2542	27171
25485	2542	27172
25486	2542	27173
25487	2542	27174
25488	2542	27175
25489	2542	27176
25490	2542	27177
25491	2018	27178
25492	2018	27179
25493	2022	27180
25494	2022	27181
25495	2022	27182
25496	2022	27183
25497	2022	27184
25498	2022	27185
25499	5357	27186
25501	2053	27188
25504	4297	27191
25505	10285	27192
25506	10285	27193
25507	3674	27194
25508	3674	27195
25509	3674	27196
25510	2352	27197
25511	2352	27198
25514	2352	27201
25516	2352	27203
25517	2475	27204
25518	2475	27205
25519	2475	27206
25520	2475	27207
25521	2951	27208
25522	10286	27209
25523	10287	27210
25524	10288	27211
25526	9768	27213
25527	9768	27214
25528	10084	27215
25529	10290	27216
25530	10291	27217
25531	10292	27218
25532	10293	27219
25533	10293	27220
25534	10293	27221
25535	10293	27222
25536	10294	27223
25537	10295	27224
25538	10297	27225
25539	10298	27226
25540	2633	27227
25541	10299	27228
25542	10300	27229
25543	10301	27230
25544	10302	27231
25545	10303	27232
25546	10304	27233
25547	10305	27234
25548	10306	27235
25549	531	27236
25550	10199	27237
25551	10199	27238
25552	3212	27239
25553	847	27240
25554	481	27241
25558	591	27245
25559	510	27246
25560	510	27247
25563	564	27250
25564	10307	27251
25565	510	27252
25566	510	27253
25568	10308	27255
25570	10310	27257
25571	10311	27258
25572	10312	27259
25574	3888	27261
25575	3888	27262
25586	3888	27273
25595	524	27282
25596	524	27283
25597	526	27284
25598	526	27285
25599	526	27286
25600	526	27287
25601	526	27288
25602	526	27289
25607	10313	27294
25608	7700	27295
25609	452	27296
25611	10315	27298
25612	509	27299
25613	509	27300
25616	509	27303
25617	509	27304
25619	10316	27306
25620	10317	27307
25622	10320	27309
25623	526	27310
25624	526	27311
25625	10333	27312
25626	10331	27313
25627	10331	27314
25628	10331	27315
25629	10331	27316
25630	10331	27317
25631	10331	27318
25632	10322	27319
25633	10323	27320
25634	10336	27321
25635	10337	27322
25636	10321	27323
25637	10327	27324
25638	10324	27325
25639	10338	27326
25640	10325	27327
25647	10342	27334
25650	10345	27337
25651	10347	27338
25652	10346	27339
25653	10349	27340
25654	10348	27341
25656	10331	27343
25657	10328	27344
25658	10350	27345
25659	10351	27346
25660	10352	27347
25663	10355	27350
25664	10355	27351
25665	10355	27352
25666	10355	27353
25672	10357	27359
25673	10358	27360
25674	10356	27361
25675	10360	27362
25676	10361	27363
25677	10362	27364
25678	10359	27365
25679	10359	27366
25680	10359	27367
25681	510	27368
25682	1768	27369
25683	1768	27370
25684	1768	27371
25685	10363	27372
25686	10364	27373
25687	10365	27374
25688	502	27375
25689	10367	27376
25691	10368	27378
25692	10369	27379
25693	10368	27380
25694	10368	27381
25697	4549	27384
25699	10371	27386
25700	10372	27387
25701	10373	27388
25702	10374	27389
25703	10375	27390
25704	10376	27391
25705	10370	27392
25706	10377	27393
25707	10377	27394
25708	10377	27395
25709	10377	27396
25710	10377	27397
25711	10378	27398
25712	10379	27399
25713	10380	27400
25714	582	27401
25715	582	27402
25716	582	27403
25717	10334	27404
25718	4948	27405
25719	10332	27406
25720	490	27407
25721	474	27408
25722	474	27409
25723	10382	27410
25724	460	27411
25725	10383	27412
25726	10383	27413
25727	10383	27414
25728	10383	27415
25729	10384	27416
25730	10385	27417
25731	10386	27418
25732	10388	27419
25733	10389	27420
25734	10390	27421
25735	10391	27422
25736	10392	27423
25737	5083	27424
25738	10393	27425
25739	10393	27426
25740	10393	27427
25741	10393	27428
25742	10298	27429
25743	10298	27430
25744	10298	27431
25745	10298	27432
25746	10298	27433
25747	10298	27434
25748	10298	27435
25749	10298	27436
25750	10298	27437
25751	10298	27438
25752	10298	27439
25753	460	27440
25754	10396	27441
25755	6362	27442
25756	10397	27443
25757	10268	27444
25758	467	27445
25759	10398	27446
25760	10399	27447
25761	10400	27448
25762	10400	27449
25763	10400	27450
25764	10401	27451
25767	509	27454
25770	509	27457
25771	509	27458
25772	10407	27459
25773	10407	27460
25774	10407	27461
25775	10407	27462
25776	10407	27463
25777	10407	27464
25778	10407	27465
25779	10407	27466
25780	2866	27467
25781	9865	27468
25782	10408	27469
25783	10330	27470
25784	2236	27471
25786	10411	27473
25790	6047	27477
25791	6047	27478
25792	6047	27479
25793	6047	27480
25794	6047	27481
25795	6047	27482
25796	6047	27483
25797	6047	27484
25799	9962	27486
25801	13577	27488
25802	13578	27489
25803	10418	27490
25804	10419	27491
25805	10420	27492
25806	10421	27493
25807	10422	27494
25808	9768	27495
25810	5044	27497
25811	5044	27498
25812	5044	27499
25813	5044	27500
25814	5044	27501
25815	5044	27502
25816	5044	27503
25817	5044	27504
25818	5044	27505
25819	5044	27506
25820	5044	27507
25821	5044	27508
25822	5044	27509
25823	5044	27510
25824	10423	27511
25825	5044	27512
25826	5044	27513
25827	5044	27514
25828	5044	27515
25829	5044	27516
25830	5044	27517
25831	5044	27518
25832	5044	27519
25833	5044	27520
25834	5044	27521
25835	5044	27522
25836	5044	27523
25837	5044	27524
25838	10424	27525
25839	10425	27526
25840	499	27527
25842	10426	27529
25843	10427	27530
25844	10428	27531
25845	10429	27532
25846	10430	27533
25847	10431	27534
25848	10432	27535
25849	10433	27536
25850	10434	27537
25851	10434	27538
25852	10434	27539
25853	10434	27540
25854	10434	27541
25855	10434	27542
25856	10436	27543
25857	10437	27544
25858	10434	27545
25859	474	27546
25860	10439	27547
25861	10440	27548
25862	10442	27549
25864	4981	27551
25865	10335	27552
25866	1890	27553
25867	10224	27554
25868	10447	27555
25869	10447	27556
25870	10447	27557
25872	10448	27559
25873	10449	27560
25874	10450	27561
25875	10453	27562
25876	10454	27563
25877	10455	27564
25878	10456	27565
25879	10457	27566
25880	10458	27567
25881	10459	27568
25885	10461	27572
25886	10462	27573
25887	10463	27574
25889	10465	27576
25890	10466	27577
25891	10467	27578
25892	10468	27579
25893	10469	27580
25894	10470	27581
25895	10471	27582
25896	10472	27583
25897	10473	27584
25898	4516	27585
25899	4516	27586
25900	4516	27587
25901	10474	27588
25902	10475	27589
25903	10476	27590
25904	440	27591
25905	510	27592
25907	510	27594
25908	510	27595
25909	510	27596
25910	10479	27597
25911	10480	27598
25913	10483	27600
25914	10484	27601
25916	10486	27603
25917	10487	27604
25918	10489	27605
25919	877	27606
25922	877	27609
25924	877	27611
25926	877	27613
25927	10491	27614
25928	10492	27615
25929	10493	27616
25930	10494	27617
25932	10498	27619
25935	10198	27622
25936	10198	27623
25937	10198	27624
25938	10198	27625
25939	10198	27626
25940	10198	27627
25941	10198	27628
25942	10198	27629
25943	10198	27630
25944	10198	27631
25945	10198	27632
25946	10198	27633
25947	10198	27634
25948	10500	27635
25949	10502	27636
25950	10501	27637
25956	10503	27643
25957	10504	27644
25958	10505	27645
25959	10506	27646
25960	10507	27647
25961	10508	27648
25962	10509	27649
25967	1768	27654
25975	12050	27662
25976	12050	27663
25977	12051	27664
25978	10512	27665
25979	10512	27666
25980	10512	27667
25981	10511	27668
25982	10511	27669
25984	10519	27671
25985	10521	27672
25986	10520	27673
25987	10522	27674
25988	10523	27675
25989	10524	27676
25990	10525	27677
25991	10526	27678
25992	10527	27679
25993	10529	27680
25994	531	27681
25995	10329	27682
25996	10530	27683
25997	10531	27684
25998	1496	27685
25999	10534	27686
26000	9898	27687
26001	9898	27688
26006	9898	27693
26011	445	27698
26012	3888	27699
26013	3888	27700
26014	3888	27701
26015	3888	27702
26016	3888	27703
26017	3888	27704
26018	3888	27705
26022	3888	27709
26023	3888	27710
26024	3888	27711
26025	3888	27712
26027	3888	27714
26028	3888	27715
26030	3888	27717
26031	1840	27718
26032	10538	27719
26033	10540	27720
26035	10541	27722
26036	10541	27723
26037	10541	27724
26038	10541	27725
26039	10541	27726
26040	10542	27727
26041	10354	27728
26042	3888	27729
26043	10545	27730
26044	10538	27731
26045	10547	27732
26046	7886	27733
26047	10549	27734
26048	10550	27735
26049	10551	27736
26050	10541	27737
26051	10552	27738
26053	10553	27740
26054	10554	27741
26055	10556	27742
26056	10557	27743
26057	5399	27744
26058	10559	27745
26059	591	27746
26060	591	27747
26062	10560	27749
26063	10555	27750
26064	10562	27751
26066	10563	27753
26067	10564	27754
26068	2955	27755
26069	2955	27756
26070	2955	27757
26071	2956	27758
26072	2956	27759
26073	1991	27760
26074	1991	27761
26075	10565	27762
26076	10565	27763
26077	10565	27764
26078	10565	27765
26079	10565	27766
26080	10565	27767
26081	10565	27768
26082	10565	27769
26089	10566	27776
26090	10568	27777
26091	10569	27778
26092	526	27779
26093	10570	27780
26094	10571	27781
26095	10572	27782
26096	10573	27783
26097	10574	27784
26098	10575	27785
26100	10577	27787
26101	10578	27788
26102	10579	27789
26103	10579	27790
26104	10579	27791
26105	10580	27792
26106	1527	27793
26107	1527	27794
26108	1527	27795
26109	1527	27796
26110	3864	27797
26112	3864	27799
26114	3864	27801
26116	3864	27803
26117	5679	27804
26118	10581	27805
26119	10134	27806
26120	10582	27807
26121	2602	27808
26122	4889	27809
26123	4889	27810
26124	4889	27811
26125	4889	27812
26126	4889	27813
26127	4889	27814
26128	4889	27815
26132	582	27819
26133	10586	27820
26134	10587	27821
26135	10588	27822
26136	603	27823
26137	10072	27824
26138	603	27825
26140	603	27827
26142	10589	27829
26143	477	27830
26144	10590	27831
26145	10591	27832
26146	4992	27833
26150	10592	27837
26152	474	27839
26158	10593	27845
26159	10594	27846
26160	10595	27847
26161	10596	27848
26162	10597	27849
26163	10598	27850
26164	10599	27851
26169	2678	27856
26170	2678	27857
26174	12805	27861
26184	2678	27871
26190	2678	27877
26191	12806	27878
26194	2678	27881
26195	2678	27882
26196	2678	27883
26201	10603	27888
26202	474	27889
26209	474	27896
26210	474	27897
26211	474	27898
26212	474	27899
26213	10604	27900
26215	474	27902
26222	474	27909
26223	574	27910
26224	574	27911
26225	574	27912
26226	574	27913
26227	574	27914
26228	574	27915
26229	574	27916
26230	574	27917
26231	574	27918
26232	574	27919
26233	574	27920
26234	574	27921
26235	574	27922
26236	574	27923
26237	574	27924
26238	574	27925
26239	574	27926
26241	474	27928
26242	463	27929
26243	463	27930
26244	463	27931
26245	10606	27932
26246	574	27933
26247	10607	27934
26248	10608	27935
26249	10609	27936
26250	10610	27937
26251	10611	27938
26252	10613	27939
26254	10615	27941
26255	474	27942
26256	10616	27943
26257	10617	27944
26258	568	27945
26259	568	27946
26260	568	27947
26261	568	27948
26262	568	27949
26263	568	27950
26264	568	27951
26265	10618	27952
26266	10619	27953
26267	10619	27954
26268	10619	27955
26269	10619	27956
26270	10620	27957
26271	10621	27958
26272	10622	27959
26274	10623	27961
26275	10623	27962
26276	10623	27963
26277	10624	27964
26278	10625	27965
26279	10626	27966
26280	6503	27967
26283	10628	27970
26284	10629	27971
26285	10630	27972
26286	10631	27973
26287	10632	27974
26288	10633	27975
26289	10634	27976
26290	1496	27977
26291	10393	27978
26292	10636	27979
26293	10637	27980
26294	5122	27981
26299	10639	27986
26301	10641	27988
26302	10642	27989
26303	10643	27990
26304	10644	27991
26305	10645	27992
26306	10646	27993
26308	10648	27995
26309	10648	27996
26310	10648	27997
26311	10648	27998
26312	10648	27999
26313	10648	28000
26314	10648	28001
26315	10648	28002
26316	10648	28003
26317	10648	28004
26318	10648	28005
26319	10648	28006
26320	10648	28007
26321	10648	28008
26322	10649	28009
26323	10650	28010
26324	10651	28011
26325	10652	28012
26326	10653	28013
26327	10654	28014
26328	10655	28015
26329	10657	28016
26330	10658	28017
26331	14109	28018
26332	10660	28019
26348	3128	28035
26350	3128	28037
26351	10663	28038
26352	9850	28039
26353	9850	28040
26354	9850	28041
26355	9850	28042
26356	9850	28043
26357	10664	28044
26359	10665	28046
26362	10666	28049
26363	10668	28050
26364	10077	28051
26365	10077	28052
26366	10077	28053
26367	10669	28054
26368	4454	28055
26369	4454	28056
26370	4454	28057
26372	10670	28059
26373	10671	28060
26374	11778	28061
26380	2678	28067
26383	448	28070
26384	9950	28071
26385	9950	28072
26388	510	28075
26389	510	28076
26390	498	28077
26391	510	28078
26392	10674	28079
26393	10675	28080
26394	10675	28081
26395	10675	28082
26396	10675	28083
26397	10675	28084
26402	10676	28089
26403	584	28090
26404	10677	28091
26405	452	28092
26406	452	28093
26408	10678	28095
26409	10679	28096
26410	10680	28097
26411	10681	28098
26413	452	28100
26415	10682	28102
26416	10683	28103
26417	10684	28104
26418	10685	28105
26419	10686	28106
26420	10686	28107
26421	10686	28108
26422	10686	28109
26423	10687	28110
26424	10689	28111
26425	10690	28112
26426	10691	28113
26427	10692	28114
26433	12806	28120
26434	10694	28121
26435	10695	28122
26436	10695	28123
26437	10695	28124
26440	10697	28127
26441	10697	28128
26442	570	28129
26443	570	28130
26444	570	28131
26445	570	28132
26446	570	28133
26447	570	28134
26448	10699	28135
26449	10700	28136
26450	10701	28137
26452	10703	28139
26453	10704	28140
26454	10705	28141
26455	10706	28142
26456	10707	28143
26457	10708	28144
26458	10709	28145
26460	10712	28147
26461	10713	28148
26462	10713	28149
26463	10713	28150
26464	10713	28151
26465	10713	28152
26466	10714	28153
26467	9831	28154
26469	12806	28156
26471	10716	28158
26472	10717	28159
26473	10718	28160
26477	10719	28164
26478	10720	28165
26479	10721	28166
26480	10723	28167
26481	10724	28168
26482	10725	28169
26483	10726	28170
26484	10727	28171
26485	10728	28172
26486	10729	28173
26487	10731	28174
26489	10732	28176
26490	10733	28177
26491	10734	28178
26492	5271	28179
26493	10735	28180
26494	10736	28181
26496	10738	28183
26498	10740	28185
26499	10741	28186
26500	10742	28187
26501	10743	28188
26502	507	28189
26503	10745	28190
26504	10746	28191
26506	9850	28193
26507	10749	28194
26509	10750	28196
26510	10751	28197
26511	10752	28198
26512	10753	28199
26513	4785	28200
26515	10754	28202
26516	10755	28203
26517	10693	28204
26518	10693	28205
26519	10693	28206
26520	10693	28207
26521	10756	28208
26523	506	28210
26524	505	28211
26525	10757	28212
26526	10758	28213
26527	506	28214
26528	506	28215
26529	505	28216
26530	10759	28217
26531	1736	28218
26532	482	28219
26533	506	28220
26534	10761	28221
26535	10762	28222
26536	10763	28223
26537	2123	28224
26539	2123	28226
26540	2123	28227
26541	2123	28228
26542	2123	28229
26543	2123	28230
26544	2123	28231
26545	2123	28232
26546	2123	28233
26547	2123	28234
26548	2123	28235
26549	2123	28236
26550	2123	28237
26551	2123	28238
26552	2123	28239
26553	2123	28240
26554	2123	28241
26555	2123	28242
26556	2123	28243
26557	2123	28244
26558	2123	28245
26559	2123	28246
26560	2123	28247
26561	2123	28248
26562	2123	28249
26563	2123	28250
26564	2123	28251
26565	2123	28252
26566	2123	28253
26567	10764	28254
26568	10765	28255
26569	10766	28256
26570	10767	28257
26571	10768	28258
26572	10769	28259
26575	10770	28262
26577	10773	28264
26578	10774	28265
26579	10775	28266
26580	10776	28267
26581	10777	28268
26582	10777	28269
26583	10778	28270
26584	10779	28271
26585	10781	28272
26586	10782	28273
26587	10783	28274
26588	10784	28275
26589	10785	28276
26591	597	28278
26595	8292	28282
26596	10786	28283
26597	10786	28284
26598	10786	28285
26600	10787	28287
26601	10774	28288
26602	10774	28289
26603	10774	28290
26604	10774	28291
26605	10774	28292
26606	10774	28293
26607	499	28294
26608	1496	28295
26609	10789	28296
26610	10790	28297
26611	9831	28298
26612	10792	28299
26613	10792	28300
26614	10792	28301
26615	10792	28302
26616	10792	28303
26617	10792	28304
26618	10792	28305
26619	10792	28306
26620	10792	28307
26621	10792	28308
26622	10792	28309
26623	10792	28310
26624	3859	28311
26625	3859	28312
26626	3859	28313
26627	3859	28314
26628	10794	28315
26629	10795	28316
26630	10796	28317
26631	10797	28318
26632	10798	28319
26633	10799	28320
26634	9938	28321
26635	10801	28322
26636	10803	28323
26637	6060	28324
26638	10804	28325
26639	10774	28326
26640	564	28327
26642	564	28329
26643	564	28330
26644	564	28331
26645	564	28332
26647	564	28334
26651	10805	28338
26652	4550	28339
26653	4550	28340
26654	4550	28341
26655	10807	28342
26656	10808	28343
26657	10809	28344
26658	10810	28345
26659	10811	28346
26660	10812	28347
26661	10813	28348
26662	10814	28349
26663	10815	28350
26664	10817	28351
26665	10818	28352
26666	10819	28353
26668	10821	28355
26669	10821	28356
26670	10821	28357
26671	10822	28358
26675	10134	28362
26676	10134	28363
26677	10134	28364
26678	10827	28365
26679	10828	28366
26681	10831	28368
26682	10832	28369
26683	10833	28370
26684	3309	28371
26685	3309	28372
26686	10834	28373
26687	10835	28374
26688	10836	28375
26689	10837	28376
26690	10837	28377
26691	10837	28378
26692	10838	28379
26693	10839	28380
26694	10840	28381
26698	12806	28385
26700	12805	28387
26702	10841	28389
26703	10842	28390
26704	10843	28391
26705	10844	28392
26706	10845	28393
26707	10846	28394
26708	10847	28395
26709	10848	28396
26710	10849	28397
26711	10850	28398
26712	10851	28399
26713	10852	28400
26714	10511	28401
26716	10854	28403
26717	845	28404
26718	10856	28405
26719	10858	28406
26720	10859	28407
26721	10861	28408
26725	13754	28412
26726	3157	28413
26727	10863	28414
26728	10097	28415
26729	10097	28416
26730	10097	28417
26731	10097	28418
26732	10097	28419
26733	10864	28420
26734	10865	28421
26735	1840	28422
26736	10538	28423
26737	480	28424
26738	1840	28425
26739	10867	28426
26741	10868	28428
26742	10869	28429
26743	10870	28430
26744	10538	28431
26745	10538	28432
26746	10538	28433
26747	10538	28434
26748	10538	28435
26750	1840	28437
26751	1840	28438
26752	1840	28439
26753	10871	28440
26754	1840	28441
26755	1840	28442
26756	10872	28443
26757	10873	28444
26758	10874	28445
26759	10875	28446
26760	10876	28447
26761	10877	28448
26762	10878	28449
26764	10879	28451
26765	7886	28452
26766	10879	28453
26767	1768	28454
26768	1768	28455
26769	1768	28456
26770	10880	28457
26776	5083	28463
26777	10884	28464
26778	10885	28465
26779	10886	28466
26780	10887	28467
26781	10888	28468
26782	10889	28469
26791	10891	28478
26799	10893	28486
26800	10894	28487
26801	10895	28488
26802	10896	28489
26803	485	28490
26804	10897	28491
26805	10898	28492
26806	10899	28493
26807	10900	28494
26809	2678	28496
26810	2678	28497
26811	12805	28498
26813	2678	28500
26814	2678	28501
26815	2678	28502
26816	2678	28503
26819	12805	28506
26820	2678	28507
26821	2678	28508
26822	2678	28509
26823	2678	28510
26824	12806	28511
26827	10901	28514
26828	10902	28515
26829	10904	28516
26830	10903	28517
26831	10906	28518
26832	10907	28519
26833	10908	28520
26834	566	28521
26835	566	28522
26838	3395	28525
26840	10019	28527
26841	3122	28528
26842	10019	28529
26843	3122	28530
26844	10019	28531
26845	3122	28532
26846	10019	28533
26847	3122	28534
26848	10019	28535
26849	3122	28536
26850	10019	28537
26851	3122	28538
26852	10019	28539
26853	3122	28540
26854	10019	28541
26855	3122	28542
26856	10903	28543
26857	10903	28544
26858	10903	28545
26859	10903	28546
26860	10903	28547
26861	10903	28548
26862	10903	28549
26863	10903	28550
26864	10903	28551
26865	10903	28552
26866	10903	28553
26867	10903	28554
26868	10903	28555
26869	10903	28556
26870	10903	28557
26871	10903	28558
26872	10903	28559
26873	10903	28560
26874	10903	28561
26875	10903	28562
26876	10903	28563
26877	10903	28564
26878	10903	28565
26879	10903	28566
26880	10903	28567
26881	10903	28568
26882	10911	28569
26883	10912	28570
26884	2018	28571
26885	2018	28572
26886	2018	28573
26887	2018	28574
26891	3873	28578
26892	3873	28579
26893	3873	28580
26894	3873	28581
26895	3873	28582
26896	10913	28583
26897	10914	28584
26898	10915	28585
26899	10916	28586
26900	10917	28587
26901	10918	28588
26902	10918	28589
26903	10918	28590
26904	10918	28591
26905	10918	28592
26906	10919	28593
26907	10920	28594
26908	10921	28595
26909	10922	28596
26910	10923	28597
26911	10925	28598
26912	10926	28599
26913	10928	28600
26914	10927	28601
26915	10928	28602
26916	10927	28603
26917	10928	28604
26918	10927	28605
26919	10928	28606
26920	10927	28607
26921	10928	28608
26922	10927	28609
26923	10928	28610
26924	10927	28611
26925	10928	28612
26926	10927	28613
26927	10928	28614
26928	10927	28615
26929	10928	28616
26930	10927	28617
26936	10930	28623
26937	10931	28624
26938	10933	28625
26939	474	28626
26941	10934	28628
26942	10935	28629
26944	10936	28631
26946	10937	28633
26947	10938	28634
26948	10939	28635
26949	4148	28636
26950	4148	28637
26951	4148	28638
26952	4148	28639
26953	10941	28640
26954	10942	28641
26955	4148	28642
26956	4148	28643
26957	4148	28644
26958	4148	28645
26961	10943	28648
26962	565	28649
26963	524	28650
26964	10946	28651
26965	482	28652
26966	10947	28653
26968	10949	28655
26969	10949	28656
26970	10949	28657
26971	10949	28658
26972	10949	28659
26973	10949	28660
26974	10950	28661
26975	10951	28662
26976	10952	28663
26977	10953	28664
26978	10954	28665
26979	10955	28666
26980	10956	28667
26981	10957	28668
26982	10958	28669
26983	10959	28670
26984	10882	28671
26985	10960	28672
26986	10961	28673
26987	5423	28674
26988	10882	28675
26989	10960	28676
26990	10961	28677
26991	5423	28678
26992	10882	28679
26993	10960	28680
26994	10961	28681
26995	5423	28682
26996	10882	28683
26997	10960	28684
26998	10961	28685
26999	5423	28686
27000	10882	28687
27001	10960	28688
27002	10961	28689
27003	5423	28690
27004	10963	28691
27005	2536	28692
27006	2536	28693
27008	10964	28695
27009	10965	28696
27011	10966	28698
27012	10966	28699
27013	10966	28700
27014	10967	28701
27015	10968	28702
27016	10969	28703
27017	9784	28704
27018	9784	28705
27019	811	28706
27020	10970	28707
27021	10971	28708
27022	10973	28709
27031	10976	28718
27032	6480	28719
27033	10975	28720
27034	10975	28721
27035	10975	28722
27036	6480	28723
27037	10975	28724
27038	6480	28725
27039	10975	28726
27040	10977	28727
27041	3888	28728
27045	10978	28732
27046	10979	28733
27047	10980	28734
27048	10565	28735
27049	10565	28736
27050	10565	28737
27051	10981	28738
27052	10981	28739
27053	10982	28740
27054	10982	28741
27055	10983	28742
27057	10985	28744
27058	10986	28745
27059	10987	28746
27060	10988	28747
27061	10989	28748
27063	10991	28750
27064	2123	28751
27065	10992	28752
27066	10993	28753
27067	10994	28754
27068	10995	28755
27069	10996	28756
27070	10997	28757
27071	10998	28758
27072	10999	28759
27074	10981	28761
27075	10982	28762
27076	10981	28763
27077	10982	28764
27078	10981	28765
27079	10982	28766
27080	10981	28767
27081	10982	28768
27082	11000	28769
27084	11001	28771
27086	7577	28773
27087	11002	28774
27088	11004	28775
27089	11005	28776
27090	11006	28777
27091	11007	28778
27092	11008	28779
27093	11009	28780
27094	10619	28781
27095	10619	28782
27096	11010	28783
27097	11012	28784
27100	11016	28787
27101	11016	28788
27102	11018	28789
27103	11019	28790
27104	11020	28791
27105	11021	28792
27106	11022	28793
27107	566	28794
27108	11023	28795
27109	11023	28796
27110	11023	28797
27111	11023	28798
27112	11023	28799
27113	10258	28800
27114	11025	28801
27115	11026	28802
27116	11027	28803
27117	11028	28804
27118	566	28805
27119	566	28806
27120	566	28807
27121	11029	28808
27123	11031	28810
27124	11032	28811
27125	11033	28812
27126	11034	28813
27127	11035	28814
27128	11036	28815
27129	498	28816
27130	11037	28817
27131	485	28818
27132	11038	28819
27133	11039	28820
27134	11040	28821
27135	11041	28822
27136	1496	28823
27137	1496	28824
27138	11042	28825
27139	526	28826
27140	526	28827
27141	524	28828
27142	524	28829
27143	11043	28830
27144	11044	28831
27145	11045	28832
27147	11046	28834
27148	11047	28835
27149	11048	28836
27150	11049	28837
27151	10300	28838
27152	10300	28839
27153	10300	28840
27154	10300	28841
27155	10300	28842
27156	11050	28843
27157	11051	28844
27158	11052	28845
27159	11053	28846
27160	11054	28847
27161	11055	28848
27162	11057	28849
27163	474	28850
27164	11054	28851
27165	11054	28852
27167	11054	28854
27168	11054	28855
27169	11054	28856
27170	11054	28857
27171	11054	28858
27172	11054	28859
27173	11054	28860
27174	11054	28861
27175	11054	28862
27176	11054	28863
27178	11054	28865
27181	11054	28868
27182	11054	28869
27183	11054	28870
27184	11054	28871
27185	11054	28872
27186	11054	28873
27187	11054	28874
27188	11054	28875
27189	11054	28876
27190	11054	28877
27191	11054	28878
27192	11054	28879
27193	11054	28880
27194	11054	28881
27195	11054	28882
27196	11054	28883
27197	11054	28884
27198	11054	28885
27199	11054	28886
27200	11054	28887
27201	11054	28888
27202	11054	28889
27203	11054	28890
27204	11054	28891
27205	11054	28892
27206	11054	28893
27207	11054	28894
27208	11054	28895
27209	11054	28896
27210	11054	28897
27211	11054	28898
27212	11054	28899
27213	11054	28900
27214	11054	28901
27215	11054	28902
27216	11054	28903
27217	11054	28904
27218	11054	28905
27219	11054	28906
27221	11054	28908
27222	11058	28909
27223	11059	28910
27224	11060	28911
27225	11061	28912
27226	10134	28913
27227	10134	28914
27228	10134	28915
27229	11081	28916
27230	11082	28917
27231	11083	28918
27232	11084	28919
27233	11116	28920
27234	11087	28921
27235	11088	28922
27236	11089	28923
27237	11090	28924
27238	1138	28925
27239	5633	28926
27240	11093	28927
27241	11094	28928
27242	13479	28929
27243	11096	28930
27244	11097	28931
27245	11098	28932
27246	11099	28933
27247	11100	28934
27248	11101	28935
27249	2404	28936
27250	11103	28937
27251	11117	28938
27252	11105	28939
27253	11106	28940
27254	11107	28941
27255	11108	28942
27256	12787	28943
27257	11110	28944
27258	11111	28945
27259	11112	28946
27260	11113	28947
27261	11114	28948
27262	11115	28949
27263	11062	28950
27265	11063	28952
27266	11064	28953
27267	5780	28954
27268	11065	28955
27269	11066	28956
27271	11067	28958
27272	1215	28959
27273	1215	28960
27274	1215	28961
27276	11068	28963
27277	11069	28964
27278	11070	28965
27280	460	28967
27281	3814	28968
27282	3814	28969
27283	3814	28970
27284	3814	28971
27285	3888	28972
27286	11071	28973
27287	11072	28974
27288	11072	28975
27289	564	28976
27291	9684	28978
27292	9684	28979
27293	10647	28980
27294	4543	28981
27295	443	28982
27296	498	28983
27297	10648	28984
27298	11074	28985
27299	11075	28986
27300	11076	28987
27301	11077	28988
27302	11079	28989
27303	11080	28990
27304	564	28991
27305	11118	28992
27306	11119	28993
27308	11122	28995
27309	11123	28996
27310	11124	28997
27311	582	28998
27312	5820	28999
27313	5820	29000
27314	5820	29001
27315	5820	29002
27316	5820	29003
27317	5820	29004
27318	5820	29005
27319	5820	29006
27320	5820	29007
27321	5820	29008
27322	5820	29009
27323	5820	29010
27324	5820	29011
27325	5820	29012
27326	5820	29013
27327	5820	29014
27328	5820	29015
27329	5820	29016
27330	5820	29017
27331	5820	29018
27332	5820	29019
27333	5820	29020
27334	5820	29021
27335	5820	29022
27336	5820	29023
27337	5820	29024
27338	5820	29025
27339	5820	29026
27340	5820	29027
27341	5820	29028
27342	5820	29029
27343	514	29030
27344	6148	29031
27345	6148	29032
27346	6148	29033
27347	3888	29034
27348	11125	29035
27349	11126	29036
27350	3714	29037
27351	10400	29038
27352	10400	29039
27353	10400	29040
27354	3360	29041
27355	2488	29042
27356	11127	29043
27357	11128	29044
27358	449	29045
27359	11129	29046
27360	11130	29047
27361	11131	29048
27362	11131	29049
27363	452	29050
27364	452	29051
27366	11132	29053
27367	11133	29054
27368	10164	29055
27369	11134	29056
27370	11137	29057
27371	11137	29058
27372	11137	29059
27373	11137	29060
27374	11137	29061
27375	11137	29062
27376	11137	29063
27378	11137	29065
27379	11137	29066
27380	11137	29067
27381	11137	29068
27382	11137	29069
27383	11137	29070
27384	4516	29071
27385	11138	29072
27386	11139	29073
27387	11140	29074
27388	11141	29075
27389	467	29076
27390	472	29077
27391	11142	29078
27392	11143	29079
27393	11144	29080
27394	526	29081
27395	526	29082
27396	11147	29083
27397	11148	29084
27398	11149	29085
27399	5655	29086
27400	11151	29087
27401	11152	29088
27402	11153	29089
27403	11154	29090
27404	11155	29091
27405	5302	29092
27406	11156	29093
27407	5302	29094
27408	11156	29095
27409	5302	29096
27410	11156	29097
27411	5302	29098
27412	11156	29099
27413	5302	29100
27414	11156	29101
27415	5302	29102
27416	11156	29103
27417	5302	29104
27418	11156	29105
27419	5302	29106
27420	11156	29107
27421	11157	29108
27422	11158	29109
27423	11159	29110
27424	11160	29111
27425	11161	29112
27427	11162	29114
27428	11162	29115
27429	11162	29116
27430	11162	29117
27431	11162	29118
27432	11162	29119
27433	11162	29120
27434	11162	29121
27435	11162	29122
27436	11162	29123
27437	526	29124
27438	473	29125
27440	11163	29127
27441	11163	29128
27442	11163	29129
27443	11163	29130
27444	11163	29131
27445	11163	29132
27446	11163	29133
27447	11163	29134
27448	11163	29135
27449	11163	29136
27450	11163	29137
27451	11164	29138
27452	11165	29139
27453	11166	29140
27454	3350	29141
27455	3350	29142
27456	3350	29143
27457	3350	29144
27458	3350	29145
27459	3350	29146
27460	3350	29147
27461	3350	29148
27462	3350	29149
27463	3350	29150
27464	3350	29151
27465	3350	29152
27466	3350	29153
27467	3350	29154
27468	3350	29155
27469	3350	29156
27470	3350	29157
27471	11167	29158
27472	11168	29159
27473	11169	29160
27474	11170	29161
27475	11171	29162
27476	11171	29163
27477	11171	29164
27478	11171	29165
27479	11171	29166
27480	1068	29167
27481	11172	29168
27482	11174	29169
27483	11175	29170
27485	3888	29172
27486	10887	29173
27487	11178	29174
27489	11180	29176
27490	11181	29177
27491	11182	29178
27492	11183	29179
27493	11185	29180
27494	11186	29181
27495	526	29182
27496	11187	29183
27497	11188	29184
27498	11189	29185
27499	11190	29186
27500	2954	29187
27501	2954	29188
27502	2955	29189
27503	2955	29190
27504	11191	29191
27505	11192	29192
27506	526	29193
27507	11193	29194
27508	11194	29195
27509	11195	29196
27510	11196	29197
27511	11197	29198
27512	11198	29199
27513	11199	29200
27514	11200	29201
27515	11201	29202
27516	11202	29203
27517	11203	29204
27518	11204	29205
27519	11205	29206
27520	11207	29207
27521	11208	29208
27522	11209	29209
27523	5122	29210
27524	11210	29211
27525	11211	29212
27526	11212	29213
27527	11213	29214
27530	1527	29217
27531	1527	29218
27532	11214	29219
27533	11215	29220
27534	11216	29221
27535	11217	29222
27538	514	29225
27539	514	29226
27540	514	29227
27541	514	29228
27542	11221	29229
27543	11222	29230
27544	11223	29231
27545	1811	29232
27546	1811	29233
27547	1811	29234
27548	1811	29235
27549	1811	29236
27550	1811	29237
27551	1811	29238
27552	11224	29239
27553	11225	29240
27554	11226	29241
27555	11227	29242
27556	11228	29243
27557	11229	29244
27558	9898	29245
27559	11230	29246
27560	11231	29247
27562	11232	29249
27563	11233	29250
27564	11234	29251
27565	11236	29252
27566	11237	29253
27567	11238	29254
27568	564	29255
27569	10072	29256
27570	11239	29257
27571	498	29258
27572	11240	29259
27574	5679	29261
27575	5679	29262
27576	5679	29263
27577	11241	29264
27578	11242	29265
27579	4858	29266
27580	11245	29267
27581	463	29268
27582	11246	29269
27583	11247	29270
27584	11248	29271
27585	11249	29272
27586	11251	29273
27587	448	29274
27588	11252	29275
27589	11252	29276
27590	11252	29277
27591	11252	29278
27592	11252	29279
27593	11252	29280
27594	11252	29281
27595	11253	29282
27596	11254	29283
27597	11255	29284
27598	11256	29285
27599	11257	29286
27600	3888	29287
27601	11258	29288
27602	9727	29289
27604	9849	29291
27605	9849	29292
27607	9849	29294
27608	9849	29295
27609	11261	29296
27610	1768	29297
27611	11263	29298
27612	11262	29299
27613	11262	29300
27614	11262	29301
27616	11262	29303
27617	11262	29304
27618	11262	29305
27619	11262	29306
27620	10697	29307
27621	11265	29308
27622	11267	29309
27623	11268	29310
27624	11269	29311
27625	11270	29312
27626	11262	29313
27627	11271	29314
27628	562	29315
27629	4683	29316
27630	11273	29317
27632	11276	29319
27633	11277	29320
27635	11278	29322
27636	11279	29323
27637	597	29324
27638	597	29325
27639	596	29326
27640	11280	29327
27641	11281	29328
27642	11282	29329
27643	11283	29330
27644	11284	29331
27645	11285	29332
27646	11286	29333
27647	11287	29334
27648	11288	29335
27649	11289	29336
27650	11290	29337
27651	11291	29338
27652	11292	29339
27653	11293	29340
27654	11294	29341
27655	11294	29342
27656	11295	29343
27657	11296	29344
27658	10887	29345
27660	11298	29347
27661	11299	29348
27662	11300	29349
27663	11301	29350
27664	582	29351
27665	11302	29352
27666	11303	29353
27667	11304	29354
27668	11305	29355
27670	11306	29357
27671	11306	29358
27672	11307	29359
27673	597	29360
27674	11308	29361
27675	11309	29362
27676	11310	29363
27677	448	29364
27678	3350	29365
27679	3350	29366
27680	3350	29367
27681	3350	29368
27682	3350	29369
27683	3350	29370
27684	11311	29371
27685	11312	29372
27686	11313	29373
27687	11314	29374
27688	11315	29375
27689	11316	29376
27690	11317	29377
27691	6790	29378
27692	3374	29379
27693	11320	29380
27694	11321	29381
27695	11321	29382
27696	11321	29383
27697	11321	29384
27698	11322	29385
27700	11323	29387
27705	11328	29392
27706	11329	29393
27707	11330	29394
27708	11331	29395
27709	11332	29396
27710	11333	29397
27711	11334	29398
27712	11335	29399
27713	11336	29400
27714	11337	29401
27715	11338	29402
27716	11336	29403
27717	11337	29404
27718	11338	29405
27719	11340	29406
27720	596	29407
27721	596	29408
27722	596	29409
27723	596	29410
27724	597	29411
27725	597	29412
27726	598	29413
27727	598	29414
27728	11341	29415
27729	11342	29416
27730	474	29417
27731	11343	29418
27733	11344	29420
27735	11345	29422
27736	11345	29423
27737	11345	29424
27738	11345	29425
27739	11345	29426
27740	11345	29427
27741	11345	29428
27742	11345	29429
27743	11345	29430
27744	11345	29431
27745	11345	29432
27746	11346	29433
27748	452	29435
27749	452	29436
27750	10887	29437
27751	11347	29438
27752	11349	29439
27753	11350	29440
27754	11351	29441
27755	11352	29442
27757	11354	29444
27759	11355	29446
27760	11356	29447
27761	11357	29448
27762	11358	29449
27764	510	29451
27765	510	29452
27767	11361	29454
27768	11362	29455
27769	11363	29456
27770	11364	29457
27771	11949	29458
27772	11365	29459
27774	11367	29461
27775	499	29462
27776	509	29463
27778	11368	29465
27779	11369	29466
27780	10077	29467
27782	11370	29469
27783	11370	29470
27784	11370	29471
27785	11370	29472
27786	11370	29473
27787	11370	29474
27788	11370	29475
27789	11371	29476
27790	11372	29477
27791	11373	29478
27792	11374	29479
27793	444	29480
27794	11375	29481
27795	11376	29482
27796	11377	29483
27797	11377	29484
27798	11377	29485
27799	11377	29486
27800	11377	29487
27801	11377	29488
27802	11378	29489
27803	11379	29490
27804	11380	29491
27805	11314	29492
27813	14109	29500
27814	14109	29501
27815	14109	29502
27816	11385	29503
27817	11386	29504
27818	11387	29505
27820	11389	29507
27821	11390	29508
27822	474	29509
27823	11392	29510
27824	11393	29511
27825	11394	29512
27826	11396	29513
27827	11397	29514
27828	11398	29515
27829	11399	29516
27830	11400	29517
27831	526	29518
27832	526	29519
27833	11401	29520
27834	7392	29521
27835	2353	29522
27836	6021	29523
27837	6391	29524
27838	3374	29525
27839	3374	29526
27840	11402	29527
27841	11403	29528
27842	11404	29529
27844	11405	29531
27845	11406	29532
27846	11407	29533
27847	9811	29534
27848	10883	29535
27849	11411	29536
27850	11412	29537
27851	3927	29538
27852	11413	29539
27853	3629	29540
27854	11414	29541
27855	6560	29542
27856	2583	29543
27857	11415	29544
27858	11416	29545
27859	4271	29546
27860	11417	29547
27861	11418	29548
27862	3060	29549
27864	11420	29551
27865	11422	29552
27866	11422	29553
27867	11424	29554
27868	10862	29555
27869	5454	29556
27870	1768	29557
27871	1768	29558
27872	1768	29559
27873	11425	29560
27874	11426	29561
27875	10702	29562
27876	11427	29563
27877	10792	29564
27878	11428	29565
27880	11429	29567
27881	11431	29568
27882	11431	29569
27883	11431	29570
27884	11431	29571
27885	10672	29572
27886	11432	29573
27888	11434	29575
27889	11435	29576
27890	11436	29577
27891	452	29578
27892	452	29579
27893	11437	29580
27894	11438	29581
27895	11439	29582
27896	11440	29583
27898	11442	29585
27899	1768	29586
27900	11443	29587
27901	5083	29588
27902	4454	29589
27906	11444	29593
27907	11445	29594
27909	11446	29596
27910	11447	29597
27911	11448	29598
27912	11448	29599
27913	11448	29600
27914	11448	29601
27915	11448	29602
27916	11448	29603
27917	11448	29604
27918	11448	29605
27919	11448	29606
27920	11448	29607
27921	11448	29608
27922	11448	29609
27923	11448	29610
27924	11448	29611
27925	11448	29612
27926	11448	29613
27927	11448	29614
27928	11448	29615
27929	11448	29616
27930	11448	29617
27931	11449	29618
27932	474	29619
27933	11450	29620
27934	11452	29621
27935	11453	29622
27936	2236	29623
27937	2236	29624
27938	1768	29625
27939	1768	29626
27940	1768	29627
27941	1768	29628
27942	1768	29629
27943	11454	29630
27944	1768	29631
27947	3888	29634
27948	3888	29635
27949	3888	29636
27950	3888	29637
27951	11455	29638
27952	3343	29639
27953	4550	29640
27954	11456	29641
27955	11457	29642
27956	11458	29643
27958	10077	29645
27959	11461	29646
27960	11462	29647
27961	474	29648
27962	4675	29649
27963	11463	29650
27964	11464	29651
27965	11464	29652
27966	11464	29653
27967	11464	29654
27968	11464	29655
27969	11464	29656
27970	11464	29657
27971	11464	29658
27972	11464	29659
27973	11465	29660
27974	11466	29661
27975	11467	29662
27976	11468	29663
27977	11469	29664
27978	564	29665
27980	564	29667
27981	564	29668
27983	564	29670
27984	564	29671
27986	9928	29673
27987	9928	29674
27988	9928	29675
27989	9928	29676
27990	11344	29677
27991	11344	29678
27992	11344	29679
27993	11470	29680
27994	482	29681
27995	11472	29682
27996	11473	29683
27997	2830	29684
27998	11474	29685
27999	11475	29686
28000	1795	29687
28001	11476	29688
28002	11477	29689
28003	11478	29690
28004	11480	29691
28005	11481	29692
28006	11482	29693
28007	11483	29694
28008	11485	29695
28009	11486	29696
28010	11487	29697
28012	11488	29699
28013	11488	29700
28014	11488	29701
28015	11488	29702
28016	11488	29703
28017	11488	29704
28018	11488	29705
28019	11488	29706
28020	11488	29707
28021	582	29708
28022	11489	29709
28023	11490	29710
28024	11307	29711
28025	11307	29712
28026	11491	29713
28028	11492	29715
28029	11493	29716
28030	11494	29717
28031	11495	29718
28032	7577	29719
28033	7577	29720
28034	7577	29721
28035	7577	29722
28037	11497	29724
28038	11497	29725
28039	11497	29726
28040	11498	29727
28041	11499	29728
28042	11500	29729
28043	11501	29730
28044	11502	29731
28045	11503	29732
28046	11504	29733
28047	11505	29734
28048	11506	29735
28049	11507	29736
28050	11509	29737
28051	11509	29738
28052	11510	29739
28053	11511	29740
28054	11512	29741
28055	11512	29742
28056	11513	29743
28057	11514	29744
28058	11515	29745
28059	11516	29746
28060	446	29747
28061	446	29748
28062	906	29749
28063	906	29750
28064	906	29751
28065	906	29752
28066	906	29753
28067	906	29754
28068	906	29755
28069	906	29756
28070	906	29757
28071	906	29758
28072	906	29759
28073	906	29760
28074	906	29761
28075	906	29762
28076	11518	29763
28077	11519	29764
28078	11520	29765
28080	531	29767
28081	531	29768
28082	531	29769
28083	531	29770
28084	531	29771
28085	531	29772
28086	531	29773
28087	531	29774
28088	531	29775
28089	531	29776
28090	531	29777
28091	11521	29778
28092	11522	29779
28093	11523	29780
28094	11524	29781
28095	11525	29782
28096	11526	29783
28097	11527	29784
28098	11528	29785
28099	11529	29786
28100	11530	29787
28101	11531	29788
28102	11532	29789
28103	11533	29790
28104	11534	29791
28105	4785	29792
28107	4785	29794
28108	11535	29795
28112	11535	29799
28113	11535	29800
28114	11535	29801
28115	11535	29802
28116	4785	29803
28117	4785	29804
28119	4785	29806
28120	4785	29807
28121	4785	29808
28122	4785	29809
28123	11536	29810
28124	11537	29811
28125	11538	29812
28127	11540	29814
28128	11541	29815
28130	11543	29817
28131	11544	29818
28132	11545	29819
28133	11546	29820
28134	11547	29821
28135	7438	29822
28136	11548	29823
28137	5762	29824
28151	11549	29838
28152	11550	29839
28153	11551	29840
28154	11551	29841
28155	11551	29842
28156	11542	29843
28157	11542	29844
28158	11542	29845
28159	11542	29846
28160	6978	29847
28161	6978	29848
28162	11552	29849
28163	11553	29850
28165	11556	29852
28169	11560	29856
28171	11562	29858
28174	11566	29861
28175	10894	29862
28176	10894	29863
28177	10894	29864
28178	10894	29865
28179	10894	29866
28180	11567	29867
28181	11568	29868
28182	9865	29869
28183	11570	29870
28185	11572	29872
28186	11573	29873
28187	11574	29874
28188	11575	29875
28189	11576	29876
28194	4766	29881
28195	2618	29882
28196	2618	29883
28197	2618	29884
28198	2618	29885
28199	2618	29886
28200	2618	29887
28201	2618	29888
28202	2618	29889
28203	11578	29890
28204	11578	29891
28205	11578	29892
28206	11578	29893
28207	11578	29894
28208	11578	29895
28209	11578	29896
28210	11578	29897
28211	11578	29898
28212	11578	29899
28213	11578	29900
28214	11578	29901
28215	11578	29902
28216	11578	29903
28217	11578	29904
28218	11578	29905
28219	11578	29906
28220	11578	29907
28221	11578	29908
28222	11578	29909
28223	11578	29910
28224	11578	29911
28225	11578	29912
28226	11578	29913
28227	11578	29914
28228	11578	29915
28229	11578	29916
28230	11578	29917
28231	11578	29918
28232	11578	29919
28233	11578	29920
28234	11578	29921
28235	11583	29922
28236	11583	29923
28237	11583	29924
28238	11583	29925
28239	11583	29926
28240	11583	29927
28241	11583	29928
28242	11583	29929
28243	11583	29930
28244	11583	29931
28245	11583	29932
28246	11583	29933
28247	11583	29934
28248	11583	29935
28249	11583	29936
28250	11583	29937
28251	11583	29938
28252	11583	29939
28253	11583	29940
28254	11583	29941
28255	11583	29942
28256	11583	29943
28257	11583	29944
28258	11583	29945
28259	11583	29946
28260	11583	29947
28261	11583	29948
28262	11583	29949
28263	11583	29950
28264	11583	29951
28265	11583	29952
28267	11581	29954
28268	11581	29955
28269	11581	29956
28270	11581	29957
28271	11581	29958
28272	11581	29959
28273	11581	29960
28274	11581	29961
28275	11581	29962
28277	11581	29964
28278	11581	29965
28279	11581	29966
28280	11581	29967
28281	11581	29968
28282	11581	29969
28283	11581	29970
28284	11581	29971
28285	11581	29972
28286	11581	29973
28287	11581	29974
28288	11581	29975
28289	11581	29976
28290	11581	29977
28291	11581	29978
28292	11581	29979
28293	11581	29980
28294	11581	29981
28295	11581	29982
28297	11581	29984
28298	11581	29985
28299	11581	29986
28300	11583	29987
28301	11584	29988
28302	590	29989
28303	11585	29990
28305	11586	29992
28306	11587	29993
28307	582	29994
28308	11588	29995
28309	11589	29996
28310	11590	29997
28311	11591	29998
28312	11592	29999
28313	11593	30000
28314	11594	30001
28315	11595	30002
28316	11596	30003
28317	1795	30004
28318	467	30005
28319	11597	30006
28321	5113	30008
28322	5113	30009
28323	5113	30010
28324	469	30011
28325	11599	30012
28326	10693	30013
28328	11600	30015
28329	11601	30016
28330	11601	30017
28331	11601	30018
28332	11601	30019
28333	11601	30020
28338	11602	30025
28339	11603	30026
28340	11604	30027
28341	11605	30028
28342	11606	30029
28343	11607	30030
28344	11608	30031
28345	11609	30032
28346	11611	30033
28347	11612	30034
28348	11613	30035
28349	11614	30036
28350	11615	30037
28351	11616	30038
28352	478	30039
28353	11617	30040
28354	448	30041
28355	11619	30042
28357	11620	30044
28358	11621	30045
28359	473	30046
28360	11622	30047
28361	11623	30048
28362	11624	30049
28363	11624	30050
28364	11624	30051
28365	11624	30052
28366	11624	30053
28367	11624	30054
28368	11624	30055
28369	11624	30056
28370	11624	30057
28371	11624	30058
28372	11625	30059
28373	11626	30060
28374	11627	30061
28375	11628	30062
28376	1989	30063
28377	1989	30064
28378	1989	30065
28379	1989	30066
28380	1989	30067
28381	1989	30068
28382	1989	30069
28383	1989	30070
28384	1989	30071
28385	1989	30072
28386	1989	30073
28387	1989	30074
28388	1989	30075
28391	1989	30078
28392	1989	30079
28393	1989	30080
28394	1989	30081
28395	1989	30082
28396	1989	30083
28397	1989	30084
28398	10805	30085
28399	10805	30086
28400	10805	30087
28401	10805	30088
28402	10805	30089
28403	10805	30090
28404	10805	30091
28405	10805	30092
28406	10805	30093
28407	10805	30094
28408	10805	30095
28409	10805	30096
28410	10805	30097
28411	10805	30098
28412	10805	30099
28413	10805	30100
28414	10805	30101
28415	10805	30102
28416	10805	30103
28417	10805	30104
28418	10805	30105
28419	10805	30106
28420	10805	30107
28421	10805	30108
28422	10805	30109
28423	11629	30110
28424	10805	30111
28425	10805	30112
28426	10805	30113
28427	10805	30114
28428	10805	30115
28429	10805	30116
28430	10805	30117
28431	11630	30118
28432	3814	30119
28433	10821	30120
28434	10821	30121
28435	11631	30122
28436	10805	30123
28437	10805	30124
28438	10805	30125
28439	11632	30126
28440	10805	30127
28441	10805	30128
28442	10805	30129
28443	10805	30130
28444	10805	30131
28445	11633	30132
28446	11633	30133
28447	10134	30134
28448	10134	30135
28449	10134	30136
28450	10134	30137
28451	10134	30138
28452	10134	30139
28453	10134	30140
28454	11634	30141
28455	11635	30142
28456	10134	30143
28457	11636	30144
28459	11637	30146
28460	11637	30147
28461	11637	30148
28462	11638	30149
28463	11639	30150
28464	11640	30151
28465	3235	30152
28466	3235	30153
28467	11641	30154
28468	11642	30155
28469	11287	30156
28470	11287	30157
28471	11643	30158
28472	11644	30159
28473	11645	30160
28474	11646	30161
28475	11647	30162
28477	11649	30164
28478	11314	30165
28479	11650	30166
28480	11650	30167
28481	11650	30168
28482	11650	30169
28483	11650	30170
28484	11650	30171
28485	11650	30172
28486	11650	30173
28487	11650	30174
28488	11651	30175
28489	11652	30176
28490	11652	30177
28491	11652	30178
28492	11652	30179
28493	11652	30180
28494	11652	30181
28495	11652	30182
28496	11652	30183
28497	11653	30184
28498	11654	30185
28499	11655	30186
28500	11656	30187
28501	11657	30188
28502	11658	30189
28503	11659	30190
28504	523	30191
28505	11660	30192
28506	11661	30193
28507	11662	30194
28508	11663	30195
28509	11664	30196
28510	11665	30197
28511	11666	30198
28522	11680	30209
28523	11681	30210
28524	510	30211
28525	11682	30212
28526	11682	30213
28527	11682	30214
28528	11682	30215
28529	11682	30216
28530	11682	30217
28531	11682	30218
28532	11682	30219
28533	11682	30220
28534	6148	30221
28535	6148	30222
28536	6148	30223
28537	6148	30224
28538	6148	30225
28539	6148	30226
28540	6148	30227
28541	11683	30228
28542	449	30229
28543	449	30230
28544	11684	30231
28545	11685	30232
28546	11686	30233
28547	11687	30234
28548	11688	30235
28549	11690	30236
28551	11691	30238
28552	11692	30239
28554	11694	30241
28555	11695	30242
28556	11696	30243
28557	11696	30244
28558	11696	30245
28559	11697	30246
28560	11698	30247
28561	11699	30248
28562	11700	30249
28563	548	30250
28564	548	30251
28565	548	30252
28566	548	30253
28567	548	30254
28568	548	30255
28569	548	30256
28570	548	30257
28571	548	30258
28572	548	30259
28573	548	30260
28574	11701	30261
28575	11701	30262
28576	11701	30263
28577	11697	30264
28578	449	30265
28579	11702	30266
28580	11703	30267
28581	11704	30268
28582	9784	30269
28585	11705	30272
28586	11706	30273
28587	11707	30274
28588	11708	30275
28589	11709	30276
28590	11710	30277
28591	11711	30278
28592	11712	30279
28593	524	30280
28594	526	30281
28596	11713	30283
28597	11713	30284
28598	11713	30285
28599	11713	30286
28600	11713	30287
28601	11713	30288
28602	11713	30289
28603	11714	30290
28604	597	30291
28605	597	30292
28606	11715	30293
28607	2678	30294
28608	11716	30295
28609	4819	30296
28610	11717	30297
28611	2678	30298
28612	2678	30299
28613	2678	30300
28614	11718	30301
28615	11718	30302
28616	11718	30303
28617	11718	30304
28618	11718	30305
28619	11718	30306
28620	11718	30307
28621	11718	30308
28622	11718	30309
28623	11718	30310
28624	11718	30311
28625	11718	30312
28626	11719	30313
28627	11720	30314
28628	11721	30315
28631	11722	30318
28632	11723	30319
28633	11724	30320
28634	11725	30321
28635	11726	30322
28636	11728	30323
28637	564	30324
28638	564	30325
28639	564	30326
28640	564	30327
28641	564	30328
28643	564	30330
28645	11729	30332
28646	564	30333
28647	564	30334
28648	532	30335
28649	11366	30336
28650	11366	30337
28652	11730	30339
28653	11730	30340
28654	11730	30341
28655	11730	30342
28656	11730	30343
28657	11730	30344
28658	11730	30345
28659	11730	30346
28660	11730	30347
28661	11730	30348
28662	11731	30349
28663	11731	30350
28664	11731	30351
28665	11731	30352
28666	11731	30353
28667	11731	30354
28668	11731	30355
28669	11731	30356
28670	11731	30357
28671	11731	30358
28672	11731	30359
28673	11731	30360
28674	11731	30361
28675	11732	30362
28676	11733	30363
28677	11734	30364
28678	564	30365
28679	564	30366
28680	564	30367
28681	564	30368
28682	11735	30369
28683	11736	30370
28684	509	30371
28685	474	30372
28686	11737	30373
28687	474	30374
28688	11740	30375
28689	11741	30376
28690	11743	30377
28691	11744	30378
28692	11745	30379
28693	11746	30380
28694	443	30381
28695	474	30382
28696	11747	30383
28697	495	30384
28698	11748	30385
28699	11749	30386
28700	11750	30387
28701	9950	30388
28702	11751	30389
28703	509	30390
28704	11752	30391
28705	11753	30392
28706	11754	30393
28707	564	30394
28708	7928	30395
28709	11755	30396
28710	11757	30397
28711	11757	30398
28712	11757	30399
28713	11757	30400
28714	11757	30401
28715	11757	30402
28716	11757	30403
28717	11757	30404
28718	11757	30405
28719	11757	30406
28720	11757	30407
28721	11766	30408
28722	11767	30409
28723	11768	30410
28724	11769	30411
28725	11770	30412
28726	10755	30413
28727	11771	30414
28728	11772	30415
28729	11773	30416
28730	11774	30417
28731	11776	30418
28732	11777	30419
28733	11779	30420
28734	11780	30421
28735	11781	30422
28736	11782	30423
28737	564	30424
28738	845	30425
28739	845	30426
28740	11783	30427
28742	11784	30429
28743	11785	30430
28744	11786	30431
28745	11787	30432
28746	11787	30433
28747	11787	30434
28748	11787	30435
28749	11787	30436
28750	11787	30437
28751	11787	30438
28752	11787	30439
28753	11787	30440
28754	11787	30441
28755	11787	30442
28756	11787	30443
28757	11787	30444
28758	11787	30445
28759	11787	30446
28760	11787	30447
28761	11787	30448
28762	11788	30449
28763	11790	30450
28764	11789	30451
28765	564	30452
28766	564	30453
28767	564	30454
28768	564	30455
28769	564	30456
28770	564	30457
28771	564	30458
28772	564	30459
28773	566	30460
28774	566	30461
28775	566	30462
28776	566	30463
28777	11791	30464
28778	566	30465
28779	566	30466
28780	11792	30467
28781	474	30468
28784	11793	30471
28785	11794	30472
28786	11795	30473
28787	11796	30474
28788	591	30475
28789	591	30476
28790	591	30477
28791	4535	30478
28793	11721	30480
28794	11721	30481
28795	11721	30482
28796	591	30483
28797	591	30484
28798	591	30485
28799	11797	30486
28800	11798	30487
28801	11799	30488
28802	11800	30489
28803	11801	30490
28804	11801	30491
28805	11801	30492
28806	11801	30493
28807	11801	30494
28808	11697	30495
28809	11697	30496
28810	11697	30497
28811	11697	30498
28812	11697	30499
28813	11802	30500
28815	3122	30502
28816	2861	30503
28817	2861	30504
28818	2861	30505
28819	2861	30506
28820	2861	30507
28821	2861	30508
28822	2861	30509
28823	11803	30510
28824	11804	30511
28825	452	30512
28826	11805	30513
28827	11806	30514
28828	11807	30515
28829	452	30516
28830	11808	30517
28831	11809	30518
28832	11809	30519
28833	11809	30520
28834	11809	30521
28835	11809	30522
28836	11809	30523
28837	11809	30524
28838	11809	30525
28839	11809	30526
28840	11809	30527
28841	11053	30528
28842	596	30529
28843	11810	30530
28844	11459	30531
28845	11811	30532
28846	11811	30533
28847	11811	30534
28848	11811	30535
28851	596	30538
28852	596	30539
28853	11813	30540
28854	11814	30541
28855	11814	30542
28856	11815	30543
28857	11816	30544
28858	11817	30545
28859	11818	30546
28860	11819	30547
28861	11819	30548
28862	11820	30549
28863	11820	30550
28864	11821	30551
28865	11821	30552
28866	11822	30553
28867	11822	30554
28868	11823	30555
28869	11823	30556
28870	11826	30557
28871	11826	30558
28872	11819	30559
28873	11820	30560
28874	11821	30561
28875	11822	30562
28876	11823	30563
28877	11826	30564
28878	11827	30565
28879	11828	30566
28880	11830	30567
28881	11831	30568
28882	11832	30569
28883	11833	30570
28884	11835	30571
28885	11836	30572
28886	11837	30573
28887	509	30574
28888	509	30575
28889	476	30576
28890	446	30577
28891	11838	30578
28892	11839	30579
28893	11840	30580
28894	11841	30581
28895	3814	30582
28896	3814	30583
28897	10032	30584
28898	10033	30585
28899	10032	30586
28900	10033	30587
28901	10032	30588
28902	10033	30589
28903	10032	30590
28904	10033	30591
28905	10032	30592
28906	10033	30593
28907	10032	30594
28908	10033	30595
28909	11842	30596
28910	11843	30597
28911	11844	30598
28912	11845	30599
28913	11848	30600
28914	11849	30601
28915	11849	30602
28916	11849	30603
28917	11849	30604
28918	11849	30605
28919	11849	30606
28920	11850	30607
28921	11851	30608
28922	11852	30609
28923	11853	30610
28924	11854	30611
28925	11855	30612
28926	11856	30613
28927	11857	30614
28928	3888	30615
28929	11858	30616
28930	11859	30617
28931	11860	30618
28934	11862	30621
28935	11863	30622
28937	463	30624
28938	11865	30625
28939	11868	30626
28940	11869	30627
28941	11870	30628
28942	11697	30629
28943	11697	30630
28944	11697	30631
28945	11697	30632
28946	11697	30633
28947	11697	30634
28948	11871	30635
28949	11872	30636
28950	11873	30637
28951	11873	30638
28952	11873	30639
28953	11873	30640
28954	11874	30641
28955	11875	30642
28956	11876	30643
28957	11876	30644
28958	11876	30645
28959	11877	30646
28960	10400	30647
28961	11878	30648
28962	11879	30649
28963	11880	30650
28964	11881	30651
28965	11882	30652
28966	11883	30653
28967	11884	30654
28968	11885	30655
28969	11697	30656
28970	11697	30657
28971	11697	30658
28972	11886	30659
28973	11886	30660
28974	11886	30661
28975	11886	30662
28976	11886	30663
28977	11887	30664
28978	11887	30665
28979	11887	30666
28980	11887	30667
28981	11887	30668
28982	11887	30669
28983	11887	30670
28984	11887	30671
28985	11887	30672
28986	11887	30673
28988	11887	30675
28989	11887	30676
28990	11887	30677
28991	11887	30678
28992	11887	30679
28993	11887	30680
28994	11887	30681
28995	11887	30682
28996	11887	30683
28997	11887	30684
28998	11887	30685
28999	11887	30686
29000	11887	30687
29001	11887	30688
29002	11887	30689
29003	11887	30690
29004	11887	30691
29005	11887	30692
29006	11887	30693
29007	11887	30694
29008	11887	30695
29009	11887	30696
29010	11887	30697
29011	11887	30698
29012	11887	30699
29013	11887	30700
29014	11887	30701
29015	11887	30702
29016	11887	30703
29017	11887	30704
29018	11889	30705
29019	11890	30706
29020	11891	30707
29021	11893	30708
29022	11894	30709
29023	532	30710
29024	532	30711
29025	532	30712
29026	532	30713
29027	532	30714
29028	3350	30715
29029	3350	30716
29030	4512	30717
29031	4512	30718
29032	4512	30719
29033	4512	30720
29034	4512	30721
29035	4512	30722
29036	11895	30723
29037	10134	30724
29039	2652	30726
29040	11897	30727
29041	2652	30728
29042	2652	30729
29043	2652	30730
29044	2652	30731
29045	5430	30732
29046	11898	30733
29047	11898	30734
29048	11898	30735
29049	11898	30736
29050	11898	30737
29051	11904	30738
29052	11901	30739
29053	2270	30740
29054	2270	30741
29055	2270	30742
29056	2270	30743
29057	2270	30744
29058	2270	30745
29059	11906	30746
29060	11907	30747
29061	11908	30748
29062	11909	30749
29063	11910	30750
29064	568	30751
29065	11911	30752
29066	11912	30753
29067	11913	30754
29068	11914	30755
29069	498	30756
29070	11915	30757
29071	11916	30758
29072	11917	30759
29077	11887	30764
29078	11887	30765
29079	11887	30766
29080	11918	30767
29081	11919	30768
29082	11920	30769
29083	11914	30770
29084	11914	30771
29085	11921	30772
29086	11922	30773
29087	11923	30774
29088	11924	30775
29089	11925	30776
29090	11926	30777
29091	10266	30778
29092	10266	30779
29093	10266	30780
29094	10266	30781
29095	10266	30782
29096	10266	30783
29097	509	30784
29098	11927	30785
29099	11928	30786
29100	11929	30787
29101	11856	30788
29102	11930	30789
29103	1768	30790
29104	1768	30791
29106	1768	30793
29108	1768	30795
29110	7577	30797
29111	7577	30798
29112	7577	30799
29113	7577	30800
29114	11931	30801
29115	5272	30802
29116	5272	30803
29117	5272	30804
29118	5272	30805
29119	5272	30806
29120	5272	30807
29121	5272	30808
29122	5272	30809
29123	5272	30810
29124	5272	30811
29125	5272	30812
29126	474	30813
29128	474	30815
29129	474	30816
29130	11934	30817
29131	11935	30818
29132	542	30819
29133	2048	30820
29134	2048	30821
29135	2048	30822
29136	2048	30823
29137	2048	30824
29138	2048	30825
29139	2048	30826
29140	2048	30827
29141	2048	30828
29142	2048	30829
29143	2048	30830
29144	1540	30831
29145	1540	30832
29146	1540	30833
29147	441	30834
29148	11936	30835
29149	11937	30836
29150	11938	30837
29151	11939	30838
29152	11887	30839
29154	11887	30841
29155	11887	30842
29156	11887	30843
29157	11887	30844
29158	11940	30845
29159	11887	30846
29161	11887	30848
29163	11887	30850
29164	11887	30851
29165	11887	30852
29166	11887	30853
29167	11887	30854
29168	11887	30855
29169	11887	30856
29170	11887	30857
29171	510	30858
29172	564	30859
29173	4549	30860
29174	11887	30861
29175	11887	30862
29176	11887	30863
29177	11887	30864
29178	11887	30865
29179	11887	30866
29180	11887	30867
29181	11887	30868
29182	11887	30869
29183	11887	30870
29184	11887	30871
29185	11887	30872
29186	11887	30873
29187	11887	30874
29188	11887	30875
29189	11887	30876
29190	11887	30877
29191	11887	30878
29192	11941	30879
29193	11942	30880
29194	11943	30881
29195	11944	30882
29196	11945	30883
29197	478	30884
29198	11946	30885
29199	11947	30886
29200	11948	30887
29201	11951	30888
29202	11952	30889
29203	11953	30890
29204	11954	30891
29205	11955	30892
29206	11956	30893
29207	11958	30894
29208	11960	30895
29209	2123	30896
29210	11961	30897
29211	3814	30898
29212	11962	30899
29213	564	30900
29215	2342	30902
29216	2342	30903
29217	2342	30904
29218	2342	30905
29219	2342	30906
29220	2342	30907
29221	2342	30908
29222	2342	30909
29223	2342	30910
29224	2342	30911
29225	2342	30912
29226	2342	30913
29227	2342	30914
29228	2342	30915
29229	11963	30916
29230	11964	30917
29231	11966	30918
29232	11967	30919
29233	11968	30920
29234	11969	30921
29235	11970	30922
29236	11970	30923
29237	11971	30924
29238	11971	30925
29239	11971	30926
29240	11971	30927
29241	11730	30928
29242	11730	30929
29243	11730	30930
29244	11730	30931
29245	11972	30932
29246	11973	30933
29247	11973	30934
29248	11973	30935
29249	11973	30936
29250	11974	30937
29251	11974	30938
29252	11974	30939
29253	11974	30940
29254	11973	30941
29255	11974	30942
29256	11973	30943
29257	11974	30944
29258	11975	30945
29259	11979	30946
29260	11976	30947
29261	11978	30948
29262	11976	30949
29263	11978	30950
29264	11976	30951
29265	11978	30952
29266	11971	30953
29267	11971	30954
29268	11971	30955
29269	11971	30956
29270	11971	30957
29271	11971	30958
29272	11971	30959
29273	11697	30960
29274	11667	30961
29275	11667	30962
29276	11667	30963
29277	11667	30964
29278	11667	30965
29279	11667	30966
29280	11667	30967
29281	11667	30968
29282	11667	30969
29283	11667	30970
29284	11667	30971
29285	11667	30972
29286	11667	30973
29287	11667	30974
29288	11667	30975
29289	11669	30976
29290	11669	30977
29291	11669	30978
29292	11669	30979
29293	11669	30980
29294	11669	30981
29295	11669	30982
29296	11669	30983
29297	11669	30984
29298	11669	30985
29299	11671	30986
29300	11671	30987
29301	11671	30988
29302	11671	30989
29303	11671	30990
29304	11671	30991
29305	11671	30992
29306	11671	30993
29307	11671	30994
29308	11671	30995
29309	11671	30996
29310	11671	30997
29311	11671	30998
29312	11671	30999
29313	11671	31000
29314	11671	31001
29315	11671	31002
29316	11671	31003
29317	11671	31004
29318	11671	31005
29319	11671	31006
29320	11671	31007
29321	11671	31008
29322	11672	31009
29323	11672	31010
29324	11672	31011
29325	11672	31012
29326	11672	31013
29327	11672	31014
29328	11672	31015
29329	11673	31016
29330	11673	31017
29331	11673	31018
29332	11673	31019
29333	11673	31020
29334	11673	31021
29335	11674	31022
29336	11674	31023
29337	11674	31024
29338	11674	31025
29339	11674	31026
29340	11674	31027
29341	11674	31028
29342	11668	31029
29343	11668	31030
29344	11668	31031
29345	11668	31032
29346	11668	31033
29347	11668	31034
29348	11668	31035
29349	11668	31036
29350	11668	31037
29351	11668	31038
29352	11668	31039
29353	11668	31040
29354	11668	31041
29355	11668	31042
29356	11668	31043
29357	11668	31044
29358	11668	31045
29359	11668	31046
29360	11668	31047
29361	11668	31048
29362	11668	31049
29363	11668	31050
29364	11668	31051
29365	11668	31052
29366	11668	31053
29367	11668	31054
29368	11668	31055
29369	11668	31056
29370	11668	31057
29371	11668	31058
29372	11668	31059
29373	11668	31060
29374	11668	31061
29375	11668	31062
29376	11668	31063
29377	11668	31064
29378	11668	31065
29379	11668	31066
29380	11668	31067
29381	11668	31068
29382	11668	31069
29383	11668	31070
29384	11668	31071
29385	11668	31072
29386	11668	31073
29387	11668	31074
29388	11980	31075
29389	11981	31076
29390	448	31077
29391	11982	31078
29392	448	31079
29393	11983	31080
29394	11984	31081
29395	11986	31082
29396	11986	31083
29397	11986	31084
29398	1768	31085
29399	11988	31086
29400	11989	31087
29402	564	31089
29403	564	31090
29404	525	31091
29405	525	31092
29406	525	31093
29407	525	31094
29408	525	31095
29409	11990	31096
29410	449	31097
29411	11991	31098
29412	11535	31099
29413	11535	31100
29414	11535	31101
29415	11535	31102
29416	11992	31103
29417	11993	31104
29418	11994	31105
29419	11995	31106
29420	11996	31107
29421	11997	31108
29422	11998	31109
29423	11999	31110
29424	11999	31111
29425	12000	31112
29426	12001	31113
29427	12002	31114
29428	12003	31115
29429	12004	31116
29430	12005	31117
29431	12006	31118
29432	12007	31119
29433	12007	31120
29434	12008	31121
29435	12009	31122
29436	12010	31123
29437	9831	31124
29438	12011	31125
29439	12012	31126
29440	12013	31127
29441	564	31128
29442	564	31129
29443	12014	31130
29445	12015	31132
29446	12016	31133
29447	12017	31134
29448	12018	31135
29449	12019	31136
29450	12018	31137
29451	12019	31138
29452	12018	31139
29453	12019	31140
29454	12018	31141
29455	12019	31142
29456	12018	31143
29457	12019	31144
29458	12018	31145
29459	12019	31146
29460	12018	31147
29461	12019	31148
29462	12018	31149
29463	12019	31150
29464	12018	31151
29465	12019	31152
29466	12018	31153
29467	12019	31154
29468	12020	31155
29469	12320	31156
29470	12320	31157
29471	12320	31158
29474	12027	31161
29475	12026	31162
29476	12028	31163
29477	12029	31164
29478	12030	31165
29479	11873	31166
29480	12032	31167
29481	10019	31168
29482	10019	31169
29483	10019	31170
29484	10019	31171
29485	3122	31172
29486	3122	31173
29487	3122	31174
29488	3122	31175
29489	12033	31176
29491	5441	31178
29492	12035	31179
29493	12035	31180
29494	12037	31181
29495	12038	31182
29496	12039	31183
29497	12040	31184
29498	12041	31185
29499	12040	31186
29500	12041	31187
29501	12040	31188
29502	12041	31189
29503	12040	31190
29504	12041	31191
29505	12040	31192
29506	12041	31193
29507	12040	31194
29508	12041	31195
29509	12040	31196
29510	12041	31197
29511	12040	31198
29512	12041	31199
29513	12040	31200
29514	12041	31201
29515	12040	31202
29516	12041	31203
29517	12040	31204
29519	12040	31206
29520	12041	31207
29521	12040	31208
29522	12041	31209
29523	12040	31210
29524	12041	31211
29525	12040	31212
29526	12041	31213
29527	12040	31214
29528	12041	31215
29529	12040	31216
29530	12041	31217
29531	12040	31218
29532	12041	31219
29533	12040	31220
29534	12041	31221
29535	584	31222
29536	584	31223
29537	584	31224
29539	526	31226
29540	526	31227
29541	526	31228
29542	526	31229
29543	12042	31230
29544	12043	31231
29545	3814	31232
29546	12044	31233
29547	3814	31234
29548	12045	31235
29549	11149	31236
29550	11149	31237
29551	11149	31238
29552	11149	31239
29553	11149	31240
29554	11149	31241
29555	11149	31242
29556	11149	31243
29557	11149	31244
29558	11149	31245
29559	11149	31246
29560	11149	31247
29561	11149	31248
29562	11149	31249
29563	11149	31250
29564	11149	31251
29565	11149	31252
29566	11149	31253
29567	12046	31254
29568	12046	31255
29569	12046	31256
29570	12046	31257
29571	12046	31258
29572	12046	31259
29573	12046	31260
29574	12046	31261
29575	12046	31262
29576	12046	31263
29577	12046	31264
29578	12046	31265
29579	12046	31266
29580	12046	31267
29581	12046	31268
29582	12048	31269
29583	12048	31270
29584	12048	31271
29585	12048	31272
29586	12048	31273
29587	12048	31274
29588	12048	31275
29589	12048	31276
29590	12048	31277
29591	12048	31278
29592	12048	31279
29593	12048	31280
29594	12048	31281
29595	12048	31282
29596	12048	31283
29597	12048	31284
29598	12048	31285
29599	12048	31286
29600	12048	31287
29601	12048	31288
29602	12048	31289
29603	12048	31290
29604	12048	31291
29605	12048	31292
29606	12048	31293
29607	12047	31294
29608	12047	31295
29609	12047	31296
29610	12047	31297
29611	12047	31298
29612	12047	31299
29613	12047	31300
29614	12047	31301
29615	12047	31302
29616	12047	31303
29617	12047	31304
29618	12047	31305
29619	12047	31306
29620	12047	31307
29621	12047	31308
29622	12047	31309
29623	12047	31310
29624	12047	31311
29625	12047	31312
29626	12047	31313
29627	12047	31314
29628	12047	31315
29629	12047	31316
29630	12047	31317
29631	12047	31318
29632	12047	31319
29633	12047	31320
29634	12047	31321
29635	12047	31322
29636	12047	31323
29637	12047	31324
29638	12047	31325
29639	12047	31326
29640	12047	31327
29641	12047	31328
29642	12047	31329
29643	12047	31330
29644	12047	31331
29645	12047	31332
29646	12047	31333
29647	12047	31334
29648	12047	31335
29649	12047	31336
29650	12047	31337
29651	12047	31338
29652	12047	31339
29653	12047	31340
29654	12047	31341
29656	12049	31343
29657	12049	31344
29658	12049	31345
29659	12049	31346
29660	1055	31347
29661	12052	31348
29662	12053	31349
29663	12054	31350
29664	12055	31351
29665	12056	31352
29666	12056	31353
29667	12056	31354
29668	12056	31355
29669	12057	31356
29670	12058	31357
29671	12059	31358
29672	12060	31359
29673	498	31360
29674	12061	31361
29675	12062	31362
29676	12063	31363
29677	4738	31364
29678	450	31365
29679	450	31366
29680	450	31367
29681	12065	31368
29682	12065	31369
29683	12065	31370
29684	12065	31371
29685	12065	31372
29686	12065	31373
29687	12065	31374
29688	12065	31375
29689	12065	31376
29690	12066	31377
29691	12068	31378
29692	12068	31379
29693	3888	31380
29695	12070	31382
29697	1989	31384
29698	11336	31385
29699	11337	31386
29700	11338	31387
29701	11336	31388
29702	11337	31389
29703	11338	31390
29704	11336	31391
29705	11337	31392
29706	11338	31393
29707	11336	31394
29708	11337	31395
29709	11338	31396
29710	11336	31397
29711	11337	31398
29712	11338	31399
29713	11336	31400
29714	11337	31401
29715	11338	31402
29716	11336	31403
29717	11337	31404
29718	11338	31405
29719	11336	31406
29720	11337	31407
29721	11338	31408
29722	11336	31409
29723	11337	31410
29724	11338	31411
29725	11336	31412
29726	11337	31413
29727	11338	31414
29728	12072	31415
29729	12073	31416
29730	12074	31417
29731	12075	31418
29732	12076	31419
29733	510	31420
29734	12077	31421
29735	12078	31422
29736	12079	31423
29737	12080	31424
29738	12081	31425
29740	12084	31427
29741	12085	31428
29742	10077	31429
29747	12086	31434
29748	9938	31435
29749	9938	31436
29750	12087	31437
29751	12088	31438
29752	12090	31439
29753	510	31440
29754	12091	31441
29756	515	31443
29757	12092	31444
29758	12093	31445
29759	12094	31446
29760	12095	31447
29761	12096	31448
29762	12097	31449
29763	12098	31450
29764	485	31451
29765	485	31452
29766	485	31453
29767	485	31454
29768	485	31455
29769	485	31456
29770	485	31457
29771	485	31458
29772	485	31459
29773	485	31460
29774	485	31461
29775	485	31462
29776	485	31463
29777	485	31464
29778	485	31465
29779	485	31466
29780	485	31467
29781	485	31468
29782	485	31469
29783	485	31470
29784	566	31471
29785	564	31472
29786	564	31473
29787	564	31474
29788	564	31475
29789	12100	31476
29790	12101	31477
29791	12102	31478
29792	4948	31479
29793	12103	31480
29794	12104	31481
29795	12105	31482
29796	12074	31483
29797	12106	31484
29798	12107	31485
29799	12108	31486
29800	12109	31487
29801	12110	31488
29802	509	31489
29803	509	31490
29804	12112	31491
29805	12112	31492
29806	12113	31493
29807	10266	31494
29808	10266	31495
29809	12114	31496
29810	12115	31497
29812	12116	31499
29813	594	31500
29814	12117	31501
29815	12118	31502
29816	12119	31503
29817	3454	31504
29818	12121	31505
29819	12121	31506
29820	11366	31507
29821	11366	31508
29822	12123	31509
29823	12124	31510
29824	12125	31511
29825	12125	31512
29826	12125	31513
29827	12125	31514
29828	12125	31515
29829	12125	31516
29830	12125	31517
29831	12125	31518
29832	12125	31519
29835	12125	31522
29836	12125	31523
29837	12125	31524
29838	12125	31525
29839	12125	31526
29840	12125	31527
29841	12125	31528
29844	12125	31531
29845	12126	31532
29846	12127	31533
29847	452	31534
29848	474	31535
29849	12128	31536
29850	12128	31537
29851	12129	31538
29852	443	31539
29853	12130	31540
29854	12131	31541
29855	12132	31542
29856	12133	31543
29857	1768	31544
29858	3655	31545
29859	12135	31546
29860	12136	31547
29861	12137	31548
29862	12138	31549
29863	12139	31550
29864	460	31551
29865	564	31552
29866	12140	31553
29867	12141	31554
29868	12142	31555
29869	12143	31556
29871	12144	31558
29872	12145	31559
29873	12146	31560
29874	12146	31561
29875	12147	31562
29876	12148	31563
29877	474	31564
29878	12150	31565
29879	12151	31566
29885	12152	31572
29886	12153	31573
29887	4549	31574
29888	1469	31575
29889	1469	31576
29890	1469	31577
29891	12154	31578
29892	12155	31579
29893	6038	31580
29894	474	31581
29895	474	31582
29896	12156	31583
29897	533	31584
29898	12154	31585
29899	12157	31586
29930	603	31617
29931	527	31618
29962	12158	31649
29963	12159	31650
29964	12160	31651
29965	1768	31652
29966	452	31653
29967	12161	31654
29968	12162	31655
29969	12163	31656
29970	12165	31657
29971	12166	31658
29972	12168	31659
29973	12169	31660
29974	12170	31661
29975	12171	31662
29976	12172	31663
29977	12173	31664
29978	531	31665
29979	493	31666
29980	12175	31667
29981	12176	31668
29982	12177	31669
29983	12178	31670
29984	12179	31671
29985	467	31672
29986	467	31673
29987	467	31674
29988	467	31675
29989	12180	31676
29990	12181	31677
29991	12180	31678
29992	12181	31679
29993	12180	31680
29994	12181	31681
29995	12180	31682
29996	12181	31683
29997	12180	31684
29998	12181	31685
29999	12180	31686
30000	12180	31687
30001	12181	31688
30002	12180	31689
30003	12181	31690
30004	12182	31691
30005	12180	31692
30006	877	31693
30007	12183	31694
30008	12185	31695
30017	12186	31704
30018	12187	31705
30019	12187	31706
30020	12187	31707
30021	12188	31708
30022	12188	31709
30023	12188	31710
30024	12189	31711
30025	12189	31712
30026	12189	31713
30027	12190	31714
30028	12190	31715
30029	12190	31716
30030	12187	31717
30031	12187	31718
30032	12187	31719
30033	12187	31720
30034	12187	31721
30035	12188	31722
30036	12188	31723
30037	12188	31724
30038	12188	31725
30039	12188	31726
30040	12190	31727
30041	12190	31728
30042	12190	31729
30043	12190	31730
30044	12189	31731
30045	12189	31732
30046	12189	31733
30047	12189	31734
30048	12191	31735
30049	12192	31736
30050	12193	31737
30051	12192	31738
30052	12193	31739
30053	12192	31740
30054	12193	31741
30055	12192	31742
30056	12193	31743
30057	12192	31744
30058	12193	31745
30059	12192	31746
30060	12193	31747
30061	12192	31748
30062	12193	31749
30063	12196	31750
30064	12195	31751
30065	527	31752
30066	12157	31753
30067	11424	31754
30068	12196	31755
30069	12195	31756
30070	527	31757
30071	12157	31758
30072	11424	31759
30073	12196	31760
30074	12195	31761
30075	527	31762
30076	12157	31763
30077	12196	31764
30078	11424	31765
30079	12195	31766
30080	527	31767
30081	12157	31768
30082	12196	31769
30083	11424	31770
30084	12195	31771
30085	564	31772
30086	564	31773
30087	564	31774
30088	12197	31775
30089	12198	31776
30090	10393	31777
30091	12199	31778
30092	12200	31779
30093	12200	31780
30094	12200	31781
30095	12200	31782
30096	12200	31783
30097	12201	31784
30098	12204	31785
30099	12204	31786
30100	12204	31787
30101	12204	31788
30102	12204	31789
30103	12204	31790
30104	12204	31791
30105	12204	31792
30106	12204	31793
30107	12204	31794
30108	12204	31795
30109	12204	31796
30110	12204	31797
30111	12204	31798
30112	12203	31799
30113	12203	31800
30114	12203	31801
30115	12203	31802
30116	12203	31803
30117	12203	31804
30118	12203	31805
30119	12203	31806
30120	12203	31807
30121	12203	31808
30122	12203	31809
30123	12203	31810
30124	12203	31811
30125	12203	31812
30126	11973	31813
30127	11973	31814
30128	11973	31815
30129	11973	31816
30130	11973	31817
30131	11973	31818
30132	11973	31819
30133	11973	31820
30134	11974	31821
30135	11974	31822
30136	11974	31823
30137	11974	31824
30138	11974	31825
30139	11974	31826
30140	11974	31827
30141	11974	31828
30142	603	31829
30144	603	31831
30145	473	31832
30146	603	31833
30147	12205	31834
30148	12206	31835
30149	603	31836
30150	12207	31837
30151	12208	31838
30152	12209	31839
30153	12210	31840
30154	12211	31841
30155	12211	31842
30156	12211	31843
30157	12211	31844
30159	12214	31846
30160	12215	31847
30161	12216	31848
30162	5422	31849
30163	5422	31850
30164	5422	31851
30165	3430	31852
30166	12217	31853
30167	12218	31854
30168	12219	31855
30169	12220	31856
30171	12221	31858
30172	12222	31859
30173	12223	31860
30174	12224	31861
30175	12225	31862
30176	12226	31863
30177	603	31864
30178	603	31865
30179	603	31866
30181	603	31868
30182	591	31869
30183	12227	31870
30184	12228	31871
30185	12229	31872
30186	12230	31873
30188	12232	31875
30189	12233	31876
30190	12234	31877
30191	12232	31878
30192	12233	31879
30193	12234	31880
30194	12232	31881
30195	12233	31882
30196	12234	31883
30197	4096	31884
30198	4096	31885
30199	4096	31886
30200	4096	31887
30201	4096	31888
30202	4096	31889
30203	10928	31890
30204	10927	31891
30205	5555	31892
30206	10928	31893
30207	10927	31894
30208	590	31895
30209	590	31896
30210	590	31897
30212	566	31899
30215	590	31902
30216	12235	31903
30217	590	31904
30218	590	31905
30219	590	31906
30220	904	31907
30221	904	31908
30222	904	31909
30223	904	31910
30224	904	31911
30225	904	31912
30226	566	31913
30227	12237	31914
30228	12238	31915
30229	12238	31916
30230	12238	31917
30231	12239	31918
30232	12240	31919
30233	12241	31920
30234	566	31921
30235	566	31922
30236	12242	31923
30237	12243	31924
30238	12244	31925
30239	12245	31926
30240	11721	31927
30241	11721	31928
30242	11721	31929
30243	11721	31930
30244	11721	31931
30245	11721	31932
30246	11721	31933
30247	11721	31934
30249	11721	31936
30250	11721	31937
30251	11721	31938
30252	12246	31939
30253	12247	31940
30254	12248	31941
30255	12252	31942
30256	12253	31943
30257	12254	31944
30258	12254	31945
30259	12254	31946
30260	12254	31947
30261	12254	31948
30262	12254	31949
30263	12254	31950
30264	12254	31951
30265	12254	31952
30266	12254	31953
30267	12255	31954
30268	12256	31955
30269	12257	31956
30270	12258	31957
30271	12259	31958
30272	12260	31959
30273	12261	31960
30274	12261	31961
30275	12261	31962
30276	12261	31963
30277	12261	31964
30278	12261	31965
30279	12261	31966
30280	12261	31967
30281	12261	31968
30282	12261	31969
30283	12261	31970
30284	12262	31971
30285	12263	31972
30286	12267	31973
30287	12266	31974
30288	12268	31975
30289	539	31976
30290	12269	31977
30291	12270	31978
30292	12269	31979
30293	12270	31980
30294	12269	31981
30295	12270	31982
30296	12269	31983
30297	12270	31984
30298	12269	31985
30299	12270	31986
30300	12269	31987
30301	12270	31988
30302	12269	31989
30303	12270	31990
30304	12269	31991
30305	12270	31992
30306	12269	31993
30307	12270	31994
30308	12269	31995
30309	12270	31996
30310	12269	31997
30311	12270	31998
30312	12269	31999
30313	12270	32000
30314	12271	32001
30315	12271	32002
30316	12271	32003
30317	11662	32004
30318	564	32005
30319	12273	32006
30320	12274	32007
30321	12277	32008
30322	12279	32009
30323	12807	32010
30324	12280	32011
30325	12281	32012
30326	12282	32013
30327	12284	32014
30328	10669	32015
30329	12285	32016
30330	12286	32017
30331	12287	32018
30333	2536	32020
30334	2536	32021
30335	2536	32022
30336	2536	32023
30337	2536	32024
30338	12288	32025
30339	12289	32026
30340	12289	32027
30342	12290	32029
30343	12291	32030
30344	12292	32031
30345	12293	32032
30346	12294	32033
30347	12295	32034
30348	12296	32035
30349	468	32036
30350	12297	32037
30351	12298	32038
30352	12299	32039
30353	12300	32040
30354	12302	32041
30355	12303	32042
30356	472	32043
30359	472	32046
30361	12304	32048
30362	474	32049
30365	12307	32052
30366	12306	32053
30367	12305	32054
30368	12308	32055
30369	12309	32056
30370	12310	32057
30371	12310	32058
30372	12310	32059
30373	11909	32060
30374	11909	32061
30375	11909	32062
30376	11909	32063
30377	11909	32064
30378	11909	32065
30379	11909	32066
30380	12311	32067
30381	12312	32068
30382	12313	32069
30384	12314	32071
30385	12315	32072
30388	11307	32075
30389	12316	32076
30390	12317	32077
30391	12318	32078
30392	474	32079
30393	12321	32080
30394	12322	32081
30395	440	32082
30396	12324	32083
30397	12325	32084
30398	12231	32085
30399	12326	32086
30400	11671	32087
30401	11671	32088
30402	11671	32089
30403	11671	32090
30404	11671	32091
30405	11671	32092
30406	11667	32093
30407	11667	32094
30408	11667	32095
30409	11668	32096
30410	11668	32097
30411	11668	32098
30412	11668	32099
30413	11668	32100
30414	11668	32101
30415	11668	32102
30416	11668	32103
30417	11668	32104
30418	11668	32105
30419	11668	32106
30420	11668	32107
30421	11672	32108
30422	12327	32109
30423	12327	32110
30424	12327	32111
30425	12327	32112
30426	12327	32113
30427	12327	32114
30428	12327	32115
30429	12327	32116
30430	12327	32117
30431	11149	32118
30432	11149	32119
30433	11149	32120
30434	12046	32121
30435	12047	32122
30436	12047	32123
30437	474	32124
30438	12047	32125
30439	12047	32126
30440	564	32127
30441	12329	32128
30442	564	32129
30443	12330	32130
30444	12331	32131
30445	12332	32132
30446	12333	32133
30447	12334	32134
30448	12334	32135
30449	12335	32136
30450	7204	32137
30451	7204	32138
30452	7204	32139
30453	7204	32140
30454	7204	32141
30455	7204	32142
30456	7204	32143
30457	7204	32144
30458	7204	32145
30459	7204	32146
30460	7204	32147
30461	7204	32148
30462	7204	32149
30463	7204	32150
30464	7205	32151
30465	7205	32152
30466	7205	32153
30468	7205	32155
30469	7205	32156
30470	7205	32157
30471	7205	32158
30472	7205	32159
30473	7205	32160
30474	7205	32161
30475	7205	32162
30476	7205	32163
30477	7205	32164
30478	7206	32165
30479	7206	32166
30480	7206	32167
30481	7206	32168
30482	7206	32169
30483	7206	32170
30484	7206	32171
30485	7206	32172
30486	7206	32173
30487	7206	32174
30488	7206	32175
30489	7206	32176
30490	7206	32177
30491	7206	32178
30492	12337	32179
30493	12337	32180
30494	12337	32181
30495	12337	32182
30496	12337	32183
30497	12337	32184
30498	12337	32185
30499	12337	32186
30500	12337	32187
30501	12337	32188
30502	12337	32189
30504	12337	32191
30505	12337	32192
30506	12338	32193
30507	12338	32194
30508	12338	32195
30509	12338	32196
30510	12338	32197
30511	12338	32198
30512	12338	32199
30513	12338	32200
30514	12338	32201
30515	12338	32202
30516	12338	32203
30517	12338	32204
30518	12338	32205
30519	12338	32206
30520	12339	32207
30521	12340	32208
30522	12341	32209
30523	531	32210
30524	531	32211
30525	564	32212
30526	564	32213
30527	564	32214
30528	564	32215
30529	564	32216
30530	564	32217
30531	564	32218
30532	564	32219
30533	564	32220
30534	564	32221
30535	564	32222
30536	564	32223
30537	564	32224
30538	564	32225
30540	12343	32227
30541	12344	32228
30542	12345	32229
30543	12346	32230
30545	12348	32232
30546	12349	32233
30547	12350	32234
30548	12351	32235
30549	564	32236
30550	564	32237
30551	564	32238
30552	564	32239
30553	564	32240
30554	564	32241
30555	564	32242
30556	564	32243
30557	564	32244
30558	564	32245
30559	12352	32246
30560	12354	32247
30561	12355	32248
30562	566	32249
30563	566	32250
30564	12356	32251
30565	566	32252
30566	566	32253
30567	12357	32254
30568	12358	32255
30569	12359	32256
30570	12360	32257
30571	526	32258
30572	524	32259
30573	524	32260
30574	10821	32261
30575	12361	32262
30576	12362	32263
30577	12363	32264
30578	12363	32265
30581	12365	32268
30582	12366	32269
30583	454	32270
30584	454	32271
30585	2236	32272
30586	12368	32273
30587	12369	32274
30588	12370	32275
30589	12372	32276
30590	12373	32277
30591	12374	32278
30592	1336	32279
30593	1336	32280
30594	1691	32281
30595	12375	32282
30596	12376	32283
30597	495	32284
30598	495	32285
30599	495	32286
30600	12377	32287
30601	3888	32288
30602	12378	32289
30605	12379	32292
30606	3888	32293
30607	12380	32294
30608	5817	32295
30609	922	32296
30610	922	32297
30611	922	32298
30612	9898	32299
30613	12383	32300
30614	12384	32301
30615	3309	32302
30616	12385	32303
30617	448	32304
30618	12386	32305
30619	12387	32306
30620	11324	32307
30621	12388	32308
30622	12389	32309
30623	10304	32310
30624	10304	32311
30625	10304	32312
30626	7581	32313
30627	12391	32314
30628	12391	32315
30629	12391	32316
30630	2866	32317
30631	9865	32318
30632	12392	32319
30633	12392	32320
30634	12392	32321
30635	12392	32322
30636	12392	32323
30637	12392	32324
30638	12392	32325
30639	12392	32326
30640	452	32327
30641	452	32328
30642	445	32329
30643	12393	32330
30644	12394	32331
30645	12395	32332
30646	12396	32333
30647	12397	32334
30648	12398	32335
30649	12399	32336
30650	12399	32337
30652	12399	32339
30653	12399	32340
30654	12399	32341
30655	12400	32342
30656	12401	32343
30657	12402	32344
30658	12403	32345
30659	12404	32346
30660	9768	32347
30661	498	32348
30662	12406	32349
30663	12407	32350
30664	12408	32351
30666	12411	32353
30667	12412	32354
30668	12413	32355
30669	2954	32356
30670	2954	32357
30671	2954	32358
30672	2954	32359
30673	12414	32360
30674	12413	32361
30675	502	32362
30676	12014	32363
30677	12014	32364
30678	12014	32365
30679	12416	32366
30680	12417	32367
30681	12419	32368
30682	11053	32369
30683	545	32370
30684	545	32371
30685	12421	32372
30686	12422	32373
30687	12423	32374
30688	483	32375
30689	12424	32376
30690	483	32377
30691	483	32378
30692	12425	32379
30693	12426	32380
30694	12426	32381
30695	12426	32382
30696	12426	32383
30697	12427	32384
30698	12428	32385
30699	495	32386
30700	12429	32387
30701	10224	32388
30702	12430	32389
30703	12431	32390
30704	12432	32391
30705	12433	32392
30706	12434	32393
30707	12434	32394
30708	12434	32395
30709	12435	32396
30710	12437	32397
30711	12438	32398
30712	12440	32399
30713	12441	32400
30714	12442	32401
30715	12443	32402
30716	10949	32403
30717	10949	32404
30718	10949	32405
30719	10949	32406
30720	10949	32407
30721	10949	32408
30722	10949	32409
30723	10949	32410
30724	12444	32411
30725	12446	32412
30726	10684	32413
30727	10684	32414
30728	12447	32415
30729	12448	32416
30730	12211	32417
30731	12211	32418
30732	12211	32419
30733	12211	32420
30734	12211	32421
30735	12211	32422
30736	12211	32423
30737	12211	32424
30738	12211	32425
30739	9921	32426
30740	9921	32427
30741	9921	32428
30742	9921	32429
30743	12450	32430
30744	12451	32431
30745	9849	32432
30746	9849	32433
30747	12452	32434
30748	12453	32435
30749	12454	32436
30750	12455	32437
30751	12456	32438
30752	12456	32439
30753	12456	32440
30754	12456	32441
30755	12456	32442
30756	12456	32443
30757	12456	32444
30758	12456	32445
30759	12457	32446
30760	12458	32447
30761	12459	32448
30762	4643	32449
30763	4643	32450
30764	4643	32451
30765	12413	32452
30766	12413	32453
30767	12460	32454
30768	12461	32455
30769	531	32456
30770	531	32457
30772	531	32459
30773	12462	32460
30774	12463	32461
30775	12463	32462
30776	3395	32463
30777	3395	32464
30779	3395	32466
30780	3395	32467
30781	1297	32468
30782	1297	32469
30783	1297	32470
30784	1297	32471
30785	12667	32472
30786	12667	32473
30787	12464	32474
30788	531	32475
30789	531	32476
30790	1527	32477
30791	509	32478
30793	12465	32480
30794	12466	32481
30795	12468	32482
30796	1991	32483
30797	1991	32484
30798	1991	32485
30799	1991	32486
30800	1991	32487
30801	1991	32488
30802	1991	32489
30803	1991	32490
30804	1991	32491
30805	1991	32492
30806	1991	32493
30807	1991	32494
30808	1991	32495
30810	12767	32497
30811	3350	32498
30812	3350	32499
30813	3350	32500
30814	3350	32501
30815	3350	32502
30816	12767	32503
30817	3350	32504
30818	12768	32505
30819	3350	32506
30820	3350	32507
30821	9679	32508
30822	12470	32509
30823	12470	32510
30824	12470	32511
30825	12470	32512
30826	12470	32513
30827	12470	32514
30828	12470	32515
30829	12470	32516
30830	12470	32517
30831	12470	32518
30832	12470	32519
30833	12470	32520
30834	12470	32521
30835	12470	32522
30836	12470	32523
30837	1576	32524
30838	1576	32525
30839	1576	32526
30840	1576	32527
30841	12465	32528
30842	8549	32529
30843	3814	32530
30844	3814	32531
30845	12473	32532
30846	12474	32533
30847	12475	32534
30848	12476	32535
30849	12476	32536
30850	12476	32537
30851	12476	32538
30852	12476	32539
30853	12477	32540
30854	12477	32541
30855	12477	32542
30856	525	32543
30857	525	32544
30858	12478	32545
30859	12479	32546
30860	525	32547
30861	525	32548
30862	525	32549
30863	525	32550
30864	12481	32551
30865	12482	32552
30866	12482	32553
30867	12482	32554
30868	12482	32555
30869	12482	32556
30870	12482	32557
30871	12482	32558
30872	12482	32559
30873	12482	32560
30874	12482	32561
30875	12482	32562
30876	12482	32563
30877	12482	32564
30878	12482	32565
30879	12482	32566
30880	12482	32567
30881	12482	32568
30882	12482	32569
30883	12482	32570
30884	12482	32571
30885	12482	32572
30886	12482	32573
30887	12482	32574
30888	12482	32575
30889	12482	32576
30890	12482	32577
30891	12484	32578
30892	12485	32579
30893	12484	32580
30894	12485	32581
30895	12486	32582
30896	12487	32583
30897	12488	32584
30898	12489	32585
30899	12490	32586
30900	499	32587
30901	12491	32588
30902	12493	32589
30903	12494	32590
30905	12495	32592
30906	12211	32593
30907	12211	32594
30908	12211	32595
30910	12497	32597
30911	12498	32598
30912	12499	32599
30913	12500	32600
30914	12501	32601
30915	12502	32602
30916	12503	32603
30917	12504	32604
30928	12505	32615
30929	12506	32616
30930	12507	32617
30931	12508	32618
30932	12509	32619
30934	12511	32621
30936	12513	32623
30937	12514	32624
30938	12515	32625
30939	12516	32626
30940	12517	32627
30941	12518	32628
30942	12518	32629
30943	12518	32630
30944	8089	32631
30945	8089	32632
30946	6978	32633
30947	6978	32634
30948	12519	32635
30949	515	32636
30950	12520	32637
30951	12521	32638
30952	596	32639
30953	596	32640
30954	12522	32641
30955	12523	32642
30956	12524	32643
30957	510	32644
30959	12525	32646
30960	531	32647
30961	531	32648
30962	12526	32649
30963	12527	32650
30964	12528	32651
30965	12529	32652
30966	1768	32653
30967	1768	32654
30968	5817	32655
30969	11287	32656
30970	12530	32657
30971	12532	32658
30972	12533	32659
30973	12534	32660
30987	12535	32674
30988	12536	32675
30989	12537	32676
30990	12538	32677
30991	12539	32678
30992	11338	32679
30993	12543	32680
30994	12542	32681
30995	12536	32682
30996	12537	32683
30997	12538	32684
30998	12539	32685
30999	11338	32686
31000	12542	32687
31001	12536	32688
31002	12537	32689
31003	12538	32690
31004	12539	32691
31005	11338	32692
31006	12543	32693
31007	12542	32694
31008	12536	32695
31009	12537	32696
31010	12538	32697
31011	12539	32698
31012	11338	32699
31013	12543	32700
31014	12542	32701
31015	12536	32702
31016	12537	32703
31017	12538	32704
31018	12539	32705
31019	11338	32706
31020	12543	32707
31021	12542	32708
31022	12536	32709
31023	12537	32710
31024	12538	32711
31025	12539	32712
31026	11338	32713
31027	12543	32714
31028	12542	32715
31029	12536	32716
31030	12537	32717
31031	12538	32718
31032	12539	32719
31033	11338	32720
31034	12543	32721
31035	12542	32722
31036	12536	32723
31037	12537	32724
31038	12538	32725
31039	12539	32726
31040	11338	32727
31041	12543	32728
31042	12542	32729
31043	12536	32730
31044	12537	32731
31045	12538	32732
31046	12539	32733
31047	11338	32734
31048	12543	32735
31049	12542	32736
31050	12536	32737
31051	12537	32738
31052	12538	32739
31053	12539	32740
31054	11338	32741
31055	12543	32742
31056	12542	32743
31057	12536	32744
31058	12537	32745
31059	12538	32746
31060	12539	32747
31061	11338	32748
31062	12543	32749
31063	12542	32750
31064	12536	32751
31065	12537	32752
31066	12538	32753
31067	12539	32754
31068	11338	32755
31069	12543	32756
31070	12542	32757
31071	12536	32758
31072	12537	32759
31073	12538	32760
31074	12539	32761
31075	11338	32762
31076	12543	32763
31077	12542	32764
31078	12536	32765
31079	12537	32766
31080	12538	32767
31081	12539	32768
31082	11338	32769
31083	12543	32770
31084	12542	32771
31085	12536	32772
31086	12537	32773
31087	12538	32774
31088	12539	32775
31089	11338	32776
31090	12543	32777
31091	12542	32778
31092	12536	32779
31093	12537	32780
31094	12538	32781
31095	12539	32782
31096	11338	32783
31097	12543	32784
31098	12542	32785
31099	12536	32786
31100	12537	32787
31101	12538	32788
31102	12539	32789
31103	11338	32790
31104	12543	32791
31105	12542	32792
31106	12536	32793
31107	12537	32794
31108	12538	32795
31109	12539	32796
31110	11338	32797
31111	12543	32798
31112	12542	32799
31113	12536	32800
31114	12537	32801
31115	12538	32802
31116	12539	32803
31117	11338	32804
31118	12543	32805
31119	12542	32806
31120	12536	32807
31121	12537	32808
31122	12538	32809
31123	12539	32810
31124	11338	32811
31125	12543	32812
31126	12542	32813
31127	12536	32814
31128	12537	32815
31129	12538	32816
31130	12539	32817
31131	11338	32818
31132	12543	32819
31133	12542	32820
31134	12536	32821
31135	12537	32822
31136	12538	32823
31137	12539	32824
31138	11338	32825
31139	12543	32826
31140	12542	32827
31141	12536	32828
31142	12537	32829
31143	12538	32830
31144	12539	32831
31145	11338	32832
31146	12543	32833
31147	12542	32834
31148	12544	32835
31149	12543	32836
31150	12545	32837
31151	12546	32838
31152	12547	32839
31153	12548	32840
31154	12549	32841
31155	12550	32842
31156	12550	32843
31157	12550	32844
31158	12550	32845
31159	12551	32846
31160	12552	32847
31161	12552	32848
31162	12552	32849
31163	12552	32850
31164	12552	32851
31165	12552	32852
31166	12552	32853
31167	12552	32854
31168	12552	32855
31169	12552	32856
31170	12552	32857
31171	12552	32858
31172	12552	32859
31173	12553	32860
31174	12554	32861
31175	12559	32862
31176	12555	32863
31177	12558	32864
31178	12554	32865
31179	12559	32866
31180	12555	32867
31181	12558	32868
31182	12554	32869
31183	12559	32870
31184	12555	32871
31185	12558	32872
31186	12554	32873
31187	12559	32874
31188	12555	32875
31190	12554	32877
31191	12559	32878
31192	12555	32879
31193	12558	32880
31194	12554	32881
31195	12559	32882
31196	12555	32883
31197	12558	32884
31198	12554	32885
31199	12559	32886
31200	12555	32887
31201	12558	32888
31202	12554	32889
31203	12559	32890
31204	12555	32891
31205	12558	32892
31206	12554	32893
31207	12559	32894
31208	12555	32895
31209	12558	32896
31210	12554	32897
31211	12559	32898
31212	12555	32899
31213	12558	32900
31214	12554	32901
31215	12559	32902
31216	12555	32903
31217	12558	32904
31218	12554	32905
31219	12559	32906
31220	12555	32907
31221	12558	32908
31222	12554	32909
31223	12559	32910
31224	12555	32911
31225	12558	32912
31226	12554	32913
31227	12559	32914
31228	12555	32915
31229	12558	32916
31230	12554	32917
31231	12559	32918
31232	12555	32919
31233	12558	32920
31234	12554	32921
31235	12559	32922
31236	12555	32923
31237	12558	32924
31238	12554	32925
31239	12559	32926
31240	12555	32927
31241	12558	32928
31242	12554	32929
31243	12559	32930
31244	12555	32931
31245	12558	32932
31246	12554	32933
31247	12559	32934
31248	12555	32935
31249	12558	32936
31250	12554	32937
31251	12559	32938
31252	12555	32939
31253	12558	32940
31254	12554	32941
31255	12559	32942
31256	12555	32943
31257	12558	32944
31258	12554	32945
31259	12559	32946
31260	12555	32947
31261	12558	32948
31262	12554	32949
31263	12559	32950
31264	12555	32951
31265	12558	32952
31266	12554	32953
31267	12559	32954
31268	12555	32955
31269	12558	32956
31270	12554	32957
31271	12559	32958
31272	12555	32959
31273	12558	32960
31274	12554	32961
31275	12559	32962
31276	12555	32963
31277	12558	32964
31278	12554	32965
31279	12559	32966
31280	12555	32967
31281	12558	32968
31282	12554	32969
31283	12559	32970
31284	12555	32971
31285	12558	32972
31286	12554	32973
31287	12559	32974
31288	12555	32975
31289	12558	32976
31290	12554	32977
31291	12559	32978
31292	12555	32979
31293	12558	32980
31294	12555	32981
31295	12554	32982
31296	12559	32983
31297	12558	32984
31298	12554	32985
31299	12559	32986
31300	12555	32987
31301	12558	32988
31302	12560	32989
31303	12561	32990
31304	12564	32991
31305	12566	32992
31306	12567	32993
31307	12568	32994
31308	12569	32995
31309	12570	32996
31310	12571	32997
31311	12573	32998
31312	12574	32999
31313	12575	33000
31314	12576	33001
31315	12577	33002
31316	12578	33003
31317	12579	33004
31318	12580	33005
31319	12581	33006
31320	12582	33007
31321	12583	33008
31322	12584	33009
31323	12337	33010
31324	2636	33011
31325	12338	33012
31326	12588	33013
31327	12589	33014
31328	12584	33015
31329	12588	33016
31330	12589	33017
31331	12337	33018
31332	12338	33019
31334	12584	33021
31335	12588	33022
31336	12589	33023
31337	12337	33024
31338	2636	33025
31339	12338	33026
31340	12584	33027
31341	12588	33028
31342	12589	33029
31343	12337	33030
31344	2636	33031
31345	12338	33032
31346	12584	33033
31347	12588	33034
31348	12589	33035
31349	12337	33036
31350	2636	33037
31351	12338	33038
31352	12584	33039
31353	12588	33040
31354	12589	33041
31355	12337	33042
31356	2636	33043
31357	12338	33044
31358	12594	33045
31359	12595	33046
31360	12596	33047
31361	12597	33048
31362	12594	33049
31363	12595	33050
31364	12596	33051
31365	12597	33052
31366	12594	33053
31367	12595	33054
31368	12596	33055
31369	12597	33056
31370	12594	33057
31371	12595	33058
31372	12596	33059
31373	12597	33060
31374	12594	33061
31375	12595	33062
31376	12596	33063
31377	12597	33064
31378	12594	33065
31379	12595	33066
31380	12596	33067
31381	12597	33068
31382	12594	33069
31383	12595	33070
31384	12596	33071
31385	12597	33072
31386	12594	33073
31387	12595	33074
31388	12596	33075
31389	12597	33076
31390	12594	33077
31391	12595	33078
31392	12596	33079
31393	12597	33080
31394	12594	33081
31395	12595	33082
31396	12596	33083
31397	12597	33084
31398	12598	33085
31399	12599	33086
31400	12599	33087
31401	12599	33088
31402	12599	33089
31403	12599	33090
31404	12599	33091
31405	12599	33092
31406	12599	33093
31407	12599	33094
31408	12599	33095
31409	12600	33096
31410	12601	33097
31411	12602	33098
31412	449	33099
31413	450	33100
31414	12310	33101
31415	12603	33102
31416	12604	33103
31417	12605	33104
31418	12572	33105
31419	12572	33106
31420	12572	33107
31421	12572	33108
31422	12572	33109
31423	12572	33110
31424	12572	33111
31425	12572	33112
31426	12606	33113
31427	12607	33114
31428	12608	33115
31429	12609	33116
31430	12610	33117
31431	12611	33118
31432	12612	33119
31433	12613	33120
31434	12615	33121
31435	12616	33122
31436	12399	33123
31437	12399	33124
31438	11873	33125
31439	12619	33126
31440	12623	33127
31441	12621	33128
31442	12624	33129
31443	12625	33130
31444	1991	33131
31445	1991	33132
31446	1991	33133
31447	12626	33134
31448	441	33135
31450	12628	33137
31451	12629	33138
31452	12628	33139
31453	12629	33140
31454	12630	33141
31455	12211	33142
31456	12627	33143
31457	12632	33144
31458	12633	33145
31459	12634	33146
31460	12635	33147
31461	12632	33148
31462	12633	33149
31463	12634	33150
31464	12635	33151
31465	12632	33152
31466	12634	33153
31467	12633	33154
31468	12635	33155
31469	12636	33156
31470	12636	33157
31471	531	33158
31472	12637	33159
31473	12637	33160
31474	12637	33161
31475	12638	33162
31476	12639	33163
31477	12640	33164
31478	12641	33165
31479	12642	33166
31480	12642	33167
31481	12642	33168
31482	12642	33169
31483	12643	33170
31484	509	33171
31485	3382	33172
31486	12644	33173
31487	474	33174
31488	12645	33175
31489	12646	33176
31491	3888	33178
31493	6480	33180
31494	10975	33181
31495	12647	33182
31497	531	33184
31498	12649	33185
31499	12649	33186
31500	12651	33187
31502	12652	33189
31503	12653	33190
31504	12654	33191
31505	3612	33192
31507	6218	33194
31508	6218	33195
31509	6218	33196
31510	12655	33197
31511	6218	33198
31512	6218	33199
31513	6218	33200
31514	6218	33201
31515	6218	33202
31516	12656	33203
31517	12658	33204
31518	12659	33205
31519	12660	33206
31520	12661	33207
31521	12663	33208
31522	12664	33209
31523	12665	33210
31524	12144	33211
31525	12144	33212
31526	12666	33213
31527	12668	33214
31528	12669	33215
31529	12670	33216
31530	12144	33217
31531	12144	33218
31532	12671	33219
31533	12672	33220
31534	12673	33221
31535	12674	33222
31536	12675	33223
31537	12677	33224
31538	2536	33225
31539	2536	33226
31540	12679	33227
31541	12679	33228
31542	12679	33229
31544	11787	33231
31545	11787	33232
31546	11787	33233
31547	11787	33234
31548	11787	33235
31549	11787	33236
31550	11787	33237
31551	12680	33238
31554	564	33241
31555	564	33242
31556	564	33243
31558	12683	33245
31559	12683	33246
31560	12684	33247
31561	12685	33248
31562	574	33249
31563	574	33250
31564	12686	33251
31565	12687	33252
31566	12687	33253
31567	12687	33254
31568	12688	33255
31569	12689	33256
31570	474	33257
31571	474	33258
31572	474	33259
31573	12667	33260
31574	12690	33261
31575	12691	33262
31576	12692	33263
31577	440	33264
31578	12694	33265
31579	12695	33266
31580	12696	33267
31581	12697	33268
31582	12698	33269
31583	12699	33270
31584	466	33271
31585	12700	33272
31586	12701	33273
31587	12702	33274
31588	12703	33275
31589	10823	33276
31590	10823	33277
31591	12704	33278
31592	474	33279
31594	474	33281
31595	474	33282
31598	474	33285
31599	474	33286
31600	474	33287
31601	474	33288
31602	474	33289
31603	474	33290
31604	474	33291
31605	474	33292
31606	474	33293
31607	474	33294
31608	509	33295
31618	12705	33305
31623	474	33310
31632	474	33319
31639	12706	33326
31640	12707	33327
31641	12708	33328
31642	12709	33329
31643	12710	33330
31644	12711	33331
31645	10805	33332
31646	12712	33333
31647	12712	33334
31648	12712	33335
31649	12712	33336
31650	12712	33337
31651	12712	33338
31652	12712	33339
31653	12712	33340
31654	12713	33341
31655	12714	33342
31656	12715	33343
31657	12716	33344
31658	12713	33345
31659	12714	33346
31660	12715	33347
31661	12716	33348
31662	12713	33349
31663	12714	33350
31664	12715	33351
31665	12716	33352
31666	12713	33353
31667	12714	33354
31668	12715	33355
31669	12716	33356
31670	12713	33357
31671	12714	33358
31672	12715	33359
31673	12716	33360
31674	12713	33361
31675	12714	33362
31676	12715	33363
31677	12716	33364
31678	12713	33365
31679	12714	33366
31680	12715	33367
31681	12716	33368
31682	12713	33369
31683	12714	33370
31684	12715	33371
31685	12716	33372
31686	12713	33373
31687	12714	33374
31688	12715	33375
31689	12716	33376
31690	12713	33377
31691	12714	33378
31692	12715	33379
31693	12716	33380
31694	12713	33381
31695	12714	33382
31696	12715	33383
31697	12716	33384
31698	12713	33385
31699	12714	33386
31700	12715	33387
31701	12716	33388
31702	12713	33389
31703	12714	33390
31704	12715	33391
31705	12716	33392
31706	12713	33393
31707	12714	33394
31708	12715	33395
31709	12716	33396
31710	12713	33397
31711	12714	33398
31712	12715	33399
31713	12716	33400
31714	12713	33401
31715	12714	33402
31716	12715	33403
31717	12716	33404
31718	12713	33405
31719	12714	33406
31720	12715	33407
31721	12716	33408
31722	12713	33409
31723	12714	33410
31724	12715	33411
31725	12716	33412
31726	12713	33413
31727	12714	33414
31728	12715	33415
31729	12716	33416
31730	12713	33417
31731	12714	33418
31732	12715	33419
31733	12716	33420
31734	12713	33421
31735	12714	33422
31736	12715	33423
31737	12716	33424
31738	12713	33425
31739	12714	33426
31740	12715	33427
31741	12716	33428
31742	12713	33429
31743	12714	33430
31744	12715	33431
31745	12716	33432
31746	12713	33433
31747	12714	33434
31748	12715	33435
31749	12716	33436
31750	12713	33437
31751	12714	33438
31752	12715	33439
31753	12716	33440
31754	12713	33441
31755	12714	33442
31756	12715	33443
31757	12716	33444
31758	12713	33445
31759	12714	33446
31760	12715	33447
31761	12716	33448
31762	12713	33449
31763	12714	33450
31764	12715	33451
31765	12716	33452
31766	12713	33453
31767	12714	33454
31768	12715	33455
31769	12716	33456
31770	12713	33457
31771	12714	33458
31772	12715	33459
31773	12716	33460
31774	12713	33461
31775	12714	33462
31776	12715	33463
31777	12716	33464
31778	12713	33465
31779	12714	33466
31780	12715	33467
31781	12716	33468
31782	12717	33469
31783	12718	33470
31784	9898	33471
31785	4892	33472
31786	2080	33473
31787	2080	33474
31788	2080	33475
31789	2080	33476
31790	12720	33477
31791	2080	33478
31792	12721	33479
31793	2080	33480
31794	2080	33481
31795	2080	33482
31796	2080	33483
31797	2080	33484
31798	2080	33485
31799	2080	33486
31800	2080	33487
31801	2080	33488
31802	2080	33489
31803	2080	33490
31804	2080	33491
31805	12805	33492
31806	12722	33493
31807	12723	33494
31808	12724	33495
31809	12725	33496
31810	12726	33497
31811	12727	33498
31812	474	33499
31815	474	33502
31816	474	33503
31818	474	33505
31821	474	33508
31823	474	33510
31824	474	33511
31826	12728	33513
31827	12729	33514
31828	474	33515
31831	474	33518
31835	474	33522
31837	474	33524
31839	474	33526
31841	12730	33528
31842	12731	33529
31843	12732	33530
31844	12733	33531
31845	474	33532
31847	474	33534
31848	474	33535
31849	474	33536
31850	474	33537
31851	12734	33538
31852	3888	33539
31853	12735	33540
31854	12736	33541
31855	12572	33542
31856	12737	33543
31857	12738	33544
31858	12739	33545
31859	12739	33546
31860	12740	33547
31861	12741	33548
31862	12742	33549
31863	12742	33550
31864	12742	33551
31865	12742	33552
31868	12744	33555
31869	12745	33556
31870	12746	33557
31871	12747	33558
31872	3888	33559
31873	11832	33560
31874	12748	33561
31875	12749	33562
31876	12750	33563
31877	452	33564
31878	452	33565
31879	452	33566
31880	452	33567
31881	452	33568
31882	452	33569
31883	452	33570
31884	452	33571
31885	452	33572
31886	452	33573
31887	452	33574
31888	452	33575
31889	452	33576
31890	452	33577
31891	452	33578
31893	12751	33580
31894	12752	33581
31895	12753	33582
31896	12754	33583
31897	487	33584
31898	474	33585
31899	12755	33586
31904	474	33591
31908	12756	33595
31909	12757	33596
31910	12759	33597
31911	12760	33598
31912	12761	33599
31913	12762	33600
31914	12763	33601
31915	4762	33602
31918	12764	33605
31920	5788	33607
31921	12768	33608
31922	12767	33609
31924	12767	33611
31926	12767	33613
31927	12767	33614
31928	12767	33615
31929	12767	33616
31930	12767	33617
31931	12767	33618
31932	12767	33619
31933	12767	33620
31934	531	33621
31935	12769	33622
31936	12770	33623
31937	12770	33624
31938	12771	33625
31939	12771	33626
31940	12771	33627
31941	12772	33628
31942	12773	33629
31943	12773	33630
31944	12773	33631
31945	474	33632
31946	474	33633
31947	12775	33634
31948	2236	33635
31949	12776	33636
31950	12777	33637
31951	12778	33638
31952	12778	33639
31953	12778	33640
31954	12778	33641
31955	12778	33642
31956	12778	33643
31957	12778	33644
31958	12778	33645
31959	12778	33646
31960	12778	33647
31961	12778	33648
31962	12778	33649
31963	12779	33650
31964	12780	33651
31965	12780	33652
31966	12780	33653
31967	12780	33654
31968	12572	33655
31969	12781	33656
31970	12782	33657
31971	536	33658
31972	12783	33659
31973	12783	33660
31975	12786	33662
31976	12788	33663
31977	498	33664
31978	12789	33665
31979	12790	33666
31980	12791	33667
31981	12792	33668
31982	12794	33669
31983	12795	33670
31984	12796	33671
31985	11262	33672
31986	12799	33673
31987	12800	33674
31988	1576	33675
31989	12802	33676
31990	12803	33677
31991	12804	33678
31992	12806	33679
31993	12808	33680
31994	12809	33681
31995	12811	33682
31996	564	33683
31997	467	33684
31998	12812	33685
31999	12813	33686
32000	12814	33687
32001	12816	33688
32002	2342	33689
32003	2342	33690
32004	2342	33691
32006	2342	33693
32007	2342	33694
32008	2342	33695
32009	2342	33696
32010	2342	33697
32011	2342	33698
32012	2342	33699
32013	2342	33700
32014	2342	33701
32015	2342	33702
32016	12817	33703
32017	564	33704
32018	12818	33705
32019	452	33706
32020	564	33707
32022	12819	33709
32023	12387	33710
32024	12387	33711
32025	12387	33712
32026	12387	33713
32027	12387	33714
32028	12387	33715
32029	12387	33716
32030	12387	33717
32031	12387	33718
32032	12387	33719
32033	12387	33720
32034	597	33721
32035	597	33722
32036	12007	33723
32037	12007	33724
32038	12007	33725
32039	12007	33726
32040	12007	33727
32041	12007	33728
32042	12007	33729
32043	12007	33730
32044	12007	33731
32045	12007	33732
32046	12007	33733
32047	12007	33734
32048	12820	33735
32049	12821	33736
32050	12822	33737
32051	12823	33738
32052	12824	33739
32053	12825	33740
32054	1768	33741
32055	12827	33742
32056	12828	33743
32057	12829	33744
32058	12830	33745
32059	12830	33746
32060	12830	33747
32061	12830	33748
32062	12830	33749
32063	12830	33750
32064	12830	33751
32065	12830	33752
32070	12952	33757
32071	12952	33758
32072	12952	33759
32073	12831	33760
32074	12832	33761
32075	12833	33762
32076	12834	33763
32077	12835	33764
32078	10400	33765
32079	3888	33766
32080	12836	33767
32081	12838	33768
32082	449	33769
32083	12839	33770
32084	12840	33771
32085	12841	33772
32086	12843	33773
32087	12844	33774
32088	5679	33775
32089	3864	33776
32090	12845	33777
32091	12846	33778
32096	583	33783
32098	3862	33785
32099	3862	33786
32100	12847	33787
32101	12848	33788
32102	12850	33789
32103	12851	33790
32104	5631	33791
32105	11443	33792
32106	11443	33793
32107	11443	33794
32108	11443	33795
32109	11443	33796
32110	12572	33797
32111	12572	33798
32112	12572	33799
32113	12852	33800
32114	12853	33801
32115	12854	33802
32116	12855	33803
32117	10695	33804
32118	10695	33805
32119	10695	33806
32120	12856	33807
32121	1485	33808
32122	1485	33809
32123	12858	33810
32124	12860	33811
32125	12861	33812
32126	12862	33813
32127	12863	33814
32128	492	33815
32129	851	33816
32130	851	33817
32131	851	33818
32132	851	33819
32133	851	33820
32134	12767	33821
32135	12864	33822
32136	12865	33823
32137	12866	33824
32138	12867	33825
32139	12868	33826
32140	12869	33827
32141	12869	33828
32142	12869	33829
32143	12869	33830
32144	12869	33831
32145	12869	33832
32146	12869	33833
32147	12869	33834
32148	12869	33835
32149	12869	33836
32150	12869	33837
32151	12869	33838
32152	12870	33839
32154	12871	33841
32155	531	33842
32156	12872	33843
32157	12392	33844
32158	12392	33845
32159	11053	33846
32160	12873	33847
32161	12874	33848
32162	12875	33849
32163	12877	33850
32164	12879	33851
32165	10155	33852
32166	10155	33853
32167	12880	33854
32168	12881	33855
32169	12882	33856
32170	12238	33857
32172	1874	33859
32173	12885	33860
32174	12886	33861
32175	12887	33862
32176	12888	33863
32177	12889	33864
32178	12890	33865
32179	12891	33866
32180	473	33867
32181	12892	33868
32182	12893	33869
32183	12894	33870
32184	12895	33871
32185	12898	33872
32186	12897	33873
32187	12899	33874
32188	12900	33875
32189	12901	33876
32190	12902	33877
32191	3395	33878
32192	3395	33879
32193	3395	33880
32194	3395	33881
32195	3395	33882
32196	3395	33883
32197	3395	33884
32198	3395	33885
32199	3395	33886
32200	3395	33887
32201	3395	33888
32202	3395	33889
32203	3395	33890
32204	3395	33891
32205	3395	33892
32206	3395	33893
32207	3395	33894
32208	3395	33895
32209	3395	33896
32210	3395	33897
32211	3395	33898
32212	3395	33899
32213	3395	33900
32214	3395	33901
32215	3395	33902
32216	3395	33903
32217	3395	33904
32218	3395	33905
32219	3395	33906
32220	3395	33907
32221	3395	33908
32222	3395	33909
32223	3395	33910
32224	3395	33911
32225	3395	33912
32226	3395	33913
32227	3395	33914
32228	3395	33915
32229	3395	33916
32230	3395	33917
32231	3395	33918
32232	3395	33919
32233	3395	33920
32234	3395	33921
32235	3395	33922
32236	3395	33923
32237	3395	33924
32238	3395	33925
32239	3395	33926
32240	3395	33927
32241	3395	33928
32242	3395	33929
32243	3395	33930
32244	3395	33931
32245	3395	33932
32246	3395	33933
32247	3395	33934
32248	3395	33935
32249	3395	33936
32250	12903	33937
32251	12905	33938
32252	3395	33939
32253	3395	33940
32254	12906	33941
32255	1768	33942
32256	1768	33943
32257	1768	33944
32258	1768	33945
32259	12907	33946
32260	12908	33947
32261	12908	33948
32262	12909	33949
32263	4948	33950
32264	4948	33951
32265	4948	33952
32266	4948	33953
32267	12911	33954
32268	12912	33955
32269	12913	33956
32270	12914	33957
32271	12915	33958
32272	12916	33959
32273	12917	33960
32274	12919	33961
32275	12921	33962
32276	12922	33963
32277	517	33964
32278	12923	33965
32279	12924	33966
32280	12924	33967
32281	12924	33968
32282	12901	33969
32283	12901	33970
32284	12901	33971
32285	12925	33972
32286	12926	33973
32287	12926	33974
32288	12926	33975
32289	12926	33976
32290	12926	33977
32291	12926	33978
32292	12926	33979
32293	12926	33980
32294	12926	33981
32295	12926	33982
32296	12926	33983
32297	12926	33984
32298	12926	33985
32299	12926	33986
32300	922	33987
32301	922	33988
32302	922	33989
32303	11730	33990
32304	11971	33991
32305	11971	33992
32306	11971	33993
32307	466	33994
32308	12927	33995
32309	12928	33996
32310	12929	33997
32311	12930	33998
32312	12932	33999
32313	12932	34000
32314	12932	34001
32315	12933	34002
32316	12933	34003
32317	12933	34004
32318	12933	34005
32319	12935	34006
32320	474	34007
32321	12936	34008
32322	12937	34009
32323	12938	34010
32324	12940	34011
32325	12941	34012
32326	12942	34013
32327	12943	34014
32328	490	34015
32329	490	34016
32330	12944	34017
32331	12946	34018
32332	12947	34019
32333	12948	34020
32334	1404	34021
32335	1404	34022
32336	1404	34023
32337	1404	34024
32338	1404	34025
32339	1404	34026
32340	1404	34027
32341	1404	34028
32342	12949	34029
32343	3536	34030
32344	12951	34031
32345	490	34032
32346	12953	34033
32347	12953	34034
32348	12955	34035
32349	3859	34036
32350	3859	34037
32351	4948	34038
32352	4948	34039
32353	4948	34040
32354	4948	34041
32355	4948	34042
32356	4948	34043
32357	9849	34044
32359	12956	34046
32360	490	34047
32361	490	34048
32362	3350	34049
32363	3350	34050
32364	12957	34051
32365	12958	34052
32366	12959	34053
32367	12331	34054
32368	12962	34055
32369	12963	34056
32370	12965	34057
32371	469	34058
32372	12966	34059
32373	12968	34060
32374	582	34061
32375	582	34062
32376	12969	34063
32377	12969	34064
32378	12969	34065
32379	490	34066
32380	12970	34067
32381	12972	34068
32382	467	34069
32383	12973	34070
32384	12974	34071
32385	12975	34072
32386	12976	34073
32387	510	34074
32388	12977	34075
32389	12978	34076
32390	510	34077
32391	510	34078
32392	510	34079
32393	510	34080
32394	510	34081
32395	12979	34082
32396	12980	34083
32397	12981	34084
32398	12982	34085
32399	12982	34086
32400	12289	34087
32401	12289	34088
32402	12289	34089
32403	12289	34090
32404	12289	34091
32405	12289	34092
32406	12289	34093
32407	12289	34094
32408	603	34095
32409	12983	34096
32410	12984	34097
32411	12985	34098
32412	574	34099
32413	12986	34100
32414	11697	34101
32415	11697	34102
32416	11697	34103
32417	11697	34104
32418	11697	34105
32419	11697	34106
32420	11697	34107
32421	11697	34108
32422	12987	34109
32423	12987	34110
32424	12987	34111
32425	12987	34112
32426	12987	34113
32427	12987	34114
32428	12987	34115
32429	12987	34116
32430	12987	34117
32431	12987	34118
32432	12987	34119
32433	12987	34120
32434	12987	34121
32435	12987	34122
32436	12987	34123
32437	12987	34124
32438	12987	34125
32439	12988	34126
32440	12989	34127
32443	12990	34130
32444	12991	34131
32445	12991	34132
32446	12992	34133
32447	11667	34134
32448	11667	34135
32449	11667	34136
32450	11667	34137
32451	11667	34138
32452	11667	34139
32453	11667	34140
32454	11667	34141
32455	11667	34142
32456	11667	34143
32457	11667	34144
32458	11667	34145
32459	11667	34146
32460	11667	34147
32461	11667	34148
32462	11667	34149
32463	11667	34150
32464	11668	34151
32465	11668	34152
32466	11668	34153
32467	11668	34154
32468	11668	34155
32469	11668	34156
32470	11668	34157
32471	11668	34158
32472	11668	34159
32473	11668	34160
32474	11668	34161
32475	11668	34162
32476	11668	34163
32477	11668	34164
32478	11668	34165
32479	11668	34166
32480	11668	34167
32481	11668	34168
32482	11668	34169
32483	11668	34170
32484	11668	34171
32485	11668	34172
32486	11668	34173
32487	11668	34174
32488	11668	34175
32489	11668	34176
32490	11668	34177
32491	11668	34178
32492	11668	34179
32493	11668	34180
32494	11671	34181
32495	11671	34182
32496	11671	34183
32497	11671	34184
32498	11671	34185
32499	11671	34186
32500	11671	34187
32501	11671	34188
32502	11671	34189
32503	11671	34190
32504	11673	34191
32505	11673	34192
32506	11674	34193
32507	12993	34194
32508	11731	34195
32509	11731	34196
32511	11730	34198
32513	11730	34200
32514	12327	34201
32515	12327	34202
32516	12327	34203
32517	12327	34204
32518	12327	34205
32519	12994	34206
32520	12994	34207
32521	12994	34208
32522	12994	34209
32523	12994	34210
32524	12994	34211
32525	12994	34212
32526	12994	34213
32527	12994	34214
32528	12994	34215
32529	12994	34216
32530	12994	34217
32531	12994	34218
32532	12994	34219
32533	12994	34220
32534	12047	34221
32535	12047	34222
32536	12047	34223
32537	12047	34224
32538	12047	34225
32539	12047	34226
32540	12047	34227
32541	12047	34228
32542	12047	34229
32543	12995	34230
32544	12996	34231
32545	12997	34232
32546	12997	34233
32547	12997	34234
32548	12997	34235
32549	12998	34236
32550	12998	34237
32551	12998	34238
32552	12998	34239
32553	12998	34240
32554	12998	34241
32555	12998	34242
32556	12998	34243
32557	12998	34244
32558	12998	34245
32559	12998	34246
32560	12998	34247
32561	12998	34248
32562	12998	34249
32563	12998	34250
32564	12998	34251
32565	12998	34252
32566	12998	34253
32567	12998	34254
32568	12998	34255
32569	12998	34256
32570	12998	34257
32571	12998	34258
32572	12998	34259
32573	12998	34260
32574	12998	34261
32575	12998	34262
32576	12998	34263
32577	12998	34264
32578	12998	34265
32579	12998	34266
32580	12998	34267
32581	12999	34268
32582	13000	34269
32583	483	34270
32584	13001	34271
32585	467	34272
32586	13002	34273
32587	12998	34274
32588	13003	34275
32589	13004	34276
32590	13005	34277
32591	13007	34278
32592	13008	34279
32593	13009	34280
32594	13010	34281
32595	13011	34282
32596	13012	34283
32597	13013	34284
32598	13014	34285
32599	13015	34286
32600	13016	34287
32601	526	34288
32602	526	34289
32603	13017	34290
32604	13018	34291
32605	13018	34292
32606	13019	34293
32607	13020	34294
32608	12014	34295
32609	13021	34296
32610	2123	34297
32611	3364	34298
32612	3364	34299
32613	3364	34300
32614	3364	34301
32615	3364	34302
32616	469	34303
32617	13022	34304
32618	13025	34305
32619	13025	34306
32620	13026	34307
32621	485	34308
32622	485	34309
32623	13027	34310
32624	13024	34311
32625	13028	34312
32626	485	34313
32627	485	34314
32628	13029	34315
32629	13031	34316
32630	13031	34317
32631	13031	34318
32632	13031	34319
32641	2123	34328
32642	13035	34329
32643	13036	34330
32644	13038	34331
32645	10453	34332
32646	10453	34333
32647	10453	34334
32648	10453	34335
32649	10453	34336
32650	10453	34337
32651	12304	34338
32652	13039	34339
32653	13040	34340
32654	13041	34341
32655	11345	34342
32656	13045	34343
32657	13046	34344
32658	13047	34345
32659	13048	34346
32660	13044	34347
32661	13041	34348
32662	11345	34349
32663	13045	34350
32664	13046	34351
32665	13047	34352
32666	13048	34353
32667	13044	34354
32668	13041	34355
32669	11345	34356
32670	13045	34357
32671	13046	34358
32672	13047	34359
32673	13048	34360
32674	13044	34361
32675	13041	34362
32676	11345	34363
32677	13045	34364
32678	13046	34365
32679	13047	34366
32680	13048	34367
32681	13044	34368
32682	13041	34369
32683	11345	34370
32684	13045	34371
32685	13046	34372
32686	13047	34373
32687	13048	34374
32688	13044	34375
32689	13041	34376
32690	11345	34377
32691	13045	34378
32692	13046	34379
32693	13047	34380
32694	13048	34381
32695	13044	34382
32696	13041	34383
32697	11345	34384
32698	13045	34385
32699	13046	34386
32700	13047	34387
32701	13048	34388
32702	13044	34389
32703	13041	34390
32704	11345	34391
32705	13045	34392
32706	13046	34393
32707	13047	34394
32708	13048	34395
32709	13044	34396
32710	13041	34397
32711	11345	34398
32712	13045	34399
32713	13046	34400
32714	13047	34401
32715	13048	34402
32716	13044	34403
32717	13041	34404
32718	11345	34405
32719	13045	34406
32720	13046	34407
32721	13047	34408
32722	13048	34409
32723	13044	34410
32724	13041	34411
32725	11345	34412
32726	13045	34413
32727	13046	34414
32728	13047	34415
32729	13048	34416
32730	13044	34417
32731	13041	34418
32732	11345	34419
32733	13045	34420
32734	13046	34421
32735	13047	34422
32736	13048	34423
32737	13044	34424
32738	13041	34425
32739	11345	34426
32740	13045	34427
32741	13046	34428
32742	13047	34429
32743	13048	34430
32744	13044	34431
32745	13041	34432
32746	11345	34433
32747	13045	34434
32748	13046	34435
32749	13047	34436
32750	13048	34437
32751	13044	34438
32752	13041	34439
32753	11345	34440
32754	13045	34441
32755	13046	34442
32756	13047	34443
32757	13048	34444
32758	13044	34445
32759	13041	34446
32760	11345	34447
32761	13045	34448
32762	13046	34449
32763	13047	34450
32764	13048	34451
32765	13044	34452
32766	13041	34453
32767	11345	34454
32768	13045	34455
32769	13047	34456
32770	13046	34457
32771	13048	34458
32772	13044	34459
32773	13041	34460
32774	11345	34461
32775	13045	34462
32776	13046	34463
32777	13047	34464
32778	13048	34465
32779	13044	34466
32780	13041	34467
32781	11345	34468
32782	13045	34469
32783	13046	34470
32784	13047	34471
32785	13048	34472
32786	13044	34473
32787	13041	34474
32788	11345	34475
32789	13045	34476
32790	13046	34477
32791	13047	34478
32792	13048	34479
32793	13044	34480
32794	13041	34481
32795	11345	34482
32796	13045	34483
32797	13046	34484
32798	13047	34485
32799	13048	34486
32800	13044	34487
32801	13041	34488
32802	11345	34489
32803	13045	34490
32804	13046	34491
32805	13047	34492
32806	13048	34493
32807	13044	34494
32808	13041	34495
32809	11345	34496
32810	13045	34497
32811	13046	34498
32812	13047	34499
32813	13048	34500
32814	13044	34501
32815	13041	34502
32816	11345	34503
32817	13045	34504
32818	13046	34505
32819	13047	34506
32820	13048	34507
32821	13044	34508
32822	13041	34509
32823	11345	34510
32824	13045	34511
32825	13046	34512
32826	13047	34513
32827	13048	34514
32828	13044	34515
32829	13041	34516
32830	11345	34517
32831	13045	34518
32832	13046	34519
32833	13047	34520
32834	13048	34521
32835	13044	34522
32836	13041	34523
32837	11345	34524
32838	13045	34525
32839	13046	34526
32840	13047	34527
32841	13048	34528
32842	13044	34529
32843	13041	34530
32844	11345	34531
32845	13045	34532
32846	13046	34533
32847	13047	34534
32848	13048	34535
32849	13044	34536
32850	13041	34537
32851	11345	34538
32852	13045	34539
32853	13046	34540
32854	13047	34541
32855	13048	34542
32856	13044	34543
32857	13041	34544
32858	11345	34545
32859	13045	34546
32860	13046	34547
32861	13047	34548
32862	13048	34549
32863	13044	34550
32864	13041	34551
32865	11345	34552
32866	13045	34553
32867	13046	34554
32868	13047	34555
32869	13048	34556
32870	13044	34557
32871	13041	34558
32872	11345	34559
32873	13045	34560
32874	13046	34561
32875	13047	34562
32876	13048	34563
32877	13044	34564
32878	13041	34565
32879	11345	34566
32880	13045	34567
32881	13046	34568
32882	13047	34569
32883	13048	34570
32884	13044	34571
32885	13050	34572
32886	11603	34573
32887	13052	34574
32888	13053	34575
32889	5358	34576
32890	5358	34577
32891	5358	34578
32892	2236	34579
32893	5122	34580
32894	5122	34581
32895	13054	34582
32896	13054	34583
32897	13054	34584
32898	13054	34585
32899	13054	34586
32900	13055	34587
32901	13056	34588
32902	13057	34589
32903	13057	34590
32904	13057	34591
32905	13057	34592
32906	13057	34593
32907	13057	34594
32908	13057	34595
32909	13057	34596
32910	13057	34597
32911	13057	34598
32912	13057	34599
32913	13057	34600
32914	13057	34601
32915	13057	34602
32916	13057	34603
32917	13057	34604
32918	13057	34605
32919	13057	34606
32920	13057	34607
32921	13057	34608
32922	13057	34609
32923	13057	34610
32924	13057	34611
32925	13057	34612
32926	13057	34613
32927	13057	34614
32928	13057	34615
32929	13058	34616
32930	13062	34617
32931	13062	34618
32932	13062	34619
32933	13063	34620
32934	13059	34621
32935	13060	34622
32936	13061	34623
32937	13064	34624
32938	13065	34625
32939	13065	34626
32940	13065	34627
32941	452	34628
32942	13066	34629
32943	13067	34630
32944	13068	34631
32945	13069	34632
32946	13070	34633
32947	13071	34634
32948	13071	34635
32949	13070	34636
32950	13069	34637
32951	13068	34638
32952	13067	34639
32953	13066	34640
32954	13071	34641
32955	13070	34642
32956	13069	34643
32957	13068	34644
32958	13067	34645
32959	13066	34646
32960	13066	34647
32961	13067	34648
32962	13068	34649
32963	13069	34650
32964	13070	34651
32965	13071	34652
32966	13066	34653
32967	13067	34654
32968	13068	34655
32969	13069	34656
32970	13070	34657
32971	13071	34658
32972	13066	34659
32973	13067	34660
32974	13068	34661
32975	13069	34662
32976	13070	34663
32977	13071	34664
32978	13066	34665
32979	13067	34666
32980	13068	34667
32981	13069	34668
32982	13070	34669
32983	13071	34670
32984	13066	34671
32985	13067	34672
32986	13068	34673
32987	13069	34674
32988	13070	34675
32989	13071	34676
32990	13066	34677
32991	13067	34678
32992	13068	34679
32993	13069	34680
32994	13070	34681
32995	13071	34682
32996	13066	34683
32997	13067	34684
32998	13068	34685
32999	13069	34686
33000	13070	34687
33001	13071	34688
33002	13066	34689
33003	13067	34690
33004	13068	34691
33005	13069	34692
33006	13070	34693
33007	13071	34694
33008	13066	34695
33009	13067	34696
33010	13068	34697
33011	13069	34698
33012	13070	34699
33013	13071	34700
33014	13072	34701
33015	13073	34702
33016	13074	34703
33017	13075	34704
33018	13076	34705
33019	13078	34706
33020	5817	34707
33021	13079	34708
33022	13080	34709
33023	11567	34710
33024	11567	34711
33025	13082	34712
33026	13083	34713
33027	13084	34714
33028	13085	34715
33029	11873	34716
33030	12987	34717
33031	12987	34718
33032	12987	34719
33033	13087	34720
33034	13088	34721
33035	13089	34722
33036	12966	34723
33037	12966	34724
33038	12966	34725
33039	12966	34726
33040	12966	34727
33041	5346	34728
33042	13090	34729
33043	13091	34730
33044	13092	34731
33045	13094	34732
33046	13095	34733
33047	13096	34734
33048	13097	34735
33049	13098	34736
33050	13099	34737
33051	5754	34738
33052	13100	34739
33053	467	34740
33056	5990	34743
33057	13101	34744
33058	13102	34745
33059	13103	34746
33060	13103	34747
33061	13103	34748
33062	13103	34749
33063	13103	34750
33064	13104	34751
33066	13109	34753
33067	597	34754
33068	13106	34755
33069	13105	34756
33070	922	34757
33071	13107	34758
33072	13113	34759
33073	5653	34760
33074	6225	34761
33075	6244	34762
33076	6255	34763
33077	13114	34764
33078	13116	34765
33079	13117	34766
33080	3395	34767
33081	13118	34768
33082	13119	34769
33083	13120	34770
33084	13121	34771
33085	6210	34772
33086	7994	34773
33087	6332	34774
33088	6332	34775
33089	6332	34776
33090	6332	34777
33091	6332	34778
33092	6332	34779
33093	6332	34780
33094	6332	34781
33095	7480	34782
33096	499	34783
33097	7247	34784
33098	7155	34785
33099	13122	34786
33100	13123	34787
33105	565	34792
33106	565	34793
33107	5999	34794
33108	6039	34795
33109	7091	34796
33110	1759	34797
33111	13124	34798
33112	12319	34799
33113	13125	34800
33114	13126	34801
33115	13127	34802
33116	13128	34803
33117	13129	34804
33118	13130	34805
33119	13131	34806
33121	13133	34808
33123	13134	34810
33124	2426	34811
33125	13135	34812
33126	13136	34813
33127	12987	34814
33128	13137	34815
33129	12987	34816
33130	13137	34817
33131	13137	34818
33132	13137	34819
33133	13137	34820
33134	13137	34821
33135	13137	34822
33136	13137	34823
33137	13137	34824
33138	13137	34825
33139	13137	34826
33140	13137	34827
33141	13137	34828
33142	13137	34829
33143	13137	34830
33144	13137	34831
33145	13137	34832
33146	13137	34833
33147	13137	34834
33148	13137	34835
33149	13137	34836
33150	13137	34837
33151	7348	34838
33152	13138	34839
33153	2514	34840
33154	2514	34841
33155	2514	34842
33156	2514	34843
33157	13139	34844
33158	13140	34845
33159	13141	34846
33160	13142	34847
33161	4908	34848
33162	7862	34849
33163	582	34850
33164	582	34851
33165	13143	34852
33166	10224	34853
33167	469	34854
33168	13145	34855
33169	11551	34856
33170	13146	34857
33171	13147	34858
33172	13148	34859
33173	13149	34860
33174	13150	34861
33175	13151	34862
33176	12627	34863
33178	3363	34865
33179	448	34866
33180	13152	34867
33181	13153	34868
33182	13155	34869
33183	591	34870
33184	13156	34871
33185	13157	34872
33186	13158	34873
33187	10565	34874
33188	13159	34875
33189	13160	34876
33190	13161	34877
33192	13163	34879
33193	1527	34880
33194	1527	34881
33195	13164	34882
33196	13164	34883
33197	13166	34884
33198	13167	34885
33199	474	34886
33200	13168	34887
33201	13169	34888
33202	13170	34889
33203	13171	34890
33204	13172	34891
33205	13173	34892
33206	13132	34893
33207	12627	34894
33208	12627	34895
33209	12627	34896
33210	12627	34897
33211	12627	34898
33212	13174	34899
33213	13175	34900
33214	13176	34901
33215	13178	34902
33216	13179	34903
33217	13180	34904
33218	13181	34905
33219	6242	34906
33220	13182	34907
33221	1989	34908
33222	1989	34909
33223	13183	34910
33224	11731	34911
33225	11731	34912
33226	11730	34913
33227	11730	34914
33228	13184	34915
33229	13184	34916
33230	13184	34917
33231	13184	34918
33232	13185	34919
33233	13185	34920
33234	13185	34921
33235	13185	34922
33236	13185	34923
33237	13185	34924
33238	13185	34925
33239	13185	34926
33240	13185	34927
33241	13185	34928
33242	13185	34929
33243	13185	34930
33244	13185	34931
33245	13185	34932
33246	13185	34933
33247	13185	34934
33248	13185	34935
33249	13185	34936
33250	13185	34937
33251	13185	34938
33252	13185	34939
33253	13185	34940
33254	13185	34941
33255	13185	34942
33256	13185	34943
33257	13185	34944
33258	13185	34945
33259	13185	34946
33260	13185	34947
33261	13185	34948
33262	13185	34949
33263	13185	34950
33264	13185	34951
33265	13185	34952
33266	13185	34953
33267	13185	34954
33268	13185	34955
33269	13185	34956
33270	13185	34957
33271	13185	34958
33272	13185	34959
33273	13185	34960
33274	13185	34961
33275	13185	34962
33276	13185	34963
33277	13185	34964
33278	13185	34965
33279	13185	34966
33280	13185	34967
33281	13185	34968
33282	13185	34969
33283	13185	34970
33284	13185	34971
33285	13185	34972
33286	13185	34973
33287	6784	34974
33288	13185	34975
33289	13185	34976
33290	13185	34977
33291	13185	34978
33292	13185	34979
33293	13185	34980
33294	13185	34981
33295	13185	34982
33296	13185	34983
33297	13185	34984
33298	13185	34985
33299	13185	34986
33300	13185	34987
33301	13185	34988
33302	13185	34989
33303	13185	34990
33304	13185	34991
33305	13185	34992
33306	13185	34993
33307	13185	34994
33308	13185	34995
33309	13185	34996
33310	13185	34997
33311	13185	34998
33312	13185	34999
33313	7412	35000
33314	7413	35001
33315	13186	35002
33316	13186	35003
33317	13186	35004
33318	13186	35005
33319	13186	35006
33320	13186	35007
33321	13186	35008
33322	13186	35009
33323	13186	35010
33324	13186	35011
33325	13187	35012
33326	4481	35013
33327	4573	35014
33328	4579	35015
33329	4584	35016
33330	7683	35017
33331	13188	35018
33332	8106	35019
33333	4720	35020
33334	13189	35021
33335	13190	35022
33336	5246	35023
33337	13191	35024
33338	5733	35025
33339	5986	35026
33340	13193	35027
33341	10135	35028
33342	10135	35029
33343	10135	35030
33344	10135	35031
33345	10135	35032
33346	10135	35033
33347	10135	35034
33348	10135	35035
33349	10135	35036
33350	10135	35037
33351	13196	35038
33352	13195	35039
33353	13195	35040
33354	13195	35041
33355	13195	35042
33356	13195	35043
33357	13195	35044
33358	13195	35045
33359	13195	35046
33360	13195	35047
33361	13195	35048
33362	13195	35049
33363	13195	35050
33364	6229	35051
33365	6280	35052
33366	467	35053
33367	13197	35054
33368	13197	35055
33369	13197	35056
33370	13199	35057
33371	13199	35058
33372	13197	35059
33373	13199	35060
33374	13199	35061
33375	13199	35062
33376	13199	35063
33377	13197	35064
33378	13199	35065
33379	13199	35066
33380	13197	35067
33381	13199	35068
33382	13199	35069
33383	13197	35070
33384	13197	35071
33385	13197	35072
33386	13197	35073
33387	13197	35074
33388	13198	35075
33389	13198	35076
33390	13198	35077
33391	13198	35078
33392	13198	35079
33393	13198	35080
33394	13198	35081
33395	13198	35082
33396	13198	35083
33397	13198	35084
33398	13198	35085
33399	13200	35086
33400	13201	35087
33401	13202	35088
33402	13203	35089
33403	13204	35090
33404	13206	35091
33405	13207	35092
33406	13208	35093
33407	13209	35094
33408	13210	35095
33410	13213	35097
33411	13214	35098
33412	13215	35099
33413	13216	35100
33414	13217	35101
33415	13218	35102
33416	13219	35103
33417	13220	35104
33418	3395	35105
33419	3395	35106
33420	13221	35107
33421	7384	35108
33422	13222	35109
33423	13224	35110
33424	474	35111
33425	13225	35112
33426	539	35113
33427	13226	35114
33428	7956	35115
33429	13227	35116
33430	13228	35117
33431	13229	35118
33432	13230	35119
33433	13231	35120
33434	13227	35121
33435	13228	35122
33436	13229	35123
33437	13230	35124
33438	13231	35125
33439	13227	35126
33440	13228	35127
33441	13229	35128
33442	13230	35129
33443	13231	35130
33444	510	35131
33445	13232	35132
33446	13233	35133
33447	13235	35134
33448	13236	35135
33449	13237	35136
33450	13238	35137
33451	13239	35138
33452	5907	35139
33453	13240	35140
33454	13241	35141
33455	13241	35142
33456	482	35143
33457	13242	35144
33458	13243	35145
33469	13244	35156
33470	13245	35157
33471	845	35158
33472	845	35159
33473	13246	35160
33474	8141	35161
33475	6947	35162
33476	440	35163
33477	13247	35164
33478	582	35165
33479	8236	35166
33481	13248	35168
33482	13249	35169
33483	7603	35170
33484	7436	35171
33485	987	35172
33486	7343	35173
33487	13250	35174
33488	13250	35175
33489	6507	35176
33490	13251	35177
33491	13253	35178
33492	3395	35179
33493	3395	35180
33494	3395	35181
33495	3395	35182
33496	3395	35183
33497	3395	35184
33498	3395	35185
33499	3395	35186
33500	3395	35187
33501	3395	35188
33502	3395	35189
33503	8025	35190
33504	564	35191
33505	13254	35192
33506	13255	35193
33507	7417	35194
33508	13256	35195
33509	13257	35196
33510	13258	35197
33511	13260	35198
33512	13261	35199
33513	13261	35200
33514	13262	35201
33515	13262	35202
33516	13263	35203
33517	13263	35204
33518	13263	35205
33519	13263	35206
33520	13263	35207
33521	13263	35208
33522	13263	35209
33523	13264	35210
33524	13265	35211
33525	13266	35212
33526	4396	35213
33527	12396	35214
33528	565	35215
33529	440	35216
33530	1180	35217
33531	13267	35218
33532	13268	35219
33533	13269	35220
33534	13270	35221
33535	13271	35222
33536	13272	35223
33537	13273	35224
33538	13274	35225
33539	5689	35226
33540	13275	35227
33541	13276	35228
33542	474	35229
33543	474	35230
33544	13277	35231
33545	13278	35232
33546	5959	35233
33547	6054	35234
33548	6145	35235
33549	6274	35236
33550	13279	35237
33551	13280	35238
33552	13282	35239
33553	10304	35240
33554	1768	35241
33555	1768	35242
33556	1768	35243
33557	12742	35244
33558	12742	35245
33559	13283	35246
33560	13284	35247
33561	13285	35248
33562	13286	35249
33563	13287	35250
33564	13288	35251
33565	13289	35252
33566	13290	35253
33567	10919	35254
33568	13291	35255
33569	13292	35256
33570	13293	35257
33571	13294	35258
33572	13296	35259
33573	13297	35260
33574	13298	35261
33575	13299	35262
33576	13299	35263
33577	13299	35264
33578	13299	35265
33579	13300	35266
33580	531	35267
33581	1496	35268
33582	1496	35269
33583	13301	35270
33585	13304	35272
33586	13305	35273
33590	13306	35277
33591	13307	35278
33592	13308	35279
33593	5576	35280
33594	13309	35281
33595	13310	35282
33596	6324	35283
33597	6377	35284
33598	6817	35285
33599	9768	35286
33600	13311	35287
33601	565	35288
33602	13312	35289
33603	13314	35290
33604	1760	35291
33605	12289	35292
33606	13315	35293
33607	469	35294
33608	13316	35295
33609	13317	35296
33610	13318	35297
33611	7212	35298
33612	13319	35299
33613	460	35300
33614	13320	35301
33615	591	35302
33616	7387	35303
33617	7409	35304
33618	8386	35305
33619	12211	35306
33620	12211	35307
33621	12211	35308
33622	12211	35309
33623	12211	35310
33624	8032	35311
33625	591	35312
33626	591	35313
33627	13321	35314
33628	5787	35315
33629	6222	35316
33630	3984	35317
33631	6273	35318
33632	13322	35319
33633	13323	35320
33634	597	35321
33635	2586	35322
33637	478	35324
33638	6211	35325
33639	5360	35326
33640	13324	35327
33641	5840	35328
33642	13325	35329
33643	13325	35330
33645	510	35332
33646	510	35333
33647	7404	35334
33648	7001	35335
33649	13326	35336
33650	13327	35337
33651	13328	35338
33652	13329	35339
33653	10648	35340
33654	10648	35341
33655	13330	35342
33656	13332	35343
33657	13333	35344
33658	13329	35345
33659	13329	35346
33660	13329	35347
33661	13329	35348
33662	13329	35349
33663	13334	35350
33664	13334	35351
33665	13334	35352
33666	13335	35353
33667	13335	35354
33668	13335	35355
33669	13335	35356
33670	13335	35357
33671	13335	35358
33672	13335	35359
33673	7354	35360
33674	13335	35361
33675	13336	35362
33676	13337	35363
33677	13338	35364
33678	13339	35365
33679	13340	35366
33680	531	35367
33681	13341	35368
33682	2996	35369
33683	2996	35370
33684	2996	35371
33685	2996	35372
33686	2996	35373
33687	2996	35374
33688	2996	35375
33689	2996	35376
33690	2996	35377
33691	2996	35378
33692	2996	35379
33693	2996	35380
33694	2996	35381
33695	13343	35382
33696	13344	35383
33697	564	35384
33698	1991	35385
33699	1991	35386
33700	1991	35387
33701	1991	35388
33702	478	35389
33703	13345	35390
33704	13346	35391
33705	8189	35392
33706	13347	35393
33707	13349	35394
33708	12476	35395
33709	13350	35396
33710	4148	35397
33711	13351	35398
33712	13352	35399
33713	13353	35400
33714	13354	35401
33715	13355	35402
33716	13356	35403
33717	13357	35404
33718	11053	35405
33719	597	35406
33720	13358	35407
33721	13359	35408
33722	13360	35409
33723	13361	35410
33724	13362	35411
33725	1404	35412
33726	1404	35413
33727	1404	35414
33728	1404	35415
33729	1404	35416
33730	6501	35417
33731	13363	35418
33732	452	35419
33733	452	35420
33734	13364	35421
33735	13365	35422
33737	3888	35424
33738	2996	35425
33739	2996	35426
33740	2996	35427
33741	2996	35428
33742	2996	35429
33743	13366	35430
33744	13368	35431
33745	12894	35432
33746	13369	35433
33747	13370	35434
33748	13371	35435
33749	13372	35436
33750	13373	35437
33751	13374	35438
33752	13375	35439
33753	13376	35440
33754	13377	35441
33755	13378	35442
33756	13379	35443
33757	13380	35444
33758	13381	35445
33759	13382	35446
33760	13383	35447
33761	13384	35448
33762	596	35449
33763	13385	35450
33764	13386	35451
33765	13387	35452
33766	13388	35453
33767	13389	35454
33768	13389	35455
33769	13389	35456
33770	13389	35457
33771	13389	35458
33772	13389	35459
33773	13391	35460
33774	13391	35461
33775	13391	35462
33776	13391	35463
33777	13392	35464
33778	13392	35465
33779	13392	35466
33780	13392	35467
33781	13393	35468
33782	13393	35469
33783	13393	35470
33784	13393	35471
33785	13393	35472
33786	13393	35473
33787	13393	35474
33788	13394	35475
33789	2282	35476
33790	13395	35477
33792	487	35479
33793	13396	35480
33794	13398	35481
33795	13400	35482
33796	3374	35483
33797	3374	35484
33798	3374	35485
33799	3374	35486
33800	3374	35487
33801	3374	35488
33802	3374	35489
33803	3374	35490
33804	3374	35491
33805	3374	35492
33806	3374	35493
33807	3374	35494
33808	3374	35495
33809	3374	35496
33810	3374	35497
33811	3374	35498
33812	3374	35499
33813	3374	35500
33814	3374	35501
33815	3374	35502
33816	3374	35503
33817	3374	35504
33818	3374	35505
33819	3374	35506
33820	3374	35507
33821	3374	35508
33822	3374	35509
33823	3374	35510
33824	3374	35511
33825	3374	35512
33826	3374	35513
33827	3374	35514
33828	13401	35515
33829	12310	35516
33830	13402	35517
33831	13403	35518
33832	13404	35519
33833	13405	35520
33834	13406	35521
33835	13407	35522
33836	7657	35523
33837	13408	35524
33838	13409	35525
33839	13410	35526
33840	13411	35527
33841	452	35528
33842	13412	35529
33843	7577	35530
33844	7577	35531
33845	7577	35532
33846	7577	35533
33847	7577	35534
33848	7577	35535
33849	7577	35536
33850	7577	35537
33851	7577	35538
33852	7577	35539
33853	7577	35540
33854	7577	35541
33855	7577	35542
33856	7577	35543
33857	3512	35544
33858	9898	35545
33859	9898	35546
33860	9898	35547
33861	9898	35548
33862	9898	35549
33863	7400	35550
33864	13414	35551
33865	13415	35552
33866	13416	35553
33867	4992	35554
33868	4992	35555
33869	13417	35556
33870	13418	35557
33871	13419	35558
33872	13420	35559
33873	13421	35560
33874	13422	35561
33875	13423	35562
33876	13424	35563
33877	13425	35564
33878	13426	35565
33879	13426	35566
33880	13426	35567
33881	13426	35568
33882	13426	35569
33883	13426	35570
33884	13426	35571
33885	13426	35572
33886	13426	35573
33887	13426	35574
33888	13426	35575
33889	13426	35576
33890	13426	35577
33891	5894	35578
33892	13427	35579
33893	13428	35580
33894	13429	35581
33895	13430	35582
33896	13431	35583
33897	13433	35584
33898	13432	35585
33899	5894	35586
33900	13427	35587
33901	13428	35588
33902	13429	35589
33903	13430	35590
33904	13431	35591
33905	13433	35592
33906	13432	35593
33907	5894	35594
33908	13427	35595
33909	13428	35596
33910	13429	35597
33911	13430	35598
33912	13431	35599
33913	13433	35600
33914	13432	35601
33915	5894	35602
33916	13427	35603
33917	13428	35604
33918	13429	35605
33919	13430	35606
33920	13431	35607
33921	13433	35608
33922	13432	35609
33923	5894	35610
33924	13427	35611
33925	13428	35612
33926	13429	35613
33927	13430	35614
33928	13431	35615
33929	13433	35616
33930	13432	35617
33931	5894	35618
33932	13427	35619
33933	13428	35620
33934	13429	35621
33935	13430	35622
33936	13431	35623
33937	13433	35624
33938	13432	35625
33939	5894	35626
33940	13427	35627
33941	13428	35628
33942	13429	35629
33943	13430	35630
33944	13431	35631
33945	13433	35632
33946	13432	35633
33947	5894	35634
33948	13427	35635
33949	13428	35636
33950	13429	35637
33951	13430	35638
33952	13431	35639
33953	13433	35640
33954	13432	35641
33955	5894	35642
33956	13427	35643
33957	13428	35644
33958	13429	35645
33959	13430	35646
33960	13431	35647
33961	13433	35648
33962	13432	35649
33963	5894	35650
33964	13427	35651
33965	13428	35652
33966	13429	35653
33967	13430	35654
33968	13431	35655
33969	13433	35656
33970	13432	35657
33971	13434	35658
33972	582	35659
33973	12908	35660
33974	13435	35661
33975	597	35662
33976	13436	35663
33977	475	35664
33978	13437	35665
33979	13438	35666
33980	13440	35667
33981	12894	35668
33982	13441	35669
33983	13442	35670
33984	13442	35671
33985	13442	35672
33986	13442	35673
33987	13443	35674
33988	13444	35675
33990	7486	35677
33991	13446	35678
33992	13447	35679
33993	469	35680
33994	13448	35681
33995	564	35682
33996	1896	35683
33997	1896	35684
33998	13449	35685
33999	13450	35686
34000	13449	35687
34001	13450	35688
34002	13449	35689
34003	13450	35690
34004	13449	35691
34005	13450	35692
34006	13449	35693
34007	13450	35694
34008	13449	35695
34009	13450	35696
34010	13449	35697
34011	13450	35698
34012	13449	35699
34013	13450	35700
34014	13449	35701
34015	13449	35702
34016	13450	35703
34017	13449	35704
34018	13450	35705
34019	13449	35706
34020	13450	35707
34021	13449	35708
34022	13450	35709
34023	13449	35710
34024	13450	35711
34025	13449	35712
34026	13450	35713
34027	13449	35714
34028	13450	35715
34029	13449	35716
34030	13449	35717
34031	13450	35718
34032	13449	35719
34033	13450	35720
34034	13449	35721
34035	13450	35722
34036	13450	35723
34037	13450	35724
34038	13452	35725
34039	13453	35726
34040	13454	35727
34041	13455	35728
34042	454	35729
34043	1885	35730
34044	531	35731
34045	474	35732
34046	495	35733
34047	532	35734
34048	12090	35735
34049	13456	35736
34050	13457	35737
34051	13458	35738
34052	13459	35739
34053	13460	35740
34054	13461	35741
34055	13462	35742
34056	13465	35743
34057	13466	35744
34058	13467	35745
34059	13476	35746
34060	13392	35747
34061	13392	35748
34062	498	35749
34063	11131	35750
34064	11131	35751
34065	11131	35752
34066	11131	35753
34067	11131	35754
34068	11131	35755
34069	11131	35756
34070	11131	35757
34071	11131	35758
34072	11131	35759
34073	11131	35760
34074	11131	35761
34075	11131	35762
34076	11131	35763
34077	11131	35764
34078	11131	35765
34079	11131	35766
34080	11131	35767
34081	11131	35768
34082	11131	35769
34083	11131	35770
34084	11131	35771
34085	11131	35772
34086	11131	35773
34087	11131	35774
34088	11131	35775
34089	11131	35776
34090	11131	35777
34091	11131	35778
34093	13477	35780
34094	13478	35781
34095	10210	35782
34096	10210	35783
34097	10210	35784
34098	10210	35785
34099	10210	35786
34100	10210	35787
34101	10210	35788
34102	10210	35789
34103	10210	35790
34104	10210	35791
34105	10210	35792
34106	10210	35793
34107	10210	35794
34108	10210	35795
34110	2536	35797
34111	13481	35798
34112	13482	35799
34113	10194	35800
34114	10194	35801
34115	10194	35802
34116	13483	35803
34117	13484	35804
34118	13484	35805
34119	13484	35806
34120	13484	35807
34121	13484	35808
34122	13484	35809
34123	13484	35810
34124	13486	35811
34125	13485	35812
34126	13485	35813
34127	13485	35814
34128	13485	35815
34129	13485	35816
34130	13485	35817
34131	13485	35818
34132	13485	35819
34133	13485	35820
34134	13485	35821
34135	13485	35822
34136	13485	35823
34137	13485	35824
34138	13485	35825
34139	13487	35826
34140	7204	35827
34141	7204	35828
34142	7204	35829
34143	7204	35830
34144	7204	35831
34145	7204	35832
34146	7204	35833
34147	7204	35834
34148	7204	35835
34149	7204	35836
34150	7204	35837
34151	7204	35838
34152	7204	35839
34153	7204	35840
34154	7204	35841
34155	7204	35842
34156	7204	35843
34157	7204	35844
34158	7204	35845
34159	7204	35846
34160	7204	35847
34161	7204	35848
34162	7204	35849
34163	7204	35850
34164	7204	35851
34165	7204	35852
34166	13490	35853
34167	13489	35854
34168	13489	35855
34169	13489	35856
34170	13489	35857
34171	13489	35858
34172	13489	35859
34173	13489	35860
34174	13489	35861
34175	13489	35862
34176	13491	35863
34177	13492	35864
34178	13498	35865
34179	13494	35866
34180	13495	35867
34181	13499	35868
34182	13497	35869
34183	13491	35870
34184	13492	35871
34185	13498	35872
34186	13494	35873
34187	13495	35874
34188	13499	35875
34189	13497	35876
34190	13491	35877
34191	13492	35878
34192	13498	35879
34193	13494	35880
34194	13495	35881
34195	13499	35882
34196	13497	35883
34197	13491	35884
34198	13492	35885
34199	13498	35886
34200	13494	35887
34201	13495	35888
34202	13499	35889
34203	13497	35890
34204	13491	35891
34205	13492	35892
34206	13498	35893
34207	13494	35894
34208	13495	35895
34209	13499	35896
34210	13497	35897
34211	13491	35898
34212	13492	35899
34213	13498	35900
34214	13494	35901
34215	13495	35902
34216	13499	35903
34217	13497	35904
34218	13491	35905
34219	13492	35906
34220	13498	35907
34221	13494	35908
34222	13495	35909
34223	13499	35910
34224	13497	35911
34225	13491	35912
34226	13492	35913
34227	13498	35914
34228	13494	35915
34229	13495	35916
34230	13499	35917
34231	13497	35918
34232	13491	35919
34233	13492	35920
34234	13498	35921
34235	13494	35922
34236	13495	35923
34237	13499	35924
34238	13497	35925
34239	13491	35926
34240	13492	35927
34241	13498	35928
34242	13494	35929
34243	13495	35930
34244	13499	35931
34245	13497	35932
34246	13491	35933
34247	13492	35934
34248	13498	35935
34249	13494	35936
34250	13495	35937
34251	13499	35938
34252	13497	35939
34253	13491	35940
34254	13492	35941
34255	13498	35942
34256	13494	35943
34257	13495	35944
34258	13499	35945
34259	13497	35946
34260	13491	35947
34261	13492	35948
34262	13498	35949
34263	13494	35950
34264	13495	35951
34265	13499	35952
34266	13497	35953
34267	13491	35954
34268	13492	35955
34269	13498	35956
34270	13494	35957
34271	13495	35958
34272	13499	35959
34273	13497	35960
34274	13491	35961
34275	13492	35962
34276	13498	35963
34277	13494	35964
34278	13495	35965
34279	13499	35966
34280	13497	35967
34281	13491	35968
34282	13492	35969
34283	13498	35970
34284	13494	35971
34285	13495	35972
34286	13499	35973
34287	13497	35974
34288	13491	35975
34289	13492	35976
34290	13498	35977
34291	13494	35978
34292	13495	35979
34293	13499	35980
34294	13497	35981
34295	13491	35982
34296	13492	35983
34297	13498	35984
34298	13494	35985
34299	13495	35986
34300	13499	35987
34301	13497	35988
34302	13491	35989
34303	13492	35990
34304	13498	35991
34305	13494	35992
34306	13495	35993
34307	13499	35994
34308	13497	35995
34309	13491	35996
34310	13492	35997
34311	13498	35998
34312	13494	35999
34313	13495	36000
34314	13499	36001
34315	13497	36002
34316	13501	36003
34317	13490	36004
34318	13502	36005
34320	13504	36007
34321	13505	36008
34322	13505	36009
34323	13505	36010
34324	13506	36011
34325	12627	36012
34326	13508	36013
34327	13509	36014
34328	13510	36015
34330	12448	36017
34331	12448	36018
34332	13511	36019
34333	13512	36020
34334	10481	36021
34335	13514	36022
34336	13515	36023
34337	13517	36024
34338	13516	36025
34339	13516	36026
34340	13516	36027
34341	13516	36028
34342	13516	36029
34343	13516	36030
34344	13516	36031
34345	13516	36032
34346	13518	36033
34347	13519	36034
34348	13520	36035
34349	13521	36036
34350	13522	36037
34351	13523	36038
34352	13524	36039
34353	13524	36040
34354	13525	36041
34355	490	36042
34356	13526	36043
34357	13526	36044
34358	13526	36045
34359	13526	36046
34360	13526	36047
34361	13526	36048
34362	13526	36049
34363	13527	36050
34364	13528	36051
34365	13529	36052
34366	13530	36053
34367	13531	36054
34368	13532	36055
34369	13533	36056
34370	13534	36057
34371	13535	36058
34372	13536	36059
34373	13537	36060
34374	13538	36061
34375	13539	36062
34376	13540	36063
34377	13974	36064
34378	3888	36065
34380	3888	36067
34381	13541	36068
34382	13543	36069
34383	13544	36070
34384	13545	36071
34385	13546	36072
34386	13547	36073
34387	13548	36074
34388	548	36075
34389	548	36076
34390	548	36077
34391	13549	36078
34392	13549	36079
34393	548	36080
34394	548	36081
34395	13550	36082
34396	13551	36083
34397	13552	36084
34398	13553	36085
34399	13554	36086
34400	13555	36087
34401	13556	36088
34402	13557	36089
34403	13558	36090
34404	568	36091
34405	13559	36092
34406	13559	36093
34407	13559	36094
34408	13559	36095
34410	11051	36097
34411	13562	36098
34412	13563	36099
34413	13564	36100
34414	13565	36101
34415	13566	36102
34416	11721	36103
34417	11721	36104
34418	11721	36105
34419	11721	36106
34420	11721	36107
34421	11721	36108
34422	3350	36109
34423	3350	36110
34424	13567	36111
34425	13568	36112
34426	13569	36113
34427	539	36114
34428	13570	36115
34429	13571	36116
34430	13572	36117
34431	13573	36118
34432	13574	36119
34433	13575	36120
34434	13576	36121
34435	566	36122
34436	13579	36123
34437	13580	36124
34438	13581	36125
34439	13582	36126
34440	13583	36127
34441	13583	36128
34442	13584	36129
34443	9831	36130
34444	13585	36131
34445	13585	36132
34446	13585	36133
34447	13585	36134
34448	13585	36135
34449	13585	36136
34450	13585	36137
34451	13585	36138
34452	13585	36139
34453	13585	36140
34454	13585	36141
34455	531	36142
34456	531	36143
34457	13587	36144
34458	13588	36145
34459	485	36146
34460	13589	36147
34461	13590	36148
34462	11535	36149
34463	11535	36150
34464	11535	36151
34465	11535	36152
34466	13591	36153
34467	13592	36154
34468	13591	36155
34469	13592	36156
34470	13593	36157
34471	3847	36158
34472	3847	36159
34473	3847	36160
34474	3847	36161
34475	3847	36162
34476	13591	36163
34477	13592	36164
34478	13591	36165
34479	13592	36166
34480	13591	36167
34481	13592	36168
34482	13591	36169
34483	13592	36170
34484	4785	36171
34485	13596	36172
34486	13596	36173
34487	13589	36174
34488	13589	36175
34489	13589	36176
34490	13589	36177
34491	13589	36178
34492	13589	36179
34493	13589	36180
34494	13589	36181
34495	13589	36182
34496	13589	36183
34497	13589	36184
34498	13589	36185
34499	13589	36186
34500	13589	36187
34501	13589	36188
34502	13589	36189
34503	13589	36190
34504	13589	36191
34505	13589	36192
34506	13589	36193
34507	13589	36194
34508	13589	36195
34509	13589	36196
34510	13589	36197
34511	11667	36198
34512	11667	36199
34513	11667	36200
34514	11667	36201
34515	11667	36202
34516	11668	36203
34517	11668	36204
34518	11668	36205
34519	11668	36206
34520	11668	36207
34521	11668	36208
34522	11668	36209
34523	11668	36210
34524	11668	36211
34525	11668	36212
34526	11668	36213
34527	11668	36214
34528	11668	36215
34529	11668	36216
34530	11668	36217
34531	11671	36218
34532	11671	36219
34533	11561	36220
34535	11561	36222
34536	11561	36223
34537	11561	36224
34538	11561	36225
34539	11561	36226
34540	11561	36227
34541	11561	36228
34542	11561	36229
34543	11561	36230
34544	11561	36231
34545	11561	36232
34546	11561	36233
34547	11561	36234
34548	11561	36235
34549	11557	36236
34550	11557	36237
34551	11557	36238
34552	11558	36239
34553	11558	36240
34554	11558	36241
34555	11558	36242
34556	11558	36243
34557	11558	36244
34558	11558	36245
34559	11558	36246
34560	13604	36247
34561	13604	36248
34562	13604	36249
34563	13604	36250
34564	13604	36251
34565	13604	36252
34566	13605	36253
34567	13585	36254
34568	13585	36255
34569	13606	36256
34570	13607	36257
34571	13608	36258
34572	11671	36259
34573	11671	36260
34574	11671	36261
34575	11671	36262
34576	11671	36263
34577	11672	36264
34578	11672	36265
34579	11673	36266
34580	11674	36267
34581	11554	36268
34582	11554	36269
34583	11554	36270
34584	11554	36271
34585	11554	36272
34586	11554	36273
34587	11557	36274
34588	11557	36275
34589	11557	36276
34590	11557	36277
34591	11557	36278
34592	657	36279
34593	657	36280
34594	657	36281
34595	13613	36282
34596	13614	36283
34597	13615	36284
34598	13616	36285
34599	13617	36286
34600	13618	36287
34601	13619	36288
34602	11667	36289
34603	3350	36290
34604	3382	36291
34605	11730	36292
34606	11730	36293
34607	11730	36294
34608	11730	36295
34609	11730	36296
34610	11730	36297
34611	11730	36298
34612	11730	36299
34613	11730	36300
34614	11730	36301
34615	11730	36302
34616	11730	36303
34617	11730	36304
34618	11730	36305
34619	11730	36306
34620	11730	36307
34621	12327	36308
34622	12327	36309
34623	12327	36310
34624	12327	36311
34625	12327	36312
34626	12327	36313
34627	12327	36314
34628	12327	36315
34629	12327	36316
34630	12327	36317
34631	12327	36318
34632	12327	36319
34633	12327	36320
34634	12327	36321
34635	12047	36322
34636	12047	36323
34637	12047	36324
34638	12047	36325
34639	12047	36326
34640	12047	36327
34641	12047	36328
34642	12047	36329
34643	12047	36330
34644	12047	36331
34646	12047	36333
34647	12047	36334
34648	12047	36335
34649	12047	36336
34650	12047	36337
34651	12047	36338
34652	12047	36339
34653	12047	36340
34654	12047	36341
34655	12047	36342
34656	12047	36343
34657	12047	36344
34658	13620	36345
34659	13621	36346
34661	564	36348
34662	13622	36349
34663	13623	36350
34666	13624	36353
34668	564	36355
34670	564	36357
34672	564	36359
34673	474	36360
34674	13625	36361
34675	13626	36362
34676	13627	36363
34677	13628	36364
34678	510	36365
34679	510	36366
34680	13629	36367
34681	510	36368
34682	750	36369
34683	750	36370
34684	750	36371
34685	750	36372
34686	750	36373
34687	750	36374
34688	750	36375
34689	750	36376
34690	750	36377
34691	750	36378
34692	452	36379
34693	13630	36380
34694	12709	36381
34695	13631	36382
34696	13632	36383
34697	13633	36384
34698	13634	36385
34699	13635	36386
34700	13636	36387
34701	13637	36388
34702	446	36389
34703	446	36390
34704	446	36391
34705	13638	36392
34706	12709	36393
34707	12709	36394
34708	12709	36395
34709	13639	36396
34710	13640	36397
34711	13641	36398
34712	13642	36399
34713	13643	36400
34714	565	36401
34715	565	36402
34716	564	36403
34717	13644	36404
34718	13644	36405
34719	13644	36406
34720	13644	36407
34721	13644	36408
34722	13644	36409
34723	13644	36410
34724	13644	36411
34725	13644	36412
34726	13644	36413
34727	13644	36414
34728	13644	36415
34729	13644	36416
34730	13644	36417
34731	13644	36418
34732	13644	36419
34733	13644	36420
34734	13644	36421
34735	13644	36422
34736	13644	36423
34737	13646	36424
34738	13646	36425
34740	13647	36427
34741	13647	36428
34742	13647	36429
34743	13647	36430
34745	13645	36432
34746	13645	36433
34747	13647	36434
34748	13648	36435
34749	13649	36436
34750	13650	36437
34751	6198	36438
34752	6198	36439
34753	6198	36440
34754	6198	36441
34755	6198	36442
34756	6198	36443
34757	6198	36444
34758	6198	36445
34759	6198	36446
34760	6198	36447
34761	6198	36448
34762	6198	36449
34763	6198	36450
34764	6198	36451
34765	6198	36452
34766	6198	36453
34767	6198	36454
34768	6198	36455
34769	6198	36456
34770	6198	36457
34771	6198	36458
34772	6198	36459
34773	13651	36460
34774	13652	36461
34775	13653	36462
34776	13655	36463
34777	13656	36464
34778	13658	36465
34779	13659	36466
34780	474	36467
34781	13660	36468
34782	13661	36469
34783	1768	36470
34784	1768	36471
34785	13662	36472
34786	13663	36473
34787	13664	36474
34788	13665	36475
34789	13666	36476
34790	13667	36477
34791	13668	36478
34792	13669	36479
34793	13670	36480
34794	3814	36481
34795	3814	36482
34796	13671	36483
34797	13672	36484
34798	13671	36485
34799	13672	36486
34800	13671	36487
34801	13672	36488
34802	13671	36489
34803	13672	36490
34804	13671	36491
34805	13672	36492
34806	13671	36493
34807	13672	36494
34808	13671	36495
34809	13672	36496
34810	13671	36497
34811	13672	36498
34812	13671	36499
34813	13672	36500
34814	13671	36501
34815	13672	36502
34816	13671	36503
34817	13672	36504
34818	13673	36505
34819	535	36506
34820	535	36507
34821	13674	36508
34822	13675	36509
34823	13677	36510
34824	12014	36511
34825	13678	36512
34826	12337	36513
34827	877	36514
34828	13679	36515
34829	5701	36516
34830	13681	36517
34831	13682	36518
34832	13682	36519
34833	13682	36520
34834	13682	36521
34835	13683	36522
34836	13684	36523
34837	13685	36524
34838	13392	36525
34839	13686	36526
34840	13686	36527
34841	13686	36528
34842	13686	36529
34843	13686	36530
34844	13686	36531
34845	13687	36532
34846	13688	36533
34847	13687	36534
34848	13688	36535
34849	13687	36536
34850	13688	36537
34851	13687	36538
34852	13688	36539
34853	13687	36540
34854	13688	36541
34855	13687	36542
34856	13688	36543
34857	3888	36544
34858	3888	36545
34859	3888	36546
34860	3888	36547
34861	3888	36548
34862	3888	36549
34863	3888	36550
34864	3888	36551
34865	3888	36552
34866	3888	36553
34867	3888	36554
34868	3888	36555
34869	3888	36556
34870	3888	36557
34871	3888	36558
34872	3888	36559
34873	3888	36560
34874	13689	36561
34875	13690	36562
34876	5654	36563
34877	5654	36564
34878	5654	36565
34879	5654	36566
34880	5654	36567
34881	5654	36568
34882	5654	36569
34883	5654	36570
34884	13691	36571
34885	13692	36572
34886	13694	36573
34887	13695	36574
34888	13696	36575
34889	13697	36576
34890	11554	36577
34891	13698	36578
34892	13699	36579
34893	13700	36580
34894	3888	36581
34895	13702	36582
34896	13703	36583
34897	13704	36584
34898	13704	36585
34899	13704	36586
34900	13704	36587
34903	13705	36590
34904	452	36591
34905	452	36592
34906	452	36593
34907	452	36594
34908	13706	36595
34909	13707	36596
34910	3128	36597
34911	3128	36598
34912	3128	36599
34913	3128	36600
34914	3128	36601
34915	3128	36602
34917	3128	36604
34918	450	36605
34919	450	36606
34920	450	36607
34921	450	36608
34922	450	36609
34923	12065	36610
34924	3888	36611
34925	13708	36612
34926	13709	36613
34927	13710	36614
34928	13711	36615
34929	13712	36616
34930	11667	36617
34931	13713	36618
34932	13713	36619
34933	13713	36620
34934	440	36621
34935	13714	36622
34936	13715	36623
34937	1336	36624
34938	13716	36625
34939	13717	36626
34940	13718	36627
34941	13719	36628
34942	13720	36629
34944	13722	36631
34945	13722	36632
34946	13722	36633
34947	13722	36634
34948	13722	36635
34949	13722	36636
34950	13722	36637
34951	13722	36638
34952	13722	36639
34953	13722	36640
34954	13722	36641
34955	13722	36642
34956	13722	36643
34957	13722	36644
34958	13722	36645
34959	13722	36646
34961	13722	36648
34962	13722	36649
34965	13722	36652
34966	13722	36653
34967	13722	36654
34968	13722	36655
34969	13722	36656
34970	13722	36657
34971	13722	36658
34972	13722	36659
34973	13722	36660
34974	13722	36661
34975	3888	36662
34976	13723	36663
34977	13724	36664
34978	13724	36665
34979	13724	36666
34980	478	36667
34981	514	36668
34982	514	36669
34983	514	36670
34984	514	36671
34985	514	36672
34986	514	36673
34987	10134	36674
34988	10134	36675
34989	13725	36676
34990	484	36677
34991	484	36678
34992	484	36679
34993	484	36680
34994	3888	36681
34995	3888	36682
34996	3888	36683
34997	3888	36684
34998	509	36685
34999	509	36686
35000	13726	36687
35001	1527	36688
35002	13727	36689
35003	13729	36690
35004	13730	36691
35005	5773	36692
35006	5773	36693
35007	5773	36694
35008	5773	36695
35009	5773	36696
35010	13731	36697
35011	13732	36698
35012	13733	36699
35013	13734	36700
35014	13735	36701
35015	13736	36702
35016	12125	36703
35017	12125	36704
35018	12125	36705
35019	474	36706
35020	474	36707
35021	474	36708
35023	13737	36710
35024	474	36711
35025	474	36712
35026	474	36713
35027	474	36714
35029	13739	36716
35030	13740	36717
35031	13741	36718
35032	13742	36719
35033	13743	36720
35035	13746	36722
35036	13746	36723
35037	13746	36724
35038	13746	36725
35039	13746	36726
35040	13746	36727
35041	13746	36728
35043	13746	36730
35044	13746	36731
35045	13746	36732
35046	13746	36733
35047	13746	36734
35048	13746	36735
35049	13746	36736
35050	13746	36737
35051	13746	36738
35052	13746	36739
35053	13746	36740
35054	13746	36741
35055	13746	36742
35056	13746	36743
35057	13746	36744
35058	13746	36745
35059	13746	36746
35060	13746	36747
35061	13746	36748
35062	13746	36749
35064	13746	36751
35065	13746	36752
35066	13746	36753
35067	13746	36754
35068	13746	36755
35069	13746	36756
35070	13746	36757
35071	13746	36758
35072	13746	36759
35073	13746	36760
35074	13746	36761
35075	13746	36762
35076	13746	36763
35077	13746	36764
35078	13746	36765
35079	13746	36766
35080	13746	36767
35081	13746	36768
35082	13746	36769
35083	13746	36770
35084	13746	36771
35085	13746	36772
35086	13746	36773
35087	13746	36774
35088	13746	36775
35089	13746	36776
35090	13746	36777
35091	13746	36778
35092	13746	36779
35093	13746	36780
35094	13746	36781
35095	13746	36782
35096	13746	36783
35097	13746	36784
35098	13746	36785
35099	13746	36786
35100	13746	36787
35101	13746	36788
35102	13746	36789
35103	13746	36790
35104	13746	36791
35105	13746	36792
35106	13746	36793
35107	13746	36794
35108	13746	36795
35109	13746	36796
35110	13746	36797
35111	13746	36798
35112	13746	36799
35113	13746	36800
35114	13746	36801
35115	13746	36802
35116	13746	36803
35117	13746	36804
35118	13746	36805
35119	13746	36806
35120	13746	36807
35121	13746	36808
35122	13746	36809
35123	13746	36810
35124	13746	36811
35125	13746	36812
35126	13746	36813
35127	13746	36814
35128	13746	36815
35130	13746	36817
35131	13746	36818
35132	13746	36819
35133	13746	36820
35134	13746	36821
35135	13746	36822
35136	13746	36823
35137	13746	36824
35138	13746	36825
35140	13748	36827
35141	13749	36828
35142	13750	36829
35143	13750	36830
35144	13750	36831
35145	13751	36832
35146	13752	36833
35147	13753	36834
35148	13755	36835
35149	13756	36836
35150	13756	36837
35151	467	36838
35152	13757	36839
35153	13758	36840
35154	13759	36841
35155	13760	36842
35156	13761	36843
35157	13760	36844
35158	13761	36845
35159	13760	36846
35160	13761	36847
35161	13760	36848
35162	13761	36849
35163	13762	36850
35164	13762	36851
35165	13762	36852
35166	13762	36853
35167	13762	36854
35168	13762	36855
35169	13762	36856
35170	13762	36857
35171	13763	36858
35172	13764	36859
35173	13764	36860
35174	13764	36861
35175	13767	36862
35176	13765	36863
35177	13766	36864
35178	13765	36865
35179	13766	36866
35180	13768	36867
35181	13768	36868
35182	13768	36869
35183	13768	36870
35184	13768	36871
35185	13768	36872
35186	13768	36873
35187	13768	36874
35188	13768	36875
35189	13768	36876
35190	13768	36877
35191	13768	36878
35192	13768	36879
35193	13768	36880
35194	13768	36881
35195	13768	36882
35196	13769	36883
35197	13769	36884
35198	13769	36885
35199	13769	36886
35200	13769	36887
35201	13769	36888
35202	13769	36889
35203	13769	36890
35204	13769	36891
35205	13769	36892
35206	13770	36893
35207	12709	36894
35208	13771	36895
35209	498	36896
35210	13772	36897
35211	13773	36898
35212	13774	36899
35213	13775	36900
35214	13776	36901
35215	12739	36902
35216	13777	36903
35217	11667	36904
35218	11667	36905
35219	11667	36906
35220	11667	36907
35221	11668	36908
35222	11668	36909
35223	11668	36910
35224	11668	36911
35225	11668	36912
35226	11668	36913
35227	11668	36914
35228	11668	36915
35229	11668	36916
35230	11668	36917
35231	11668	36918
35232	11668	36919
35233	11671	36920
35234	11671	36921
35235	11671	36922
35236	11674	36923
35237	11674	36924
35238	11674	36925
35239	11561	36926
35240	11561	36927
35241	657	36928
35242	657	36929
35243	657	36930
35244	11672	36931
35245	11673	36932
35246	13778	36933
35247	13779	36934
35248	13780	36935
35249	3395	36936
35250	3395	36937
35251	3395	36938
35252	3395	36939
35253	3395	36940
35254	13746	36941
35255	13746	36942
35256	13781	36943
35257	13782	36944
35258	13783	36945
35259	13784	36946
35260	13785	36947
35261	13786	36948
35262	13787	36949
35263	13788	36950
35264	13789	36951
35265	474	36952
35266	474	36953
35267	474	36954
35268	13790	36955
35269	13791	36956
35270	13792	36957
35271	13793	36958
35272	13794	36959
35273	13795	36960
35274	13795	36961
35275	4767	36962
35276	13796	36963
35277	13796	36964
35278	13796	36965
35279	13796	36966
35280	13796	36967
35281	13797	36968
35282	13798	36969
35283	13799	36970
35285	12742	36972
35286	12742	36973
35287	12742	36974
35288	12742	36975
35289	13801	36976
35290	2996	36977
35291	2996	36978
35292	2996	36979
35293	13802	36980
35294	13803	36981
35295	13804	36982
35296	13805	36983
35297	13806	36984
35298	509	36985
35299	13807	36986
35300	13807	36987
35301	13807	36988
35302	13807	36989
35303	13807	36990
35304	13807	36991
35305	509	36992
35306	13808	36993
35307	13809	36994
35308	13810	36995
35309	13811	36996
35310	13589	36997
35311	13589	36998
35312	13589	36999
35313	13589	37000
35314	11983	37001
35315	11983	37002
35316	11983	37003
35317	11983	37004
35318	13812	37005
35319	13812	37006
35320	13812	37007
35321	13812	37008
35322	13812	37009
35323	13813	37010
35324	13814	37011
35325	13815	37012
35326	13059	37013
35327	13060	37014
35328	13061	37015
35329	13059	37016
35330	13060	37017
35331	13061	37018
35332	13059	37019
35333	13060	37020
35334	13061	37021
35335	13059	37022
35336	13060	37023
35337	13061	37024
35338	13059	37025
35339	13060	37026
35340	13061	37027
35341	13059	37028
35342	13060	37029
35343	13061	37030
35344	13059	37031
35345	13060	37032
35346	13061	37033
35347	13059	37034
35348	13060	37035
35349	13061	37036
35350	13059	37037
35351	13060	37038
35352	13061	37039
35353	13059	37040
35354	13060	37041
35355	13061	37042
35356	13059	37043
35357	13060	37044
35358	13061	37045
35359	13059	37046
35360	13060	37047
35361	13061	37048
35362	13059	37049
35363	13060	37050
35364	13061	37051
35365	13059	37052
35366	13060	37053
35367	13061	37054
35368	13059	37055
35369	13060	37056
35370	13061	37057
35371	13059	37058
35372	13060	37059
35373	13061	37060
35374	13059	37061
35375	13060	37062
35376	13061	37063
35377	13059	37064
35378	13060	37065
35379	13061	37066
35380	13059	37067
35381	13060	37068
35382	13061	37069
35383	13059	37070
35384	13060	37071
35385	13061	37072
35386	13059	37073
35387	13060	37074
35388	13061	37075
35389	13059	37076
35390	13060	37077
35391	13061	37078
35392	13059	37079
35393	13060	37080
35394	13061	37081
35395	13059	37082
35396	13060	37083
35397	13061	37084
35398	13059	37085
35399	13060	37086
35400	13061	37087
35401	13059	37088
35402	13060	37089
35403	13061	37090
35404	13059	37091
35405	13060	37092
35406	13061	37093
35407	13059	37094
35408	13060	37095
35409	13061	37096
35410	13059	37097
35411	13060	37098
35412	13061	37099
35413	13059	37100
35414	13060	37101
35415	13061	37102
35416	13059	37103
35417	13060	37104
35418	13061	37105
35419	13059	37106
35420	13060	37107
35421	13061	37108
35422	13059	37109
35423	13060	37110
35424	13061	37111
35425	13059	37112
35426	13060	37113
35427	13061	37114
35428	13059	37115
35429	13060	37116
35430	13061	37117
35431	13802	37118
35432	13802	37119
35433	13802	37120
35434	13802	37121
35435	13802	37122
35436	13802	37123
35437	13817	37124
35438	474	37125
35439	474	37126
35440	474	37127
35441	13820	37128
35443	13824	37130
35444	474	37131
35445	474	37132
35446	474	37133
35447	13825	37134
35450	13826	37137
35451	13827	37138
35452	13828	37139
35453	13828	37140
35454	13828	37141
35455	13828	37142
35456	13828	37143
35457	13828	37144
35458	13828	37145
35459	13828	37146
35460	13830	37147
35461	13830	37148
35462	474	37149
35463	448	37150
35466	13831	37153
35467	13832	37154
35468	13833	37155
35469	13834	37156
35470	13835	37157
35471	12683	37158
35472	13836	37159
35473	531	37160
35474	531	37161
35475	531	37162
35476	531	37163
35477	531	37164
35478	531	37165
35479	531	37166
35480	13837	37167
35481	510	37168
35482	13838	37169
35483	13054	37170
35484	13054	37171
35485	13054	37172
35486	13054	37173
35487	13054	37174
35488	13054	37175
35489	13054	37176
35490	13054	37177
35491	13054	37178
35492	13054	37179
35493	13839	37180
35494	12112	37181
35495	12112	37182
35496	12112	37183
35497	12112	37184
35498	13840	37185
35499	13841	37186
35500	13842	37187
35501	13843	37188
35502	13844	37189
35503	13845	37190
35504	13848	37191
35505	13849	37192
35506	13850	37193
35507	13851	37194
35508	13852	37195
35509	13853	37196
35510	3395	37197
35511	13854	37198
35512	13855	37199
35513	13856	37200
35514	13855	37201
35515	13855	37202
35516	13855	37203
35517	13855	37204
35518	474	37205
35519	510	37206
35520	510	37207
35521	13857	37208
35523	474	37210
35526	13858	37213
35527	13858	37214
35528	13858	37215
35529	13858	37216
35530	13858	37217
35531	13858	37218
35532	13858	37219
35533	13858	37220
35534	13858	37221
35535	13858	37222
35536	13858	37223
35537	526	37224
35538	510	37225
35539	13859	37226
35540	13860	37227
35541	510	37228
35544	13862	37231
35545	13511	37232
35546	13865	37233
35547	12448	37234
35548	12448	37235
35549	13866	37236
35550	13867	37237
35551	13868	37238
35552	13869	37239
35553	13870	37240
35554	13871	37241
35555	13872	37242
35556	13873	37243
35557	510	37244
35558	13874	37245
35559	1496	37246
35560	510	37247
35561	13876	37248
35562	483	37249
35563	13877	37250
35564	13879	37251
35565	568	37252
35566	568	37253
35567	510	37254
35569	13838	37256
35570	13838	37257
35571	13838	37258
35572	13880	37259
35574	13881	37261
35575	13882	37262
35576	13883	37263
35577	10199	37264
35579	6599	37266
35580	8621	37267
35581	8621	37268
35582	8621	37269
35583	474	37270
35584	13885	37271
35585	13885	37272
35586	13885	37273
35587	13885	37274
35588	510	37275
35589	12127	37276
35590	510	37277
35591	13886	37278
35592	13887	37279
35593	13888	37280
35594	13889	37281
35595	12262	37282
35596	13404	37283
35597	13892	37284
35598	13894	37285
35599	13889	37286
35600	12263	37287
35601	13406	37288
35602	13889	37289
35603	13889	37290
35604	13889	37291
35605	13899	37292
35606	13899	37293
35609	13899	37296
35610	13899	37297
35611	13899	37298
35612	13902	37299
35613	13903	37300
35614	13904	37301
35615	13906	37302
35616	474	37303
35617	13907	37304
35618	13908	37305
35619	13909	37306
35620	13910	37307
35621	13911	37308
35622	13912	37309
35623	13913	37310
35624	13914	37311
35625	13915	37312
35626	13916	37313
35627	13918	37314
35628	13919	37315
35629	13920	37316
35630	13921	37317
35631	502	37318
35632	13922	37319
35633	904	37320
35634	13923	37321
35635	13924	37322
35636	13924	37323
35637	13925	37324
35638	13926	37325
35639	11921	37326
35640	12778	37327
35641	13928	37328
35642	13928	37329
35643	13928	37330
35644	13929	37331
35645	13929	37332
35646	13930	37333
35647	13932	37334
35648	13933	37335
35649	13934	37336
35650	13935	37337
35651	13936	37338
35652	13938	37339
35653	13939	37340
35654	13940	37341
35655	13941	37342
35656	13942	37343
35657	2652	37344
35658	13943	37345
35659	13944	37346
35660	13945	37347
35661	13946	37348
35662	514	37349
35663	514	37350
35664	13948	37351
35665	531	37352
35666	531	37353
35667	523	37354
35668	448	37355
35669	13950	37356
35670	13950	37357
35671	13950	37358
35672	13950	37359
35673	13950	37360
35674	13950	37361
35675	13950	37362
35676	13950	37363
35677	13950	37364
35678	13950	37365
35679	13950	37366
35680	13950	37367
35681	13950	37368
35682	13951	37369
35683	13952	37370
35684	12966	37371
35685	13954	37372
35686	13955	37373
35687	13957	37374
35688	13958	37375
35689	13959	37376
35690	13960	37377
35691	13961	37378
35692	13962	37379
35693	2652	37380
35694	2652	37381
35695	2652	37382
35696	2652	37383
35697	2652	37384
35698	2652	37385
35699	2652	37386
35700	2652	37387
35701	2652	37388
35702	2652	37389
35703	2652	37390
35704	2652	37391
35705	2652	37392
35706	2652	37393
35707	2652	37394
35708	2652	37395
35709	2652	37396
35710	2652	37397
35711	2652	37398
35712	2652	37399
35713	2652	37400
35714	13963	37401
35715	13964	37402
35716	13965	37403
35717	12285	37404
35718	12285	37405
35719	10774	37406
35720	10774	37407
35721	13967	37408
35722	13968	37409
35723	13969	37410
35724	13970	37411
35725	5299	37412
35726	13972	37413
35727	13972	37414
35728	13973	37415
35729	12627	37416
35730	13975	37417
35731	523	37418
35732	13976	37419
35733	13976	37420
35734	13976	37421
35735	13976	37422
35736	13976	37423
35737	13976	37424
35738	13976	37425
35739	13976	37426
35741	531	37428
35742	11542	37429
35743	13978	37430
35744	13979	37431
35745	13980	37432
35746	13981	37433
35747	13982	37434
35748	13983	37435
35749	13983	37436
35750	13983	37437
35751	13983	37438
35752	13983	37439
35753	13983	37440
35754	13983	37441
35755	13983	37442
35756	13983	37443
35757	13983	37444
35758	13983	37445
35759	13983	37446
35760	13983	37447
35761	13983	37448
35762	13983	37449
35763	13983	37450
35764	13983	37451
35765	13983	37452
35766	13983	37453
35767	13983	37454
35768	13983	37455
35769	13983	37456
35770	13983	37457
35771	13983	37458
35772	13984	37459
35773	13299	37460
35774	13985	37461
35775	13986	37462
35776	13987	37463
35777	13988	37464
35778	13989	37465
35779	13987	37466
35780	13989	37467
35781	13988	37468
35782	13987	37469
35783	13989	37470
35784	13988	37471
35785	13990	37472
35788	13991	37475
35789	845	37476
35790	845	37477
35791	845	37478
35792	845	37479
35793	13992	37480
35794	12805	37481
35795	12806	37482
35796	12806	37483
35797	13993	37484
35798	12806	37485
35799	13994	37486
35800	13995	37487
35801	13996	37488
35802	11667	37489
35803	11667	37490
35804	11667	37491
35805	11667	37492
35806	11667	37493
35807	11667	37494
35808	11668	37495
35809	11668	37496
35810	11668	37497
35811	11668	37498
35812	11668	37499
35813	11668	37500
35814	11671	37501
35815	11671	37502
35816	11671	37503
35817	11671	37504
35818	11671	37505
35819	11671	37506
35821	11671	37508
35822	11674	37509
35823	11558	37510
35824	11558	37511
35825	11558	37512
35826	11558	37513
35827	11558	37514
35828	11561	37515
35829	11561	37516
35830	11561	37517
35831	11561	37518
35832	11561	37519
35833	11561	37520
35834	11557	37521
35835	11557	37522
35836	11672	37523
35837	11672	37524
35838	11672	37525
35839	11672	37526
35840	11672	37527
35841	11673	37528
35842	11673	37529
35844	11673	37531
35845	11554	37532
35846	13475	37533
35847	13475	37534
35848	13475	37535
35849	13475	37536
35850	13475	37537
35851	12416	37538
35852	12416	37539
35853	13997	37540
35854	564	37541
35855	13998	37542
35856	13999	37543
35857	474	37544
35858	474	37545
35859	474	37546
35860	474	37547
35861	510	37548
35862	14000	37549
35864	13765	37551
35865	13766	37552
35866	14001	37553
35867	474	37554
35868	474	37555
35869	474	37556
35870	474	37557
35871	12047	37558
35872	12047	37559
35873	12047	37560
35874	12047	37561
35875	12047	37562
35876	12047	37563
35877	12047	37564
35878	12047	37565
35879	12047	37566
35880	12047	37567
35881	12047	37568
35882	12047	37569
35883	12047	37570
35884	12047	37571
35885	12047	37572
35886	12047	37573
35887	12047	37574
35888	12047	37575
35889	12047	37576
35890	12047	37577
35891	12047	37578
35892	12047	37579
35893	12047	37580
35894	12327	37581
35895	12327	37582
35896	12327	37583
35897	12327	37584
35898	12327	37585
35899	12327	37586
35900	12327	37587
35901	12327	37588
35902	12327	37589
35903	12327	37590
35904	12327	37591
35905	12327	37592
35906	12327	37593
35907	12327	37594
35908	14003	37595
35909	14004	37596
35910	14005	37597
35911	14006	37598
35912	14007	37599
35913	14008	37600
35914	14011	37601
35915	13261	37602
35916	13261	37603
35917	13261	37604
35918	13261	37605
35919	13261	37606
35920	14012	37607
35921	13746	37608
35922	13746	37609
35923	14013	37610
35924	14013	37611
35925	14013	37612
35926	14013	37613
35927	14013	37614
35928	14013	37615
35929	14014	37616
35930	10887	37617
35931	14015	37618
35932	14016	37619
35933	14017	37620
35934	14019	37621
35935	14020	37622
35936	14022	37623
35937	510	37624
35938	14023	37625
35939	510	37626
35940	14024	37627
35941	14024	37628
35942	14025	37629
35943	14025	37630
35944	14025	37631
35945	14025	37632
35946	14025	37633
35947	14026	37634
35948	14027	37635
35949	14028	37636
35950	14028	37637
35951	14028	37638
35952	474	37639
35953	474	37640
35954	474	37641
35955	474	37642
35956	14029	37643
35957	14030	37644
35958	531	37645
35959	531	37646
35960	531	37647
35961	14031	37648
35962	14033	37649
35963	14034	37650
35964	14035	37651
35965	510	37652
35966	14036	37653
35967	14038	37654
35968	14039	37655
35969	14040	37656
35970	480	37657
35971	14043	37658
35972	14044	37659
35973	14044	37660
35974	14044	37661
35975	14044	37662
35976	14044	37663
35977	14044	37664
35978	14044	37665
35979	14044	37666
35980	14044	37667
35981	14045	37668
35982	14045	37669
35983	14045	37670
35984	14045	37671
35985	14045	37672
35986	14045	37673
35987	14045	37674
35988	14045	37675
35989	14045	37676
35990	14045	37677
35991	14046	37678
35992	14046	37679
35993	14046	37680
35994	14046	37681
35995	14046	37682
35996	14046	37683
35997	14046	37684
35998	14046	37685
35999	14046	37686
36000	14046	37687
36001	14046	37688
36002	14046	37689
36003	14046	37690
36004	14046	37691
36005	14046	37692
36006	14046	37693
36007	14046	37694
36008	14046	37695
36009	14046	37696
36010	14046	37697
36011	14046	37698
36012	14046	37699
36013	14046	37700
36014	14046	37701
36015	14046	37702
36016	14046	37703
36017	14046	37704
36018	14046	37705
36019	14046	37706
36020	14047	37707
36021	14047	37708
36022	14047	37709
36023	14047	37710
36024	14047	37711
36025	14047	37712
36026	14047	37713
36027	14047	37714
36028	14047	37715
36029	14047	37716
36030	14047	37717
36031	14047	37718
36032	14047	37719
36033	14047	37720
36034	14047	37721
36035	14047	37722
36036	14047	37723
36037	14047	37724
36038	14047	37725
36039	14047	37726
36040	14047	37727
36041	14047	37728
36042	14047	37729
36043	14047	37730
36044	14047	37731
36045	14047	37732
36046	14047	37733
36047	14047	37734
36048	14047	37735
36049	14048	37736
36050	14048	37737
36051	14048	37738
36052	14048	37739
36053	14048	37740
36054	14048	37741
36055	14048	37742
36056	14048	37743
36057	14048	37744
36058	14048	37745
36059	14048	37746
36060	14048	37747
36061	14048	37748
36062	14048	37749
36063	14048	37750
36064	14048	37751
36065	14048	37752
36066	14048	37753
36067	14048	37754
36068	14048	37755
36069	14048	37756
36070	14048	37757
36071	14048	37758
36072	14048	37759
36073	14048	37760
36074	14048	37761
36075	14048	37762
36076	14048	37763
36077	14048	37764
36078	14049	37765
36079	14049	37766
36080	14049	37767
36081	14049	37768
36082	14049	37769
36083	14049	37770
36084	14049	37771
36085	14049	37772
36086	14049	37773
36087	14049	37774
36088	14049	37775
36089	14049	37776
36090	14049	37777
36091	14049	37778
36092	14049	37779
36093	14049	37780
36094	14049	37781
36095	14049	37782
36096	14049	37783
36097	14049	37784
36098	14049	37785
36099	14049	37786
36100	14049	37787
36101	14049	37788
36102	14049	37789
36103	14049	37790
36104	14049	37791
36105	14049	37792
36106	14049	37793
36107	13057	37794
36108	13057	37795
36109	13057	37796
36110	13057	37797
36111	13057	37798
36112	13057	37799
36113	13057	37800
36114	13057	37801
36115	13057	37802
36116	13057	37803
36117	13057	37804
36118	13057	37805
36119	13057	37806
36120	13057	37807
36121	13057	37808
36122	13057	37809
36123	13057	37810
36124	13057	37811
36125	13057	37812
36126	13057	37813
36127	13057	37814
36128	13057	37815
36129	13057	37816
36130	13057	37817
36131	13057	37818
36132	13057	37819
36133	13057	37820
36134	13057	37821
36135	13057	37822
36136	14052	37823
36137	14052	37824
36138	14052	37825
36139	14052	37826
36140	14052	37827
36141	14052	37828
36142	14052	37829
36143	14052	37830
36144	14052	37831
36145	14052	37832
36146	14052	37833
36147	14052	37834
36148	14052	37835
36149	14052	37836
36150	14052	37837
36151	14052	37838
36152	14052	37839
36153	14052	37840
36154	14052	37841
36155	14052	37842
36156	14052	37843
36157	14052	37844
36158	14052	37845
36159	14052	37846
36160	14052	37847
36161	14052	37848
36162	14052	37849
36163	14052	37850
36164	14052	37851
36165	14053	37852
36166	1971	37853
36167	14054	37854
36168	4987	37855
36169	14055	37856
36170	14056	37857
36171	4807	37858
36172	4635	37859
36173	4784	37860
36174	14058	37861
36175	14059	37862
36176	4697	37863
36177	4648	37864
36178	4537	37865
36179	14060	37866
36180	14060	37867
36181	14060	37868
36182	10684	37869
36183	14061	37870
36184	14061	37871
36186	14062	37873
36187	14063	37874
36188	474	37875
36189	474	37876
36190	14064	37877
36191	474	37878
36192	474	37879
36193	474	37880
36194	474	37881
36195	14065	37882
36196	510	37883
36197	510	37884
36198	14066	37885
36199	14067	37886
36200	12552	37887
36201	12552	37888
36202	12552	37889
36203	12552	37890
36204	510	37891
36205	14069	37892
36206	474	37893
36207	13844	37894
36208	13844	37895
36209	13844	37896
36210	13844	37897
36211	13844	37898
36212	13844	37899
36213	13844	37900
36214	13844	37901
36215	13844	37902
36216	531	37903
36217	14071	37904
36218	14072	37905
36219	14073	37906
36220	14073	37907
36221	14073	37908
36222	14073	37909
36223	14073	37910
36224	14073	37911
36225	14073	37912
36226	14073	37913
36227	14073	37914
36228	14073	37915
36229	14073	37916
36230	4232	37917
36231	12465	37918
36232	9727	37919
36233	12161	37920
36235	490	37922
36237	14074	37924
36238	14075	37925
36239	14076	37926
36240	14077	37927
36246	12289	37933
36247	14078	37934
36248	13995	37935
36249	13995	37936
36250	13995	37937
36251	531	37938
36252	14079	37939
36253	14080	37940
36254	14081	37941
36255	14082	37942
36256	10164	37943
36257	14086	37944
36258	14087	37945
36259	6040	37946
36260	14090	37947
36261	14093	37948
36262	14094	37949
36263	14095	37950
36264	14093	37951
36265	14094	37952
36266	14095	37953
36267	14093	37954
36268	14094	37955
36269	14095	37956
36270	14093	37957
36271	14094	37958
36272	14095	37959
36273	14093	37960
36274	14094	37961
36275	14095	37962
36276	14093	37963
36277	14094	37964
36278	14095	37965
36279	5083	37966
36280	485	37967
36281	14096	37968
36282	14097	37969
36283	14098	37970
36284	14099	37971
36285	10224	37972
36286	14100	37973
36287	14101	37974
36288	12049	37975
36289	14102	37976
36290	14103	37977
36291	13722	37978
36292	14104	37979
36293	531	37980
36294	531	37981
36295	14105	37982
36296	12103	37983
36297	13054	37984
36298	14106	37985
36299	14106	37986
36300	3395	37987
36301	12396	37988
36302	12396	37989
36303	14107	37990
36304	564	37991
36305	14108	37992
36306	14109	37993
36307	14109	37994
36308	14109	37995
36309	474	37996
36310	2861	37997
36311	14110	37998
36312	14073	37999
36313	14111	38000
36314	14112	38001
36315	443	38002
36316	14113	38003
36317	14114	38004
36318	14115	38005
36319	14116	38006
36320	14117	38007
36321	564	38008
36322	13838	38009
36323	13838	38010
36324	13838	38011
36325	13838	38012
36326	13838	38013
36327	13838	38014
36328	13838	38015
36329	14118	38016
36330	14118	38017
36331	14118	38018
36332	14118	38019
36333	14118	38020
36334	14118	38021
36335	14118	38022
36336	14118	38023
36337	14118	38024
36338	14118	38025
36339	14118	38026
36340	14118	38027
36341	14118	38028
36342	14119	38029
36343	603	38030
36344	603	38031
36345	603	38032
36346	603	38033
36347	14120	38034
36348	14121	38035
36349	564	38036
36350	441	38037
36351	499	38038
36352	14123	38039
36353	14124	38040
36354	14125	38041
36355	14126	38042
36356	13335	38043
36357	13335	38044
36358	13335	38045
36359	13335	38046
36360	13335	38047
36361	13335	38048
36362	13335	38049
36363	13335	38050
36364	13335	38051
36365	13335	38052
36366	13335	38053
36367	510	38054
36368	14127	38055
36369	14127	38056
36370	510	38057
36371	474	38058
36372	510	38059
36373	474	38060
36374	14128	38061
36375	14128	38062
36376	14128	38063
36377	13389	38064
36378	13389	38065
36379	13389	38066
36380	13389	38067
36381	13389	38068
36382	13389	38069
36383	14129	38070
36384	14130	38071
36385	14131	38072
36386	510	38073
36387	13349	38074
36388	509	38075
36391	509	38078
36392	4737	38079
36393	4737	38080
36394	4737	38081
36395	14132	38082
36396	14132	38083
36397	14132	38084
36398	14132	38085
36399	14132	38086
36400	14132	38087
36401	14132	38088
36402	14132	38089
36403	14132	38090
36404	5901	38091
36405	5901	38092
36406	5901	38093
36407	5901	38094
36408	5901	38095
36409	5901	38096
36410	14134	38097
36411	510	38098
36412	14135	38099
36413	14136	38100
36414	14137	38101
36415	14138	38102
36416	510	38103
36417	14139	38104
36418	509	38105
36419	509	38106
36420	14140	38107
36421	14140	38108
36422	14140	38109
36423	14140	38110
36424	566	38111
36425	14141	38112
36426	566	38113
36428	603	38115
36429	603	38116
36430	10315	38117
36431	10315	38118
36432	10315	38119
36433	10315	38120
36434	10315	38121
36435	14143	38122
36436	14144	38123
36437	14144	38124
36438	14144	38125
36439	14144	38126
36440	14144	38127
36441	14144	38128
36442	14144	38129
36443	14144	38130
36444	14144	38131
36445	14144	38132
36446	14144	38133
36447	14144	38134
36448	14144	38135
36449	14144	38136
36450	14144	38137
36451	14144	38138
36452	14144	38139
36453	14144	38140
36454	14144	38141
36455	14144	38142
36456	14144	38143
36457	14144	38144
36458	14144	38145
36459	14144	38146
36460	14144	38147
36461	14144	38148
36462	14144	38149
36463	14144	38150
36464	14144	38151
36465	14144	38152
36466	14144	38153
36467	14144	38154
36468	14144	38155
36469	14145	38156
36470	14146	38157
36471	14147	38158
36472	13746	38159
36473	13746	38160
36474	13746	38161
36475	531	38162
36476	14148	38163
36477	13924	38164
36478	14149	38165
36479	14150	38166
36480	3888	38167
36481	3888	38168
36482	14151	38169
36483	3888	38170
36484	14152	38171
36485	565	38172
36486	565	38173
36487	565	38174
36488	565	38175
36489	565	38176
36490	565	38177
36491	565	38178
36492	565	38179
36493	565	38180
36494	565	38181
36495	565	38182
36496	565	38183
36497	565	38184
36498	565	38185
36499	565	38186
36500	565	38187
36501	565	38188
36502	565	38189
36503	565	38190
36504	565	38191
36505	565	38192
36506	565	38193
36507	565	38194
36508	565	38195
36509	565	38196
36512	565	38199
36513	565	38200
36514	565	38201
36515	565	38202
36516	565	38203
36517	14153	38204
36518	565	38205
36519	565	38206
36520	565	38207
36521	565	38208
36522	565	38209
36523	565	38210
36524	565	38211
36525	14154	38212
36526	14155	38213
36527	14156	38214
36528	565	38215
36529	565	38216
36530	565	38217
36531	565	38218
36532	565	38219
36533	565	38220
36534	565	38221
36535	14157	38222
36536	565	38223
36537	565	38224
36538	565	38225
36539	565	38226
36540	14158	38227
36541	14159	38228
36542	14159	38229
36543	4441	38230
36544	565	38231
36545	14160	38232
36546	565	38233
36547	565	38234
36548	565	38235
36549	565	38236
36550	565	38237
36551	565	38238
36552	565	38239
36553	565	38240
36554	565	38241
36555	565	38242
36556	565	38243
36557	565	38244
36558	565	38245
36559	565	38246
36560	565	38247
36561	565	38248
36562	14161	38249
36563	565	38250
36564	565	38251
36565	565	38252
36566	14163	38253
36567	11053	38254
36568	11211	38255
36569	566	38256
36570	566	38257
36571	566	38258
36572	566	38259
36573	566	38260
36574	566	38261
36575	14164	38262
36576	566	38263
36577	566	38264
36578	566	38265
36579	566	38266
36580	566	38267
36581	566	38268
36582	566	38269
36583	566	38270
36584	566	38271
36585	566	38272
36586	14166	38273
36587	566	38274
36588	566	38275
36589	566	38276
36590	566	38277
36591	566	38278
36592	566	38279
36593	566	38280
36594	566	38281
36595	566	38282
36596	566	38283
36597	566	38284
36598	566	38285
36599	566	38286
36600	566	38287
36601	566	38288
36602	566	38289
36603	566	38290
36604	566	38291
36605	566	38292
36606	566	38293
36607	566	38294
36608	566	38295
36609	566	38296
36610	566	38297
36611	568	38298
36612	14167	38299
36613	14167	38300
36614	14167	38301
36615	14167	38302
36616	14168	38303
36617	10266	38304
36618	14169	38305
36619	14170	38306
36620	14171	38307
36621	14171	38308
36622	14171	38309
36623	14171	38310
36624	14171	38311
36625	14171	38312
36626	14171	38313
36627	14171	38314
36628	14171	38315
36629	14171	38316
36630	14172	38317
36631	14172	38318
36632	14172	38319
36633	14172	38320
36634	14172	38321
36635	14172	38322
36636	14172	38323
36637	14172	38324
36638	14172	38325
36639	14172	38326
36640	13830	38327
36641	14173	38328
36642	596	38329
36643	14174	38330
36644	5271	38331
36645	5271	38332
36646	5271	38333
36647	5271	38334
36648	5271	38335
36649	5271	38336
36650	14175	38337
36651	5271	38338
36652	510	38339
36653	510	38340
36654	510	38341
36655	510	38342
36656	510	38343
36658	14176	38345
36659	14176	38346
36660	14176	38347
36661	14176	38348
36662	14176	38349
36663	14176	38350
36664	14177	38351
36665	10210	38352
36666	14178	38353
36667	539	38354
36668	505	38355
36669	14179	38356
36670	14180	38357
36671	2123	38358
36672	14181	38359
36673	14182	38360
36674	14183	38361
36675	14184	38362
36676	13054	38363
36677	13054	38364
36678	13054	38365
36679	14185	38366
36680	14186	38367
36681	14187	38368
36682	14188	38369
36683	14189	38370
36684	14189	38371
36685	14189	38372
36686	14189	38373
36687	14189	38374
36688	14189	38375
36689	14189	38376
36690	14189	38377
36691	14189	38378
36692	14189	38379
36693	14190	38380
36694	14191	38381
36695	548	38382
36697	14192	38384
36698	14192	38385
36699	14192	38386
36700	14193	38387
36701	14194	38388
36702	14194	38389
36703	14194	38390
36704	14194	38391
36705	14194	38392
36706	14194	38393
36707	14194	38394
36708	2934	38395
36709	2934	38396
36710	2934	38397
36711	2934	38398
36712	2934	38399
36713	2934	38400
36714	2934	38401
36715	2934	38402
36716	582	38403
36717	564	38404
36718	564	38405
36719	564	38406
36720	5301	38407
36721	5301	38408
36722	5301	38409
36723	5301	38410
36724	5301	38411
36725	14195	38412
36726	487	38413
36727	14196	38414
36728	14197	38415
36729	14198	38416
36730	574	38417
36731	14201	38418
36732	14201	38419
36733	14201	38420
36734	14201	38421
36735	14201	38422
36736	566	38423
36737	14202	38424
36738	14202	38425
36739	14202	38426
36740	14202	38427
36741	14202	38428
36742	14202	38429
36743	14202	38430
36744	14202	38431
36745	3128	38432
36746	3128	38433
36747	3128	38434
36748	3128	38435
36749	3128	38436
36750	3128	38437
36751	14203	38438
36752	3128	38439
36753	449	38440
36754	449	38441
36755	14204	38442
36756	574	38443
36757	14205	38444
36759	14207	38446
36761	7079	38448
36762	7079	38449
36763	566	38450
36764	566	38451
36765	566	38452
36766	566	38453
36767	566	38454
36768	566	38455
36769	566	38456
36770	566	38457
36771	566	38458
36772	566	38459
36773	566	38460
36774	566	38461
36775	566	38462
36776	566	38463
36777	566	38464
36778	566	38465
36779	566	38466
36780	566	38467
36781	566	38468
36782	566	38469
36783	566	38470
36784	566	38471
36785	14209	38472
36786	14210	38473
36787	877	38474
36788	566	38475
36789	566	38476
36790	566	38477
36791	566	38478
36792	566	38479
36793	566	38480
36794	566	38481
36795	566	38482
36796	566	38483
36797	566	38484
36798	566	38485
36799	566	38486
36800	566	38487
36801	566	38488
36802	566	38489
36803	505	38490
36804	14211	38491
36805	14212	38492
36806	14213	38493
36807	566	38494
36808	566	38495
36809	566	38496
36810	566	38497
36811	566	38498
36812	566	38499
36813	14214	38500
36814	14214	38501
36815	566	38502
36816	566	38503
36817	566	38504
36818	14215	38505
36819	566	38506
36820	566	38507
36821	566	38508
36822	566	38509
36823	566	38510
36824	14216	38511
36825	566	38512
36826	566	38513
36827	566	38514
36828	452	38515
36829	452	38516
36830	12035	38517
36831	14218	38518
36832	14219	38519
36833	14220	38520
36834	566	38521
36835	566	38522
36836	582	38523
36837	14221	38524
36838	14222	38525
36839	596	38526
36840	12709	38527
36841	14223	38528
36842	14224	38529
36843	14224	38530
36844	14224	38531
36845	14224	38532
36846	14225	38533
36847	13061	38534
36848	13060	38535
36849	13059	38536
36850	13669	38537
36853	12014	38540
36854	12014	38541
36855	14229	38542
36856	14231	38543
36857	14231	38544
36858	14231	38545
36859	14232	38546
36860	14232	38547
36861	14232	38548
36862	14233	38549
36863	2536	38550
36864	2536	38551
36865	2536	38552
36866	14234	38553
36867	13335	38554
36868	13335	38555
