#id	vehiclespecschemaid	modelid
1	1	2208
2	2	2469
3	3	10290
12	7	3148
17	10	4014
49	29	2074
51	31	2128
58	36	1959
59	36	1960
60	36	1961
61	36	10206
69	44	1865
75	49	10206
76	49	1962
77	49	1963
91	58	8173
92	57	3676
93	59	16783
94	60	13759
95	61	3146
96	62	3147
97	63	3787
98	64	3788
99	65	4014
100	66	3148
101	67	3677
102	68	4015
103	69	8258
104	70	8685
105	71	3151
106	72	4051
107	73	3862
108	74	4052
109	75	3679
110	76	3789
111	77	3145
112	77	3861
113	78	4016
115	81	14006
116	82	9822
117	83	9823
129	86	13825
146	92	2300
147	93	1719
149	95	1717
150	96	1714
151	97	2178
163	101	13835
183	104	10289
184	104	1690
185	104	1689
186	104	1691
188	106	4016
200	26	8685
202	14	3678
216	87	2172
221	114	2173
226	118	9569
237	126	2475
240	129	2180
241	130	2184
243	132	3406
244	133	2214
246	135	2215
251	140	2208
254	143	13823
267	16	3133
268	16	3140
269	16	3137
270	16	8364
275	155	3136
276	156	13602
292	172	2585
293	172	5195
294	173	20813
295	174	20811
303	176	2777
304	177	9568
311	181	24940
314	183	1710
315	184	9570
318	186	1729
326	192	1767
337	203	10290
339	205	7847
340	206	1822
346	212	17844
350	216	1821
352	218	2164
357	223	2339
359	32	2153
374	238	2080
375	239	2113
377	241	2084
384	248	1842
385	249	11438
386	250	1841
396	251	2299
398	252	3184
400	261	2460
413	273	2771
419	267	11447
420	269	2459
421	266	16694
428	279	1835
430	278	1836
431	281	13672
433	282	1838
441	289	2149
444	280	1832
445	283	1834
447	293	1833
457	303	1837
458	304	1830
460	306	1829
481	327	1831
482	328	10988
483	329	1921
489	314	1847
490	335	1847
491	315	1858
497	341	1801
505	349	3608
506	350	3608
507	351	3608
508	352	1853
524	368	1852
525	369	1851
526	370	1848
528	372	1897
532	376	4086
537	381	1947
554	398	1917
557	401	4086
563	407	1908
564	408	1909
566	403	1901
568	411	1850
569	412	7895
570	413	8031
571	414	7994
582	425	3154
631	437	2179
632	221	2342
633	222	13842
634	219	13867
635	220	2163
636	50	13800
637	37	13798
638	42	8151
639	438	24247
640	18	3134
641	17	8119
642	152	24230
644	107	14006
645	112	9822
646	416	1824
651	427	9570
652	428	1710
659	429	9569
660	430	1729
661	431	2300
662	433	5992
663	432	1719
664	434	1717
665	435	1714
666	436	2178
667	390	1689
668	391	1690
669	392	10289
670	393	1691
671	361	2035
674	366	1878
675	367	3628
676	371	1939
677	373	1893
678	374	1895
679	375	14832
680	377	3508
681	364	10396
683	379	13620
684	380	13621
685	378	2050
686	446	1825
687	382	1946
688	383	6160
689	384	1943
690	385	1945
691	386	1949
692	387	1700
693	388	1699
694	389	11445
696	448	1827
697	449	10297
698	450	11442
699	451	1843
700	452	1858
701	453	1855
702	454	1859
703	291	10290
704	294	1822
705	295	1821
706	296	1836
707	297	1835
708	455	4579
709	298	1832
710	299	13672
711	300	1838
712	301	1834
713	302	1833
714	305	1829
715	307	1831
716	308	1824
717	309	1825
718	310	1827
719	456	1856
720	311	10297
721	312	1842
722	313	10988
723	316	11438
724	317	1853
725	319	1841
726	318	1855
727	457	4093
728	320	11442
729	321	1852
732	322	1859
733	323	1843
734	459	4093
735	325	1851
736	326	4579
737	324	4935
738	460	1857
740	262	11441
741	263	11440
742	264	2285
743	120	2242
744	122	2375
745	123	2247
746	462	1857
747	125	2246
748	127	2244
749	128	2241
752	465	24909
754	467	1856
755	468	1856
756	469	1856
757	470	1857
758	471	24909
759	472	24909
762	255	2739
763	254	2462
764	257	12815
765	259	15705
770	253	2769
771	258	3071
772	473	2740
773	260	2770
779	224	2153
780	225	2074
783	231	11448
784	477	2153
786	226	2078
791	233	2085
792	234	2081
793	235	2082
794	236	2086
795	237	2079
796	480	11452
797	240	2083
798	242	2084
799	243	5885
800	244	5886
801	245	2131
802	246	14005
803	207	1894
804	208	1898
805	209	1907
806	210	1904
807	211	2302
808	213	1911
809	395	1914
810	396	1913
811	397	1915
813	399	1906
814	400	1890
815	404	1902
816	405	1903
817	482	2038
819	196	2232
820	197	2233
821	198	2235
822	199	13580
823	200	2237
824	201	2234
825	202	2238
839	484	2469
841	486	2208
842	487	15800
844	30	8173
848	488	1861
850	489	1863
853	6	3148
854	6	3677
855	20	4015
856	25	8258
857	12	3151
858	490	3678
859	48	4051
860	39	3862
861	45	4052
862	40	3679
863	108	3789
865	105	3861
866	110	9823
868	491	8118
869	19	13844
870	35	13670
878	498	13799
880	500	14249
882	501	13823
885	504	1865
887	505	2127
890	247	10424
896	272	2773
897	509	22249
899	268	2058
900	510	23521
901	271	12579
902	270	12580
903	511	1864
904	265	2735
905	512	1866
906	513	2150
907	514	2147
908	515	5168
910	274	2298
912	46	9212
914	516	1871
916	518	2149
919	288	1871
920	519	5354
922	27	1863
924	337	1797
926	338	1798
927	339	1799
928	340	1800
929	521	1801
931	343	1802
932	344	1779
933	345	1780
934	346	2346
935	347	1781
936	348	1782
937	353	1811
938	354	3599
939	355	1812
940	356	1812
941	357	1813
942	358	1790
943	359	1814
944	360	5192
945	522	13627
946	522	13628
947	522	13629
948	523	13627
949	523	13628
950	523	13629
951	342	3267
955	525	1862
964	115	2170
965	115	13825
966	115	9567
967	115	2171
968	115	13826
970	530	1711
971	531	2173
972	532	9568
973	533	2172
974	534	2777
975	535	2220
976	536	2230
977	537	13828
978	538	13827
979	539	2024
980	540	1715
981	541	1716
982	542	2240
983	543	1718
984	544	2231
985	545	20813
986	546	2585
987	547	20814
988	548	20811
989	549	5195
990	550	1731
991	551	1732
992	552	21793
993	553	24944
994	554	1720
995	555	1722
996	556	21792
997	557	13835
998	558	20815
999	559	1921
1000	330	4086
1001	332	4093
1002	333	1850
1003	334	1857
1006	22	1861
1007	285	2150
1008	286	2147
1009	287	5168
1010	336	3462
1011	28	2127
1012	560	1869
1013	284	1866
1014	290	5354
1015	394	1905
1016	406	1899
1020	563	2055
1021	524	13627
1022	524	13628
1023	524	13629
1025	564	1856
1029	567	1848
1030	566	1848
1031	565	1848
1032	568	1856
1033	569	1856
1034	461	2057
1035	570	5881
1036	571	1920
1037	572	1922
1038	573	1918
1044	576	8121
1045	577	1703
1046	578	1703
1047	579	1703
1048	580	11451
1049	581	11451
1050	214	1919
1051	495	1959
1052	496	10208
1055	497	10206
1056	443	3132
1057	442	1962
1058	583	13798
1059	584	13800
1062	586	2232
1063	587	2233
1065	589	13580
1066	590	2234
1067	591	2460
1069	593	2770
1070	594	2769
1071	595	2739
1073	476	21370
1074	596	11441
1075	597	11440
1076	598	2285
1077	599	2242
1078	600	2375
1079	601	22434
1082	604	10396
1083	605	2037
1084	606	2055
1085	607	3267
1086	608	1779
1087	609	3462
1088	610	1780
1089	611	1782
1090	612	1802
1092	444	10326
1099	617	1797
1100	618	1798
1101	520	17774
1102	619	1800
1107	621	1811
1110	229	2077
1112	230	2072
1126	633	2050
1129	636	13622
1130	622	1939
1131	623	3508
1132	624	1893
1133	625	1895
1134	626	1942
1135	627	1946
1136	628	6160
1137	629	1943
1138	630	25197
1139	637	1945
1140	631	1949
1144	640	13627
1145	641	13628
1146	642	13629
1147	634	13620
1148	635	13621
1149	643	13622
1150	644	13624
1151	645	13625
1152	614	1700
1153	615	1699
1154	646	11445
1155	602	1878
1156	603	3628
1157	613	2035
1158	647	11448
1159	447	11446
1160	648	2773
1161	649	2735
1162	650	11447
1163	651	2459
1164	652	2058
1165	653	2247
1166	654	2246
1167	655	2244
1168	656	2241
1169	463	9337
1170	464	19055
1171	439	17618
1172	657	8119
1173	493	3133
1174	494	3137
1175	658	3134
1176	659	8151
1177	492	5059
1178	660	13844
1179	661	13670
1180	662	24230
1182	665	7832
1183	666	7895
1184	667	8031
1185	668	7994
1186	478	2074
1187	669	2078
1188	479	10202
1189	228	2369
1190	671	2085
1191	672	2081
1192	673	2082
1193	674	2086
1194	675	2079
1195	676	2083
1196	677	2084
1197	678	5886
1198	679	2131
1199	680	14005
1200	681	5881
1201	682	2299
1202	683	2740
1204	685	2462
1206	687	1790
1207	688	5192
1208	689	1813
1209	690	3599
1210	691	1814
1212	693	1799
1213	694	1820
1215	695	2235
1216	696	3071
1217	697	15705
1219	699	1781
1221	701	3861
1222	702	1689
1223	703	1690
1224	704	1691
1225	705	10289
1226	507	1869
1227	706	1812
1228	707	4935
1229	708	24758
1230	708	10424
1231	709	13826
1232	710	9567
1233	711	13827
1234	712	13828
1235	713	2585
1236	714	5195
1240	716	1731
1242	718	1729
1243	719	24944
1244	720	1720
1245	721	1722
1246	721	21792
1247	722	1732
1248	722	21793
1249	723	20815
1251	724	5992
1254	727	1767
1258	731	1765
1265	738	17834
1266	739	1685
1269	742	3653
1271	744	3676
1273	746	8173
1274	747	13759
1275	748	3146
1277	750	3787
1278	751	3788
1279	752	3148
1280	753	3677
1281	754	4015
1282	755	8258
1283	756	8685
1284	757	3151
1285	758	3678
1286	759	4051
1287	760	3862
1288	761	4052
1289	762	3679
1290	763	3789
1291	764	3145
1292	765	3861
1293	766	1901
1294	767	1902
1295	768	1903
1296	769	1909
1297	770	13820
1298	771	1910
1299	772	1894
1300	773	1898
1301	774	1907
1302	775	1904
1303	776	2302
1304	777	1905
1305	778	1911
1306	779	1919
1308	781	1914
1309	782	1913
1311	783	1915
1312	481	17214
1313	561	22791
1314	784	1906
1315	785	1890
1316	786	1920
1317	787	1922
1318	788	1918
1319	789	1918
1320	790	2342
1321	791	13842
1322	792	13867
1323	793	2163
1324	794	17617
1325	795	8119
1326	796	3133
1327	797	13670
1328	798	5059
1329	799	13844
1330	800	3137
1331	801	3134
1332	802	8151
1333	803	3267
1335	804	1779
1337	805	3462
1338	806	1780
1339	807	1781
1340	808	2346
1341	809	1782
1342	810	1802
1343	811	1797
1344	812	1798
1345	813	1800
1346	814	1799
1347	815	25742
1348	816	1811
1349	817	1805
1350	818	1806
1351	819	1807
1352	820	17834
1353	821	10199
1354	822	1861
1355	823	1863
1357	825	14249
1358	826	1865
1359	827	2127
1360	828	9212
1361	829	1869
1362	830	1864
1363	831	1866
1364	365	2053
1365	832	1878
1366	833	3628
1367	834	13825
1368	835	13826
1369	836	9567
1371	838	1710
1372	839	13827
1373	840	2172
1374	841	2173
1375	842	9569
1376	843	2777
1377	844	9568
1378	845	13828
1379	846	9570
1380	847	2585
1381	848	5195
1382	849	1716
1383	850	1718
1384	851	1731
1385	852	1732
1386	853	21793
1387	854	1729
1388	855	1720
1391	857	13835
1392	858	20815
1393	859	2300
1394	860	1719
1395	861	5992
1396	862	1717
1397	863	1714
1398	864	2178
1404	865	3132
1414	871	2247
1415	872	2246
1416	873	2244
1417	874	2241
1418	875	9337
1419	876	11441
1420	877	11440
1421	878	2285
1422	879	2242
1423	880	2375
1424	881	2299
1425	882	2460
1427	884	2770
1428	885	2769
1429	886	2740
1430	887	15705
1431	256	2739
1433	889	3071
1436	891	2773
1438	893	1824
1439	894	1825
1441	895	1827
1461	907	10297
1466	909	11442
1467	910	1843
1468	911	4935
1469	912	1790
1470	913	5192
1471	914	1813
1472	915	3599
1473	916	1814
1474	917	25741
1475	918	25741
1476	292	1823
1477	919	10290
1478	920	1822
1479	921	1821
1480	922	1842
1481	923	11438
1482	924	1841
1486	926	2467
1487	927	2467
1489	929	2467
1491	930	2467
1494	931	2467
1496	932	2223
1497	933	2223
1503	936	2911
1506	939	1836
1507	940	1835
1508	941	1832
1509	942	13672
1510	943	1838
1511	944	1834
1512	945	1833
1513	946	1829
1515	900	3136
1518	905	10090
1519	905	10373
1520	905	10089
1523	902	3132
1524	901	3132
1525	897	3679
1526	896	17213
1529	903	2857
1530	906	6283
1535	925	2467
1541	950	1831
1543	952	10988
1544	953	1847
1545	954	1853
1546	955	1852
1603	960	1851
1605	961	1848
1606	962	4086
1627	964	4536
1628	964	20457
1629	964	20456
1630	964	20455
1631	964	3964
1632	964	3965
1633	964	3968
1634	964	3969
1635	964	3967
1636	964	3966
1637	964	3971
1638	964	3972
1639	964	3978
1640	964	3979
1676	968	1850
1724	973	1858
1725	974	1855
1726	975	1859
1727	976	4579
1728	977	1856
1729	978	1856
1730	979	1856
1731	980	1856
1732	981	4093
1733	982	4093
1734	983	1939
1735	984	1857
1736	985	1857
1737	935	2467
1738	986	1946
1739	987	6160
1740	988	1943
1741	989	1945
1742	990	1949
1745	993	10208
1746	994	1961
1747	995	10206
1748	996	1962
1749	997	3132
1750	998	13798
1751	999	13800
1752	1000	3508
1753	1001	1893
1754	1002	1895
1755	1003	14832
1756	1004	2150
1759	1005	2147
1760	1006	1871
1764	1010	2050
1766	1011	13627
1767	1012	13627
1768	1013	13627
1769	1014	13628
1770	1015	13628
1771	1016	13621
1772	1017	4603
1775	1019	13629
1776	1020	13629
1777	1021	13629
1778	1022	13620
1780	1023	13621
1781	1024	13622
1783	1026	13622
1784	1027	13624
1785	1028	13625
1786	1029	2232
1787	1030	2233
1788	1031	2235
1789	1032	13580
1790	1033	2237
1791	1034	2234
1792	1035	2238
1793	1036	2735
1794	1037	2459
1797	1038	2058
1798	1039	16694
1799	1040	2057
1800	1041	14006
1801	1042	9822
1802	1043	9823
1804	899	8055
1805	1045	1689
1806	1046	1690
1807	1047	1691
1808	1048	10289
1809	1049	2462
1811	1050	1812
1812	1051	3267
1813	1052	1780
1814	1053	1781
1815	1054	1782
1817	1055	17774
1818	1056	1802
1819	1057	1797
1820	1058	1798
1821	1059	1800
1822	1060	1799
1823	1061	1820
1825	1062	1811
1826	1063	1790
1827	1064	5192
1828	1065	1812
1829	1066	3599
1830	1067	24892
1831	1068	1814
1832	1069	25741
1833	1070	10290
1834	1071	1822
1835	1072	17844
1836	1073	1821
1837	1074	1842
1838	1075	11438
1839	1076	1841
1840	1077	1824
1841	1078	1825
1842	1079	1827
1843	1080	10297
1844	1081	24948
1845	1082	11442
1846	1083	1843
1847	1084	4935
1848	1085	1946
1849	1086	6160
1850	1087	1943
1851	1088	1945
1852	1089	1949
1853	1090	3676
1854	1091	8173
1855	1092	16783
1856	1093	13759
1857	1094	3146
1858	1095	3147
1859	1096	3787
1860	1097	3788
1861	1098	4014
1862	1099	3148
1863	1100	4015
1864	1101	11441
1865	1102	22434
1866	1103	24904
1867	1104	11440
1868	1105	2285
1869	1106	2242
1870	1107	2375
1871	1108	3862
1872	1109	4052
1874	1111	3679
1875	1112	3145
1876	1113	1878
1878	1114	3628
1879	1115	1861
1880	1116	1870
1881	1117	1863
1882	1118	14249
1883	1119	1865
1884	1120	2127
1885	1121	9212
1886	1122	1869
1887	1123	5959
1888	1124	1864
1889	1125	1866
1890	1126	2150
1891	1127	2147
1892	517	1871
1893	1128	2149
1895	1130	5168
1896	1131	2247
1897	1132	2246
1899	1134	2241
1900	1135	9337
1901	1133	2244
1902	1136	19055
1903	1137	2773
1904	1138	2735
1905	1139	11447
1906	1140	2459
1907	1141	21961
1908	1142	2058
1909	1143	2057
1910	1144	2299
1911	1145	2460
1913	1147	2770
1914	1148	2769
1915	1149	2740
1916	1150	15705
1917	1151	2739
1919	1153	2462
1920	1154	3071
1921	1155	2232
1922	1156	2233
1923	1157	24836
1924	1158	2235
1925	1159	13580
1926	1160	2237
1927	508	21961
1928	275	21961
1929	1161	2234
1930	1162	2238
1931	1163	2074
1932	1164	2078
1933	1165	10202
1934	1166	2369
1935	1167	2077
1936	1168	2072
1937	1169	8119
1939	1170	3133
1940	1171	13670
1941	1172	5059
1942	1173	24230
1943	1174	13844
1944	1175	25871
1945	1176	3137
1946	1177	3134
1947	1178	8151
1948	1179	17618
1949	1180	1836
1950	1181	1835
1951	1182	1832
1952	1183	13672
1953	1184	1838
1954	1185	1834
1955	1186	1833
1956	1187	1829
1957	1188	1831
1958	1189	10988
1959	1190	1847
1960	1191	11502
1961	1192	1853
1962	1193	1852
1963	1194	1851
1964	1195	1848
1965	1196	1848
1966	1197	1848
1967	1198	1848
1968	1199	4086
1969	1200	4086
1970	1201	1850
1973	1203	1959
1974	1204	13798
1975	1205	1961
1976	1206	13799
1977	1207	23714
1978	1208	1962
1979	1209	3132
1980	1210	2182
1981	1211	2475
1982	1212	2180
1983	1213	2184
1984	1214	3406
1985	1215	24941
1986	1216	24984
1987	1217	2214
1988	1218	3653
1989	1219	2215
1990	1220	2212
1991	1221	2469
1992	1222	13602
1993	1223	2209
1994	1224	13823
1995	1225	21950
1996	1226	10198
1997	1227	2216
1998	1228	2211
1999	1229	17213
2000	1230	2217
2001	1231	2464
2002	1232	2468
2003	1233	2827
2004	1234	2213
2005	1235	2467
2006	1236	2223
2008	445	18005
2029	1237	2088
2030	1237	19292
2031	1237	2091
2032	1237	2093
2033	1237	19290
2034	1237	19291
2035	1237	2089
2036	1237	2092
2037	1237	2090
2038	1237	10785
2039	963	2088
2040	963	19292
2041	963	2091
2042	963	2093
2043	963	19290
2044	963	19291
2045	963	2089
2046	963	2092
2047	963	2090
2048	963	10785
2049	969	2088
2050	969	19292
2051	969	2091
2052	969	2093
2053	969	19290
2054	969	19291
2055	969	2089
2056	969	2092
2057	969	2090
2058	969	10785
2059	1238	1894
2060	1239	1898
2061	1240	1907
2062	1241	1904
2063	1242	2302
2064	1243	1905
2065	1244	1906
2066	1245	1890
2067	1246	22791
2069	1248	17214
2070	1249	1913
2071	1250	1914
2072	1251	1911
2073	1252	1915
2074	1253	1919
2075	1254	1920
2078	1256	1922
2079	1257	1918
2080	1258	1918
2081	1259	1901
2082	1260	1902
2083	1261	1903
2084	1262	13820
2085	1263	1899
2086	1264	1910
2087	1265	1909
2088	1266	1939
2089	1267	3508
2090	1268	1893
2091	1269	1895
2092	1270	1942
2093	188	1862
2094	1271	2342
2095	1272	13842
2096	1273	13867
2097	1274	2163
2099	1276	17617
2103	1277	24758
2104	1277	10424
2105	1278	2035
2107	1280	18005
2108	1281	10396
2109	1282	2037
2110	1283	2055
2111	1284	11448
2112	1285	17834
2113	1286	1685
2115	1288	13825
2116	1289	13826
2117	1290	9567
2118	1291	2777
2119	1292	9568
2121	1294	9570
2133	1296	2024
2138	1295	20813
2139	1295	2585
2140	1295	5195
2141	1295	20814
2145	1299	13835
2148	187	20815
2150	1301	2300
2151	1302	24940
2152	1303	1719
2154	1304	1717
2155	1305	1714
2156	1306	25884
2157	1307	2178
2158	98	2179
2159	1308	1725
2161	1310	9822
2165	1314	7832
2166	1315	7895
2167	1316	8031
2168	1317	7994
2169	1318	24879
2170	1319	2085
2171	1320	2081
2172	1321	2082
2173	1322	2086
2174	1323	2079
2175	1324	11452
2176	1325	2083
2177	1326	2084
2178	1327	5885
2179	1328	5886
2180	1329	2131
2181	1330	14005
2182	1331	5881
2184	1332	1703
2189	1337	1703
2190	1338	1703
2191	1339	1703
2192	1340	1703
2193	1341	11451
2194	1342	11451
2195	1343	11451
2197	1345	3608
2198	1344	3608
2199	1346	3608
2200	1347	3608
2202	1348	1803
2203	1349	1801
2204	1350	1803
2214	1353	1806
2216	1351	1805
2217	1352	1805
2218	1354	1806
2219	1355	1807
2220	1356	1807
2221	1357	24906
2222	1358	1850
2231	1363	13628
2234	1366	13629
2241	1372	13628
2242	1373	13628
2243	1374	13629
2244	1375	13629
2245	1369	13627
2246	1376	13627
2247	1377	13627
2253	1383	13621
2254	1378	13620
2255	1381	13620
2256	1382	13620
2257	1384	13621
2258	1385	13621
2259	1386	13622
2262	1389	13622
2263	1390	13622
2264	1391	13624
2265	1392	13624
2266	1393	13624
2267	1394	13625
2268	1395	13625
2269	1396	13625
2270	992	1959
2311	215	1910
2312	363	2037
2313	410	7832
2314	506	9212
2315	715	2024
2316	715	20814
2317	856	21792
2318	904	2859
2319	904	11504
2320	904	11505
2324	1279	10326
2325	740	10199
2326	1287	10199
2327	1293	13827
2328	1293	13828
2331	1309	14006
2332	951	20701
2333	949	4732
2334	949	4733
2335	949	4734
2346	94	5992
2352	1402	4051
2360	1401	3789
2364	1406	3789
2366	1405	3145
2368	1404	3861
2369	1400	3861
2371	1407	13825
2375	1409	3679
2376	1410	13826
2378	1412	2777
2383	1425	4052
2384	1428	9570
2385	1429	3862
2386	1430	4051
2388	1432	3151
2389	1433	4015
2390	1434	3148
2393	1437	27028
2394	1438	16783
2396	1440	4014
2402	1443	3787
2416	1448	8173
2425	138	2465
2428	52	21950
2430	161	2208
2431	195	13602
2433	1457	15800
2434	163	13823
2435	158	2465
2437	1459	1720
2438	1460	1722
2440	157	2464
2444	166	2216
2446	171	2213
2447	1465	2300
2448	1466	24940
2449	1467	1719
2450	168	2217
2452	159	2469
2453	1468	5992
2454	170	2827
2455	1469	1717
2456	574	2467
2457	1470	1714
2458	1471	25884
2459	1472	2178
2461	1474	1725
2463	1475	1861
2465	1477	1870
2466	162	2209
2467	1478	1863
2468	1479	14249
2469	1480	1865
2470	1481	2127
2471	1482	9212
2472	700	3145
2473	1483	1869
2474	137	2464
2475	735	24949
2476	736	2465
2479	139	2469
2480	141	15800
2481	737	2208
2482	142	2209
2484	503	21950
2485	190	10198
2486	153	10198
2487	154	17213
2488	144	2216
2489	167	2211
2490	145	2211
2491	146	2217
2492	1484	5959
2493	1485	1864
2494	169	2468
2495	147	2468
2496	1486	1866
2497	164	13822
2498	191	11501
2499	232	24949
2500	148	2827
2501	149	2213
2502	150	2467
2504	575	2223
2505	151	2223
2506	1487	2150
2507	418	2184
2510	417	2180
2511	415	2475
2512	420	3406
2513	421	2214
2514	422	3653
2515	423	2215
2519	121	2182
2521	1489	2475
2524	1492	3406
2537	1500	2465
2539	1502	2208
2541	1503	13602
2542	1504	2209
2543	1505	13823
2544	1506	21950
2545	1507	10198
2547	1508	2216
2548	1509	2211
2549	1510	17213
2550	1511	2217
2551	1512	2468
2552	1513	2827
2554	1515	3647
2555	1516	2213
2556	1517	2467
2557	1518	2223
2558	1398	2469
2570	1499	2212
2571	1520	1878
2572	1521	1893
2573	1522	1895
2574	1523	1780
2575	1524	15131
2577	1525	3628
2578	1526	1939
2579	1527	3508
2584	1528	1942
2588	1529	13627
2589	1530	13628
2590	1531	13629
2593	1533	13620
2594	1534	13621
2595	1535	13622
2596	1536	13622
2598	1532	13629
2600	1539	13622
2601	1540	17774
2604	1541	13624
2605	1542	13625
2607	1544	1945
2610	1545	1949
2611	1546	1946
2614	1547	25919
2615	1548	1943
2616	1549	1943
2617	1550	1797
2618	1551	18005
2619	1452	10326
2620	1449	2035
2621	1552	10396
2623	1554	2037
2624	1555	6160
2625	1556	1798
2626	1557	1800
2627	1558	1799
2628	1559	1820
2629	1560	1811
2631	1562	1803
2635	1565	1699
2636	1566	11445
2637	1567	11446
2644	1573	2773
2647	1576	2735
2648	1577	11447
2650	1568	12579
2651	1568	12580
2653	441	1961
2655	1580	21961
2656	1581	22249
2658	1583	2057
2659	1584	25847
2676	1601	2242
2679	1604	1835
2681	1606	13672
2684	1609	1834
2686	1611	1833
2694	1619	1829
2697	1621	9345
2698	1622	19055
2700	1624	2244
2701	1625	1831
2702	1626	2241
2703	1627	9337
2704	1628	2247
2705	1629	10988
2706	1630	2464
2707	1631	2074
2708	1632	2078
2709	1633	10202
2710	1634	2369
2711	1635	2077
2712	1636	1847
2713	1637	11502
2715	1639	2072
2716	1638	26914
2718	1640	1853
2719	1641	1852
2720	1642	1851
2721	1643	24879
2722	1644	2085
2723	1645	2081
2734	1654	2082
2735	1655	2086
2739	1659	2079
2740	1660	11452
2742	1662	2083
2743	1663	1843
2744	1664	2084
2747	1667	5886
2748	1668	2131
2749	1669	14005
2750	1670	5881
2751	1671	1703
2752	1672	10424
2753	1673	11451
2756	1676	13867
2758	1677	13842
2759	1674	2342
2760	1678	2163
2763	1681	17617
2764	1682	1894
2765	1683	1898
2766	1684	1907
2767	1685	1904
2768	1686	2302
2769	1687	1905
2772	1688	1906
2773	1689	1890
2774	1690	22791
2775	1691	17214
2776	1692	1913
2777	1693	1914
2778	1694	1911
2779	1695	1915
2780	1696	1919
2781	1697	1920
2782	1698	1922
2785	1699	1918
2786	1700	1858
2787	1701	1855
2788	1702	1859
2789	1703	4579
2790	1704	1901
2791	1705	1902
2792	1706	1903
2793	1707	2038
2794	1708	13820
2796	1710	1910
2797	1711	1909
2802	1714	4093
2803	1715	7832
2804	1716	7895
2805	1717	7895
2806	1718	8031
2807	1719	7994
2808	1720	2232
2809	1721	2233
2814	1709	1899
2817	1723	1857
2824	1729	24836
2825	1730	2235
2826	1731	13580
2827	1732	2237
2828	1733	2234
2830	1734	2238
2849	1753	14006
2851	1755	9822
2854	1757	9823
2858	1761	10326
2861	1764	1901
2867	1490	2180
2868	1491	2184
2870	1494	24941
2871	1495	24984
2872	1496	2214
2873	1498	2215
2874	1497	3653
2883	227	10202
2916	1447	13759
2917	1446	3146
2919	1403	3676
2922	1444	3147
2924	1809	1913
2925	193	1765
2979	526	1765
2982	1811	1920
3013	1441	3788
3016	1816	8258
3017	1817	25317
3018	1818	25317
3019	733	1880
3020	194	1880
3042	1819	27819
3050	1820	13827
3051	1821	1699
3054	1824	1690
3055	1825	1689
3065	1828	13828
3104	1832	2024
3105	1553	10396
3107	1833	11448
3108	1837	1836
3109	1572	2298
3110	1838	28077
3111	1839	2459
3112	1579	2459
3113	1582	2058
3114	1585	11441
3115	1586	22434
3116	1591	24904
3117	1593	11440
3118	1594	2285
3119	1602	2375
3120	1603	2299
3121	1608	2460
3122	1610	2770
3123	1612	2769
3124	1613	25756
3125	1614	2740
3126	1615	15705
3127	1616	2739
3128	1617	2462
3129	1618	3071
3130	1840	3184
3132	1666	5885
3133	1620	2246
3134	1650	10297
3136	136	2212
3137	424	2212
3138	483	24941
3139	1488	2182
3140	1842	1861
3141	1843	1870
3143	1845	14249
3144	1846	1865
3145	1847	9212
3146	1848	1869
3147	1849	5959
3148	1850	1864
3149	1851	1866
3156	1853	1880
3157	1852	1765
3158	1852	1767
3159	1852	1862
3160	1854	2170
3161	1855	2171
3162	1856	13825
3163	1857	13826
3167	1858	9567
3168	1858	1710
3169	1862	9569
3170	1862	2777
3171	1863	26481
3172	1864	13827
3173	1865	28100
3174	1867	9570
3175	1867	2024
3176	1867	26485
3177	1868	20813
3178	1868	2585
3179	1868	5195
3180	1868	20814
3181	1869	1720
3182	1869	26482
3183	1869	1722
3184	1869	13834
3185	1869	20815
3186	1870	26483
3187	1870	13427
3188	1870	26484
3196	1871	2300
3197	1872	24940
3198	1873	1719
3199	1874	5992
3200	1875	1717
3201	1876	1714
3202	1877	25884
3203	1878	2178
3204	1879	1725
3205	1880	2465
3206	1881	2469
3207	1882	2208
3208	1883	2209
3209	1883	21950
3210	1884	2216
3211	1885	10198
3212	1886	17213
3213	1887	2217
3214	1887	28070
3215	1888	2468
3216	1889	2827
3217	1890	2213
3218	1891	2467
3219	1892	2223
3220	1893	10326
3221	1894	18005
3222	1895	2150
3223	1896	1871
3224	1897	5354
3225	1899	5168
3226	1900	13759
3227	1902	3146
3228	1903	3147
3229	1904	3787
3230	1905	3788
3234	1907	27027
3237	1908	27028
3238	1909	3148
3242	1912	4051
3243	1914	3862
3244	1914	27029
3245	1915	3677
3246	1915	8258
3247	1915	3678
3248	1916	4052
3249	1917	27401
3250	1918	3679
3251	1919	27403
3253	1921	25874
3254	1921	27819
3255	1923	3789
3259	1926	27402
3260	1927	25317
3261	1928	14006
3262	1929	9823
3264	1931	1689
3265	1932	1690
3266	1933	10289
3267	1934	25883
3268	1935	10396
3269	1936	2237
3270	1937	2342
3271	1938	13842
3273	1939	13867
3275	1940	1704
3276	1941	10206
3277	1942	13800
3279	1943	13799
3280	1944	3132
3281	1752	10199
3282	1750	17834
3283	1751	1685
3284	1742	13670
3285	1746	3137
3286	1747	3134
3287	1748	8151
3288	1749	17618
3289	1945	27124
3291	1736	13798
3292	1737	1961
3293	1738	23714
3294	1739	1962
3295	1741	3133
3296	1724	1689
3297	1726	1690
3298	1728	10289
3299	1725	25883
3300	1841	26498
3301	1727	1691
3302	1590	1790
3303	1592	5192
3304	1946	25596
3305	1598	1814
3306	1599	25741
3307	1597	24892
3308	1947	2653
3309	1570	17844
3310	1569	1822
3311	1574	1842
3312	1575	11438
3313	1578	1841
3314	1658	24948
3315	1656	26603
3316	1661	11442
3317	1665	4935
3318	1948	1842
3319	1949	1841
3320	1950	26604
3321	1951	26604
3322	1713	1856
3323	1952	11438
3324	1953	1814
3326	1954	1703
3327	1647	1848
3329	1956	1850
3330	1955	4086
3331	1957	1801
3332	1958	1805
3333	1959	1806
3334	1960	1807
3335	1411	9567
3346	1961	20813
3347	1961	2585
3348	1435	5195
3349	1962	20814
3350	1462	26482
3352	1963	13834
3353	1463	20815
3354	1464	26484
3355	1473	2179
3356	1823	10289
3357	1826	1691
3358	1822	25883
3359	1814	1700
3360	1815	11446
3361	1812	10424
3366	1807	1918
3367	1964	1922
3368	1808	1911
3369	1797	1894
3370	1798	1906
3371	1799	1904
3372	1802	1890
3373	1804	1905
3374	1805	2302
3375	1810	1907
3376	1806	1914
3377	1803	1912
3378	1800	1915
3379	1801	1919
3380	1793	13867
3381	1794	2163
3382	1791	2342
3383	1792	13842
3385	1831	1761
3386	1829	1767
3387	1827	1765
3388	1830	1880
3389	1779	2072
3390	1776	2078
3391	1777	2369
3392	1778	2077
3393	1765	1699
3394	1766	11445
3395	1767	11446
3396	1768	2085
3397	1769	2081
3398	1770	2082
3399	1771	2086
3400	1773	2079
3401	1774	2083
3402	1775	11452
3403	1795	5885
3404	1796	5886
3405	1760	2035
3406	1965	1699
3407	1966	11445
3408	1967	11446
3409	1968	2072
3410	1969	1901
3411	1970	1902
3412	1971	1899
3413	1972	1909
3414	1973	17834
3416	1975	1685
3419	1977	3647
3420	1978	1878
3421	1979	15131
3422	1980	3628
3423	1981	3508
3424	1982	1893
3425	1983	1895
3426	1984	23521
3427	1985	12579
3428	1986	27424
3429	1987	12580
3430	1988	2074
3431	1989	2078
3432	1990	10202
3433	1991	2369
3434	1992	2077
3435	1993	26914
3436	1994	2653
3437	1995	24892
3438	1996	25596
3439	1997	25741
3440	1998	13580
3441	1999	2232
3442	2000	2234
3443	2001	2235
3444	2002	24836
3445	2003	2233
3446	2004	11451
3447	2005	2131
3448	2006	2082
3449	2007	2086
3450	2008	13621
3451	2009	5885
3452	2010	2084
3453	2011	26498
3454	2012	5886
3455	2013	14005
3456	2014	2085
3457	2015	13622
3458	2016	2083
3459	2017	24879
3460	2018	5881
3461	2019	13620
3462	2020	2081
3466	2022	2050
3469	1413	26481
3471	1735	1959
3474	1762	10396
3476	1763	2037
3479	1745	25871
3481	2021	13627
3482	2024	13628
3483	2025	13629
3484	2026	26603
3485	2027	26602
3486	2028	24948
3487	2029	11442
3488	2030	25856
3493	2032	4935
3494	2031	1843
3495	2033	2182
3496	2034	2475
3497	2035	2184
3501	2037	24941
3502	2038	24984
3503	2039	2214
3504	2040	3653
3505	2041	2215
3506	2042	2212
3507	2043	2298
3508	2043	28077
3509	2044	26441
3511	2045	2773
3512	2046	2735
3513	2047	2459
3514	2048	21961
3515	2049	25183
3518	2051	2058
3519	2052	25847
3520	2053	2057
3521	2054	11441
3522	2055	22434
3523	2056	2285
3524	2057	2375
3526	2058	3133
3527	2058	13670
3530	2061	3137
3531	2061	29681
3532	2062	3134
3537	2065	28219
3540	2067	1894
3541	2068	1907
3542	2069	1904
3543	2070	2302
3544	2071	1905
3545	2072	1890
3546	2073	22791
3547	2074	17214
3548	2075	1913
3549	2076	1914
3550	2077	1915
3551	2078	1919
3552	2079	1920
3553	2080	1918
3554	2081	1922
3556	2083	1959
3557	2084	13798
3567	2085	1961
3568	2087	13799
3569	2088	10206
3570	2089	13800
3571	2090	23714
3572	2091	1962
3573	2092	3132
3574	2093	9345
3575	2094	19055
3576	2095	2244
3577	2096	2241
3578	2097	9337
3579	2098	2246
3580	2099	2247
3581	2100	8031
3582	2101	28090
3583	2102	1858
3585	2104	1855
3586	2105	7895
3587	2106	7832
3588	2107	7994
3589	2108	2299
3595	2112	1856
3596	2113	4093
3597	2114	1857
3598	2115	2462
3599	2116	2770
3600	2117	2740
3601	2118	2769
3602	2119	25756
3603	2122	15705
3605	2124	1797
3608	2127	1946
3610	2129	1949
3611	2130	1781
3612	2131	1943
3613	2132	1836
3614	2133	13672
3616	2135	1829
3618	2137	6160
3619	2138	25919
3620	2139	10988
3621	2140	1847
3622	2141	11502
3623	2142	1853
3625	2144	1851
3626	2145	1945
3627	2146	4086
3628	2147	1850
3634	2153	1811
3635	2154	3608
3636	1255	1922
3637	2082	1922
3639	937	1922
3640	2134	1834
3641	2136	1831
3642	2143	1852
3643	2123	17774
3645	2156	9829
3646	2157	9789
3647	2158	9788
3649	2125	1798
3650	2160	9791
3651	2161	9824
3652	2162	13081
3660	2126	1800
3663	2128	1799
3664	2128	1820
3665	2152	1803
3666	2151	1801
3667	2150	1805
3668	2149	1806
3669	2148	1807
3670	2109	27527
3671	2110	2460
3672	2166	10326
3673	2167	18005
3674	2168	2150
3678	2171	1871
3681	2173	14006
3683	2175	9823
3684	2176	3676
3685	2177	16783
3686	2177	8173
3687	2178	3146
3688	2179	3147
3689	2180	13759
3690	2181	3787
3691	2182	4014
3692	2182	3788
3693	2183	3148
3694	2184	27028
3701	2187	8685
3702	2187	8258
3708	2189	3145
3709	2189	4016
3710	2189	3861
3711	2191	29994
3712	2191	28998
3713	2192	3789
3714	2193	4051
3715	2194	29351
3716	2195	3862
3717	2195	4052
3719	2196	3679
3720	2196	27401
3721	2197	25317
3722	2197	27403
3723	2197	27402
3724	2199	25874
3725	2199	27819
3726	2200	1841
3729	2201	1842
3730	2202	26604
3731	2203	11438
3732	2204	26602
3733	2205	26603
3734	2206	25856
3735	2207	11442
3736	2208	24948
3737	2209	1843
3738	2209	4935
3739	2210	28294
3740	2211	29462
3741	2212	2462
3743	2213	27527
3744	2214	15705
3745	2215	2299
3746	2216	26900
3747	2217	25756
3748	2218	13825
3749	2219	13826
3750	2222	2170
3752	2223	2171
3753	2224	2777
3754	2225	26481
3755	2226	9569
3756	2227	13827
3757	2228	28100
3758	2229	2585
3759	2230	5195
3760	2231	20814
3761	2232	20813
3764	2234	26483
3765	2235	26484
3767	2237	29579
3768	2238	29578
3769	2239	1710
3771	2240	9570
3772	2241	26485
3773	2242	21370
3774	2243	2460
3775	2244	2770
3776	2245	2769
3780	2247	3628
3781	2248	15131
3782	2249	2300
3783	2250	24940
3784	2251	1719
3785	2252	5992
3786	2253	1717
3787	2254	1714
3788	2255	25884
3790	2257	1861
3793	2259	1870
3794	2260	1869
3795	2261	9212
3796	2262	1865
3797	2263	5959
3798	2264	1864
3800	2265	23521
3801	2266	12579
3802	2267	12580
3803	2268	28463
3804	2269	27424
3805	2270	10396
3806	2271	1893
3807	2272	1895
3808	2273	3508
3809	2274	1866
3815	2256	1725
3816	2275	2233
3817	2276	24836
3818	2277	2238
3819	2278	13580
3820	2279	2234
3821	2280	2235
3822	2281	2232
3823	2282	2237
3824	2283	1904
3825	2284	1915
3826	2285	22791
3827	2286	1905
3828	2287	2302
3829	2288	1914
3830	2289	1911
3833	2290	17214
3834	2291	1913
3835	2292	1907
3836	2293	1894
3837	2294	1919
3838	2295	1920
3839	2296	11502
3840	2297	30005
3841	2297	13672
3842	2298	4548
3843	2299	1829
3844	2300	1847
3845	2301	1834
3846	2302	1836
3847	2304	1851
3848	2305	1852
3849	2306	1853
3850	2307	10988
3851	2308	1831
3852	2309	4086
3853	2310	1850
3854	2311	29076
3855	2312	24906
3856	2313	1848
3857	2314	28593
3858	2315	29173
3859	2316	28467
3860	2317	17834
3861	2318	1685
3862	2319	10199
3863	2320	27027
3864	2321	1855
3865	2322	4093
3867	2323	1856
3868	2324	1858
3871	2326	24909
3872	2327	1857
3873	2328	24910
3881	2332	13670
3882	2333	13844
3883	2334	28219
3885	2335	3137
3886	2336	29681
3887	2337	3134
3892	2340	28090
3897	2342	7832
3898	2343	7994
3899	2344	8031
3900	2345	7895
3903	2346	1901
3904	2347	1902
3905	2348	1899
3906	2349	28424
3907	2350	1910
3908	2351	1909
3909	2352	13798
3910	2353	1959
3913	2354	1961
3914	2355	3132
3915	2356	1962
3918	2359	23714
3919	2360	11441
3920	2362	22434
3921	2363	24904
3922	2364	2375
3923	2365	2653
3924	2366	25596
3925	2367	2285
3926	2368	24892
3927	2369	17617
3928	2370	2342
3929	2370	13842
3932	2371	2163
3933	2372	13867
3934	2373	25883
3935	2374	1689
3936	2375	1690
3937	2376	1814
3938	2376	25741
3939	2377	2084
3940	2378	1765
3941	2379	1767
3942	2380	1880
3944	2382	1862
3945	2383	26498
3946	2384	26914
3947	2385	5885
3948	2386	30230
3949	2387	2369
3950	2388	2077
3951	2389	2074
3952	2390	2336
3953	2391	5886
3954	2392	14005
3955	2393	2131
3956	2394	24879
3957	2395	2085
3958	2396	2081
3959	2397	2082
3960	2398	5881
3961	2399	2079
3962	2400	29045
3963	2401	2086
3964	2402	29125
3965	2403	2072
3966	2404	2475
3967	2405	2184
3968	2406	2182
3969	2407	2212
3970	2408	2215
3971	2409	2214
3972	2410	3653
3973	2411	24984
3974	2412	3406
3975	2413	24941
3976	2358	10206
3977	2357	13800
4031	2416	9345
4032	2417	9337
4033	2418	2241
4034	2419	2467
4035	2420	29480
4036	2421	2223
4037	2422	2247
4038	2423	29364
4039	2424	2465
4040	2425	2469
4041	2426	2208
4042	2427	29274
4046	2429	21950
4047	2430	2216
4048	2431	2244
4049	2432	2217
4050	2433	28070
4051	2434	2468
4052	2435	2827
4053	2436	2213
4054	2437	10198
4055	2438	17213
4056	2439	3005
4061	2440	28816
4062	2441	2773
4063	2442	28077
4064	2443	29258
4065	2444	2735
4066	2445	22249
4067	2446	22249
4069	2448	2058
4070	2449	2057
4071	2450	2246
4072	2451	19055
4073	2452	25847
4074	2453	21961
4075	2454	28983
4076	2455	2459
4077	2456	26441
4078	2457	25183
4083	2462	13620
4084	2464	2050
4085	2465	13621
4086	2466	13622
4089	13	3145
4090	2467	3608
4091	2468	1805
4092	2468	1806
4093	2469	1704
4094	2470	21370
4097	2473	2170
4098	2474	2171
4102	1652	1880
4103	1646	1765
4104	1646	1767
4105	1646	1862
4108	2475	2050
4109	2476	2346
4110	2477	1781
4111	2478	3608
4112	2479	26602
4113	2480	25856
4119	2486	23521
4120	2487	25183
4121	2488	26441
4122	2489	2163
4123	2490	2153
4124	2491	28090
4125	2492	1725
4126	2493	21370
4127	2494	2170
4128	2495	2739
4129	2496	26900
4130	2497	2171
4131	2498	9567
4132	2499	1711
4133	2500	2172
4134	2501	1709
4135	2502	9569
4136	2503	1710
4137	2504	9568
4138	2505	2173
4139	2506	9570
4140	2507	2220
4141	2508	2230
4142	2509	1715
4143	2510	1716
4144	2511	2231
4145	2512	1718
4146	2513	2240
4147	2514	1731
4148	2515	1732
4149	2516	1729
4150	2517	21787
4151	2518	3677
4152	2519	1720
4153	2520	1722
4154	2521	3678
4155	2522	27401
4156	2523	2300
4157	2524	1719
4158	2525	5992
4159	2526	1717
4160	2527	1714
4161	2528	2178
4162	2529	2179
4163	2530	1928
4164	2531	1880
4165	2532	1765
4166	2533	27402
4167	2534	27403
4168	2535	1862
4169	2536	1767
4170	2537	1689
4171	2538	1690
4172	2539	4016
4173	2540	1691
4174	2541	10289
4175	2542	25874
4176	2543	1703
4178	2544	11451
4179	2545	1704
4180	2546	2035
4181	2547	2055
4182	2548	2037
4183	2549	10396
4184	2550	1936
4185	2551	1878
4186	2552	2053
4187	2553	1895
4188	2554	1897
4189	2555	1893
4190	2556	2054
4191	2557	1939
4192	2558	3508
4193	2559	14832
4194	2560	13620
4195	2561	13621
4196	2562	1947
4197	2563	1946
4198	2564	1949
4199	2565	1691
4200	2566	1945
4201	2567	1943
4202	2568	1699
4203	2569	11445
4204	2570	1700
4205	2571	8151
4206	2572	3136
4207	2573	3137
4208	2574	3134
4209	2575	8118
4210	2575	3133
4211	2575	13670
4212	2575	13844
4213	2576	5059
4214	2577	4167
4215	2578	8121
4217	2580	26499
4218	2581	2242
4219	2582	2285
4220	2583	2375
4221	2584	2245
4222	2585	2247
4223	2586	2246
4224	2587	2244
4225	2588	2241
4226	2589	8685
4227	2590	2298
4228	2591	2735
4229	2592	2056
4230	2593	2773
4231	2594	2774
4232	2595	2459
4233	2596	2771
4234	2597	2057
4235	2598	2058
4236	2599	2299
4237	2600	2739
4238	2601	3071
4239	2602	2460
4240	2603	2740
4241	2604	2770
4242	2605	2462
4243	2606	12815
4244	2607	3184
4245	2608	2232
4246	2609	2233
4247	2610	13580
4248	2611	2234
4249	2612	2235
4250	2613	2238
4251	2614	2237
4252	2615	2164
4253	2616	2163
4254	2616	13867
4255	2617	2339
4257	2619	1869
4258	2620	1864
4259	2621	2150
4260	2622	2149
4263	2625	2147
4264	2626	1871
4265	2627	2464
4266	1974	27027
4267	1976	10199
4268	2628	2464
4269	2629	1899
4270	2630	4016
4271	1925	3145
4272	1925	3861
4273	2631	1904
4274	2632	2038
4275	2633	1905
4276	2634	1903
4277	2635	1901
4278	2636	2302
4279	2637	1907
4280	2638	1890
4281	2639	1906
4282	2640	1898
4283	2641	1894
4284	2642	1910
4285	2643	1911
4286	2644	1913
4287	2645	1914
4288	2646	1917
4289	2647	1912
4290	2648	1909
4291	2649	1908
4292	2650	1918
4293	2651	1920
4294	2652	1919
4295	2653	1921
4296	2654	6825
4297	2654	27411
4298	2655	2346
4299	2656	1922
4300	2657	7994
4301	2658	7900
4302	2659	7847
4303	2660	7832
4304	2661	8031
4305	2662	7895
4306	2663	1848
4307	2664	2180
4311	2667	2475
4312	2668	2184
4313	2669	2214
4314	2670	2212
4315	2671	3653
4316	2672	2215
4317	2673	2207
4318	2674	2216
4319	2675	10198
4321	2677	2209
4322	2678	13823
4323	2679	2217
4326	2682	2465
4327	2683	2467
4328	2684	2468
4330	2686	2213
4331	2687	2315
4332	2688	1823
4333	2689	1821
4334	2690	1822
4335	2691	1841
4336	2692	1842
4337	2693	11438
4338	2694	11440
4339	2695	24904
4342	2696	1835
4343	2697	1838
4346	2700	1834
4347	2701	1833
4348	2701	13634
4349	2702	1829
4350	2703	1831
4351	2704	1836
4352	2705	1830
4353	2706	1837
4354	2707	1848
4355	2708	1853
4356	2709	1852
4357	2710	1851
4358	2711	10988
4359	2712	1847
4360	2713	1850
4361	2714	4086
4362	2715	1826
4363	2716	1825
4364	2717	10297
4365	2718	1824
4366	2719	1827
4367	2720	1843
4368	2721	1844
4369	2722	1858
4370	2723	1855
4372	2724	1859
4373	2724	4579
4374	2725	1857
4375	2726	4093
4376	2727	1856
4377	2728	3462
4378	2729	1797
4379	2730	1798
4380	2731	1799
4381	2732	1800
4382	2733	1801
4383	2734	3267
4384	2735	1802
4385	2736	1779
4386	2737	3608
4387	2738	3608
4388	2739	3608
4389	2740	3608
4390	2741	1807
4391	2741	1808
4392	2742	1807
4393	2742	1808
4394	2743	1780
4395	2744	1781
4396	2745	1782
4397	2746	1811
4398	2747	3599
4399	2748	1794
4400	2749	1812
4401	2750	1812
4402	2751	1813
4403	2752	1790
4404	2753	1814
4405	2754	8118
4406	2676	13822
4407	2680	2211
4408	2685	2827
4410	2681	2223
4411	34	10202
4412	34	2072
4413	47	2077
4414	41	2369
4417	2756	2024
4422	2757	1721
4423	2757	29051
4424	2757	29050
4425	2758	11451
4426	2759	1703
4429	2761	1807
4430	2761	1808
4431	2762	1807
4432	2762	1808
4433	2763	8118
4435	2765	1943
4436	2766	25919
4437	2767	1945
4438	2767	1949
4441	2461	13627
4442	2459	13629
4444	2460	13628
4445	2769	6825
4446	2769	27411
4464	2783	9823
4485	2804	1699
4486	2805	11446
4489	2808	8173
4490	2809	16783
4491	2810	25317
4492	2811	4016
4493	2812	25874
4494	2813	3788
4495	2814	4014
4496	2815	3145
4497	2815	3861
4498	2816	4016
4499	2817	25874
4500	2818	27819
4501	2819	30834
4504	2822	2153
4505	2823	3184
4511	2825	25183
4512	2826	28077
4513	2827	2346
4514	2828	11445
4515	2829	1856
4516	2830	1859
4517	2830	4579
4518	2831	1858
4519	2832	1855
4520	2833	4093
4521	2768	14871
4522	2768	14927
4523	2764	1946
4524	2834	6160
4525	2835	3676
4526	2836	3789
4527	2837	8121
4528	2837	4167
4529	2838	1951
4530	2838	8151
4531	2838	3136
4532	2839	1725
4534	2840	1707
4535	2840	1708
4536	2841	1709
4537	2842	1711
4538	2842	1710
4539	2843	1715
4540	2843	1716
4541	2843	1718
4542	2844	1720
4543	2844	1721
4544	2844	1722
4545	2844	1723
4546	2844	1724
4547	2845	1719
4548	2845	1717
4549	2845	1714
4553	2846	1765
4554	2846	1767
4555	2846	1880
4556	2846	1862
4557	2847	1690
4558	2847	1689
4559	2848	2053
4560	2848	1878
4561	2848	25754
4562	2849	1936
4569	2850	1892
4570	2850	1896
4571	2850	1893
4572	2850	1895
4573	2851	3508
4574	2851	14832
4575	2851	1939
4576	2851	1940
4578	2852	1941
4579	2852	1938
4580	2853	1945
4581	2853	1946
4582	2853	1949
4583	2853	1944
4584	2853	1947
4585	2853	1943
4593	2854	1778
4594	2854	3267
4595	2854	1779
4596	2854	1780
4597	2854	1781
4598	2854	1782
4606	2855	1797
4607	2855	1798
4608	2855	1799
4609	2855	1800
4610	2855	1802
4624	2857	1801
4625	2857	1805
4626	2857	1806
4627	2857	1807
4628	2857	1808
4629	2857	1803
4630	2856	1796
4631	2856	1817
4632	2856	1818
4633	2856	1819
4634	2856	1811
4640	2858	1794
4641	2858	1790
4642	2858	1791
4643	2859	1812
4644	2859	1813
4645	2859	1814
4647	2861	1815
4648	2860	1792
4649	2860	1793
4650	2862	1821
4651	2862	4267
4652	2862	1822
4653	2863	1828
4654	2863	1829
4655	2863	1830
4656	2863	1831
4657	2863	1832
4658	2863	1833
4659	2863	1834
4660	2863	1836
4661	2863	1838
4662	2864	1825
4663	2864	4308
4664	2864	4300
4665	2865	1843
4666	2865	1844
4667	2866	1841
4669	2867	3876
4670	2867	1846
4671	2867	1847
4672	2867	4586
4673	2867	1851
4674	2867	1852
4675	2867	1853
4676	2868	3135
4677	2869	29708
4678	2870	3146
4679	2871	2216
4681	2872	1855
4682	2872	1858
4683	2872	1859
4684	2872	4579
4686	2873	4093
4687	2873	1857
4688	2874	1856
4689	2875	1848
4691	2876	4086
4692	2876	1850
4702	2878	27165
4703	2878	1865
4704	2878	1868
4705	2878	1869
4706	2878	1864
4712	2877	1861
4713	2877	1863
4714	2877	2128
4715	2877	1875
4716	2877	2127
4717	2877	1870
4718	2879	1866
4720	2880	1872
4721	2880	1873
4722	2880	1874
4723	2881	2147
4724	2881	1871
4725	2881	1867
4737	2882	2773
4738	2882	2771
4739	2882	2735
4740	2882	2056
4741	2882	2774
4742	2882	2458
4743	2882	2459
4744	2883	2057
4745	2883	2058
4746	2883	2772
4747	2884	2285
4748	2884	2242
4749	2884	2286
4750	2885	2243
4751	2885	2245
4752	2885	2247
4753	2885	2246
4760	2886	2462
4761	2886	12815
4762	2886	2739
4763	2886	2299
4764	2886	2738
4765	2887	1916
4766	2888	1911
4767	2889	1919
4768	2890	1915
4769	2891	1920
4770	2892	1917
4771	2893	1914
4772	2894	2303
4773	2895	2304
4774	2896	2461
4775	2896	2740
4776	2896	2769
4777	2896	2460
4778	2896	2770
4779	2897	2305
4781	2899	2324
4786	2900	2325
4787	2898	2153
4788	2898	2074
4789	2898	2078
4790	2898	2072
4791	2898	2073
4795	2901	2076
4796	2901	2077
4797	2901	1860
4798	2902	5904
4799	2902	5902
4814	2903	2775
4815	2904	1703
4816	2905	1703
4817	2906	1704
4837	2908	2167
4838	2908	2163
4839	2909	1906
4840	2909	1904
4841	2909	1890
4842	2909	1905
4843	2909	2302
4844	2909	1907
4845	2909	1894
4846	2910	1915
4847	2910	2341
4848	2910	1912
4849	2910	1914
4850	2910	1911
4851	2910	1917
4852	2910	1913
4853	2910	1916
4854	2911	1919
4855	2911	1920
4860	2912	2338
4861	2912	2358
4862	2912	2337
4863	2912	2357
4864	2912	2356
4867	2913	2324
4868	2913	2343
4869	2913	2326
4875	2914	7832
4876	2914	7847
4877	2914	7900
4878	2914	7994
4879	2915	7895
4880	2916	2992
4881	2916	2993
4882	2917	4094
4884	2918	2235
4885	2918	2232
4886	2919	2320
4887	2919	2234
4888	2919	2233
4889	2920	3157
4890	2920	3152
4891	2921	10291
4892	2922	3156
4893	2923	5180
4907	2924	3154
4908	2924	2475
4909	2924	2180
4910	2924	3185
4911	2924	2184
4942	2926	2216
4943	2926	2463
4944	2926	2213
4945	2926	2211
4946	2926	2217
4947	2926	2210
4948	2926	2827
4949	2926	2468
4950	2926	3005
4951	2925	2465
4952	2925	2469
4953	2925	2208
4954	2925	2466
4955	2925	2209
4956	2925	10241
4957	2925	2207
4958	2925	2933
4959	2925	2464
4963	2927	3144
4964	2927	3129
4965	2927	3127
4966	2927	1959
4967	2927	1960
4968	2927	3128
4969	2928	1962
4970	2928	1963
4971	2928	3132
4978	2929	3146
4979	2929	3148
4980	2929	3151
4981	2929	29708
4982	2929	3147
4983	2930	3150
4984	2931	2762
4985	2931	2764
4986	2931	2765
4987	2931	2763
4988	2931	2777
4989	2931	2778
4990	2931	2584
4991	2931	2585
4992	2931	2586
4993	2931	3051
4994	2931	3052
4995	2931	5384
4996	2931	3054
4997	2931	3055
4998	2931	2804
4999	2931	1724
5000	2931	1710
5001	2931	1725
5002	2932	1719
5003	2932	1717
5004	2933	1761
5005	2933	1767
5018	2936	3628
5019	2936	1936
5020	2935	3598
5021	2937	14832
5022	2938	1949
5023	2938	1944
5025	2939	1799
5026	2939	1800
5027	2939	2384
5028	2940	2653
5030	2941	3137
5031	2941	3135
5037	2942	2216
5038	2942	2827
5039	2943	2217
5040	2943	2468
5041	2944	1719
5042	2945	1800
5043	2946	1799
5044	2947	2653
5045	2948	8843
5046	2949	1833
5047	2950	4773
5048	2951	1831
5049	2952	4262
5050	2953	4311
5052	2955	1825
5053	2956	1844
5054	2954	8843
5055	2954	1821
5056	2954	8841
5057	2957	8844
5058	2958	4954
5059	2959	9091
5061	2961	8838
5062	2962	8841
5066	2963	8884
5070	2960	8838
5071	2960	4262
5072	2960	2807
5073	2964	1825
5074	2964	8844
5075	2964	1844
5076	2964	4300
5077	2964	4311
5081	2965	1833
5082	2965	4773
5083	2966	1831
5085	2967	4086
5086	2967	4889
5087	2968	11502
5088	2968	4548
5089	2969	4093
5090	2970	4507
5091	2971	1869
5094	2972	1872
5095	2973	2147
5096	2974	5500
5100	2975	2769
5101	2975	2770
5102	2976	2074
5103	2977	2073
5104	2978	2678
5105	2979	2079
5106	2980	2086
5107	2981	2081
5108	2982	2318
5109	2983	2167
5115	2984	2074
5116	2984	2073
5132	2986	2129
5133	2985	2678
5134	2985	2082
5135	2985	2081
5136	2985	2086
5137	2985	2079
5138	2985	2936
5139	2987	2775
5141	2988	2167
5142	2988	2318
5147	2989	1915
5148	2989	1914
5149	2989	1911
5150	2989	1917
5151	2989	1916
5152	2990	1919
5153	2990	1920
5154	2991	2324
5155	2991	2325
5156	2991	2326
5159	2992	2305
5160	2992	2304
5161	2993	2303
5162	2994	7895
5163	2995	1689
5164	2996	2233
5165	2997	3143
5166	2998	10987
5171	3000	2182
5172	3000	2183
5173	3001	2214
5174	3002	3148
5175	3003	3135
5176	3004	3134
5177	3005	3137
5178	3006	2223
5179	3007	2216
5180	3008	2217
5181	3009	2213
5182	3010	2211
5183	3011	2827
5184	3012	2468
5185	3013	2212
5186	3014	2215
5187	3015	2207
5188	3016	2209
5189	3017	2208
5190	3018	2182
5191	3019	2184
5192	3020	2183
5193	3021	2213
5197	2999	2803
5198	2999	2208
5199	2999	2466
5200	2999	2207
5201	3022	2215
5237	3027	2214
5238	3028	2180
5239	3029	2466
5240	3030	2803
5241	3031	10987
5242	3032	10292
5243	3033	2320
5244	3034	7895
5245	3035	1915
5246	3036	1911
5247	3037	1916
5248	3038	1914
5249	3039	1919
5250	3040	1920
5251	3041	2303
5252	3042	1917
5253	3043	2305
5254	3044	2306
5255	3044	2307
5256	3045	2304
5257	3046	2324
5258	3046	2325
5259	3047	2326
5260	3048	2318
5261	3049	2167
5262	3050	2165
5263	3051	2074
5264	3052	2072
5265	3053	2073
5266	3054	2075
5357	2803	11445
5363	3077	1864
5371	3079	1869
5390	3080	1866
5391	3081	2147
5402	3082	4094
5406	3084	1872
5411	3085	1873
5412	3086	2459
5413	3087	2058
5457	3095	2301
5458	3096	2247
5459	3097	2246
5460	3098	2770
5461	3099	2242
5462	3100	1800
5463	3101	1798
5464	3102	1799
5465	3103	2384
5466	3104	1843
5467	3105	1844
5468	3106	4955
5469	3107	1851
5470	3108	1852
5471	3109	3876
5472	3110	1859
5473	3110	4579
5474	3111	3628
5475	3112	1936
5476	3113	1878
5477	3114	3598
5478	3115	1895
5479	3116	1897
5480	3117	14832
5481	3118	3680
5482	3119	2762
5483	3120	2764
5484	3120	2765
5486	3122	2777
5487	3122	2778
5488	3123	1710
5489	3124	2024
5490	3125	1729
5491	3126	1725
5492	3127	1717
5493	3128	1761
5494	3129	1767
5495	3130	2584
5496	3130	2587
5497	3131	2585
5498	3131	2586
5500	3133	1718
5501	3134	1732
5502	3135	1722
5503	3135	1723
5504	3136	2804
5505	3136	1724
5506	3137	1719
5507	3138	2086
5508	3139	2082
5509	3140	2678
5510	3141	2936
5511	3142	2079
5513	3144	2775
5514	3145	2081
5515	3146	2939
5516	3147	3129
5517	3148	1963
5518	3149	3128
5519	3150	3130
5520	3151	3127
5521	3152	1959
5522	3153	1960
5524	3155	3151
5525	3156	3148
5526	3157	3678
5527	3158	3677
5528	3159	3146
5529	3159	3675
5530	3159	3147
5531	3160	3134
5532	3161	3137
5533	3162	3140
5534	3163	4084
5535	3164	2216
5536	3165	2213
5537	3166	2468
5538	3167	2827
5539	3168	2208
5540	3169	2209
5541	3170	2469
5542	3171	2207
5543	3172	2466
5544	3173	2803
5545	3174	2211
5546	3175	2184
5547	3176	2180
5548	3177	2475
5549	3178	2183
5550	3179	2465
5551	3180	6106
5552	3181	6107
5553	3182	2232
5554	3183	2320
5555	3184	7832
5556	3185	7900
5557	3186	7847
5558	3187	2163
5559	3188	2164
5560	3189	2167
5561	3190	2165
5562	3191	2305
5563	3192	2306
5564	3193	2307
5565	3194	2303
5567	3195	2324
5568	3196	2325
5569	3197	2326
5570	3198	1894
5571	3199	1907
5572	3200	1904
5573	3201	2302
5574	3202	1915
5575	3203	1914
5576	3204	1911
5577	3205	1916
5578	3206	1917
5579	3207	1919
5580	3208	1920
5581	3209	1843
5582	3210	1844
5583	3211	4955
5584	2770	28967
5585	2776	1801
5587	2782	1803
5588	2771	17774
5589	2772	1797
5590	2773	1798
5594	2258	1863
5595	2258	29417
5602	1844	1863
5603	3212	31535
5604	3213	2076
5605	3214	2077
5606	3215	2072
5607	3216	2074
5608	3217	2075
5609	3218	2073
5610	3219	2301
5611	3220	2247
5612	3221	2246
5613	3222	2769
5614	3223	2770
5615	3224	2740
5616	3225	2739
5617	3226	5499
5618	3227	5500
5619	3228	2242
5620	3229	2286
5621	3230	4601
5622	3231	25827
5623	3231	25828
5624	3232	2057
5625	3233	2772
5626	3234	2058
5627	3235	2771
5628	3236	2459
5629	3237	5847
5630	3238	2736
5634	2774	1799
5635	3239	1820
5636	3240	1872
5637	3241	1874
5638	3242	1873
5639	3243	2147
5640	3244	1871
5641	3245	1868
5642	3246	1865
5643	3247	1869
5644	3248	1864
5645	3249	1866
5646	3250	3629
5647	3251	3508
5648	3252	3121
5649	3253	2775
5650	3254	2936
5651	3255	2082
5652	3256	2086
5653	3257	2079
5654	3258	2678
5655	3259	2939
5656	3260	2129
5657	3261	2130
5658	3262	1800
5659	3263	1798
5660	3264	1799
5661	3265	1803
5662	3266	1801
5663	3267	1813
5664	3268	1719
5665	3269	1717
5666	3270	2024
5667	3271	1729
5668	3272	1725
5669	3273	1709
5670	3274	2377
5671	3275	1711
5672	3276	2378
5673	3277	2584
5674	3278	2587
5675	3279	2585
5676	3280	2586
5677	3281	1718
5678	3282	1732
5679	3283	1724
5680	3284	1722
5681	3285	1723
5682	3286	3127
5683	3287	1959
5684	3288	3128
5685	3289	1960
5686	3290	3130
5688	3292	3144
5689	3293	3129
5690	3291	1963
5691	3294	4084
5692	3295	3140
5693	3296	3141
5694	3297	4167
5695	3298	3134
5696	3299	8119
5697	3300	26088
5698	3301	3137
5699	3302	3145
5700	3303	3789
5701	2775	1800
5702	3304	3151
5703	3305	3148
5704	3306	3677
5705	3307	3787
5706	3308	3788
5707	3309	3676
5708	3310	3146
5709	3311	3147
5710	3312	3678
5711	2779	1781
5712	2780	27440
5713	3313	10291
5714	3314	3152
5715	3315	6106
5716	3316	6107
5717	3317	2320
5718	2781	3608
5719	3318	2232
5720	3319	1811
5721	3320	2235
5722	3321	3608
5723	3322	2234
5724	3323	2233
5725	3324	10424
5726	3325	7895
5727	3326	7832
5728	3327	7847
5729	3328	7900
5730	3329	1916
5731	3330	1911
5732	3331	1915
5733	3332	1913
5734	3333	1920
5735	3334	1919
5736	3335	2303
5737	3336	1894
5738	3337	1904
5739	3338	1907
5740	3339	2302
5741	3340	1917
5742	3341	2305
5743	3342	2337
5744	3343	2306
5745	3344	2307
5746	3345	2338
5747	3346	2324
5748	3347	2325
5749	3348	2326
5750	3349	2216
5751	3350	2210
5752	3351	2211
5753	3352	2827
5754	3353	2468
5755	3354	2213
5756	3355	2207
5757	3356	2933
5758	3357	2464
5759	3358	2208
5760	3359	2209
5761	3360	2469
5762	3361	2803
5763	3362	2466
5764	3363	2465
5765	3364	2180
5766	3365	2184
5767	3366	2183
5768	3367	2475
5769	3368	4394
5798	3375	2775
5803	3380	2163
5804	3381	2164
5805	3382	2167
5806	3383	2166
5807	3384	2165
5809	3386	2076
5810	3387	2077
5811	3388	1860
5812	3389	2741
5813	3390	2073
5814	3391	1704
5815	3392	2074
5816	3393	1704
5817	3394	2072
5818	3395	1704
5819	3396	2075
5820	3397	2078
5827	3400	2770
5828	3401	2769
5829	3402	5500
5830	3403	2740
5831	3404	2739
5839	3406	5499
5858	3410	2738
5864	3412	2299
5865	3413	4601
5866	3414	25827
5867	3414	25828
5868	3415	2772
5869	3416	2057
5874	3418	2058
5893	3427	2773
5894	3428	2735
5895	3429	2771
5896	3430	2459
5897	3431	5847
5970	3434	2736
5971	3435	1865
5974	3437	1864
5975	3438	1869
5976	3439	1868
5979	3442	1861
5987	3445	1863
5988	3446	5904
5989	3446	5902
5992	3449	2127
5993	3450	3153
5994	3451	1866
5995	3452	1873
5996	3453	1872
5997	3454	1874
5998	3455	2147
5999	3456	1871
6000	3457	2243
6001	3458	2301
6002	3459	2247
6003	3460	2246
6066	3461	2242
6068	3023	1707
6069	3023	1708
6070	3023	1709
6071	3023	1711
6072	3023	1715
6073	3023	1730
6074	3023	1716
6075	3023	1718
6076	3023	1731
6077	3023	1732
6078	3023	1733
6079	3023	1720
6080	3023	1721
6081	3023	1722
6082	3023	1723
6083	3023	21788
6084	3023	1724
6085	3023	2240
6086	3023	1710
6087	3023	2024
6088	3023	1729
6089	3023	1725
6090	3463	2313
6091	3464	2286
6094	3024	1719
6095	3024	1717
6096	3024	1714
6097	3025	1765
6098	3025	1886
6099	3025	1925
6100	3025	1862
6102	3026	1880
6103	3055	1690
6104	3055	1689
6105	3056	2053
6106	3056	1878
6107	3058	1936
6109	3467	2054
6110	3467	1897
6111	3057	1892
6112	3057	1896
6113	3057	1893
6114	3057	1895
6115	3059	3508
6116	3059	14832
6117	3059	1939
6118	3062	2055
6119	3060	1946
6120	3060	1949
6121	3060	1944
6122	3060	1947
6123	3060	1943
6124	3064	13620
6125	3064	13621
6126	3063	13907
6127	3061	1951
6128	3447	5211
6129	3468	2365
6130	3469	4277
6131	3470	1792
6132	3471	1793
6133	3472	1815
6134	3473	1816
6135	3474	3462
6136	3065	1797
6137	3065	1798
6138	3065	1799
6139	3065	25742
6140	3065	1800
6141	3065	1802
6142	3066	3267
6143	3066	1779
6144	3066	1780
6145	3066	1781
6146	3066	1782
6151	3068	1794
6152	3068	1790
6153	3069	1812
6154	3069	1813
6155	3069	1814
6156	3070	1821
6157	3070	1822
6158	3070	1823
6159	3071	1841
6160	3475	1842
6161	3476	1791
6170	3075	3876
6171	3075	1846
6172	3075	1847
6173	3075	1851
6174	3075	1852
6175	3075	1853
6176	3477	1790
6177	3078	3876
6178	3078	4086
6179	3078	1848
6180	3078	1850
6190	3072	1825
6191	3073	1843
6192	3073	4935
6193	3073	1844
6194	3478	1813
6196	3479	1824
6197	3479	1827
6198	3480	1814
6199	3076	1855
6200	3076	1858
6201	3076	1859
6202	3076	4579
6203	3481	2808
6204	3083	4093
6205	3083	1856
6206	3083	1857
6213	3088	1861
6214	3088	1863
6215	3088	2128
6216	3088	1875
6217	3088	2127
6218	3088	1870
6219	3482	1943
6220	3483	1949
6226	3485	1863
6227	3485	2128
6228	3485	1875
6229	3485	2127
6230	3485	1870
6231	3486	1944
6232	3089	27165
6233	3089	1865
6234	3089	1869
6235	3089	1864
6236	3487	1946
6237	3090	1866
6241	3092	2147
6242	3092	1871
6243	3092	1867
6244	3488	1948
6245	3091	1872
6246	3091	1873
6247	3091	1874
6250	3489	2150
6251	3489	1873
6252	3489	1874
6253	3490	1950
6254	3491	1878
6255	3492	25754
6256	3493	3598
6257	3494	1877
6258	3495	3595
6259	3496	3595
6260	3497	3629
6261	3498	3628
6262	3499	1936
6263	3500	1801
6264	3501	1803
6265	3502	1805
6266	3502	1806
6267	3503	1779
6268	3504	1782
6269	3505	1781
6270	3506	1778
6271	3507	1780
6272	3508	3160
6273	3509	1799
6274	3510	1798
6275	3511	1800
6276	3512	1797
6277	3093	2773
6278	3093	2771
6279	3093	2735
6280	3093	2056
6281	3093	2458
6282	3093	2459
6283	3093	2298
6284	3094	2057
6285	3094	2058
6286	3094	2772
6287	3513	1941
6288	3514	1938
6289	3515	1892
6290	3516	1896
6291	3517	1895
6292	3369	2285
6293	3369	2242
6294	3369	2286
6295	3518	1897
6296	3370	2243
6297	3370	2245
6298	3370	2247
6299	3370	2244
6300	3370	2246
6301	3371	2462
6302	3371	12815
6303	3371	2739
6304	3371	2299
6305	3372	2740
6306	3372	2769
6307	3372	2460
6308	3372	2770
6309	3373	2153
6310	3373	2074
6311	3373	2075
6312	3373	2078
6313	3373	2072
6316	3519	1940
6317	3520	3680
6318	3374	2076
6319	3374	2077
6322	3522	3508
6323	3521	2077
6324	3523	1942
6340	3524	1704
6341	2414	30230
6342	2414	26499
6343	2414	31097
6344	2414	30265
6345	2414	2131
6346	2414	2130
6347	2414	2084
6348	2414	26498
6349	2414	5885
6350	2414	5886
6351	2414	2132
6352	2414	14005
6353	2414	13819
6354	2414	2939
6355	3377	1703
6356	3378	1703
6357	3376	1703
6358	3379	1703
6359	3420	10424
6369	3399	2163
6370	3399	13867
6371	3525	2339
6372	3525	2164
6373	3405	1906
6374	3405	1904
6375	3405	1890
6376	3405	1905
6377	3405	2302
6378	3405	1907
6379	3405	1894
6380	3407	1915
6381	3407	2341
6382	3407	1912
6383	3407	1914
6384	3407	1911
6385	3407	1917
6386	3407	1913
6387	3407	1916
6388	3408	1919
6389	3408	1922
6390	3408	1920
6391	3526	1918
6392	3527	2374
6393	3409	2338
6394	3409	2358
6395	3409	2337
6396	3409	2368
6397	3409	2357
6398	3409	2356
6399	3411	2324
6400	3411	2343
6401	3411	2326
6402	3528	2373
6403	3417	7832
6404	3417	7847
6405	3417	7900
6406	3417	7994
6407	3419	7895
6408	3421	2235
6409	3421	2232
6410	3422	2320
6411	3422	2234
6412	3422	2233
6414	3529	2236
6415	3530	2238
6416	3448	1685
6417	3423	3157
6418	3423	3152
6419	3424	10291
6420	3425	3156
6422	3426	3154
6423	3426	2475
6424	3426	2180
6425	3426	3185
6426	3426	2184
6427	3426	3652
6428	869	2215
6429	869	2212
6430	869	2214
6449	870	2217
6451	868	2463
6452	928	2467
6453	934	2223
6477	3433	2216
6478	3433	2213
6479	3433	2211
6480	3433	2210
6481	3433	2827
6482	3433	2468
6483	3433	3005
6496	3531	2315
6497	21	3676
6498	3532	2775
6506	3534	2822
6508	9	3787
6509	9	3788
6510	3536	2936
6514	11	3146
6515	11	3147
6517	43	13759
6518	43	3150
6519	3441	3789
6520	3539	1856
6526	3440	3136
6527	3540	1857
6528	3436	8121
6529	3436	4167
6530	3443	3144
6531	3443	3129
6532	3443	1959
6533	3443	1960
6534	3444	1962
6535	3444	1963
6536	3444	3132
6537	3541	1850
6538	3542	1851
6539	3543	3876
6540	3544	1852
6541	3545	4548
6545	3549	1847
6547	3551	2299
6548	3552	1848
6550	3554	4588
6551	3555	4586
6553	3557	1833
6554	3558	1831
6558	3561	4234
6559	3562	1828
6562	3565	1834
6565	3568	4086
6573	3572	2992
6574	3573	2993
6583	3582	4596
6584	3583	4595
6585	3584	4323
6586	3585	4336
6587	3586	4335
6588	3587	1843
6589	3588	1844
6590	3589	4311
6591	3590	1825
6592	3591	4308
6593	3592	4300
6594	3593	4259
6595	3594	4263
6597	3596	4265
6598	3597	4262
6599	3598	4264
6600	3599	4591
6601	3600	1841
6602	3601	1821
6603	3602	4267
6604	3603	1719
6605	3604	1717
6606	3605	1722
6608	3607	1724
6609	3606	1723
6610	3608	1732
6611	3609	1716
6613	3611	1718
6614	3612	1725
6615	3613	1710
6616	3614	2024
6617	3615	1729
6620	3618	1709
6621	3618	2377
6624	3621	1711
6625	3621	2378
6626	3622	1715
6627	3622	1730
6628	3623	1707
6629	3623	1708
6630	2778	2346
6631	3624	1765
6632	3625	1761
6633	3626	1767
6646	3638	1962
6647	3639	3132
6649	3641	1959
6650	3642	1960
6651	3640	1963
6652	3643	3136
6653	3644	8121
6654	3645	4167
6655	3646	3789
6656	3647	2211
6657	3648	2210
6658	3649	2827
6659	3650	2468
6660	3651	3005
6661	3652	2213
6662	3653	2216
6663	3654	2933
6664	3655	2207
6665	3656	2464
6666	3657	13823
6667	3658	13822
6669	3660	2315
6670	3661	2208
6671	3662	2469
6672	3663	2465
6673	3664	10241
6674	3665	2209
6675	3666	3154
6676	3667	2184
6677	3668	2180
6678	3669	2475
6679	3670	1685
6680	3671	2232
6681	3672	2233
6682	3673	2320
6683	3674	13580
6684	3675	2234
6685	3676	2235
6686	3676	2237
6687	3677	2238
6688	3678	7895
6689	3679	7994
6690	3680	7832
6691	3681	7847
6692	3682	7900
6693	3683	2163
6694	3683	13867
6695	3684	2164
6696	3684	5809
6697	3684	5808
6698	3685	2339
6699	3686	2342
6700	3687	1919
6701	3688	1920
6703	3689	1922
6704	3689	1918
6705	3690	1909
6706	3691	1908
6707	3692	1910
6708	3693	1914
6709	3694	1911
6710	3695	1916
6711	3696	1912
6712	3697	1913
6713	3697	18137
6718	3700	1894
6721	3701	1898
6723	3703	1904
6724	3704	1907
6725	3705	2302
6729	3708	1905
6730	3709	1917
6731	3710	1906
6732	3711	2341
6737	3713	1890
6743	3717	1899
6745	3720	1901
6746	3721	1902
6747	3722	1903
6755	3730	1703
6756	3731	1703
6758	3733	1704
6759	3734	1704
6761	3736	10424
6762	3736	25775
6765	3739	2077
6766	3740	2153
6767	3741	2075
6768	3742	2078
6771	3743	2072
6775	3746	2460
6776	3747	2770
6778	3749	2769
6781	3752	3071
6782	3753	2299
6784	3755	2739
6787	3758	2462
6789	3760	2740
6792	3763	2285
6793	3764	2242
6794	3765	2375
6795	3766	2286
6796	3767	2243
6797	3768	2245
6798	3769	2247
6799	3770	2244
6801	3772	2246
6804	3774	2057
6805	3774	16694
6806	3775	2058
6810	3778	2773
6811	3779	2056
6812	3780	2771
6814	3782	2774
6815	3783	2735
6818	3786	2459
6823	3791	2298
6829	3797	9173
6830	3798	1864
6831	3799	1866
6832	3800	1869
6833	3801	2128
6834	3802	2127
6835	3803	1875
6836	3804	1870
6837	3805	1871
6838	3806	2147
6839	3807	1874
6840	3808	2149
6841	3809	1873
6842	3810	2150
6843	3811	1801
6844	3812	9270
6845	3813	1799
6846	3814	1798
6847	3815	1800
6849	3817	1802
6851	3819	1797
6853	3821	1811
6856	3824	1796
6857	3824	1817
6858	3824	1818
6859	3824	1819
6861	3826	1779
6863	3828	1782
6864	3829	1780
6866	3831	3462
6868	3833	3267
6869	3834	1781
6873	3838	1794
6874	3839	1790
6875	3840	1812
6876	3841	1813
6878	3843	1814
6880	3845	1690
6881	3846	1691
6882	3847	1689
6883	3848	1765
6884	3849	1767
6885	3850	1928
6886	3851	1880
6887	3852	1886
6888	3853	1925
6889	3854	2053
6890	3855	1878
6891	3856	6483
6892	3857	1892
6893	3858	2054
6894	3859	1895
6895	3860	1893
6896	3861	14832
6897	3862	1939
6898	3863	3508
6899	3864	1936
6900	3865	1946
6901	3866	1947
6902	3867	1943
6903	3868	1949
6904	3869	1945
6908	3873	13620
6910	3875	13621
6914	3879	13907
6917	3882	13627
6918	3882	13628
6919	3882	13629
6931	3889	2055
6935	3892	1719
6936	3893	1717
6941	3896	3676
6942	3897	1714
6945	3900	3146
6946	3901	3147
6947	3902	13759
6948	3903	3787
6949	3904	3788
6951	3906	1707
6952	3906	1708
6959	3913	27028
6960	3914	2170
6961	3914	2171
6972	3919	2220
6973	3920	2230
6983	3928	1715
6984	3928	2231
6985	3928	1716
6986	3928	1718
6987	3928	2240
6988	3928	2024
6994	3933	1731
6995	3933	1732
6996	3933	1729
6997	3934	1725
7007	3936	2178
7008	3937	1841
7009	3938	1842
7010	3939	1823
7011	3940	1821
7012	3941	1822
7013	3942	1856
7014	3943	1857
7015	3944	1855
7016	3945	1859
7017	3946	1858
7018	3947	1843
7019	3948	1844
7020	3949	1825
7021	3950	1826
7022	3951	1824
7023	3952	1827
7024	3953	1850
7025	3954	1848
7026	3955	1852
7027	3956	1853
7028	3957	1851
7029	3958	1847
7030	3959	1846
7031	3960	1835
7032	3961	1833
7033	3962	1832
7034	3963	1834
7035	3964	1831
7036	3965	1838
7037	3966	1836
7038	3967	1829
7039	3968	1830
7040	3969	1837
7041	3970	1959
7042	3971	1960
7043	3972	1961
7044	3973	10206
7045	3974	1963
7046	3975	1962
7047	3976	3136
7048	3977	4167
7049	3978	8121
7050	3979	3789
7051	3980	3653
7052	3981	2184
7053	3982	3154
7054	3983	2475
7055	3984	2180
7056	3985	3406
7057	3986	2216
7058	3987	2213
7059	3988	2210
7060	3989	2217
7061	3990	2827
7062	3991	2468
7063	3992	3005
7064	3993	2207
7065	3994	2209
7066	3995	13823
7067	3996	13822
7069	3998	2315
7070	3999	2208
7071	4000	2465
7072	4001	10241
7073	4002	2464
7074	4003	2232
7075	4004	2233
7076	4005	2237
7077	4006	2238
7078	4007	2235
7079	4008	2234
7080	4009	2236
7081	4010	8031
7083	4011	7895
7084	4012	7832
7090	4018	7847
7091	4019	7900
7092	4020	7994
7093	4021	8022
7154	4057	2164
7156	4059	2163
7157	4060	13867
7161	4064	2342
7166	4068	2077
7168	4070	2075
7169	4071	2072
7170	4072	2078
7171	4073	11451
7172	4074	11451
7173	4075	2460
7174	4076	2770
7175	4077	1703
7176	4078	1703
7177	4079	2769
7182	4082	2462
7185	4085	3071
7186	4086	2739
7187	4087	2299
7188	4088	3184
7189	4089	2375
7190	4090	2242
7191	4091	2285
7192	4092	2286
7193	4093	2247
7194	4094	2244
7195	4095	2243
7196	4096	2245
7197	4097	2246
7198	4098	2241
7208	2481	2147
7209	2483	1871
7210	2484	2149
7211	2485	5354
7212	2482	5168
7255	4143	28980
7274	4157	2057
7275	4158	2058
7276	4159	2773
7277	4160	2735
7278	4161	2459
7279	4162	2771
7280	4163	2774
7281	4164	2056
7282	4165	2458
7283	4166	2298
7284	1007	2149
7285	1008	5354
7286	4167	1864
7287	1009	5168
7288	4168	1869
7289	4169	9173
7290	4170	2128
7291	4171	2150
7292	4172	2149
7294	4174	1871
7295	4175	2147
7296	4176	1900
7297	4177	1901
7298	4178	1902
7299	4179	1903
7300	4180	2038
7301	4181	1904
7302	4182	1907
7303	4183	1894
7304	4184	1898
7305	4185	1906
7306	4186	1890
7307	4187	1905
7308	4188	1914
7309	4189	1911
7310	4190	1915
7311	4191	1912
7312	4192	1913
7313	4193	1918
7314	4194	1916
7315	4195	1917
7317	4197	1910
7318	4198	1908
7319	4199	1909
7320	4200	1920
7321	4201	1919
7322	4202	1922
7323	4203	1921
7324	4204	1703
7325	4205	1704
7326	4206	10424
7327	4207	25775
7328	4208	1700
7329	4209	1699
7330	4210	11445
7331	4211	13620
7332	4212	13621
7333	4213	13907
7334	4214	1949
7335	4215	1946
7336	4216	1947
7337	4217	1945
7338	4218	1943
7339	4219	1939
7340	4220	14832
7341	4221	1936
7342	4222	2054
7343	4223	2053
7344	4224	1893
7345	4225	1897
7346	4226	2055
7347	4227	2037
7348	4228	2035
7349	4229	1690
7350	4230	1689
7351	4231	1691
7352	4232	1886
7353	4233	1767
7354	4234	1925
7355	4235	1928
7356	4236	1880
7357	4237	1862
7358	4238	1814
7359	4239	3599
7360	4240	1812
7361	4241	1813
7362	4242	1812
7363	4243	1794
7364	4244	1790
7365	4245	3608
7366	4246	3608
7368	4248	1811
7369	4249	1799
7370	4250	1798
7371	4251	1800
7372	4252	1802
7373	4253	1797
7374	4254	3462
7375	4255	1781
7376	4256	3267
7377	4257	1779
7378	4258	1780
7379	4259	1782
7380	4260	1801
7381	4261	9270
7382	4262	9270
7383	4263	1821
7384	4264	1823
7385	4265	1822
7386	4266	1841
7387	4267	1842
7388	4268	1838
7389	4269	1835
7390	4270	1832
7391	4271	1834
7392	4272	1833
7393	4273	1831
7394	4274	1829
7395	4275	1836
7396	4276	1837
7397	4277	1830
7398	4278	1852
7399	4279	1853
7400	4280	1851
7401	4281	1847
7402	4282	10988
7403	4283	1846
7404	4284	1848
7405	4285	4086
7406	4286	1850
7407	4287	1824
7408	4288	1825
7409	4289	1826
7410	4290	1827
7411	4291	1843
7412	4292	1844
7413	4293	1855
7414	4294	1859
7415	4294	4579
7416	4295	1856
7417	4296	1857
7418	4297	1858
7419	4298	5992
7420	4299	1719
7421	4300	1717
7422	4301	1714
7423	4302	2170
7424	4302	2171
7425	4303	2178
7426	4304	2179
7427	4305	2172
7428	4305	2173
7429	4305	1709
7430	4305	1711
7431	4305	2219
7432	4305	1710
7433	4306	2220
7434	4306	2230
7435	4306	9570
7436	4307	1725
7437	4308	1720
7438	4308	1721
7439	4308	1722
7440	4308	13868
7441	4308	1723
7442	4308	21788
7443	4308	1724
7444	4308	31534
7445	4309	1731
7446	4309	1732
7447	4309	21787
7448	4309	1729
7449	4310	1715
7450	4310	2231
7451	4310	1716
7452	4310	1718
7453	4310	2240
7454	4310	2024
7457	4312	1962
7458	4313	3144
7459	4314	3129
7461	4316	3130
7462	4317	1960
7464	4318	1959
7465	4319	3128
7466	4320	3127
7467	4321	1951
7468	4322	3136
7469	4323	8151
7470	4324	3134
7471	4325	8119
7474	4326	3137
7475	4327	26088
7476	4328	8364
7477	4329	4084
7478	4330	3133
7479	4331	3140
7480	4332	4167
7481	4333	3145
7482	4334	3789
7483	4335	3151
7484	4335	3678
7487	4336	3787
7488	4336	3788
7489	4337	3676
7490	4338	3146
7491	4338	3147
7492	4339	3862
7493	4340	3679
7494	1018	10291
7495	4341	3156
7496	4342	3152
7497	4343	3157
7498	4344	2320
7499	4345	2234
7500	4346	2233
7501	4347	2235
7502	4348	2232
7503	4349	10424
7504	4350	7895
7505	4351	7994
7506	4352	7832
7507	4353	7847
7508	4354	7900
7509	4355	2164
7510	4356	2163
7512	4358	2166
7513	4357	2167
7514	4359	2165
7515	4360	2076
7516	4361	2077
7517	4362	2072
7518	4363	2078
7519	4364	2075
7520	4365	2074
7521	4366	2073
7522	4367	2461
7523	4368	2299
7524	4369	5499
7525	4370	2739
7526	4371	5500
7527	4372	2740
7528	4373	2769
7529	4374	2462
7530	4375	2738
7531	4376	2770
7532	4377	2460
7533	4378	2285
7534	4379	2242
7535	4380	2286
7536	4381	2243
7537	4382	2245
7538	4383	2247
7539	4384	2246
7540	4385	2773
7541	4386	2735
7542	4387	2771
7543	4388	2774
7544	4389	2458
7545	4390	2058
7546	4391	2772
7547	4392	2057
7548	4393	2459
7549	4394	2736
7550	4395	1867
7551	4396	1873
7552	4397	1871
7553	4398	2147
7554	4399	1872
7555	4400	1874
7556	4401	1870
7557	4402	1875
7558	4403	2127
7559	4404	1861
7560	4405	1863
7561	4406	27165
7562	4407	1866
7563	4408	1864
7564	4409	1868
7565	4410	1869
7566	4411	1865
7567	956	17907
7568	956	8913
7569	956	13607
7570	956	28636
7571	956	13606
7572	3067	1818
7573	3067	1801
7574	3067	1805
7575	3067	1806
7576	3067	1807
7577	3067	1808
7578	3067	1809
7579	3067	1810
7580	3067	1811
7581	2777	1805
7582	2777	1806
7583	2777	1807
7584	2777	1808
7585	2777	13979
7586	2777	1809
7587	2777	1810
7595	4412	2933
7596	4413	2207
7597	4414	2210
7598	4415	3005
7599	4416	2213
7600	4417	2827
7601	4418	2468
7602	4419	2211
7603	4420	2216
7604	4421	2466
7605	4422	2209
7606	4423	2803
7607	4424	2469
7608	4425	2208
7609	4426	2465
7610	4427	2464
7611	4428	2184
7612	4429	2475
7613	4430	2183
7614	4431	3185
7615	4432	2180
7616	4433	1919
7617	4434	1920
7618	4435	1915
7619	4436	1916
7620	4437	1911
7621	4438	1894
7622	4439	1907
7623	4440	2302
7624	4441	1904
7625	4442	1913
7626	4443	1914
7627	4444	1917
7628	4445	1906
7629	4446	1890
7630	4447	2341
7631	4448	2338
7632	4449	2324
7633	4449	2343
7634	4450	2326
7635	4451	2306
7636	4451	2307
7637	4452	2337
7638	4453	2936
7639	4454	31584
7640	4454	2775
7641	4455	2365
7642	4456	1793
7643	4457	1816
7644	4458	1815
7645	4459	1792
7646	4460	1791
7647	4461	1794
7648	4462	1813
7649	4463	1790
7651	4464	1812
7652	4465	1814
7653	4466	1801
7654	4467	1805
7655	4468	1806
7656	4469	1803
7657	4470	1811
7658	4471	1798
7659	4472	1779
7660	4473	1781
7661	4474	1800
7662	4475	1799
7663	4476	1802
7664	4477	1797
7665	4478	1780
7666	4479	1782
7667	4480	3160
7668	4481	1778
7669	4482	1796
7670	4482	1817
7671	4482	1818
7672	4482	1819
7673	4483	1761
7674	4484	1765
7675	4485	1767
7676	4486	1719
7677	4487	1717
7678	4488	1714
7679	4489	1724
7680	4490	1722
7681	4491	1723
7682	4492	1732
7683	4493	1729
7684	4494	1716
7685	4495	1718
7686	4496	2024
7687	4497	1715
7688	4498	1710
7689	4499	1709
7690	4500	1713
7691	4501	1711
7692	4502	1707
7693	4503	1708
7694	4504	1725
7695	4505	1948
7696	4506	1946
7697	4507	1944
7698	4508	1949
7699	4509	1947
7700	4510	1943
7701	4511	3595
7702	4512	1936
7703	4513	1878
7705	4515	1877
7706	4514	3629
7707	4516	14832
7708	4517	1939
7709	4518	1893
7710	4519	1895
7711	4520	1892
7712	4521	1896
7713	4522	1940
7714	4523	3508
7715	4524	1941
7716	4525	1950
7717	4526	1897
7718	4527	13620
7719	4528	13621
7720	4529	1821
7721	4530	4267
7722	4531	1841
7723	4532	4335
7724	4533	4336
7725	4534	4323
7726	4535	4596
7727	4536	4595
7728	4537	2992
7729	4538	2993
7730	4539	4603
7731	4540	4264
7732	4541	4263
7734	4543	4259
7735	4542	4265
7736	4544	2807
7737	4545	4260
7738	4546	4598
7739	4547	4599
7740	4548	4598
7741	4549	4599
7742	4550	1844
7743	4551	1843
7744	4552	1825
7745	4553	4308
7746	4554	4300
7747	4555	4311
7748	4556	1833
7749	4557	1829
7750	4558	1828
7751	4559	1831
7752	4560	4234
7753	4561	1834
7754	4562	4586
7755	4563	4586
7756	4564	3876
7757	4565	4548
7758	4566	1852
7759	4567	1851
7760	4568	1847
7761	4569	1853
7762	4570	4591
7763	4571	4086
7764	4572	1848
7765	4573	1848
7766	4574	1850
7767	4575	1859
7768	4576	4579
7769	4577	1855
7770	4578	1858
7771	4579	4093
7772	4580	1857
7773	4581	1856
7774	4582	1856
7782	4067	10326
7783	4069	18005
7784	4152	5063
7787	4154	1871
7790	3898	8173
7791	3899	16783
7792	4583	27591
7793	4584	14162
7794	4585	13751
7795	3905	4014
7796	4586	1686
7797	4013	14006
7799	3907	3148
7800	3908	3677
7802	3910	4015
7803	3911	8258
7804	3912	8685
7805	3915	29708
7806	3916	3678
7807	3932	3145
7808	3932	3861
7809	3921	4051
7810	3922	29351
7811	3923	3862
7812	3924	4052
7813	3925	3679
7814	3926	27401
7815	3927	25317
7816	3930	27402
7817	3929	27403
7818	3931	3789
7819	4156	25874
7820	3918	29994
7821	3918	28998
7822	4015	9823
7823	4134	1841
7824	4132	26604
7825	4133	11438
7826	4126	26602
7827	4127	26603
7830	4131	1843
7832	4590	4935
7833	4129	24948
7834	4128	11442
7835	4130	25856
7836	4043	1878
7837	4044	3628
7838	4046	1893
7839	4045	1895
7840	4047	3508
7841	4592	30576
7842	4141	30011
7845	4066	10396
7846	2791	2735
7847	4593	29258
7850	4594	32348
7851	4595	32348
7852	2790	2058
7854	2793	25847
7855	3567	31360
7856	3564	28983
7857	2792	2459
7858	3559	26441
7859	3566	25183
7861	2794	28816
7862	3637	31443
7863	3636	24984
7864	3632	2214
7865	3633	3653
7866	3634	2215
7867	3635	2212
7868	3630	2184
7871	3627	24941
7872	3629	2182
7873	3628	2475
7874	2800	2460
7875	2798	26900
7876	2796	2770
7877	3547	2769
7878	3546	28294
7879	3553	25756
7880	3550	15705
7881	3556	29462
7882	2801	2462
7883	2802	27527
7884	2799	21370
7887	3776	2163
7888	4596	13867
7892	3777	17617
7893	3773	2342
7894	4597	13842
7895	3751	11441
7896	3756	2375
7897	3750	22434
7898	3748	24904
7899	3754	2285
7900	2787	23521
7901	2788	12579
7902	2786	12580
7903	2789	29588
7904	2785	28463
7905	2784	27424
7906	4149	1866
7907	3890	28219
7908	4144	1861
7916	4148	1869
7917	4147	9212
7918	4146	1865
7921	4150	5959
7922	4151	1864
7927	3891	3137
7928	3891	29681
7931	3888	13670
7932	3888	13844
7933	3619	29173
7934	3617	28467
7935	3569	17834
7936	3569	1685
7939	3570	10199
7940	4598	27027
7941	4054	14927
7942	3616	28593
7943	3771	30381
7944	4053	14871
7945	3759	11445
7946	3761	11446
7947	3757	1699
7948	4051	25919
7949	4049	1946
7950	3762	28982
7951	4048	1945
7952	4055	6160
7953	4056	1943
7954	4052	1949
7955	2820	30191
7956	3579	24836
7957	3578	2234
7958	3577	2237
7959	3580	2238
7960	3576	13580
7961	3575	2235
7962	3571	2232
7963	3574	2233
7964	4120	11502
7965	4113	30005
7966	4113	13672
7967	4117	4548
7968	4115	1829
7969	4119	1853
7970	4121	1852
7971	4122	1851
7972	4114	1834
7973	4116	1831
7974	4118	1847
7975	4124	4086
7976	4125	1850
7977	4599	24906
7978	4123	1848
7979	3827	1901
7980	3823	1899
7981	3825	28424
7982	3830	1909
7983	3822	1910
7984	4109	2653
7985	4110	25596
7986	4111	24892
7987	4112	1814
7988	4112	25741
7989	4039	1880
7990	4037	1765
7991	4038	1767
7992	4036	1862
7996	3727	26914
7997	3728	2369
7998	2807	30046
7999	3874	28818
8000	3729	2077
8002	3726	2074
8003	3877	3132
8004	3876	1962
8005	3872	23714
8006	3884	13800
8007	3735	29125
8008	3883	10206
8009	3881	1961
8010	3880	13798
8012	3732	2072
8013	4062	13627
8014	4063	13628
8015	4065	13629
8016	4600	13622
8017	4061	13621
8018	4058	13620
8019	4601	27554
8020	4042	25883
8021	4040	1689
8022	4041	1690
8023	4017	3647
8024	4602	2084
8025	2821	30041
8026	4603	26498
8027	4604	5885
8028	3718	2467
8030	4605	30230
8031	3719	2223
8032	4606	5886
8033	3581	29364
8034	3725	31077
8035	3698	2469
8036	4607	14005
8037	4608	2131
8038	4609	31097
8039	4610	30229
8040	4611	2083
8041	3699	2208
8042	3699	31079
8043	4612	2085
8044	3702	29274
8045	3706	2209
8046	3706	21950
8047	3707	2216
8048	3712	2217
8049	3712	28070
8050	4613	2081
8051	4614	29045
8052	4615	30265
8053	4616	2086
8054	4617	2082
8055	4618	5881
8056	4619	2079
8057	3714	2468
8058	3715	2827
8059	3716	2213
8060	3723	10198
8061	3724	3005
8062	3832	31222
8063	3835	31223
8064	3836	31224
8065	3870	8031
8066	3844	28090
8067	3871	7895
8068	3837	7832
8069	3842	7994
8070	4136	1855
8071	4135	1858
8072	4137	1859
8073	4137	4579
8074	4139	4093
8075	4620	32046
8076	4140	1857
8077	4621	9928
8079	4623	25121
8080	4138	1856
8081	4624	24909
8082	3781	1894
8083	4625	26676
8084	4626	26679
8085	4627	32272
8086	3784	1907
8087	4022	2170
8088	4022	13825
8089	4022	9567
8090	4022	2171
8091	4022	13826
8096	4024	13827
8097	4024	29579
8098	4024	9570
8099	4024	28100
8100	3818	1913
8101	4025	20813
8102	4025	2585
8103	4025	5195
8104	4025	2024
8105	4025	20814
8106	3788	1911
8107	4026	1720
8108	4026	2804
8109	4026	30512
8110	3816	1914
8115	4028	29578
8116	4029	2300
8117	4030	24940
8118	3787	2302
8119	3792	1905
8120	4031	1719
8121	4035	25884
8122	4034	1714
8123	4032	5992
8124	4033	1717
8125	4016	1725
8126	3793	22791
8127	3785	1904
8128	3820	1915
8129	3789	1919
8130	3790	1920
8131	3795	1890
8132	3796	30039
8133	4628	31864
8135	4630	27825
8137	4632	31831
8139	4634	27827
8141	4636	31868
8142	4637	31829
8145	4640	31866
8162	4644	27411
8163	4080	6825
8164	4083	1797
8165	4084	1798
8168	4099	1799
8169	4645	1820
8170	4100	1800
8171	4104	27440
8172	4103	1781
8173	4081	28967
8174	4108	1803
8176	4106	3608
8177	4105	1811
8178	4646	3608
8179	4101	1801
8180	4102	1805
8181	4102	1806
8182	4102	1807
8183	4102	1808
8184	4102	13979
8185	4102	1809
8186	4102	1810
8253	4682	31666
8303	4720	27440
8306	4722	3608
8308	4724	3608
8422	4823	29458
8472	4869	25183
8503	4899	9345
8518	4783	2467
8520	4913	2209
8524	4914	21950
8525	4642	3647
8526	4916	2208
8527	4917	2469
8528	4792	31077
8529	4791	3005
8531	4918	29274
8533	4920	28070
8534	4921	2468
8535	4781	2827
8536	4782	2213
8537	4793	32304
8540	4919	2217
8541	4922	2216
8542	4806	2238
8543	4801	2235
8544	4799	2232
8545	4800	2233
8546	4802	13580
8547	4804	2234
8548	4805	24836
8551	4837	1920
8552	4836	1919
8553	4854	30039
8554	4831	1894
8555	4832	1907
8556	4838	2147
8559	4923	1871
8562	4679	10326
8563	4680	18005
8564	4681	31666
8565	4925	32082
8566	4926	27591
8572	3794	30884
8579	4929	1861
8584	4933	1870
8585	4934	5107
8586	4935	9577
8587	4833	1904
8588	4839	1905
8589	4842	22791
8590	4846	1890
8593	4937	2803
8595	4939	2466
8596	4940	15800
8598	4936	2469
8599	4844	1915
8600	4834	1911
8601	4840	1914
8602	4942	13823
8605	4945	13822
8609	4948	3645
8610	4949	3650
8611	4950	2315
8612	4951	13603
8613	4952	11501
8614	4953	10241
8615	4954	2207
8617	4955	2206
8619	4956	2933
8623	4958	3644
8626	4960	24949
8634	4968	6703
8637	4696	10206
8638	4698	13798
8640	4699	13800
8642	4693	1959
8643	4704	3132
8644	4703	1962
8645	4692	28818
8646	4701	23714
8662	4969	13670
8663	4970	1780
8666	4971	3462
8671	4973	1898
8672	4974	14385
8673	4975	5565
8674	4976	5566
8675	4977	2303
8681	4982	2302
8686	4983	1907
8687	4985	11506
8688	4986	1779
8689	4987	6731
8690	4988	1778
8691	4989	5181
8692	4990	10378
8693	4991	3267
8694	4992	2347
8695	4993	6730
8696	4994	1782
8697	4995	13958
8698	4996	2345
8699	4997	5182
8700	4998	2150
8702	4999	5063
8703	5000	5145
8705	5001	1873
8706	5002	5354
8709	5004	3130
8710	5005	1960
8711	5006	14125
8713	5008	3127
8714	5009	3129
8715	5010	3144
8716	5011	9342
8717	5012	9341
8718	5013	14118
8719	5014	9343
8721	5016	8119
8725	5018	8460
8726	5019	14216
8727	5020	8121
8728	5021	8118
8729	5022	4167
8730	5023	3133
8731	5024	24230
8735	5026	5059
8737	5028	3137
8738	5029	8364
8739	5030	3142
8741	5032	3141
8743	5033	4084
8744	5034	1828
8745	5035	9117
8747	5037	1829
8748	5038	9115
8749	5039	1830
8751	5040	8834
8752	5041	14460
8753	5042	4234
8754	5043	9116
8756	5045	1832
8757	5046	3531
8758	5047	1833
8759	5048	13634
8760	5049	9064
8763	5051	17528
8764	5052	10043
8765	5053	4773
8766	5054	1835
8768	4663	1862
8769	4662	1767
8770	4661	1765
8771	4660	1880
8772	4856	2342
8773	4857	13842
8774	4862	2163
8775	4859	13867
8776	4860	17617
8778	5056	30834
8781	4816	28090
8782	4817	7994
8783	4812	31224
8784	4810	31222
8785	4811	31223
8786	4819	8031
8787	4820	7895
8789	4815	7832
8790	5058	1836
8791	5059	1837
8792	5060	1838
8794	5061	2053
8795	5062	1878
8796	5063	25754
8797	5064	5875
8798	5065	14345
8799	2246	1878
8800	4835	5063
8801	2170	5168
8802	4924	5354
8803	4155	5354
8804	4153	2147
8805	2172	5354
8806	2169	2147
8807	5066	1876
8808	5067	3598
8809	5068	14344
8810	5069	14413
8811	5070	6475
8813	5072	1877
8814	5073	3595
8815	5074	1892
8816	5075	1896
8817	5076	1893
8818	5077	1895
8819	5078	2054
8820	5079	5878
8822	5080	5880
8823	5081	14363
8824	5082	6254
8825	5083	5879
8826	5084	1897
8827	5085	2773
8828	5086	2771
8829	5087	2735
8830	5088	11447
8831	5089	5871
8832	5090	2774
8833	5091	2056
8834	5092	2458
8835	5093	21961
8836	5094	2459
8837	5095	5847
8838	5096	2298
8839	5097	28077
8841	5099	5872
8842	5100	9319
8843	5101	5500
8844	5102	3071
8846	5104	12815
8849	5106	3184
8850	5107	2739
8851	5108	2299
8852	5109	2738
8853	5110	5499
8854	5111	21370
8855	3737	2244
8856	2795	9345
8857	3738	9337
8858	3738	2241
8859	3744	19055
8860	3745	2247
8861	3745	2246
8863	5112	3154
8865	5114	2180
8866	5115	3185
8873	5120	2183
8875	2165	2182
8876	5117	2182
8878	5122	1707
8879	5122	1708
8880	5123	2170
8881	5124	13825
8882	4142	29458
8883	5103	2462
8884	5105	27527
8885	4938	2208
8889	4959	2464
8890	3878	1959
8891	5126	1709
8892	5127	5237
8893	5127	5238
8894	5128	2377
8895	5129	10587
8896	5130	2172
8897	5131	5253
8901	5133	5254
8902	5132	5255
8903	5134	13431
8904	5134	33706
8905	5135	2762
8906	5136	2764
8907	5137	5190
8908	5138	2765
8910	5140	2173
8911	5141	2763
8912	5142	2777
8913	5143	2778
8914	5144	1713
8915	5145	1711
8916	5146	2378
8917	5147	9568
8918	5148	2220
8920	5150	2230
8921	5151	13828
8922	5152	2584
8923	5153	1715
8927	5157	2586
8928	5158	2231
8929	5159	1716
8930	3610	2376
8932	5161	3051
8933	5162	1718
8934	5163	1731
8935	5164	24944
8936	5165	1732
8937	5166	1733
8938	5167	13835
8940	5169	1721
8942	5170	3054
8943	5170	3055
8944	5171	1722
8945	5172	13868
8946	5173	21792
8947	5174	1723
8948	5175	21788
8951	5176	1728
8952	5176	1727
8953	5177	21790
8954	5177	21791
8956	5179	13427
8957	5180	2178
8958	5181	2179
8959	5182	9567
8960	5183	2171
8961	5184	13826
8962	5185	1710
8963	5186	26481
8968	5191	26485
8969	5192	5239
8971	5194	2375
8972	5195	2314
8975	5197	2285
8976	5198	2242
8977	5199	14145
8978	5200	13578
8979	5201	25776
8980	5202	14615
8981	5203	2286
8982	5204	9339
8983	5205	2313
8984	5196	11440
8985	5206	5494
8986	5207	5471
8990	5211	2075
8992	5213	5470
8995	5215	5410
8996	5216	5497
8997	5217	2073
8998	5218	14013
8999	5219	14014
9000	5220	14775
9001	5221	17601
9006	5226	2678
9007	5227	2822
9010	5230	11452
9012	5232	2080
9019	5241	3151
9020	5242	3151
9025	5246	8685
9036	5253	3678
9039	5256	10326
9043	5258	5192
9044	5259	2367
9045	5260	6794
9046	5261	1794
9047	5262	1790
9048	5263	1791
9049	5264	2776
9050	5265	10290
9051	5266	8843
9052	5267	1821
9053	5268	8842
9054	5269	4267
9055	5270	8841
9056	5271	14362
9057	5272	1822
9058	5273	17844
9059	5274	9069
9060	5275	9120
9061	5276	9090
9062	5277	1823
9063	5278	1824
9064	5279	14185
9065	1044	33783
9066	111	33783
9067	85	33783
9068	1312	33783
9069	1758	33783
9070	1930	33783
9071	2174	33783
9072	4014	33783
9075	5280	26602
9076	5281	26603
9077	5282	10297
9078	5283	1825
9079	5284	8844
9080	5285	4308
9081	5286	8989
9082	5287	1826
9083	5288	9122
9084	5289	9091
9085	5290	4300
9086	5291	1827
9087	2341	31222
9088	2341	31224
9089	2341	31223
9094	1712	31222
9095	1712	31224
9096	1712	31223
9100	664	31222
9101	664	31224
9102	5292	2338
9103	5293	5573
9104	5294	2358
9105	5295	2305
9106	5296	2337
9107	5297	8702
9108	5298	5813
9109	5299	5572
9110	5300	2306
9111	5301	2357
9112	5302	2307
9113	5303	2356
9114	5304	1900
9115	5305	2304
9120	409	13820
9121	5310	1899
9122	5311	5423
9123	5312	5425
9124	4868	2074
9125	4870	26914
9126	4871	2369
9127	4641	1725
9128	4874	30046
9129	4875	31832
9130	4643	2170
9131	4643	13825
9132	4643	9567
9133	4643	2171
9134	4643	13826
9139	4872	2072
9140	4648	13827
9141	4648	29579
9142	4648	9570
9143	4648	28100
9144	4649	2585
9145	4649	32328
9146	4650	1720
9147	4650	32327
9148	4650	2804
9149	4650	30512
9150	5313	32272
9151	4651	26483
9152	4651	31653
9153	4651	26485
9154	4651	26484
9155	5314	33635
9156	4652	29578
9157	4653	2300
9158	5315	24940
9159	4654	1719
9160	4655	5992
9161	4656	1717
9162	4657	1714
9163	4716	28219
9164	4658	25884
9165	4659	30516
9166	4785	2223
9167	4776	29364
9168	4773	30041
9175	5316	25213
9176	5316	25214
9177	5317	2166
9178	5318	2165
9179	5319	2164
9182	5321	23521
9183	5322	12579
9184	5323	12580
9185	5324	12580
9186	5325	13962
9187	5326	5191
9188	5327	1792
9189	5328	1793
9190	5329	2366
9191	5330	6733
9192	5331	2365
9193	5332	6732
9195	5333	2055
9196	5334	11448
9197	5335	13905
9198	5336	14168
9199	5337	1761
9205	5341	1928
9210	2103	31222
9211	2103	31224
9212	2103	31223
9213	1313	31222
9214	1313	31224
9215	5344	7847
9218	5346	7900
9219	204	31224
9223	5348	3139
9224	5349	8564
9225	5350	6106
9227	5071	6470
9228	5351	3157
9229	5352	6107
9230	5353	3152
9231	5354	8955
9232	5355	9089
9233	5356	8957
9237	5358	14552
9238	5359	9068
9239	5360	9096
9241	5361	14561
9242	5362	14553
9243	5363	9066
9244	5364	8988
9245	5365	14175
9246	5366	9065
9247	5367	6495
9248	5368	6496
9249	5369	8838
9250	5370	14471
9251	5371	8986
9252	5372	4265
9253	5373	4259
9254	5374	4263
9255	5375	4264
9256	5376	8840
9257	5377	4262
9258	5378	4993
9259	5379	14467
9260	5380	4260
9261	5381	8839
9262	5382	2807
9266	5383	2992
9267	5383	2993
9268	5384	4323
9269	5385	4336
9270	5386	4781
9271	5387	8958
9272	5388	8852
9273	5389	8995
9275	5390	10997
9276	5390	10998
9277	5391	13757
9278	5392	13758
9279	5393	8993
9280	5393	8994
9281	5394	4335
9282	5395	8990
9283	5396	8991
9284	5396	8992
9285	5397	9024
9286	5397	9070
9287	5398	10424
9288	5399	24758
9289	5400	5339
9290	5401	1872
9291	5402	2149
9292	5403	3183
9293	5404	1874
9294	4930	1863
9295	5405	14249
9296	5406	3153
9300	4947	13602
9301	5407	3648
9302	4961	3649
9305	2329	25871
9306	3885	25871
9307	4719	28652
9308	3894	28652
9309	2338	28652
9312	5027	3140
9313	5408	14124
9314	5409	3128
9315	4694	1961
9317	2339	8151
9318	2063	8151
9319	3895	8151
9320	4721	8151
9321	2066	27124
9322	2331	27124
9323	4712	27124
9324	4710	17618
9325	3887	27124
9326	2064	17618
9327	2330	17618
9328	3886	17618
9330	5257	33783
9331	5411	9823
9332	2907	2166
9333	2907	2165
9334	2907	2164
9335	3398	2166
9336	3398	2165
9337	3398	2164
9338	4788	10198
9339	5055	2211
9340	5412	31079
9344	4797	27027
9345	4796	10199
9346	4795	1685
9347	4794	17834
9348	4803	2237
9349	4798	30191
9350	4678	13627
9351	4678	13628
9352	4678	13629
9353	5413	13627
9354	5413	13628
9355	5413	13629
9356	4676	13620
9357	4677	13621
9358	5414	13622
9359	4691	27554
9360	4843	30884
9361	4841	1913
9362	4695	1703
9363	4697	1703
9364	4873	2085
9366	4876	2083
9367	2155	9822
9369	2159	33783
9371	5178	26483
9372	5178	26484
9373	2236	31653
9374	4027	26483
9375	4027	31653
9376	4027	26485
9377	4027	26484
9378	5417	26441
9384	2755	3647
9388	2665	4548
9389	5036	13672
9393	1910	4015
9394	1910	34061
9395	2186	4015
9396	2186	34061
9397	2188	29708
9398	2188	34062
9399	2188	3678
9405	2698	1832
9406	2698	34069
9407	4725	33783
9408	4726	9823
9409	4723	14006
9410	4730	3676
9411	4731	8173
9412	4732	16783
9413	4733	3146
9414	4735	13759
9415	4734	3147
9416	4738	3787
9417	4739	3788
9418	4740	4014
9419	4744	3148
9420	4745	27028
9422	4748	3677
9423	4751	4015
9424	4752	8258
9425	4753	8685
9426	4754	29708
9427	4756	3678
9428	4757	29994
9429	4757	28998
9430	4760	4051
9431	4762	29351
9432	4763	3862
9433	4763	27029
9435	4764	4052
9436	4766	3679
9437	4767	27401
9438	4768	25317
9439	4770	27402
9440	4771	27403
9441	4669	3508
9442	4670	30576
9443	4668	3628
9444	4787	32036
9445	4789	11438
9446	4790	1841
9447	4786	26604
9448	4774	26602
9449	4775	26603
9450	4777	1843
9451	4777	4935
9452	4780	24948
9453	4779	11442
9455	4784	25856
9456	4778	30011
9457	5421	33815
9458	5422	31864
9461	5424	27827
9465	5426	31868
9467	4772	1850
9468	5430	24906
9470	4769	4086
9471	4765	1848
9472	4741	1834
9476	4743	1829
9477	4761	1853
9478	4759	10988
9479	4758	4548
9482	4750	1851
9483	4755	1852
9484	4746	1831
9485	4702	28967
9486	4727	1803
9487	4713	1805
9488	4713	1806
9489	4711	1801
9490	4706	1798
9491	4700	6825
9492	4700	27411
9493	4707	1799
9494	4705	1797
9495	4718	1781
9496	4708	1800
9497	4813	1856
9498	4814	4093
9499	4822	29077
9500	4821	32046
9501	4818	1857
9502	4818	24909
9503	4809	1859
9504	5435	4579
9505	4807	1855
9506	4808	1858
9507	4845	23521
9508	4848	12580
9509	4847	12579
9510	4849	29588
9511	4851	27424
9512	4850	28463
9513	5436	1866
9514	5437	1863
9515	5438	29417
9517	5440	1861
9518	5441	5959
9519	5442	1864
9520	4830	9212
9521	4828	1865
9522	5443	1869
9523	5444	33174
9524	4866	28816
9525	4855	2057
9526	4852	2058
9527	4865	25847
9528	4853	22249
9530	4861	28983
9531	4863	31360
9532	4867	26441
9534	5057	33135
9535	4864	2459
9536	4858	2735
9537	4858	29258
9538	4885	11441
9539	4884	22434
9540	4882	24904
9541	4887	2285
9542	4888	2375
9543	4826	1901
9544	4829	1909
9545	4827	1910
9546	4824	1899
9547	4825	28424
9548	4902	2462
9549	4903	27527
9550	4908	2770
9551	4912	32587
9552	4909	2769
9553	4910	28294
9554	4905	26900
9555	4911	25756
9556	4907	29462
9557	4904	2460
9558	4906	15705
9559	4671	1946
9560	4675	1943
9561	4672	1949
9562	4672	32375
9563	4673	14927
9564	4673	32377
9565	4674	14871
9566	4674	32378
9568	4900	2247
9569	5446	2246
9570	4897	19055
9571	4896	2241
9572	5447	9337
9573	4893	2244
9574	5448	2475
9575	5449	2214
9576	5450	3406
9578	5452	31443
9579	5453	32636
9580	5454	3653
9581	5455	24984
9582	5456	24941
9583	5457	2182
9584	5458	2184
9585	4728	2653
9586	4729	25596
9587	4736	24892
9588	4737	1814
9589	4737	25741
9591	4688	11446
9592	4689	30381
9593	4687	11445
9594	4686	1699
9595	5459	33271
9596	5460	28593
9597	5461	28982
9598	4665	1690
9599	4664	1689
9600	4666	32329
9601	4667	25883
9602	4684	29173
9603	4683	28467
9604	5415	33769
9605	4877	2081
9606	4878	30229
9607	4901	2086
9609	4881	29045
9610	4883	30265
9611	4895	14005
9612	4894	2131
9613	4879	31097
9614	4892	5886
9615	4891	5885
9616	4886	2079
9617	4898	5881
9618	4889	2084
9619	4890	26498
9620	4880	30230
9621	5462	14330
9622	5463	14326
9623	5439	31535
9624	4145	1863
9625	4145	29417
9626	4145	31535
9627	4931	31535
9629	5464	29417
9631	5149	13827
9632	5187	9570
9633	5188	28100
9634	5465	29579
9635	5155	20813
9636	5156	2585
9638	5160	5195
9639	5189	2024
9640	5190	20814
9641	5466	32328
9642	5467	32327
9651	3935	1720
9652	3935	1721
9653	3935	13868
9654	3935	21788
9655	3935	1728
9656	3935	1727
9657	3935	1724
9658	3935	31534
9661	5469	30512
9664	5470	1831
9665	5044	1831
9667	5050	1834
9668	5471	1834
9669	4928	1781
9670	2806	28982
9672	4622	9928
9673	4690	31539
9674	4690	1700
9676	5472	2086
9678	5473	2086
9680	4714	13844
9681	5475	14162
9682	5476	13751
9683	5477	1686
9684	5478	1695
9685	5479	1687
9687	5480	1684
9689	5482	19610
9690	5483	1697
9691	5484	1688
9692	5485	3149
9693	4747	35165
9694	3909	35165
9695	2185	35165
9696	2185	3677
9697	1906	4014
9698	1906	35165
9699	1906	8685
9701	5154	1730
9702	966	10953
9703	966	10952
9704	966	10954
9705	970	2864
9706	970	2863
9707	970	2865
9708	970	2867
9709	970	2861
9710	970	2866
9711	970	2862
9712	965	2864
9713	965	2863
9714	965	2865
9715	965	2867
9716	965	2861
9717	965	2866
9718	965	2862
9720	5488	34069
9722	1300	13427
9725	5489	1720
9726	1298	1722
9727	1297	1732
9728	178	1731
9729	180	21793
9730	100	21792
9731	2471	26485
9732	5490	9928
9733	5491	25181
9737	5495	9569
9738	5496	20815
9740	5498	26482
9741	5499	13799
9742	2472	26483
9743	5500	9927
9758	5504	26488
9759	5503	27825
9764	5507	1691
9765	5508	10289
9766	5509	13834
9772	5512	35216
9773	5511	33264
9774	3631	3406
9775	2036	3406
9777	2666	3406
9778	5513	2215
9779	5193	1725
9780	959	1886
9781	959	1925
9782	5487	30005
9785	5514	1867
9789	5518	1895
9791	5520	25919
9792	5521	32375
9800	5527	34270
9822	5542	1801
9827	5545	35300
9861	5578	34854
9870	5587	1856
9877	5594	29458
9906	5623	25183
10011	5725	29681
10014	5726	1961
10017	5727	1959
10018	5728	13798
10020	5729	34313
10021	5730	23714
10023	5731	1962
10024	5732	3132
10025	5733	10206
10026	5734	13800
10029	5736	34308
10030	5737	34309
10031	5717	13670
10032	5718	13844
10033	5721	3137
10034	5722	29681
10036	5715	17618
10037	5723	28652
10038	5716	27124
10039	5719	28219
10040	5720	35143
10041	5601	2147
10042	5602	5063
10043	5738	1871
10044	5739	5354
10045	5534	18005
10046	5740	10326
10047	5535	31666
10048	5741	32082
10049	5742	14162
10050	5743	1701
10051	5713	33783
10052	5714	9823
10053	5712	14006
10055	5675	2223
10056	5674	2467
10058	5744	3647
10061	5745	29364
10062	5681	3676
10063	5682	8173
10064	5684	3146
10065	5685	3147
10066	5687	3787
10068	5664	2208
10069	5663	2469
10070	5677	31077
10071	5678	34866
10077	5669	2217
10079	5671	2468
10080	5672	2827
10081	5673	2213
10083	5679	32304
10084	5692	3148
10085	5690	27028
10086	5693	3677
10087	5668	2216
10088	5694	4015
10089	5680	30041
10090	5695	8258
10091	5697	29708
10092	5698	3678
10093	5699	35659
10094	5700	28998
10095	5686	13759
10096	5701	4051
10097	5666	29274
10098	5702	29351
10099	5670	2211
10100	5703	3862
10101	5747	27029
10102	5665	31079
10103	5704	4052
10104	5707	3679
10105	5708	27401
10106	5709	25317
10107	5710	27402
10108	5711	27403
10109	5706	34851
10110	5705	34850
10114	5748	33135
10115	5749	17834
10117	5750	1685
10118	5751	10199
10119	5752	27027
10120	5662	30191
10121	5753	2238
10122	5754	2237
10123	5580	32036
10124	5581	11438
10125	5582	1841
10126	5579	26604
10127	5755	29578
10128	5756	2300
10129	5757	2235
10130	5758	24940
10131	5759	2232
10132	5760	1719
10133	5761	5992
10134	5762	1717
10135	5763	2233
10136	5764	1714
10137	5765	25884
10138	5766	30516
10139	5767	1725
10140	5768	29579
10141	5769	13580
10142	5770	2585
10143	5770	5195
10144	5770	34628
10145	5771	2024
10146	5772	2234
10147	5773	32328
10148	5774	24836
10149	5775	1720
10150	5775	32327
10151	5775	2804
10152	5775	30512
10156	5777	13825
10157	5777	9567
10158	5777	13826
10159	5778	26483
10160	5778	31653
10161	5778	26485
10162	5778	26484
10163	5779	13827
10164	5779	9570
10165	5779	28100
10166	5569	26602
10167	5780	1690
10168	5570	26603
10169	5781	1689
10170	5782	32329
10171	5783	25883
10172	5784	29173
10173	5785	28467
10174	5529	13620
10175	5530	13621
10176	5574	1843
10177	5575	4935
10178	5786	34058
10179	5572	24948
10180	5571	11442
10181	5573	25856
10182	5576	30011
10183	5515	3628
10190	5791	1807
10191	5558	1847
10194	5560	11502
10196	5562	1851
10197	5557	10988
10198	5556	4548
10199	5559	1853
10200	5561	1852
10201	5792	13622
10202	5532	13627
10203	5532	13628
10204	5532	13629
10205	5531	13627
10206	5531	13628
10207	5531	13629
10208	5563	1848
10209	5555	1831
10210	5554	1834
10211	5564	4086
10213	5793	7994
10214	5533	33815
10215	5794	31224
10217	5795	31222
10218	5795	31223
10219	5796	7832
10220	5516	3508
10221	5517	30576
10222	5797	31864
10227	5801	31868
10230	5539	1798
10231	5536	6825
10232	5537	27411
10239	5787	3777
10240	5546	27440
10241	5544	1781
10242	5540	1799
10243	5541	1800
10244	5548	3608
10245	5547	3608
10246	5538	28967
10248	5549	1803
10249	5805	1805
10250	5805	1806
10251	5543	1807
10252	5543	1808
10253	5543	13979
10255	5806	28090
10256	5807	7895
10257	5808	8031
10258	5809	27554
10259	5810	32388
10260	5811	34853
10261	5639	1919
10262	5603	23521
10263	5606	12580
10264	5604	12579
10266	5609	27424
10267	5608	28463
10268	5607	29588
10269	5584	1855
10270	5583	1858
10271	5585	1859
10272	5586	4579
10273	5591	29077
10274	5592	32046
10277	5589	4093
10278	3563	2057
10279	5644	30884
10280	5645	30039
10281	5635	1894
10282	5636	1907
10283	5643	35389
10284	5640	1905
10285	5588	1856
10286	5590	1857
10288	5812	5959
10289	5595	1864
10290	5600	9212
10291	5596	1865
10292	5637	1904
10293	5813	1869
10294	5814	33174
10295	5815	1915
10296	5642	1913
10297	5638	1911
10298	5641	1914
10299	5816	35324
10300	5817	17617
10302	5818	13867
10304	5819	2163
10305	2050	22249
10306	3560	22249
10308	5820	1861
10309	5597	1863
10310	5598	29417
10311	5599	31535
10312	5821	1866
10313	5648	28424
10314	5647	1899
10315	5646	1910
10316	5649	1909
10317	5621	28816
10318	5619	2459
10319	5614	2735
10320	5615	29258
10321	5622	26441
10322	5618	31360
10323	5616	28983
10324	474	2460
10325	5617	33664
10326	5611	22249
10327	5620	25847
10328	5610	2058
10329	5613	2057
10332	4742	11502
10333	4749	1847
10334	5565	1850
10336	5823	11441
10337	5519	1946
10338	5522	1949
10339	5528	1943
10341	5523	14927
10342	5523	32377
10343	5524	14871
10344	5524	32378
10345	5550	25596
10346	5551	24892
10347	5552	1814
10348	5552	25741
10349	5553	2653
10350	2824	22249
10352	5824	1862
10353	5825	1767
10354	5826	1880
10355	5827	2085
10358	5828	2083
10359	5653	2184
10360	5650	2182
10361	5651	24941
10362	5659	24984
10363	5656	3653
10364	5661	32636
10366	5829	33769
10367	5658	2212
10368	5830	2081
10369	5654	3406
10370	5660	31443
10371	5655	2214
10372	5657	2215
10373	5831	30229
10374	5832	2086
10375	5833	29045
10376	5834	2079
10377	5835	5881
10378	5836	2244
10379	5837	9337
10380	5837	2241
10381	5838	9345
10382	5839	19055
10383	5840	2247
10384	5841	2246
10385	5842	33994
10386	5843	33271
10387	5844	28593
10388	5845	33635
10389	5846	2084
10390	5848	32272
10391	5849	34579
10392	5850	26498
10393	5851	5885
10394	5852	5886
10395	5853	2131
10396	5854	14005
10397	5855	2074
10398	5627	27527
10399	5628	2770
10400	5632	32587
10401	5629	2769
10402	5631	15705
10403	5625	2460
10404	5630	25756
10405	5624	26900
10406	5634	28294
10407	5856	26914
10408	5626	34783
10409	5857	2369
10410	5858	30381
10411	5859	30046
10412	5860	31539
10413	5860	1700
10414	5861	31832
10415	5862	2072
10416	5863	33867
10418	5864	30425
10419	5865	10394
10420	5866	31564
10428	5872	27942
10431	5875	29509
10437	5879	32124
10438	5880	33535
10441	5882	32079
10442	5883	11819
10443	5884	29748
10446	5886	3249
10447	5887	29747
10448	5888	1739
10451	5891	33568
10452	5892	33569
10455	5895	33575
10459	5890	34007
10460	5893	33537
10461	5899	33576
10462	5894	33505
10464	5900	1742
10465	5898	33286
10466	5901	10045
10467	5897	33285
10468	5902	33572
10469	5903	27458
10473	5904	33171
10476	5905	31489
10477	5906	27303
10479	5907	29463
10480	5908	13157
10481	5909	14594
10484	5911	18900
10485	5912	13179
10486	5913	12766
10487	5914	13162
10488	5915	13163
10489	5916	26613
10490	5917	29435
10491	5918	30574
10492	5919	33564
10494	5920	10246
10495	5921	26614
10496	5922	32478
10497	5923	30575
10498	5924	31490
10499	5925	1759
10500	5926	33295
10501	5927	33573
10502	5928	26612
10503	5929	26611
10504	5930	33570
10505	5931	10296
10506	5932	33571
10507	5933	28991
10508	5934	28332
10512	5937	29665
10513	5938	3315
10514	5939	29671
10515	5940	3335
10516	5941	28334
10517	5942	29667
10518	5943	28093
10519	5944	28092
10520	5945	33566
10521	5946	33567
10522	5947	26628
10523	5948	26629
10524	5949	30328
10525	5950	33578
10526	5951	29670
10527	5952	3214
10528	5953	33577
10529	5954	12740
10530	5955	33565
10531	5956	33574
10532	5957	13051
10533	5958	3404
10535	5960	3300
10536	5961	3180
10537	5962	31420
10538	5963	27594
10544	5964	34080
10545	5965	34081
10546	5966	34079
10547	5967	34078
10548	5968	34077
10549	5969	3391
10552	5972	1752
10553	5973	1753
10554	5974	26636
10555	5975	26626
10556	5976	3403
10557	5977	20804
10558	5978	3386
10559	5979	3173
10560	5980	3387
10561	5981	3197
10562	5981	13102
10563	5982	27592
10564	5983	14357
10565	5984	29711
10568	5985	3390
10569	5986	29712
10570	5987	13104
10572	5988	27596
10573	5989	34074
10574	5990	13103
10575	5991	15084
10576	5992	27595
10577	5993	28454
10578	5994	32654
10579	5995	6049
10580	5996	11914
10581	5997	28455
10582	5997	31085
10583	5998	21625
10590	6000	29628
10591	5999	27654
10592	6001	30790
10593	6002	29629
10594	6003	13419
10595	6004	13421
10596	6005	27916
10597	6006	33249
10598	6007	33250
10599	6008	34099
10600	6009	32004
10603	6010	30791
10604	6011	30793
10605	6012	11922
10606	6013	11924
10607	6014	18956
10608	6015	29559
10612	6017	29557
10613	6016	27370
10614	6018	29558
10615	6019	28456
10616	6019	31544
10617	6020	33741
10618	6021	32653
10619	6022	14786
10620	6023	11917
10622	6024	11916
10624	6025	18948
10625	6026	14785
10626	6027	29626
10627	6028	26252
10628	6029	18954
10630	6030	2898
10631	6031	28387
10632	6032	28498
10633	6033	28506
10634	6034	33492
10635	6035	6573
10636	6036	28511
10637	6037	2907
10638	6038	28120
10639	6039	33679
10640	6040	2905
10642	6042	25654
10643	6043	26993
10644	6044	2908
10645	6045	2910
10646	6046	2896
10647	6047	26995
10651	6049	32369
10652	6050	33846
10653	6051	28385
10654	6052	28156
10655	6053	25860
10657	6055	14714
10658	6056	13378
10659	6057	8515
10660	6058	36067
10662	6059	33178
10663	6060	29034
10664	6061	28728
10665	6062	11330
10666	6063	20336
10667	6064	8502
10668	6065	11355
10669	6066	8506
10670	6067	33766
10671	6068	11197
10672	6069	21963
10673	6070	35424
10675	6072	33559
10677	6074	12627
10678	6073	8507
10679	6073	8508
10680	6075	36065
10681	6076	32531
10682	6077	28971
10683	6078	30898
10684	6079	8521
10685	6080	11352
10687	6082	32530
10688	6083	13394
10689	6084	26529
10690	6085	26530
10691	6086	32639
10692	6087	26526
10696	6088	13487
10697	6089	3533
10698	6090	26523
10699	6091	26521
10701	6092	19163
10702	6093	35269
10703	6094	35268
10705	6095	5560
10706	6096	33722
10708	6097	26536
10709	6098	26537
10711	6099	33721
10712	6100	29412
10713	6101	30775
10714	6102	26533
10715	6103	18885
10717	6104	35406
10718	6105	31500
10720	6106	26522
10721	6107	3524
10722	6108	27733
10723	6109	13486
10724	6110	18886
10725	6111	29407
10726	6112	32640
10727	6113	29409
10729	6114	26524
10730	6115	26525
10731	6116	31102
10732	6117	29799
10733	6118	31101
10735	6119	29795
10736	6120	29802
10737	6121	29800
10738	6122	29801
10739	6123	25213
10740	6124	3472
10741	5746	28070
10742	5667	2209
10743	5667	21950
10747	4943	2209
10748	3432	2465
10749	3432	2469
10750	3432	2208
10751	3432	2466
10752	3432	2209
10753	3432	13823
10754	3432	13822
10755	3432	10241
10756	3432	2207
10757	3432	2933
10758	3432	2464
10759	6071	29172
10760	6081	12633
10761	1911	29708
10762	1911	34062
10763	6125	35159
10764	6126	10394
10765	6127	30426
10766	6128	10391
10767	6129	29792
10768	6130	28200
10769	6131	29806
10771	6132	29809
10772	6133	17625
10773	6134	36171
10774	6135	29808
10775	6136	29794
10776	6137	10557
10777	6138	10558
10778	6139	26613
10779	6140	26611
10780	6141	26612
10781	6142	33564
10784	6143	35405
10786	6144	32369
10787	6145	33846
10788	6146	30528
10789	6048	30528
10792	6148	12630
10793	6148	33559
10794	6149	28092
10795	6150	28093
10796	6151	33565
10797	6152	33178
10798	6153	29034
10799	6154	33566
10801	6155	28728
10803	6157	33567
10804	6156	11330
10805	6158	20335
10806	6159	1739
10807	6160	8502
10808	6161	8506
10809	6162	33568
10810	6147	12628
10811	6147	8515
10812	6163	33569
10813	6164	35424
10814	6165	20344
10818	6167	12634
10819	6168	33539
10820	6169	12633
10821	6170	8525
10822	6171	11424
10823	6166	12619
10824	6166	8508
10827	6172	3777
10829	6173	11819
10830	6174	29648
10831	6175	3252
10833	6177	32124
10835	6179	33310
10836	6180	33503
10837	6181	33515
10838	6182	27409
10839	6183	35111
10840	6184	33535
10841	6185	33570
10842	6186	33571
10843	6187	1742
10844	6188	10045
10845	6189	1759
10846	6190	33572
10847	6191	33573
10850	6193	33576
10851	6194	33505
10852	6195	33508
10853	6196	35420
10854	6197	34007
10855	6198	33577
10856	6199	36467
10857	6200	33578
10860	6202	1752
10861	6203	1753
10862	6204	26636
10864	6206	33499
10865	6207	29509
10866	6208	27942
10867	6209	31564
10868	6210	3249
10870	6212	33536
10871	6213	33537
10874	6214	27928
10875	6215	32079
10877	6217	35732
10881	6219	11917
10882	6219	14786
10883	6218	32653
10885	6220	11916
10886	6221	18948
10887	6222	29748
10888	6223	35302
10889	6224	36470
10890	6225	3472
10891	6226	36471
10892	6227	31927
10893	6228	14785
10894	6229	31928
10898	6230	26252
10899	6230	18954
10900	6230	29626
10902	6232	31929
10903	6231	27654
10916	6234	30791
10917	6234	30793
10918	6234	29586
10921	6235	30790
10922	6233	29628
10923	6233	29629
10924	6236	18956
10925	6237	33942
10926	6238	33943
10927	6239	35242
10928	6240	33944
10929	6241	33945
10930	6242	35241
10933	6243	28454
10934	6243	32654
10935	6244	31930
10936	6245	6049
10937	6245	11914
10938	6246	36103
10939	6247	36104
10940	6248	28455
10941	6248	31085
10942	6249	21625
10943	6250	36105
10944	6251	36106
10945	6252	31934
10946	6253	3300
10947	6256	31936
10948	6257	3387
10949	6258	35333
10950	6259	3197
10951	6259	13102
10954	6260	3403
10955	6261	20804
10956	6262	13469
10957	6263	3391
10958	6264	33249
10959	6265	13419
10960	6266	13421
10961	6267	33250
10962	6268	34099
10963	6269	32004
10964	6270	28387
10965	6271	28498
10966	6272	28506
10967	6273	33492
10968	6274	6573
10969	6275	3173
10970	6276	34077
10971	6277	34078
10976	6279	34081
10977	6280	34079
10978	6281	14357
10980	6282	3232
10981	6283	3405
10983	6284	27592
10985	6285	35332
10986	6286	27594
10988	6287	34080
10989	6288	31420
10990	6288	12952
10991	6289	3180
10992	6290	13051
10993	6291	27595
10994	6292	15084
11002	6295	3404
11003	6296	13103
11004	6297	34074
11005	6298	13104
11006	6299	18900
11009	6301	31102
11010	6302	29799
11012	6304	31101
11013	6305	29795
11014	6300	29463
11015	6303	10296
11016	6306	33295
11017	6307	31490
11018	6308	10246
11020	6310	13162
11021	6309	32478
11022	6311	29802
11023	6312	29800
11024	6313	29801
11025	6314	30775
11026	6315	13163
11027	6316	13179
11028	6316	12766
11030	6317	30574
11031	6318	27458
11032	6319	33171
11033	6320	31489
11034	6321	27303
11035	6322	13157
11036	6322	27299
11037	6323	14594
11039	6325	25654
11040	6326	3524
11041	6327	2905
11042	6328	2907
11043	6329	27733
11045	6330	2908
11046	6331	33679
11047	6332	28511
11048	6333	28120
11049	6334	28385
11051	6335	2910
11052	6336	28156
11053	6337	2898
11055	6338	2896
11056	6339	34793
11057	6340	26995
11058	6341	35215
11059	6342	28649
11060	6343	26993
11062	6345	30328
11063	6346	28991
11064	6347	36348
11065	6348	29665
11066	6349	11616
11067	6350	30900
11068	6351	29668
11071	6353	29667
11072	6354	36355
11073	6355	28331
11074	6356	36357
11075	6357	28332
11077	6359	3214
11078	6359	36359
11079	6360	12740
11080	6361	3315
11082	6362	29671
11083	6363	35268
11084	6364	35269
11085	6365	3533
11086	6366	13485
11087	6367	34754
11095	6369	26523
11096	6368	26521
11097	6370	26522
11100	6371	19154
11103	6372	18886
11104	6372	13486
11106	6373	18885
11107	6374	25860
11108	6375	30119
11110	6376	14714
11111	6377	13378
11112	6378	32531
11113	6379	28971
11114	6380	30898
11115	6381	32530
11116	6382	13394
11118	6383	13487
11122	6384	32639
11127	6385	33722
11139	6390	19163
11140	6391	26530
11141	6392	26529
11142	6389	29360
11143	6388	26536
11144	6387	26537
11145	6386	26533
11148	2111	1859
11149	6393	4579
11150	2325	1859
11151	6394	4579
11155	6398	1867
11210	6451	26483
11211	6452	26484
11229	6467	1843
11233	6471	34303
11239	6477	34740
11243	6481	35053
11250	6488	27830
11260	6498	31864
11269	6507	1820
11305	6540	31360
11306	6540	36896
11392	6618	36667
11404	6630	29345
11405	6631	29437
11412	6638	13834
11413	2233	1722
11414	2233	1723
11415	6639	9569
11416	6640	2777
11417	4023	1710
11418	4023	26481
11419	6641	9569
11420	6642	2777
11423	6643	26481
11424	4647	1710
11425	6644	2777
11426	6645	26481
11427	5776	1710
11428	5168	1720
11431	5468	1720
11432	5468	2804
11473	6682	34313
11486	4311	3132
11487	4315	1963
11488	5481	1701
11489	6694	1895
11490	5802	34095
11492	5799	31831
11493	5423	31831
11495	4638	27823
11496	5427	27823
11497	5501	27823
11501	5889	36467
11502	5885	33515
11505	5878	36706
11506	5877	3252
11507	5876	29648
11508	5874	37127
11509	6698	33503
11510	5873	28850
11511	5871	37131
11512	5870	35229
11513	5869	33499
11514	5868	33290
11515	5867	28626
11516	5804	36952
11517	5803	35230
11518	5790	37125
11519	5789	36954
11520	5788	36953
11521	6211	36953
11522	6205	35230
11523	6201	35229
11524	6192	36952
11525	6178	28850
11526	6176	37127
11534	5577	34303
11538	6706	7832
11540	5691	35165
11541	5688	3788
11542	5689	4014
11543	5696	8685
11544	5683	16783
11547	5652	2475
11549	5970	32644
11550	5959	3202
11551	6293	3202
11557	6714	25756
11558	6715	36838
11559	5003	1963
11561	4932	2127
11564	2428	2209
11565	3917	2172
11566	3917	2173
11567	3917	1709
11568	3917	1711
11569	3917	1712
11570	3917	2219
11571	3074	1829
11572	3074	9115
11573	3074	1831
11574	3074	1832
11575	3074	1833
11576	3074	1834
11577	3074	1835
11578	3074	1836
11579	3074	1838
11580	2934	1897
11581	4717	3137
11582	2059	25871
11583	6278	32644
11584	6324	26277
11585	5910	26277
11586	6054	30119
11587	3537	1855
11588	6718	1855
11589	6719	4093
11590	6720	4093
11591	6721	1859
11592	6722	1859
11593	6723	4579
11594	6724	4579
11595	6725	4093
11616	6684	36146
11619	6678	3132
11621	6674	34308
11623	6681	34314
11626	6746	27830
11627	6747	3628
11631	6675	34309
11635	6680	13800
11637	6679	10206
11639	6677	1962
11641	6676	23714
11642	6683	13798
11647	6669	13670
11648	6669	13844
11657	6673	3137
11658	6673	29681
11660	6672	28652
11662	6668	8151
11664	6670	17618
11666	6671	27124
11669	6667	28219
11671	6661	2467
11673	6690	2223
11676	6664	2209
11677	6664	21950
11679	6666	3647
11681	6660	29364
11683	6716	10198
11686	6662	2208
11687	6397	2147
11689	6663	2469
11691	6704	34866
11694	6665	31077
11695	6395	1871
11698	6717	2217
11699	6717	28070
11701	6691	2468
11704	6689	2827
11706	6659	2213
11708	6745	32304
11710	6699	2216
11712	6696	37150
11714	6749	29274
11716	6658	2211
11718	6695	31079
11720	6739	37355
11723	6748	17213
11724	6396	5063
11725	6705	35664
11726	6400	31666
11727	6401	10326
11728	6399	18005
11729	6406	14162
11730	6405	32082
11731	6404	1701
11733	6657	33135
11738	6655	10199
11740	6656	27027
11742	6654	1685
11744	6653	17834
11747	6742	37418
11748	6402	36621
11749	6403	27591
11750	6424	14006
11751	6426	33783
11752	6425	9823
11754	6738	37354
11756	6697	30191
11758	6688	2237
11759	6459	32036
11760	6460	11438
11761	6462	1841
11763	6461	26604
11764	6652	2234
11766	6651	2233
11768	6650	2235
11770	6649	13580
11772	6648	24836
11774	6647	2238
11779	6636	25883
11780	6635	32329
11781	6634	1689
11782	6633	1690
11784	6407	3676
11785	6408	8173
11786	6409	16783
11787	6734	3787
11788	6735	3788
11789	6415	3148
11790	6416	27028
11791	6417	35165
11792	6414	8685
11793	6412	29708
11794	6413	3678
11798	6629	29173
11800	6632	28467
11802	6550	1909
11803	6410	35659
11804	6411	28998
11805	6708	4051
11806	6418	29351
11808	6551	1910
11809	6421	25317
11810	6422	27402
11811	6423	27403
11812	6419	3679
11814	6420	27401
11815	6736	3862
11819	6626	7994
11820	6737	4052
11822	6628	7832
11823	6430	29578
11824	6457	2300
11825	6458	24940
11826	6750	2211
11827	6751	35254
11828	6752	37657
11829	6753	33664
11830	6754	12579
11831	6755	9212
11832	6756	1814
11833	6756	25741
11834	6434	1719
11835	6757	1799
11836	6757	1820
11837	6758	35294
11838	6759	34854
11839	6760	30011
11840	6761	34058
11841	6761	35680
11842	6762	1843
11843	6762	4935
11844	6763	34303
11845	6764	32036
11846	6765	26604
11847	6766	1841
11849	6431	1717
11850	6768	1909
11851	6769	1910
11852	6433	1714
11853	6770	3148
11854	6771	3677
11855	6772	34850
11856	6773	34851
11857	6432	25884
11858	6774	25883
11859	6775	1690
11860	6776	1689
11861	6777	1880
11862	6778	1714
11863	6779	25884
11864	6453	1725
11865	6780	1719
11866	6781	1710
11867	6782	9570
11868	6783	2024
11869	6784	32328
11870	6785	13827
11871	6786	2585
11872	6787	34628
11873	6440	13827
11874	6788	5195
11876	6443	28100
11877	6790	1856
11878	6791	1848
11879	6792	1831
11880	6793	1857
11881	6794	29077
11882	6795	32046
11883	6796	1850
11884	6797	1847
11885	6798	11502
11886	6799	1859
11887	6799	4579
11888	6800	1858
11889	6801	1855
11890	6802	10988
11891	6803	1853
11892	6804	4548
11893	6805	1852
11895	6806	1851
11896	6806	35053
11897	6428	9570
11898	6807	1847
11900	6627	28090
11903	6624	7895
11907	6625	8031
11908	6622	32388
11909	6808	26900
11910	6809	2770
11911	6435	32328
11912	6437	30512
11913	6439	1720
11914	6449	32327
11915	6447	2804
11916	6436	29579
11917	6427	1710
11918	6444	26481
11919	6438	2777
11920	6456	9567
11921	6455	13826
11922	6448	36379
11923	6454	13825
11924	6441	35528
11925	6429	2024
11926	6446	34628
11927	6450	5195
11928	6442	2585
11929	6810	1895
11930	6811	13621
11931	6812	13622
11932	6813	35749
11933	6489	15131
11934	6487	3628
11935	6814	28294
11936	6815	15705
11937	6816	29588
11938	6817	37966
11940	6819	36146
11941	6820	1962
11942	6821	3132
11943	6822	34309
11944	6823	37967
11945	6824	1701
11946	6473	26602
11947	6472	26603
11949	6623	34853
11950	6468	34058
11951	6469	35680
11954	6620	1919
11955	6470	4935
11957	6613	30039
11958	6614	1907
11959	6463	11442
11961	6466	30011
11962	6464	34854
11963	6617	35389
11965	6616	1905
11967	6692	1904
11968	6465	35294
11970	6476	1847
11971	6474	11502
11973	6621	1915
11974	6482	1851
11975	6478	10988
11977	6479	4548
11978	6826	1853
11980	6619	1913
11981	6480	1852
11984	6693	1911
11985	6615	1914
11986	6484	1848
11987	6612	17617
11988	6611	13867
11990	6610	2163
11993	6609	1880
11995	6608	1767
11997	6607	1862
11999	6729	30381
12002	6727	31539
12003	6727	1700
12004	6486	1831
12005	6475	1850
12006	6485	4086
12008	6588	2074
12009	6587	26914
12011	6743	2369
12013	6586	30046
12015	6685	31832
12016	6483	24906
12018	6490	3508
12019	6741	2072
12020	6491	1895
12022	6501	31868
12024	6502	34095
12025	6713	33867
12026	6499	27827
12027	6589	2085
12030	6590	2083
12032	6591	33769
12033	6827	25847
12034	6730	33815
12035	6510	1798
12036	6700	6825
12037	6701	27411
12038	6506	1799
12039	6511	1781
12040	6509	1800
12041	6702	27440
12042	6514	35300
12043	6508	3608
12048	6592	2081
12050	6593	30229
12052	6594	2086
12054	6595	29045
12057	6596	2079
12059	6504	1801
12060	6505	28967
12061	6703	1803
12063	6597	5881
12065	6513	1805
12066	6513	1806
12067	6512	1807
12068	6512	1808
12069	6512	13979
12070	6598	2084
12072	6599	26498
12074	6524	1855
12075	6520	1858
12076	6601	5885
12077	6518	1859
12078	6519	4579
12080	6517	32046
12081	6602	5886
12083	6603	31097
12086	6604	2131
12089	6605	14005
12091	6606	30265
12092	6492	13627
12093	6493	13628
12094	6494	13629
12095	6497	13620
12096	6515	1857
12097	6521	24909
12098	6516	29077
12099	6523	4093
12100	6522	1856
12101	6496	13621
12102	6529	23521
12103	6528	12580
12104	6527	12579
12105	6530	28463
12106	6525	29588
12107	6526	27424
12108	6495	13622
12109	6531	1866
12110	6538	5959
12111	6711	1864
12112	6537	9212
12114	6726	2184
12115	6535	1865
12117	6532	1869
12118	6567	2182
12119	6536	33174
12121	6709	1861
12122	6686	5107
12123	6534	29417
12126	6828	31535
12127	6710	24941
12129	6533	1863
12130	6829	24984
12133	6571	3653
12135	6744	32636
12137	6568	2212
12139	6569	31443
12141	6570	2214
12143	6740	2475
12144	6544	2459
12145	6545	2735
12146	6545	29258
12147	6543	26441
12148	6539	28983
12149	6539	33664
12150	6542	22249
12152	6548	25847
12153	6646	25183
12154	6541	2058
12155	6546	2057
12156	6549	35749
12157	6547	28816
12158	6552	11441
12159	6558	1946
12160	6557	1945
12161	6553	1949
12162	6553	32375
12163	6559	1943
12164	6556	34270
12165	6554	14871
12166	6555	25919
12167	6712	37249
12168	6563	27527
12169	6566	2770
12170	6562	32587
12171	6560	2769
12172	6561	15705
12173	6564	26900
12174	6565	28294
12175	6687	34783
12176	6731	32362
12177	6732	25121
12178	6733	37318
12179	6573	25596
12180	6575	24892
12181	6572	1814
12182	6572	25741
12183	6574	2653
12184	6583	33271
12185	6830	28463
12186	6582	2244
12187	6580	9337
12188	6579	2241
12189	6578	9345
12190	6581	19055
12191	6576	2247
12192	6577	2246
12193	6585	35254
12194	6584	28593
12196	6831	1949
12197	6831	32375
12198	6832	13627
12199	6833	13628
12200	6834	13629
12202	6836	31539
12203	6836	1700
12204	6837	30381
12205	6835	38002
12206	6728	38002
12207	6838	28982
12212	6840	38030
12213	6841	38031
12214	6839	38032
12215	6839	38033
12216	6842	27554
12217	6843	32388
12218	6844	34853
12219	6845	2057
12220	6846	2459
12221	6847	13867
12222	6848	22249
12223	6849	27424
12224	6850	38038
12225	6851	2233
12226	6852	24836
12227	6853	2238
12228	6854	29364
12229	6358	30330
12230	6352	28330
12231	5936	30330
12232	5935	28330
12233	6216	12554
12234	6855	25596
12235	6856	2653
12236	6857	1800
12237	6858	1805
12238	6858	1806
12239	6859	1807
12240	6859	1808
12241	6859	13979
12242	6860	3608
12243	6861	3608
12244	6862	3608
12245	6863	3508
12246	6864	1943
12247	6865	13620
12248	898	2300
12249	6866	2234
12250	6867	1945
12251	6868	32329
12252	6869	2083
12253	6870	2131
12254	6871	29708
12255	6872	3678
12256	6873	25317
12257	6874	27402
12258	6875	27403
12259	6876	28983
12260	6877	27527
12261	6878	31864
12262	6879	34095
12263	6880	38116
12264	6881	38030
12265	6882	38031
12266	6883	38032
12267	6884	38115
12268	6767	37617
12269	6885	29173
12270	6886	28467
12271	6887	29437
12272	6888	29345
12273	6889	2246
12274	6890	2247
12275	6891	9345
12276	6892	9337
12277	6893	35528
12278	6894	9567
12279	6895	36379
12280	6896	13826
12281	6897	30516
12282	6898	2300
12284	6899	24940
12285	6900	30512
12286	6901	1720
12287	6789	28100
12288	6902	25919
12292	6903	14871
12293	6903	32378
12295	6905	17618
12296	6906	28652
12297	6907	1946
12298	6908	28816
12299	6909	31097
12300	6910	1919
12301	6911	35389
12302	6912	1914
12303	6913	1907
12304	6914	30039
12305	6915	33769
12306	6916	2081
12307	6917	2208
12308	6918	2209
12309	6918	21950
12310	6919	28593
12311	6920	36621
12312	6041	38182
12313	6344	38182
12314	6921	14006
12315	6922	3137
12316	6922	29681
12317	6923	7832
12318	6924	28090
12319	6925	7994
12320	6926	8031
12321	6927	7895
12322	6928	2079
12323	6929	30265
12324	6930	23521
12325	6931	26441
12326	6932	5107
12327	6933	5885
12328	6934	36896
12329	6935	2163
12330	6936	35300
12331	6937	27411
12332	6938	1801
12333	6939	28967
12334	6940	24892
12335	6941	2086
12336	6942	1869
12337	6943	28998
12338	6943	35659
12339	6944	3679
12343	6945	38403
12344	6946	37355
12345	6947	34581
12346	6948	34580
12347	6949	2769
12349	6818	34308
12350	6950	17213
12351	6951	30191
12352	6952	37418
12353	6953	37150
12354	6954	34783
12355	6955	1865
12356	6956	29462
12357	6637	29462
12358	5633	29462
12359	6957	38523
12360	6958	27401
12361	6959	32082
12362	6960	14162
12363	6961	33271
12364	6962	17834
12365	6963	27027
12366	6964	38037
12367	6965	33135
12368	6966	30834
12369	6967	30834
12370	6968	30834
12373	5676	10198
12374	5724	8151
12375	5735	34314
12393	4685	29437
12397	6969	1904
12398	6970	1915
12399	6971	1911
12400	6972	1913
12425	1129	5354
12430	6973	29437
12440	5494	4016
12442	6974	5886
12443	6975	14005
12444	6976	25183
12457	5248	8173
12458	5245	16783
12461	6977	3678
12464	5308	1903
12465	5309	2038
12475	6978	10202
12476	5340	1862
12477	5339	1765
12478	5338	1767
12479	5320	2342
12495	2415	24879
12496	2415	5881
12497	2415	2113
12498	2415	2085
12499	2415	2678
12500	2415	2083
12501	2415	2082
12502	2415	2081
12503	2415	30229
12504	2415	29045
12505	2415	2086
12506	2415	2079
12507	2415	11452
12508	2415	2080
12509	2415	2087
12510	5231	2079
12511	5229	2081
12512	5228	2082
12513	5225	2083
12514	5224	2085
12515	5223	5881
12516	5222	24879
12517	4984	17214
12518	4981	1905
12519	4980	22791
12520	4979	1890
12521	4978	1906
12522	4972	1894
12523	4927	1904
12524	5347	7994
12525	5345	31222
12526	5345	31224
12527	5474	1689
12528	5418	1690
12529	4967	2237
12530	4966	2232
12531	4965	2235
12532	4964	2238
12533	4963	1685
12534	4962	17834
12535	5410	1961
12536	5015	13798
12537	5007	1959
12538	5031	3134
12539	5025	13670
12540	5025	13844
12541	5017	25871
12542	5419	10198
12543	4957	3647
12545	4946	2465
12546	4944	21950
12547	4941	2209
12548	5497	3861
12549	5493	4014
12550	5255	3145
12551	5254	3678
12552	5252	8258
12553	5251	3677
12554	5250	3788
12555	5249	3147
12556	5244	3789
12557	5243	3151
12558	5237	4015
12559	5236	3148
12560	5235	3787
12561	5234	3146
12562	5233	3676
12563	6979	37354
12564	5307	1902
12565	5306	1901
12566	5121	24984
12567	5119	3406
12568	5118	24941
12569	5116	2184
12570	5113	2475
12571	2164	2182
12572	5343	11445
12573	5342	1699
12574	5214	2072
12575	5212	2078
12576	5210	2074
12577	5209	2153
12578	5208	10202
12579	5510	26675
12580	5492	26673
12582	6980	26672
12584	6981	26674
12585	6981	26673
