#id	vehiclespecschemaid	year
1	1	2016
2	2	2016
3	2	2015
4	3	2016
17	7	2012
26	10	2015
27	10	2014
119	29	2016
120	29	2015
123	31	2016
129	36	2016
159	44	2016
160	44	2015
161	44	2014
170	49	2016
190	58	2018
191	57	2018
192	59	2018
193	60	2018
194	61	2018
195	62	2018
196	63	2018
197	64	2018
198	65	2018
199	66	2018
200	67	2018
201	68	2018
202	69	2018
203	70	2018
204	71	2019
205	72	2018
206	73	2018
207	74	2018
208	75	2018
209	76	2018
210	77	2018
211	78	2018
213	81	2018
214	82	2018
215	83	2018
232	86	2018
238	92	2018
239	93	2018
241	95	2018
242	96	2018
243	97	2018
247	101	2018
253	104	2018
258	106	2014
259	106	2013
297	26	2017
298	26	2015
299	26	2014
307	14	2017
308	14	2016
309	14	2015
310	14	2014
311	14	2013
361	87	2018
363	114	2018
367	118	2018
376	126	2018
379	129	2018
380	130	2018
382	132	2018
383	133	2018
386	135	2018
391	140	2019
394	143	2018
411	16	2017
412	16	2016
413	16	2015
414	16	2014
415	16	2013
416	16	2012
417	16	2011
437	155	2017
438	156	2018
454	172	2018
455	173	2018
456	174	2018
460	176	2018
461	177	2018
466	181	2018
468	183	2018
469	184	2018
471	186	2019
479	192	2019
490	203	2018
492	205	2017
493	206	2018
499	212	2018
503	216	2018
505	218	2017
510	223	2017
513	32	2016
528	238	2017
529	239	2017
531	241	2017
538	248	2018
539	249	2018
540	250	2018
550	251	2018
551	251	2017
553	252	2018
554	252	2017
556	261	2018
557	261	2017
571	273	2017
580	267	2018
581	267	2017
582	269	2018
583	269	2017
584	266	2018
585	266	2017
602	279	2018
604	278	2018
605	281	2018
608	282	2018
616	289	2018
617	289	2017
620	280	2018
621	283	2018
623	293	2018
633	303	2017
634	304	2017
636	306	2018
657	327	2018
658	328	2018
659	329	2017
665	314	2018
666	314	2017
667	335	2018
668	315	2018
669	315	2017
675	341	2017
683	349	2017
684	350	2017
685	351	2017
686	352	2018
702	368	2018
703	369	2018
704	370	2018
706	372	2017
710	376	2018
715	381	2017
732	398	2017
735	401	2018
741	407	2017
742	408	2017
744	403	2018
745	403	2017
747	411	2018
748	412	2017
749	413	2017
750	414	2017
761	425	2017
773	437	2017
774	221	2018
775	221	2017
776	222	2018
777	222	2017
778	219	2018
779	219	2017
780	220	2018
781	220	2017
782	50	2018
783	50	2017
784	50	2016
785	37	2018
786	37	2017
787	37	2016
788	42	2018
789	42	2017
790	42	2016
791	42	2015
792	42	2014
793	42	2013
794	42	2012
795	438	2018
796	18	2018
797	18	2017
798	18	2016
799	18	2015
800	18	2014
801	18	2013
802	18	2012
803	17	2018
804	17	2017
805	17	2016
806	17	2015
807	17	2014
808	17	2013
809	17	2012
810	152	2018
811	152	2017
813	107	2018
814	107	2017
815	112	2018
816	112	2017
817	416	2018
824	427	2018
825	427	2017
826	428	2018
827	428	2017
832	429	2018
833	429	2017
834	430	2018
835	430	2017
836	431	2018
837	431	2017
838	433	2018
839	433	2017
840	432	2018
841	432	2017
842	434	2018
843	434	2017
844	435	2018
845	435	2017
846	436	2018
847	436	2017
848	390	2018
849	390	2017
850	391	2018
851	391	2017
852	392	2018
853	392	2017
854	393	2018
855	393	2017
856	361	2018
857	361	2017
860	366	2018
861	366	2017
862	367	2018
863	367	2017
864	371	2018
865	371	2017
866	373	2018
867	373	2017
868	374	2018
869	374	2017
870	375	2018
871	375	2017
872	377	2018
873	377	2017
874	364	2018
875	364	2017
878	379	2018
879	379	2017
880	380	2018
881	380	2017
882	378	2018
883	378	2017
884	446	2018
885	382	2018
886	382	2017
887	383	2018
888	383	2017
889	384	2018
890	384	2017
891	385	2018
892	385	2017
893	386	2018
894	386	2017
895	387	2018
896	387	2017
897	388	2018
898	388	2017
899	389	2018
900	389	2017
902	448	2018
903	449	2018
904	450	2018
905	451	2018
906	452	2018
907	453	2018
908	454	2018
909	291	2018
910	291	2017
911	294	2018
912	294	2017
913	295	2018
914	295	2017
915	296	2018
916	296	2017
917	297	2018
918	297	2017
919	455	2018
920	298	2018
921	298	2017
922	299	2018
923	299	2017
924	300	2018
925	300	2017
926	301	2018
927	301	2017
928	302	2018
929	302	2017
930	305	2018
931	305	2017
932	307	2018
933	307	2017
934	308	2018
935	308	2017
936	309	2018
937	309	2017
938	310	2018
939	310	2017
940	456	2018
941	311	2018
942	311	2017
943	312	2018
944	312	2017
945	313	2018
946	313	2017
947	316	2018
948	316	2017
949	317	2018
950	317	2017
951	319	2018
952	319	2017
953	318	2018
954	318	2017
955	457	2018
956	320	2018
957	320	2017
958	321	2018
959	321	2017
961	322	2018
962	322	2017
963	323	2018
964	323	2017
965	459	2018
966	325	2018
967	325	2017
968	326	2018
969	326	2017
970	324	2018
971	324	2017
972	460	2018
974	262	2018
975	262	2017
976	263	2018
977	263	2017
978	264	2018
979	264	2017
980	120	2018
981	120	2017
982	122	2018
983	122	2017
984	123	2018
985	123	2017
986	462	2018
987	125	2018
988	125	2017
989	127	2018
990	127	2017
991	128	2018
992	128	2017
995	465	2019
996	465	2018
998	467	2018
999	468	2018
1000	469	2018
1001	470	2018
1002	471	2019
1003	471	2018
1004	472	2019
1005	472	2018
1009	255	2018
1010	255	2017
1011	254	2018
1012	254	2017
1013	257	2018
1014	257	2017
1015	259	2018
1016	259	2017
1022	253	2019
1023	253	2018
1024	253	2017
1025	258	2019
1026	258	2018
1027	258	2017
1028	473	2019
1029	473	2018
1030	260	2019
1031	260	2018
1032	260	2017
1043	224	2017
1044	225	2017
1047	231	2017
1048	477	2018
1050	226	2018
1051	226	2017
1059	233	2018
1060	233	2017
1061	234	2018
1062	234	2017
1063	235	2018
1064	235	2017
1065	236	2018
1066	236	2017
1067	237	2018
1068	237	2017
1069	480	2018
1070	240	2018
1071	240	2017
1072	242	2018
1073	242	2017
1074	243	2018
1075	243	2017
1076	244	2018
1077	244	2017
1078	245	2018
1079	245	2017
1080	246	2018
1081	246	2017
1082	207	2018
1083	207	2017
1084	208	2018
1085	208	2017
1086	209	2018
1087	209	2017
1088	210	2018
1089	210	2017
1090	211	2018
1091	211	2017
1092	213	2018
1093	213	2017
1094	395	2018
1095	395	2017
1096	396	2018
1097	396	2017
1098	397	2018
1099	397	2017
1101	399	2018
1102	399	2017
1103	400	2018
1104	400	2017
1105	404	2018
1106	404	2017
1107	405	2018
1108	405	2017
1109	482	2018
1112	196	2018
1113	196	2017
1114	197	2018
1115	197	2017
1116	198	2018
1117	198	2017
1118	199	2018
1119	199	2017
1120	200	2018
1121	200	2017
1122	201	2018
1123	201	2017
1124	202	2018
1125	202	2017
1157	484	2019
1158	484	2018
1161	486	2019
1162	486	2018
1163	487	2019
1164	487	2018
1170	30	2018
1171	30	2016
1172	30	2015
1184	488	2018
1186	489	2018
1196	6	2018
1197	6	2017
1198	6	2016
1199	6	2015
1200	6	2014
1201	6	2013
1202	6	2011
1203	6	2010
1204	6	2009
1205	20	2018
1206	20	2017
1207	20	2016
1208	20	2015
1209	20	2014
1210	20	2013
1211	20	2012
1212	25	2018
1213	25	2017
1214	25	2016
1215	25	2015
1216	25	2014
1217	25	2013
1218	12	2018
1219	12	2017
1220	12	2016
1221	12	2015
1222	12	2014
1223	12	2013
1224	12	2012
1225	12	2011
1226	490	2018
1227	48	2018
1228	48	2017
1229	48	2016
1230	48	2015
1231	39	2018
1232	39	2017
1233	39	2016
1234	39	2015
1235	39	2014
1236	39	2013
1237	39	2012
1238	39	2011
1239	39	2010
1240	45	2018
1241	45	2017
1242	45	2016
1243	45	2015
1244	45	2014
1245	40	2018
1246	40	2017
1247	40	2015
1248	40	2014
1249	40	2013
1250	40	2012
1251	40	2011
1252	40	2010
1253	108	2018
1254	108	2017
1263	105	2018
1264	105	2017
1265	105	2016
1266	105	2015
1267	105	2014
1268	105	2013
1269	110	2018
1270	110	2017
1273	491	2018
1274	19	2018
1275	19	2017
1276	19	2016
1277	19	2015
1278	19	2013
1279	35	2018
1280	35	2017
1281	35	2016
1282	35	2013
1291	498	2018
1293	500	2018
1296	501	2019
1297	501	2018
1300	504	2018
1303	505	2018
1307	247	2018
1308	247	2017
1313	272	2018
1314	272	2017
1315	509	2018
1317	268	2018
1318	268	2017
1319	510	2019
1320	271	2019
1321	271	2018
1322	271	2017
1323	270	2019
1324	270	2018
1325	270	2017
1326	511	2018
1327	265	2019
1328	265	2018
1329	265	2017
1330	512	2018
1331	513	2018
1332	514	2018
1333	515	2018
1336	274	2019
1337	274	2018
1338	274	2017
1343	46	2018
1344	46	2017
1345	46	2016
1347	516	2018
1349	518	2018
1353	288	2018
1354	288	2017
1355	519	2018
1358	27	2018
1359	27	2017
1360	27	2016
1361	27	2015
1362	27	2014
1365	337	2018
1366	337	2017
1368	338	2018
1369	338	2017
1370	339	2018
1371	339	2017
1372	340	2018
1373	340	2017
1374	521	2018
1377	343	2018
1378	343	2017
1379	344	2018
1380	344	2017
1381	345	2018
1382	345	2017
1383	346	2018
1384	346	2017
1385	347	2018
1386	347	2017
1387	348	2018
1388	348	2017
1389	353	2018
1390	353	2017
1391	354	2018
1392	354	2017
1393	355	2018
1394	355	2017
1395	356	2018
1396	356	2017
1397	357	2018
1398	357	2017
1399	358	2018
1400	358	2017
1401	359	2018
1402	359	2017
1403	360	2018
1404	360	2017
1405	522	2018
1406	523	2018
1407	342	2018
1408	342	2017
1410	525	2018
1416	115	2018
1417	115	2017
1420	530	2018
1421	530	2017
1422	531	2018
1423	531	2017
1424	532	2018
1425	532	2017
1426	533	2018
1427	533	2017
1428	534	2018
1429	534	2017
1430	535	2018
1431	535	2017
1432	536	2018
1433	536	2017
1434	537	2018
1435	537	2017
1436	538	2018
1437	538	2017
1438	539	2018
1439	539	2017
1440	540	2018
1441	540	2017
1442	541	2018
1443	541	2017
1444	542	2018
1445	542	2017
1446	543	2018
1447	543	2017
1448	544	2018
1449	544	2017
1450	545	2018
1451	545	2017
1452	546	2018
1453	546	2017
1454	547	2018
1455	547	2017
1456	548	2018
1457	548	2017
1458	549	2018
1459	549	2017
1460	550	2018
1461	550	2017
1462	551	2018
1463	551	2017
1464	552	2018
1465	552	2017
1466	553	2018
1467	553	2017
1468	554	2018
1469	554	2017
1470	555	2018
1471	555	2017
1472	556	2018
1473	556	2017
1474	557	2018
1475	557	2017
1476	558	2018
1477	558	2017
1478	559	2018
1479	330	2018
1480	330	2017
1481	332	2018
1482	332	2017
1483	333	2018
1484	333	2017
1485	334	2018
1486	334	2017
1491	22	2018
1492	22	2017
1493	22	2016
1494	22	2015
1495	22	2014
1496	22	2013
1497	285	2018
1498	285	2017
1499	286	2018
1500	286	2017
1501	287	2018
1502	287	2017
1503	336	2018
1504	336	2017
1505	28	2019
1506	28	2018
1507	28	2017
1508	28	2016
1509	28	2015
1510	560	2019
1511	560	2018
1512	284	2019
1513	284	2018
1514	284	2017
1515	290	2019
1516	290	2018
1517	290	2017
1518	394	2018
1519	394	2017
1520	406	2019
1521	406	2017
1527	563	2017
1528	524	2018
1529	524	2017
1531	564	2018
1532	564	2017
1536	567	2018
1537	567	2017
1538	566	2018
1539	566	2017
1540	565	2018
1541	565	2017
1542	568	2018
1543	568	2017
1544	569	2018
1545	569	2017
1546	461	2019
1547	461	2018
1548	461	2017
1549	570	2018
1550	570	2017
1551	571	2018
1552	571	2017
1553	572	2018
1554	572	2017
1555	573	2018
1556	573	2017
1564	576	2017
1565	577	2018
1566	578	2018
1567	579	2018
1568	580	2018
1569	581	2018
1570	214	2018
1571	214	2017
1572	495	2018
1573	496	2018
1576	497	2018
1577	443	2018
1578	442	2018
1579	583	2018
1580	584	2018
1583	586	2018
1584	587	2018
1586	589	2018
1587	590	2018
1588	591	2018
1590	593	2018
1591	594	2018
1592	595	2018
1594	476	2018
1595	596	2018
1596	597	2018
1597	598	2018
1598	599	2018
1599	600	2018
1600	601	2018
1603	604	2018
1604	605	2018
1605	606	2018
1606	607	2018
1607	608	2018
1608	609	2018
1609	610	2018
1610	611	2018
1611	612	2018
1613	444	2018
1619	617	2018
1620	618	2018
1621	520	2018
1622	619	2018
1625	621	2018
1632	229	2018
1635	230	2018
1649	633	2018
1652	636	2018
1653	622	2018
1654	623	2018
1655	624	2018
1656	625	2018
1657	626	2018
1658	627	2018
1659	628	2018
1660	629	2018
1661	630	2018
1662	637	2018
1663	631	2018
1667	640	2018
1668	641	2018
1669	642	2018
1670	634	2018
1671	635	2018
1672	643	2018
1673	644	2018
1674	645	2018
1675	614	2018
1676	615	2018
1677	646	2018
1678	602	2018
1679	603	2018
1680	613	2018
1681	647	2018
1682	447	2018
1683	648	2018
1684	649	2018
1685	650	2018
1686	651	2018
1687	652	2018
1688	653	2018
1689	654	2018
1690	655	2018
1691	656	2018
1692	463	2018
1693	464	2018
1694	439	2018
1695	657	2018
1696	493	2018
1697	494	2018
1698	658	2018
1699	659	2018
1700	492	2018
1701	660	2018
1702	661	2018
1703	662	2018
1705	665	2018
1706	666	2018
1707	667	2018
1708	668	2018
1709	478	2018
1710	669	2018
1711	479	2018
1712	228	2018
1713	671	2018
1714	672	2018
1715	673	2018
1716	674	2018
1717	675	2018
1718	676	2018
1719	677	2018
1720	678	2018
1721	679	2018
1722	680	2018
1723	681	2018
1724	682	2018
1725	683	2018
1727	685	2018
1729	687	2018
1730	688	2018
1731	689	2018
1732	690	2018
1733	691	2018
1735	693	2018
1736	694	2018
1740	695	2018
1741	696	2018
1742	697	2018
1744	699	2018
1746	701	2018
1747	702	2018
1748	703	2018
1749	704	2018
1750	705	2018
1751	507	2018
1752	706	2018
1753	707	2018
1754	708	2018
1755	709	2018
1756	710	2018
1757	711	2018
1758	712	2018
1759	713	2018
1760	714	2018
1763	716	2018
1765	718	2018
1766	719	2018
1767	720	2018
1768	721	2018
1769	722	2018
1770	723	2018
1772	724	2018
1775	727	2018
1779	731	2018
1786	738	2018
1787	739	2018
1790	742	2018
1792	744	2017
1794	746	2017
1795	747	2017
1796	748	2017
1798	750	2017
1799	751	2017
1800	752	2017
1801	753	2017
1802	754	2017
1803	755	2017
1804	756	2017
1805	757	2017
1806	758	2017
1807	759	2017
1808	760	2017
1809	761	2017
1810	762	2017
1811	763	2017
1812	764	2017
1813	765	2017
1814	766	2018
1815	767	2018
1816	768	2018
1817	769	2018
1818	770	2018
1819	771	2018
1820	772	2018
1821	773	2018
1822	774	2018
1823	775	2018
1824	776	2018
1825	777	2018
1826	778	2018
1827	779	2018
1829	781	2018
1830	782	2018
1831	783	2018
1832	481	2018
1833	561	2018
1834	784	2018
1835	785	2018
1836	786	2018
1837	787	2018
1838	788	2018
1839	789	2018
1840	790	2018
1841	791	2018
1842	792	2018
1843	793	2018
1844	794	2018
1845	795	2017
1846	796	2017
1847	797	2017
1848	798	2017
1849	799	2017
1850	800	2017
1851	801	2017
1852	802	2017
1853	803	2017
1855	804	2017
1857	805	2017
1858	806	2017
1859	807	2017
1860	808	2017
1861	809	2017
1862	810	2017
1863	811	2017
1864	812	2017
1865	813	2017
1866	814	2017
1867	815	2017
1868	816	2017
1869	817	2017
1870	818	2017
1871	819	2017
1872	820	2017
1873	821	2017
1874	822	2017
1875	823	2017
1877	825	2017
1878	826	2017
1879	827	2017
1880	828	2017
1881	829	2017
1882	830	2017
1883	831	2017
1884	365	2017
1885	832	2017
1886	833	2017
1887	834	2017
1888	835	2017
1889	836	2017
1891	838	2017
1892	839	2017
1893	840	2017
1894	841	2017
1895	842	2017
1896	843	2017
1897	844	2017
1898	845	2017
1899	846	2017
1900	847	2017
1901	848	2017
1902	849	2017
1903	850	2017
1904	851	2017
1905	852	2017
1906	853	2017
1907	854	2017
1908	855	2017
1911	857	2017
1912	858	2017
1913	859	2017
1914	860	2017
1915	861	2017
1916	862	2017
1917	863	2017
1918	864	2017
1926	865	2007
1997	871	2017
1998	872	2017
1999	873	2017
2000	874	2017
2001	875	2017
2002	876	2017
2003	877	2017
2004	878	2017
2005	879	2017
2006	880	2017
2007	881	2017
2008	882	2017
2010	884	2017
2011	885	2017
2012	886	2017
2013	887	2017
2014	256	2017
2016	889	2017
2019	891	2017
2021	893	2017
2022	894	2017
2023	895	2017
2170	907	2017
2202	909	2017
2203	910	2017
2204	911	2017
2205	912	2017
2206	913	2017
2207	914	2017
2208	915	2017
2209	916	2017
2210	917	2017
2211	918	2018
2212	292	2017
2213	919	2017
2214	920	2017
2215	921	2017
2216	922	2017
2217	923	2017
2218	924	2017
2222	926	2014
2223	927	2013
2225	929	2011
2227	930	2010
2234	931	2009
2235	931	2008
2236	931	2007
2238	932	2009
2239	932	2008
2240	932	2007
2241	933	2011
2242	933	2010
2259	936	2020
2260	936	2019
2261	936	2018
2262	936	2017
2263	936	2016
2264	936	2015
2265	936	2014
2266	936	2013
2267	936	2012
2268	936	2011
2269	936	2010
2278	939	2017
2279	940	2017
2280	941	2017
2281	942	2017
2282	943	2017
2283	944	2017
2284	945	2017
2285	946	2017
2294	900	2009
2295	900	2008
2296	900	2007
2297	900	2006
2298	900	2005
2299	900	2004
2308	905	2005
2309	905	2004
2310	905	2003
2311	905	2002
2312	905	2001
2313	905	2000
2314	905	1999
2315	905	1998
2316	905	1997
2317	905	1996
2318	905	1995
2319	905	1994
2320	905	1993
2321	905	1992
2322	905	1991
2323	905	1990
2341	902	2009
2342	902	2008
2343	902	2007
2344	902	2006
2345	902	2005
2346	902	2004
2347	902	2003
2348	901	2009
2349	901	2008
2350	901	2007
2351	901	2006
2352	901	2005
2353	901	2004
2354	901	2003
2355	897	2008
2356	897	2007
2357	896	2019
2358	896	2018
2381	903	2020
2382	903	2019
2383	903	2018
2384	903	2017
2385	903	2016
2386	903	2015
2387	903	2014
2388	903	2013
2389	903	2012
2390	903	2011
2391	903	2010
2392	903	2009
2393	903	2008
2394	903	2007
2395	903	2006
2396	903	2005
2397	903	2004
2398	906	2016
2399	906	2015
2400	906	2014
2401	906	2013
2402	906	2012
2403	906	2011
2404	906	2010
2405	906	2009
2406	906	2008
2407	906	2007
2408	906	2006
2409	906	2005
2410	906	2004
2411	906	2003
2412	906	2002
2413	906	2001
2414	906	2000
2415	906	1999
2416	906	1998
2417	906	1997
2418	906	1996
2450	925	2015
2451	950	2017
2452	952	2017
2453	953	2017
2454	954	2017
2455	955	2017
2456	960	2017
2458	961	2017
2459	962	2017
2522	964	2020
2523	964	2019
2524	964	2018
2525	964	2017
2526	964	2016
2527	964	2015
2528	964	2014
2529	964	2013
2530	964	2012
2531	964	2011
2532	964	2010
2533	964	2009
2534	964	2008
2535	964	2007
2536	964	2006
2537	964	2005
2538	964	2004
2539	964	2003
2540	964	2002
2541	964	2001
2542	964	2000
2543	964	1999
2544	964	1998
2545	964	1997
2546	964	1996
2547	964	1995
2548	964	1994
2549	964	1993
2550	964	1992
2551	964	1991
2552	964	1990
2554	968	2017
2577	973	2017
2578	974	2017
2579	975	2017
2580	976	2017
2581	977	2017
2582	978	2017
2583	979	2017
2584	980	2017
2585	981	2017
2586	982	2017
2587	983	2017
2588	984	2017
2589	985	2017
2590	935	2006
2591	935	2005
2592	935	2004
2593	935	2003
2594	935	2002
2595	935	2001
2596	935	2000
2597	986	2017
2598	987	2017
2599	988	2017
2600	989	2017
2601	990	2017
2604	993	2017
2605	994	2017
2606	995	2017
2607	996	2017
2608	997	2017
2609	998	2017
2610	999	2017
2611	1000	2017
2612	1001	2017
2613	1002	2017
2614	1003	2017
2615	1004	2017
2617	1005	2017
2618	1006	2017
2622	1010	2017
2624	1011	2017
2625	1012	2017
2626	1013	2017
2627	1014	2017
2628	1015	2017
2629	1016	2017
2630	1017	2008
2632	1019	2017
2633	1020	2017
2634	1021	2017
2635	1022	2017
2636	1023	2017
2637	1024	2017
2639	1026	2017
2640	1027	2017
2641	1028	2017
2642	1029	2017
2643	1030	2017
2644	1031	2017
2645	1032	2017
2646	1033	2017
2647	1034	2017
2648	1035	2017
2649	1036	2017
2650	1037	2017
2653	1038	2017
2654	1039	2017
2655	1040	2017
2656	1041	2017
2657	1042	2017
2658	1043	2017
2660	899	2004
2661	899	2003
2662	899	2002
2663	899	2001
2664	899	2000
2665	899	1999
2666	899	1998
2667	899	1997
2668	899	1996
2669	899	1995
2670	899	1994
2671	899	1993
2672	899	1992
2673	1045	2017
2674	1046	2017
2675	1047	2017
2676	1048	2017
2677	1049	2017
2679	1050	2017
2680	1051	2019
2681	1052	2019
2682	1053	2019
2683	1054	2019
2685	1055	2019
2686	1056	2019
2687	1057	2019
2688	1058	2019
2689	1059	2019
2690	1060	2019
2691	1061	2019
2692	1062	2019
2693	1063	2019
2694	1064	2019
2695	1065	2019
2696	1066	2019
2697	1067	2019
2698	1068	2019
2699	1069	2019
2700	1070	2019
2701	1071	2019
2702	1072	2019
2703	1073	2019
2704	1074	2019
2705	1075	2019
2706	1076	2019
2707	1077	2019
2708	1078	2019
2709	1079	2019
2710	1080	2019
2711	1081	2019
2712	1082	2019
2713	1083	2019
2714	1084	2019
2715	1085	2019
2716	1086	2019
2717	1087	2019
2718	1088	2019
2719	1089	2019
2720	1090	2019
2721	1091	2019
2722	1092	2019
2723	1093	2019
2724	1094	2019
2725	1095	2019
2726	1096	2019
2727	1097	2019
2728	1098	2019
2729	1099	2019
2730	1100	2019
2731	1101	2019
2732	1102	2019
2733	1103	2019
2734	1104	2019
2735	1105	2019
2736	1106	2019
2737	1107	2019
2738	1108	2019
2739	1109	2019
2741	1111	2019
2742	1112	2019
2743	1113	2019
2744	1114	2019
2745	1115	2019
2746	1116	2019
2747	1117	2019
2748	1118	2019
2749	1119	2019
2750	1120	2019
2751	1121	2019
2752	1122	2019
2753	1123	2019
2754	1124	2019
2755	1125	2019
2756	1126	2019
2757	1127	2019
2758	517	2019
2759	1128	2019
2761	1130	2019
2762	1131	2019
2763	1132	2019
2765	1134	2019
2766	1135	2019
2767	1133	2019
2768	1136	2019
2769	1137	2019
2770	1138	2019
2771	1139	2019
2772	1140	2019
2773	1141	2019
2774	1142	2019
2775	1143	2019
2776	1144	2019
2777	1145	2019
2779	1147	2019
2780	1148	2019
2781	1149	2019
2782	1150	2019
2783	1151	2019
2785	1153	2019
2786	1154	2019
2787	1155	2019
2788	1156	2019
2789	1157	2019
2790	1158	2019
2791	1159	2019
2792	1160	2019
2793	508	2018
2794	275	2017
2795	1161	2019
2796	1162	2019
2797	1163	2019
2798	1164	2019
2799	1165	2019
2800	1166	2019
2801	1167	2019
2802	1168	2019
2803	1169	2019
2805	1170	2019
2806	1171	2019
2807	1172	2019
2808	1173	2019
2809	1174	2019
2810	1175	2019
2811	1176	2019
2812	1177	2019
2813	1178	2019
2814	1179	2019
2815	1180	2019
2816	1181	2019
2817	1182	2019
2818	1183	2019
2819	1184	2019
2820	1185	2019
2821	1186	2019
2822	1187	2019
2823	1188	2019
2824	1189	2019
2825	1190	2019
2826	1191	2019
2827	1192	2019
2828	1193	2019
2829	1194	2019
2830	1195	2019
2831	1196	2019
2832	1197	2019
2833	1198	2019
2834	1199	2019
2835	1200	2019
2836	1201	2019
2838	1203	2019
2839	1204	2019
2840	1205	2019
2841	1206	2019
2842	1207	2019
2843	1208	2019
2844	1209	2019
2845	1210	2019
2846	1211	2019
2847	1212	2019
2848	1213	2019
2849	1214	2019
2850	1215	2019
2851	1216	2019
2852	1217	2019
2853	1218	2019
2854	1219	2019
2855	1220	2019
2856	1221	2019
2857	1222	2019
2858	1223	2019
2859	1224	2019
2860	1225	2019
2861	1226	2019
2862	1227	2019
2863	1228	2019
2864	1229	2019
2865	1230	2019
2866	1231	2019
2867	1232	2019
2868	1233	2019
2869	1234	2019
2870	1235	2019
2871	1236	2019
2873	445	2018
2914	1237	2020
2915	1237	2019
2916	1237	2018
2917	1237	2017
2918	1237	2016
2919	1237	2015
2920	1237	2014
2921	1237	2013
2922	1237	2012
2923	1237	2011
2924	1237	2010
2925	1237	2009
2926	1237	2008
2927	1237	2007
2928	1237	2006
2929	1237	2005
2930	1237	2004
2931	1237	2003
2932	1237	2002
2933	1237	2001
2934	1237	1996
2935	1237	1995
2936	1237	1994
2937	1237	1993
2938	1237	1992
2939	1237	1991
2940	1237	1990
2941	1237	1989
2942	1237	1988
2943	1237	1987
2944	1237	1986
2945	1237	1985
2946	1237	1984
2947	1237	1983
2948	1237	1982
2949	1237	1981
2950	963	2000
2951	963	1999
2952	963	1998
2953	963	1997
2954	969	2000
2955	969	1999
2956	969	1998
2957	969	1997
2958	1238	2019
2959	1239	2019
2960	1240	2019
2961	1241	2019
2962	1242	2019
2963	1243	2019
2964	1244	2019
2965	1245	2019
2966	1246	2019
2967	1248	2019
2968	1249	2019
2969	1250	2019
2970	1251	2019
2971	1252	2019
2972	1253	2019
2973	1254	2019
2975	1256	2019
2976	1257	2019
2977	1258	2019
2978	1259	2019
2979	1260	2019
2980	1261	2019
2981	1262	2019
2982	1263	2019
2983	1264	2019
2984	1265	2019
2985	1266	2019
2986	1267	2019
2987	1268	2019
2988	1269	2019
2989	1270	2019
2990	188	2019
2991	1271	2019
2992	1272	2019
2993	1273	2019
2994	1274	2019
2996	1276	2019
2997	1277	2019
2998	1278	2019
3000	1280	2019
3001	1281	2019
3002	1282	2019
3003	1283	2019
3004	1284	2019
3005	1285	2019
3006	1286	2019
3008	1288	2019
3009	1289	2019
3010	1290	2019
3011	1291	2019
3012	1292	2019
3014	1294	2019
3019	1296	2019
3022	1295	2019
3024	1299	2019
3026	187	2019
3028	1301	2019
3029	1302	2019
3030	1303	2019
3032	1304	2019
3033	1305	2019
3034	1306	2019
3035	1307	2019
3036	98	2019
3037	1308	2019
3039	1310	2019
3043	1314	2019
3044	1315	2019
3045	1316	2019
3046	1317	2019
3047	1318	2019
3048	1319	2019
3049	1320	2019
3050	1321	2019
3051	1322	2019
3052	1323	2019
3053	1324	2019
3054	1325	2019
3055	1326	2019
3056	1327	2019
3057	1328	2019
3058	1329	2019
3059	1330	2019
3060	1331	2019
3062	1332	2019
3067	1337	2019
3068	1338	2019
3069	1339	2019
3070	1340	2019
3071	1341	2019
3072	1342	2019
3073	1343	2019
3075	1345	2019
3076	1344	2019
3077	1346	2019
3078	1347	2019
3079	1348	2019
3080	1349	2019
3081	1350	2019
3087	1353	2019
3089	1351	2019
3090	1352	2019
3091	1354	2019
3092	1355	2019
3093	1356	2019
3094	1357	2019
3095	1358	2019
3101	1363	2019
3104	1366	2019
3111	1372	2019
3112	1373	2019
3113	1374	2019
3114	1375	2019
3115	1369	2019
3116	1376	2019
3117	1377	2019
3123	1383	2019
3124	1378	2019
3125	1381	2019
3126	1382	2019
3127	1384	2019
3128	1385	2019
3129	1386	2019
3132	1389	2019
3133	1390	2019
3134	1391	2019
3135	1392	2019
3136	1393	2019
3137	1394	2019
3138	1395	2019
3139	1396	2019
3140	992	2017
3144	215	2018
3145	215	2017
3146	363	2018
3147	363	2017
3148	410	2017
3149	506	2018
3150	715	2018
3151	856	2017
3152	904	2020
3153	904	2019
3154	904	2018
3155	904	2017
3156	904	2016
3157	904	2015
3158	904	2014
3159	904	2013
3160	904	2012
3161	904	2011
3162	904	2010
3163	904	2009
3164	904	2008
3165	904	2007
3166	904	2006
3167	904	2005
3168	904	2004
3169	904	2003
3170	904	2002
3171	904	2001
3172	904	2000
3173	904	1999
3174	1279	2019
3175	740	2018
3176	1287	2019
3177	1293	2019
3179	1309	2019
3180	951	2000
3181	949	2007
3186	94	2019
3192	1402	2019
3200	1401	2019
3204	1406	2020
3206	1405	2020
3208	1404	2020
3209	1400	2019
3210	1407	2020
3214	1409	2020
3215	1410	2020
3217	1412	2020
3222	1425	2020
3223	1428	2020
3224	1429	2020
3225	1430	2020
3227	1432	2020
3228	1433	2020
3229	1434	2020
3232	1437	2020
3233	1438	2020
3235	1440	2020
3241	1443	2020
3248	1448	2020
3256	138	2019
3259	52	2017
3261	161	2017
3262	195	2017
3266	1457	2017
3267	163	2017
3268	158	2017
3270	1459	2020
3271	1460	2020
3274	157	2017
3278	166	2017
3280	171	2017
3281	1465	2020
3282	1466	2020
3283	1467	2020
3284	168	2017
3287	159	2017
3288	1468	2020
3289	170	2017
3290	1469	2020
3291	574	2017
3292	1470	2020
3293	1471	2020
3294	1472	2020
3296	1474	2020
3299	1475	2020
3301	1477	2020
3302	162	2017
3303	1478	2020
3304	1479	2020
3305	1480	2020
3306	1481	2020
3307	1482	2020
3308	700	2018
3309	1483	2020
3310	137	2018
3311	735	2018
3312	736	2018
3315	139	2018
3316	141	2018
3317	737	2018
3318	142	2018
3320	503	2018
3321	190	2017
3322	153	2018
3323	154	2018
3324	144	2018
3325	167	2017
3326	145	2018
3327	146	2018
3328	1484	2020
3329	1485	2020
3330	169	2017
3331	147	2018
3332	1486	2020
3333	164	2017
3334	191	2017
3335	232	2017
3336	148	2018
3337	149	2018
3338	150	2018
3340	575	2017
3341	151	2018
3342	1487	2020
3343	418	2017
3346	417	2017
3347	415	2017
3348	420	2017
3349	421	2017
3350	422	2017
3351	423	2017
3355	121	2018
3357	1489	2020
3360	1492	2020
3373	1500	2020
3375	1502	2020
3377	1503	2020
3378	1504	2020
3379	1505	2020
3380	1506	2020
3381	1507	2020
3383	1508	2020
3384	1509	2020
3385	1510	2020
3386	1511	2020
3387	1512	2020
3388	1513	2020
3389	1515	2020
3390	1516	2020
3391	1517	2020
3392	1518	2020
3393	1398	2020
3405	1499	2020
3406	1520	2020
3407	1521	2020
3408	1522	2020
3409	1523	2020
3410	1524	2020
3412	1525	2020
3413	1526	2020
3414	1527	2020
3419	1528	2020
3423	1529	2020
3424	1530	2020
3425	1531	2020
3428	1533	2020
3429	1534	2020
3430	1536	2020
3432	1532	2020
3434	1539	2020
3435	1540	2020
3438	1541	2020
3439	1542	2020
3441	1544	2020
3444	1545	2020
3445	1546	2020
3448	1547	2020
3449	1549	2020
3450	1550	2020
3451	1551	2020
3452	1452	2020
3453	1449	2020
3455	1554	2020
3456	1555	2020
3457	1556	2020
3458	1557	2020
3459	1558	2020
3460	1559	2020
3461	1560	2020
3463	1562	2020
3466	1565	2020
3467	1566	2020
3468	1567	2020
3475	1573	2020
3478	1576	2020
3479	1577	2020
3481	1568	2020
3483	441	2018
3485	1580	2020
3486	1581	2020
3488	1583	2020
3489	1584	2020
3506	1601	2020
3509	1604	2020
3511	1606	2020
3514	1609	2020
3516	1611	2020
3524	1619	2020
3527	1621	2020
3528	1622	2020
3530	1624	2020
3531	1625	2020
3532	1626	2020
3533	1627	2020
3534	1628	2020
3535	1629	2020
3536	1630	2020
3537	1631	2020
3538	1632	2020
3539	1633	2020
3540	1634	2020
3541	1635	2020
3542	1636	2020
3543	1637	2020
3545	1639	2020
3546	1638	2020
3548	1640	2020
3549	1641	2020
3550	1642	2020
3551	1643	2020
3552	1644	2020
3553	1645	2020
3564	1654	2020
3565	1655	2020
3569	1659	2020
3570	1660	2020
3572	1662	2020
3573	1663	2020
3574	1664	2020
3577	1667	2020
3578	1668	2020
3579	1669	2020
3580	1670	2020
3581	1671	2020
3582	1672	2020
3583	1673	2020
3586	1676	2020
3588	1677	2020
3589	1674	2020
3590	1678	2020
3592	1681	2020
3593	1682	2020
3594	1683	2020
3595	1684	2020
3596	1685	2020
3597	1686	2020
3598	1687	2020
3606	1688	2020
3607	1689	2020
3608	1690	2020
3609	1691	2020
3610	1692	2020
3611	1693	2020
3612	1694	2020
3613	1695	2020
3614	1696	2020
3615	1697	2020
3616	1698	2020
3619	1699	2020
3620	1700	2020
3621	1701	2020
3622	1702	2020
3623	1703	2020
3624	1704	2020
3625	1705	2020
3626	1706	2020
3627	1707	2020
3628	1708	2020
3630	1710	2020
3631	1711	2020
3636	1714	2020
3637	1715	2020
3638	1716	2020
3639	1717	2020
3640	1718	2020
3641	1719	2020
3642	1720	2020
3643	1721	2020
3649	1709	2020
3652	1723	2020
3659	1729	2020
3660	1730	2020
3661	1731	2020
3662	1732	2020
3663	1733	2020
3665	1734	2020
3684	1753	2020
3686	1755	2020
3689	1757	2020
3693	1761	2017
3696	1764	2017
3702	1490	2020
3703	1491	2020
3705	1494	2020
3706	1495	2020
3707	1496	2020
3708	1498	2020
3709	1497	2020
3718	227	2017
3751	1447	2020
3752	1446	2020
3754	1403	2020
3757	1444	2020
3759	1809	2017
3760	193	2019
3761	526	2018
3762	526	2017
3765	1811	2017
3768	1441	2020
3771	1816	2020
3772	1818	2020
3773	733	2018
3774	194	2019
3776	1819	2020
3778	1820	2020
3779	1821	2019
3782	1824	2019
3783	1825	2019
3787	1828	2020
3791	1832	2020
3792	1553	2020
3794	1833	2020
3795	1837	2020
3796	1572	2020
3797	1838	2020
3798	1579	2020
3799	1582	2020
3800	1585	2020
3801	1586	2020
3802	1591	2020
3803	1593	2020
3804	1594	2020
3805	1602	2020
3806	1603	2020
3807	1608	2020
3808	1610	2020
3809	1612	2020
3810	1613	2020
3811	1614	2020
3812	1615	2020
3813	1616	2020
3814	1617	2020
3815	1618	2020
3816	1840	2020
3818	1666	2020
3819	1620	2020
3820	1650	2020
3822	136	2018
3823	424	2017
3824	483	2018
3825	1488	2020
3826	1842	2021
3827	1843	2021
3829	1845	2021
3830	1846	2021
3831	1847	2021
3832	1848	2021
3833	1849	2021
3834	1850	2021
3835	1851	2021
3839	1853	2021
3840	1852	2021
3841	1854	2021
3842	1855	2021
3843	1856	2021
3844	1857	2021
3847	1858	2021
3848	1862	2021
3849	1863	2021
3850	1864	2021
3851	1865	2021
3852	1867	2021
3853	1868	2021
3854	1869	2021
3855	1870	2021
3857	1871	2021
3858	1872	2021
3859	1873	2021
3860	1874	2021
3861	1875	2021
3862	1876	2021
3863	1877	2021
3864	1878	2021
3865	1879	2021
3866	1880	2021
3867	1881	2021
3868	1882	2021
3869	1883	2021
3870	1884	2021
3871	1885	2021
3872	1886	2021
3873	1887	2021
3874	1888	2021
3875	1889	2021
3876	1890	2021
3877	1891	2021
3878	1892	2021
3879	1893	2021
3880	1894	2021
3881	1895	2021
3882	1896	2021
3883	1897	2021
3884	1899	2021
3885	1900	2021
3886	1902	2021
3887	1903	2021
3888	1904	2021
3889	1905	2021
3891	1907	2020
3893	1908	2021
3894	1909	2021
3897	1912	2021
3898	1914	2021
3899	1915	2021
3900	1916	2021
3901	1917	2021
3902	1918	2021
3903	1919	2021
3905	1921	2021
3906	1923	2021
3908	1926	2021
3909	1927	2021
3910	1928	2021
3911	1929	2021
3913	1931	2021
3914	1932	2021
3915	1933	2021
3916	1934	2021
3917	1935	2021
3918	1936	2021
3919	1937	2021
3920	1938	2021
3922	1939	2021
3925	1940	2021
3926	1941	2020
3927	1942	2020
3929	1943	2020
3930	1944	2020
3931	1752	2020
3932	1750	2020
3933	1751	2020
3934	1742	2020
3935	1746	2020
3936	1747	2020
3937	1748	2020
3938	1749	2020
3939	1945	2020
3941	1736	2020
3942	1737	2020
3943	1738	2020
3944	1739	2020
3945	1741	2020
3946	1724	2020
3947	1726	2020
3948	1728	2020
3949	1725	2020
3950	1841	2020
3951	1727	2020
3952	1590	2020
3953	1592	2020
3954	1946	2020
3955	1598	2020
3956	1599	2020
3957	1597	2020
3958	1947	2020
3959	1570	2020
3960	1569	2020
3961	1574	2020
3962	1575	2020
3963	1578	2020
3964	1658	2020
3965	1656	2020
3966	1661	2020
3967	1665	2020
3968	1948	2021
3969	1949	2021
3970	1950	2021
3971	1951	2020
3972	1713	2020
3973	1952	2021
3974	1953	2021
3976	1954	2021
3977	1647	2020
3979	1956	2020
3980	1955	2020
3981	1957	2020
3982	1958	2020
3983	1959	2020
3984	1960	2020
3985	1411	2020
3990	1961	2020
3991	1435	2020
3992	1962	2020
3993	1462	2020
3995	1963	2020
3996	1463	2020
3997	1464	2020
3998	1473	2020
3999	1823	2019
4000	1826	2019
4001	1822	2019
4002	1814	2019
4003	1815	2019
4004	1812	2017
4007	1807	2017
4008	1964	2017
4009	1808	2017
4010	1797	2017
4011	1798	2017
4012	1799	2017
4013	1802	2017
4014	1804	2017
4015	1805	2017
4016	1810	2017
4017	1806	2017
4018	1803	2017
4019	1800	2017
4020	1801	2017
4021	1793	2017
4022	1794	2017
4023	1791	2017
4024	1792	2017
4026	1831	2017
4027	1829	2017
4028	1827	2017
4029	1830	2017
4030	1779	2017
4031	1776	2017
4032	1777	2017
4033	1778	2017
4034	1765	2017
4035	1766	2017
4036	1767	2017
4037	1768	2017
4038	1769	2017
4039	1770	2017
4040	1771	2017
4041	1773	2017
4042	1774	2017
4043	1775	2017
4044	1795	2017
4045	1796	2017
4046	1760	2017
4047	1965	2021
4048	1966	2021
4049	1967	2021
4050	1968	2021
4051	1969	2021
4052	1970	2021
4053	1971	2021
4054	1972	2021
4055	1973	2021
4057	1975	2021
4060	1977	2021
4061	1978	2021
4062	1979	2021
4063	1980	2021
4064	1981	2021
4065	1982	2021
4066	1983	2021
4067	1984	2021
4068	1985	2021
4069	1986	2021
4070	1987	2021
4071	1988	2021
4072	1989	2021
4073	1990	2021
4074	1991	2021
4075	1992	2021
4076	1993	2021
4077	1994	2021
4078	1995	2021
4079	1996	2021
4080	1997	2021
4081	1998	2021
4082	1999	2021
4083	2000	2021
4084	2001	2021
4085	2002	2021
4086	2003	2021
4087	2004	2021
4088	2005	2021
4089	2006	2021
4090	2007	2021
4091	2008	2021
4092	2009	2021
4093	2010	2021
4094	2011	2021
4095	2012	2021
4096	2013	2021
4097	2014	2021
4098	2015	2021
4099	2016	2021
4100	2017	2021
4101	2018	2021
4102	2019	2021
4103	2020	2021
4105	2022	2021
4108	1413	2020
4110	1735	2020
4113	1762	2017
4115	1763	2017
4117	1745	2020
4119	2021	2021
4120	2024	2021
4121	2025	2021
4122	2026	2021
4123	2027	2021
4124	2028	2021
4125	2029	2021
4126	2030	2021
4130	2032	2021
4131	2031	2021
4132	2033	2021
4133	2034	2021
4134	2035	2021
4137	2037	2021
4138	2038	2021
4139	2039	2021
4140	2040	2021
4141	2041	2021
4142	2042	2021
4143	2043	2021
4144	2044	2021
4146	2045	2021
4147	2046	2021
4148	2047	2021
4149	2048	2021
4150	2049	2021
4152	2051	2021
4153	2052	2021
4154	2053	2021
4155	2054	2021
4156	2055	2021
4157	2056	2021
4158	2057	2021
4160	2058	2021
4162	2061	2021
4163	2062	2021
4166	2065	2021
4168	2067	2021
4169	2068	2021
4170	2069	2021
4171	2070	2021
4172	2071	2021
4173	2072	2021
4174	2073	2021
4175	2074	2021
4176	2075	2021
4177	2076	2021
4178	2077	2021
4179	2078	2021
4180	2079	2021
4181	2080	2021
4182	2081	2021
4184	2083	2021
4185	2084	2021
4191	2085	2021
4192	2087	2021
4193	2088	2021
4194	2089	2021
4195	2090	2021
4196	2091	2021
4197	2092	2021
4198	2093	2021
4199	2094	2021
4200	2095	2021
4201	2096	2021
4202	2097	2021
4203	2098	2021
4204	2099	2021
4205	2100	2021
4206	2101	2021
4207	2102	2021
4209	2104	2021
4210	2105	2021
4211	2106	2021
4212	2107	2021
4213	2108	2021
4218	2112	2021
4219	2113	2021
4220	2114	2021
4221	2115	2021
4222	2116	2021
4223	2117	2021
4224	2118	2021
4225	2119	2021
4226	2122	2021
4228	2124	2021
4231	2127	2021
4233	2129	2021
4234	2130	2021
4235	2131	2021
4236	2132	2021
4237	2133	2021
4239	2135	2021
4241	2137	2021
4242	2138	2021
4243	2139	2021
4244	2140	2021
4245	2141	2021
4246	2142	2021
4248	2144	2021
4249	2145	2021
4250	2146	2021
4251	2147	2021
4257	2153	2021
4258	2154	2021
4259	1255	2019
4260	2082	2021
4265	937	2020
4266	937	2018
4267	937	2017
4268	2134	2021
4269	2136	2021
4270	2143	2021
4271	2123	2021
4278	2156	2009
4279	2156	2008
4280	2156	2007
4281	2156	2006
4282	2156	2005
4283	2156	2004
4284	2156	2003
4285	2156	2002
4286	2156	2001
4287	2157	2010
4288	2157	2009
4289	2157	2008
4290	2157	2007
4291	2157	2006
4292	2157	2005
4293	2157	2004
4294	2157	2003
4295	2157	2002
4296	2157	2001
4297	2157	2000
4298	2157	1999
4299	2157	1998
4300	2157	1997
4301	2157	1996
4302	2157	1995
4303	2158	2010
4304	2158	2009
4324	2125	2021
4325	2160	1998
4326	2160	1997
4327	2160	1996
4328	2160	1995
4329	2160	1994
4330	2160	1993
4331	2160	1992
4332	2160	1991
4333	2160	1990
4334	2160	1989
4335	2161	1992
4336	2161	1991
4337	2161	1990
4338	2161	1989
4339	2161	1988
4340	2161	1987
4341	2162	2009
4342	2162	2008
4343	2162	2007
4344	2162	2006
4345	2162	2005
4346	2162	2004
4430	2126	2021
4432	2128	2021
4433	2152	2021
4434	2151	2021
4435	2150	2021
4436	2149	2021
4437	2148	2021
4438	2109	2021
4439	2110	2021
4440	2166	2022
4441	2167	2022
4442	2168	2022
4445	2171	2022
4447	2173	2022
4449	2175	2022
4450	2176	2022
4451	2177	2022
4452	2178	2022
4453	2179	2022
4454	2180	2022
4455	2181	2022
4456	2182	2022
4457	2183	2022
4458	2184	2022
4463	2187	2022
4467	2189	2022
4468	2191	2022
4469	2192	2022
4470	2193	2022
4471	2194	2022
4472	2195	2022
4474	2196	2022
4475	2197	2022
4476	2199	2022
4477	2200	2022
4479	2201	2022
4480	2202	2022
4481	2203	2022
4482	2204	2022
4483	2205	2022
4484	2206	2022
4485	2207	2022
4486	2208	2022
4487	2209	2022
4488	2210	2022
4489	2211	2022
4490	2212	2022
4492	2213	2022
4493	2214	2022
4494	2215	2022
4495	2216	2022
4496	2217	2022
4497	2218	2022
4498	2219	2022
4499	2222	2022
4500	2223	2022
4501	2224	2022
4502	2225	2022
4503	2226	2022
4504	2227	2022
4505	2228	2022
4506	2229	2022
4507	2230	2022
4508	2231	2022
4509	2232	2022
4511	2234	2022
4512	2235	2022
4514	2237	2022
4515	2238	2022
4516	2239	2022
4518	2240	2022
4519	2241	2022
4520	2242	2022
4521	2243	2022
4522	2244	2022
4523	2245	2022
4526	2247	2022
4527	2248	2022
4528	2249	2022
4529	2250	2022
4530	2251	2022
4531	2252	2022
4532	2253	2022
4533	2254	2022
4534	2255	2022
4536	2257	2022
4538	2259	2022
4539	2260	2022
4540	2261	2022
4541	2262	2022
4542	2263	2022
4543	2264	2022
4545	2265	2022
4546	2266	2022
4547	2267	2022
4548	2268	2022
4549	2269	2022
4550	2270	2022
4551	2271	2022
4552	2272	2022
4553	2273	2022
4554	2274	2022
4557	2256	2022
4558	2275	2022
4559	2276	2022
4560	2277	2022
4561	2278	2022
4562	2279	2022
4563	2280	2022
4564	2281	2022
4565	2282	2022
4566	2283	2022
4567	2284	2022
4568	2285	2022
4569	2286	2022
4570	2287	2022
4571	2288	2022
4572	2289	2022
4574	2290	2022
4575	2291	2022
4576	2292	2022
4577	2293	2022
4578	2294	2022
4579	2295	2022
4580	2296	2022
4581	2297	2022
4582	2298	2022
4583	2299	2022
4584	2300	2022
4585	2301	2022
4586	2302	2022
4587	2304	2022
4588	2305	2022
4589	2306	2022
4590	2307	2022
4591	2308	2022
4592	2309	2022
4593	2310	2022
4594	2311	2022
4595	2312	2022
4596	2313	2022
4597	2314	2022
4598	2315	2022
4599	2316	2022
4600	2317	2022
4601	2318	2022
4602	2319	2022
4603	2320	2022
4604	2321	2022
4605	2322	2022
4607	2323	2022
4608	2324	2022
4610	2326	2022
4611	2327	2022
4612	2328	2022
4617	2332	2022
4618	2333	2022
4619	2334	2022
4621	2335	2022
4622	2336	2022
4623	2337	2022
4626	2340	2022
4631	2342	2022
4632	2343	2022
4633	2344	2022
4634	2345	2022
4636	2346	2022
4637	2347	2022
4638	2348	2022
4639	2349	2022
4640	2350	2022
4641	2351	2022
4642	2352	2022
4643	2353	2022
4645	2354	2022
4646	2355	2022
4647	2356	2022
4650	2359	2022
4651	2360	2022
4652	2362	2022
4653	2363	2022
4654	2364	2022
4655	2365	2022
4656	2366	2022
4657	2367	2022
4658	2368	2022
4659	2369	2022
4660	2370	2022
4662	2371	2022
4663	2372	2022
4664	2373	2022
4665	2374	2022
4666	2375	2022
4667	2376	2022
4668	2377	2022
4669	2378	2022
4670	2379	2022
4671	2380	2022
4673	2382	2022
4674	2383	2022
4675	2384	2022
4676	2385	2022
4677	2386	2022
4678	2387	2022
4679	2388	2022
4680	2389	2022
4681	2390	2022
4682	2391	2022
4683	2392	2022
4684	2393	2022
4685	2394	2022
4686	2395	2022
4687	2396	2022
4688	2397	2022
4689	2398	2022
4690	2399	2022
4691	2400	2022
4692	2401	2022
4693	2402	2022
4694	2403	2022
4695	2404	2022
4696	2405	2022
4697	2406	2022
4698	2407	2022
4699	2408	2022
4700	2409	2022
4701	2410	2022
4702	2411	2022
4703	2412	2022
4704	2413	2022
4705	2358	2022
4706	2357	2022
4787	2416	2022
4788	2417	2022
4789	2418	2022
4790	2419	2022
4791	2420	2022
4792	2421	2022
4793	2422	2022
4794	2423	2022
4795	2424	2022
4796	2425	2022
4797	2426	2022
4798	2427	2022
4801	2429	2022
4802	2430	2022
4803	2431	2022
4804	2432	2022
4805	2433	2022
4806	2434	2022
4807	2435	2022
4808	2436	2022
4809	2437	2022
4810	2438	2022
4811	2439	2022
4815	2440	2022
4816	2441	2022
4817	2442	2022
4818	2443	2022
4819	2444	2022
4820	2446	2022
4822	2448	2022
4823	2449	2022
4824	2450	2022
4825	2451	2022
4826	2452	2022
4827	2453	2022
4828	2454	2022
4829	2455	2022
4830	2456	2022
4831	2457	2022
4836	2462	2022
4837	2464	2022
4838	2465	2022
4839	2466	2022
4848	13	2018
4849	13	2017
4850	13	2016
4851	13	2015
4852	13	2014
4853	13	2013
4854	13	2012
4855	13	2011
4856	2467	2018
4857	2468	2018
4858	2469	2018
4859	2470	2019
4862	2473	2020
4863	2474	2020
4866	1652	2020
4867	1646	2020
4870	2475	2020
4871	2476	2020
4872	2477	2020
4873	2478	2020
4874	2479	2020
4875	2480	2020
4881	2486	2020
4882	2487	2020
4883	2488	2020
4884	2489	2021
4885	2490	2020
4886	2491	2020
4887	2492	2016
4888	2493	2020
4889	2494	2016
4890	2495	2021
4891	2496	2021
4892	2497	2016
4893	2498	2016
4894	2499	2016
4895	2500	2016
4896	2501	2016
4897	2502	2016
4898	2503	2016
4899	2504	2016
4900	2505	2016
4901	2506	2016
4902	2507	2016
4903	2508	2016
4904	2509	2016
4905	2510	2016
4906	2511	2016
4907	2512	2016
4908	2513	2016
4909	2514	2016
4910	2515	2016
4911	2516	2016
4912	2517	2016
4913	2518	2020
4914	2519	2016
4915	2520	2016
4916	2521	2020
4917	2522	2020
4918	2523	2016
4919	2524	2016
4920	2525	2016
4921	2526	2016
4922	2527	2016
4923	2528	2016
4924	2529	2016
4925	2530	2016
4926	2531	2016
4927	2532	2016
4928	2533	2020
4929	2534	2020
4930	2535	2016
4931	2536	2016
4932	2537	2016
4933	2538	2016
4934	2539	2020
4935	2540	2016
4936	2541	2016
4937	2542	2020
4938	2543	2016
4940	2544	2016
4941	2545	2016
4942	2546	2016
4943	2547	2016
4944	2548	2016
4945	2549	2016
4946	2550	2016
4947	2551	2016
4948	2552	2016
4949	2553	2016
4950	2554	2016
4951	2555	2016
4952	2556	2016
4953	2557	2016
4954	2558	2016
4955	2559	2016
4956	2560	2016
4957	2561	2016
4958	2562	2016
4959	2563	2016
4960	2564	2016
4961	2565	2021
4962	2566	2016
4963	2567	2016
4964	2568	2016
4965	2569	2016
4966	2570	2016
4967	2571	2016
4968	2572	2016
4969	2573	2016
4970	2574	2016
4971	2575	2016
4972	2576	2016
4973	2577	2016
4974	2578	2016
4976	2580	2021
4977	2581	2016
4978	2582	2016
4979	2583	2016
4980	2584	2016
4981	2585	2016
4982	2586	2016
4983	2587	2016
4984	2588	2016
4985	2589	2016
4986	2590	2016
4987	2591	2016
4988	2592	2016
4989	2593	2016
4990	2594	2016
4991	2595	2016
4992	2596	2016
4993	2597	2016
4994	2598	2016
4995	2599	2016
4996	2600	2016
4997	2601	2016
4998	2602	2016
4999	2603	2016
5000	2604	2016
5001	2605	2016
5002	2606	2016
5003	2607	2016
5004	2608	2016
5005	2609	2016
5006	2610	2016
5007	2611	2016
5008	2612	2016
5009	2613	2016
5010	2614	2016
5011	2615	2016
5012	2616	2016
5013	2617	2016
5015	2619	2016
5016	2620	2016
5017	2621	2016
5018	2622	2016
5024	2625	2016
5025	2626	2016
5026	2627	2016
5027	1974	2021
5028	1976	2021
5029	2628	2021
5030	2629	2016
5031	2630	2021
5032	1925	2021
5033	2631	2016
5034	2632	2016
5035	2633	2016
5036	2634	2016
5037	2635	2016
5038	2636	2016
5039	2637	2016
5040	2638	2016
5041	2639	2016
5042	2640	2016
5043	2641	2016
5044	2642	2016
5045	2643	2016
5046	2644	2016
5047	2645	2016
5048	2646	2016
5049	2647	2016
5050	2648	2016
5051	2649	2016
5052	2650	2016
5053	2651	2016
5054	2652	2016
5055	2653	2016
5056	2654	2021
5057	2655	2021
5058	2656	2016
5059	2657	2016
5060	2658	2016
5061	2659	2016
5062	2660	2016
5063	2661	2016
5064	2662	2016
5065	2663	2021
5066	2664	2016
5069	2667	2016
5070	2668	2016
5071	2669	2016
5072	2670	2016
5073	2671	2016
5074	2672	2016
5075	2673	2016
5076	2674	2016
5077	2675	2016
5080	2677	2016
5081	2678	2016
5082	2679	2016
5088	2682	2016
5089	2683	2016
5090	2684	2016
5093	2686	2016
5094	2687	2016
5095	2688	2016
5096	2689	2016
5097	2690	2016
5098	2691	2016
5099	2692	2016
5100	2693	2016
5101	2694	2021
5102	2695	2021
5105	2696	2016
5106	2697	2016
5109	2700	2016
5110	2701	2016
5111	2702	2016
5112	2703	2016
5113	2704	2016
5114	2705	2016
5115	2706	2016
5116	2707	2016
5117	2708	2016
5118	2709	2016
5119	2710	2016
5120	2711	2016
5121	2712	2016
5122	2713	2016
5123	2714	2016
5124	2715	2016
5125	2716	2016
5126	2717	2016
5127	2718	2016
5128	2719	2016
5129	2720	2016
5130	2721	2016
5131	2722	2016
5132	2723	2016
5134	2724	2016
5135	2725	2016
5136	2726	2016
5137	2727	2016
5138	2728	2016
5139	2729	2016
5140	2730	2016
5141	2731	2016
5142	2732	2016
5143	2733	2016
5144	2734	2016
5145	2735	2016
5146	2736	2016
5147	2737	2016
5148	2738	2016
5149	2739	2016
5150	2740	2016
5151	2741	2016
5152	2742	2016
5153	2743	2016
5154	2744	2016
5155	2745	2016
5156	2746	2016
5157	2747	2016
5158	2748	2016
5159	2749	2016
5160	2750	2016
5161	2751	2016
5162	2752	2016
5163	2753	2016
5164	2754	2017
5165	2676	2016
5166	2680	2016
5167	2680	2015
5168	2685	2016
5170	2681	2016
5171	34	2016
5172	47	2016
5173	41	2016
5174	41	2015
5175	41	2014
5176	41	2013
5183	2756	2022
5185	2757	2022
5186	2758	2022
5187	2759	2022
5189	2761	2017
5190	2762	2017
5191	2763	2019
5193	2765	2022
5194	2766	2022
5195	2767	2022
5197	2461	2022
5198	2459	2022
5200	2460	2022
5201	2769	2022
5217	2783	2019
5238	2804	2022
5239	2805	2022
5242	2808	2022
5243	2809	2022
5244	2810	2019
5245	2811	2019
5246	2812	2019
5247	2813	2022
5248	2814	2022
5249	2815	2022
5250	2816	2022
5251	2817	2022
5252	2818	2022
5253	2819	2023
5256	2822	2019
5257	2823	2019
5261	2825	2019
5262	2826	2019
5263	2827	2019
5264	2828	2019
5265	2829	2019
5266	2830	2019
5267	2831	2019
5268	2832	2019
5269	2833	2019
5270	2768	2022
5271	2764	2022
5272	2834	2022
5273	2835	2011
5274	2836	2011
5275	2837	2011
5276	2838	2011
5277	2839	2011
5279	2840	2011
5280	2841	2011
5281	2842	2011
5282	2843	2011
5283	2844	2011
5284	2845	2011
5286	2846	2011
5287	2847	2011
5288	2848	2011
5289	2849	2011
5293	2850	2011
5294	2851	2011
5296	2852	2011
5297	2853	2011
5300	2854	2011
5304	2855	2011
5309	2857	2011
5310	2856	2011
5314	2858	2011
5315	2859	2011
5317	2861	2011
5318	2860	2011
5319	2862	2011
5320	2863	2011
5321	2864	2011
5322	2865	2011
5323	2866	2011
5325	2867	2011
5326	2868	2004
5327	2869	2004
5328	2870	2004
5329	2871	2004
5331	2872	2011
5333	2873	2011
5334	2874	2011
5335	2875	2011
5337	2876	2011
5342	2878	2011
5344	2877	2011
5345	2879	2011
5347	2880	2011
5348	2881	2011
5351	2882	2011
5352	2883	2011
5353	2884	2011
5354	2885	2011
5357	2886	2011
5358	2887	2004
5359	2888	2004
5360	2889	2004
5361	2890	2004
5362	2891	2004
5363	2892	2004
5364	2893	2004
5365	2894	2004
5366	2895	2004
5367	2896	2011
5368	2897	2004
5370	2899	2004
5372	2900	2004
5373	2898	2011
5376	2901	2011
5377	2902	2011
5394	2903	2011
5395	2904	2011
5396	2905	2011
5397	2906	2011
5402	2908	2011
5403	2909	2011
5404	2910	2011
5405	2911	2011
5407	2912	2011
5409	2913	2011
5411	2914	2011
5412	2915	2011
5413	2916	2011
5414	2917	2011
5416	2918	2011
5417	2919	2011
5418	2920	2011
5419	2921	2011
5420	2922	2011
5421	2923	2011
5435	2924	2011
5442	2926	2011
5443	2925	2011
5446	2927	2011
5447	2928	2011
5449	2929	2005
5450	2930	2005
5451	2931	2005
5452	2932	2005
5453	2933	2005
5460	2936	2005
5461	2935	2005
5462	2937	2005
5463	2938	2005
5465	2939	2005
5466	2940	2005
5468	2941	2005
5471	2942	2005
5472	2943	2005
5473	2944	2004
5474	2945	2004
5475	2946	2004
5476	2947	2004
5477	2948	2004
5478	2949	2004
5479	2950	2004
5480	2951	2004
5481	2952	2004
5482	2953	2004
5484	2955	2004
5485	2956	2004
5486	2954	2005
5487	2957	2004
5488	2958	2005
5489	2959	2004
5491	2961	2004
5492	2962	2004
5494	2963	2005
5496	2960	2005
5497	2964	2005
5499	2965	2005
5500	2966	2005
5502	2967	2005
5503	2968	2005
5504	2969	2005
5505	2970	2005
5506	2971	2005
5508	2972	2005
5509	2973	2005
5510	2974	2005
5512	2975	2005
5513	2976	2004
5514	2977	2004
5515	2978	2004
5516	2979	2004
5517	2980	2004
5518	2981	2004
5519	2982	2004
5520	2983	2004
5523	2984	2005
5529	2986	2005
5530	2985	2005
5531	2987	2005
5533	2988	2005
5535	2989	2005
5536	2990	2005
5537	2991	2005
5539	2992	2005
5540	2993	2005
5541	2994	2005
5542	2995	2005
5543	2996	2005
5544	2997	2005
5545	2998	2005
5548	3000	2005
5549	3001	2005
5550	3002	2006
5551	3003	2006
5552	3004	2006
5553	3005	2006
5554	3006	2006
5555	3007	2006
5556	3008	2006
5557	3009	2006
5558	3010	2006
5559	3011	2006
5560	3012	2006
5561	3013	2006
5562	3014	2006
5563	3015	2006
5564	3016	2006
5565	3017	2006
5566	3018	2006
5567	3019	2006
5568	3020	2006
5569	3021	2005
5571	2999	2005
5572	3022	2005
5580	3027	2006
5581	3028	2006
5582	3029	2006
5583	3030	2006
5584	3031	2006
5585	3032	2006
5586	3033	2006
5587	3034	2006
5588	3035	2006
5589	3036	2006
5590	3037	2006
5591	3038	2006
5592	3039	2006
5593	3040	2006
5594	3041	2006
5595	3042	2006
5596	3043	2006
5597	3044	2006
5598	3045	2006
5599	3046	2006
5600	3047	2006
5601	3048	2006
5602	3049	2006
5603	3050	2006
5604	3051	2006
5605	3052	2006
5606	3053	2006
5607	3054	2006
5636	2803	2022
5639	3077	2006
5642	3079	2006
5647	3080	2006
5648	3081	2006
5651	3082	2012
5653	3084	2006
5655	3085	2006
5656	3086	2006
5657	3087	2006
5670	3095	2006
5671	3096	2006
5672	3097	2006
5673	3098	2006
5674	3099	2006
5675	3100	2006
5676	3101	2006
5677	3102	2006
5678	3103	2006
5679	3104	2006
5680	3105	2006
5681	3106	2006
5682	3107	2006
5683	3108	2006
5684	3109	2006
5685	3110	2006
5686	3111	2006
5687	3112	2006
5688	3113	2006
5689	3114	2006
5690	3115	2006
5691	3116	2006
5692	3117	2006
5693	3118	2006
5694	3119	2006
5695	3120	2006
5697	3122	2006
5698	3123	2006
5699	3124	2006
5700	3125	2006
5701	3126	2006
5702	3127	2006
5703	3128	2006
5704	3129	2006
5705	3130	2006
5706	3131	2006
5708	3133	2006
5709	3134	2006
5710	3135	2006
5711	3136	2006
5712	3137	2006
5713	3138	2006
5714	3139	2006
5715	3140	2006
5716	3141	2006
5717	3142	2006
5719	3144	2006
5720	3145	2006
5721	3146	2006
5722	3147	2007
5723	3148	2007
5724	3149	2007
5725	3150	2007
5726	3151	2007
5727	3152	2007
5728	3153	2007
5730	3155	2007
5731	3156	2007
5732	3157	2007
5733	3158	2007
5734	3159	2007
5735	3160	2007
5736	3161	2007
5737	3162	2007
5738	3163	2007
5739	3164	2007
5740	3165	2007
5741	3166	2007
5742	3167	2007
5743	3168	2007
5744	3169	2007
5745	3170	2007
5746	3171	2007
5747	3172	2007
5748	3173	2007
5749	3174	2007
5750	3175	2007
5751	3176	2007
5752	3177	2007
5753	3178	2007
5754	3179	2007
5755	3180	2007
5756	3181	2007
5757	3182	2007
5758	3183	2007
5759	3184	2007
5760	3185	2007
5761	3186	2007
5762	3187	2007
5763	3188	2007
5764	3189	2007
5765	3190	2007
5766	3191	2007
5767	3192	2007
5768	3193	2007
5769	3194	2007
5771	3195	2007
5772	3196	2007
5773	3197	2007
5774	3198	2007
5775	3199	2007
5776	3200	2007
5777	3201	2007
5778	3202	2007
5779	3203	2007
5780	3204	2007
5781	3205	2007
5782	3206	2007
5783	3207	2007
5784	3208	2007
5785	3209	2007
5786	3210	2007
5787	3211	2007
5788	2770	2022
5789	2776	2022
5791	2782	2022
5792	2771	2022
5793	2772	2022
5794	2773	2022
5796	2258	2022
5801	1844	2021
5802	3212	2021
5803	3213	2007
5804	3214	2007
5805	3215	2007
5806	3216	2007
5807	3217	2007
5808	3218	2007
5809	3219	2007
5810	3220	2007
5811	3221	2007
5812	3222	2007
5813	3223	2007
5814	3224	2007
5815	3225	2007
5816	3226	2007
5817	3227	2007
5818	3228	2007
5819	3229	2007
5820	3230	2007
5821	3231	2007
5822	3232	2007
5823	3233	2007
5824	3234	2007
5825	3235	2007
5826	3236	2007
5827	3237	2007
5828	3238	2007
5831	2774	2022
5832	3239	2022
5833	3240	2007
5834	3241	2007
5835	3242	2007
5836	3243	2007
5837	3244	2007
5838	3245	2007
5839	3246	2007
5840	3247	2007
5841	3248	2007
5842	3249	2007
5843	3250	2007
5844	3251	2007
5845	3252	2007
5846	3253	2007
5847	3254	2007
5848	3255	2007
5849	3256	2007
5850	3257	2007
5851	3258	2007
5852	3259	2007
5853	3260	2007
5854	3261	2007
5855	3262	2007
5856	3263	2007
5857	3264	2007
5858	3265	2007
5859	3266	2007
5860	3267	2007
5861	3268	2007
5862	3269	2007
5863	3270	2007
5864	3271	2007
5865	3272	2007
5866	3273	2007
5867	3274	2007
5868	3275	2007
5869	3276	2007
5870	3277	2007
5871	3278	2007
5872	3279	2007
5873	3280	2007
5874	3281	2007
5875	3282	2007
5876	3283	2007
5877	3284	2007
5878	3285	2007
5879	3286	2008
5880	3287	2008
5881	3288	2008
5882	3289	2008
5883	3290	2008
5885	3292	2008
5886	3293	2008
5887	3291	2008
5888	3294	2008
5889	3295	2008
5890	3296	2008
5891	3297	2008
5892	3298	2008
5893	3299	2008
5894	3300	2008
5895	3301	2008
5896	3302	2008
5897	3303	2008
5898	2775	2022
5899	3304	2008
5900	3305	2008
5901	3306	2008
5902	3307	2008
5903	3308	2008
5904	3309	2008
5905	3310	2008
5906	3311	2008
5907	3312	2008
5908	2779	2022
5909	2780	2022
5910	3313	2008
5911	3314	2008
5912	3315	2008
5913	3316	2008
5914	3317	2008
5915	2781	2022
5916	3318	2008
5917	3319	2022
5918	3320	2008
5919	3321	2022
5920	3322	2008
5921	3323	2008
5922	3324	2008
5923	3325	2008
5924	3326	2008
5925	3327	2008
5926	3328	2008
5927	3329	2008
5928	3330	2008
5929	3331	2008
5930	3332	2008
5931	3333	2008
5932	3334	2008
5933	3335	2008
5934	3336	2008
5935	3337	2008
5936	3338	2008
5937	3339	2008
5938	3340	2008
5939	3341	2008
5940	3342	2008
5941	3343	2008
5942	3344	2008
5943	3345	2008
5944	3346	2008
5945	3347	2008
5946	3348	2008
5947	3349	2008
5948	3350	2008
5949	3351	2008
5950	3352	2008
5951	3353	2008
5952	3354	2008
5953	3355	2008
5954	3356	2008
5955	3357	2008
5956	3358	2008
5957	3359	2008
5958	3360	2008
5959	3361	2008
5960	3362	2008
5961	3363	2008
5962	3364	2008
5963	3365	2008
5964	3366	2008
5965	3367	2008
5966	3368	2012
5977	3375	2012
5982	3380	2008
5983	3381	2008
5984	3382	2008
5985	3383	2008
5986	3384	2008
5988	3386	2008
5989	3387	2008
5990	3388	2008
5991	3389	2008
5992	3390	2008
5993	3391	2012
5994	3392	2008
5995	3393	2012
5996	3394	2008
5997	3395	2012
5998	3396	2008
5999	3397	2008
6002	3400	2008
6003	3401	2008
6004	3402	2008
6005	3403	2008
6006	3404	2008
6008	3406	2008
6013	3410	2008
6016	3412	2008
6017	3413	2008
6018	3414	2008
6019	3415	2008
6020	3416	2008
6022	3418	2008
6032	3427	2008
6033	3428	2008
6034	3429	2008
6035	3430	2008
6036	3431	2008
6049	3434	2008
6050	3435	2008
6052	3437	2008
6053	3438	2008
6054	3439	2008
6057	3442	2008
6060	3445	2008
6061	3446	2012
6064	3449	2008
6065	3450	2008
6066	3451	2008
6067	3452	2008
6068	3453	2008
6069	3454	2008
6070	3455	2008
6071	3456	2008
6072	3457	2008
6073	3458	2008
6074	3459	2008
6075	3460	2008
6082	3461	2008
6084	3023	2013
6085	3023	2012
6086	3463	2008
6087	3464	2008
6092	3024	2013
6093	3024	2012
6094	3025	2013
6095	3025	2012
6097	3026	2013
6098	3026	2012
6099	3055	2013
6100	3055	2012
6101	3056	2013
6102	3056	2012
6103	3058	2013
6104	3058	2012
6106	3467	2013
6107	3057	2013
6108	3057	2012
6109	3059	2013
6110	3059	2012
6111	3062	2013
6112	3062	2012
6113	3060	2013
6114	3060	2012
6115	3064	2013
6116	3064	2012
6117	3063	2013
6118	3063	2012
6119	3061	2013
6120	3061	2012
6121	3447	2013
6122	3447	2012
6123	3468	2008
6124	3469	2013
6125	3470	2008
6126	3471	2008
6127	3472	2008
6128	3473	2008
6129	3474	2013
6130	3065	2013
6131	3065	2012
6132	3066	2013
6133	3066	2012
6136	3068	2013
6137	3068	2012
6138	3069	2013
6139	3069	2012
6140	3070	2013
6141	3070	2012
6142	3071	2013
6143	3071	2012
6144	3475	2013
6145	3476	2008
6148	3075	2013
6149	3075	2012
6150	3477	2008
6151	3078	2013
6152	3078	2012
6155	3072	2013
6156	3072	2012
6157	3073	2013
6158	3073	2012
6159	3478	2008
6161	3479	2013
6162	3480	2008
6163	3076	2013
6164	3076	2012
6165	3481	2008
6166	3083	2013
6167	3083	2012
6170	3088	2012
6171	3482	2008
6172	3483	2008
6174	3485	2013
6175	3486	2008
6176	3089	2013
6177	3089	2012
6178	3487	2008
6179	3090	2013
6180	3090	2012
6183	3092	2013
6184	3092	2012
6185	3488	2008
6186	3091	2012
6188	3489	2013
6189	3490	2008
6190	3491	2008
6191	3492	2008
6192	3493	2008
6193	3494	2008
6194	3495	2008
6195	3496	2008
6196	3497	2008
6197	3498	2008
6198	3499	2008
6199	3500	2008
6200	3501	2008
6201	3502	2008
6202	3503	2008
6203	3504	2008
6204	3505	2008
6205	3506	2008
6206	3507	2008
6207	3508	2008
6208	3509	2008
6209	3510	2008
6210	3511	2008
6211	3512	2008
6212	3093	2013
6213	3093	2012
6214	3094	2013
6215	3094	2012
6216	3513	2008
6217	3514	2008
6218	3515	2008
6219	3516	2008
6220	3517	2008
6221	3369	2013
6222	3369	2012
6223	3518	2008
6224	3370	2013
6225	3370	2012
6226	3371	2013
6227	3371	2012
6228	3372	2013
6229	3372	2012
6230	3373	2013
6231	3373	2012
6234	3519	2008
6235	3520	2008
6236	3374	2012
6238	3522	2008
6239	3521	2013
6240	3523	2008
6257	3524	2008
6258	2414	2023
6259	2414	2022
6260	2414	2021
6261	2414	2020
6262	2414	2019
6263	2414	2018
6264	2414	2017
6265	2414	2016
6266	2414	2015
6267	2414	2014
6268	2414	2013
6269	2414	2012
6270	2414	2011
6271	2414	2010
6272	2414	2009
6273	2414	2008
6274	3377	2013
6275	3377	2012
6276	3378	2013
6277	3378	2012
6278	3376	2013
6279	3376	2012
6280	3379	2013
6281	3379	2012
6282	3420	2013
6283	3420	2012
6288	3399	2013
6289	3399	2012
6290	3525	2013
6291	3405	2013
6292	3405	2012
6293	3407	2013
6294	3407	2012
6295	3408	2013
6296	3408	2012
6297	3526	2013
6298	3527	2013
6299	3409	2013
6300	3409	2012
6301	3411	2013
6302	3411	2012
6303	3528	2013
6304	3417	2013
6305	3417	2012
6306	3419	2013
6307	3419	2012
6308	3421	2013
6309	3421	2012
6310	3422	2013
6311	3422	2012
6313	3529	2013
6314	3530	2013
6315	3448	2013
6316	3448	2012
6317	3423	2013
6318	3423	2012
6319	3424	2013
6320	3424	2012
6321	3425	2013
6322	3425	2012
6339	3426	2013
6340	3426	2012
6341	869	2015
6342	869	2014
6343	869	2013
6344	869	2012
6345	869	2011
6346	869	2010
6347	869	2009
6348	869	2008
6349	869	2007
6354	870	2014
6355	870	2013
6356	870	2012
6357	870	2011
6358	870	2010
6359	870	2009
6360	870	2008
6361	870	2007
6370	868	2014
6371	868	2013
6372	868	2012
6373	868	2011
6374	868	2010
6375	868	2009
6376	868	2008
6377	868	2007
6378	928	2013
6379	928	2012
6380	934	2016
6381	934	2015
6382	934	2014
6383	934	2013
6384	934	2012
6391	3433	2013
6392	3433	2012
6395	3531	2013
6396	21	2018
6397	21	2017
6398	21	2016
6399	21	2015
6400	21	2013
6401	21	2012
6402	3532	2008
6421	3534	2008
6423	9	2018
6424	9	2017
6425	9	2016
6426	9	2015
6427	9	2014
6428	9	2013
6429	9	2012
6430	9	2011
6431	9	2010
6432	3536	2008
6434	11	2018
6435	11	2016
6436	11	2015
6437	11	2014
6438	11	2013
6439	11	2012
6440	11	2011
6441	11	2010
6443	43	2016
6444	43	2015
6445	43	2014
6446	43	2013
6447	3441	2013
6448	3441	2012
6449	3539	2008
6453	3440	2013
6454	3440	2012
6455	3540	2008
6456	3436	2013
6457	3436	2012
6458	3443	2013
6459	3443	2012
6460	3444	2013
6461	3444	2012
6462	3541	2008
6463	3542	2008
6464	3543	2008
6465	3544	2008
6466	3545	2008
6469	3549	2008
6471	3551	2023
6472	3552	2008
6474	3554	2008
6475	3555	2008
6477	3557	2008
6478	3558	2008
6481	3561	2008
6482	3562	2008
6485	3565	2008
6488	3568	2008
6494	3572	2008
6495	3573	2008
6504	3582	2008
6505	3583	2008
6506	3584	2008
6507	3585	2008
6508	3586	2008
6509	3587	2008
6510	3588	2008
6511	3589	2008
6512	3590	2008
6513	3591	2008
6514	3592	2008
6515	3593	2008
6516	3594	2008
6517	3596	2008
6518	3597	2008
6519	3598	2008
6520	3599	2008
6521	3600	2008
6522	3601	2008
6523	3602	2008
6524	3603	2008
6525	3604	2008
6526	3605	2008
6528	3607	2008
6529	3606	2008
6530	3608	2008
6531	3609	2008
6533	3611	2008
6534	3612	2008
6535	3613	2008
6536	3614	2008
6537	3615	2008
6540	3618	2008
6543	3621	2008
6544	3622	2008
6545	3623	2008
6546	2778	2022
6547	3624	2008
6548	3625	2008
6549	3626	2008
6561	3638	2014
6562	3639	2014
6564	3641	2014
6565	3642	2014
6566	3640	2014
6567	3643	2014
6568	3644	2014
6569	3645	2014
6570	3646	2014
6571	3647	2014
6572	3648	2014
6573	3649	2014
6574	3650	2014
6575	3651	2014
6576	3652	2014
6577	3653	2014
6578	3654	2014
6579	3655	2014
6580	3656	2014
6581	3657	2014
6582	3658	2014
6584	3660	2014
6585	3661	2014
6586	3662	2014
6587	3663	2014
6588	3664	2014
6589	3665	2014
6590	3666	2014
6591	3667	2014
6592	3668	2014
6593	3669	2014
6594	3670	2014
6595	3671	2014
6596	3672	2014
6597	3673	2014
6598	3674	2014
6599	3675	2014
6600	3676	2014
6601	3677	2014
6602	3678	2014
6603	3679	2014
6604	3680	2014
6605	3681	2014
6606	3682	2014
6607	3683	2014
6608	3684	2014
6609	3685	2014
6610	3686	2014
6611	3687	2014
6612	3688	2014
6614	3689	2014
6615	3690	2014
6616	3691	2014
6617	3692	2014
6618	3693	2014
6619	3694	2014
6620	3695	2014
6621	3696	2014
6622	3697	2014
6626	3700	2014
6628	3701	2014
6630	3703	2014
6631	3704	2014
6632	3705	2014
6635	3708	2014
6636	3709	2014
6637	3710	2014
6638	3711	2014
6641	3713	2014
6647	3717	2014
6649	3720	2014
6650	3721	2014
6651	3722	2014
6659	3730	2014
6660	3731	2014
6662	3733	2014
6663	3734	2014
6665	3736	2014
6668	3739	2014
6669	3740	2014
6670	3741	2014
6671	3742	2014
6673	3743	2014
6676	3746	2014
6677	3747	2014
6679	3749	2014
6682	3752	2014
6683	3753	2014
6685	3755	2014
6688	3758	2014
6690	3760	2014
6693	3763	2014
6694	3764	2014
6695	3765	2014
6696	3766	2014
6697	3767	2014
6698	3768	2014
6699	3769	2014
6700	3770	2014
6702	3772	2014
6704	3774	2014
6705	3775	2014
6708	3778	2014
6709	3779	2014
6710	3780	2014
6712	3782	2014
6713	3783	2014
6716	3786	2014
6721	3791	2014
6727	3797	2014
6728	3798	2014
6729	3799	2014
6730	3800	2014
6731	3801	2014
6732	3802	2014
6733	3803	2014
6734	3804	2014
6735	3805	2014
6736	3806	2014
6737	3807	2014
6738	3808	2014
6739	3809	2014
6740	3810	2014
6741	3811	2014
6742	3812	2014
6743	3813	2014
6744	3814	2014
6745	3815	2014
6747	3817	2014
6749	3819	2014
6751	3821	2014
6754	3824	2014
6756	3826	2014
6758	3828	2014
6759	3829	2014
6761	3831	2014
6763	3833	2014
6764	3834	2014
6768	3838	2014
6769	3839	2014
6770	3840	2014
6771	3841	2014
6773	3843	2014
6775	3845	2014
6776	3846	2014
6777	3847	2014
6778	3848	2014
6779	3849	2014
6780	3850	2014
6781	3851	2014
6782	3852	2014
6783	3853	2014
6784	3854	2014
6785	3855	2014
6786	3856	2014
6787	3857	2014
6788	3858	2014
6789	3859	2014
6790	3860	2014
6791	3861	2014
6792	3862	2014
6793	3863	2014
6794	3864	2014
6795	3865	2014
6796	3866	2014
6797	3867	2014
6798	3868	2014
6799	3869	2014
6803	3873	2014
6805	3875	2014
6809	3879	2014
6812	3882	2014
6820	3889	2014
6823	3892	2014
6824	3893	2014
6827	3896	2023
6828	3897	2014
6831	3900	2023
6832	3901	2023
6833	3902	2023
6834	3903	2023
6835	3904	2023
6837	3906	2014
6844	3913	2023
6845	3914	2014
6851	3919	2014
6852	3920	2014
6861	3928	2014
6866	3933	2014
6867	3934	2014
6869	3936	2014
6870	3937	2014
6871	3938	2014
6872	3939	2014
6873	3940	2014
6874	3941	2014
6875	3942	2014
6876	3943	2014
6877	3944	2014
6878	3945	2014
6879	3946	2014
6880	3947	2014
6881	3948	2014
6882	3949	2014
6883	3950	2014
6884	3951	2014
6885	3952	2014
6886	3953	2014
6887	3954	2014
6888	3955	2014
6889	3956	2014
6890	3957	2014
6891	3958	2014
6892	3959	2014
6893	3960	2014
6894	3961	2014
6895	3962	2014
6896	3963	2014
6897	3964	2014
6898	3965	2014
6899	3966	2014
6900	3967	2014
6901	3968	2014
6902	3969	2014
6903	3970	2015
6904	3971	2015
6905	3972	2015
6906	3973	2015
6907	3974	2015
6908	3975	2015
6909	3976	2015
6910	3977	2015
6911	3978	2015
6912	3979	2015
6913	3980	2015
6914	3981	2015
6915	3982	2015
6916	3983	2015
6917	3984	2015
6918	3985	2015
6919	3986	2015
6920	3987	2015
6921	3988	2015
6922	3989	2015
6923	3990	2015
6924	3991	2015
6925	3992	2015
6926	3993	2015
6927	3994	2015
6928	3995	2015
6929	3996	2015
6931	3998	2015
6932	3999	2015
6933	4000	2015
6934	4001	2015
6935	4002	2015
6936	4003	2015
6937	4004	2015
6938	4005	2015
6939	4006	2015
6940	4007	2015
6941	4008	2015
6942	4009	2015
6943	4010	2015
6945	4011	2015
6946	4012	2015
6952	4018	2015
6953	4019	2015
6954	4020	2015
6955	4021	2015
6997	4057	2015
6999	4059	2015
7000	4060	2015
7004	4064	2015
7009	4068	2015
7011	4070	2015
7012	4071	2015
7013	4072	2015
7014	4073	2023
7015	4074	2023
7016	4075	2015
7017	4076	2015
7018	4077	2023
7019	4078	2023
7020	4079	2015
7024	4082	2015
7027	4085	2015
7028	4086	2015
7029	4087	2015
7030	4088	2015
7031	4089	2015
7032	4090	2015
7033	4091	2015
7034	4092	2015
7035	4093	2015
7036	4094	2015
7037	4095	2015
7038	4096	2015
7039	4097	2015
7040	4098	2015
7049	2481	2021
7050	2481	2020
7051	2483	2020
7052	2484	2020
7053	2485	2020
7054	2482	2020
7093	4143	2023
7108	4157	2015
7109	4158	2015
7110	4159	2015
7111	4160	2015
7112	4161	2015
7113	4162	2015
7114	4163	2015
7115	4164	2015
7116	4165	2015
7117	4166	2015
7118	1007	2017
7119	1007	2016
7120	1008	2017
7121	1008	2016
7122	1008	2015
7123	4167	2015
7124	1009	2017
7125	1009	2016
7126	4168	2015
7127	4169	2015
7128	4170	2015
7129	4171	2015
7130	4172	2015
7132	4174	2015
7133	4175	2015
7134	4176	2015
7135	4177	2015
7136	4178	2015
7137	4179	2015
7138	4180	2015
7139	4181	2015
7140	4182	2015
7141	4183	2015
7142	4184	2015
7143	4185	2015
7144	4186	2015
7145	4187	2015
7146	4188	2015
7147	4189	2015
7148	4190	2015
7149	4191	2015
7150	4192	2015
7151	4193	2015
7152	4194	2015
7153	4195	2015
7155	4197	2015
7156	4198	2015
7157	4199	2015
7158	4200	2015
7159	4201	2015
7160	4202	2015
7161	4203	2015
7162	4204	2015
7163	4205	2015
7164	4206	2015
7165	4207	2015
7166	4208	2015
7167	4209	2015
7168	4210	2015
7169	4211	2015
7170	4212	2015
7171	4213	2015
7172	4214	2015
7173	4215	2015
7174	4216	2015
7175	4217	2015
7176	4218	2015
7177	4219	2015
7178	4220	2015
7179	4221	2015
7180	4222	2015
7181	4223	2015
7182	4224	2015
7183	4225	2015
7184	4226	2015
7185	4227	2015
7186	4228	2015
7187	4229	2015
7188	4230	2015
7189	4231	2015
7190	4232	2015
7191	4233	2015
7192	4234	2015
7193	4235	2015
7194	4236	2015
7195	4237	2015
7196	4238	2015
7197	4239	2015
7198	4240	2015
7199	4241	2015
7200	4242	2015
7201	4243	2015
7202	4244	2015
7203	4245	2015
7204	4246	2015
7206	4248	2015
7207	4249	2015
7208	4250	2015
7209	4251	2015
7210	4252	2015
7211	4253	2015
7212	4254	2015
7213	4255	2015
7214	4256	2015
7215	4257	2015
7216	4258	2015
7217	4259	2015
7218	4260	2015
7219	4261	2015
7220	4262	2015
7221	4263	2015
7222	4264	2015
7223	4265	2015
7224	4266	2015
7225	4267	2015
7226	4268	2015
7227	4269	2015
7228	4270	2015
7229	4271	2015
7230	4272	2015
7231	4273	2015
7232	4274	2015
7233	4275	2015
7234	4276	2015
7235	4277	2015
7236	4278	2015
7237	4279	2015
7238	4280	2015
7239	4281	2015
7240	4282	2015
7241	4283	2015
7242	4284	2015
7243	4285	2015
7244	4286	2015
7245	4287	2015
7246	4288	2015
7247	4289	2015
7248	4290	2015
7249	4291	2015
7250	4292	2015
7251	4293	2015
7252	4294	2015
7253	4295	2015
7254	4296	2015
7255	4297	2015
7256	4298	2015
7257	4299	2015
7258	4300	2015
7259	4301	2015
7260	4302	2015
7261	4303	2015
7262	4304	2015
7263	4305	2015
7264	4306	2015
7265	4307	2015
7266	4308	2015
7267	4309	2015
7268	4310	2015
7273	4312	2010
7274	4313	2010
7275	4313	2009
7276	4314	2010
7277	4314	2009
7280	4316	2010
7281	4316	2009
7282	4317	2010
7283	4317	2009
7286	4318	2009
7287	4319	2010
7288	4319	2009
7289	4320	2010
7290	4320	2009
7291	4321	2010
7292	4321	2009
7293	4322	2010
7294	4322	2009
7295	4323	2010
7296	4323	2009
7297	4324	2010
7298	4324	2009
7299	4325	2010
7300	4325	2009
7303	4326	2010
7304	4326	2009
7305	4327	2009
7306	4328	2010
7307	4328	2009
7308	4329	2009
7309	4330	2010
7310	4331	2010
7311	4331	2009
7312	4332	2010
7313	4332	2009
7314	4333	2010
7315	4333	2009
7316	4334	2010
7317	4334	2009
7318	4335	2010
7319	4335	2009
7322	4336	2009
7323	4337	2010
7324	4337	2009
7325	4338	2009
7326	4339	2009
7327	4340	2009
7328	1018	2010
7329	1018	2009
7330	4341	2010
7331	4341	2009
7332	4342	2010
7333	4342	2009
7334	4343	2010
7335	4344	2010
7336	4344	2009
7337	4345	2010
7338	4345	2009
7339	4346	2010
7340	4346	2009
7341	4347	2010
7342	4347	2009
7343	4348	2010
7344	4348	2009
7345	4349	2010
7346	4349	2009
7347	4350	2010
7348	4350	2009
7349	4351	2010
7350	4352	2010
7351	4352	2009
7352	4353	2010
7353	4353	2009
7354	4354	2010
7355	4354	2009
7356	4355	2010
7357	4355	2009
7358	4356	2010
7359	4356	2009
7362	4358	2010
7363	4358	2009
7364	4357	2010
7365	4357	2009
7366	4359	2010
7367	4359	2009
7368	4360	2010
7369	4360	2009
7370	4361	2010
7371	4361	2009
7372	4362	2010
7373	4362	2009
7374	4363	2010
7375	4363	2009
7376	4364	2010
7377	4364	2009
7378	4365	2010
7379	4365	2009
7380	4366	2010
7381	4366	2009
7382	4367	2010
7383	4367	2009
7384	4368	2010
7385	4368	2009
7386	4369	2009
7387	4370	2010
7388	4370	2009
7389	4371	2009
7390	4372	2010
7391	4372	2009
7392	4373	2009
7393	4374	2010
7394	4375	2010
7395	4375	2009
7396	4376	2010
7397	4376	2009
7398	4377	2010
7399	4378	2010
7400	4378	2009
7401	4379	2010
7402	4379	2009
7403	4380	2010
7404	4380	2009
7405	4381	2010
7406	4381	2009
7407	4382	2010
7408	4383	2010
7409	4383	2009
7410	4384	2010
7411	4384	2009
7412	4385	2010
7413	4385	2009
7414	4386	2010
7415	4386	2009
7416	4387	2010
7417	4387	2009
7418	4388	2010
7419	4388	2009
7420	4389	2010
7421	4390	2010
7422	4390	2009
7423	4391	2010
7424	4391	2009
7425	4392	2010
7426	4392	2009
7427	4393	2010
7428	4393	2009
7429	4394	2010
7430	4394	2009
7431	4395	2010
7432	4396	2010
7433	4396	2009
7434	4397	2010
7435	4397	2009
7436	4398	2010
7437	4398	2009
7438	4399	2010
7439	4399	2009
7440	4400	2010
7441	4400	2009
7442	4401	2010
7443	4401	2009
7444	4402	2010
7445	4402	2009
7446	4403	2010
7447	4403	2009
7448	4404	2010
7449	4404	2009
7450	4405	2010
7451	4405	2009
7452	4406	2010
7453	4407	2010
7454	4407	2009
7455	4408	2010
7456	4408	2009
7457	4409	2010
7458	4409	2009
7459	4410	2010
7460	4410	2009
7461	4411	2010
7462	4411	2009
7463	956	2016
7464	3067	2013
7465	3067	2012
7466	2777	2022
7468	4412	2010
7469	4412	2009
7470	4413	2010
7471	4413	2009
7472	4414	2010
7473	4414	2009
7474	4415	2010
7475	4415	2009
7476	4416	2010
7477	4416	2009
7478	4417	2010
7479	4417	2009
7480	4418	2010
7481	4418	2009
7482	4419	2010
7483	4419	2009
7484	4420	2010
7485	4420	2009
7486	4421	2010
7487	4421	2009
7488	4422	2010
7489	4422	2009
7490	4423	2010
7491	4423	2009
7492	4424	2010
7493	4424	2009
7494	4425	2010
7495	4425	2009
7496	4426	2010
7497	4426	2009
7498	4427	2010
7499	4427	2009
7500	4428	2010
7501	4428	2009
7502	4429	2010
7503	4429	2009
7504	4430	2010
7505	4430	2009
7506	4431	2010
7507	4432	2010
7508	4432	2009
7509	4433	2010
7510	4433	2009
7511	4434	2010
7512	4434	2009
7513	4435	2010
7514	4435	2009
7515	4436	2010
7516	4436	2009
7517	4437	2010
7518	4437	2009
7519	4438	2010
7520	4438	2009
7521	4439	2010
7522	4439	2009
7523	4440	2010
7524	4440	2009
7525	4441	2010
7526	4441	2009
7527	4442	2010
7528	4442	2009
7529	4443	2010
7530	4443	2009
7531	4444	2010
7532	4444	2009
7533	4445	2010
7534	4445	2009
7535	4446	2010
7536	4446	2009
7537	4447	2010
7538	4447	2009
7539	4448	2010
7540	4448	2009
7541	4449	2010
7542	4449	2009
7543	4450	2010
7544	4450	2009
7545	4451	2010
7546	4451	2009
7547	4452	2010
7548	4452	2009
7549	4453	2009
7550	4454	2009
7551	4455	2009
7552	4456	2010
7553	4456	2009
7554	4457	2010
7555	4457	2009
7556	4458	2010
7557	4458	2009
7558	4459	2010
7559	4459	2009
7560	4460	2010
7561	4460	2009
7562	4461	2010
7563	4461	2009
7564	4462	2010
7565	4462	2009
7566	4463	2010
7567	4463	2009
7570	4464	2010
7571	4465	2010
7572	4465	2009
7573	4466	2010
7574	4466	2009
7575	4467	2010
7576	4467	2009
7577	4468	2010
7578	4468	2009
7579	4469	2010
7580	4469	2009
7581	4470	2010
7582	4471	2010
7583	4471	2009
7584	4472	2010
7585	4472	2009
7586	4473	2010
7587	4473	2009
7588	4474	2010
7589	4474	2009
7590	4475	2010
7591	4475	2009
7592	4476	2010
7593	4476	2009
7594	4477	2010
7595	4477	2009
7596	4478	2010
7597	4478	2009
7598	4479	2010
7599	4479	2009
7600	4480	2009
7601	4481	2010
7602	4481	2009
7603	4482	2010
7604	4482	2009
7605	4483	2010
7606	4484	2010
7607	4485	2010
7608	4486	2010
7609	4486	2009
7610	4487	2010
7611	4487	2009
7612	4488	2010
7613	4488	2009
7614	4489	2010
7615	4490	2010
7616	4490	2009
7617	4491	2010
7618	4491	2009
7619	4492	2010
7620	4492	2009
7621	4493	2010
7622	4493	2009
7623	4494	2010
7624	4494	2009
7625	4495	2010
7626	4495	2009
7627	4496	2010
7628	4496	2009
7629	4497	2010
7630	4497	2009
7631	4498	2010
7632	4498	2009
7633	4499	2010
7634	4499	2009
7635	4500	2010
7636	4500	2009
7637	4501	2010
7638	4501	2009
7639	4502	2010
7640	4502	2009
7641	4503	2010
7642	4503	2009
7643	4504	2010
7644	4504	2009
7645	4505	2010
7646	4505	2009
7647	4506	2010
7648	4506	2009
7649	4507	2010
7650	4507	2009
7651	4508	2010
7652	4508	2009
7653	4509	2010
7654	4509	2009
7655	4510	2010
7656	4510	2009
7657	4511	2010
7658	4511	2009
7659	4512	2010
7660	4512	2009
7661	4513	2010
7662	4513	2009
7665	4515	2010
7666	4515	2009
7667	4514	2009
7668	4516	2010
7669	4516	2009
7670	4517	2010
7671	4517	2009
7672	4518	2010
7673	4518	2009
7674	4519	2010
7675	4519	2009
7676	4520	2010
7677	4520	2009
7678	4521	2010
7679	4521	2009
7680	4522	2010
7681	4522	2009
7682	4523	2009
7683	4524	2010
7684	4524	2009
7685	4525	2010
7686	4525	2009
7687	4526	2010
7688	4526	2009
7689	4527	2010
7690	4527	2009
7691	4528	2010
7692	4528	2009
7693	4529	2010
7694	4529	2009
7695	4530	2010
7696	4530	2009
7697	4531	2010
7698	4531	2009
7699	4532	2010
7700	4532	2009
7701	4533	2010
7702	4533	2009
7703	4534	2009
7704	4535	2010
7705	4535	2009
7706	4536	2010
7707	4536	2009
7708	4537	2010
7709	4537	2009
7710	4538	2010
7711	4538	2009
7712	4539	2009
7713	4540	2010
7714	4540	2009
7715	4541	2010
7716	4541	2009
7719	4543	2010
7720	4543	2009
7721	4542	2009
7722	4544	2010
7723	4544	2009
7724	4545	2010
7725	4545	2009
7726	4546	2010
7727	4546	2009
7728	4547	2010
7729	4547	2009
7730	4548	2010
7731	4548	2009
7732	4549	2010
7733	4549	2009
7734	4550	2010
7735	4550	2009
7736	4551	2010
7737	4551	2009
7738	4552	2010
7739	4552	2009
7740	4553	2010
7741	4553	2009
7742	4554	2010
7743	4554	2009
7744	4555	2009
7745	4556	2010
7746	4556	2009
7747	4557	2010
7748	4557	2009
7749	4558	2010
7750	4558	2009
7751	4559	2010
7752	4559	2009
7753	4560	2010
7754	4560	2009
7755	4561	2010
7756	4561	2009
7757	4562	2010
7758	4562	2009
7759	4563	2010
7760	4563	2009
7761	4564	2010
7762	4564	2009
7763	4565	2009
7764	4566	2010
7765	4566	2009
7766	4567	2010
7767	4567	2009
7768	4568	2010
7769	4568	2009
7770	4569	2010
7771	4569	2009
7772	4570	2009
7773	4571	2010
7774	4571	2009
7775	4572	2010
7776	4572	2009
7777	4573	2010
7778	4573	2009
7779	4574	2010
7780	4574	2009
7781	4575	2010
7782	4575	2009
7783	4576	2010
7784	4576	2009
7785	4577	2010
7786	4577	2009
7787	4578	2010
7788	4578	2009
7789	4579	2010
7790	4579	2009
7791	4580	2010
7792	4580	2009
7793	4581	2010
7794	4581	2009
7795	4582	2010
7796	4582	2009
7802	4067	2023
7803	4069	2023
7804	4152	2023
7806	4154	2023
7808	3898	2023
7809	3899	2023
7810	4583	2023
7811	4584	2023
7812	4585	2023
7813	3905	2023
7814	4586	2023
7815	4013	2023
7817	3907	2023
7818	3908	2023
7820	3910	2023
7821	3911	2023
7822	3912	2023
7823	3915	2023
7824	3916	2023
7825	3932	2023
7826	3921	2023
7827	3922	2023
7828	3923	2023
7829	3924	2023
7830	3925	2023
7831	3926	2023
7832	3927	2023
7833	3930	2023
7834	3929	2023
7835	3931	2023
7836	4156	2023
7837	3918	2023
7838	4015	2023
7839	4134	2023
7840	4132	2023
7841	4133	2023
7842	4126	2023
7843	4127	2023
7845	4131	2023
7847	4590	2023
7848	4129	2023
7849	4128	2023
7850	4130	2023
7851	4043	2023
7852	4044	2023
7853	4046	2023
7854	4045	2023
7855	4047	2023
7856	4592	2023
7857	4141	2023
7860	4066	2023
7861	2791	2023
7862	4593	2023
7864	4594	2023
7865	4595	2022
7866	2790	2023
7868	2793	2023
7869	3567	2023
7870	3564	2023
7871	2792	2023
7872	3559	2023
7873	3566	2023
7875	2794	2023
7876	3637	2023
7877	3636	2023
7878	3632	2023
7879	3633	2023
7880	3634	2023
7881	3635	2023
7882	3630	2023
7884	3627	2023
7885	3629	2023
7886	3628	2023
7887	2800	2023
7888	2798	2023
7889	2796	2023
7890	3547	2023
7891	3546	2023
7892	3553	2023
7893	3550	2023
7894	3556	2023
7895	2801	2023
7896	2802	2023
7897	2799	2023
7899	3776	2023
7900	4596	2023
7903	3777	2023
7904	3773	2023
7905	4597	2023
7906	3751	2023
7907	3756	2023
7908	3750	2023
7909	3748	2023
7910	3754	2023
7911	2787	2023
7912	2788	2023
7913	2786	2023
7914	2789	2023
7915	2785	2023
7916	2784	2023
7917	4149	2023
7918	3890	2023
7919	4144	2023
7923	4148	2023
7924	4147	2023
7925	4146	2023
7927	4150	2023
7928	4151	2023
7931	3891	2023
7933	3888	2023
7934	3619	2023
7935	3617	2023
7936	3569	2023
7938	3570	2023
7939	4598	2023
7940	4054	2023
7941	3616	2023
7942	3771	2023
7943	4053	2023
7944	3759	2023
7945	3761	2023
7946	3757	2023
7947	4051	2023
7948	4049	2023
7949	3762	2023
7950	4048	2023
7951	4055	2023
7952	4056	2023
7953	4052	2023
7954	2820	2023
7955	3579	2023
7956	3578	2023
7957	3577	2023
7958	3580	2023
7959	3576	2023
7960	3575	2023
7961	3571	2023
7962	3574	2023
7963	4120	2023
7964	4113	2023
7965	4117	2023
7966	4115	2023
7967	4119	2023
7968	4121	2023
7969	4122	2023
7970	4114	2023
7971	4116	2023
7972	4118	2023
7973	4124	2023
7974	4125	2023
7975	4599	2023
7976	4123	2023
7977	3827	2023
7978	3823	2023
7979	3825	2023
7980	3830	2023
7981	3822	2023
7982	4109	2023
7983	4110	2023
7984	4111	2023
7985	4112	2023
7986	4039	2023
7987	4037	2023
7988	4038	2023
7989	4036	2023
7994	3727	2023
7995	3728	2023
7996	2807	2023
7997	3874	2023
7998	3729	2023
8000	3726	2023
8001	3877	2023
8002	3876	2023
8003	3872	2023
8004	3884	2023
8005	3735	2023
8006	3883	2023
8007	3881	2023
8008	3880	2023
8010	3732	2023
8011	4062	2023
8012	4063	2023
8013	4065	2023
8014	4600	2023
8015	4061	2023
8016	4058	2023
8017	4601	2023
8018	4042	2023
8019	4040	2023
8020	4041	2023
8021	4017	2023
8022	4602	2023
8023	2821	2023
8024	4603	2023
8025	4604	2023
8026	3718	2023
8027	4605	2023
8028	3719	2023
8029	4606	2023
8030	3581	2023
8031	3725	2023
8032	3698	2023
8033	4607	2023
8034	4608	2023
8035	4609	2023
8036	4610	2023
8037	4611	2023
8038	3699	2023
8039	4612	2023
8040	3702	2023
8041	3706	2023
8042	3707	2023
8043	3712	2023
8044	4613	2023
8045	4614	2023
8046	4615	2023
8047	4616	2023
8048	4617	2023
8049	4618	2023
8050	4619	2023
8051	3714	2023
8052	3715	2023
8053	3716	2023
8054	3723	2023
8055	3724	2023
8056	3832	2023
8057	3835	2023
8058	3836	2023
8059	3870	2023
8060	3844	2023
8061	3871	2023
8062	3837	2023
8063	3842	2023
8064	4136	2023
8065	4135	2023
8066	4137	2023
8067	4139	2023
8068	4620	2023
8069	4140	2023
8070	4621	2023
8072	4623	2023
8073	4138	2023
8074	4624	2023
8075	3781	2023
8076	4625	2023
8077	4626	2023
8078	4627	2023
8079	3784	2023
8080	4022	2023
8082	4024	2023
8083	3818	2023
8084	4025	2023
8085	3788	2023
8086	4026	2023
8087	3816	2023
8089	4028	2023
8090	4029	2023
8091	4030	2023
8092	3787	2023
8093	3792	2023
8094	4031	2023
8095	4035	2023
8096	4034	2023
8097	4032	2023
8098	4033	2023
8099	4016	2023
8100	3793	2023
8101	3785	2023
8102	3820	2023
8103	3789	2023
8104	3790	2023
8105	3795	2023
8106	3796	2023
8107	4628	2023
8109	4630	2023
8111	4632	2023
8113	4634	2023
8115	4636	2023
8116	4637	2023
8119	4640	2023
8130	4644	2023
8131	4080	2023
8132	4083	2023
8133	4084	2023
8135	4099	2023
8136	4645	2023
8137	4100	2023
8138	4104	2023
8139	4103	2023
8140	4081	2023
8141	4108	2023
8143	4106	2023
8144	4105	2023
8145	4646	2023
8146	4101	2023
8147	4102	2023
8187	4682	2024
8226	4720	2024
8228	4722	2024
8230	4724	2024
8333	4823	2024
8380	4869	2024
8410	4899	2024
8424	4783	2024
8426	4913	2024
8430	4914	2024
8431	4642	2024
8432	4916	2024
8433	4917	2024
8434	4792	2024
8435	4791	2024
8437	4918	2024
8439	4920	2024
8440	4921	2024
8441	4781	2024
8442	4782	2024
8443	4793	2024
8445	4919	2024
8446	4922	2024
8447	4806	2024
8448	4801	2024
8449	4799	2024
8450	4800	2024
8451	4802	2024
8452	4804	2024
8453	4805	2024
8456	4837	2024
8457	4836	2024
8458	4854	2024
8459	4831	2024
8460	4832	2024
8461	4838	2024
8463	4923	2024
8465	4679	2024
8466	4680	2024
8467	4681	2024
8468	4925	2024
8469	4926	2024
8626	3794	2023
8795	4929	2022
8796	4929	2021
8797	4929	2020
8798	4929	2019
8799	4929	2018
8800	4929	2017
8801	4929	2016
8802	4929	2015
8803	4929	2014
8804	4929	2013
8805	4929	2012
8806	4929	2011
8807	4929	2010
8808	4929	2009
8809	4929	2008
8810	4929	2007
8811	4929	2006
8812	4929	2005
8813	4929	2004
8814	4929	2003
8815	4929	2002
8816	4929	2001
8817	4929	2000
8818	4929	1999
8819	4929	1998
8820	4929	1997
8821	4929	1996
8822	4929	1995
8823	4929	1994
8824	4929	1993
8825	4929	1992
8826	4929	1991
8827	4929	1990
8828	4929	1989
8829	4929	1988
8830	4929	1987
8831	4929	1986
8832	4929	1985
8833	4929	1984
8834	4929	1983
8835	4929	1982
8836	4929	1981
8965	4933	2022
8966	4933	2021
8967	4933	2020
8968	4933	2019
8969	4933	2014
8970	4933	2013
8971	4933	2012
8972	4933	2011
8973	4933	2010
8974	4933	2006
8975	4933	2005
8976	4933	2004
8977	4933	2003
8978	4933	2002
8979	4933	2001
8980	4933	2000
8981	4934	2001
8982	4934	2000
8983	4934	1999
8984	4934	1998
8985	4934	1997
8986	4934	1996
8987	4934	1995
8988	4934	1994
8989	4934	1993
8990	4934	1992
8991	4934	1991
8992	4934	1990
8993	4934	1989
8994	4934	1988
8995	4934	1987
8996	4934	1986
8997	4934	1985
8998	4934	1984
8999	4934	1983
9000	4934	1982
9001	4934	1981
9002	4935	1997
9003	4935	1996
9004	4935	1995
9005	4935	1994
9006	4833	2024
9007	4839	2024
9008	4842	2024
9009	4846	2024
9093	4937	2009
9094	4937	2008
9095	4937	2007
9096	4937	2006
9097	4937	2005
9098	4937	2004
9099	4937	2003
9100	4937	2002
9101	4937	2001
9102	4937	2000
9103	4937	1999
9147	4939	2013
9148	4939	2012
9149	4939	2011
9150	4939	2010
9151	4939	2009
9152	4939	2008
9153	4939	2007
9154	4939	2006
9155	4939	2005
9156	4939	2004
9157	4939	2003
9158	4940	2019
9159	4940	2018
9160	4940	2017
9185	4936	2024
9186	4936	2023
9187	4936	2022
9188	4936	2021
9189	4936	2020
9190	4936	2019
9191	4936	2018
9192	4936	2017
9193	4936	2016
9194	4936	2015
9195	4936	2014
9196	4936	2013
9197	4936	2012
9198	4936	2011
9199	4936	2010
9200	4936	2009
9201	4936	2008
9202	4936	2007
9203	4936	2006
9204	4936	2005
9205	4936	2004
9206	4936	2003
9207	4936	2002
9208	4936	2001
9209	4936	2000
9210	4936	1999
9211	4936	1998
9212	4936	1997
9213	4936	1996
9214	4936	1995
9215	4936	1994
9216	4936	1993
9217	4936	1992
9218	4936	1991
9219	4936	1990
9220	4936	1989
9221	4936	1988
9222	4936	1987
9223	4936	1986
9224	4936	1985
9225	4936	1984
9226	4936	1983
9227	4844	2024
9228	4834	2024
9229	4840	2024
9230	4942	2020
9231	4942	2019
9232	4942	2018
9233	4942	2017
9234	4942	2016
9235	4942	2015
9236	4942	2014
9237	4942	2013
9238	4942	2012
9251	4945	2017
9252	4945	2016
9253	4945	2015
9254	4945	2014
9255	4945	2013
9256	4945	2012
9317	4948	2006
9318	4948	2005
9319	4948	2004
9320	4948	2003
9321	4948	2002
9322	4948	2001
9323	4948	2000
9324	4948	1999
9325	4948	1998
9326	4948	1997
9327	4948	1996
9328	4948	1995
9329	4948	1994
9330	4948	1993
9331	4948	1992
9332	4948	1991
9333	4948	1990
9334	4948	1989
9335	4948	1988
9336	4948	1987
9337	4948	1986
9338	4948	1985
9339	4948	1984
9340	4948	1983
9341	4948	1982
9342	4948	1981
9343	4949	2005
9344	4949	2004
9345	4949	2003
9346	4949	2002
9347	4949	2001
9348	4949	2000
9349	4950	2016
9350	4950	2015
9351	4950	2014
9352	4950	2013
9353	4951	2016
9354	4952	2016
9355	4953	2015
9356	4953	2014
9357	4953	2013
9358	4953	2012
9359	4953	2011
9360	4954	2016
9361	4954	2015
9362	4954	2014
9363	4954	2013
9364	4954	2012
9365	4954	2011
9366	4954	2010
9367	4954	2009
9368	4954	2008
9369	4954	2007
9370	4954	2006
9371	4954	2005
9376	4955	2006
9377	4955	2005
9378	4955	2004
9387	4956	2014
9388	4956	2013
9389	4956	2012
9390	4956	2011
9391	4956	2010
9392	4956	2009
9393	4956	2008
9457	4958	1999
9458	4958	1998
9459	4958	1997
9460	4958	1996
9461	4958	1995
9462	4958	1994
9463	4958	1993
9464	4958	1992
9465	4958	1991
9466	4958	1990
9467	4958	1989
9468	4958	1988
9469	4958	1987
9470	4958	1986
9471	4958	1985
9472	4958	1984
9473	4958	1983
9474	4958	1982
9475	4958	1981
9490	4960	2019
9491	4960	2018
9492	4960	2017
9601	4968	1997
9602	4968	1996
9603	4968	1995
9604	4968	1994
9607	4696	2024
9608	4698	2024
9610	4699	2024
9612	4693	2024
9613	4704	2024
9614	4703	2024
9615	4692	2024
9616	4701	2024
9625	4969	2024
9626	4970	2020
9627	4970	2019
9628	4970	2018
9629	4970	2017
9630	4970	2016
9631	4970	2015
9632	4970	2014
9633	4970	2013
9634	4970	2012
9635	4970	2011
9636	4970	2010
9637	4970	2009
9638	4970	2008
9639	4970	2007
9640	4970	2006
9642	4971	2018
9643	4971	2017
9644	4971	2016
9645	4971	2015
9646	4971	2014
9647	4971	2013
9682	4973	2020
9683	4973	2019
9684	4973	2018
9685	4973	2017
9686	4973	2016
9687	4973	2015
9688	4973	2014
9689	4974	1998
9690	4974	1997
9691	4974	1996
9692	4974	1995
9693	4974	1994
9694	4974	1993
9695	4974	1992
9696	4974	1991
9697	4974	1990
9698	4974	1989
9699	4974	1988
9700	4974	1987
9701	4974	1986
9702	4974	1985
9703	4974	1984
9704	4974	1983
9705	4974	1982
9706	4974	1981
9707	4975	2001
9708	4975	2000
9709	4975	1999
9710	4975	1998
9711	4975	1997
9712	4975	1996
9713	4975	1995
9714	4975	1994
9715	4975	1993
9716	4975	1992
9717	4975	1991
9718	4975	1990
9719	4975	1989
9720	4976	1996
9721	4976	1995
9722	4976	1994
9723	4976	1993
9724	4976	1992
9725	4976	1991
9726	4976	1990
9727	4976	1989
9728	4976	1988
9729	4976	1987
9730	4976	1986
9731	4976	1985
9732	4976	1984
9733	4976	1983
9734	4977	2009
9735	4977	2008
9736	4977	2007
9737	4977	2006
9738	4977	2005
9739	4977	2004
9740	4977	2003
9786	4982	2022
9787	4982	2021
9788	4982	2020
9789	4982	2019
9790	4982	2018
9791	4982	2017
9792	4982	2016
9793	4982	2015
9794	4982	2014
9795	4982	2013
9796	4982	2012
9797	4982	2011
9798	4982	2010
9799	4982	2009
9800	4982	2008
9801	4982	2007
9802	4982	2006
9803	4982	2005
9804	4982	2004
9805	4982	2003
9806	4982	2002
9807	4982	2001
9808	4982	2000
9809	4982	1999
9810	4982	1998
9811	4982	1997
9812	4982	1996
9813	4982	1995
9814	4982	1994
9815	4982	1993
9816	4982	1992
9817	4982	1991
9818	4982	1990
9819	4982	1989
9820	4982	1988
9821	4982	1987
9822	4982	1986
9823	4982	1985
9824	4982	1984
9825	4982	1983
9826	4982	1982
9827	4982	1981
9882	4983	2022
9883	4983	2021
9884	4983	2020
9885	4983	2019
9886	4983	2018
9887	4983	2017
9888	4983	2016
9889	4983	2015
9890	4983	2014
9891	4983	2013
9892	4983	2012
9893	4983	2011
9894	4983	2010
9895	4983	2009
9896	4983	2008
9897	4983	2007
9898	4983	2006
9899	4983	2005
9900	4983	2004
9901	4983	2003
9902	4983	2002
9903	4983	2001
9904	4983	2000
9905	4983	1999
9906	4983	1998
9907	4983	1997
9908	4983	1996
9909	4983	1995
9910	4983	1994
9911	4983	1993
9912	4983	1992
9913	4983	1991
9914	4983	1990
9915	4983	1989
9916	4983	1988
9917	4983	1987
9918	4983	1986
9919	4983	1985
9920	4983	1984
9921	4983	1983
9922	4983	1982
9923	4985	1993
9924	4985	1992
9925	4985	1991
9926	4986	2018
9927	4986	2017
9928	4986	2016
9929	4986	2015
9930	4986	2014
9931	4986	2013
9932	4986	2012
9933	4986	2011
9934	4986	2010
9935	4986	2009
9936	4986	2008
9937	4986	2007
9938	4986	2006
9939	4986	2005
9940	4986	2004
9941	4986	2003
9942	4986	2002
9943	4986	2001
9944	4986	2000
9945	4987	2000
9946	4987	1999
9947	4987	1998
9948	4987	1997
9949	4987	1996
9950	4987	1995
9951	4988	2011
9952	4988	2010
9953	4988	2009
9954	4988	2008
9955	4988	2007
9956	4988	2006
9957	4988	2005
9958	4988	2004
9959	4988	2003
9960	4988	2002
9961	4988	2001
9962	4988	2000
9963	4988	1999
9964	4988	1998
9965	4988	1997
9966	4988	1996
9967	4988	1995
9968	4988	1994
9969	4988	1993
9970	4988	1992
9971	4988	1991
9972	4988	1990
9973	4988	1989
9974	4988	1988
9975	4988	1987
9976	4989	2002
9977	4989	2001
9978	4989	2000
9979	4989	1999
9980	4989	1998
9981	4989	1997
9982	4989	1996
9983	4989	1995
9984	4989	1994
9985	4989	1993
9986	4989	1992
9987	4989	1991
9988	4989	1990
9989	4989	1989
9990	4989	1988
9991	4989	1987
9992	4989	1986
9993	4989	1985
9994	4989	1984
9995	4989	1983
9996	4989	1982
9997	4989	1981
9998	4990	1993
9999	4990	1992
10000	4990	1991
10001	4990	1990
10002	4990	1989
10003	4990	1988
10004	4991	2019
10005	4991	2018
10006	4991	2017
10007	4991	2016
10008	4991	2015
10009	4991	2014
10010	4991	2013
10011	4991	2012
10012	4991	2011
10013	4992	2007
10014	4992	2006
10015	4992	2005
10016	4993	1997
10017	4993	1996
10018	4993	1995
10019	4993	1994
10020	4993	1993
10021	4993	1992
10022	4993	1991
10023	4993	1990
10024	4993	1989
10025	4993	1988
10026	4994	2019
10027	4994	2018
10028	4994	2017
10029	4994	2016
10030	4994	2015
10031	4994	2014
10032	4994	2013
10033	4994	2012
10034	4994	2011
10035	4994	2010
10036	4994	2009
10037	4994	2008
10038	4994	2007
10039	4994	2006
10040	4994	2005
10041	4994	2004
10042	4994	2003
10043	4994	2002
10044	4994	2001
10045	4994	2000
10046	4994	1999
10047	4994	1998
10048	4994	1997
10049	4994	1996
10050	4994	1995
10051	4994	1994
10052	4994	1993
10053	4994	1992
10054	4994	1991
10055	4994	1990
10056	4994	1989
10057	4994	1988
10058	4994	1987
10059	4994	1986
10060	4995	1994
10061	4995	1993
10062	4995	1992
10063	4995	1991
10064	4995	1990
10065	4995	1989
10066	4995	1988
10067	4995	1987
10068	4995	1986
10069	4995	1985
10070	4995	1984
10071	4996	2005
10072	4996	2004
10073	4996	2003
10074	4996	2002
10075	4996	1997
10076	4996	1996
10077	4996	1995
10078	4996	1994
10079	4996	1993
10080	4996	1992
10081	4996	1991
10082	4996	1990
10083	4996	1989
10084	4996	1988
10085	4996	1987
10086	4996	1986
10087	4996	1985
10088	4996	1984
10089	4996	1983
10090	4996	1982
10091	4996	1981
10092	4997	2003
10093	4997	2002
10094	4997	2001
10095	4997	2000
10096	4997	1999
10097	4998	2022
10098	4998	2021
10099	4998	2020
10100	4998	2019
10101	4998	2018
10102	4998	2017
10103	4998	2016
10104	4998	2015
10105	4998	2014
10106	4998	2013
10145	4999	2022
10146	4999	2021
10147	4999	2020
10148	4999	2019
10149	4999	2018
10150	4999	2017
10151	4999	2016
10152	4999	2015
10153	4999	2014
10154	4999	2013
10155	4999	2012
10156	4999	2011
10157	4999	2010
10158	4999	2009
10159	4999	2008
10160	4999	2007
10161	4999	2006
10162	4999	2005
10163	4999	2004
10164	4999	2003
10165	4999	2002
10166	4999	2001
10167	4999	2000
10168	4999	1999
10169	4999	1998
10170	4999	1997
10171	4999	1996
10172	4999	1995
10173	4999	1994
10174	4999	1993
10175	4999	1992
10176	4999	1991
10177	4999	1990
10178	4999	1989
10179	4999	1988
10180	4999	1987
10181	4999	1986
10182	4999	1985
10183	5000	2003
10184	5000	2002
10185	5000	2001
10186	5000	2000
10187	5000	1999
10188	5000	1998
10189	5000	1997
10197	5001	2014
10198	5001	2013
10199	5001	2012
10200	5001	2011
10201	5001	2010
10202	5001	2009
10203	5001	2008
10204	5001	2007
10205	5001	2006
10206	5001	2005
10207	5001	2004
10208	5001	2003
10209	5001	2002
10210	5001	2001
10211	5001	2000
10212	5001	1999
10213	5001	1998
10214	5001	1997
10215	5001	1996
10216	5001	1995
10217	5002	2022
10218	5002	2021
10219	5002	2020
10220	5002	2019
10221	5002	2018
10222	5002	2017
10223	5002	2016
10224	5002	2015
10240	5004	2010
10241	5004	2009
10242	5004	2008
10243	5004	2007
10244	5004	2006
10245	5004	2005
10246	5004	2004
10247	5004	2003
10248	5004	2002
10249	5004	2001
10250	5004	2000
10251	5004	1999
10252	5004	1998
10253	5005	2016
10254	5005	2015
10255	5005	2014
10256	5005	2013
10257	5005	2012
10258	5005	2011
10259	5005	2010
10260	5005	2009
10261	5005	2008
10262	5005	2007
10263	5005	2006
10264	5005	2005
10265	5005	2004
10266	5005	2003
10267	5005	2002
10268	5005	2001
10269	5005	2000
10270	5005	1999
10271	5006	2000
10272	5006	1999
10273	5006	1998
10296	5008	2011
10297	5008	2010
10298	5008	2009
10299	5008	2008
10300	5008	2007
10301	5008	2006
10302	5008	2005
10303	5008	2004
10304	5008	2003
10305	5008	2002
10306	5008	2001
10307	5008	2000
10308	5008	1999
10309	5009	2013
10310	5009	2012
10311	5009	2011
10312	5009	2010
10313	5009	2009
10314	5009	2008
10315	5009	2007
10316	5009	2006
10317	5009	2005
10318	5009	2004
10319	5009	2003
10320	5009	2002
10321	5009	2001
10322	5009	2000
10323	5009	1999
10324	5009	1998
10325	5010	2013
10326	5010	2012
10327	5010	2011
10328	5010	2010
10329	5010	2009
10330	5010	2008
10331	5010	2007
10332	5011	1997
10333	5011	1996
10334	5011	1995
10335	5011	1994
10336	5011	1993
10337	5011	1992
10338	5011	1991
10339	5012	1995
10340	5012	1994
10341	5012	1993
10342	5012	1992
10343	5012	1991
10344	5013	1993
10345	5013	1992
10346	5013	1991
10347	5013	1990
10348	5013	1989
10349	5013	1988
10350	5013	1987
10351	5013	1986
10352	5013	1985
10353	5013	1984
10354	5013	1983
10355	5013	1982
10356	5013	1981
10357	5014	1997
10358	5014	1996
10359	5014	1995
10360	5014	1994
10361	5014	1993
10369	5016	2019
10370	5016	2018
10371	5016	2017
10372	5016	2016
10373	5016	2015
10374	5016	2014
10375	5016	2013
10376	5016	2012
10377	5016	2010
10378	5016	2009
10379	5016	2008
10380	5016	2007
10381	5016	2006
10382	5016	2005
10383	5016	2004
10384	5016	2003
10385	5016	2002
10386	5016	2001
10387	5016	2000
10388	5016	1999
10389	5016	1998
10398	5018	2002
10399	5018	2001
10400	5018	2000
10401	5018	1999
10402	5018	1998
10403	5018	1997
10404	5018	1996
10405	5018	1995
10406	5019	1993
10407	5019	1992
10408	5019	1991
10409	5019	1990
10410	5019	1989
10411	5019	1988
10412	5019	1987
10413	5019	1986
10414	5019	1985
10415	5019	1984
10416	5019	1983
10417	5019	1982
10418	5019	1981
10419	5020	2018
10420	5020	2017
10421	5020	2016
10422	5020	2015
10423	5020	2014
10424	5020	2013
10425	5020	2012
10426	5021	2020
10427	5021	2019
10428	5021	2018
10429	5021	2017
10430	5021	2016
10431	5021	2015
10432	5022	2016
10433	5022	2015
10434	5022	2014
10435	5022	2013
10436	5022	2012
10437	5022	2011
10438	5022	2010
10439	5022	2009
10440	5022	2008
10441	5022	2007
10442	5023	2021
10443	5023	2020
10444	5023	2019
10445	5023	2018
10446	5023	2017
10447	5023	2016
10448	5023	2015
10449	5023	2014
10450	5023	2013
10451	5023	2012
10452	5023	2011
10453	5023	2010
10454	5023	2009
10455	5023	2008
10456	5023	2007
10457	5023	2006
10458	5023	2005
10459	5023	2004
10460	5023	2003
10461	5023	2002
10462	5023	2001
10463	5023	2000
10464	5023	1999
10465	5023	1998
10466	5023	1997
10467	5023	1996
10468	5023	1995
10469	5023	1994
10470	5023	1993
10471	5023	1992
10472	5023	1991
10473	5023	1990
10474	5023	1989
10475	5023	1988
10476	5023	1987
10477	5023	1986
10478	5023	1985
10479	5024	2020
10480	5024	2019
10481	5024	2018
10482	5024	2017
10499	5026	2020
10500	5026	2019
10501	5026	2018
10502	5026	2017
10503	5026	2016
10504	5026	2015
10536	5028	2022
10537	5028	2021
10538	5028	2020
10539	5028	2019
10540	5028	2018
10541	5028	2017
10542	5028	2016
10543	5028	2015
10544	5028	2014
10545	5028	2013
10546	5028	2012
10547	5028	2011
10548	5028	2010
10549	5028	2009
10550	5028	2008
10551	5028	2007
10552	5028	2006
10553	5028	2005
10554	5028	2004
10555	5028	2003
10556	5028	2002
10557	5028	2001
10558	5028	2000
10559	5028	1999
10560	5028	1998
10561	5028	1997
10562	5028	1996
10563	5028	1995
10564	5028	1994
10565	5028	1993
10566	5028	1992
10567	5028	1991
10568	5028	1990
10569	5028	1989
10570	5028	1988
10571	5028	1987
10572	5028	1986
10573	5028	1985
10574	5028	1984
10575	5028	1983
10576	5028	1982
10577	5028	1981
10578	5029	2014
10579	5029	2013
10580	5029	2012
10581	5029	2011
10582	5029	2010
10583	5029	2009
10584	5030	2006
10585	5030	2005
10586	5030	2004
10587	5030	2003
10588	5030	2002
10589	5030	2001
10624	5032	2008
10625	5032	2004
10634	5033	2009
10635	5033	2008
10636	5033	2007
10637	5033	2006
10638	5033	1984
10639	5033	1983
10640	5033	1982
10641	5033	1981
10642	5034	2018
10643	5034	2017
10644	5034	2016
10645	5034	2015
10646	5034	2014
10647	5034	2013
10648	5034	2012
10649	5034	2011
10650	5034	2010
10651	5034	2009
10652	5034	2008
10653	5034	2007
10654	5034	2006
10655	5034	2005
10656	5034	2004
10657	5035	1996
10658	5035	1995
10659	5035	1994
10660	5035	1993
10661	5035	1992
10662	5035	1991
10663	5035	1990
10664	5035	1989
10665	5035	1988
10666	5035	1987
10667	5035	1986
10668	5035	1985
10676	5037	2022
10677	5037	2021
10678	5037	2020
10679	5037	2019
10680	5037	2018
10681	5037	2017
10682	5037	2016
10683	5037	2015
10684	5037	2014
10685	5037	2013
10686	5037	2012
10687	5037	2011
10688	5037	2010
10689	5037	2009
10690	5037	2008
10691	5037	2007
10692	5037	2006
10693	5037	2005
10694	5037	2004
10695	5037	2003
10696	5037	2002
10697	5037	2001
10698	5037	2000
10699	5037	1999
10700	5037	1998
10701	5037	1997
10702	5037	1996
10703	5037	1995
10704	5037	1994
10705	5037	1993
10706	5037	1992
10707	5037	1991
10708	5037	1990
10709	5037	1989
10710	5037	1988
10711	5037	1987
10712	5037	1986
10713	5037	1985
10714	5037	1984
10715	5037	1983
10716	5037	1982
10717	5037	1981
10718	5038	1996
10719	5038	1995
10720	5038	1994
10721	5038	1993
10722	5038	1992
10723	5038	1991
10724	5038	1990
10725	5038	1989
10726	5038	1988
10727	5038	1987
10728	5038	1986
10729	5038	1985
10730	5038	1984
10731	5038	1983
10732	5038	1982
10733	5038	1981
10734	5039	2016
10735	5039	2015
10736	5039	2014
10737	5039	2013
10738	5039	2012
10739	5039	2011
10740	5040	2005
10741	5040	2004
10742	5040	2003
10743	5040	2002
10744	5040	2001
10745	5040	2000
10746	5040	1999
10747	5040	1998
10748	5040	1997
10749	5040	1996
10750	5040	1995
10751	5040	1994
10752	5040	1993
10753	5040	1992
10754	5040	1991
10755	5040	1990
10756	5040	1989
10757	5040	1988
10758	5040	1987
10759	5040	1986
10760	5040	1985
10761	5040	1984
10762	5040	1983
10763	5040	1982
10764	5040	1981
10765	5041	1990
10766	5041	1989
10767	5041	1988
10768	5041	1987
10769	5041	1986
10770	5041	1985
10771	5041	1984
10772	5042	2010
10773	5042	2009
10774	5042	2008
10775	5042	2007
10776	5042	2006
10777	5042	2005
10778	5043	1996
10779	5043	1995
10780	5043	1994
10781	5043	1993
10782	5043	1992
10783	5043	1991
10784	5043	1990
10785	5043	1989
10786	5043	1988
10787	5043	1987
10788	5043	1986
10789	5043	1985
10832	5045	2019
10833	5045	2018
10834	5045	2017
10835	5045	2016
10836	5045	2015
10837	5045	2014
10838	5045	2013
10839	5045	2012
10840	5045	2011
10841	5045	2010
10842	5046	2002
10843	5046	2001
10844	5046	2000
10845	5046	1999
10846	5046	1998
10847	5047	2020
10848	5047	2019
10849	5047	2018
10850	5047	2017
10851	5047	2016
10852	5047	2015
10853	5047	2014
10854	5047	2013
10855	5047	2012
10856	5047	2011
10857	5047	2010
10858	5047	2009
10859	5047	2008
10860	5047	2007
10861	5047	2006
10862	5047	2005
10863	5047	2004
10864	5047	2003
10865	5047	2002
10866	5047	2001
10867	5047	2000
10868	5047	1985
10869	5047	1984
10870	5047	1983
10871	5047	1982
10872	5047	1981
10873	5048	2016
10874	5049	2001
10875	5049	2000
10876	5049	1999
10877	5049	1998
10878	5049	1997
10879	5049	1996
10880	5049	1995
10881	5049	1994
10882	5049	1993
10883	5049	1992
10884	5049	1991
10885	5049	1990
10946	5051	2005
10947	5051	2004
10948	5052	2001
10949	5052	2000
10950	5052	1999
10951	5052	1998
10952	5053	2007
10953	5053	2006
10954	5053	2005
10955	5053	2004
10956	5053	2003
10957	5053	2002
10958	5053	2001
10959	5053	2000
10960	5053	1999
10961	5053	1998
10962	5053	1997
10963	5053	1996
10964	5053	1995
10965	5053	1988
10966	5053	1987
10967	5053	1986
10968	5053	1985
10969	5053	1984
10970	5053	1983
10971	5053	1982
10972	5053	1981
10973	5054	2020
10974	5054	2019
10975	5054	2018
10976	5054	2017
10977	5054	2016
10978	5054	2015
10979	5054	2014
10980	5054	2013
10981	5054	2012
10983	4663	2024
10984	4662	2024
10985	4661	2024
10986	4660	2024
10987	4856	2024
10988	4857	2024
10989	4862	2024
10990	4859	2024
10991	4860	2024
10993	5056	2024
10996	4816	2024
10997	4817	2024
10998	4812	2024
10999	4810	2024
11000	4811	2024
11001	4819	2024
11002	4820	2024
11004	4815	2024
11005	5058	2022
11006	5058	2021
11007	5058	2020
11008	5058	2019
11009	5058	2018
11010	5058	2017
11011	5058	2016
11012	5058	2015
11013	5058	2014
11014	5058	2013
11015	5058	2012
11016	5058	2011
11017	5058	2008
11018	5059	2017
11019	5059	2016
11020	5059	2015
11021	5059	2014
11022	5060	2019
11023	5060	2018
11024	5060	2017
11025	5060	2016
11026	5060	2015
11027	5060	2014
11028	5060	2013
11029	5060	2012
11030	5060	2011
11039	5061	2017
11040	5061	2016
11041	5061	2015
11042	5061	2014
11043	5061	2013
11044	5061	2012
11045	5061	2011
11046	5062	2022
11047	5062	2021
11048	5062	2020
11049	5062	2019
11050	5062	2018
11051	5062	2017
11052	5062	2016
11053	5062	2015
11054	5062	2014
11055	5062	2013
11056	5062	2012
11057	5062	2011
11058	5062	2010
11059	5062	2009
11060	5062	2008
11061	5062	2007
11062	5062	2006
11063	5062	2005
11064	5062	2004
11065	5062	2003
11066	5062	2002
11067	5062	2001
11068	5062	2000
11069	5062	1999
11070	5063	2011
11071	5063	2010
11072	5063	2009
11073	5063	2008
11074	5063	2007
11075	5063	2006
11076	5063	2005
11077	5064	2004
11078	5064	2003
11079	5064	2002
11080	5064	2001
11081	5064	2000
11082	5064	1999
11083	5064	1998
11084	5064	1997
11085	5064	1996
11086	5064	1995
11087	5064	1994
11088	5064	1993
11089	5065	1995
11090	2246	2022
11091	4835	2024
11092	2170	2022
11093	4924	2024
11094	4155	2023
11095	4153	2023
11096	2172	2022
11097	2169	2022
11098	5066	2006
11099	5066	2000
11100	5066	1999
11101	5066	1998
11102	5066	1997
11103	5066	1996
11104	5066	1995
11105	5067	2008
11106	5067	2007
11107	5067	2006
11108	5067	2005
11109	5067	2004
11110	5068	1995
11111	5068	1994
11112	5068	1993
11113	5068	1992
11114	5068	1991
11115	5068	1990
11116	5068	1989
11117	5068	1988
11118	5068	1987
11119	5068	1986
11120	5068	1985
11121	5068	1984
11122	5068	1983
11123	5068	1982
11124	5068	1981
11125	5069	1989
11126	5069	1988
11127	5069	1987
11128	5069	1986
11129	5069	1985
11130	5069	1984
11131	5070	2001
11132	5070	2000
11133	5070	1999
11134	5070	1997
11135	5070	1996
11136	5070	1995
11137	5070	1994
11155	5072	2010
11156	5072	2009
11157	5072	2008
11158	5072	2007
11159	5072	2006
11160	5072	2005
11161	5072	2004
11162	5072	2003
11163	5072	2002
11164	5072	2001
11165	5072	2000
11166	5072	1999
11167	5072	1998
11168	5072	1997
11169	5072	1996
11170	5072	1995
11171	5073	2008
11172	5073	2007
11173	5073	2006
11174	5073	2005
11175	5074	2014
11176	5074	2013
11177	5074	2012
11178	5074	2011
11179	5074	2010
11180	5074	2009
11181	5074	2008
11182	5074	2000
11183	5074	1999
11184	5074	1998
11185	5074	1997
11186	5074	1996
11187	5074	1995
11188	5075	2012
11189	5075	2011
11190	5075	2010
11191	5075	2009
11192	5075	2008
11193	5075	2007
11194	5075	2006
11195	5076	2023
11196	5076	2022
11197	5076	2021
11198	5076	2020
11199	5076	2019
11200	5076	2018
11201	5076	2017
11202	5076	2016
11203	5076	2015
11204	5076	2014
11205	5076	2013
11206	5076	2012
11207	5076	2011
11208	5076	2010
11209	5076	2009
11210	5076	2008
11211	5076	1983
11212	5076	1982
11213	5076	1981
11214	5077	2023
11215	5077	2022
11216	5077	2021
11217	5077	2020
11218	5077	2019
11219	5077	2018
11220	5077	2017
11221	5077	2016
11222	5077	2015
11223	5077	2014
11224	5077	2013
11225	5077	2012
11226	5077	2011
11227	5077	2010
11228	5077	2009
11229	5077	2008
11230	5077	2007
11231	5077	2006
11232	5077	1987
11233	5077	1986
11234	5077	1985
11235	5077	1984
11236	5077	1983
11237	5078	2016
11238	5078	2015
11239	5078	2014
11240	5078	2013
11241	5079	2004
11242	5079	2003
11243	5079	2002
11244	5079	2001
11245	5079	2000
11246	5079	1999
11247	5079	1998
11248	5079	1997
11249	5079	1996
11250	5079	1995
11251	5079	1994
11252	5079	1993
11264	5080	2005
11265	5080	2004
11266	5080	2003
11267	5080	2002
11268	5080	2001
11269	5080	2000
11270	5080	1999
11271	5080	1998
11272	5080	1997
11273	5080	1996
11274	5080	1995
11275	5080	1994
11276	5081	1994
11277	5081	1993
11278	5081	1992
11279	5081	1991
11280	5081	1990
11281	5081	1989
11282	5081	1988
11283	5081	1987
11284	5082	1996
11285	5082	1995
11286	5082	1994
11287	5082	1993
11288	5082	1992
11289	5082	1991
11290	5083	2006
11291	5083	2005
11292	5083	2004
11293	5083	2003
11294	5083	2002
11295	5083	2001
11296	5083	2000
11297	5083	1999
11298	5083	1998
11299	5083	1997
11300	5083	1996
11301	5083	1995
11302	5084	2017
11303	5084	2016
11304	5084	2015
11305	5084	2014
11306	5084	2013
11307	5084	2010
11308	5084	2009
11309	5084	2008
11310	5084	2007
11311	5084	2006
11312	5084	2005
11313	5084	2004
11314	5084	2003
11315	5084	2002
11316	5084	2001
11317	5084	2000
11318	5084	1999
11319	5084	1998
11320	5084	1997
11321	5084	1996
11322	5084	1995
11323	5084	1994
11324	5084	1993
11325	5084	1992
11326	5085	2022
11327	5085	2021
11328	5085	2020
11329	5085	2019
11330	5085	2018
11331	5085	2017
11332	5085	2016
11333	5085	2015
11334	5085	2014
11335	5085	2013
11336	5085	2012
11337	5085	2011
11338	5085	2010
11339	5085	2009
11340	5085	2008
11341	5085	2007
11342	5085	2006
11343	5085	2005
11344	5085	2004
11345	5085	2003
11346	5085	2002
11347	5085	2001
11348	5085	2000
11349	5085	1999
11350	5085	1998
11351	5085	1997
11352	5085	1996
11353	5085	1995
11354	5086	2018
11355	5086	2017
11356	5086	2016
11357	5086	2015
11358	5086	2014
11359	5086	2013
11360	5086	2012
11361	5086	2011
11362	5086	2010
11363	5086	2009
11364	5086	2008
11365	5086	2007
11366	5086	2006
11367	5087	2022
11368	5087	2021
11369	5087	2020
11370	5087	2019
11371	5087	2018
11372	5087	2017
11373	5087	2016
11374	5087	2015
11375	5087	2014
11376	5087	2013
11377	5087	2012
11378	5087	2011
11379	5087	2010
11380	5087	2009
11381	5087	2008
11382	5087	2007
11383	5087	2006
11384	5087	2005
11385	5087	2004
11386	5087	2003
11387	5087	2002
11388	5087	2001
11389	5087	2000
11390	5087	1999
11391	5087	1998
11392	5087	1997
11393	5087	1996
11394	5087	1995
11395	5087	1994
11396	5087	1993
11397	5087	1992
11398	5088	2020
11399	5088	2019
11400	5088	2018
11401	5088	2017
11402	5089	2010
11403	5090	2016
11404	5090	2015
11405	5090	2014
11406	5090	2013
11407	5090	2012
11408	5090	2011
11409	5090	2010
11410	5090	2009
11411	5091	2016
11412	5091	2015
11413	5091	2014
11414	5091	2013
11415	5091	2012
11416	5091	2011
11417	5092	2016
11418	5092	2015
11419	5092	2014
11420	5092	2013
11421	5092	2012
11422	5092	2011
11423	5092	2010
11424	5093	2022
11425	5093	2021
11426	5093	2020
11427	5093	2019
11428	5093	2018
11429	5093	2017
11430	5094	2022
11431	5094	2021
11432	5094	2020
11433	5094	2019
11434	5094	2018
11435	5094	2017
11436	5094	2016
11437	5094	2015
11438	5094	2014
11439	5094	2013
11440	5094	2012
11441	5094	2011
11442	5094	2010
11443	5094	2009
11444	5094	2008
11445	5094	2007
11446	5094	2006
11447	5094	2005
11448	5094	2004
11449	5094	2003
11450	5094	2002
11451	5094	2001
11452	5094	2000
11453	5094	1999
11454	5094	1998
11455	5094	1997
11456	5094	1996
11457	5094	1995
11458	5094	1994
11459	5094	1993
11460	5094	1992
11461	5094	1991
11462	5094	1990
11463	5094	1989
11464	5095	2008
11465	5095	2007
11466	5095	2006
11467	5095	2005
11468	5095	2004
11469	5095	2003
11470	5095	2002
11471	5095	2001
11472	5095	2000
11473	5095	1999
11474	5095	1998
11475	5095	1997
11476	5096	2021
11477	5096	2020
11478	5096	2019
11479	5096	2018
11480	5096	2017
11481	5096	2016
11482	5096	2015
11483	5096	2014
11484	5096	2013
11485	5096	2012
11486	5097	2022
11487	5097	2021
11488	5097	2020
11489	5097	2019
11493	5099	2005
11494	5099	2004
11495	5099	2003
11496	5099	2002
11497	5100	2001
11498	5101	2009
11499	5101	2008
11500	5101	2007
11501	5101	2006
11502	5101	2005
11503	5101	2004
11504	5102	2020
11505	5102	2019
11506	5102	2018
11507	5102	2017
11508	5102	2016
11509	5102	2015
11510	5102	2014
11524	5104	2017
11525	5104	2016
11531	5106	2020
11532	5106	2019
11533	5106	2018
11534	5106	2017
11535	5106	2016
11536	5106	2015
11537	5107	2020
11538	5107	2019
11539	5107	2018
11540	5107	2017
11541	5107	2016
11542	5107	2015
11543	5107	2014
11544	5107	2013
11545	5107	2012
11546	5107	2011
11547	5107	2010
11548	5107	2009
11549	5107	2008
11550	5107	2007
11551	5107	2006
11552	5107	2005
11553	5107	2004
11554	5107	2003
11555	5107	2002
11556	5107	2001
11557	5108	2023
11558	5108	2022
11559	5108	2021
11560	5108	2020
11561	5108	2019
11562	5108	2018
11563	5108	2017
11564	5108	2016
11565	5108	2015
11566	5108	2014
11567	5108	2013
11568	5108	2012
11569	5108	2011
11570	5108	2010
11571	5108	2009
11572	5108	2008
11573	5108	2007
11574	5108	2006
11575	5108	2005
11576	5108	2004
11577	5108	2003
11578	5108	2002
11579	5108	2001
11580	5109	2016
11581	5109	2015
11582	5109	2014
11583	5109	2013
11584	5109	2012
11585	5109	2011
11586	5109	2010
11587	5109	2009
11588	5109	2008
11589	5109	2007
11590	5110	2009
11591	5110	2008
11592	5110	2007
11593	5110	2006
11594	5110	2005
11595	5110	2004
11596	5110	2003
11597	5110	2002
11598	5110	2001
11599	5110	2000
11600	5111	2022
11601	5111	2021
11602	5111	2020
11603	5111	2019
11604	5111	2018
11605	3737	2023
11606	2795	2023
11607	3738	2023
11608	3744	2023
11609	3745	2023
11614	5112	2017
11615	5112	2016
11616	5112	2015
11617	5112	2014
11618	5112	2013
11619	5112	2012
11620	5112	2011
11654	5114	2020
11655	5114	2019
11656	5114	2018
11657	5114	2017
11658	5114	2016
11659	5114	2015
11660	5114	2014
11661	5114	2013
11662	5114	2012
11663	5114	2011
11664	5114	2010
11665	5114	2009
11666	5114	2008
11667	5114	2007
11668	5114	2006
11669	5114	2005
11670	5114	2004
11671	5114	2003
11672	5114	2002
11673	5114	2001
11674	5114	2000
11675	5114	1999
11676	5114	1998
11677	5114	1997
11678	5114	1996
11679	5114	1995
11680	5114	1994
11681	5114	1993
11682	5115	2012
11683	5115	2011
11684	5115	2010
11761	5120	2010
11762	5120	2009
11763	5120	2008
11764	5120	2007
11765	5120	2006
11766	5120	2005
11767	5120	2004
11768	5120	2003
11769	5120	2002
11770	5120	2001
11771	5120	2000
11772	5120	1999
11773	5120	1998
11774	5120	1997
11775	5120	1996
11776	5120	1995
11777	5120	1994
11778	5120	1993
11779	5120	1992
11784	2165	2007
11785	2165	2006
11786	2165	2005
11787	2165	2004
11788	2165	2003
11789	2165	2002
11790	2165	2001
11791	2165	2000
11792	2165	1999
11793	2165	1998
11794	2165	1997
11795	2165	1996
11796	2165	1995
11797	5117	2007
11798	5117	2006
11799	5117	2005
11800	5117	2004
11801	5117	2003
11802	5117	2002
11803	5117	2001
11804	5117	2000
11805	5117	1999
11806	5117	1998
11807	5117	1997
11808	5117	1996
11809	5117	1995
11810	5117	1994
11811	5117	1993
11812	5117	1992
11813	5117	1991
11814	5117	1990
11822	5122	2014
11823	5122	2013
11824	5122	2012
11825	5122	2011
11826	5122	2010
11827	5122	2009
11828	5122	2008
11829	5123	2022
11830	5123	2021
11831	5123	2020
11832	5123	2019
11833	5123	2018
11834	5123	2017
11835	5123	2016
11836	5123	2015
11837	5123	2014
11838	5124	2022
11839	5124	2021
11840	5124	2020
11841	5124	2019
11842	5124	2018
11843	5124	2017
11844	4142	2023
11845	5103	2024
11846	5103	2022
11847	5103	2021
11848	5103	2020
11849	5103	2019
11850	5103	2018
11851	5103	2017
11852	5103	2016
11853	5103	2015
11854	5103	2014
11855	5103	2013
11856	5103	2012
11857	5103	2011
11858	5103	2010
11859	5105	2024
11860	5105	2023
11861	5105	2022
11862	5105	2021
11863	4938	2024
11864	4938	2023
11865	4938	2022
11866	4938	2021
11867	4938	2020
11868	4938	2019
11869	4938	2018
11870	4938	2017
11871	4938	2016
11872	4938	2015
11873	4938	2014
11874	4938	2013
11875	4938	2012
11876	4938	2011
11877	4938	2010
11878	4938	2009
11879	4938	2008
11880	4938	2007
11881	4938	2006
11882	4938	2005
11883	4938	2004
11884	4938	2003
11885	4938	2002
11886	4938	2001
11887	4938	2000
11888	4938	1999
11889	4938	1998
11890	4938	1997
11891	4938	1996
11892	4938	1995
11893	4938	1994
11894	4938	1993
11895	4938	1992
11896	4938	1991
11897	4938	1990
11898	4938	1989
11899	4938	1988
11900	4938	1987
11901	4938	1986
11902	4938	1985
11903	4938	1984
11904	4938	1983
11905	4938	1982
11906	4938	1981
11968	4959	2020
11969	4959	2019
11970	4959	2018
11971	4959	2017
11972	4959	2016
11973	4959	2015
11974	4959	2014
11975	4959	2013
11976	4959	2012
11977	4959	2011
11978	4959	2010
11979	4959	2009
11980	4959	2008
11981	4959	2007
11982	3878	2023
11983	5126	2016
11984	5126	2015
11985	5126	2014
11986	5126	2013
11987	5126	2012
11988	5126	2011
11989	5126	2010
11990	5126	2009
11991	5126	2008
11992	5126	2007
11993	5126	2006
11994	5126	2005
11995	5126	2004
11996	5126	2003
11997	5126	2002
11998	5126	2001
11999	5126	2000
12000	5126	1999
12001	5126	1998
12002	5126	1997
12003	5126	1996
12004	5127	2000
12005	5127	1999
12006	5127	1998
12007	5127	1997
12008	5127	1996
12009	5128	2008
12010	5128	2007
12011	5129	2000
12012	5129	1999
12013	5130	2018
12014	5130	2017
12015	5130	2016
12016	5130	2015
12017	5130	2014
12018	5130	2013
12019	5131	2000
12020	5131	1999
12027	5133	2000
12028	5133	1999
12029	5133	1998
12030	5132	2000
12031	5132	1999
12032	5132	1998
12033	5134	1988
12034	5134	1987
12035	5134	1986
12036	5135	2006
12037	5135	2005
12038	5135	2004
12039	5135	2003
12040	5135	2002
12041	5135	2001
12042	5135	2000
12043	5136	2006
12044	5136	2005
12045	5136	2004
12046	5136	2003
12047	5136	2002
12048	5136	2001
12049	5136	1995
12050	5136	1994
12051	5136	1993
12052	5136	1992
12053	5136	1991
12054	5136	1990
12055	5136	1989
12056	5136	1988
12057	5136	1987
12058	5137	1995
12059	5137	1994
12060	5137	1993
12061	5137	1992
12062	5137	1991
12063	5137	1990
12064	5137	1989
12065	5137	1988
12066	5137	1987
12067	5138	2006
12068	5138	2005
12069	5138	2004
12070	5138	2003
12071	5138	2002
12075	5140	2018
12076	5140	2017
12077	5140	2016
12078	5140	2015
12079	5140	2014
12080	5141	2004
12081	5141	2003
12082	5141	2002
12083	5141	2001
12084	5142	2022
12085	5142	2021
12086	5142	2020
12087	5142	2019
12088	5142	2018
12089	5142	2017
12090	5142	2006
12091	5142	2005
12092	5142	2004
12093	5142	2003
12094	5142	2002
12095	5142	2001
12096	5143	2006
12097	5143	2005
12098	5143	2004
12099	5143	2003
12100	5143	2002
12101	5144	2011
12102	5144	2010
12103	5144	2009
12104	5145	2019
12105	5145	2018
12106	5145	2017
12107	5145	2016
12108	5145	2015
12109	5145	2014
12110	5145	2013
12111	5145	2012
12112	5145	2011
12113	5145	2010
12114	5145	2009
12115	5145	2008
12116	5145	2007
12117	5146	2008
12118	5146	2007
12119	5147	2019
12120	5147	2018
12121	5147	2017
12122	5147	2016
12123	5148	2016
12124	5148	2015
12125	5148	2014
12132	5150	2016
12133	5150	2015
12134	5150	2014
12135	5151	2020
12136	5151	2019
12137	5151	2018
12138	5151	2017
12139	5152	2007
12140	5152	2006
12141	5152	2005
12142	5152	2004
12143	5152	2003
12144	5152	2002
12145	5152	2001
12146	5152	1995
12147	5152	1994
12148	5152	1993
12149	5152	1992
12150	5152	1991
12151	5152	1990
12152	5152	1989
12153	5153	2016
12154	5153	2015
12155	5153	2014
12156	5153	2013
12157	5153	2012
12158	5153	2011
12159	5153	2010
12160	5153	2009
12161	5153	2008
12162	5153	2000
12163	5153	1999
12164	5153	1998
12165	5153	1997
12166	5153	1981
12187	5157	2007
12188	5157	2006
12189	5158	2016
12190	5158	2015
12191	5158	2014
12192	5159	2017
12193	5159	2016
12194	5159	2015
12195	5159	2014
12196	5159	2013
12197	5159	2012
12198	5159	2011
12199	5159	2010
12200	5159	2009
12201	5159	2008
12202	5159	1993
12203	5159	1992
12204	5159	1991
12205	5159	1990
12206	5159	1989
12207	5159	1988
12208	5159	1987
12209	5159	1986
12210	5159	1985
12211	3610	2008
12227	5161	2005
12228	5161	2004
12229	5162	2017
12230	5162	2016
12231	5162	2015
12232	5162	2014
12233	5162	2013
12234	5162	2012
12235	5162	2011
12236	5162	2010
12237	5162	2009
12238	5162	2008
12239	5162	2006
12240	5163	2019
12241	5163	2018
12242	5163	2017
12243	5163	2016
12244	5163	2015
12245	5163	2014
12246	5163	2013
12247	5163	2012
12248	5164	2019
12249	5164	2018
12250	5165	2019
12251	5165	2018
12252	5165	2017
12253	5165	2016
12254	5165	2015
12255	5165	2014
12256	5165	2013
12257	5165	2012
12258	5165	2011
12259	5165	2010
12260	5165	2009
12261	5165	2008
12262	5165	2006
12263	5166	2015
12264	5166	2014
12265	5166	2013
12266	5166	2012
12267	5167	2019
12268	5167	2018
12269	5167	2017
12291	5169	2022
12292	5169	2015
12293	5169	2014
12294	5169	2013
12295	5169	2012
12296	5169	2011
12301	5170	2005
12302	5170	2004
12303	5170	2003
12304	5170	2002
12305	5171	2022
12306	5171	2021
12307	5171	2020
12308	5171	2019
12309	5171	2018
12310	5171	2017
12311	5171	2016
12312	5171	2015
12313	5171	2014
12314	5171	2013
12315	5171	2012
12316	5171	2011
12317	5171	2010
12318	5171	2009
12319	5171	2008
12320	5171	2007
12321	5171	2006
12322	5172	2015
12323	5172	2014
12324	5172	2013
12325	5172	2012
12326	5173	2019
12327	5173	2018
12328	5173	2017
12329	5174	2015
12330	5174	2014
12331	5174	2013
12332	5174	2012
12333	5174	2011
12334	5174	2010
12335	5174	2009
12336	5174	2008
12337	5174	2007
12338	5174	2006
12339	5175	2015
12340	5175	2014
12341	5175	2013
12342	5175	2012
12349	5176	2015
12350	5176	2014
12351	5176	2013
12352	5176	2011
12353	5176	2010
12354	5177	2012
12358	5179	2019
12359	5179	1992
12360	5179	1991
12361	5180	2021
12362	5180	2020
12363	5180	2019
12364	5180	2018
12365	5180	2017
12366	5180	2016
12367	5180	2015
12368	5180	2014
12369	5181	2020
12370	5181	2019
12371	5181	2017
12372	5181	2016
12373	5181	2015
12374	5181	2014
12375	5182	2022
12376	5182	2021
12377	5182	2020
12378	5182	2019
12379	5182	2018
12380	5182	2017
12381	5182	2016
12382	5183	2022
12383	5183	2021
12384	5183	2020
12385	5183	2019
12386	5183	2018
12387	5183	2017
12388	5183	2016
12389	5183	2015
12390	5183	2014
12391	5184	2022
12392	5184	2021
12393	5184	2020
12394	5184	2019
12395	5184	2018
12396	5184	2017
12397	5185	2022
12398	5185	2021
12399	5185	2019
12400	5185	2018
12401	5185	2017
12402	5185	2016
12403	5185	2015
12404	5185	2013
12405	5185	2012
12406	5185	2011
12407	5185	2010
12408	5185	2009
12409	5185	2008
12410	5185	2006
12411	5185	2005
12412	5185	2004
12413	5185	2003
12414	5185	2002
12415	5185	2001
12416	5185	1999
12417	5185	1998
12418	5185	1997
12419	5185	1996
12420	5185	1995
12421	5185	1991
12422	5185	1990
12423	5185	1989
12424	5185	1988
12425	5186	2022
12426	5186	2021
12427	5186	2020
12466	5191	2022
12467	5191	2021
12468	5191	2020
12469	5192	2002
12470	5192	2001
12471	5192	2000
12472	5192	1999
12473	5192	1998
12474	5192	1997
12475	5192	1996
12494	5194	2024
12495	5194	2023
12496	5194	2022
12497	5194	2021
12498	5194	2020
12499	5194	2019
12500	5194	2018
12501	5194	2017
12502	5194	2016
12503	5194	2015
12504	5194	2014
12505	5195	2008
12506	5195	2007
12507	5195	2006
12508	5195	2005
12509	5195	2004
12510	5195	2003
12511	5195	2002
12512	5195	2001
12513	5195	2000
12518	5197	2022
12519	5197	2021
12520	5197	2020
12521	5197	2019
12522	5197	2018
12523	5197	2017
12524	5197	2016
12525	5197	2015
12526	5197	2014
12527	5197	2013
12528	5197	2012
12529	5197	2011
12530	5197	2010
12531	5197	2009
12532	5198	2019
12533	5198	2018
12534	5198	2017
12535	5198	2016
12536	5198	2015
12537	5198	2014
12538	5198	2013
12539	5198	2012
12540	5198	2011
12541	5198	2010
12542	5198	2009
12543	5198	2008
12544	5198	2007
12545	5198	2006
12546	5198	2005
12547	5198	2004
12548	5198	2003
12549	5198	2002
12550	5199	1997
12551	5199	1996
12552	5199	1995
12553	5199	1994
12554	5199	1993
12555	5199	1992
12556	5199	1991
12557	5199	1990
12558	5199	1989
12559	5199	1988
12560	5199	1987
12561	5199	1986
12562	5199	1985
12563	5199	1984
12564	5199	1983
12565	5199	1982
12566	5199	1981
12567	5200	2003
12568	5200	2002
12569	5200	2001
12570	5200	2000
12571	5200	1999
12572	5200	1998
12573	5201	1997
12574	5201	1996
12575	5201	1995
12576	5201	1994
12577	5201	1993
12578	5201	1992
12579	5201	1991
12580	5202	1997
12581	5202	1996
12582	5202	1995
12583	5202	1994
12584	5202	1993
12585	5202	1992
12586	5202	1991
12587	5202	1990
12588	5202	1989
12589	5202	1988
12590	5202	1987
12591	5202	1986
12592	5202	1985
12593	5202	1984
12594	5202	1983
12595	5202	1982
12596	5202	1981
12597	5203	2015
12598	5203	2014
12599	5203	2013
12600	5203	2012
12601	5203	2011
12602	5203	2010
12603	5203	2009
12604	5203	2008
12605	5203	2007
12606	5203	2006
12607	5203	2005
12608	5203	2004
12609	5203	2003
12610	5203	2002
12611	5203	2001
12612	5203	2000
12613	5204	2004
12614	5204	2003
12615	5204	2002
12616	5204	2001
12617	5204	2000
12618	5204	1999
12619	5204	1998
12620	5204	1997
12621	5205	2008
12622	5205	2007
12623	5205	2006
12624	5205	2005
12625	5205	2004
12626	5205	2003
12627	5205	2002
12628	5196	2021
12629	5196	2020
12630	5196	2019
12631	5196	2018
12632	5196	2017
12633	5206	1994
12634	5206	1993
12635	5206	1992
12636	5206	1991
12637	5206	1990
12638	5206	1989
12639	5206	1988
12640	5206	1987
12641	5206	1986
12642	5207	2002
12643	5207	2001
12644	5207	2000
12645	5207	1999
12646	5207	1998
12647	5207	1997
12648	5207	1996
12649	5207	1995
12650	5207	1994
12651	5207	1993
12652	5207	1992
12653	5207	1991
12654	5207	1990
12655	5207	1989
12656	5207	1988
12657	5207	1987
12658	5207	1986
12659	5207	1985
12660	5207	1984
12661	5207	1983
12662	5207	1982
12663	5207	1981
12702	5211	2015
12703	5211	2014
12704	5211	2013
12705	5211	2012
12706	5211	2010
12707	5211	2009
12708	5211	2008
12709	5211	2007
12710	5211	2006
12730	5213	2002
12731	5213	2001
12732	5213	2000
12733	5213	1999
12734	5213	1998
12735	5213	1997
12736	5213	1996
12737	5213	1995
12804	5215	2003
12805	5215	2002
12806	5215	2001
12807	5215	2000
12808	5215	1999
12809	5215	1998
12810	5215	1997
12811	5215	1996
12812	5215	1995
12813	5215	1994
12814	5215	1993
12815	5215	1992
12816	5215	1991
12817	5215	1990
12818	5216	1996
12819	5216	1995
12820	5216	1994
12821	5216	1993
12822	5216	1991
12823	5216	1990
12824	5216	1989
12825	5216	1988
12826	5216	1987
12827	5216	1986
12828	5216	1985
12829	5216	1984
12830	5216	1983
12831	5216	1982
12832	5216	1981
12833	5217	2011
12834	5217	2010
12835	5217	2009
12836	5217	2008
12837	5217	2007
12838	5217	2006
12839	5217	2005
12840	5217	2004
12841	5218	1993
12842	5218	1992
12843	5218	1991
12844	5218	1990
12845	5218	1989
12846	5218	1988
12847	5218	1987
12848	5218	1986
12849	5218	1985
12850	5218	1984
12851	5219	1993
12852	5219	1992
12853	5219	1991
12854	5219	1990
12855	5219	1989
12856	5219	1988
12857	5219	1987
12858	5219	1986
12859	5219	1985
12860	5219	1984
12861	5219	1983
12862	5219	1982
12863	5219	1981
12864	5220	1985
12865	5220	1984
12866	5220	1983
12867	5220	1982
12868	5220	1981
12869	5221	1991
12870	5221	1990
12871	5221	1989
12872	5221	1988
12873	5221	1987
12874	5221	1986
12924	5226	2014
12925	5226	2013
12926	5226	2012
12927	5226	2011
12928	5226	2010
12929	5226	2009
12930	5226	2008
12931	5226	2007
12932	5226	2006
12933	5226	2005
12934	5226	2004
12935	5226	2003
12936	5226	2002
12937	5226	2001
12938	5226	2000
12939	5226	1999
12940	5226	1998
12941	5227	2009
12942	5227	2008
12943	5227	2007
12944	5227	2006
12945	5227	2005
12946	5227	2004
12947	5227	2003
12948	5227	2002
12949	5227	2001
12950	5227	2000
12951	5227	1999
12952	5227	1998
13001	5230	2020
13002	5230	2019
13003	5230	2018
13004	5230	2017
13034	5232	2016
13035	5232	2015
13036	5232	2014
13037	5232	2013
13038	5232	2012
13039	5232	2011
13040	5232	2010
13041	5232	2009
13042	5232	2008
13043	5232	2007
13044	5232	2006
13045	5232	2005
13046	5232	2004
13047	5232	2003
13048	5232	2002
13049	5232	2001
13050	5232	2000
13051	5232	1999
13052	5232	1998
13173	5241	2010
13174	5241	2009
13175	5241	2008
13176	5241	2007
13177	5241	2006
13178	5241	2005
13179	5241	2004
13180	5241	2003
13181	5241	2002
13182	5241	2001
13183	5241	2000
13184	5241	1999
13185	5241	1998
13186	5241	1997
13187	5242	2018
13188	5242	2017
13189	5242	2016
13190	5242	2015
13191	5242	2014
13192	5242	2013
13230	5246	2018
13231	5246	2017
13232	5246	2016
13233	5246	2015
13234	5246	2014
13367	5253	2014
13368	5253	2013
13369	5253	2009
13370	5253	2008
13371	5253	2007
13372	5253	2003
13373	5253	2002
13374	5253	2001
13407	5256	2024
13408	5256	2023
13409	5256	2022
13410	5256	2021
13411	5256	2020
13412	5256	2019
13413	5256	2018
13414	5256	2017
13415	5256	2016
13503	5258	2020
13504	5258	2019
13505	5258	2018
13506	5258	2017
13507	5258	2002
13508	5258	2001
13509	5258	2000
13510	5258	1999
13511	5258	1998
13512	5258	1997
13513	5258	1996
13514	5258	1995
13515	5258	1994
13516	5258	1993
13517	5258	1992
13518	5258	1991
13519	5258	1990
13520	5258	1989
13521	5258	1988
13522	5258	1987
13523	5258	1986
13524	5258	1985
13525	5258	1984
13526	5258	1983
13527	5258	1982
13528	5258	1981
13529	5259	2006
13530	5259	2005
13531	5259	2004
13532	5259	2003
13533	5259	2002
13534	5259	2001
13535	5259	2000
13536	5260	1998
13537	5260	1997
13538	5260	1996
13539	5260	1995
13540	5260	1994
13541	5260	1993
13542	5260	1992
13543	5260	1991
13544	5260	1990
13545	5260	1989
13546	5260	1988
13547	5260	1987
13548	5260	1986
13549	5260	1985
13550	5260	1984
13551	5260	1983
13552	5260	1982
13553	5260	1981
13554	5261	2016
13555	5261	2015
13556	5261	2014
13557	5261	2013
13558	5261	2012
13559	5261	2011
13560	5261	2010
13561	5261	2009
13562	5262	2020
13563	5262	2019
13564	5262	2018
13565	5262	2017
13566	5262	2016
13567	5262	2015
13568	5262	2014
13569	5262	2013
13570	5262	2012
13571	5262	2011
13572	5262	2010
13573	5262	2009
13574	5262	2008
13575	5262	2007
13576	5263	2011
13577	5263	2010
13578	5263	2009
13579	5263	2008
13580	5263	2007
13581	5263	2006
13582	5263	2005
13583	5263	2004
13584	5263	2003
13585	5263	2002
13586	5263	2001
13587	5263	2000
13588	5263	1999
13589	5263	1998
13590	5263	1997
13591	5263	1996
13592	5263	1995
13593	5263	1994
13594	5263	1993
13595	5263	1992
13596	5263	1991
13597	5263	1990
13598	5263	1989
13599	5263	1988
13600	5263	1987
13601	5263	1986
13602	5263	1985
13603	5263	1984
13604	5263	1983
13605	5263	1982
13606	5263	1981
13607	5264	2006
13608	5265	2019
13609	5265	2018
13610	5265	2017
13611	5265	2016
13612	5266	2005
13613	5266	2004
13614	5266	2003
13615	5266	2002
13616	5266	2001
13617	5266	2000
13618	5266	1999
13619	5266	1998
13620	5266	1997
13621	5266	1996
13622	5266	1995
13623	5266	1994
13624	5266	1993
13625	5266	1992
13626	5266	1991
13627	5266	1990
13628	5266	1989
13629	5266	1988
13630	5266	1987
13631	5266	1986
13632	5266	1985
13633	5266	1984
13634	5266	1983
13635	5266	1982
13636	5266	1981
13637	5267	2019
13638	5267	2018
13639	5267	2017
13640	5267	2016
13641	5267	2015
13642	5267	2014
13643	5267	2013
13644	5267	2012
13645	5267	2011
13646	5267	2010
13647	5267	2009
13648	5267	2008
13649	5267	2007
13650	5267	2006
13651	5267	2005
13652	5268	2005
13653	5268	2004
13654	5268	2003
13655	5268	2002
13656	5268	2001
13657	5268	2000
13658	5268	1999
13659	5268	1998
13660	5268	1997
13661	5268	1996
13662	5268	1995
13663	5268	1994
13664	5268	1993
13665	5268	1992
13666	5268	1991
13667	5268	1990
13668	5268	1989
13669	5268	1988
13670	5268	1987
13671	5268	1986
13672	5268	1985
13673	5268	1984
13674	5268	1983
13675	5268	1982
13676	5268	1981
13677	5269	2011
13678	5269	2010
13679	5269	2009
13680	5269	2008
13681	5269	2007
13682	5269	2006
13683	5270	2005
13684	5270	2004
13685	5270	2003
13686	5270	2002
13687	5270	2001
13688	5270	2000
13689	5270	1999
13690	5270	1998
13691	5270	1997
13692	5270	1996
13693	5270	1995
13694	5270	1994
13695	5270	1993
13696	5270	1992
13697	5270	1991
13698	5271	1991
13699	5271	1990
13700	5271	1989
13701	5271	1988
13702	5272	2020
13703	5272	2019
13704	5272	2018
13705	5272	2017
13706	5272	2016
13707	5272	2015
13708	5272	2014
13709	5272	2013
13710	5272	2012
13711	5272	2011
13712	5272	2004
13713	5272	2003
13714	5272	2002
13715	5272	2001
13716	5272	2000
13717	5272	1999
13718	5272	1998
13719	5272	1997
13720	5272	1996
13721	5272	1995
13722	5272	1994
13723	5272	1993
13724	5272	1992
13725	5272	1991
13726	5272	1990
13727	5272	1989
13728	5272	1988
13729	5272	1987
13730	5272	1986
13731	5272	1985
13732	5272	1984
13733	5272	1983
13734	5272	1982
13735	5272	1981
13736	5273	2020
13737	5273	2019
13738	5273	2018
13739	5274	1999
13740	5274	1998
13741	5274	1997
13742	5274	1996
13743	5274	1995
13744	5274	1993
13745	5274	1992
13746	5274	1991
13747	5274	1990
13748	5274	1989
13749	5274	1988
13750	5274	1987
13751	5274	1986
13752	5274	1985
13753	5274	1984
13754	5274	1983
13755	5274	1982
13756	5274	1981
13757	5275	1996
13758	5275	1995
13759	5275	1994
13760	5275	1993
13761	5275	1992
13762	5275	1991
13763	5275	1990
13764	5276	1998
13765	5276	1997
13766	5276	1996
13767	5276	1995
13768	5276	1994
13769	5276	1993
13770	5276	1992
13771	5276	1991
13772	5276	1990
13773	5276	1989
13774	5276	1988
13775	5276	1987
13776	5276	1986
13777	5276	1985
13778	5276	1984
13779	5276	1983
13780	5276	1982
13781	5276	1981
13782	5277	2017
13783	5277	2016
13784	5277	2015
13785	5277	2014
13786	5277	2013
13787	5277	2012
13788	5278	2019
13789	5278	2018
13790	5278	2017
13791	5278	2016
13792	5278	2015
13793	5278	2014
13794	5278	2013
13795	5279	1992
13796	5279	1991
13797	5279	1990
13798	5279	1989
13799	5279	1988
13800	5279	1987
13801	1044	2017
13802	111	2018
13803	111	2017
13804	85	2018
13805	1312	2019
13806	1758	2020
13807	1930	2021
13808	2174	2022
13809	4014	2023
13830	5280	2022
13831	5280	2021
13832	5280	2020
13833	5281	2024
13834	5281	2023
13835	5281	2022
13836	5281	2021
13837	5281	2020
13838	5282	2020
13839	5282	2019
13840	5282	2018
13841	5282	2017
13842	5282	2016
13843	5283	2019
13844	5283	2018
13845	5283	2017
13846	5283	2016
13847	5283	2015
13848	5283	2014
13849	5283	2013
13850	5283	2012
13851	5283	2011
13852	5283	2010
13853	5283	2009
13854	5283	2008
13855	5283	2007
13856	5283	2006
13857	5283	2005
13858	5283	2004
13859	5283	2003
13860	5284	2005
13861	5284	2004
13862	5284	2003
13863	5284	2002
13864	5284	2001
13865	5284	2000
13866	5284	1999
13867	5284	1998
13868	5284	1997
13869	5284	1996
13870	5284	1995
13871	5284	1994
13872	5284	1993
13873	5284	1992
13874	5284	1991
13875	5284	1990
13876	5284	1989
13877	5284	1988
13878	5284	1987
13879	5284	1986
13880	5284	1985
13881	5284	1984
13882	5284	1983
13883	5284	1982
13884	5284	1981
13885	5285	2011
13886	5285	2010
13887	5285	2009
13888	5285	2008
13889	5285	2007
13890	5285	2006
13891	5286	2002
13892	5286	2001
13893	5286	2000
13894	5286	1999
13895	5286	1998
13896	5286	1997
13897	5286	1996
13898	5286	1995
13899	5286	1994
13900	5286	1993
13901	5286	1992
13902	5286	1991
13903	5286	1990
13904	5286	1989
13905	5286	1988
13906	5286	1987
13907	5286	1986
13908	5286	1985
13909	5286	1984
13910	5286	1983
13911	5286	1982
13912	5286	1981
13913	5287	2016
13914	5287	2015
13915	5287	2014
13916	5288	1996
13917	5288	1995
13918	5288	1994
13919	5288	1993
13920	5288	1992
13921	5288	1991
13922	5288	1990
13923	5288	1989
13924	5288	1988
13925	5288	1987
13926	5288	1986
13927	5288	1985
13928	5288	1984
13929	5288	1983
13930	5288	1982
13931	5288	1981
13932	5289	2004
13933	5289	2003
13934	5289	2002
13935	5289	2001
13936	5289	2000
13937	5289	1999
13938	5289	1998
13939	5289	1997
13940	5289	1996
13941	5289	1995
13942	5289	1994
13943	5289	1993
13944	5289	1992
13945	5289	1991
13946	5289	1990
13947	5289	1989
13948	5289	1988
13949	5289	1987
13950	5289	1986
13951	5289	1985
13952	5289	1984
13953	5289	1983
13954	5289	1982
13955	5289	1981
13956	5290	2011
13957	5290	2010
13958	5290	2009
13959	5290	2008
13960	5290	2007
13961	5290	2006
13962	5290	2005
13963	5291	2019
13964	5291	2018
13965	5291	2017
13966	5291	2016
13967	5291	2015
13968	5291	2014
13969	5291	2013
13970	2341	2022
13972	1712	2020
13974	664	2018
13975	5292	2013
13976	5292	2012
13977	5292	2011
13978	5292	2010
13979	5292	2009
13980	5292	2008
13981	5293	2002
13982	5293	2001
13983	5293	2000
13984	5293	1999
13985	5293	1996
13986	5293	1995
13987	5293	1994
13988	5293	1993
13989	5293	1992
13990	5293	1991
13991	5294	2012
13992	5294	2011
13993	5295	2008
13994	5295	2007
13995	5295	2006
13996	5295	2005
13997	5295	2004
13998	5295	2003
13999	5296	2013
14000	5296	2012
14001	5296	2011
14002	5296	2010
14003	5296	2009
14004	5296	2008
14005	5297	2001
14006	5297	2000
14007	5297	1999
14008	5297	1998
14009	5297	1997
14010	5297	1996
14011	5298	2004
14012	5298	2003
14013	5298	2002
14014	5299	1997
14015	5299	1996
14016	5299	1995
14017	5299	1994
14018	5299	1993
14019	5300	2010
14020	5300	2009
14021	5300	2008
14022	5300	2007
14023	5300	2006
14024	5301	2013
14025	5301	2012
14026	5301	2011
14027	5302	2010
14028	5302	2009
14029	5302	2008
14030	5302	2007
14031	5302	2006
14032	5302	2004
14033	5302	2003
14034	5303	2013
14035	5303	2012
14036	5303	2011
14037	5304	2016
14038	5304	2015
14039	5305	2007
14040	5305	2006
14041	5305	2005
14042	5305	2004
14043	5305	2003
14044	5305	2002
14045	5305	2001
14046	5305	2000
14047	5305	1999
14048	5305	1998
14049	5305	1997
14050	5305	1996
14051	5305	1995
14052	5305	1994
14053	5305	1993
14054	5305	1992
14055	5305	1991
14056	5305	1990
14092	409	2019
14093	409	2018
14094	409	2017
14095	5310	2017
14096	5310	2016
14097	5310	2015
14098	5310	2014
14099	5311	1999
14100	5311	1998
14101	5311	1997
14102	5311	1996
14103	5311	1995
14104	5311	1994
14105	5311	1993
14106	5311	1992
14107	5311	1991
14108	5312	2004
14109	5312	2003
14110	5312	2002
14111	5312	2001
14112	5312	2000
14113	5312	1999
14114	5312	1998
14115	5312	1997
14116	5312	1996
14117	5312	1995
14118	5312	1994
14119	5312	1993
14120	5312	1992
14121	4868	2024
14122	4870	2024
14123	4871	2024
14124	4641	2024
14125	4874	2024
14126	4875	2024
14127	4643	2024
14129	4872	2024
14130	4648	2024
14131	4649	2024
14132	4650	2024
14133	5313	2024
14134	4651	2024
14135	5314	2024
14136	4652	2024
14137	4653	2024
14138	5315	2024
14139	4654	2024
14140	4655	2024
14141	4656	2024
14142	4657	2024
14143	4716	2024
14144	4658	2024
14145	4659	2024
14146	4785	2024
14147	4776	2024
14148	4773	2024
14152	5316	2020
14153	5317	2012
14154	5317	2011
14155	5317	2010
14156	5317	2009
14157	5317	2008
14158	5317	2007
14159	5317	2006
14160	5317	2005
14161	5317	2004
14162	5317	2003
14163	5317	2002
14164	5317	2001
14165	5317	2000
14166	5317	1999
14167	5317	1998
14168	5317	1997
14169	5317	1996
14170	5317	1995
14171	5317	1994
14172	5317	1993
14173	5317	1992
14174	5317	1991
14175	5317	1990
14176	5318	2012
14177	5318	2011
14178	5318	2010
14179	5318	2009
14180	5318	2008
14181	5318	2007
14182	5318	2006
14183	5318	2005
14184	5318	2004
14185	5318	2003
14186	5318	2002
14187	5318	2001
14188	5318	2000
14189	5318	1999
14190	5318	1998
14191	5318	1997
14192	5318	1996
14193	5318	1995
14194	5318	1994
14195	5318	1993
14196	5318	1992
14197	5318	1991
14198	5318	1990
14199	5318	1989
14200	5318	1988
14201	5318	1987
14202	5318	1986
14203	5318	1985
14204	5319	2017
14205	5319	2016
14206	5319	2015
14207	5319	2014
14208	5319	2013
14209	5319	2012
14210	5319	2011
14211	5319	2010
14212	5319	2009
14213	5319	2008
14214	5319	2007
14215	5319	2006
14216	5319	2005
14217	5319	2004
14218	5319	2003
14219	5319	2002
14273	5321	2024
14274	5321	2023
14275	5321	2022
14276	5321	2021
14277	5321	2020
14278	5321	2019
14279	5322	2024
14280	5322	2023
14281	5322	2022
14282	5322	2021
14283	5322	2020
14284	5322	2019
14285	5322	2018
14286	5322	2017
14287	5323	2022
14288	5323	2021
14289	5323	2020
14290	5323	2019
14291	5323	2018
14292	5323	2017
14293	5324	2024
14294	5324	2023
14295	5325	1994
14296	5325	1993
14297	5325	1992
14298	5325	1991
14299	5325	1990
14300	5325	1989
14301	5325	1986
14302	5325	1985
14303	5325	1984
14304	5325	1983
14305	5325	1982
14306	5325	1981
14307	5326	2002
14308	5326	2001
14309	5326	2000
14310	5326	1999
14311	5326	1997
14312	5326	1996
14313	5326	1995
14314	5326	1994
14315	5326	1993
14316	5326	1992
14317	5326	1991
14318	5326	1990
14319	5326	1989
14320	5326	1988
14321	5326	1987
14322	5326	1986
14323	5326	1985
14324	5326	1984
14325	5326	1983
14326	5326	1982
14327	5326	1981
14328	5327	2011
14329	5327	2010
14330	5327	2009
14331	5327	2008
14332	5327	2007
14333	5327	2006
14334	5327	2005
14335	5327	2004
14336	5327	2003
14337	5327	2002
14338	5327	2001
14339	5327	2000
14340	5327	1999
14341	5327	1998
14342	5327	1997
14343	5327	1996
14344	5327	1995
14345	5327	1994
14346	5327	1993
14347	5327	1992
14348	5327	1991
14349	5327	1990
14350	5327	1989
14351	5327	1988
14352	5327	1987
14353	5327	1986
14354	5327	1985
14355	5327	1984
14356	5327	1983
14357	5327	1982
14358	5327	1981
14359	5328	2011
14360	5328	2010
14361	5328	2009
14362	5328	2008
14363	5328	2007
14364	5328	2006
14365	5329	2007
14366	5329	2006
14367	5329	2005
14368	5330	2000
14369	5330	1999
14370	5330	1998
14371	5330	1997
14372	5330	1996
14373	5330	1995
14374	5331	2009
14375	5331	2008
14376	5331	2005
14377	5331	2004
14378	5331	2003
14379	5331	2002
14380	5331	2001
14381	5331	2000
14382	5331	1999
14383	5331	1998
14384	5331	1997
14385	5331	1996
14386	5331	1995
14387	5331	1994
14388	5331	1993
14389	5331	1992
14390	5331	1991
14391	5331	1990
14392	5331	1989
14393	5331	1988
14394	5331	1987
14395	5331	1986
14396	5332	1999
14397	5332	1998
14398	5332	1997
14399	5332	1996
14400	5332	1995
14401	5332	1994
14402	5332	1993
14403	5332	1992
14404	5332	1991
14405	5332	1990
14406	5332	1989
14407	5332	1988
14418	5333	2019
14419	5333	2018
14420	5333	2017
14421	5333	2016
14422	5333	2015
14423	5333	2014
14424	5333	2013
14425	5333	2012
14426	5334	2020
14427	5334	2019
14428	5334	2018
14429	5334	2017
14430	5335	1997
14431	5335	1996
14432	5335	1995
14433	5335	1994
14434	5335	1993
14435	5335	1992
14436	5335	1991
14437	5335	1990
14438	5335	1989
14439	5336	1997
14440	5336	1996
14441	5336	1995
14442	5336	1994
14443	5336	1993
14444	5336	1992
14445	5336	1991
14446	5336	1990
14447	5336	1989
14448	5337	2010
14449	5337	2009
14450	5337	2008
14451	5337	2007
14452	5337	2006
14453	5337	2005
14454	5337	2004
14455	5337	2003
14456	5337	2002
14539	5341	2019
14540	5341	2018
14541	5341	2017
14542	5341	2016
14543	5341	2015
14544	5341	2014
14545	5341	2013
14585	2103	2021
14586	1313	2019
14587	5344	2016
14588	5344	2015
14589	5344	2014
14590	5344	2013
14591	5344	2012
14592	5344	2011
14593	5344	2010
14594	5344	2009
14595	5344	2008
14596	5344	2007
14597	5344	2006
14598	5344	2005
14599	5344	2004
14600	5344	2003
14601	5344	2002
14602	5344	2001
14603	5344	2000
14604	5344	1999
14605	5344	1998
14606	5344	1997
14621	5346	2016
14622	5346	2015
14623	5346	2014
14624	5346	2013
14625	5346	2012
14626	5346	2011
14627	5346	2010
14628	5346	2009
14629	5346	2008
14630	5346	2007
14631	5346	2006
14632	204	2017
14656	5348	2007
14657	5348	2006
14658	5348	2005
14659	5348	2004
14660	5348	2003
14661	5348	2002
14662	5349	2002
14663	5349	2001
14664	5349	2000
14665	5349	1999
14666	5349	1998
14667	5349	1997
14668	5349	1996
14669	5349	1995
14670	5350	2008
14671	5350	2007
14672	5350	2006
14673	5350	2005
14674	5350	2004
14708	5071	1997
14709	5071	1996
14710	5071	1995
14711	5071	1994
14712	5071	1993
14713	5071	1992
14714	5071	1991
14715	5071	1990
14716	5071	1989
14717	5071	1988
14718	5071	1987
14719	5071	1986
14720	5071	1985
14721	5071	1984
14722	5071	1983
14723	5071	1982
14724	5071	1981
14725	5351	2014
14726	5351	2013
14727	5351	2012
14728	5351	2011
14729	5351	2010
14730	5352	2008
14731	5352	2007
14732	5352	2006
14733	5352	2005
14734	5353	2014
14735	5353	2013
14736	5353	2012
14737	5353	2011
14738	5353	2010
14739	5353	2009
14740	5353	2008
14741	5353	2007
14742	5354	2004
14743	5354	2003
14744	5354	2002
14745	5354	2001
14746	5354	2000
14747	5354	1999
14748	5355	1998
14749	5355	1997
14750	5355	1996
14751	5355	1995
14752	5355	1994
14753	5355	1993
14754	5355	1992
14755	5356	2003
14756	5356	2002
14757	5356	2001
14758	5356	1999
14759	5356	1998
14760	5356	1997
14761	5356	1996
14762	5356	1995
14793	5358	1996
14794	5358	1995
14795	5358	1994
14796	5358	1993
14797	5358	1992
14798	5358	1991
14799	5358	1990
14800	5358	1989
14801	5358	1988
14802	5358	1987
14803	5358	1986
14804	5358	1985
14805	5358	1984
14806	5358	1983
14807	5358	1982
14808	5359	1999
14809	5359	1998
14810	5359	1997
14811	5359	1981
14812	5360	1997
14813	5360	1996
14814	5360	1995
14815	5360	1994
14816	5360	1993
14817	5360	1992
14818	5360	1991
14819	5360	1990
14820	5360	1989
14821	5360	1988
14822	5360	1987
14823	5360	1986
14824	5360	1985
14825	5360	1984
14826	5360	1983
14827	5360	1982
14828	5360	1981
14837	5361	1983
14838	5361	1982
14839	5361	1981
14840	5362	1988
14841	5362	1987
14842	5362	1986
14843	5362	1985
14844	5362	1984
14845	5362	1983
14846	5362	1982
14847	5362	1981
14848	5363	1999
14849	5363	1998
14850	5363	1997
14851	5363	1996
14852	5363	1995
14853	5363	1994
14854	5363	1993
14855	5363	1992
14856	5363	1991
14857	5363	1990
14858	5363	1989
14859	5364	2002
14860	5364	2001
14861	5364	2000
14862	5364	1999
14863	5364	1998
14864	5365	1996
14865	5365	1995
14866	5365	1994
14867	5365	1993
14868	5365	1992
14869	5365	1991
14870	5365	1990
14871	5365	1989
14872	5365	1988
14873	5365	1987
14874	5365	1986
14875	5365	1985
14876	5365	1984
14877	5365	1983
14878	5365	1982
14879	5365	1981
14880	5366	1999
14881	5366	1998
14882	5366	1997
14883	5367	2001
14884	5367	2000
14885	5367	1999
14886	5367	1998
14887	5367	1997
14888	5367	1996
14889	5367	1995
14890	5367	1994
14891	5368	2000
14892	5368	1999
14893	5368	1998
14894	5368	1997
14895	5368	1996
14896	5369	2005
14897	5369	2004
14898	5369	2003
14899	5369	2002
14900	5369	2001
14901	5369	2000
14902	5369	1999
14903	5369	1998
14904	5369	1997
14905	5369	1996
14906	5369	1995
14907	5369	1994
14908	5369	1993
14909	5369	1992
14910	5369	1991
14911	5369	1990
14912	5369	1989
14913	5369	1988
14914	5369	1987
14915	5369	1986
14916	5369	1985
14917	5369	1984
14918	5369	1983
14919	5369	1982
14920	5369	1981
14921	5370	1988
14922	5370	1987
14923	5370	1986
14924	5370	1985
14925	5370	1984
14926	5371	2002
14927	5371	2001
14928	5371	2000
14929	5371	1999
14930	5371	1998
14931	5371	1997
14932	5371	1996
14933	5371	1995
14934	5371	1994
14935	5371	1993
14936	5371	1992
14937	5371	1991
14938	5371	1990
14939	5371	1989
14940	5371	1988
14941	5371	1987
14942	5371	1986
14943	5371	1985
14944	5371	1984
14945	5371	1983
14946	5371	1982
14947	5371	1981
14948	5372	2010
14949	5372	2009
14950	5372	2008
14951	5373	2010
14952	5373	2009
14953	5373	2008
14954	5373	2007
14955	5374	2010
14956	5374	2009
14957	5374	2008
14958	5374	2007
14959	5374	2006
14960	5374	2005
14961	5375	2010
14962	5375	2009
14963	5375	2008
14964	5376	2005
14965	5376	2004
14966	5376	2003
14967	5376	2002
14968	5376	2001
14969	5376	2000
14970	5376	1999
14971	5376	1998
14972	5376	1997
14973	5376	1996
14974	5376	1995
14975	5376	1994
14976	5376	1993
14977	5376	1992
14978	5376	1991
14979	5376	1990
14980	5376	1989
14981	5376	1988
14982	5376	1987
14983	5376	1986
14984	5376	1985
14985	5377	2008
14986	5377	2007
14987	5377	2006
14988	5377	2005
14989	5377	2004
14990	5377	2003
14991	5377	2002
14992	5377	2001
14993	5377	2000
14994	5377	1999
14995	5377	1998
14996	5377	1997
14997	5377	1996
14998	5377	1995
14999	5377	1994
15000	5377	1993
15001	5377	1992
15002	5377	1991
15003	5377	1990
15004	5377	1989
15005	5377	1988
15006	5377	1987
15007	5377	1986
15008	5377	1985
15009	5377	1984
15010	5377	1983
15011	5377	1982
15012	5377	1981
15013	5378	2006
15014	5378	2005
15015	5378	2004
15016	5379	1989
15017	5379	1988
15018	5379	1987
15019	5379	1986
15020	5379	1985
15021	5379	1984
15022	5379	1983
15023	5379	1982
15024	5379	1981
15025	5380	2010
15026	5380	2009
15027	5380	2008
15028	5380	2007
15029	5380	2006
15030	5381	2005
15031	5381	2004
15032	5381	2003
15033	5381	2002
15034	5381	2001
15035	5381	2000
15036	5381	1999
15037	5381	1998
15038	5381	1997
15039	5381	1996
15040	5382	2010
15041	5382	2009
15042	5382	2008
15043	5382	2007
15044	5382	2006
15045	5382	2005
15046	5382	2004
15047	5382	2003
15076	5383	2012
15077	5383	2011
15078	5383	2010
15079	5383	2009
15080	5383	2008
15081	5383	2007
15082	5383	2006
15083	5383	2005
15084	5383	2004
15085	5383	2003
15086	5383	2002
15087	5383	2001
15088	5383	2000
15089	5383	1999
15090	5384	2009
15091	5384	2008
15096	5385	2010
15097	5385	2009
15098	5385	2008
15099	5385	2007
15100	5386	2007
15101	5386	2006
15102	5386	2005
15103	5386	2004
15104	5386	2003
15105	5387	2003
15106	5388	2005
15107	5388	2004
15108	5388	2003
15109	5389	2002
15110	5389	2001
15111	5389	2000
15115	5390	2002
15116	5390	2001
15117	5390	2000
15118	5391	2003
15119	5392	2004
15120	5392	2003
15121	5393	2002
15122	5393	2001
15123	5393	2000
15124	5393	1999
15125	5393	1998
15126	5393	1997
15127	5393	1996
15128	5393	1995
15129	5393	1994
15130	5393	1993
15131	5393	1992
15132	5393	1991
15133	5394	2010
15134	5394	2009
15135	5394	2008
15136	5394	2007
15137	5395	2002
15138	5395	2001
15139	5395	2000
15140	5395	1999
15141	5395	1998
15142	5395	1997
15143	5395	1996
15144	5395	1995
15145	5395	1994
15146	5396	2002
15147	5396	2001
15148	5396	2000
15149	5396	1999
15150	5396	1998
15151	5396	1997
15152	5396	1996
15153	5396	1995
15154	5396	1994
15155	5396	1993
15156	5396	1992
15157	5396	1991
15158	5397	2001
15159	5397	2000
15160	5397	1999
15161	5397	1998
15162	5397	1997
15163	5397	1996
15164	5397	1995
15165	5397	1994
15166	5397	1993
15167	5398	2020
15168	5398	2019
15169	5398	2018
15170	5398	2017
15171	5398	2016
15172	5398	2015
15173	5398	2014
15174	5398	2013
15175	5398	2012
15176	5398	2011
15177	5398	2010
15178	5398	2009
15179	5398	2008
15180	5399	2020
15181	5399	2019
15182	5399	2018
15183	5400	1995
15184	5400	1994
15185	5400	1993
15186	5400	1992
15187	5400	1991
15188	5400	1990
15189	5400	1989
15190	5400	1988
15191	5400	1987
15192	5400	1986
15193	5401	2012
15194	5401	2011
15195	5401	2010
15196	5401	2009
15197	5401	2008
15198	5401	2007
15199	5401	2006
15200	5401	2005
15201	5401	2004
15202	5401	2003
15203	5401	2002
15204	5401	2001
15205	5401	2000
15206	5401	1999
15207	5401	1998
15208	5401	1997
15209	5401	1996
15210	5402	2020
15211	5402	2019
15212	5402	2018
15213	5402	2017
15214	5402	2016
15215	5402	2015
15216	5402	2014
15217	5403	2006
15218	5403	2005
15219	5403	2004
15220	5403	2003
15221	5403	2002
15222	5404	2014
15223	5404	2013
15224	5404	2012
15225	5404	2011
15226	5404	2010
15227	5404	2009
15228	5404	2008
15229	5404	2007
15230	5404	2006
15231	5404	2005
15232	5404	2004
15233	4930	2024
15234	4930	2023
15235	4930	2022
15236	4930	2021
15237	4930	2020
15238	4930	2019
15239	4930	2018
15240	4930	2017
15241	4930	2016
15242	4930	2015
15243	4930	2014
15244	4930	2013
15245	4930	2012
15246	4930	2011
15247	4930	2010
15248	4930	2009
15249	4930	2008
15250	4930	2007
15251	4930	2006
15252	4930	2005
15253	4930	2004
15254	4930	2003
15255	4930	2002
15256	4930	2001
15257	4930	2000
15258	4930	1999
15259	4930	1998
15260	4930	1997
15261	4930	1996
15262	4930	1995
15263	4930	1994
15264	4930	1993
15265	4930	1992
15266	4930	1991
15267	4930	1990
15268	4930	1989
15269	4930	1988
15270	4930	1987
15271	4930	1986
15272	4930	1985
15273	4930	1984
15274	4930	1983
15275	4930	1982
15276	4930	1981
15277	5405	2021
15278	5405	2020
15279	5405	2019
15280	5405	2018
15281	5405	2017
15282	5406	2009
15283	5406	2008
15284	5406	2007
15285	5406	2006
15286	5406	2005
15287	5406	2004
15288	5406	2003
15289	5406	2002
15290	5406	2001
15291	5406	2000
15336	4947	2020
15337	4947	2019
15338	4947	2018
15339	4947	2017
15340	5407	2007
15341	5407	2006
15342	5407	2005
15343	5407	2004
15344	5407	2003
15345	5407	2002
15346	5407	2001
15347	5407	2000
15348	5407	1995
15349	5407	1994
15350	5407	1993
15351	5407	1992
15352	5407	1991
15353	5407	1990
15354	5407	1989
15355	5407	1988
15356	5407	1987
15357	5407	1986
15358	5407	1985
15359	4961	1999
15360	4961	1998
15361	4961	1997
15362	4961	1996
15363	4961	1995
15364	4961	1994
15365	4961	1993
15366	4961	1992
15372	2329	2022
15373	3885	2023
15374	4719	2024
15375	3894	2023
15376	2338	2022
15384	5027	2015
15385	5027	2014
15386	5027	2013
15387	5027	2012
15388	5027	2011
15389	5027	2010
15390	5027	2009
15391	5027	2008
15392	5027	2007
15393	5027	2006
15394	5027	2005
15395	5027	2004
15396	5027	2003
15397	5027	2002
15398	5027	2001
15399	5027	2000
15400	5027	1999
15401	5027	1998
15402	5027	1997
15403	5027	1996
15404	5027	1995
15405	5027	1994
15406	5027	1989
15407	5408	2004
15408	5408	2003
15409	5408	2002
15410	5408	2001
15411	5408	2000
15412	5409	2011
15413	5409	2010
15414	5409	2009
15415	5409	2008
15416	5409	2007
15417	5409	2006
15418	5409	2005
15419	4694	2024
15428	2339	2022
15429	2063	2021
15430	3895	2023
15431	4721	2024
15432	2066	2021
15433	2331	2022
15434	4712	2024
15435	4710	2024
15436	3887	2023
15437	2064	2021
15438	2330	2022
15439	3886	2023
15459	5257	2022
15460	5257	2021
15461	5257	2020
15462	5257	2019
15463	5257	2018
15464	5257	2017
15465	5257	2016
15466	5257	2015
15467	5257	2014
15468	5257	2013
15469	5257	2012
15470	5257	2011
15471	5257	2010
15472	5257	2009
15473	5257	2008
15474	5257	2007
15475	5257	2006
15476	5257	2005
15477	5257	2004
15478	5257	2003
15479	5257	2002
15480	5257	2001
15481	5257	2000
15482	5257	1999
15483	5257	1998
15484	5411	2022
15485	5411	2021
15486	5411	2020
15487	5411	2019
15488	5411	2018
15489	5411	2017
15490	5411	2016
15491	5411	2015
15492	5411	2014
15493	5411	2013
15494	2907	2011
15495	3398	2012
15496	4788	2024
15497	5055	2024
15498	5412	2024
15502	4797	2024
15503	4796	2024
15504	4795	2024
15505	4794	2024
15506	4803	2024
15507	4798	2024
15508	4678	2024
15509	5413	2024
15510	4676	2024
15511	4677	2024
15512	5414	2024
15513	4691	2024
15514	4843	2024
15515	4841	2024
15516	4695	2024
15517	4697	2024
15518	4873	2024
15520	4876	2024
15521	2155	2020
15522	2155	2019
15523	2155	2018
15524	2155	2017
15525	2155	2016
15526	2155	2015
15527	2155	2014
15528	2155	2013
15529	2155	2012
15530	2155	2011
15552	2159	2016
15553	2159	2015
15554	2159	2014
15555	2159	2013
15556	2159	2012
15557	2159	2011
15558	2159	2010
15559	2159	2009
15560	2159	2008
15561	2159	2007
15562	2159	2006
15563	2159	2005
15564	2159	2004
15565	2159	2003
15566	2159	2002
15567	2159	2001
15568	2159	2000
15569	2159	1999
15570	2159	1998
15572	5178	2022
15573	5178	2021
15574	5178	2020
15575	2236	2022
15576	4027	2023
15577	5417	2022
15578	5417	2021
15579	5417	2020
15701	2755	2022
15724	2665	2021
15725	5036	2023
15726	5036	2021
15727	5036	2020
15728	5036	2019
15729	5036	2018
15730	5036	2017
15732	1910	2021
15733	2186	2022
15734	2188	2022
15737	2698	2016
15738	4725	2024
15739	4726	2024
15740	4723	2024
15741	4730	2024
15742	4731	2024
15743	4732	2024
15744	4733	2024
15745	4735	2024
15746	4734	2024
15747	4738	2024
15748	4739	2024
15749	4740	2024
15750	4744	2024
15751	4745	2024
15753	4748	2024
15754	4751	2024
15755	4752	2024
15756	4753	2024
15757	4754	2024
15758	4756	2024
15759	4757	2024
15760	4760	2024
15761	4762	2024
15762	4763	2024
15764	4764	2024
15765	4766	2024
15766	4767	2024
15767	4768	2024
15768	4770	2024
15769	4771	2024
15770	4669	2024
15771	4670	2024
15772	4668	2024
15773	4787	2024
15774	4789	2024
15775	4790	2024
15776	4786	2024
15777	4774	2024
15778	4775	2024
15779	4777	2024
15780	4780	2024
15781	4779	2024
15783	4784	2024
15784	4778	2024
15785	5421	2024
15786	5422	2024
15788	5424	2024
15791	5426	2024
15793	4772	2024
15794	5430	2024
15796	4769	2024
15797	4765	2024
15798	4741	2024
15802	4743	2024
15803	4761	2024
15804	4759	2024
15805	4758	2024
15807	4750	2024
15808	4755	2024
15809	4746	2024
15810	4702	2024
15811	4727	2024
15812	4713	2024
15813	4711	2024
15814	4706	2024
15815	4700	2024
15816	4707	2024
15817	4705	2024
15818	4718	2024
15819	4708	2024
15820	4813	2024
15821	4814	2024
15822	4822	2024
15823	4821	2024
15824	4818	2024
15825	4809	2024
15826	5435	2024
15827	4807	2024
15828	4808	2024
15829	4845	2024
15830	4848	2024
15831	4847	2024
15832	4849	2024
15833	4851	2024
15834	4850	2024
15835	5436	2024
15836	5437	2024
15837	5438	2024
15839	5440	2024
15840	5441	2024
15841	5442	2024
15842	4830	2024
15843	4828	2024
15844	5443	2024
15845	5444	2024
15846	4866	2024
15847	4855	2024
15848	4852	2024
15849	4865	2024
15850	4853	2024
15852	4861	2024
15853	4863	2024
15854	4867	2024
15856	5057	2024
15857	4864	2024
15858	4858	2024
15859	4885	2024
15860	4884	2024
15861	4882	2024
15862	4887	2024
15863	4888	2024
15864	4826	2024
15865	4829	2024
15866	4827	2024
15867	4824	2024
15868	4825	2024
15869	4902	2024
15870	4903	2024
15871	4908	2024
15872	4912	2024
15873	4909	2024
15874	4910	2024
15875	4905	2024
15876	4911	2024
15877	4907	2024
15878	4904	2024
15879	4906	2024
15880	4671	2024
15881	4675	2024
15882	4672	2024
15883	4673	2024
15884	4674	2024
15886	4900	2024
15887	5446	2024
15888	4897	2024
15889	4896	2024
15890	5447	2024
15891	4893	2024
15892	5448	2024
15893	5449	2024
15894	5450	2024
15896	5452	2024
15897	5453	2024
15898	5454	2024
15899	5455	2024
15900	5456	2024
15901	5457	2024
15902	5458	2024
15903	4728	2024
15904	4729	2024
15905	4736	2024
15906	4737	2024
15908	4688	2024
15909	4689	2024
15910	4687	2024
15911	4686	2024
15912	5459	2024
15913	5460	2024
15914	5461	2024
15915	4665	2024
15916	4664	2024
15917	4666	2024
15918	4667	2024
15919	4684	2024
15920	4683	2024
15921	5415	2024
15922	4877	2024
15923	4878	2024
15924	4901	2024
15926	4881	2024
15927	4883	2024
15928	4895	2024
15929	4894	2024
15930	4879	2024
15931	4892	2024
15932	4891	2024
15933	4886	2024
15934	4898	2024
15935	4889	2024
15936	4890	2024
15937	4880	2024
15938	5462	1986
15939	5462	1985
15940	5462	1984
15941	5462	1983
15942	5462	1982
15943	5462	1981
15944	5463	1994
15945	5463	1993
15946	5463	1992
15947	5463	1991
15948	5463	1990
15949	5463	1989
15950	5463	1988
15951	5463	1987
15952	5463	1986
15953	5463	1985
15954	5463	1984
15955	5463	1983
15956	5463	1982
15957	5463	1981
15958	5439	2024
15959	4145	2023
15960	4931	2023
15961	4931	2022
15962	4931	2021
15963	4931	2020
15964	4931	2019
15965	4931	2018
15966	4931	2017
15970	5464	2023
15971	5464	2022
15989	5149	2024
15990	5149	2023
15991	5149	2022
15992	5149	2021
15993	5149	2020
15994	5149	2019
15995	5149	2018
15996	5149	2017
15997	5187	2024
15998	5187	2023
15999	5187	2022
16000	5187	2021
16001	5187	2020
16002	5187	2019
16003	5187	2018
16004	5187	2017
16005	5187	2016
16006	5187	2015
16007	5188	2024
16008	5188	2023
16009	5188	2022
16010	5188	2021
16011	5465	2024
16012	5465	2023
16013	5155	2024
16014	5155	2023
16015	5155	2022
16016	5155	2021
16017	5155	2020
16018	5155	2019
16019	5155	2018
16020	5156	2024
16021	5156	2023
16022	5156	2022
16023	5156	2021
16024	5156	2020
16025	5156	2019
16026	5156	2018
16027	5156	2017
16028	5156	2007
16029	5156	2006
16030	5156	2005
16031	5156	2004
16032	5156	2003
16033	5156	2002
16034	5156	2001
16035	5156	1995
16036	5156	1994
16053	5160	2024
16054	5160	2023
16055	5160	2021
16056	5160	2020
16057	5160	2019
16058	5160	2018
16059	5160	2017
16060	5160	2003
16061	5160	2002
16062	5160	2001
16063	5160	2000
16064	5160	1999
16065	5160	1998
16066	5160	1997
16067	5160	1996
16068	5160	1995
16069	5160	1994
16070	5189	2023
16071	5189	2022
16072	5189	2021
16073	5189	2020
16074	5189	2019
16075	5189	2018
16076	5189	2017
16077	5189	2016
16078	5189	2015
16079	5189	2014
16080	5189	2013
16081	5189	2010
16082	5189	2009
16083	5189	2008
16084	5189	2007
16085	5189	2006
16086	5189	2003
16087	5189	2002
16088	5189	2001
16089	5189	2000
16090	5189	1993
16091	5189	1992
16092	5189	1991
16093	5189	1988
16094	5190	2023
16095	5190	2022
16096	5190	2021
16097	5190	2020
16098	5190	2019
16099	5190	2018
16100	5466	2024
16101	5467	2024
16103	3935	2014
16129	5469	2024
16130	5469	2023
16194	5470	2024
16195	5470	2023
16196	5470	2022
16197	5470	2021
16198	5470	2020
16199	5470	2019
16200	5470	2018
16201	5470	2017
16202	5470	2016
16203	5470	2015
16204	5044	2014
16205	5044	2013
16206	5044	2012
16207	5044	2011
16208	5044	2010
16209	5044	2009
16210	5044	2008
16211	5044	2007
16212	5044	2006
16213	5044	2005
16214	5044	2004
16215	5044	2003
16216	5044	2002
16217	5044	2001
16218	5044	2000
16219	5044	1999
16220	5044	1998
16221	5044	1997
16222	5044	1996
16223	5044	1995
16224	5044	1994
16225	5044	1993
16226	5044	1992
16227	5044	1991
16228	5044	1990
16229	5044	1989
16230	5044	1988
16231	5044	1987
16232	5044	1986
16233	5044	1985
16234	5044	1984
16235	5044	1982
16236	5044	1981
16247	5050	2014
16248	5050	2013
16249	5050	2012
16250	5050	2011
16251	5050	2010
16252	5050	2009
16253	5050	2008
16254	5050	2007
16255	5050	2006
16256	5050	2005
16257	5050	2004
16258	5050	2003
16259	5050	2002
16260	5050	2001
16261	5050	2000
16262	5050	1999
16263	5050	1998
16264	5050	1997
16265	5050	1983
16266	5050	1982
16267	5050	1981
16268	5471	2023
16269	5471	2022
16270	5471	2021
16271	5471	2020
16272	5471	2019
16273	5471	2018
16274	5471	2017
16275	5471	2016
16276	5471	2015
16277	4928	2024
16278	4928	2023
16279	4928	2022
16280	4928	2021
16281	4928	2020
16282	4928	2019
16283	4928	2018
16284	4928	2017
16285	4928	2016
16286	4928	2015
16287	4928	2014
16288	4928	2013
16289	4928	2012
16290	4928	2011
16291	4928	2010
16292	4928	2009
16293	4928	2008
16294	4928	2007
16295	4928	2006
16296	4928	2005
16297	4928	2004
16298	4928	2003
16299	4928	2002
16300	4928	2001
16301	4928	2000
16302	4928	1999
16303	4928	1998
16304	4928	1997
16305	4928	1996
16306	4928	1995
16307	4928	1994
16308	4928	1993
16309	4928	1992
16310	4928	1991
16311	4928	1990
16312	4928	1989
16313	4928	1988
16314	4928	1987
16315	4928	1986
16316	4928	1985
16317	4928	1984
16318	4928	1983
16319	4928	1982
16320	4928	1981
16321	2806	2022
16323	4622	2024
16324	4690	2024
16347	5472	2015
16348	5472	2014
16349	5472	2013
16350	5472	2012
16351	5472	2011
16352	5472	2010
16353	5472	2009
16354	5472	2008
16355	5472	2007
16356	5472	2006
16357	5472	2005
16358	5472	2004
16359	5472	2003
16360	5472	2002
16361	5472	2001
16362	5472	2000
16363	5472	1999
16364	5472	1998
16365	5472	1997
16366	5472	1996
16367	5472	1995
16368	5472	1994
16371	5473	2021
16372	5473	2020
16373	5473	2019
16374	5473	2018
16375	5473	2017
16376	5473	2016
16396	4714	2024
16397	5475	2022
16398	5475	2021
16399	5475	2020
16400	5475	2019
16401	5476	2023
16402	5476	2022
16403	5476	2021
16404	5476	2020
16405	5476	2019
16406	5476	2018
16407	5476	2017
16408	5477	2023
16409	5477	2022
16410	5477	2021
16411	5477	2020
16412	5477	2019
16413	5477	2012
16414	5477	2011
16415	5477	2010
16416	5477	2009
16417	5478	2018
16418	5478	2017
16419	5478	2016
16420	5478	2015
16421	5478	2013
16422	5478	2012
16423	5478	2011
16424	5479	2016
16425	5479	2015
16426	5479	2014
16427	5479	2013
16428	5479	2012
16429	5479	2011
16430	5479	2010
16431	5479	2009
16432	5479	2008
16433	5479	2007
16434	5479	2006
16435	5479	2005
16436	5480	2018
16437	5480	2017
16438	5480	2016
16439	5480	2015
16440	5480	2014
16441	5480	2013
16442	5480	2012
16443	5480	2011
16444	5480	2010
16445	5480	2009
16446	5480	2008
16447	5480	2007
16448	5480	2006
16449	5480	1989
16450	5480	1988
16451	5480	1987
16452	5480	1986
16453	5480	1985
16454	5480	1984
16455	5480	1983
16456	5480	1982
16457	5480	1981
16463	5482	2019
16464	5482	2018
16465	5483	2012
16466	5483	1994
16467	5483	1993
16468	5483	1992
16469	5483	1991
16470	5483	1990
16471	5484	2019
16472	5484	2018
16473	5484	2017
16474	5484	2016
16475	5484	2015
16476	5484	2014
16477	5484	2012
16478	5484	2011
16479	5484	2010
16480	5485	2004
16481	5485	2003
16482	4747	2024
16483	3909	2023
16484	2185	2022
16485	1906	2021
16489	5154	2013
16490	5154	2012
16491	5154	2008
16492	966	2025
16493	966	2024
16494	966	2023
16495	966	2022
16496	966	2021
16497	966	2020
16498	966	2019
16499	966	2018
16500	966	2017
16501	966	2016
16502	966	2015
16503	966	2014
16504	966	2013
16505	966	2012
16506	966	2011
16507	966	2010
16508	966	2009
16509	966	2008
16510	966	2007
16511	966	2006
16512	966	2005
16513	966	2004
16514	966	2003
16515	966	2002
16516	966	2001
16517	966	2000
16518	966	1999
16519	966	1998
16520	966	1997
16521	966	1996
16522	970	2025
16523	970	2024
16524	970	2023
16525	970	2022
16526	970	2021
16527	970	2020
16528	970	2019
16529	970	2018
16530	970	2017
16531	970	2016
16532	970	2015
16533	970	2014
16534	970	2013
16535	970	2012
16536	970	2011
16537	970	2010
16538	970	2009
16539	970	2008
16540	970	2007
16541	970	2006
16542	970	2005
16543	970	2004
16544	970	2003
16545	970	2002
16546	970	2001
16547	970	2000
16548	970	1999
16549	970	1998
16550	970	1997
16551	970	1996
16552	970	1995
16553	970	1994
16554	970	1993
16555	970	1992
16556	970	1991
16557	970	1990
16558	965	2025
16559	965	2024
16560	965	2023
16561	965	2022
16562	965	2021
16563	965	2020
16564	965	2019
16565	965	2018
16566	965	2017
16567	965	2016
16568	965	2015
16569	965	2014
16570	965	2013
16571	965	2012
16572	965	2011
16573	965	2010
16574	965	2009
16575	965	2008
16576	965	2007
16577	965	2006
16578	965	2005
16579	965	2004
16580	965	2003
16581	965	2002
16582	965	2001
16583	965	2000
16584	965	1999
16585	965	1998
16586	965	1997
16587	965	1996
16588	965	1995
16589	965	1994
16590	965	1993
16591	965	1992
16592	965	1991
16593	965	1990
16596	5488	2016
16598	1300	2019
16601	5489	2019
16602	1298	2019
16603	1297	2019
16604	178	2019
16605	180	2019
16606	100	2019
16607	2471	2020
16608	5490	2024
16609	5490	2023
16610	5490	2022
16611	5490	2021
16612	5490	2020
16613	5490	2019
16614	5490	2018
16615	5490	2017
16616	5490	2016
16617	5490	2015
16618	5491	2020
16619	5491	2019
16620	5491	2018
16621	5491	2017
16640	5495	2021
16641	5495	2017
16642	5495	2016
16643	5496	2021
16644	5496	2020
16645	5496	2019
16646	5496	2018
16647	5496	2017
16663	5498	2021
16664	5498	2020
16665	5499	2021
16666	5499	2020
16667	5499	2019
16668	5499	2018
16669	5499	2017
16670	2472	2020
16671	5500	2022
16672	5500	2021
16673	5500	2020
16674	5500	2019
16675	5500	2018
16676	5500	2017
16677	5500	2016
16678	5500	2015
16679	5500	2014
16680	5500	2013
16681	5500	2012
16704	5504	2021
16705	5504	2020
16706	5504	2019
16707	5503	2023
16708	5503	2022
16709	5503	2021
16710	5503	2020
16722	5507	2021
16723	5507	2020
16724	5507	2019
16725	5507	2018
16726	5507	2017
16727	5507	2016
16728	5507	2015
16729	5507	2014
16730	5508	2021
16731	5508	2020
16732	5508	2019
16733	5508	2018
16734	5508	2017
16735	5508	2016
16736	5509	2022
16737	5509	2021
16738	5509	2020
16739	5509	2019
16747	5512	2024
16748	5511	2024
16749	3631	2023
16750	2036	2021
16759	2666	2016
16760	5513	2024
16761	5193	2022
16762	5193	2021
16763	5193	2020
16764	5193	2019
16765	5193	2016
16766	5193	2015
16767	5193	2014
16768	5193	2013
16769	5193	2012
16770	5193	2011
16771	5193	2010
16772	5193	2009
16773	5193	2008
16774	5193	2007
16775	5193	2006
16776	5193	2005
16777	5193	2004
16778	5193	2003
16779	959	2015
16780	959	2014
16781	959	2013
16782	959	2012
16783	5487	2023
16791	5514	2024
16795	5518	2025
16797	5520	2025
16798	5521	2025
16805	5527	2025
16821	5542	2025
16824	5545	2025
16858	5578	2025
16867	5587	2025
16874	5594	2025
16903	5623	2025
17008	5725	2024
17011	5726	2025
17014	5727	2025
17015	5728	2025
17017	5729	2025
17018	5730	2025
17020	5731	2025
17021	5732	2025
17022	5733	2025
17023	5734	2025
17026	5736	2025
17027	5737	2025
17028	5717	2025
17029	5718	2025
17030	5721	2025
17031	5722	2025
17033	5715	2025
17034	5723	2025
17035	5716	2025
17036	5719	2025
17037	5720	2025
17038	5601	2025
17039	5602	2025
17040	5738	2025
17041	5739	2025
17042	5534	2025
17043	5740	2025
17044	5535	2025
17045	5741	2025
17046	5742	2025
17047	5743	2025
17048	5713	2025
17049	5714	2025
17050	5712	2025
17052	5675	2025
17053	5674	2025
17055	5744	2025
17057	5745	2025
17058	5681	2025
17059	5682	2025
17060	5684	2025
17061	5685	2025
17062	5687	2025
17064	5664	2025
17065	5663	2025
17066	5677	2025
17067	5678	2025
17071	5669	2025
17073	5671	2025
17074	5672	2025
17075	5673	2025
17077	5679	2025
17078	5692	2025
17079	5690	2025
17080	5693	2025
17081	5668	2025
17082	5694	2025
17083	5680	2025
17084	5695	2025
17085	5697	2025
17086	5698	2025
17087	5699	2025
17088	5700	2025
17089	5686	2025
17090	5701	2025
17091	5666	2025
17092	5702	2025
17093	5670	2025
17094	5703	2025
17095	5747	2025
17096	5665	2025
17097	5704	2025
17098	5707	2025
17099	5708	2025
17100	5709	2025
17101	5710	2025
17102	5711	2025
17103	5706	2025
17104	5705	2025
17108	5748	2025
17109	5749	2025
17111	5750	2025
17112	5751	2025
17113	5752	2025
17114	5662	2025
17115	5753	2025
17116	5754	2025
17117	5580	2025
17118	5581	2025
17119	5582	2025
17120	5579	2025
17121	5755	2025
17122	5756	2025
17123	5757	2025
17124	5758	2025
17125	5759	2025
17126	5760	2025
17127	5761	2025
17128	5762	2025
17129	5763	2025
17130	5764	2025
17131	5765	2025
17132	5766	2025
17133	5767	2025
17134	5768	2025
17135	5769	2025
17136	5770	2025
17137	5771	2025
17138	5772	2025
17139	5773	2025
17140	5774	2025
17141	5775	2025
17143	5777	2025
17144	5778	2025
17145	5779	2025
17146	5569	2025
17147	5780	2025
17148	5570	2025
17149	5781	2025
17150	5782	2025
17151	5783	2025
17152	5784	2025
17153	5785	2025
17154	5529	2025
17155	5530	2025
17156	5574	2025
17157	5575	2025
17158	5786	2025
17159	5572	2025
17160	5571	2025
17161	5573	2025
17162	5576	2025
17163	5515	2025
17170	5791	2024
17171	5558	2025
17174	5560	2025
17176	5562	2025
17177	5557	2025
17178	5556	2025
17179	5559	2025
17180	5561	2025
17181	5792	2025
17182	5532	2025
17183	5531	2025
17184	5563	2025
17185	5555	2025
17186	5554	2025
17187	5564	2025
17189	5793	2025
17190	5533	2025
17191	5794	2025
17193	5795	2025
17194	5796	2025
17195	5516	2025
17196	5517	2025
17197	5797	2025
17201	5801	2025
17203	5539	2025
17204	5536	2025
17205	5537	2025
17211	5787	2024
17212	5546	2025
17213	5544	2025
17214	5540	2025
17215	5541	2025
17216	5548	2025
17217	5547	2025
17218	5538	2025
17220	5549	2025
17221	5805	2025
17222	5543	2025
17224	5806	2025
17225	5807	2025
17226	5808	2025
17227	5809	2025
17228	5810	2025
17229	5811	2025
17230	5639	2025
17231	5603	2025
17232	5606	2025
17233	5604	2025
17235	5609	2025
17236	5608	2025
17237	5607	2025
17238	5584	2025
17239	5583	2025
17240	5585	2025
17241	5586	2025
17242	5591	2025
17243	5592	2025
17245	5589	2025
17246	3563	2023
17247	5644	2025
17248	5645	2025
17249	5635	2025
17250	5636	2025
17251	5643	2025
17252	5640	2025
17253	5588	2025
17254	5590	2025
17256	5812	2025
17257	5595	2025
17258	5600	2025
17259	5596	2025
17260	5637	2025
17261	5813	2025
17262	5814	2025
17263	5815	2025
17264	5642	2025
17265	5638	2025
17266	5641	2025
17267	5816	2025
17268	5817	2025
17270	5818	2025
17272	5819	2025
17273	2050	2021
17274	3560	2023
17276	5820	2025
17277	5597	2025
17278	5598	2025
17279	5599	2025
17280	5821	2025
17281	5648	2025
17282	5647	2025
17283	5646	2025
17284	5649	2025
17285	5621	2025
17286	5619	2025
17287	5614	2025
17288	5615	2025
17289	5622	2025
17290	5618	2025
17291	5616	2025
17292	474	2019
17293	474	2018
17294	5617	2025
17295	5611	2025
17296	5620	2025
17297	5610	2025
17298	5613	2025
17301	4742	2024
17302	4749	2024
17303	5565	2025
17305	5823	2025
17306	5519	2025
17307	5522	2025
17308	5528	2025
17310	5523	2025
17311	5524	2025
17312	5550	2025
17313	5551	2025
17314	5552	2025
17315	5553	2025
17316	2824	2019
17318	5824	2025
17319	5825	2025
17320	5826	2025
17321	5827	2025
17324	5828	2025
17325	5653	2025
17326	5650	2025
17327	5651	2025
17328	5659	2025
17329	5656	2025
17330	5661	2025
17332	5829	2025
17333	5658	2025
17334	5830	2025
17335	5654	2025
17336	5660	2025
17337	5655	2025
17338	5657	2025
17339	5831	2025
17340	5832	2025
17341	5833	2025
17342	5834	2025
17343	5835	2025
17344	5836	2025
17345	5837	2025
17346	5838	2025
17347	5839	2025
17348	5840	2025
17349	5841	2025
17350	5842	2025
17351	5843	2025
17352	5844	2025
17353	5845	2025
17354	5846	2025
17355	5848	2025
17356	5849	2025
17357	5850	2025
17358	5851	2025
17359	5852	2025
17360	5853	2025
17361	5854	2025
17362	5855	2025
17363	5627	2025
17364	5628	2025
17365	5632	2025
17366	5629	2025
17367	5631	2025
17368	5625	2025
17369	5630	2025
17370	5624	2025
17371	5634	2025
17372	5856	2025
17373	5626	2025
17374	5857	2025
17375	5858	2025
17376	5859	2025
17377	5860	2025
17378	5861	2025
17379	5862	2025
17380	5863	2025
17382	5864	2024
17383	5865	2024
17384	5866	2024
17390	5872	2024
17393	5875	2024
17398	5879	2024
17399	5880	2024
17401	5882	2024
17402	5883	2024
17403	5884	2024
17405	5886	2024
17406	5887	2024
17407	5888	2024
17410	5891	2024
17411	5892	2024
17414	5895	2024
17418	5890	2024
17419	5893	2024
17420	5899	2024
17421	5894	2024
17423	5900	2024
17424	5898	2024
17425	5901	2024
17426	5897	2024
17427	5902	2024
17428	5903	2024
17431	5904	2024
17434	5905	2024
17435	5906	2024
17437	5907	2024
17438	5908	2024
17439	5909	2024
17442	5911	2024
17443	5912	2024
17444	5913	2024
17445	5914	2024
17446	5915	2024
17447	5916	2024
17448	5917	2024
17449	5918	2024
17450	5919	2024
17452	5920	2024
17453	5921	2024
17454	5922	2024
17455	5923	2024
17456	5924	2024
17457	5925	2024
17458	5926	2024
17459	5927	2024
17460	5928	2024
17461	5929	2024
17462	5930	2024
17463	5931	2024
17464	5932	2024
17465	5933	2024
17466	5934	2024
17470	5937	2024
17471	5938	2024
17472	5939	2024
17473	5940	2024
17474	5941	2024
17475	5942	2024
17476	5943	2024
17477	5944	2024
17478	5945	2024
17479	5946	2024
17480	5947	2024
17481	5948	2024
17482	5949	2024
17483	5950	2024
17484	5951	2024
17485	5952	2024
17486	5953	2024
17487	5954	2024
17488	5955	2024
17489	5956	2024
17490	5957	2024
17491	5958	2024
17493	5960	2024
17494	5961	2024
17495	5962	2024
17496	5963	2024
17500	5964	2024
17501	5965	2024
17502	5966	2024
17503	5967	2024
17504	5968	2024
17505	5969	2024
17508	5972	2024
17509	5973	2024
17510	5974	2024
17511	5975	2024
17512	5976	2024
17513	5977	2024
17514	5978	2024
17515	5979	2024
17516	5980	2024
17517	5981	2024
17518	5982	2024
17519	5983	2024
17520	5984	2024
17523	5985	2024
17524	5986	2024
17525	5987	2024
17527	5988	2024
17528	5989	2024
17529	5990	2024
17530	5991	2024
17531	5992	2024
17532	5993	2024
17533	5994	2024
17534	5995	2024
17535	5996	2024
17536	5997	2024
17537	5998	2024
17541	6000	2024
17542	5999	2024
17543	6001	2024
17544	6002	2024
17545	6003	2024
17546	6004	2024
17547	6005	2024
17548	6006	2024
17549	6007	2024
17550	6008	2024
17551	6009	2024
17554	6010	2024
17555	6011	2024
17556	6012	2024
17557	6013	2024
17558	6014	2024
17559	6015	2024
17563	6017	2024
17564	6016	2024
17565	6018	2024
17566	6019	2024
17567	6020	2024
17568	6021	2024
17569	6022	2024
17570	6023	2024
17572	6024	2024
17574	6025	2024
17575	6026	2024
17576	6027	2024
17577	6028	2024
17578	6029	2024
17580	6030	2024
17581	6031	2024
17582	6032	2024
17583	6033	2024
17584	6034	2024
17585	6035	2024
17586	6036	2024
17587	6037	2024
17588	6038	2024
17589	6039	2024
17590	6040	2024
17592	6042	2024
17593	6043	2024
17594	6044	2024
17595	6045	2024
17596	6046	2024
17597	6047	2024
17601	6049	2024
17602	6050	2024
17603	6051	2024
17604	6052	2024
17605	6053	2024
17606	6055	2024
17607	6056	2024
17608	6057	2024
17609	6058	2024
17611	6059	2024
17612	6060	2024
17613	6061	2024
17614	6062	2024
17615	6063	2024
17616	6064	2024
17617	6065	2024
17618	6066	2024
17619	6067	2024
17620	6068	2024
17621	6069	2024
17622	6070	2024
17624	6072	2024
17626	6074	2024
17627	6073	2024
17628	6075	2024
17629	6076	2024
17630	6077	2024
17631	6078	2024
17632	6079	2024
17633	6080	2024
17635	6082	2024
17636	6083	2024
17637	6084	2024
17638	6085	2024
17639	6086	2024
17640	6087	2024
17643	6088	2024
17644	6089	2024
17645	6090	2024
17646	6091	2024
17648	6092	2024
17649	6093	2024
17650	6094	2024
17652	6095	2024
17653	6096	2024
17655	6097	2024
17656	6098	2024
17658	6099	2024
17659	6100	2024
17660	6101	2024
17661	6102	2024
17662	6103	2024
17664	6104	2024
17665	6105	2024
17666	6106	2024
17667	6107	2024
17668	6108	2024
17669	6109	2024
17670	6110	2024
17671	6111	2024
17672	6112	2024
17673	6113	2024
17675	6114	2024
17676	6115	2024
17677	6116	2024
17678	6117	2024
17679	6118	2024
17681	6119	2024
17682	6120	2024
17683	6121	2024
17684	6122	2024
17685	6123	2024
17686	6124	2024
17687	5746	2025
17688	5667	2025
17695	4943	2015
17696	4943	2014
17697	4943	2013
17698	4943	2012
17699	3432	2013
17700	3432	2012
17701	6071	2024
17702	6081	2024
17703	1911	2021
17704	6125	2025
17705	6126	2025
17706	6127	2025
17707	6128	2025
17708	6129	2025
17709	6130	2025
17710	6131	2025
17712	6132	2025
17713	6133	2025
17714	6134	2025
17715	6135	2025
17716	6136	2025
17717	6137	2025
17718	6138	2025
17719	6139	2025
17720	6140	2025
17721	6141	2025
17722	6142	2025
17725	6143	2025
17727	6144	2025
17728	6145	2025
17729	6146	2025
17730	6048	2024
17733	6148	2025
17734	6149	2025
17735	6150	2025
17736	6151	2025
17737	6152	2025
17738	6153	2025
17739	6154	2025
17741	6155	2025
17743	6157	2025
17744	6156	2025
17745	6158	2025
17746	6159	2025
17747	6160	2025
17748	6161	2025
17749	6162	2025
17750	6147	2025
17751	6163	2025
17752	6164	2025
17753	6165	2025
17756	6167	2025
17757	6168	2025
17758	6169	2025
17759	6170	2025
17760	6171	2025
17761	6166	2025
17764	6172	2025
17766	6173	2025
17767	6174	2025
17768	6175	2025
17770	6177	2025
17772	6179	2025
17773	6180	2025
17774	6181	2025
17775	6182	2025
17776	6183	2025
17777	6184	2025
17778	6185	2025
17779	6186	2025
17780	6187	2025
17781	6188	2025
17782	6189	2025
17783	6190	2025
17784	6191	2025
17786	6193	2025
17787	6194	2025
17788	6195	2025
17789	6196	2025
17790	6197	2025
17791	6198	2025
17792	6199	2025
17793	6200	2025
17795	6202	2025
17796	6203	2025
17797	6204	2025
17799	6206	2025
17800	6207	2025
17801	6208	2025
17802	6209	2025
17803	6210	2025
17805	6212	2025
17806	6213	2025
17809	6214	2025
17810	6215	2025
17812	6217	2025
17816	6219	2025
17817	6218	2025
17819	6220	2025
17820	6221	2025
17821	6222	2025
17822	6223	2025
17823	6224	2025
17824	6225	2025
17825	6226	2025
17826	6227	2025
17827	6228	2025
17828	6229	2025
17831	6230	2025
17833	6232	2025
17834	6231	2025
17839	6234	2025
17841	6235	2025
17842	6233	2025
17843	6236	2025
17844	6237	2025
17845	6238	2025
17846	6239	2025
17847	6240	2025
17848	6241	2025
17849	6242	2025
17851	6243	2025
17852	6244	2025
17853	6245	2025
17854	6246	2025
17855	6247	2025
17856	6248	2025
17857	6249	2025
17858	6250	2025
17859	6251	2025
17860	6252	2025
17861	6253	2025
17862	6256	2025
17863	6257	2025
17864	6258	2025
17865	6259	2025
17867	6260	2025
17868	6261	2025
17869	6262	2025
17870	6263	2025
17871	6264	2025
17872	6265	2025
17873	6266	2025
17874	6267	2025
17875	6268	2025
17876	6269	2025
17877	6270	2025
17878	6271	2025
17879	6272	2025
17880	6273	2025
17881	6274	2025
17882	6275	2025
17883	6276	2025
17884	6277	2025
17888	6279	2025
17889	6280	2025
17890	6281	2025
17892	6282	2025
17893	6283	2025
17895	6284	2025
17897	6285	2025
17898	6286	2025
17900	6287	2025
17901	6288	2025
17902	6289	2025
17903	6290	2025
17904	6291	2025
17905	6292	2025
17912	6295	2025
17913	6296	2025
17914	6297	2025
17915	6298	2025
17916	6299	2025
17919	6301	2025
17920	6302	2025
17922	6304	2025
17923	6305	2025
17924	6300	2025
17925	6303	2025
17926	6306	2025
17927	6307	2025
17928	6308	2025
17930	6310	2025
17931	6309	2025
17932	6311	2025
17933	6312	2025
17934	6313	2025
17935	6314	2025
17936	6315	2025
17937	6316	2025
17939	6317	2025
17940	6318	2025
17941	6319	2025
17942	6320	2025
17943	6321	2025
17944	6322	2025
17945	6323	2025
17947	6325	2025
17948	6326	2025
17949	6327	2025
17950	6328	2025
17951	6329	2025
17953	6330	2025
17954	6331	2025
17955	6332	2025
17956	6333	2025
17957	6334	2025
17959	6335	2025
17960	6336	2025
17961	6337	2025
17963	6338	2025
17964	6339	2025
17965	6340	2025
17966	6341	2025
17967	6342	2025
17968	6343	2025
17970	6345	2025
17971	6346	2025
17972	6347	2025
17973	6348	2025
17974	6349	2025
17975	6350	2025
17976	6351	2025
17979	6353	2025
17980	6354	2025
17981	6355	2025
17982	6356	2025
17983	6357	2025
17985	6359	2025
17986	6360	2025
17987	6361	2025
17989	6362	2025
17990	6363	2025
17991	6364	2025
17992	6365	2025
17993	6366	2025
17994	6367	2025
17999	6369	2025
18000	6368	2025
18001	6370	2025
18004	6371	2025
18006	6372	2025
18008	6373	2025
18009	6374	2025
18010	6375	2025
18011	6376	2025
18012	6377	2025
18013	6378	2025
18014	6379	2025
18015	6380	2025
18016	6381	2025
18017	6382	2025
18019	6383	2025
18022	6384	2025
18027	6385	2025
18039	6390	2025
18040	6391	2025
18041	6392	2025
18042	6389	2025
18043	6388	2025
18044	6387	2025
18045	6386	2025
18048	2111	2021
18049	6393	2021
18050	2325	2022
18051	6394	2022
18055	6398	2026
18109	6451	2026
18110	6452	2026
18128	6467	2026
18132	6471	2026
18138	6477	2026
18142	6481	2026
18149	6488	2026
18159	6498	2026
18168	6507	2026
18201	6540	2026
18282	6618	2026
18294	6630	2026
18295	6631	2026
18302	6638	2022
18303	2233	2022
18304	6639	2023
18305	6640	2023
18306	4023	2023
18307	6641	2024
18308	6642	2024
18310	6643	2024
18311	4647	2024
18312	6644	2025
18313	6645	2025
18314	5776	2025
18315	5168	2022
18316	5168	2021
18317	5168	2020
18318	5168	2019
18319	5168	2018
18320	5168	2017
18321	5168	2016
18322	5168	2015
18323	5168	2014
18324	5168	2013
18325	5168	2012
18326	5168	2011
18327	5168	2001
18328	5168	2000
18329	5168	1999
18330	5168	1998
18331	5168	1997
18332	5168	1996
18333	5168	1995
18334	5168	1994
18335	5168	1993
18338	5468	2024
18339	5468	2023
18377	6682	2026
18392	4311	2010
18393	4315	2009
18394	5481	2019
18395	5481	2018
18396	5481	2017
18397	5481	2016
18398	5481	2015
18399	5481	2014
18400	6694	2024
18401	5802	2025
18403	5799	2025
18404	5423	2024
18412	4638	2023
18413	5427	2024
18414	5501	2024
18415	5501	2023
18416	5501	2022
18417	5501	2021
18418	5501	2020
18419	5501	2019
18420	5501	2018
18421	5501	2017
18425	5889	2024
18426	5885	2024
18429	5878	2024
18430	5877	2024
18431	5876	2024
18432	5874	2024
18433	6698	2024
18434	5873	2024
18435	5871	2024
18436	5870	2024
18437	5869	2024
18438	5868	2024
18439	5867	2024
18440	5804	2024
18441	5803	2024
18442	5790	2024
18443	5789	2024
18444	5788	2024
18445	6211	2025
18446	6205	2025
18447	6201	2025
18448	6192	2025
18449	6178	2025
18450	6176	2025
18458	5577	2025
18511	6706	2015
18512	6706	2014
18513	6706	2013
18514	6706	2012
18515	6706	2011
18516	6706	2010
18517	6706	2009
18518	6706	2008
18519	6706	2007
18520	6706	2006
18521	6706	2005
18522	6706	2004
18523	6706	2003
18524	6706	2002
18525	6706	2001
18526	6706	2000
18527	6706	1999
18528	6706	1998
18529	6706	1997
18530	6706	1996
18531	6706	1995
18532	6706	1994
18533	6706	1993
18534	6706	1992
18535	6706	1991
18536	6706	1990
18537	6706	1989
18538	6706	1988
18539	6706	1987
18540	6706	1986
18541	6706	1985
18542	6706	1984
18543	6706	1983
18544	6706	1982
18545	6706	1981
18547	5691	2025
18548	5688	2025
18549	5689	2025
18550	5696	2025
18551	5683	2025
18554	5652	2025
18556	5970	2024
18557	5959	2024
18558	6293	2025
18564	6714	2027
18565	6715	2027
18566	5003	2006
18567	5003	2005
18568	5003	2004
18570	4932	2020
18571	4932	2019
18572	4932	2018
18573	4932	2017
18574	4932	2016
18575	4932	2015
18576	4932	2014
18577	4932	2013
18578	4932	2012
18579	4932	2011
18580	4932	2010
18581	4932	2009
18582	4932	2008
18584	2428	2022
18585	3917	2014
18586	3074	2013
18587	3074	2012
18588	2934	2005
18589	4717	2024
18590	2059	2021
18591	6278	2025
18592	6324	2025
18593	5910	2024
18594	6054	2024
18595	3537	2008
18596	6718	2008
18597	6719	2008
18598	6720	2008
18599	6721	2008
18600	6722	2008
18601	6723	2008
18602	6724	2008
18603	6725	2008
18623	6684	2026
18626	6678	2026
18628	6674	2026
18630	6681	2026
18633	6746	2027
18634	6747	2027
18638	6675	2026
18642	6680	2026
18644	6679	2026
18646	6677	2026
18648	6676	2026
18649	6683	2026
18652	6669	2026
18657	6673	2026
18659	6672	2026
18661	6668	2026
18663	6670	2026
18665	6671	2026
18668	6667	2026
18670	6661	2026
18672	6690	2026
18674	6664	2026
18676	6666	2026
18678	6660	2026
18680	6716	2026
18683	6662	2026
18684	6397	2026
18686	6663	2026
18688	6704	2026
18691	6665	2026
18692	6395	2026
18694	6717	2026
18696	6691	2026
18699	6689	2026
18701	6659	2026
18703	6745	2026
18705	6699	2026
18707	6696	2026
18709	6749	2026
18711	6658	2026
18713	6695	2026
18715	6739	2026
18718	6748	2026
18719	6396	2026
18720	6705	2026
18721	6400	2026
18722	6401	2026
18723	6399	2026
18724	6406	2026
18725	6405	2026
18726	6404	2026
18728	6657	2026
18733	6655	2026
18735	6656	2026
18737	6654	2026
18739	6653	2026
18742	6742	2026
18743	6402	2026
18744	6403	2026
18745	6424	2026
18746	6426	2026
18747	6425	2026
18749	6738	2026
18751	6697	2026
18753	6688	2026
18754	6459	2026
18755	6460	2026
18756	6462	2026
18758	6461	2026
18759	6652	2026
18761	6651	2026
18763	6650	2026
18765	6649	2026
18767	6648	2026
18769	6647	2026
18774	6636	2026
18775	6635	2026
18776	6634	2026
18777	6633	2026
18779	6407	2026
18780	6408	2026
18781	6409	2026
18782	6734	2026
18783	6735	2026
18784	6415	2026
18785	6416	2026
18786	6417	2026
18787	6414	2026
18788	6412	2026
18789	6413	2026
18793	6629	2026
18795	6632	2026
18797	6550	2026
18798	6410	2026
18799	6411	2026
18800	6708	2026
18801	6418	2026
18803	6551	2026
18804	6421	2026
18805	6422	2026
18806	6423	2026
18807	6419	2026
18809	6420	2026
18810	6736	2026
18814	6626	2026
18815	6737	2026
18817	6628	2026
18818	6430	2026
18819	6457	2026
18820	6458	2026
18821	6750	2027
18822	6751	2027
18823	6752	2027
18824	6753	2027
18825	6754	2027
18826	6755	2027
18827	6756	2027
18828	6434	2026
18829	6757	2027
18830	6758	2027
18831	6759	2027
18832	6760	2027
18833	6761	2027
18834	6762	2027
18835	6763	2027
18836	6764	2027
18837	6765	2027
18838	6766	2027
18840	6431	2026
18841	6768	2027
18842	6769	2027
18843	6433	2026
18844	6770	2027
18845	6771	2027
18846	6772	2027
18847	6773	2027
18848	6432	2026
18849	6774	2027
18850	6775	2027
18851	6776	2027
18852	6777	2027
18853	6778	2027
18854	6779	2027
18855	6453	2026
18856	6780	2027
18857	6781	2027
18858	6782	2027
18859	6783	2027
18860	6784	2027
18861	6785	2027
18862	6786	2027
18863	6787	2027
18864	6440	2026
18865	6788	2027
18867	6443	2026
18868	6790	2027
18869	6791	2027
18870	6792	2027
18871	6793	2027
18872	6794	2027
18873	6795	2027
18874	6796	2027
18875	6797	2027
18876	6798	2027
18877	6799	2027
18878	6800	2027
18879	6801	2027
18880	6802	2027
18881	6803	2027
18882	6804	2027
18883	6805	2027
18885	6806	2027
18886	6428	2026
18887	6807	2027
18889	6627	2026
18892	6624	2026
18896	6625	2026
18897	6622	2026
18898	6808	2027
18899	6809	2027
18900	6435	2026
18901	6437	2026
18902	6439	2026
18903	6449	2026
18904	6447	2026
18905	6436	2026
18906	6427	2026
18907	6444	2026
18908	6438	2026
18909	6456	2026
18910	6455	2026
18911	6448	2026
18912	6454	2026
18913	6441	2026
18914	6429	2026
18915	6446	2026
18916	6450	2026
18917	6442	2026
18918	6810	2027
18919	6811	2027
18920	6812	2027
18921	6813	2027
18922	6489	2026
18923	6487	2026
18924	6814	2027
18925	6815	2027
18926	6816	2027
18927	6817	2027
18929	6819	2027
18930	6820	2027
18931	6821	2027
18932	6822	2027
18933	6823	2027
18934	6824	2027
18935	6473	2026
18936	6472	2026
18938	6623	2026
18939	6468	2026
18940	6469	2026
18943	6620	2026
18944	6470	2026
18946	6613	2026
18947	6614	2026
18948	6463	2026
18950	6466	2026
18951	6464	2026
18952	6617	2026
18954	6616	2026
18956	6692	2026
18957	6465	2026
18959	6476	2026
18960	6474	2026
18962	6621	2026
18963	6482	2026
18964	6478	2026
18966	6479	2026
18967	6826	2026
18969	6619	2026
18970	6480	2026
18973	6693	2026
18974	6615	2026
18975	6484	2026
18976	6612	2026
18977	6611	2026
18979	6610	2026
18982	6609	2026
18984	6608	2026
18986	6607	2026
18988	6729	2026
18990	6727	2026
18991	6486	2026
18992	6475	2026
18993	6485	2026
18995	6588	2026
18996	6587	2026
18998	6743	2026
19000	6586	2026
19002	6685	2026
19003	6483	2026
19005	6490	2026
19006	6741	2026
19007	6491	2026
19009	6501	2026
19011	6502	2026
19012	6713	2026
19013	6499	2026
19014	6589	2026
19017	6590	2026
19019	6591	2026
19020	6827	2027
19021	6730	2026
19022	6510	2026
19023	6700	2026
19024	6701	2026
19025	6506	2026
19026	6511	2026
19027	6509	2026
19028	6702	2026
19029	6514	2026
19030	6508	2026
19035	6592	2026
19037	6593	2026
19039	6594	2026
19041	6595	2026
19044	6596	2026
19046	6504	2026
19047	6505	2026
19048	6703	2026
19050	6597	2026
19052	6513	2026
19053	6512	2026
19054	6598	2026
19056	6599	2026
19058	6524	2026
19059	6520	2026
19060	6601	2026
19061	6518	2026
19062	6519	2026
19064	6517	2026
19065	6602	2026
19067	6603	2026
19070	6604	2026
19073	6605	2026
19075	6606	2026
19076	6492	2026
19077	6493	2026
19078	6494	2026
19079	6497	2026
19080	6515	2026
19081	6521	2026
19082	6516	2026
19083	6523	2026
19084	6522	2026
19085	6496	2026
19086	6529	2026
19087	6528	2026
19088	6527	2026
19089	6530	2026
19090	6525	2026
19091	6526	2026
19092	6495	2026
19093	6531	2026
19094	6538	2026
19095	6711	2026
19096	6537	2026
19098	6726	2026
19099	6535	2026
19101	6532	2026
19102	6567	2026
19103	6536	2026
19105	6709	2026
19106	6686	2026
19107	6534	2026
19110	6828	2026
19111	6710	2026
19113	6533	2026
19114	6829	2026
19117	6571	2026
19119	6744	2026
19121	6568	2026
19123	6569	2026
19125	6570	2026
19127	6740	2026
19128	6544	2026
19129	6545	2026
19130	6543	2026
19131	6539	2026
19132	6542	2026
19134	6548	2026
19135	6646	2026
19136	6541	2026
19137	6546	2026
19138	6549	2026
19139	6547	2026
19140	6552	2026
19141	6558	2026
19142	6557	2026
19143	6553	2026
19144	6559	2026
19145	6556	2026
19146	6554	2026
19147	6555	2026
19148	6712	2026
19149	6563	2026
19150	6566	2026
19151	6562	2026
19152	6560	2026
19153	6561	2026
19154	6564	2026
19155	6565	2026
19156	6687	2026
19157	6731	2026
19158	6732	2026
19159	6733	2026
19160	6573	2026
19161	6575	2026
19162	6572	2026
19163	6574	2026
19164	6583	2026
19165	6830	2027
19166	6582	2026
19167	6580	2026
19168	6579	2026
19169	6578	2026
19170	6581	2026
19171	6576	2026
19172	6577	2026
19173	6585	2026
19174	6584	2026
19176	6831	2027
19177	6832	2027
19178	6833	2027
19179	6834	2027
19181	6836	2027
19182	6837	2027
19183	6835	2027
19184	6728	2026
19185	6838	2025
19189	6840	2026
19190	6841	2026
19191	6839	2026
19192	6842	2027
19193	6843	2027
19194	6844	2027
19195	6845	2027
19196	6846	2027
19197	6847	2027
19198	6848	2027
19199	6849	2027
19200	6850	2027
19201	6851	2027
19202	6852	2027
19203	6853	2027
19204	6854	2027
19205	6358	2025
19206	6352	2025
19207	5936	2024
19208	5935	2024
19209	6216	2025
19210	6855	2027
19211	6856	2027
19212	6857	2027
19213	6858	2027
19214	6859	2027
19215	6860	2027
19216	6861	2027
19217	6862	2026
19218	6863	2027
19219	6864	2027
19220	6865	2027
19221	898	2016
19222	898	2015
19223	898	2014
19224	898	2013
19225	898	2012
19226	6866	2027
19227	6867	2027
19228	6868	2027
19229	6869	2027
19230	6870	2027
19231	6871	2027
19232	6872	2027
19233	6873	2027
19234	6874	2027
19235	6875	2027
19236	6876	2027
19237	6877	2027
19238	6878	2027
19239	6879	2027
19240	6880	2027
19241	6881	2027
19242	6882	2027
19243	6883	2027
19244	6884	2027
19245	6767	2027
19246	6885	2027
19247	6886	2027
19248	6887	2027
19249	6888	2027
19250	6889	2027
19251	6890	2027
19252	6891	2027
19253	6892	2027
19254	6893	2027
19255	6894	2027
19256	6895	2027
19257	6896	2027
19258	6897	2027
19259	6898	2027
19261	6899	2027
19262	6900	2027
19263	6901	2027
19264	6789	2027
19265	6902	2027
19268	6903	2027
19270	6905	2027
19271	6906	2027
19272	6907	2027
19273	6908	2027
19274	6909	2027
19275	6910	2027
19276	6911	2027
19277	6912	2027
19278	6913	2027
19279	6914	2027
19280	6915	2027
19281	6916	2027
19282	6917	2027
19283	6918	2027
19284	6919	2027
19285	6920	2027
19286	6041	2024
19287	6344	2025
19288	6921	2027
19289	6922	2027
19290	6923	2027
19291	6924	2027
19292	6925	2027
19293	6926	2027
19294	6927	2027
19295	6928	2027
19296	6929	2027
19297	6930	2027
19298	6931	2027
19299	6932	2027
19300	6933	2027
19301	6934	2027
19302	6935	2027
19303	6936	2027
19304	6937	2027
19305	6938	2027
19306	6939	2027
19307	6940	2027
19308	6941	2027
19309	6942	2027
19310	6943	2027
19311	6944	2027
19314	6945	2027
19315	6946	2027
19316	6947	2027
19317	6948	2027
19318	6949	2027
19320	6818	2027
19321	6950	2027
19322	6951	2027
19323	6952	2027
19324	6953	2027
19325	6954	2027
19326	6955	2027
19327	6956	2027
19328	6637	2026
19329	5633	2025
19330	6957	2027
19331	6958	2027
19332	6959	2027
19333	6960	2027
19334	6961	2027
19335	6962	2027
19336	6963	2027
19337	6964	2027
19338	6965	2027
19339	6966	2027
19340	6967	2026
19341	6968	2025
19344	5676	2025
19345	5724	2025
19346	5735	2025
19607	4685	2024
19629	6969	2027
19630	6970	2027
19631	6971	2027
19632	6972	2027
19973	1129	2019
20022	6973	2023
20139	5494	2020
20140	5494	2019
20141	5494	2014
20142	5494	2013
20146	6974	2027
20147	6975	2027
20148	6976	2027
20313	5248	2020
20314	5248	2019
20315	5248	2018
20316	5248	2017
20317	5248	2016
20318	5248	2015
20319	5245	2020
20320	5245	2019
20321	5245	2018
20322	5245	2017
20330	6977	2022
20347	5308	2019
20348	5308	2018
20349	5308	2017
20350	5308	2016
20351	5308	2015
20352	5308	2014
20353	5309	2019
20354	5309	2018
20355	5309	2017
20356	5309	2016
20357	5309	2015
20494	6978	2022
20495	5340	2021
20496	5340	2020
20497	5340	2019
20498	5340	2018
20499	5340	2017
20500	5340	2016
20501	5340	2015
20502	5340	2014
20503	5340	2013
20504	5340	2012
20505	5340	2011
20506	5340	2010
20507	5340	2009
20508	5339	2021
20509	5339	2020
20510	5339	2019
20511	5339	2018
20512	5339	2017
20513	5339	2016
20514	5339	2014
20515	5339	2013
20516	5339	2012
20517	5339	2011
20518	5339	2010
20519	5339	2009
20520	5339	2008
20521	5338	2021
20522	5338	2020
20523	5338	2019
20524	5338	2018
20525	5338	2017
20526	5338	2016
20527	5338	2015
20528	5338	2014
20529	5338	2013
20530	5338	2012
20531	5338	2011
20532	5338	2010
20533	5338	2009
20534	5338	2008
20535	5338	2007
20536	5338	2006
20537	5338	2005
20538	5320	2021
20539	5320	2020
20540	5320	2019
20541	5320	2018
20542	5320	2017
20543	5320	2016
20544	5320	2015
20545	5320	2014
20546	5320	2002
20547	5320	2001
20548	5320	2000
20549	5320	1999
20550	5320	1998
20551	5320	1997
20552	5320	1996
20553	5320	1995
20554	5320	1994
20555	5320	1993
20556	5320	1992
20557	5320	1991
20558	5320	1990
20559	5320	1989
20560	5320	1988
20561	5320	1987
20562	5320	1986
20563	5320	1985
20578	2415	2023
20579	2415	2022
20580	2415	2021
20581	2415	2020
20582	2415	2019
20583	2415	2018
20584	2415	2017
20585	2415	2016
20586	2415	2015
20587	2415	2014
20588	2415	2013
20589	2415	2012
20590	2415	2011
20591	2415	2010
20592	2415	2009
20593	2415	2008
20594	5231	2021
20595	5231	2020
20596	5231	2019
20597	5231	2018
20598	5231	2017
20599	5231	2016
20600	5231	2015
20601	5231	2014
20602	5231	2013
20603	5231	2012
20604	5231	2011
20605	5231	2010
20606	5231	2009
20607	5231	2008
20608	5231	2007
20609	5231	2006
20610	5231	2005
20611	5231	2004
20612	5231	2003
20613	5231	2002
20614	5231	2001
20615	5231	2000
20616	5231	1999
20617	5231	1998
20618	5231	1997
20619	5231	1996
20620	5231	1995
20621	5231	1994
20622	5229	2021
20623	5229	2020
20624	5229	2019
20625	5229	2018
20626	5229	2017
20627	5229	2016
20628	5229	2015
20629	5229	2014
20630	5229	2013
20631	5229	2012
20632	5229	2011
20633	5229	2010
20634	5229	2009
20635	5229	2008
20636	5229	2007
20637	5229	2006
20638	5229	2005
20639	5229	2004
20640	5229	2003
20641	5229	2002
20642	5229	2001
20643	5229	2000
20644	5229	1999
20645	5229	1998
20646	5229	1997
20647	5229	1996
20648	5229	1995
20649	5229	1994
20650	5228	2021
20651	5228	2020
20652	5228	2019
20653	5228	2018
20654	5228	2017
20655	5228	2016
20656	5228	2015
20657	5228	2014
20658	5228	2013
20659	5228	2012
20660	5228	2011
20661	5228	2010
20662	5228	2009
20663	5228	2008
20664	5228	2007
20665	5228	2006
20666	5228	2005
20667	5225	2021
20668	5225	2020
20669	5225	2019
20670	5225	2018
20671	5225	2017
20672	5225	2016
20673	5225	2015
20674	5225	2014
20675	5224	2021
20676	5224	2020
20677	5224	2019
20678	5224	2018
20679	5224	2017
20680	5224	2016
20681	5224	2015
20682	5224	2014
20683	5224	2013
20684	5224	2012
20685	5224	2011
20686	5224	2010
20687	5224	2009
20688	5224	2008
20689	5224	2007
20690	5224	2006
20691	5224	2005
20692	5224	2004
20693	5224	2003
20694	5224	2002
20695	5224	2001
20696	5224	2000
20697	5224	1999
20698	5224	1998
20699	5224	1997
20700	5224	1996
20701	5224	1995
20702	5224	1994
20703	5223	2021
20704	5223	2020
20705	5223	2019
20706	5223	2018
20707	5223	2017
20708	5223	2016
20709	5222	2021
20710	5222	2020
20711	5222	2019
20712	4984	2021
20713	4984	2020
20714	4984	2019
20715	4984	2018
20716	4984	2017
20717	4981	2021
20718	4981	2020
20719	4981	2019
20720	4981	2018
20721	4981	2017
20722	4981	2016
20723	4981	2015
20724	4981	2014
20725	4981	2013
20726	4981	2012
20727	4981	2011
20728	4980	2021
20729	4980	2020
20730	4980	2019
20731	4980	2018
20732	4979	2021
20733	4979	2020
20734	4979	2019
20735	4979	2018
20736	4979	2017
20737	4979	2016
20738	4979	2015
20739	4979	2014
20740	4979	2013
20741	4979	2012
20742	4979	2011
20743	4979	2010
20744	4979	2009
20745	4978	2021
20746	4978	2020
20747	4978	2019
20748	4978	2018
20749	4978	2017
20750	4978	2016
20751	4978	2015
20752	4978	2014
20753	4978	2013
20754	4978	2012
20755	4978	2011
20756	4978	2010
20757	4978	2009
20758	4972	2021
20759	4972	2020
20760	4972	2019
20761	4972	2018
20762	4972	2017
20763	4972	2016
20764	4972	2015
20765	4972	2014
20766	4972	2013
20767	4972	2012
20768	4972	2011
20769	4972	2010
20770	4972	2009
20771	4972	2008
20772	4972	2007
20773	4927	2021
20774	4927	2020
20775	4927	2019
20776	4927	2018
20777	4927	2017
20778	4927	2016
20779	4927	2015
20780	4927	2014
20781	4927	2013
20782	4927	2012
20783	4927	2011
20784	4927	2010
20785	4927	2009
20786	4927	2008
20787	4927	2007
20788	4927	2006
20789	4927	2005
20790	4927	2004
20791	4927	2003
20792	4927	2002
20793	4927	2001
20794	4927	2000
20795	4927	1999
20796	4927	1998
20797	4927	1997
20798	4927	1996
20799	4927	1995
20800	4927	1994
20801	4927	1993
20802	5347	2021
20803	5347	2020
20804	5347	2019
20805	5347	2018
20806	5347	2017
20807	5347	2016
20808	5347	2015
20809	5347	2014
20810	5347	2013
20811	5347	2012
20812	5347	2011
20813	5347	2010
20814	5345	2021
20815	5345	2020
20816	5345	2019
20817	5345	2018
20818	5345	2017
20819	5474	2021
20820	5474	2020
20821	5474	2019
20822	5474	2018
20823	5474	2017
20824	5474	2016
20825	5474	2015
20826	5474	2014
20827	5474	2013
20828	5474	2012
20829	5474	2011
20830	5474	2010
20831	5474	2009
20832	5474	2008
20833	5474	2007
20834	5474	2006
20835	5474	2005
20836	5418	2021
20837	5418	2020
20838	5418	2019
20839	5418	2018
20840	5418	2017
20841	5418	2016
20842	5418	2015
20843	5418	2014
20844	5418	2013
20845	5418	2012
20846	5418	2011
20847	5418	2010
20848	4967	2021
20849	4967	2020
20850	4967	2019
20851	4967	2018
20852	4967	2017
20853	4967	2016
20854	4967	2015
20855	4966	2021
20856	4966	2020
20857	4966	2019
20858	4966	2018
20859	4966	2017
20860	4966	2016
20861	4966	2015
20862	4966	2014
20863	4966	2013
20864	4966	2012
20865	4966	2011
20866	4966	2010
20867	4966	2009
20868	4966	2008
20869	4966	2007
20870	4966	2006
20871	4966	2005
20872	4966	2004
20873	4966	2003
20874	4966	2002
20875	4966	2001
20876	4966	2000
20877	4966	1999
20878	4966	1998
20879	4966	1997
20880	4966	1996
20881	4966	1995
20882	4966	1994
20883	4966	1993
20884	4966	1992
20885	4966	1991
20886	4966	1990
20887	4965	2021
20888	4965	2020
20889	4965	2019
20890	4965	2018
20891	4965	2017
20892	4965	2016
20893	4965	2015
20894	4965	2014
20895	4965	2013
20896	4965	2012
20897	4965	2011
20898	4965	2010
20899	4965	2009
20900	4965	2008
20901	4965	2007
20902	4965	2006
20903	4965	2005
20904	4965	2004
20905	4965	2003
20906	4965	2002
20907	4965	2001
20908	4965	2000
20909	4965	1999
20910	4965	1998
20911	4965	1997
20912	4965	1996
20913	4965	1995
20914	4965	1994
20915	4965	1993
20916	4964	2021
20917	4964	2020
20918	4964	2019
20919	4964	2018
20920	4964	2017
20921	4964	2016
20922	4964	2015
20923	4964	2014
20924	4964	2013
20925	4963	2021
20926	4963	2020
20927	4963	2019
20928	4963	2018
20929	4963	2017
20930	4963	2016
20931	4963	2015
20932	4963	2014
20933	4963	2013
20934	4963	2012
20935	4962	2021
20936	4962	2020
20937	4962	2019
20938	4962	2018
20939	4962	2017
20940	5410	2021
20941	5410	2020
20942	5410	2019
20943	5410	2018
20944	5410	2017
20945	5410	2016
20946	5410	2015
20947	5015	2021
20948	5015	2020
20949	5015	2019
20950	5015	2018
20951	5015	2017
20952	5015	1998
20953	5007	2021
20954	5007	2020
20955	5007	2019
20956	5007	2018
20957	5007	2017
20958	5007	2016
20959	5007	2015
20960	5007	2014
20961	5007	2013
20962	5007	2012
20963	5007	2011
20964	5007	2010
20965	5007	2009
20966	5007	2008
20967	5007	2007
20968	5007	2006
20969	5007	2005
20970	5007	2004
20971	5007	2003
20972	5007	2002
20973	5007	2001
20974	5031	2021
20975	5031	2020
20976	5031	2019
20977	5031	2018
20978	5031	2017
20979	5031	2016
20980	5031	2015
20981	5031	2014
20982	5031	2013
20983	5031	2012
20984	5031	2011
20985	5031	2010
20986	5031	2009
20987	5031	2008
20988	5031	2007
20989	5031	2006
20990	5031	2005
20991	5031	2004
20992	5031	2003
20993	5031	2002
20994	5031	2001
20995	5031	2000
20996	5031	1999
20997	5031	1998
20998	5031	1997
20999	5031	1996
21000	5031	1995
21001	5031	1994
21002	5031	1993
21003	5031	1992
21004	5031	1991
21005	5031	1990
21006	5031	1989
21007	5025	2021
21008	5025	2020
21009	5025	2019
21010	5025	2018
21011	5025	2017
21012	5025	2016
21013	5017	2021
21014	5017	2020
21015	5017	2019
21016	5419	2021
21017	5419	2020
21018	5419	2019
21019	5419	2018
21020	5419	2017
21021	5419	2016
21022	4957	2021
21023	4957	2020
21024	4957	1998
21025	4957	1997
21026	4957	1996
21027	4957	1995
21028	4957	1994
21029	4957	1993
21030	4957	1992
21031	4957	1991
21032	4957	1990
21033	4957	1989
21034	4957	1988
21035	4957	1987
21036	4957	1986
21037	4957	1985
21038	4957	1984
21039	4957	1983
21040	4957	1982
21041	4957	1981
21069	4946	2021
21070	4946	2020
21071	4946	2019
21072	4946	2018
21073	4946	2017
21074	4946	2016
21075	4946	2015
21076	4946	2014
21077	4946	2013
21078	4946	2012
21079	4946	2011
21080	4946	2010
21081	4946	2009
21082	4946	2008
21083	4946	2007
21084	4946	2006
21085	4946	2005
21086	4946	2004
21087	4946	2003
21088	4946	2002
21089	4946	2001
21090	4946	2000
21091	4946	1999
21092	4946	1998
21093	4946	1997
21094	4946	1996
21095	4946	1995
21096	4944	2021
21097	4944	2020
21098	4944	2019
21099	4944	2018
21100	4944	2017
21101	4941	2021
21102	4941	2020
21103	4941	2019
21104	4941	2018
21105	4941	2017
21106	4941	2016
21107	4941	2015
21108	4941	2014
21109	4941	2013
21110	4941	2012
21111	4941	2011
21112	4941	2010
21113	4941	2009
21114	4941	2008
21115	4941	2007
21116	4941	2006
21117	4941	2005
21118	4941	2004
21119	4941	2003
21120	4941	2002
21121	4941	2001
21122	5497	2020
21123	5497	2019
21124	5497	2018
21125	5497	2017
21126	5497	2016
21127	5497	2015
21128	5497	2014
21129	5497	2013
21130	5497	2012
21131	5497	2011
21132	5497	2010
21133	5497	2009
21134	5493	2017
21135	5493	2016
21136	5493	2015
21137	5493	2014
21138	5493	2013
21139	5255	2020
21140	5255	2019
21141	5255	2018
21142	5255	2017
21143	5255	2016
21144	5255	2015
21145	5255	2014
21146	5255	2013
21147	5255	2012
21148	5255	2011
21149	5255	2010
21150	5255	2009
21151	5255	2008
21152	5255	2006
21153	5255	2005
21154	5255	2004
21155	5255	2003
21156	5255	2002
21157	5255	2001
21158	5255	2000
21159	5254	2020
21160	5254	2018
21161	5254	2017
21162	5254	2016
21163	5254	2015
21164	5252	2020
21165	5252	2018
21166	5252	2017
21167	5252	2016
21168	5252	2015
21169	5252	2014
21170	5252	2013
21171	5251	2020
21172	5251	2018
21173	5251	2017
21174	5251	2016
21175	5251	2015
21176	5251	2014
21177	5251	2013
21178	5251	2011
21179	5251	2010
21180	5251	2009
21181	5251	2008
21182	5251	2007
21183	5251	2003
21184	5251	2002
21185	5251	1997
21186	5251	1996
21187	5251	1995
21188	5250	2020
21189	5250	2019
21190	5250	2018
21191	5250	2017
21192	5250	2016
21193	5250	2015
21194	5250	2014
21195	5250	2013
21196	5250	2012
21197	5250	2011
21198	5250	2010
21199	5250	2009
21200	5250	2008
21201	5249	2020
21202	5249	2019
21203	5249	2018
21204	5249	2016
21205	5249	2015
21206	5249	2014
21207	5249	2013
21208	5249	2012
21209	5249	2011
21210	5249	2010
21211	5249	2009
21212	5249	2008
21213	5249	2007
21214	5249	2006
21215	5249	2005
21216	5249	2004
21217	5249	2002
21218	5249	2001
21219	5249	2000
21220	5249	1994
21221	5249	1993
21222	5249	1992
21223	5244	2020
21224	5244	2018
21225	5244	2017
21226	5244	2016
21227	5244	2015
21228	5244	2014
21229	5244	2012
21230	5244	2011
21231	5244	2010
21232	5244	2009
21233	5244	2008
21234	5243	2020
21235	5243	2019
21236	5237	2020
21237	5237	2019
21238	5237	2018
21239	5237	2017
21240	5237	2016
21241	5237	2015
21242	5237	2014
21243	5237	2013
21244	5237	2012
21245	5236	2020
21246	5236	2019
21247	5236	2018
21248	5236	2017
21249	5236	2016
21250	5236	2015
21251	5236	2014
21252	5236	2013
21253	5236	2012
21254	5236	2011
21255	5236	2010
21256	5236	2009
21257	5236	2008
21258	5236	2007
21259	5236	2006
21260	5236	2005
21261	5236	2004
21262	5236	2003
21263	5236	2002
21264	5236	2001
21265	5236	2000
21266	5236	1999
21267	5236	1998
21268	5236	1997
21269	5236	1996
21270	5236	1995
21271	5235	2020
21272	5235	2019
21273	5235	2018
21274	5235	2017
21275	5235	2016
21276	5235	2015
21277	5235	2014
21278	5235	2013
21279	5235	2012
21280	5235	2011
21281	5235	2010
21282	5235	2009
21283	5235	2008
21284	5234	2020
21285	5234	2019
21286	5234	2018
21287	5234	2017
21288	5234	2016
21289	5234	2015
21290	5234	2014
21291	5234	2013
21292	5234	2012
21293	5234	2011
21294	5234	2010
21295	5234	2009
21296	5234	2008
21297	5234	2007
21298	5234	2006
21299	5234	2005
21300	5234	2004
21301	5234	2003
21302	5234	2002
21303	5234	2001
21304	5234	2000
21305	5234	1999
21306	5234	1998
21307	5234	1997
21308	5234	1996
21309	5233	2020
21310	5233	2019
21311	5233	2018
21312	5233	2017
21313	5233	2016
21314	5233	2015
21315	5233	2014
21316	5233	2013
21317	5233	2012
21318	5233	2011
21319	5233	2010
21320	5233	2009
21321	5233	2008
21322	5233	2007
21323	5233	2006
21324	6979	2027
21325	5307	2020
21326	5307	2019
21327	5307	2018
21328	5307	2017
21329	5307	2016
21330	5307	2015
21331	5307	2014
21332	5306	2020
21333	5306	2019
21334	5306	2018
21335	5306	2017
21336	5306	2016
21337	5306	2015
21338	5306	2014
21339	5121	2020
21340	5121	2019
21341	5119	2020
21342	5119	2019
21343	5119	2018
21344	5119	2017
21345	5119	2016
21346	5119	2015
21347	5118	2020
21348	5118	2019
21349	5118	2018
21350	5116	2020
21351	5116	2019
21352	5116	2018
21353	5116	2017
21354	5116	2016
21355	5116	2015
21356	5116	2014
21357	5116	2013
21358	5116	2012
21359	5116	2011
21360	5116	2010
21361	5116	2009
21362	5116	2008
21363	5116	2007
21364	5116	2006
21365	5116	2005
21366	5116	2004
21367	5116	2003
21368	5116	2002
21369	5116	2001
21370	5113	2020
21371	5113	2019
21372	5113	2018
21373	5113	2017
21374	5113	2016
21375	5113	2015
21376	5113	2014
21377	5113	2013
21378	5113	2012
21379	5113	2011
21380	5113	2010
21381	5113	2009
21382	5113	2008
21383	5113	2007
21384	5113	2006
21385	5113	2005
21386	5113	2004
21387	5113	2003
21388	5113	2002
21389	5113	2001
21390	5113	2000
21391	5113	1999
21392	5113	1998
21393	5113	1997
21394	5113	1996
21395	5113	1995
21396	5113	1994
21397	5113	1993
21398	5113	1992
21399	5113	1991
21400	5113	1990
21401	2164	2020
21402	2164	2019
21403	2164	2018
21404	2164	2017
21405	2164	2016
21406	2164	2015
21407	2164	2014
21408	2164	2013
21409	2164	2012
21410	2164	2011
21411	2164	2010
21412	2164	2009
21413	2164	2008
21414	5343	2020
21415	5343	2019
21416	5343	2018
21417	5343	2017
21418	5343	2016
21419	5343	2015
21420	5343	2014
21421	5342	2020
21422	5342	2019
21423	5342	2018
21424	5342	2017
21425	5342	2016
21426	5342	2015
21427	5342	2014
21428	5342	2013
21429	5342	2012
21430	5342	2011
21431	5342	2010
21432	5342	2009
21433	5342	2008
21434	5342	2007
21435	5342	2006
21436	5342	2005
21437	5342	1991
21438	5342	1990
21439	5342	1989
21440	5342	1988
21441	5342	1987
21442	5342	1986
21443	5342	1985
21444	5342	1984
21445	5342	1983
21446	5342	1982
21447	5342	1981
21448	5214	2020
21449	5214	2019
21450	5214	2018
21451	5214	2017
21452	5214	2016
21453	5214	2015
21454	5214	2014
21455	5214	2013
21456	5214	2012
21457	5214	2011
21458	5214	2010
21459	5214	2009
21460	5214	2008
21461	5214	2007
21462	5214	2006
21463	5214	2005
21464	5214	2004
21465	5214	2003
21466	5214	2002
21467	5214	2001
21468	5214	2000
21469	5214	1999
21470	5214	1997
21471	5214	1996
21472	5214	1995
21473	5214	1994
21474	5214	1993
21475	5214	1992
21476	5214	1991
21477	5214	1990
21478	5212	2020
21479	5212	2019
21480	5212	2018
21481	5212	2017
21482	5212	2016
21483	5212	2015
21484	5212	2014
21485	5212	2013
21486	5212	2012
21487	5212	2011
21488	5212	2010
21489	5212	2009
21490	5212	2008
21491	5212	2007
21492	5212	2006
21493	5212	2005
21494	5212	2004
21495	5212	2003
21496	5210	2020
21497	5210	2019
21498	5210	2018
21499	5210	2017
21500	5210	2016
21501	5210	2015
21502	5210	2014
21503	5210	2013
21504	5210	2012
21505	5210	2011
21506	5210	2010
21507	5210	2009
21508	5210	2008
21509	5210	2007
21510	5210	2006
21511	5210	2005
21512	5210	2004
21513	5209	2020
21514	5209	2019
21515	5209	2018
21516	5209	2017
21517	5209	2016
21518	5209	2014
21519	5209	2013
21520	5209	2012
21521	5209	2011
21522	5208	2020
21523	5208	2019
21524	5208	2018
21525	5208	2017
21526	5208	2016
21527	5510	2020
21528	5510	2019
21529	5492	2020
21530	5492	2019
21531	5492	2018
21532	5492	2017
21533	5492	2016
21535	6980	2021
21537	6981	2021
