#id	vin	checkdigit
1	KMTGE4S1PRU008144	t
2	KMTGE4S1PRU008174	t
3	KMTGE4S1PRU008173	t
4	KMTGE4S1PRU008143	t
5	KMTGE4S1PRU008175	t
6	KMTGE4S1PRU008186	t
7	KMTGE4S1PRU008184	t
8	KMTGE4S1PRU008188	t
9	KMTGE4S1PRU008187	t
10	KMTGE4S1PRU008185	t
11	KMTGE4S1PRU008183	t
12	KMTGE4S1PRU008181	t
13	KMTGE4S1PRU008178	t
14	KMTGE4S1PRU008176	t
15	KMTGE4S1PRU008179	t
16	KMTGE4S1PRU008180	t
17	KMTGE4S1PRU008172	t
18	KMTGE4S1PRU008177	t
19	KMTGE4S1PRU008156	t
20	KMTGE4S1PRU008170	t
21	KMTGE4S1PRU008171	t
22	KMTGE4S1PRU008165	t
23	KMTGE4S1PRU008164	t
24	KMTGE4S1PRU008169	t
25	KMTGE4S1PRU008166	t
26	KMTGE4S1PRU008167	t
27	KMTGE4S1PRU008168	t
28	KMTGE4S1PRU008152	t
29	KMTGE4S1PRU008155	t
30	KMTGE4S1PRU008160	t
31	KMTGE4S1PRU008159	t
32	KMTGE4S1PRU008163	t
33	KMTGE4S1PRU008162	t
34	KMTGE4S1PRU008161	t
35	KMTGE4S1PRU008158	t
36	KMTGE4S1PRU008157	t
37	KMTGE4S1PRU008154	t
38	KMTGE4S1PRU008153	t
39	KMTGE4S1PRU008151	t
40	KMTGE4S1PRU008150	t
41	KMTGE4S1PRU008147	t
42	KMTGE4S1PRU008149	t
43	KMTGE4S1PRU008148	t
44	KMTGE4S1PRU008146	t
45	KMTGE4S1PRU008145	t
46	KMTGE4S1PRU008142	t
47	KMTGA4SCDRU228018	t
48	KMTGA4SCDRU228019	t
49	KMTGB4SDDRU228034	t
50	KMTGB4SCDRU228033	t
51	KMTGB4SDDRU228022	t
52	KMTGB4SDDRU228042	t
53	KMTGB4SCDRU228052	t
54	KMTGB4SDDRU228061	t
55	KMTGB4SDDRU228060	t
56	KMTGB4SDDRU228059	t
57	KMTGB4SDDRU228058	t
58	KMTGB4SDDRU228055	t
59	KMTGB4SDDRU228056	t
60	KMTGA4SCDRU228054	t
61	KMTGB4SDDRU228053	t
62	KMTGB4SDDRU228051	t
63	KMTGB4SCDRU228057	t
64	KMTGB4SDDRU228047	t
65	KMTGB4SDDRU227909	t
66	KMTGB4SCDRU228050	t
67	KMTGA4SCDRU228048	t
68	KMTGB4SCDRU228049	t
69	KMTGA4SCDRU228045	t
70	KMTGB4SCDRU228037	t
71	KMTGB4SDDRU228046	t
72	KMTGB4SDDRU228043	t
73	KMTGB4SDDRU228044	t
74	KMTGB4SDDRU228041	t
75	KMTGB4SCDRU228038	t
76	KMTGB4SDDRU228039	t
77	KMTGB4SCDRU228036	t
78	KMTGB4SDDRU228035	t
79	KMTGB4SCDRU228040	t
80	KMTGB4SDDRU228027	t
81	KMTGB4SDDRU228025	t
82	KMTGB4SDDRU228026	t
83	KMTGB4SCDRU228021	t
84	KMTGA4SCDRU228020	t
85	KMTGB4SCDRU228032	t
86	KMTGB4SDDRU228031	t
87	KMTGB4SDDRU228017	t
88	KMTGB4SDDRU227898	t
89	KMTGA4SCDRU228016	t
90	KMTGA4SCDRU227871	t
91	KMTGB4SDDRU228030	t
92	KMTGB4SDDRU228029	t
93	KMTGB4SCDRU228015	t
94	KMTGA4SCDRU227914	t
95	KMTGB4SDDRU228013	t
96	KMTGB4SDDRU228014	t
97	KMTGB4SDDRU228012	t
98	KMTGB4SDDRU227917	t
99	KMTGA4SCDRU227896	t
100	KMTGA4SCDRU228028	t
101	KMTGB4SDDRU228024	t
102	KMTGB4SDDRU228011	t
103	KMTGA4SCDRU227920	t
104	KMTGA4SCDRU227919	t
105	KMTGB4SDDRU227918	t
106	KMTGB4SDDRU227916	t
107	KMTGA4SCDRU227905	t
108	KMTGB4SDDRU227913	t
109	KMTGB4SDDRU227903	t
110	KMTGA4SCDRU227915	t
111	KMTGB4SDDRU227911	t
112	KMTGB4SDDRU227859	t
113	KMTGA4SCDRU227910	t
114	KMTGB4SDDRU227891	t
115	KMTGB4SDDRU227908	t
116	KMTGB4SCDRU228023	t
117	KMTGB4SDDRU227884	t
118	KMTGA4SCDRU227907	t
119	KMTGB4SCDRU227912	t
120	KMTGA4SCDRU227906	t
121	KMTGB4SDDRU227866	t
122	KMTGB4SDDRU227889	t
123	KMTGB4SDDRU227867	t
124	KMTGB4SDDRU227900	t
125	KMTGB4SDDRU227902	t
126	KMTGB4SDDRU227888	t
127	KMTGA4SCDRU227904	t
128	KMTGB4SDDRU227901	t
129	KMTGA4SCDRU227887	t
130	KMTGB4SDDRU227890	t
131	KMTGB4SDDRU227892	t
132	KMTGB4SDDRU227886	t
133	KMTGB4SDDRU227899	t
134	KMTGA4SCDRU227893	t
135	KMTGB4SDDRU227885	t
136	KMTGB4SDDRU227881	t
137	KMTGB4SCDRU227882	t
138	KMTGA4SCDRU227876	t
139	KMTGB4SDDRU227863	t
140	KMTGB4SDDRU227883	t
141	KMTGB4SDDRU227897	t
142	KMTGB4SDDRU227880	t
143	KMTGA4SCDRU227877	t
144	KMTGB4SCDRU227879	t
145	KMTGB4SCDRU227852	t
146	KMTGB4SCDRU227895	t
147	KMTGB4SCDRU227851	t
148	KMTGB4SDDRU227875	t
149	KMTGB4SDDRU227873	t
150	KMTGA4SCDRU227894	t
151	KMTGB4SCDRU227878	t
152	KMTGB4SDDRU227874	t
153	KMTGB4SDDRU227860	t
154	KMTGB4SDDRU227872	t
155	KMTGA4SCDRU227870	t
156	KMTGA4SCDRU227869	t
157	KMTGB4SDDRU227868	t
158	KMTGB4SCDRU227865	t
159	KMTGA4SCDRU227862	t
160	KMTGA4SCDRU227864	t
161	KMTGB4SDDRU227847	t
162	KMTGB4SDDRU227848	t
163	KMTGB4SDDRU227854	t
164	KMTGA4SCDRU227857	t
165	KMTGB4SDDRU227858	t
166	KMTGB4SDDRU227856	t
167	KMTGB4SCDRU227861	t
168	KMTGA4SCDRU227855	t
169	KMTGB4SDDRU227846	t
170	KMTGB4SCDRU227853	t
171	KMTGB4SCDRU227844	t
172	KMTGB4SCDRU227849	t
173	KMTGB4SCDRU227850	t
174	KMTGB4SCDRU227839	t
175	KMTGB4SDDRU227845	t
176	KMTGB4SCDRU227838	t
177	KMTGB4SDDRU227840	t
178	KMTGB4SDDRU227842	t
179	KMTGB4SDDRU227843	t
180	KMTGB4SDDRU227841	t
181	KMTGB4SDDRU227833	t
182	KMTGB4SDDRU227831	t
183	KMTGB4SCDRU227837	t
184	KMTGB4SCDRU227836	t
185	KMTGB4SDDRU227835	t
186	KMTGB4SDDRU227834	t
187	KMTGB4SDDRU227832	t
188	KMTGA4SCDRU227754	t
189	KMTGB4SCDRU227821	t
190	KMTGB4SCDRU227829	t
191	KMTGB4SDDRU227830	t
192	KMTGB4SDDRU227718	t
193	KMTGB4SCDRU227828	t
194	KMTGA4SCDRU227756	t
195	KMTGB4SCDRU227827	t
196	KMTGB4SCDRU227826	t
197	KMTGB4SDDRU227819	t
198	KMTGB4SCDRU227825	t
199	KMTGB4SDDRU227823	t
200	KMTGB4SDDRU227824	t
201	KMTGB4SDDRU227822	t
202	KMTGB4SCDRU227820	t
203	KMTGA4SCDRU227749	t
204	KMTGA4SCDRU227748	t
205	KMTGA4SCDRU227746	t
206	KMTGA4SCDRU227747	t
207	KMTGB4SDDRU227744	t
208	KMTGA4SCDRU227745	t
209	KMTGA4SCDRU227757	t
210	KMTGB4SDDRU227714	t
211	KMTGB4SCDRU227719	t
212	KMTGA4SCDRU227755	t
213	KMTGA4SCDRU227737	t
214	KMTGA4SCDRU227758	t
215	KMTGA4SCDRU227736	t
216	KMTGB4SDDRU227743	t
217	KMTGB4SDDRU227741	t
218	KMTGB4SDDRU227742	t
219	KMTGB4SDDRU227740	t
220	KMTGA4SCDRU227738	t
221	KMTGB4SDDRU227753	t
222	KMTGB4SCDRU227739	t
223	KMTGA4SCDRU227724	t
224	KMTGB4SDDRU227731	t
225	KMTGB4SDDRU227735	t
226	KMTGB4SDDRU227733	t
227	KMTGA4SCDRU227708	t
228	KMTGA4SCDRU227751	t
229	KMTGB4SDDRU227734	t
230	KMTGA4SCDRU227750	t
231	KMTGB4SDDRU227732	t
232	KMTGB4SDDRU227729	t
233	KMTGA4SCDRU227727	t
234	KMTGB4SDDRU227730	t
235	KMTGB4SDDRU227728	t
236	KMTGB4SDDRU227689	t
237	KMTGB4SDDRU227703	t
238	KMTGB4SDDRU227725	t
239	KMTGB4SDDRU227723	t
240	KMTGB4SDDRU227722	t
241	KMTGB4SDDRU227721	t
242	KMTGB4SCDRU227726	t
243	KMTGA4SCDRU227720	t
244	KMTGB4SDDRU227717	t
245	KMTGB4SDDRU227716	t
246	KMTGB4SDDRU227715	t
247	KMTGB4SDDRU227709	t
248	KMTGA4SCDRU227711	t
249	KMTGB4SDDRU227712	t
250	KMTGB4SDDRU227710	t
251	KMTGB4SDDRU227704	t
252	KMTGB4SDDRU227705	t
253	KMTGB4SCDRU227713	t
254	KMTGB4SCDRU227701	t
255	KMTGB4SDDRU227706	t
256	KMTGA4SCDRU227696	t
257	KMTGA4SCDRU227702	t
258	KMTGA4SCDRU227697	t
259	KMTGA4SCDRU227698	t
260	KMTGB4SDDRU227693	t
261	KMTGA4SCDRU227700	t
262	KMTGA4SCDRU227694	t
263	KMTGA4SCDRU227695	t
264	KMTGB4SDDRU227685	t
265	KMTGB4SDDRU227692	t
266	KMTGB4SDDRU227691	t
267	KMTGB4SDDRU227688	t
268	KMTGB4SCDRU227677	t
269	KMTGB4SDDRU227690	t
270	KMTGB4SCDRU227679	t
271	KMTGB4SDDRU227675	t
272	KMTGA4SCDRU227669	t
273	KMTGB4SDDRU227687	t
274	KMTGB4SDDRU227681	t
275	KMTGB4SDDRU227683	t
276	KMTGA4SCDRU227680	t
277	KMTGB4SCDRU227678	t
278	KMTGB4SDDRU227684	t
279	KMTGB4SDDRU227682	t
280	KMTGB4SDDRU227674	t
281	KMTGA4SCDRU227676	t
282	KMTGB4SDDRU227664	t
283	KMTGB4SDDRU227672	t
284	KMTGB4SDDRU227666	t
285	KMTGB4SDDRU227671	t
286	KMTGB4SDDRU227665	t
287	KMTGA4SCDRU227658	t
288	KMTGB4SDDRU227670	t
289	KMTGA4SCDRU227668	t
290	KMTGB4SDDRU227661	t
291	KMTGA4SCDRU227662	t
292	KMTGB4SDDRU227663	t
293	KMTGB4SDDRU227667	t
294	KMTGB4SCDRU227660	t
295	KMTGB4SDDRU227659	t
296	KMTGB4SDDRU227655	t
297	KMTGB4SDDRU227657	t
298	KMTGA4SCDRU227656	t
299	KMTGB4SCDRU227654	t
323	ZN0A4ACD1MV401019	t
324	ZN0A4ACD0MV401030	t
325	ZN0A4ACD2MV401028	t
326	ZN0A4ACD4MV401029	t
327	ZN0A4ACD7MV401025	t
328	ZN0A4ACD9MV401026	t
329	ZN0A4ACD3MV401023	t
330	ZN0A4ACD5MV401024	t
331	ZN0A4ACD1MV401022	t
332	ZN0A4ACDXMV401018	t
333	ZN0A4ACDXMV401021	t
334	ZN0A4ACD8MV401020	t
335	ZN0A4ACD0MV401027	t
336	ZN0A4ACD8MV401017	t
337	ZN0A4ACD0MV401044	t
338	ZN0A4ACD0MV401058	t
339	ZN0A4ACD0MV401061	t
340	ZN0A4ACD1MV401036	t
341	ZN0A4ACD1MV401053	t
342	ZN0A4ACD1MV401067	t
343	ZN0A4ACD1MV401070	t
344	ZN0A4ACD2MV401031	t
345	ZN0A4ACD2MV401045	t
346	ZN0A4ACD2MV401059	t
347	ZN0A4ACD2MV401062	t
348	ZN0A4ACD3MV401037	t
349	ZN0A4ACD3MV401040	t
350	ZN0A4ACD3MV401054	t
351	ZN0A4ACD3MV401068	t
352	ZN0A4ACD4MV401032	t
353	ZN0A4ACD4MV401046	t
354	ZN0A4ACD4MV401063	t
355	ZN0A4ACD5MV401038	t
356	ZN0A4ACD5MV401041	t
357	ZN0A4ACD0MV401013	t
358	ZN0A4ACD9MV401012	t
359	ZN0A4ACD4MV401015	t
360	ZN0A4ACD2MV401014	t
361	ZN0A4ACD7MV401011	t
362	ZN0A4ACD6MV401016	t
363	ZN0A4ACD5MV401055	t
364	ZN0A4ACD5MV401069	t
365	ZN0A4ACD6MV401033	t
366	ZN0A4ACD6MV401047	t
367	ZN0A4ACD6MV401050	t
368	ZN0A4ACD6MV401064	t
369	ZN0A4ACD7MV401039	t
370	ZN0A4ACD7MV401042	t
371	ZN0A4ACD7MV401056	t
372	ZN0A4ACD8MV401034	t
373	ZN0A4ACD8MV401048	t
374	ZN0A4ACD8MV401051	t
375	ZN0A4ACD8MV401065	t
376	ZN0A4ACD9MV401043	t
377	ZN0A4ACD9MV401057	t
378	ZN0A4ACD9MV401060	t
379	ZN0A4ACDXMV401035	t
380	ZN0A4ACDXMV401049	t
381	ZN0A4ACDXMV401052	t
382	ZN0A4ACDXMV401066	t
4869	ZACCJABT0FPB52184	t
4870	ZACCJABT0FPB52185	t
4871	ZACCJABT0FPB52187	t
4872	ZACCJABT0FPB52188	t
4873	ZACCJBBT0FPB52190	t
4874	ZACCJABT0FPB52191	t
4875	ZACCJBBT0FPB52194	t
4876	ZACCJBBT0FPB52195	t
4877	ZACCJABT0FPB52197	t
4878	ZACCJABT0FPB52198	t
4879	ZACCJBDT0FPB52199	t
4880	ZACCJABT0FPB52202	t
4881	ZACCJABH0FPB52208	t
4882	ZACCJADT0FPB52214	t
4883	ZACCJADT0FPB52215	t
4884	ZACCJADT0FPB52216	t
4885	ZACCJADT0FPB52220	t
4886	ZACCJADT0FPB52221	t
4887	ZACCJADT0FPB52224	t
4888	ZACCJABH0FPB52226	t
4889	ZACCJBCT0FPB52227	t
4890	ZACCJBCT0FPB52229	t
4891	ZACCJBCT0FPB52230	t
4892	ZACCJBCT0FPB52232	t
4893	ZACCJBCT0FPB52233	t
4894	ZACCJABT0FPB52235	t
4895	ZACCJBAT0FPB52239	t
4896	ZACCJABT0FPB52241	t
4897	ZACCJADT0FPB52242	t
4898	ZACCJBCT0FPB52243	t
4899	ZACCJBCT0FPB52244	t
4900	ZACCJBBH0FPB52245	t
4901	ZACCJABT0FPB52246	t
4902	ZACCJBDT0FPB52248	t
4903	ZACCJADT0FPB52249	t
4904	ZACCJABT0FPB52250	t
4905	ZACCJBDT0FPB52253	t
4906	ZACCJBBT0FPB52256	t
4907	ZACCJADT0FPB52257	t
4908	ZACCJBAT0FPB52260	t
4909	ZACCJADT0FPB52263	t
4910	ZACCJABH0FPB52271	t
4911	ZACCJADT0FPB52274	t
4912	ZACCJBBH0FPB52276	t
4913	ZACCJBDT0FPB52277	t
4914	ZACCJABH0FPB52279	t
4915	ZACCJADT0FPB52280	t
4916	ZACCJBDT0FPB52283	t
4917	ZACCJBDT0FPB52284	t
4918	ZACCJBDT0FPB52288	t
4919	ZACCJADT0FPB52289	t
4920	ZACCJABH0FPB52292	t
4921	ZACCJABT0FPB52293	t
4922	ZACCJADT0FPB52296	t
4923	ZACCJBDT0FPB52297	t
4924	ZACCJABT0FPB52298	t
4925	ZACCJBDT0FPB52299	t
4926	ZACCJADT0FPB52300	t
4927	ZACCJADT0FPB52302	t
4928	ZACCJADT0FPB52303	t
4929	ZACCJABH0FPB52305	t
4930	ZACCJBBT0FPB52307	t
4931	ZACCJBCT0FPB52308	t
4932	ZACCJBCT0FPB52310	t
4933	ZACCJBDT0FPB52312	t
4934	ZACCJABH0FPB52313	t
4935	ZACCJADT0FPB52314	t
4936	ZACCJADT0FPB52315	t
4937	ZACCJBDT0FPB52319	t
4938	ZACCJBAT0FPB52321	t
4939	ZACCJBBT0FPB52323	t
4940	ZACCJADT0FPB52325	t
4941	ZACCJABH0FPB52326	t
4942	ZACCJADT0FPB52328	t
4943	ZACCJABH0FPB52329	t
4944	ZACCJBDT0FPB52330	t
4945	ZACCJBBT0FPB52331	t
4946	ZACCJBDT0FPB52332	t
4947	ZACCJBBT0FPB52333	t
4948	ZACCJBBT0FPB52334	t
4949	ZACCJBCT0FPB52335	t
4950	ZACCJBBT0FPB52337	t
4951	ZACCJADT0FPB52340	t
4952	ZACCJBBT0FPB52341	t
4953	ZACCJBBT0FPB52342	t
4954	ZACCJBBT0FPB52345	t
4955	ZACCJADT0FPB52350	t
4956	ZACCJBBT0FPB52356	t
4957	ZACCJABH0FPB52358	t
4958	ZACCJBBT0FPB52359	t
4959	ZACCJADT0FPB52360	t
4960	ZACCJADT0FPB52365	t
4961	ZACCJBBT0FPB52366	t
4962	ZACCJBBH0FPB52367	t
4963	ZACCJADT0FPB52368	t
4964	ZACCJBAT0FPB52369	t
4965	ZACCJABH0FPB52370	t
4966	ZACCJABH0FPB52372	t
4967	ZACCJABH0FPB52376	t
4968	ZACCJABH0FPB52377	t
4969	ZACCJBBT0FPB52378	t
4970	ZACCJADT0FPB52379	t
4971	ZACCJBBT0FPB52381	t
4972	ZACCJADT0FPB52382	t
4973	ZACCJABH0FPB52385	t
4974	ZACCJADT0FPB52393	t
4975	ZACCJBBT0FPB52394	t
4976	ZACCJABH0FPB52397	t
4977	ZACCJADT0FPB52399	t
4978	ZACCJABH0FPB52400	t
4979	ZACCJABH0FPB52403	t
4980	ZACCJBBH0FPB52404	t
4981	ZACCJBBT0FPB52405	t
4982	ZACCJBBH0FPB52406	t
4983	ZACCJBBH0FPB52407	t
4984	ZACCJBBH0FPB52408	t
4985	ZACCJBBH0FPB52409	t
4986	ZACCJBBH0FPB52410	t
4987	ZACCJBBH0FPB52411	t
4988	ZACCJBBH0FPB52412	t
4989	ZACCJBBT0FPB52413	t
4990	ZACCJBBT0FPB52414	t
4991	ZACCJBBH0FPB52415	t
4992	ZACCJBBT0FPB52416	t
4993	ZACCJABH0FPB52417	t
4994	ZACCJBBT0FPB52418	t
4995	ZACCJABH0FPB52419	t
4996	ZACCJBBH0FPB52420	t
4997	ZACCJAAH0FPB52424	t
4998	ZACCJABT0FPB52426	t
4999	ZACCJBBT0FPB52427	t
5000	ZACCJBBT0FPB52428	t
5001	ZACCJBBT0FPB52429	t
5002	ZACCJABT0FPB52430	t
5003	ZACCJABH0FPB52431	t
5004	ZACCJBBH0FPB52435	t
5005	ZACCJBCT0FPB52436	t
5006	ZACCJBCT0FPB52437	t
5007	ZACCJABH0FPB52438	t
5008	ZACCJBAT0FPB52440	t
5009	ZACCJBBT0FPB52441	t
5010	ZACCJBCT0FPB52443	t
5011	ZACCJADT0FPB52444	t
5012	ZACCJBBH0FPB52446	t
5013	ZACCJBAT0FPB52448	t
5014	ZACCJBBT0FPB52452	t
5015	ZACCJABT0FPB52454	t
5016	ZACCJABT0FPB52455	t
5017	ZACCJBBH0FPB52456	t
5018	ZACCJABT0FPB52457	t
5019	ZACCJABT0FPB52461	t
5020	ZACCJABT0FPB52463	t
5021	ZACCJBBH0FPB52465	t
5022	ZACCJBBT0FPB52469	t
5023	ZACCJABT0FPB52472	t
5024	ZACCJABH0FPB52473	t
5025	ZACCJABT0FPB52474	t
5026	ZACCJADT0FPB52476	t
5027	ZACCJABT0FPB52478	t
5028	ZACCJABT0FPB52479	t
5029	ZACCJBBT0FPB52480	t
5030	ZACCJABT0FPB52481	t
5031	ZACCJABT0FPB52482	t
5032	ZACCJABT0FPB52485	t
5033	ZACCJBBT0FPB52488	t
5034	ZACCJABT0FPB52489	t
5035	ZACCJABH0FPB52491	t
5036	ZACCJBBT0FPB52493	t
5037	ZACCJABT0FPB52495	t
5038	ZACCJBBT0FPB52496	t
5039	ZACCJBBT0FPB52498	t
5040	ZACCJABT0FPB52499	t
5041	ZACCJBBT0FPB52500	t
5042	ZACCJBBT0FPB52501	t
5043	ZACCJABT0FPB52504	t
5044	ZACCJABT0FPB52505	t
5045	ZACCJBDT0FPB52508	t
5046	ZACCJABT0FPB52509	t
5047	ZACCJABT0FPB52512	t
5048	ZACCJABT0FPB52514	t
5049	ZACCJBCT0FPB52517	t
5050	ZACCJBBT0FPB52518	t
5051	ZACCJABT0FPB52519	t
5052	ZACCJAAH0FPB52520	t
5053	ZACCJADT0FPB52521	t
5054	ZACCJABT0FPB52522	t
5055	ZACCJABT0FPB52524	t
5056	ZACCJABT0FPB52525	t
5057	ZACCJBDT0FPB52526	t
5058	ZACCJABT0FPB52529	t
5059	ZACCJABT0FPB52530	t
5060	ZACCJABT0FPB52531	t
5061	ZACCJABT0FPB52532	t
5062	ZACCJABT0FPB52534	t
5063	ZACCJABT0FPB52535	t
5064	ZACCJABT0FPB52536	t
5065	ZACCJBCT0FPB52538	t
5066	ZACCJABT0FPB52541	t
5067	ZACCJABT0FPB52545	t
5068	ZACCJABT0FPB52546	t
5069	ZACCJABT0FPB52549	t
5070	ZACCJABT0FPB52551	t
5071	ZACCJADT0FPB52553	t
5072	ZACCJABT0FPB52554	t
5073	ZACCJBCT0FPB52555	t
5074	ZACCJBCT0FPB52556	t
5075	ZACCJBBT0FPB52557	t
5076	ZACCJABT0FPB52559	t
5077	ZACCJABT0FPB52560	t
5078	ZACCJABT0FPB52561	t
5079	ZACCJABT0FPB52562	t
5080	ZACCJBCT0FPB52564	t
5081	ZACCJBBT0FPB52566	t
5082	ZACCJBBT0FPB52567	t
5083	ZACCJBBT0FPB52569	t
5084	ZACCJBBT0FPB52570	t
5085	ZACCJBBT0FPB52572	t
5086	ZACCJBBT0FPB52573	t
5087	ZACCJBBT0FPB52574	t
5088	ZACCJBBT0FPB52575	t
5089	ZACCJBBT0FPB52576	t
5090	ZACCJABH0FPB52577	t
5091	ZACCJBCT0FPB52579	t
5092	ZACCJBBT0FPB52581	t
5093	ZACCJBBT0FPB52582	t
5094	ZACCJBBT0FPB52583	t
5095	ZACCJABT0FPB52584	t
5096	ZACCJABT0FPB52585	t
5097	ZACCJABT0FPB52587	t
5098	ZACCJABT0FPB52588	t
5099	ZACCJBCT0FPB52591	t
5100	ZACCJABT0FPB52593	t
5101	ZACCJABT0FPB52594	t
5102	ZACCJABT0FPB52596	t
5103	ZACCJBCT0FPB52597	t
5104	ZACCJBBT0FPB52598	t
5105	ZACCJABT0FPB52599	t
5106	ZACCJBBT0FPB52600	t
5107	ZACCJBBT0FPB52601	t
5108	ZACCJABT0FPB52605	t
5109	ZACCJBCT0FPB52606	t
5110	ZACCJBCT0FPB52609	t
5111	ZACCJABT0FPB52611	t
5112	ZACCJBCT0FPB52613	t
5113	ZACCJBCT0FPB52616	t
5114	ZACCJABT0FPB52617	t
5115	ZACCJBCT0FPB52618	t
5116	ZACCJABT0FPB52619	t
5117	ZACCJABT0FPB52625	t
5118	ZACCJBCT0FPB52627	t
5119	ZACCJBCT0FPB52629	t
5120	ZACCJABT0FPB52632	t
5121	ZACCJABT0FPB52634	t
5122	ZACCJABT0FPB52635	t
5123	ZACCJABT0FPB52637	t
5124	ZACCJABT0FPB52638	t
5125	ZACCJABT0FPB52640	t
5126	ZACCJBCT0FPB52641	t
5127	ZACCJABT0FPB52642	t
5128	ZACCJABT0FPB52643	t
5129	ZACCJABT0FPB52644	t
5130	ZACCJABT0FPB52646	t
5131	ZACCJABT0FPB52648	t
5132	ZACCJBDT0FPB52649	t
5133	ZACCJABT0FPB52650	t
5134	ZACCJABT0FPB52651	t
5135	ZACCJABT0FPB52652	t
5136	ZACCJABT0FPB52653	t
5137	ZACCJABT0FPB52654	t
5138	ZACCJABT0FPB52655	t
5139	ZACCJABT0FPB52657	t
5140	ZACCJABT0FPB52661	t
5141	ZACCJABT0FPB52663	t
5142	ZACCJABH0FPB52664	t
5143	ZACCJABT0FPB52665	t
5144	ZACCJABT0FPB52666	t
5145	ZACCJABT0FPB52667	t
5146	ZACCJABT0FPB52668	t
5147	ZACCJBBH0FPB52669	t
5148	ZACCJABT0FPB52670	t
5149	ZACCJABT0FPB52671	t
5150	ZACCJABT0FPB52672	t
5151	ZACCJABT0FPB52673	t
5152	ZACCJABT0FPB52674	t
5153	ZACCJABT0FPB52675	t
5154	ZACCJABH0FPB52677	t
5155	ZACCJBBH0FPB52678	t
5156	ZACCJABT0FPB52679	t
5157	ZACCJABT0FPB52680	t
5158	ZACCJABH0FPB52682	t
5159	ZACCJABH0FPB52684	t
5160	ZACCJBBH0FPB52685	t
5161	ZACCJBBH0FPB52686	t
5162	ZACCJABT0FPB52687	t
5163	ZACCJBDT0FPB52690	t
5164	ZACCJABH0FPB52692	t
5165	ZACCJABH0FPB52694	t
5166	ZACCJABT0FPB52701	t
5167	ZACCJBDT0FPB52702	t
5168	ZACCJABH0FPB52703	t
5169	ZACCJBDT0FPB52704	t
5170	ZACCJBDT0FPB52705	t
5171	ZACCJBDT0FPB52706	t
5172	ZACCJBDT0FPB52707	t
5173	ZACCJBDT0FPB52708	t
5174	ZACCJBDT0FPB52709	t
5175	ZACCJABT0FPB52710	t
5176	ZACCJABT0FPB52711	t
5177	ZACCJABT0FPB52715	t
5178	ZACCJABH0FPB52716	t
5179	ZACCJABH0FPB52717	t
5180	ZACCJADT0FPB52719	t
5181	ZACCJADT0FPB52721	t
5182	ZACCJADT0FPB52722	t
5183	ZACCJADT0FPB52723	t
5184	ZACCJADT0FPB52725	t
5185	ZACCJADT0FPB52726	t
5186	ZACCJABT0FPB52728	t
5187	ZACCJADT0FPB52730	t
5188	ZACCJADT0FPB52731	t
5189	ZACCJAAT0FPB52732	t
5190	ZACCJADT0FPB52733	t
5191	ZACCJADT0FPB52735	t
5192	ZACCJABT0FPB52736	t
5193	ZACCJABT0FPB52738	t
5194	ZACCJADT0FPB52740	t
5195	ZACCJABT0FPB52742	t
5196	ZACCJABT0FPB52744	t
5197	ZACCJABT0FPB52747	t
5198	ZACCJABT0FPB52748	t
5199	ZACCJBBT0FPB52749	t
5200	ZACCJABT0FPB52750	t
5201	ZACCJABT0FPB52751	t
5202	ZACCJABT0FPB52752	t
5203	ZACCJABT0FPB52753	t
5204	ZACCJABT0FPB52754	t
5205	ZACCJBBT0FPB52758	t
5206	ZACCJABT0FPB52761	t
5207	ZACCJAAH0FPB52762	t
5208	ZACCJABT0FPB52763	t
5209	ZACCJABT0FPB52764	t
5210	ZACCJABT0FPB52767	t
5211	ZACCJBAT0FPB52769	t
5212	ZACCJAAT0FPB52773	t
5213	ZACCJAAT0FPB52774	t
5214	ZACCJBAT0FPB52775	t
5215	ZACCJABT0FPB52776	t
5216	ZACCJBBT0FPB52777	t
5217	ZACCJABT0FPB52778	t
5218	ZACCJAAT0FPB52779	t
5219	ZACCJABT0FPB52780	t
5220	ZACCJABT0FPB52781	t
5221	ZACCJAAT0FPB52782	t
5222	ZACCJAAT0FPB52784	t
5223	ZACCJABT0FPB52789	t
5224	ZACCJABT0FPB52792	t
5225	ZACCJABT0FPB52793	t
5226	ZACCJAAT0FPB52795	t
5227	ZACCJAAT0FPB52796	t
5228	ZACCJABT0FPB52797	t
5229	ZACCJABT0FPB52798	t
5230	ZACCJADT0FPB52799	t
5231	ZACCJABT0FPB52801	t
5232	ZACCJABT0FPB52803	t
5233	ZACCJBBT0FPB52804	t
5234	ZACCJAAT0FPB52805	t
5235	ZACCJABT0FPB52806	t
5236	ZACCJBBT0FPB52809	t
5237	ZACCJBAT0FPB52810	t
5238	ZACCJABT0FPB52814	t
5239	ZACCJBBT0FPB52815	t
5240	ZACCJBCT0FPB52816	t
5241	ZACCJABT0FPB52818	t
5242	ZACCJABT0FPB52819	t
5243	ZACCJBBT0FPB52820	t
5244	ZACCJBAT0FPB52821	t
5245	ZACCJAAT0FPB52822	t
5246	ZACCJBAT0FPB52823	t
5247	ZACCJBAT0FPB52825	t
5248	ZACCJAAT0FPB52826	t
5249	ZACCJAAT0FPB52827	t
5250	ZACCJAAH0FPB52830	t
5251	ZACCJBAT0FPB52831	t
5252	ZACCJBBT0FPB52832	t
5253	ZACCJBAT0FPB52833	t
5254	ZACCJBBT0FPB52835	t
5255	ZACCJBAT0FPB52836	t
5256	ZACCJAAT0FPB52837	t
5257	ZACCJADT0FPB52838	t
5258	ZACCJBBT0FPB52840	t
5259	ZACCJAAH0FPB52841	t
5260	ZACCJBBT0FPB52842	t
5261	ZACCJBBT0FPB52843	t
5262	ZACCJAAT0FPB52844	t
5263	ZACCJAAT0FPB52845	t
5264	ZACCJAAH0FPB52846	t
5265	ZACCJAAH0FPB52847	t
5266	ZACCJAAT0FPB52848	t
5267	ZACCJBBT0FPB52849	t
5268	ZACCJAAT0FPB52852	t
5269	ZACCJBBT0FPB52854	t
5270	ZACCJAAH0FPB52855	t
5271	ZACCJBBT0FPB52856	t
5272	ZACCJAAT0FPB52857	t
5273	ZACCJBBT0FPB52858	t
5274	ZACCJBAT0FPB52859	t
5275	ZACCJBAT0FPB52862	t
5276	ZACCJAAH0FPB52864	t
5277	ZACCJBBT0FPB52865	t
5278	ZACCJBAT0FPB52867	t
5279	ZACCJAAH0FPB52868	t
5280	ZACCJAAH0FPB52869	t
5281	ZACCJAAH0FPB52871	t
5282	ZACCJBAH0FPB52872	t
5283	ZACCJBAT0FPB52873	t
5284	ZACCJAAT0FPB52874	t
5285	ZACCJAAH0FPB52875	t
5286	ZACCJADT0FPB52878	t
5287	ZACCJAAT0FPB52879	t
5288	ZACCJAAT0FPB52880	t
5289	ZACCJAAT0FPB52881	t
5290	ZACCJAAH0FPB52882	t
5291	ZACCJAAT0FPB52883	t
5292	ZACCJADT0FPB52885	t
5293	ZACCJAAH0FPB52886	t
5294	ZACCJAAT0FPB52888	t
5295	ZACCJAAH0FPB52889	t
5296	ZACCJAAT0FPB52891	t
5297	ZACCJBAT0FPB52896	t
5298	ZACCJAAH0FPB52897	t
5299	ZACCJADT0FPB52900	t
5300	ZACCJAAH0FPB52901	t
5301	ZACCJAAH0FPB52902	t
5302	ZACCJAAT0FPB52903	t
5303	ZACCJADT0FPB52904	t
5304	ZACCJBAT0FPB52906	t
5305	ZACCJABH0FPB52914	t
5306	ZACCJBAH0FPB52915	t
5307	ZACCJBAH0FPB52916	t
5308	ZACCJBAH0FPB52917	t
5309	ZACCJABH0FPB52918	t
5310	ZACCJBBH0FPB52920	t
5311	ZACCJBBH0FPB52924	t
5312	ZACCJAAH0FPB52926	t
5313	ZACCJBBH0FPB52927	t
5314	ZACCJBCT0FPB52928	t
5315	ZACCJAAH0FPB52932	t
5316	ZACCJBCT0FPB52935	t
5317	ZACCJBCT0FPB52936	t
5318	ZACCJBCT0FPB52937	t
5319	ZACCJBCT0FPB52938	t
5320	ZACCJAAH0FPB52939	t
5321	ZACCJBCT0FPB52941	t
5322	ZACCJAAH0FPB52942	t
5323	ZACCJAAH0FPB52944	t
5324	ZACCJABH0FPB52945	t
5325	ZACCJBCT0FPB52948	t
5326	ZACCJAAH0FPB52949	t
5327	ZACCJAAH0FPB52950	t
5328	ZACCJAAH0FPB52953	t
5329	ZACCJBCT0FPB52955	t
5330	ZACCJAAH0FPB52958	t
5331	ZACCJBAT0FPB52959	t
5332	ZACCJBCT0FPB52960	t
5333	ZACCJBCT0FPB52962	t
5334	ZACCJBCT0FPB52965	t
5335	ZACCJBCT0FPB52966	t
5336	ZACCJBCT0FPB52967	t
5337	ZACCJBAT0FPB52968	t
5338	ZACCJBCT0FPB52969	t
5339	ZACCJBCT0FPB52970	t
5340	ZACCJBCT0FPB52971	t
5341	ZACCJAAH0FPB52972	t
5342	ZACCJBAT0FPB52974	t
5343	ZACCJBCT0FPB52975	t
5344	ZACCJBCT0FPB52976	t
5345	ZACCJBCT0FPB52977	t
5346	ZACCJBCT0FPB52978	t
5347	ZACCJBAT0FPB52979	t
5348	ZACCJBAT0FPB52980	t
5349	ZACCJBBT0FPB52981	t
5350	ZACCJBAT0FPB52982	t
5351	ZACCJBCT0FPB52983	t
5352	ZACCJBCT0FPB52985	t
5353	ZACCJADT0FPB52987	t
5354	ZACCJABT0FPB52989	t
5355	ZACCJABT0FPB52990	t
5356	ZACCJADT0FPB52991	t
5357	ZACCJADT0FPB52992	t
5358	ZACCJBCT0FPB52994	t
5359	ZACCJADT0FPB52997	t
5360	ZACCJBCT0FPB52998	t
5361	ZACCJBAT0FPB52999	t
5362	ZACCJAAH0FPB53000	t
5363	ZACCJBCT0FPB53001	t
5364	ZACCJBAT0FPB53002	t
5365	ZACCJABT0FPB53003	t
5366	ZACCJBCT0FPB53004	t
5367	ZACCJABT0FPB53005	t
5368	ZACCJBAT0FPB53006	t
5369	ZACCJADT0FPB53008	t
5370	ZACCJADT0FPB53010	t
5371	ZACCJADT0FPB53011	t
5372	ZACCJABT0FPB53012	t
5373	ZACCJADT0FPB53013	t
5374	ZACCJBBT0FPB53014	t
5375	ZACCJAAT0FPB53015	t
5376	ZACCJBCT0FPB53016	t
5377	ZACCJABT0FPB53020	t
5378	ZACCJABT0FPB53022	t
5379	ZACCJBDT0FPB53024	t
5380	ZACCJAAH0FPB53025	t
5381	ZACCJABT0FPB53027	t
5382	ZACCJBDT0FPB53028	t
5383	ZACCJAAH0FPB53029	t
5384	ZACCJBDT0FPB53035	t
5385	ZACCJBDT0FPB53036	t
5386	ZACCJADT0FPB53038	t
5387	ZACCJBDT0FPB53039	t
5388	ZACCJADT0FPB53041	t
5389	ZACCJBDT0FPB53043	t
5390	ZACCJBDT0FPB53044	t
5391	ZACCJADT0FPB53045	t
5392	ZACCJAAH0FPB53048	t
5393	ZACCJABT0FPB53050	t
5394	ZACCJAAH0FPB53051	t
5395	ZACCJBAT0FPB53052	t
5396	ZACCJAAT0FPB53054	t
5397	ZACCJBAT0FPB53055	t
5398	ZACCJBDT0FPB53056	t
5399	ZACCJBDT0FPB53057	t
5400	ZACCJABT0FPB53059	t
5401	ZACCJBDT0FPB53060	t
5402	ZACCJAAT0FPB53063	t
5403	ZACCJBCT0FPB53064	t
5404	ZACCJBAT0FPB53066	t
5405	ZACCJAAH0FPB53067	t
5406	ZACCJBDT0FPB53069	t
5407	ZACCJBBT0FPB53070	t
5408	ZACCJBDT0FPB53072	t
5409	ZACCJBDT0FPB53073	t
5410	ZACCJBDT0FPB53074	t
5411	ZACCJADT0FPB53075	t
5412	ZACCJBDT0FPB53076	t
5413	ZACCJBDT0FPB53077	t
5414	ZACCJBAT0FPB53078	t
5415	ZACCJBDT0FPB53080	t
5416	ZACCJBBT0FPB53081	t
5417	ZACCJABT0FPB53082	t
5418	ZACCJAAH0FPB53085	t
5419	ZACCJBDT0FPB53086	t
5420	ZACCJBAT0FPB53087	t
5421	ZACCJBDT0FPB53088	t
5422	ZACCJBDT0FPB53089	t
5423	ZACCJADT0FPB53090	t
5424	ZACCJBDT0FPB53091	t
5425	ZACCJBDT0FPB53094	t
5426	ZACCJBCT0FPB53096	t
5427	ZACCJBAT0FPB53098	t
5428	ZACCJBBT0FPB53099	t
5429	ZACCJBDT0FPB53100	t
5430	ZACCJAAT0FPB53101	t
5431	ZACCJBDT0FPB53103	t
5432	ZACCJABT0FPB53105	t
5433	ZACCJABT0FPB53106	t
5434	ZACCJBDT0FPB53107	t
5435	ZACCJBDT0FPB53108	t
5436	ZACCJBAT0FPB53112	t
5437	ZACCJBDT0FPB53113	t
5438	ZACCJABT0FPB53117	t
5439	ZACCJBCT0FPB53120	t
5440	ZACCJBDT0FPB53123	t
5441	ZACCJBDT0FPB53125	t
5442	ZACCJBDT0FPB53132	t
5443	ZACCJBDT0FPB53138	t
5444	ZACCJABT0FPB53140	t
5445	ZACCJBDT0FPB53143	t
5446	ZACCJBDT0FPB53144	t
5447	ZACCJBAT0FPB53145	t
5448	ZACCJBDT0FPB53146	t
5449	ZACCJBBT0FPB53149	t
5450	ZACCJBAT0FPB53150	t
5451	ZACCJBAT0FPB53151	t
5452	ZACCJABT0FPB53156	t
5453	ZACCJBCT0FPB53158	t
5454	ZACCJBCT0FPB53159	t
5455	ZACCJBDT0FPB53160	t
5456	ZACCJBAT0FPB53161	t
5457	ZACCJBAH0FPB53162	t
5458	ZACCJBBT0FPB53163	t
5459	ZACCJBBT0FPB53165	t
5460	ZACCJABT0FPB53166	t
5461	ZACCJBBT0FPB53169	t
5462	ZACCJBAT0FPB53170	t
5463	ZACCJBAT0FPB53171	t
5464	ZACCJBDT0FPB53172	t
5465	ZACCJABT0FPB53173	t
5466	ZACCJBAT0FPB53176	t
5467	ZACCJBDT0FPB53177	t
5468	ZACCJABT0FPB53180	t
5469	ZACCJBBT0FPB53182	t
5470	ZACCJBDT0FPB53186	t
5471	ZACCJBDT0FPB53190	t
5472	ZACCJBDT0FPB53194	t
5473	ZACCJBBT0FPB53195	t
5474	ZACCJBAH0FPB53198	t
5475	ZACCJABT0FPB53201	t
5476	ZACCJAAT0FPB53208	t
5477	ZACCJBAH0FPB53209	t
5478	ZACCJAAT0FPB53210	t
5479	ZACCJABT0FPB53211	t
5480	ZACCJAAT0FPB53214	t
5481	ZACCJABT0FPB53217	t
5482	ZACCJAAT0FPB53221	t
5483	ZACCJABT0FPB53222	t
5484	ZACCJADT0FPB53223	t
5485	ZACCJADT0FPB53224	t
5486	ZACCJAAH0FPB53230	t
5487	ZACCJAAT0FPB53234	t
5488	ZACCJBBH0FPB53238	t
5489	ZACCJABT0FPB53239	t
5490	ZACCJAAT0FPB53240	t
5491	ZACCJAAT0FPB53241	t
5492	ZACCJABT0FPB53242	t
5493	ZACCJAAT0FPB53243	t
5494	ZACCJABT0FPB53244	t
5495	ZACCJABT0FPB53246	t
5496	ZACCJABT0FPB53247	t
5497	ZACCJAAT0FPB53248	t
5498	ZACCJABT0FPB53249	t
5499	ZACCJAAT0FPB53251	t
5500	ZACCJBCT0FPB53252	t
5501	ZACCJBCT0FPB53253	t
5502	ZACCJAAT0FPB53254	t
5503	ZACCJADT0FPB53256	t
5504	ZACCJBCT0FPB53257	t
5505	ZACCJAAT0FPB53258	t
5506	ZACCJADT0FPB53259	t
5507	ZACCJBCT0FPB53261	t
5508	ZACCJAAT0FPB53262	t
5509	ZACCJBCT0FPB53264	t
5510	ZACCJADT0FPB53265	t
5511	ZACCJABT0FPB53266	t
5512	ZACCJAAT0FPB53267	t
5513	ZACCJABT0FPB53268	t
5514	ZACCJADT0FPB53270	t
5515	ZACCJBCT0FPB53271	t
5516	ZACCJBCT0FPB53274	t
5517	ZACCJBCT0FPB53275	t
5518	ZACCJBCT0FPB53277	t
5519	ZACCJBCT0FPB53278	t
5520	ZACCJADT0FPB53279	t
5521	ZACCJBCT0FPB53281	t
5522	ZACCJADT0FPB53284	t
5523	ZACCJBCT0FPB53285	t
5524	ZACCJBCT0FPB53286	t
5525	ZACCJADT0FPB53287	t
5526	ZACCJABT0FPB53288	t
5527	ZACCJAAT0FPB53289	t
5528	ZACCJABT0FPB53290	t
5529	ZACCJBCT0FPB53292	t
5530	ZACCJADT0FPB53295	t
5531	ZACCJAAT0FPB53296	t
5532	ZACCJBCT0FPB53302	t
5533	ZACCJBCT0FPB53304	t
5534	ZACCJBCT0FPB53305	t
5535	ZACCJBCT0FPB53306	t
5536	ZACCJABT0FPB53308	t
5537	ZACCJBCT0FPB53311	t
5538	ZACCJBCT0FPB53312	t
5539	ZACCJBCT0FPB53316	t
5540	ZACCJBCT0FPB53317	t
5541	ZACCJBCT0FPB53319	t
5542	ZACCJBDT0FPB53320	t
5543	ZACCJBAH0FPB53321	t
5544	ZACCJABT0FPB53322	t
5545	ZACCJBCT0FPB53323	t
5546	ZACCJAAT0FPB53325	t
5547	ZACCJABT0FPB53329	t
5548	ZACCJBCT0FPB53331	t
5549	ZACCJBCT0FPB53333	t
5550	ZACCJBCT0FPB53335	t
5551	ZACCJBCT0FPB53336	t
5552	ZACCJABT0FPB53337	t
5553	ZACCJBCT0FPB53339	t
5554	ZACCJAAT0FPB53341	t
5555	ZACCJABT0FPB53342	t
5556	ZACCJBCT0FPB53343	t
5557	ZACCJBCT0FPB53344	t
5558	ZACCJABT0FPB53345	t
5559	ZACCJAAT0FPB53350	t
5560	ZACCJBCT0FPB53351	t
5561	ZACCJBCT0FPB53352	t
5562	ZACCJABT0FPB53353	t
5563	ZACCJABT0FPB53355	t
5564	ZACCJAAT0FPB53356	t
5565	ZACCJAAT0FPB53363	t
5566	ZACCJABT0FPB53365	t
5567	ZACCJABT0FPB53366	t
5568	ZACCJABT0FPB53369	t
5569	ZACCJABT0FPB53371	t
5570	ZACCJABT0FPB53372	t
5571	ZACCJABT0FPB53373	t
5572	ZACCJAAT0FPB53379	t
5573	ZACCJABT0FPB53381	t
5574	ZACCJABT0FPB53382	t
5575	ZACCJABT0FPB53384	t
5576	ZACCJABT0FPB53385	t
5577	ZACCJBCT0FPB53386	t
5578	ZACCJABT0FPB53387	t
5579	ZACCJBCT0FPB53390	t
5580	ZACCJABT0FPB53392	t
5581	ZACCJABT0FPB53393	t
5582	ZACCJABT0FPB53394	t
5583	ZACCJABT0FPB53396	t
5584	ZACCJBCT0FPB53397	t
5585	ZACCJBCT0FPB53398	t
5586	ZACCJABT0FPB53399	t
5587	ZACCJABT0FPB53400	t
5588	ZACCJABT0FPB53401	t
5589	ZACCJABT0FPB53402	t
5590	ZACCJABT0FPB53405	t
5591	ZACCJABT0FPB53406	t
5592	ZACCJBCT0FPB53407	t
5593	ZACCJBCT0FPB53408	t
5594	ZACCJABT0FPB53409	t
5595	ZACCJABT0FPB53411	t
5596	ZACCJAAT0FPB53413	t
5597	ZACCJABT0FPB53414	t
5598	ZACCJABT0FPB53415	t
5599	ZACCJABT0FPB53416	t
5600	ZACCJABT0FPB53417	t
5601	ZACCJABT0FPB53419	t
5602	ZACCJABT0FPB53420	t
5603	ZACCJABT0FPB53421	t
5604	ZACCJABT0FPB53423	t
5605	ZACCJABT0FPB53427	t
5606	ZACCJABT0FPB53429	t
5607	ZACCJABT0FPB53430	t
5608	ZACCJABT0FPB53431	t
5609	ZACCJABT0FPB53432	t
5610	ZACCJABT0FPB53433	t
5611	ZACCJABT0FPB53434	t
5612	ZACCJABT0FPB53436	t
5613	ZACCJABT0FPB53439	t
5614	ZACCJADT0FPB53440	t
5615	ZACCJABT0FPB53442	t
5616	ZACCJAAT0FPB53443	t
5617	ZACCJAAT0FPB53444	t
5618	ZACCJABT0FPB53446	t
5619	ZACCJABT0FPB53447	t
5620	ZACCJAAT0FPB53449	t
5621	ZACCJAAT0FPB53450	t
5622	ZACCJABT0FPB53457	t
5623	ZACCJBCT0FPB53459	t
5624	ZACCJADT0FPB53460	t
5625	ZACCJABT0FPB53463	t
5626	ZACCJABT0FPB53464	t
5627	ZACCJABT0FPB53465	t
5628	ZACCJBCT0FPB53466	t
5629	ZACCJBBH0FPB53467	t
5630	ZACCJBCT0FPB53468	t
5631	ZACCJABT0FPB53470	t
5632	ZACCJAAT0FPB53471	t
5633	ZACCJBDT0FPB53472	t
5634	ZACCJABT0FPB53473	t
5635	ZACCJADT0FPB53474	t
5636	ZACCJBAH0FPB53475	t
5637	ZACCJABT0FPB53476	t
5638	ZACCJADT0FPB53477	t
5639	ZACCJBAT0FPB53478	t
5640	ZACCJABT0FPB53479	t
5641	ZACCJBBT0FPB53480	t
5642	ZACCJBDT0FPB53481	t
5643	ZACCJBDT0FPB53482	t
5644	ZACCJBDT0FPB53483	t
5645	ZACCJBAT0FPB53486	t
5646	ZACCJBAT0FPB53487	t
5647	ZACCJADT0FPB53488	t
5648	ZACCJBBT0FPB53489	t
5649	ZACCJBDT0FPB53490	t
5650	ZACCJABT0FPB53492	t
5651	ZACCJABT0FPB53493	t
5652	ZACCJADT0FPB53495	t
5653	ZACCJBDT0FPB53497	t
5654	ZACCJABT0FPB53498	t
5655	ZACCJBDT0FPB53499	t
5656	ZACCJABT0FPB53500	t
5657	ZACCJBDT0FPB53502	t
5658	ZACCJADT0FPB53504	t
5659	ZACCJBBT0FPB53505	t
5660	ZACCJABT0FPB53506	t
5661	ZACCJBDT0FPB53508	t
5662	ZACCJBDT0FPB53511	t
5663	ZACCJABT0FPB53512	t
5664	ZACCJBCT0FPB53518	t
5665	ZACCJBCT0FPB53519	t
5666	ZACCJBCT0FPB53520	t
5667	ZACCJBCT0FPB53522	t
5668	ZACCJBDT0FPB53523	t
5669	ZACCJBBT0FPB53525	t
5670	ZACCJABT0FPB53527	t
5671	ZACCJBAT0FPB53532	t
5672	ZACCJBAT0FPB53533	t
5673	ZACCJBCT0FPB53534	t
5674	ZACCJBDT0FPB53535	t
5675	ZACCJBDT0FPB53544	t
5676	ZACCJBCT0FPB53547	t
5677	ZACCJABT0FPB53549	t
5678	ZACCJBAH0FPB53556	t
5679	ZACCJABT0FPB53562	t
5680	ZACCJBDT0FPB53563	t
5681	ZACCJBDT0FPB53567	t
5682	ZACCJABT0FPB53571	t
5683	ZACCJAAT0FPB53572	t
5684	ZACCJBAH0FPB53573	t
5685	ZACCJABT0FPB53574	t
5686	ZACCJABT0FPB53576	t
5687	ZACCJAAT0FPB53580	t
5688	ZACCJBCT0FPB53582	t
5689	ZACCJABT0FPB53588	t
5690	ZACCJBCT0FPB53592	t
5691	ZACCJBAH0FPB53593	t
5692	ZACCJABT0FPB53594	t
5693	ZACCJBCT0FPB53596	t
5694	ZACCJBCT0FPB53598	t
5695	ZACCJABT0FPB53599	t
5696	ZACCJABT0FPB53600	t
5697	ZACCJABT0FPB53602	t
5698	ZACCJABT0FPB53609	t
5699	ZACCJBCT0FPB53614	t
5700	ZACCJBCT0FPB53615	t
5701	ZACCJBCT0FPB53616	t
5702	ZACCJABT0FPB53618	t
5703	ZACCJBCT0FPB53619	t
5704	ZACCJABT0FPB53621	t
5705	ZACCJBCT0FPB53622	t
5706	ZACCJBCT0FPB53626	t
5707	ZACCJABT0FPB53629	t
5708	ZACCJABT0FPB53641	t
5709	ZACCJABT0FPB53642	t
5710	ZACCJABT0FPB53643	t
5711	ZACCJBCT0FPB53647	t
5712	ZACCJBCT0FPB53648	t
5713	ZACCJABT0FPB53650	t
5714	ZACCJBCT0FPB53651	t
5715	ZACCJBBH0FPB53653	t
5716	ZACCJABT0FPB53655	t
5717	ZACCJABT0FPB53657	t
5718	ZACCJABT0FPB53658	t
5719	ZACCJABT0FPB53660	t
5720	ZACCJBCT0FPB53661	t
5721	ZACCJAAH0FPB53664	t
5722	ZACCJABT0FPB53666	t
5723	ZACCJABT0FPB53668	t
5724	ZACCJADT0FPB53674	t
5725	ZACCJAAT0FPB53676	t
5726	ZACCJAAT0FPB53704	t
5727	ZACCJADT0FPB53717	t
5728	ZACCJADT0FPB53721	t
5729	ZACCJADT0FPB53725	t
5730	ZACCJBDT0FPB53727	t
5731	ZACCJBDT0FPB53728	t
5732	ZACCJBCT0FPB53730	t
5733	ZACCJBCT0FPB53731	t
5734	ZACCJBCT0FPB53732	t
5735	ZACCJBCT0FPB53734	t
5736	ZACCJABT0FPB53735	t
5737	ZACCJABT0FPB53737	t
5738	ZACCJBCT0FPB53738	t
5739	ZACCJBCT0FPB53740	t
5740	ZACCJBDT0FPB53741	t
5741	ZACCJBCT0FPB53743	t
5742	ZACCJBDT0FPB53744	t
5743	ZACCJABT0FPB53745	t
5744	ZACCJBCT0FPB53747	t
5745	ZACCJBCT0FPB53748	t
5746	ZACCJBBT0FPB53750	t
5747	ZACCJBCT0FPB53751	t
5748	ZACCJABT0FPB53754	t
5749	ZACCJABT0FPB53755	t
5750	ZACCJBBT0FPB53756	t
5751	ZACCJABT0FPB53758	t
5752	ZACCJBCT0FPB53759	t
5753	ZACCJBCT0FPB53760	t
5754	ZACCJABT0FPB53761	t
5755	ZACCJBCT0FPB53763	t
5756	ZACCJBCT0FPB53765	t
5757	ZACCJAAT0FPB53767	t
5758	ZACCJBCT0FPB53768	t
5759	ZACCJBBT0FPB53769	t
5760	ZACCJBCT0FPB53771	t
5761	ZACCJBCT0FPB53774	t
5762	ZACCJBBT0FPB53775	t
5763	ZACCJABT0FPB53776	t
5764	ZACCJABT0FPB53778	t
5765	ZACCJBCT0FPB53779	t
5766	ZACCJBCT0FPB53781	t
5767	ZACCJBCT0FPB53782	t
5768	ZACCJAAT0FPB53783	t
5769	ZACCJBCT0FPB53785	t
5770	ZACCJABT0FPB53786	t
5771	ZACCJBCT0FPB53787	t
5772	ZACCJBCT0FPB53788	t
5773	ZACCJBBT0FPB53789	t
5774	ZACCJBCT0FPB53790	t
5775	ZACCJBCT0FPB53791	t
5776	ZACCJBCT0FPB53798	t
5777	ZACCJBCT0FPB53804	t
5778	ZACCJBCT0FPB53806	t
5779	ZACCJBCT0FPB53807	t
5780	ZACCJBCT0FPB53808	t
5781	ZACCJBCT0FPB53809	t
5782	ZACCJBCT0FPB53810	t
5783	ZACCJBCT0FPB53812	t
5784	ZACCJBCT0FPB53814	t
5785	ZACCJABT0FPB53815	t
5786	ZACCJBCT0FPB53818	t
5787	ZACCJBCT0FPB53819	t
5788	ZACCJBCT0FPB53820	t
5789	ZACCJBCT0FPB53821	t
5790	ZACCJBCT0FPB53822	t
5791	ZACCJBCT0FPB53823	t
5792	ZACCJABT0FPB53825	t
5793	ZACCJABT0FPB53828	t
5794	ZACCJBBH0FPB53829	t
5795	ZACCJBCT0FPB53831	t
5796	ZACCJBCT0FPB53832	t
5797	ZACCJBBT0FPB53833	t
5798	ZACCJBDT0FPB53836	t
5799	ZACCJBBH0FPB53839	t
5800	ZACCJBCT0FPB53841	t
5801	ZACCJBCT0FPB53842	t
5802	ZACCJABT0FPB53843	t
5803	ZACCJBCT0FPB53844	t
5804	ZACCJBCT0FPB53848	t
5805	ZACCJABT0FPB53850	t
5806	ZACCJBCT0FPB53851	t
5807	ZACCJAAT0FPB53852	t
5808	ZACCJBCT0FPB53853	t
5809	ZACCJBCT0FPB53855	t
5810	ZACCJBCT0FPB53856	t
5811	ZACCJBCT0FPB53857	t
5812	ZACCJBCT0FPB53859	t
5813	ZACCJABT0FPB53860	t
5814	ZACCJABT0FPB53862	t
5815	ZACCJBCT0FPB53863	t
5816	ZACCJBDT0FPB53866	t
5817	ZACCJBCT0FPB53867	t
5818	ZACCJBCT0FPB53868	t
5819	ZACCJBCT0FPB53869	t
5820	ZACCJBCT0FPB53870	t
5821	ZACCJBCT0FPB53871	t
5822	ZACCJBCT0FPB53872	t
5823	ZACCJBCT0FPB53873	t
5824	ZACCJABT0FPB53874	t
5825	ZACCJBCT0FPB53876	t
5826	ZACCJABT0FPB53883	t
5827	ZACCJBCT0FPB53884	t
5828	ZACCJBCT0FPB53885	t
5829	ZACCJABT0FPB53886	t
5830	ZACCJABT0FPB53887	t
5831	ZACCJBCT0FPB53888	t
5832	ZACCJBBT0FPB53890	t
5833	ZACCJABT0FPB53896	t
5834	ZACCJABT0FPB53897	t
5835	ZACCJBBT0FPB53899	t
5836	ZACCJABT0FPB53901	t
5837	ZACCJABT0FPB53902	t
5838	ZACCJBCT0FPB53903	t
5839	ZACCJABT0FPB53904	t
5840	ZACCJABT0FPB53905	t
5841	ZACCJBCT0FPB53906	t
5842	ZACCJBCT0FPB53907	t
5843	ZACCJAAT0FPB53908	t
5844	ZACCJABT0FPB53909	t
5845	ZACCJABT0FPB53912	t
5846	ZACCJABT0FPB53915	t
5847	ZACCJBCT0FPB53916	t
5848	ZACCJBCT0FPB53917	t
5849	ZACCJABT0FPB53918	t
5850	ZACCJBCT0FPB53920	t
5851	ZACCJABT0FPB53921	t
5852	ZACCJABT0FPB53922	t
5853	ZACCJBDT0FPB53923	t
5854	ZACCJBCT0FPB53924	t
5855	ZACCJBBT0FPB53925	t
5856	ZACCJBCT0FPB53926	t
5857	ZACCJABT0FPB53927	t
5858	ZACCJBBT0FPB53928	t
5859	ZACCJABT0FPB53929	t
5860	ZACCJABT0FPB53930	t
5861	ZACCJABT0FPB53931	t
5862	ZACCJBBT0FPB53933	t
5863	ZACCJABT0FPB53934	t
5864	ZACCJBDT0FPB53935	t
5865	ZACCJABT0FPB53936	t
5866	ZACCJABT0FPB53937	t
5867	ZACCJBCT0FPB53938	t
5868	ZACCJBCT0FPB53940	t
5869	ZACCJBCT0FPB53941	t
5870	ZACCJBDT0FPB53942	t
5871	ZACCJBCT0FPB53943	t
5872	ZACCJBCT0FPB53944	t
5873	ZACCJABT0FPB53945	t
5874	ZACCJABT0FPB53946	t
5875	ZACCJABT0FPB53948	t
5876	ZACCJABT0FPB53949	t
5877	ZACCJBDT0FPB53951	t
5878	ZACCJABT0FPB53952	t
5879	ZACCJAAT0FPB53953	t
5880	ZACCJBCT0FPB53955	t
5881	ZACCJBCT0FPB53960	t
5882	ZACCJBCT0FPB53961	t
5883	ZACCJABT0FPB53962	t
5884	ZACCJBBT0FPB53964	t
5885	ZACCJBAT0FPB53965	t
5886	ZACCJBCT0FPB53966	t
5887	ZACCJBAT0FPB53968	t
5888	ZACCJABT0FPB53970	t
5889	ZACCJABT0FPB53972	t
5890	ZACCJBCT0FPB53973	t
5891	ZACCJBCT0FPB53974	t
5892	ZACCJBBT0FPB53975	t
5893	ZACCJBDT0FPB53978	t
5894	ZACCJABT0FPB53979	t
5895	ZACCJABT0FPB53980	t
5896	ZACCJBAH0FPB53981	t
5897	ZACCJBBT0FPB53982	t
5898	ZACCJABT0FPB53983	t
5899	ZACCJBBT0FPB53984	t
5900	ZACCJABT0FPB53985	t
5901	ZACCJBBT0FPB53986	t
5902	ZACCJBBT0FPB53987	t
5903	ZACCJBDT0FPB53990	t
5904	ZACCJBCT0FPB53992	t
5905	ZACCJABT0FPB53993	t
5906	ZACCJABT0FPB53995	t
5907	ZACCJBBT0FPB53996	t
5908	ZACCJBCT0FPB53998	t
5909	ZACCJBDT0FPB54000	t
5910	ZACCJBDT0FPB54002	t
5911	ZACCJABT0FPB54003	t
5912	ZACCJBDT0FPB54004	t
5913	ZACCJAAT0FPB54005	t
5914	ZACCJABT0FPB54008	t
5915	ZACCJABT0FPB54009	t
5916	ZACCJBDT0FPB54010	t
5917	ZACCJABT0FPB54011	t
5918	ZACCJAAT0FPB54012	t
5919	ZACCJBBH0FPB54014	t
5920	ZACCJBBT0FPB54015	t
5921	ZACCJBDT0FPB54016	t
5922	ZACCJBDT0FPB54019	t
5923	ZACCJBDT0FPB54020	t
5924	ZACCJBAT0FPB54021	t
5925	ZACCJBDT0FPB54024	t
5926	ZACCJBCT0FPB54026	t
5927	ZACCJBBT0FPB54027	t
5928	ZACCJBCT0FPB54029	t
5929	ZACCJBCT0FPB54031	t
5930	ZACCJAAT0FPB54033	t
5931	ZACCJBAH0FPB54035	t
5932	ZACCJBDT0FPB54036	t
5933	ZACCJBDT0FPB54037	t
5934	ZACCJBDT0FPB54039	t
5935	ZACCJBDT0FPB54040	t
5936	ZACCJBBT0FPB54041	t
5937	ZACCJBDT0FPB54042	t
5938	ZACCJBDT0FPB54045	t
5939	ZACCJBDT0FPB54047	t
5940	ZACCJBDT0FPB54048	t
5941	ZACCJBBH0FPB54049	t
5942	ZACCJBDT0FPB54050	t
5943	ZACCJBDT0FPB54051	t
5944	ZACCJBBT0FPB54052	t
5945	ZACCJBDT0FPB54054	t
5946	ZACCJBDT0FPB54055	t
5947	ZACCJBDT0FPB54056	t
5948	ZACCJBDT0FPB54058	t
5949	ZACCJBDT0FPB54059	t
5950	ZACCJBDT0FPB54063	t
5951	ZACCJBDT0FPB54064	t
5952	ZACCJBDT0FPB54066	t
5953	ZACCJBDT0FPB54067	t
5954	ZACCJBDT0FPB54068	t
5955	ZACCJBDT0FPB54070	t
5956	ZACCJBCT0FPB54071	t
5957	ZACCJBCT0FPB54072	t
5958	ZACCJBBT0FPB54073	t
5959	ZACCJBBT0FPB54074	t
5960	ZACCJBBH0FPB54078	t
5961	ZACCJBDT0FPB54080	t
5962	ZACCJBCT0FPB54081	t
5963	ZACCJBCT0FPB54082	t
5964	ZACCJBCT0FPB54083	t
5965	ZACCJBBT0FPB54084	t
5966	ZACCJBCT0FPB54085	t
5967	ZACCJBCT0FPB54086	t
5968	ZACCJBCT0FPB54087	t
5969	ZACCJBDT0FPB54089	t
5970	ZACCJBDT0FPB54092	t
5971	ZACCJBCT0FPB54095	t
5972	ZACCJBCT0FPB54096	t
5973	ZACCJBCT0FPB54098	t
5974	ZACCJBDT0FPB54100	t
5975	ZACCJBDT0FPB54103	t
5976	ZACCJBCT0FPB54105	t
5977	ZACCJBCT0FPB54106	t
5978	ZACCJBDT0FPB54112	t
5979	ZACCJBCT0FPB54114	t
5980	ZACCJBCT0FPB54115	t
5981	ZACCJBAH0FPB54117	t
5982	ZACCJAAT0FPB54118	t
5983	ZACCJAAH0FPB54119	t
5984	ZACCJBCT0FPB54120	t
5985	ZACCJBCT0FPB54121	t
5986	ZACCJBDT0FPB54122	t
5987	ZACCJBBT0FPB54123	t
5988	ZACCJBCT0FPB54124	t
5989	ZACCJAAT0FPB54126	t
5990	ZACCJBCT0FPB54127	t
5991	ZACCJBCT0FPB54129	t
5992	ZACCJBCT0FPB54130	t
5993	ZACCJBCT0FPB54131	t
5994	ZACCJBCT0FPB54132	t
5995	ZACCJBAT0FPB54137	t
5996	ZACCJBCT0FPB54138	t
5997	ZACCJBCT0FPB54144	t
5998	ZACCJBCT0FPB54146	t
5999	ZACCJBCT0FPB54147	t
6000	ZACCJBDT0FPB54148	t
6001	ZACCJBCT0FPB54149	t
6002	ZACCJBCT0FPB54151	t
6003	ZACCJBCT0FPB54153	t
6004	ZACCJBCT0FPB54158	t
6005	ZACCJABT0FPB54160	t
6006	ZACCJBCT0FPB54161	t
6007	ZACCJBCT0FPB54164	t
6008	ZACCJBCT0FPB54166	t
6009	ZACCJBCT0FPB54168	t
6010	ZACCJBCT0FPB54169	t
6011	ZACCJBCT0FPB54171	t
6012	ZACCJBAH0FPB54173	t
6013	ZACCJBCT0FPB54174	t
6014	ZACCJBCT0FPB54178	t
6015	ZACCJBCT0FPB54180	t
6016	ZACCJBCT0FPB54181	t
6017	ZACCJBCT0FPB54182	t
6018	ZACCJABT0FPB54183	t
6019	ZACCJBBT0FPB54186	t
6020	ZACCJBCT0FPB54189	t
6021	ZACCJBAH0FPB54190	t
6022	ZACCJAAT0FPB54191	t
6023	ZACCJBCT0FPB54192	t
6024	ZACCJBCT0FPB54199	t
6025	ZACCJBCT0FPB54201	t
6026	ZACCJBCT0FPB54208	t
6027	ZACCJBCT0FPB54211	t
6028	ZACCJBCT0FPB54212	t
6029	ZACCJBCT0FPB54213	t
6030	ZACCJBCT0FPB54214	t
6031	ZACCJBCT0FPB54215	t
6032	ZACCJBCT0FPB54217	t
6033	ZACCJBCT0FPB54218	t
6034	ZACCJBCT0FPB54219	t
6035	ZACCJBCT0FPB54220	t
6036	ZACCJBCT0FPB54221	t
6037	ZACCJBCT0FPB54225	t
6038	ZACCJBCT0FPB54226	t
6039	ZACCJBDT0FPB54227	t
6040	ZACCJBDT0FPB54229	t
6041	ZACCJBBT0FPB54232	t
6042	ZACCJBDT0FPB54235	t
6043	ZACCJBDT0FPB54239	t
6044	ZACCJBDT0FPB54240	t
6045	ZACCJBBH0FPB54243	t
6046	ZACCJABT0FPB54244	t
6047	ZACCJBDT0FPB54245	t
6048	ZACCJBDT0FPB54248	t
6049	ZACCJABT0FPB54249	t
6050	ZACCJBAH0FPB54255	t
6051	ZACCJBCT0FPB54257	t
6052	ZACCJBCT0FPB54258	t
6053	ZACCJBCT0FPB54259	t
6054	ZACCJBCT0FPB54262	t
6055	ZACCJBCT0FPB54265	t
6056	ZACCJABT0FPB54266	t
6057	ZACCJBCT0FPB54267	t
6058	ZACCJAAT0FPB54272	t
6059	ZACCJBDT0FPB54273	t
6060	ZACCJAAT0FPB54274	t
6061	ZACCJBDT0FPB54275	t
6062	ZACCJBDT0FPB54277	t
6063	ZACCJABT0FPB54285	t
6064	ZACCJBDT0FPB54287	t
6065	ZACCJAAT0FPB54298	t
6066	ZACCJABT0FPB54300	t
6067	ZACCJBDT0FPB54305	t
6068	ZACCJBDT0FPB54306	t
6069	ZACCJBDT0FPB54309	t
6070	ZACCJBDT0FPB54314	t
6071	ZACCJBDT0FPB54316	t
6072	ZACCJABT0FPB54323	t
6073	ZACCJBDT0FPB54325	t
6074	ZACCJBBH0FPB54326	t
6075	ZACCJBDT0FPB54327	t
6076	ZACCJBAT0FPB54329	t
6077	ZACCJBDT0FPB54330	t
6078	ZACCJBDT0FPB54331	t
6079	ZACCJBDT0FPB54338	t
6080	ZACCJABT0FPB54340	t
6081	ZACCJBDT0FPB54342	t
6082	ZACCJBDT0FPB54344	t
6083	ZACCJBDT0FPB54345	t
6084	ZACCJBBH0FPB54349	t
6085	ZACCJBDT0FPB54352	t
6086	ZACCJBDT0FPB54355	t
6087	ZACCJBDT0FPB54361	t
6088	ZACCJABT0FPB54362	t
6089	ZACCJABT0FPB54364	t
6090	ZACCJBDT0FPB54367	t
6091	ZACCJABT0FPB54369	t
6092	ZACCJBAT0FPB54372	t
6093	ZACCJBDT0FPB54374	t
6094	ZACCJBDT0FPB54375	t
6095	ZACCJABT0FPB54376	t
6096	ZACCJBAT0FPB54378	t
6097	ZACCJABT0FPB54379	t
6098	ZACCJBDT0FPB54381	t
6099	ZACCJABT0FPB54384	t
6100	ZACCJABT0FPB54386	t
6101	ZACCJBDT0FPB54387	t
6102	ZACCJABT0FPB54388	t
6103	ZACCJABT0FPB54389	t
6104	ZACCJABT0FPB54396	t
6105	ZACCJABT0FPB54397	t
6106	ZACCJABT0FPB54398	t
6107	ZACCJABT0FPB54402	t
6108	ZACCJABT0FPB54403	t
6109	ZACCJABT0FPB54405	t
6110	ZACCJABT0FPB54406	t
6111	ZACCJBDT0FPB54407	t
6112	ZACCJABT0FPB54408	t
6113	ZACCJAAT0FPB54409	t
6114	ZACCJABT0FPB54411	t
6115	ZACCJABT0FPB54412	t
6116	ZACCJAAT0FPB54413	t
6117	ZACCJBAT0FPB54414	t
6118	ZACCJAAT0FPB54415	t
6119	ZACCJAAT0FPB54416	t
6120	ZACCJABT0FPB54419	t
6121	ZACCJABT0FPB54420	t
6122	ZACCJBDT0FPB54422	t
6123	ZACCJABT0FPB54424	t
6124	ZACCJBBT0FPB54425	t
6125	ZACCJABT0FPB54426	t
6126	ZACCJABT0FPB54428	t
6127	ZACCJABT0FPB54431	t
6128	ZACCJABT0FPB54433	t
6129	ZACCJABT0FPB54435	t
6130	ZACCJABT0FPB54436	t
6131	ZACCJBDT0FPB54437	t
6132	ZACCJAAT0FPB54438	t
6133	ZACCJAAT0FPB54439	t
6134	ZACCJABT0FPB54440	t
6135	ZACCJAAT0FPB54441	t
6136	ZACCJADT0FPB54443	t
6137	ZACCJBDT0FPB54450	t
6138	ZACCJABT0FPB54452	t
6139	ZACCJABT0FPB54453	t
6140	ZACCJABT0FPB54454	t
6141	ZACCJABT0FPB54455	t
6142	ZACCJABT0FPB54456	t
6143	ZACCJAAT0FPB54457	t
6144	ZACCJBCT0FPB54458	t
6145	ZACCJBCT0FPB54459	t
6146	ZACCJBCT0FPB54461	t
6147	ZACCJBCT0FPB54462	t
6148	ZACCJBCT0FPB54463	t
6149	ZACCJBCT0FPB54465	t
6150	ZACCJBCT0FPB54466	t
6151	ZACCJBCT0FPB54467	t
6152	ZACCJBCT0FPB54468	t
6153	ZACCJBCT0FPB54469	t
6154	ZACCJBCT0FPB54470	t
6155	ZACCJBCT0FPB54471	t
6156	ZACCJBCT0FPB54472	t
6157	ZACCJBCT0FPB54473	t
6158	ZACCJBCT0FPB54474	t
6159	ZACCJBCT0FPB54475	t
6160	ZACCJABT0FPB54476	t
6161	ZACCJABT0FPB54479	t
6162	ZACCJABT0FPB54480	t
6163	ZACCJABT0FPB54482	t
6164	ZACCJABT0FPB54483	t
6165	ZACCJBCT0FPB54484	t
6166	ZACCJBCT0FPB54485	t
6167	ZACCJBCT0FPB54486	t
6168	ZACCJABT0FPB54487	t
6169	ZACCJABT0FPB54488	t
6170	ZACCJBDT0FPB54490	t
6171	ZACCJBDT0FPB54491	t
6172	ZACCJABT0FPB54493	t
6173	ZACCJABT0FPB54494	t
6174	ZACCJBDT0FPB54496	t
6175	ZACCJBDT0FPB54497	t
6176	ZACCJBDT0FPB54498	t
6177	ZACCJBDT0FPB54499	t
6178	ZACCJBAT0FPB54500	t
6179	ZACCJBDT0FPB54501	t
6180	ZACCJABT0FPB54502	t
6181	ZACCJABT0FPB54503	t
6182	ZACCJBAT0FPB54504	t
6183	ZACCJBDT0FPB54505	t
6184	ZACCJABT0FPB54506	t
6185	ZACCJBBT0FPB54507	t
6186	ZACCJBDT0FPB54508	t
6187	ZACCJBDT0FPB54509	t
6188	ZACCJBDT0FPB54510	t
6189	ZACCJBDT0FPB54511	t
6190	ZACCJBDT0FPB54512	t
6191	ZACCJBAT0FPB54515	t
6192	ZACCJADT0FPB54516	t
6193	ZACCJBDT0FPB54517	t
6194	ZACCJABT0FPB54518	t
6195	ZACCJBDT0FPB54519	t
6196	ZACCJAAT0FPB54520	t
6197	ZACCJBDT0FPB54521	t
6198	ZACCJBDT0FPB54522	t
6199	ZACCJBDT0FPB54523	t
6200	ZACCJADT0FPB54524	t
6201	ZACCJABT0FPB54527	t
6202	ZACCJBCT0FPB54529	t
6203	ZACCJBAT0FPB54530	t
6204	ZACCJBDT0FPB54531	t
6205	ZACCJBCT0FPB54534	t
6206	ZACCJBCT0FPB54535	t
6207	ZACCJBCT0FPB54536	t
6208	ZACCJABT0FPB54537	t
6209	ZACCJBAT0FPB54538	t
6210	ZACCJBAT0FPB54539	t
6211	ZACCJABT0FPB54540	t
6212	ZACCJADT0FPB54542	t
6213	ZACCJBDT0FPB54543	t
6214	ZACCJABT0FPB54545	t
6215	ZACCJBDT0FPB54546	t
6216	ZACCJBAT0FPB54548	t
6217	ZACCJBDT0FPB54549	t
6218	ZACCJBDT0FPB54550	t
6219	ZACCJBDT0FPB54551	t
6220	ZACCJBDT0FPB54553	t
6221	ZACCJBAT0FPB54554	t
6222	ZACCJADT0FPB54555	t
6223	ZACCJBAT0FPB54556	t
6224	ZACCJBAT0FPB54557	t
6225	ZACCJBAT0FPB54559	t
6226	ZACCJBCT0FPB54560	t
6227	ZACCJBCT0FPB54561	t
6228	ZACCJBAT0FPB54563	t
6229	ZACCJBCT0FPB54564	t
6230	ZACCJBAT0FPB54566	t
6231	ZACCJABT0FPB54567	t
6232	ZACCJBDT0FPB54569	t
6233	ZACCJBBT0FPB54570	t
6234	ZACCJBBT0FPB54571	t
6235	ZACCJBBT0FPB54573	t
6236	ZACCJADT0FPB54574	t
6237	ZACCJABT0FPB54576	t
6238	ZACCJBBT0FPB54579	t
6239	ZACCJABT0FPB54580	t
6240	ZACCJBCT0FPB54582	t
6241	ZACCJBCT0FPB54583	t
6242	ZACCJBCT0FPB54584	t
6243	ZACCJBDT0FPB54585	t
6244	ZACCJBCT0FPB54586	t
6245	ZACCJABT0FPB54589	t
6246	ZACCJABT0FPB54591	t
6247	ZACCJABT0FPB54592	t
6248	ZACCJBAT0FPB54596	t
6249	ZACCJBBH0FPB54597	t
6250	ZACCJABT0FPB54599	t
6251	ZACCJABT0FPB54600	t
6252	ZACCJBAH0FPB54603	t
6253	ZACCJABT0FPB54604	t
6254	ZACCJBAT0FPB54605	t
6255	ZACCJABT0FPB54609	t
6256	ZACCJBDT0FPB54610	t
6257	ZACCJABT0FPB54611	t
6258	ZACCJBBH0FPB54613	t
6259	ZACCJBDT0FPB54614	t
6260	ZACCJBDT0FPB54615	t
6261	ZACCJBAT0FPB54616	t
6262	ZACCJABT0FPB54617	t
6263	ZACCJABT0FPB54618	t
6264	ZACCJABT0FPB54619	t
6265	ZACCJBDT0FPB54620	t
6266	ZACCJABT0FPB54621	t
6267	ZACCJABT0FPB54622	t
6268	ZACCJABT0FPB54624	t
6269	ZACCJABT0FPB54626	t
6270	ZACCJBDT0FPB54627	t
6271	ZACCJABT0FPB54629	t
6272	ZACCJBDT0FPB54630	t
6273	ZACCJBDT0FPB54631	t
6274	ZACCJABT0FPB54632	t
6275	ZACCJBDT0FPB54633	t
6276	ZACCJBDT0FPB54634	t
6277	ZACCJBCT0FPB54635	t
6278	ZACCJBCT0FPB54636	t
6279	ZACCJBCT0FPB54637	t
6280	ZACCJBCT0FPB54638	t
6281	ZACCJBCT0FPB54639	t
6282	ZACCJBCT0FPB54640	t
6283	ZACCJBCT0FPB54641	t
6284	ZACCJBCT0FPB54642	t
6285	ZACCJBCT0FPB54644	t
6286	ZACCJBCT0FPB54645	t
6287	ZACCJBCT0FPB54646	t
6288	ZACCJBDT0FPB54647	t
6289	ZACCJAAT0FPB54648	t
6290	ZACCJBDT0FPB54649	t
6291	ZACCJBCT0FPB54650	t
6292	ZACCJBCT0FPB54651	t
6293	ZACCJBBT0FPB54652	t
6294	ZACCJBDT0FPB54653	t
6295	ZACCJBDT0FPB54657	t
6296	ZACCJABT0FPB54658	t
6297	ZACCJBDT0FPB54659	t
6298	ZACCJBAT0FPB54660	t
6299	ZACCJBDT0FPB54661	t
6300	ZACCJBAH0FPB54662	t
6301	ZACCJBDT0FPB54665	t
6302	ZACCJABT0FPB54666	t
6303	ZACCJBDT0FPB54667	t
6304	ZACCJBDT0FPB54668	t
6305	ZACCJABT0FPB54669	t
6306	ZACCJABT0FPB54670	t
6307	ZACCJBDT0FPB54671	t
6308	ZACCJBDT0FPB54672	t
6309	ZACCJABT0FPB54673	t
6310	ZACCJABT0FPB54674	t
6311	ZACCJABT0FPB54678	t
6312	ZACCJADT0FPB54679	t
6313	ZACCJABT0FPB54680	t
6314	ZACCJBDT0FPB54682	t
6315	ZACCJBBT0FPB54688	t
6316	ZACCJBBT0FPB54690	t
6317	ZACCJBBT0FPB54693	t
6318	ZACCJBDT0FPB54696	t
6319	ZACCJABT0FPB54697	t
6320	ZACCJBDT0FPB54700	t
6321	ZACCJBAT0FPB54703	t
6322	ZACCJBBT0FPB54706	t
6323	ZACCJBBT0FPB54707	t
6324	ZACCJABT0FPB54709	t
6325	ZACCJBBT0FPB54710	t
6326	ZACCJABT0FPB54711	t
6327	ZACCJABT0FPB54712	t
6328	ZACCJBBT0FPB54713	t
6329	ZACCJBBT0FPB54714	t
6330	ZACCJABT0FPB54716	t
6331	ZACCJABT0FPB54717	t
6332	ZACCJBBT0FPB54721	t
6333	ZACCJABT0FPB54722	t
6334	ZACCJABT0FPB54726	t
6335	ZACCJABT0FPB54727	t
6336	ZACCJBDT0FPB54728	t
6337	ZACCJABT0FPB54730	t
6338	ZACCJBBT0FPB54731	t
6339	ZACCJBCT0FPB54733	t
6340	ZACCJBCT0FPB54734	t
6341	ZACCJBCT0FPB54736	t
6342	ZACCJBCT0FPB54737	t
6343	ZACCJBCT0FPB54739	t
6344	ZACCJABT0FPB54740	t
6345	ZACCJBCT0FPB54742	t
6346	ZACCJBCT0FPB54743	t
6347	ZACCJBCT0FPB54744	t
6348	ZACCJBBT0FPB54745	t
6349	ZACCJBCT0FPB54746	t
6350	ZACCJBCT0FPB54747	t
6351	ZACCJABT0FPB54748	t
6352	ZACCJBCT0FPB54750	t
6353	ZACCJBCT0FPB54751	t
6354	ZACCJBAT0FPB54753	t
6355	ZACCJBCT0FPB54754	t
6356	ZACCJBAT0FPB54755	t
6357	ZACCJABT0FPB54756	t
6358	ZACCJAAT0FPB54757	t
6359	ZACCJBBT0FPB54759	t
6360	ZACCJABT0FPB54760	t
6361	ZACCJABT0FPB54761	t
6362	ZACCJABT0FPB54764	t
6363	ZACCJABT0FPB54765	t
6364	ZACCJBAT0FPB54767	t
6365	ZACCJBBT0FPB54768	t
6366	ZACCJBDT0FPB54769	t
6367	ZACCJADT0FPB54770	t
6368	ZACCJAAT0FPB54777	t
6369	ZACCJBBT0FPB54778	t
6370	ZACCJBDT0FPB54779	t
6371	ZACCJABT0FPB54780	t
6372	ZACCJBBT0FPB54784	t
6373	ZACCJBBT0FPB54788	t
6374	ZACCJBBT0FPB54789	t
6375	ZACCJBBT0FPB54791	t
6376	ZACCJBAT0FPB54793	t
6377	ZACCJBAT0FPB54794	t
6378	ZACCJBAT0FPB54795	t
6379	ZACCJBDT0FPB54796	t
6380	ZACCJBBT0FPB54797	t
6381	ZACCJBAT0FPB54800	t
6382	ZACCJABT0FPB54801	t
6383	ZACCJBAT0FPB54802	t
6384	ZACCJABT0FPB54803	t
6385	ZACCJBAT0FPB54805	t
6386	ZACCJBAT0FPB54806	t
6387	ZACCJBDT0FPB54808	t
6388	ZACCJBAT0FPB54809	t
6389	ZACCJBDT0FPB54811	t
6390	ZACCJBBT0FPB54813	t
6391	ZACCJBBT0FPB54817	t
6392	ZACCJBDT0FPB54819	t
6393	ZACCJBBT0FPB54820	t
6394	ZACCJBBT0FPB54821	t
6395	ZACCJBDT0FPB54822	t
6396	ZACCJBDT0FPB54823	t
6397	ZACCJABT0FPB54824	t
6398	ZACCJABT0FPB54825	t
6399	ZACCJABT0FPB54826	t
6400	ZACCJABT0FPB54827	t
6401	ZACCJBBT0FPB54830	t
6402	ZACCJBDT0FPB54832	t
6403	ZACCJBDT0FPB54833	t
6404	ZACCJBDT0FPB54834	t
6405	ZACCJBAT0FPB54835	t
6406	ZACCJABT0FPB54836	t
6407	ZACCJBDT0FPB54837	t
6408	ZACCJBDT0FPB54838	t
6409	ZACCJABT0FPB54839	t
6410	ZACCJBBT0FPB54841	t
6411	ZACCJABT0FPB54842	t
6412	ZACCJBBT0FPB54843	t
6413	ZACCJABT0FPB54844	t
6414	ZACCJBBT0FPB54845	t
6415	ZACCJBBT0FPB54847	t
6416	ZACCJABT0FPB54848	t
6417	ZACCJBBT0FPB54849	t
6418	ZACCJBBT0FPB54851	t
6419	ZACCJBBT0FPB54852	t
6420	ZACCJBBT0FPB54853	t
6421	ZACCJBCT0FPB54855	t
6422	ZACCJBCT0FPB54857	t
6423	ZACCJBCT0FPB54858	t
6424	ZACCJBDT0FPB54859	t
6425	ZACCJBCT0FPB54860	t
6426	ZACCJBCT0FPB54862	t
6427	ZACCJADT0FPB54863	t
6428	ZACCJBDT0FPB54864	t
6429	ZACCJABT0FPB54865	t
6430	ZACCJAAT0FPB54866	t
6431	ZACCJBCT0FPB54868	t
6432	ZACCJBBT0FPB54869	t
6433	ZACCJABT0FPB54872	t
6434	ZACCJBCT0FPB54873	t
6435	ZACCJABT0FPB54874	t
6436	ZACCJABT0FPB54875	t
6437	ZACCJBCT0FPB54876	t
6438	ZACCJBCT0FPB54877	t
6439	ZACCJBCT0FPB54879	t
6440	ZACCJABT0FPB54880	t
6441	ZACCJBCT0FPB54881	t
6442	ZACCJBBT0FPB54882	t
6443	ZACCJBBT0FPB54884	t
6444	ZACCJABT0FPB54889	t
6445	ZACCJBBT0FPB54894	t
6446	ZACCJBBT0FPB54896	t
6447	ZACCJBAT0FPB54898	t
6448	ZACCJBDT0FPB54901	t
6449	ZACCJBAT0FPB54902	t
6450	ZACCJBDT0FPB54903	t
6451	ZACCJABT0FPB54905	t
6452	ZACCJBBT0FPB54906	t
6453	ZACCJBBT0FPB54907	t
6454	ZACCJBBH0FPB54909	t
6455	ZACCJBBT0FPB54910	t
6456	ZACCJBBT0FPB54911	t
6457	ZACCJBDT0FPB54912	t
6458	ZACCJBBT0FPB54915	t
6459	ZACCJBBT0FPB54917	t
6460	ZACCJABT0FPB54918	t
6461	ZACCJBBT0FPB54919	t
6462	ZACCJABT0FPB54920	t
6463	ZACCJBDT0FPB54921	t
6464	ZACCJABT0FPB54922	t
6465	ZACCJBDT0FPB54923	t
6466	ZACCJBBT0FPB54924	t
6467	ZACCJBDT0FPB54925	t
6468	ZACCJABT0FPB54926	t
6469	ZACCJABT0FPB54927	t
6470	ZACCJBAT0FPB54928	t
6471	ZACCJABT0FPB54929	t
6472	ZACCJABT0FPB54930	t
6473	ZACCJABT0FPB54933	t
6474	ZACCJABT0FPB54936	t
6475	ZACCJBAT0FPB54939	t
6476	ZACCJBDT0FPB54942	t
6477	ZACCJBDT0FPB54943	t
6478	ZACCJBDT0FPB54945	t
6479	ZACCJBCT0FPB54950	t
6480	ZACCJBCT0FPB54954	t
6481	ZACCJBCT0FPB54955	t
6482	ZACCJBAT0FPB54956	t
6483	ZACCJBCT0FPB54958	t
6484	ZACCJBAH0FPB54959	t
6485	ZACCJBAT0FPB54960	t
6486	ZACCJABT0FPB54965	t
6487	ZACCJBCT0FPB54980	t
6488	ZACCJBCT0FPB54981	t
6489	ZACCJBCT0FPB54992	t
6490	ZACCJBCT0FPB54993	t
6491	ZACCJBCT0FPB54997	t
6492	ZACCJBCT0FPB54998	t
6493	ZACCJBCT0FPB55000	t
6494	ZACCJBCT0FPB55003	t
6495	ZACCJBCT0FPB55004	t
6496	ZACCJBCT0FPB55005	t
6497	ZACCJBCT0FPB55006	t
6498	ZACCJBCT0FPB55007	t
6499	ZACCJBCT0FPB55009	t
6500	ZACCJBCT0FPB55011	t
6501	ZACCJBCT0FPB55012	t
6502	ZACCJBCT0FPB55014	t
6503	ZACCJBCT0FPB55017	t
6504	ZACCJBCT0FPB55019	t
6505	ZACCJBAH0FPB55025	t
6506	ZACCJBCT0FPB55026	t
6507	ZACCJBCT0FPB55028	t
6508	ZACCJABT0FPB55029	t
6509	ZACCJBCT0FPB55030	t
6510	ZACCJBCT0FPB55031	t
6511	ZACCJBBT0FPB55032	t
6512	ZACCJABT0FPB55036	t
6513	ZACCJBCT0FPB55037	t
6514	ZACCJBCT0FPB55038	t
6515	ZACCJABT0FPB55039	t
6516	ZACCJBCT0FPB55042	t
6517	ZACCJBCT0FPB55043	t
6518	ZACCJBCT0FPB55049	t
6519	ZACCJBCT0FPB55051	t
6520	ZACCJBCT0FPB55053	t
6521	ZACCJBCT0FPB55054	t
6522	ZACCJBCT0FPB55055	t
6523	ZACCJBCT0FPB55058	t
6524	ZACCJBCT0FPB55061	t
6525	ZACCJBBT0FPB55063	t
6526	ZACCJBBT0FPB55064	t
6527	ZACCJBCT0FPB55065	t
6528	ZACCJBCT0FPB55066	t
6529	ZACCJBCT0FPB55067	t
6530	ZACCJABT0FPB55078	t
6531	ZACCJABT0FPB55086	t
6532	ZACCJABT0FPB55088	t
6533	ZACCJBBT0FPB55094	t
6534	ZACCJABT0FPB55095	t
6535	ZACCJBAT0FPB55098	t
6536	ZACCJBBT0FPB55099	t
6537	ZACCJBBT0FPB55100	t
6538	ZACCJABT0FPB55101	t
6539	ZACCJABT0FPB55103	t
6540	ZACCJBCT0FPB55104	t
6541	ZACCJBCT0FPB55105	t
6542	ZACCJABT0FPB55106	t
6543	ZACCJBBT0FPB55107	t
6544	ZACCJBCT0FPB55108	t
6545	ZACCJBCT0FPB55109	t
6546	ZACCJBCT0FPB55110	t
6547	ZACCJBCT0FPB55111	t
6548	ZACCJBCT0FPB55113	t
6549	ZACCJBCT0FPB55115	t
6550	ZACCJABT0FPB55117	t
6551	ZACCJABT0FPB55119	t
6552	ZACCJABT0FPB55120	t
6553	ZACCJBAT0FPB55122	t
6554	ZACCJBAT0FPB55123	t
6555	ZACCJABT0FPB55124	t
6556	ZACCJABT0FPB55126	t
6557	ZACCJABT0FPB55127	t
6558	ZACCJABT0FPB55128	t
6559	ZACCJABT0FPB55129	t
6560	ZACCJABT0FPB55130	t
6561	ZACCJABT0FPB55131	t
6562	ZACCJABT0FPB55132	t
6563	ZACCJABT0FPB55133	t
6564	ZACCJABT0FPB55134	t
6565	ZACCJBAT0FPB55135	t
6566	ZACCJABT0FPB55136	t
6567	ZACCJABT0FPB55137	t
6568	ZACCJBBT0FPB55138	t
6569	ZACCJABT0FPB55141	t
6570	ZACCJABT0FPB55143	t
6571	ZACCJBAT0FPB55144	t
6572	ZACCJBBT0FPB55145	t
6573	ZACCJABT0FPB55146	t
6574	ZACCJBBT0FPB55147	t
6575	ZACCJBBT0FPB55148	t
6576	ZACCJBBT0FPB55149	t
6577	ZACCJABT0FPB55150	t
6578	ZACCJBBH0FPB55151	t
6579	ZACCJBAT0FPB55152	t
6580	ZACCJABT0FPB55153	t
6581	ZACCJABT0FPB55154	t
6582	ZACCJBBT0FPB55155	t
6583	ZACCJAAT0FPB55156	t
6584	ZACCJBAT0FPB55157	t
6585	ZACCJBAT0FPB55158	t
6586	ZACCJABT0FPB55159	t
6587	ZACCJBAT0FPB55160	t
6588	ZACCJBAT0FPB55162	t
6589	ZACCJABT0FPB55163	t
6590	ZACCJBBT0FPB55164	t
6591	ZACCJABT0FPB55165	t
6592	ZACCJABT0FPB55166	t
6593	ZACCJABT0FPB55167	t
6594	ZACCJABT0FPB55168	t
6595	ZACCJABT0FPB55169	t
6596	ZACCJABT0FPB55170	t
6597	ZACCJABT0FPB55171	t
6598	ZACCJABT0FPB55172	t
6599	ZACCJABT0FPB55174	t
6600	ZACCJABT0FPB55176	t
6601	ZACCJBCT0FPB55178	t
6602	ZACCJBCT0FPB55179	t
6603	ZACCJABT0FPB55180	t
6604	ZACCJABT0FPB55181	t
6605	ZACCJBAT0FPB55182	t
6606	ZACCJBCT0FPB55183	t
6607	ZACCJBCT0FPB55184	t
6608	ZACCJABT0FPB55186	t
6609	ZACCJABT0FPB55188	t
6610	ZACCJABT0FPB55191	t
6611	ZACCJBBT0FPB55192	t
6612	ZACCJABT0FPB55193	t
6613	ZACCJABT0FPB55194	t
6614	ZACCJABT0FPB55195	t
6615	ZACCJABT0FPB55196	t
6616	ZACCJBBT0FPB55197	t
6617	ZACCJABT0FPB55198	t
6618	ZACCJBAH0FPB55200	t
6619	ZACCJABT0FPB55201	t
6620	ZACCJABT0FPB55203	t
6621	ZACCJBAT0FPB55204	t
6622	ZACCJBBH0FPB55205	t
6623	ZACCJBBT0FPB55206	t
6624	ZACCJABT0FPB55208	t
6625	ZACCJABT0FPB55209	t
6626	ZACCJABT0FPB55210	t
6627	ZACCJABT0FPB55211	t
6628	ZACCJABT0FPB55212	t
6629	ZACCJBAT0FPB55213	t
6630	ZACCJBBT0FPB55214	t
6631	ZACCJABT0FPB55215	t
6632	ZACCJBBT0FPB55216	t
6633	ZACCJBBT0FPB55217	t
6634	ZACCJABT0FPB55218	t
6635	ZACCJBCT0FPB55219	t
6636	ZACCJBCT0FPB55220	t
6637	ZACCJABT0FPB55221	t
6638	ZACCJBCT0FPB55222	t
6639	ZACCJBCT0FPB55224	t
6640	ZACCJABT0FPB55225	t
6641	ZACCJABT0FPB55227	t
6642	ZACCJBBT0FPB55228	t
6643	ZACCJBCT0FPB55229	t
6644	ZACCJABT0FPB55230	t
6645	ZACCJBBT0FPB55231	t
6646	ZACCJBCT0FPB55232	t
6647	ZACCJBBT0FPB55233	t
6648	ZACCJBBT0FPB55234	t
6649	ZACCJBCT0FPB55235	t
6650	ZACCJBAT0FPB55236	t
6651	ZACCJBBT0FPB55237	t
6652	ZACCJBBT0FPB55238	t
6653	ZACCJBCT0FPB55239	t
6654	ZACCJBCT0FPB55240	t
6655	ZACCJBCT0FPB55241	t
6656	ZACCJBCT0FPB55242	t
6657	ZACCJBBT0FPB55243	t
6658	ZACCJAAT0FPB55244	t
6659	ZACCJBCT0FPB55245	t
6660	ZACCJBCT0FPB55246	t
6661	ZACCJBCT0FPB55247	t
6662	ZACCJBCT0FPB55248	t
6663	ZACCJBCT0FPB55249	t
6664	ZACCJAAT0FPB55250	t
6665	ZACCJBCT0FPB55251	t
6666	ZACCJBCT0FPB55252	t
6667	ZACCJBBT0FPB55254	t
6668	ZACCJBBT0FPB55255	t
6669	ZACCJBAT0FPB55257	t
6670	ZACCJBCT0FPB55261	t
6671	ZACCJBCT0FPB55262	t
6672	ZACCJBBT0FPB55263	t
6673	ZACCJBCT0FPB55264	t
6674	ZACCJBCT0FPB55265	t
6675	ZACCJBCT0FPB55266	t
6676	ZACCJBCT0FPB55268	t
6677	ZACCJBCT0FPB55269	t
6678	ZACCJBBT0FPB55270	t
6679	ZACCJBCT0FPB55271	t
6680	ZACCJBBT0FPB55272	t
6681	ZACCJBCT0FPB55276	t
6682	ZACCJBCT0FPB55277	t
6683	ZACCJBCT0FPB55278	t
6684	ZACCJBBT0FPB55279	t
6685	ZACCJBBT0FPB55280	t
6686	ZACCJBBT0FPB55281	t
6687	ZACCJBCT0FPB55282	t
6688	ZACCJBBT0FPB55284	t
6689	ZACCJBCT0FPB55285	t
6690	ZACCJBBT0FPB55286	t
6691	ZACCJBBT0FPB55287	t
6692	ZACCJBBT0FPB55288	t
6693	ZACCJBBT0FPB55291	t
6694	ZACCJBBT0FPB55293	t
6695	ZACCJBBT0FPB55294	t
6696	ZACCJBCT0FPB55295	t
6697	ZACCJBBT0FPB55296	t
6698	ZACCJBCT0FPB55297	t
6699	ZACCJBCT0FPB55298	t
6700	ZACCJBCT0FPB55299	t
6701	ZACCJBCT0FPB55300	t
6702	ZACCJBAT0FPB55301	t
6703	ZACCJBBT0FPB55302	t
6704	ZACCJBCT0FPB55303	t
6705	ZACCJBCT0FPB55304	t
6706	ZACCJBCT0FPB55305	t
6707	ZACCJBCT0FPB55306	t
6708	ZACCJBCT0FPB55308	t
6709	ZACCJBBT0FPB55309	t
6710	ZACCJBBT0FPB55310	t
6711	ZACCJBBT0FPB55313	t
6712	ZACCJBBT0FPB55314	t
6713	ZACCJBCT0FPB55315	t
6714	ZACCJBBT0FPB55316	t
6715	ZACCJBBT0FPB55317	t
6716	ZACCJBBT0FPB55318	t
6717	ZACCJBBT0FPB55319	t
6718	ZACCJBBT0FPB55320	t
6719	ZACCJBBT0FPB55321	t
6720	ZACCJBBT0FPB55322	t
6721	ZACCJBBT0FPB55324	t
6722	ZACCJBBT0FPB55326	t
6723	ZACCJBBT0FPB55327	t
6724	ZACCJBBT0FPB55328	t
6725	ZACCJBAT0FPB55329	t
6726	ZACCJBAT0FPB55330	t
6727	ZACCJBBT0FPB55331	t
6728	ZACCJBBT0FPB55332	t
6729	ZACCJBBT0FPB55333	t
6730	ZACCJBBT0FPB55334	t
6731	ZACCJBDT0FPB55336	t
6732	ZACCJBBT0FPB55338	t
6733	ZACCJAAT0FPB55339	t
6734	ZACCJAAT0FPB55340	t
6735	ZACCJBBT0FPB55341	t
6736	ZACCJBDT0FPB55345	t
6737	ZACCJBDT0FPB55346	t
6738	ZACCJBDT0FPB55347	t
6739	ZACCJBBT0FPB55348	t
6740	ZACCJBBT0FPB55349	t
6741	ZACCJBBT0FPB55350	t
6742	ZACCJBDT0FPB55351	t
6743	ZACCJBBT0FPB55352	t
6744	ZACCJABT0FPB55353	t
6745	ZACCJBBT0FPB55354	t
6746	ZACCJBBT0FPB55355	t
6747	ZACCJAAT0FPB55356	t
6748	ZACCJABT0FPB55357	t
6749	ZACCJABT0FPB55358	t
6750	ZACCJBBT0FPB55359	t
6751	ZACCJABT0FPB55360	t
6752	ZACCJBCT0FPB55361	t
6753	ZACCJABT0FPB55362	t
6754	ZACCJBBT0FPB55363	t
6755	ZACCJBCT0FPB55364	t
6756	ZACCJBBT0FPB55365	t
6757	ZACCJBCT0FPB55366	t
6758	ZACCJBAT0FPB55367	t
6759	ZACCJAAT0FPB55368	t
6760	ZACCJBAT0FPB55370	t
6761	ZACCJBBT0FPB55371	t
6762	ZACCJAAT0FPB55372	t
6763	ZACCJBCT0FPB55373	t
6764	ZACCJBBT0FPB55374	t
6765	ZACCJBCT0FPB55375	t
6766	ZACCJAAT0FPB55376	t
6767	ZACCJBCT0FPB55378	t
6768	ZACCJAAT0FPB55379	t
6769	ZACCJABT0FPB55380	t
6770	ZACCJBBT0FPB55381	t
6771	ZACCJABT0FPB55382	t
6772	ZACCJBCT0FPB55383	t
6773	ZACCJBAT0FPB55384	t
6774	ZACCJBAT0FPB55385	t
6775	ZACCJBAT0FPB55387	t
6776	ZACCJAAT0FPB55389	t
6777	ZACCJABT0FPB55390	t
6778	ZACCJABT0FPB55392	t
6779	ZACCJBBT0FPB55394	t
6780	ZACCJBBT0FPB55396	t
6781	ZACCJBCT0FPB55398	t
6782	ZACCJAAT0FPB55399	t
6783	ZACCJBAT0FPB55401	t
6784	ZACCJBDT0FPB55402	t
6785	ZACCJAAT0FPB55405	t
6786	ZACCJBDT0FPB55406	t
6787	ZACCJABT0FPB55407	t
6788	ZACCJABT0FPB55413	t
6789	ZACCJBAT0FPB55414	t
6790	ZACCJBDT0FPB55422	t
6791	ZACCJBDT0FPB55424	t
6792	ZACCJBBT0FPB55427	t
6793	ZACCJBBT0FPB55428	t
6794	ZACCJBDT0FPB55429	t
6795	ZACCJBDT0FPB55431	t
6796	ZACCJBDT0FPB55432	t
6797	ZACCJBBT0FPB55433	t
6798	ZACCJBDT0FPB55436	t
6799	ZACCJBDT0FPB55437	t
6800	ZACCJABT0FPB55438	t
6801	ZACCJBBT0FPB55439	t
6802	ZACCJBDT0FPB55440	t
6803	ZACCJBDT0FPB55441	t
6804	ZACCJABT0FPB55442	t
6805	ZACCJBDT0FPB55443	t
6806	ZACCJBDT0FPB55444	t
6807	ZACCJBBT0FPB55445	t
6808	ZACCJBDT0FPB55446	t
6809	ZACCJBCT0FPB55448	t
6810	ZACCJBBT0FPB55449	t
6811	ZACCJBBT0FPB55450	t
6812	ZACCJBDT0FPB55453	t
6813	ZACCJABT0FPB55455	t
6814	ZACCJBBT0FPB55456	t
6815	ZACCJBDT0FPB55457	t
6816	ZACCJBBT0FPB55460	t
6817	ZACCJABT0FPB55461	t
6818	ZACCJABT0FPB55463	t
6819	ZACCJABT0FPB55466	t
6820	ZACCJBBT0FPB55469	t
6821	ZACCJABT0FPB55470	t
6822	ZACCJABT0FPB55471	t
6823	ZACCJBBT0FPB55472	t
6824	ZACCJBBT0FPB55473	t
6825	ZACCJBBT0FPB55475	t
6826	ZACCJABT0FPB55476	t
6827	ZACCJABT0FPB55477	t
6828	ZACCJBBT0FPB55480	t
6829	ZACCJBBT0FPB55482	t
6830	ZACCJABT0FPB55483	t
6831	ZACCJBBT0FPB55484	t
6832	ZACCJABT0FPB55485	t
6833	ZACCJABT0FPB55486	t
6834	ZACCJBBT0FPB55487	t
6835	ZACCJBBT0FPB55488	t
6836	ZACCJABT0FPB55490	t
6837	ZACCJBBT0FPB55491	t
6838	ZACCJABT0FPB55492	t
6839	ZACCJBBT0FPB55494	t
6840	ZACCJBBT0FPB55495	t
6841	ZACCJBBT0FPB55497	t
6842	ZACCJABT0FPB55498	t
6843	ZACCJABT0FPB55499	t
6844	ZACCJBBT0FPB55501	t
6845	ZACCJBBT0FPB55502	t
6846	ZACCJABT0FPB55503	t
6847	ZACCJBBT0FPB55506	t
6848	ZACCJBBT0FPB55507	t
6849	ZACCJBBT0FPB55508	t
6850	ZACCJBCT0FPB55509	t
6851	ZACCJBDT0FPB55510	t
6852	ZACCJBDT0FPB55512	t
6853	ZACCJBBT0FPB55513	t
6854	ZACCJBDT0FPB55515	t
6855	ZACCJBCT0FPB55516	t
6856	ZACCJABT0FPB55517	t
6857	ZACCJABT0FPB55519	t
6858	ZACCJBBT0FPB55520	t
6859	ZACCJABT0FPB55521	t
6860	ZACCJBDT0FPB55523	t
6861	ZACCJABT0FPB55524	t
6862	ZACCJBDT0FPB55525	t
6863	ZACCJBDT0FPB55526	t
6864	ZACCJBDT0FPB55527	t
6865	ZACCJBDT0FPB55529	t
6866	ZACCJBDT0FPB55530	t
6867	ZACCJBDT0FPB55531	t
6868	ZACCJBCT0FPB55532	t
6869	ZACCJBDT0FPB55536	t
6870	ZACCJBCT0FPB55538	t
6871	ZACCJBCT0FPB55549	t
6872	ZACCJBCT0FPB55555	t
6873	ZACCJBCT0FPB55564	t
6874	ZACCJBCT0FPB55571	t
6875	ZACCJBBT0FPB55593	t
6876	ZACCJBCT0FPB55595	t
6877	ZACCJBBT0FPB55596	t
6878	ZACCJBBH0FPB55597	t
6879	ZACCJAAH0FPB55598	t
6880	ZACCJBBH0FPB55599	t
6881	ZACCJAAH0FPB55600	t
6882	ZACCJAAH0FPB55601	t
6883	ZACCJAAH0FPB55604	t
6884	ZACCJAAH0FPB55605	t
6885	ZACCJAAH0FPB55608	t
6886	ZACCJAAH0FPB55609	t
6887	ZACCJAAH0FPB55611	t
6888	ZACCJAAH0FPB55613	t
6889	ZACCJAAH0FPB55616	t
6890	ZACCJAAH0FPB55617	t
6891	ZACCJAAH0FPB55618	t
6892	ZACCJBAH0FPB55619	t
6893	ZACCJAAH0FPB55620	t
6894	ZACCJBAH0FPB55623	t
6895	ZACCJAAH0FPB55658	t
6896	ZACCJBBT0FPB55666	t
6897	ZACCJABT0FPB55670	t
6898	ZACCJABT0FPB55671	t
6899	ZACCJBCT0FPB55672	t
6900	ZACCJABT0FPB55673	t
6901	ZACCJBAT0FPB55675	t
6902	ZACCJABT0FPB55677	t
6903	ZACCJABT0FPB55678	t
6904	ZACCJBCT0FPB55679	t
6905	ZACCJABT0FPB55680	t
6906	ZACCJBBT0FPB55682	t
6907	ZACCJBBT0FPB55683	t
6908	ZACCJBBT0FPB55684	t
6909	ZACCJBBT0FPB55685	t
6910	ZACCJBBT0FPB55686	t
6911	ZACCJBBT0FPB55687	t
6912	ZACCJBAT0FPB55688	t
6913	ZACCJBBT0FPB55689	t
6914	ZACCJABT0FPB55690	t
6915	ZACCJBCT0FPB55695	t
6916	ZACCJABT0FPB55696	t
6917	ZACCJBBT0FPB55697	t
6918	ZACCJBBT0FPB55698	t
6919	ZACCJAAT0FPB55699	t
6920	ZACCJAAT0FPB55700	t
6921	ZACCJABT0FPB55701	t
6922	ZACCJAAT0FPB55703	t
6923	ZACCJABT0FPB55704	t
6924	ZACCJAAT0FPB55705	t
6925	ZACCJBBT0FPB55706	t
6926	ZACCJAAT0FPB55707	t
6927	ZACCJBCT0FPB55709	t
6928	ZACCJABT0FPB55711	t
6929	ZACCJABT0FPB55712	t
6930	ZACCJAAT0FPB55713	t
6931	ZACCJAAT0FPB55717	t
6932	ZACCJABT0FPB55718	t
6933	ZACCJBBT0FPB55719	t
6934	ZACCJBBT0FPB55721	t
6935	ZACCJBBT0FPB55723	t
6936	ZACCJBAT0FPB55726	t
6937	ZACCJABT0FPB55727	t
6938	ZACCJBBT0FPB55729	t
6939	ZACCJBBT0FPB55730	t
6940	ZACCJBBT0FPB55732	t
6941	ZACCJBBT0FPB55733	t
6942	ZACCJBBT0FPB55734	t
6943	ZACCJBAT0FPB55735	t
6944	ZACCJBBT0FPB55737	t
6945	ZACCJBBT0FPB55741	t
6946	ZACCJBBT0FPB55742	t
6947	ZACCJAAT0FPB55743	t
6948	ZACCJAAT0FPB55745	t
6949	ZACCJBCT0FPB55748	t
6950	ZACCJBBT0FPB55749	t
6951	ZACCJBCT0FPB55750	t
6952	ZACCJAAT0FPB55751	t
6953	ZACCJAAT0FPB55752	t
6954	ZACCJBBT0FPB55753	t
6955	ZACCJBBT0FPB55754	t
6956	ZACCJBAT0FPB55755	t
6957	ZACCJBBT0FPB55756	t
6958	ZACCJBCT0FPB55757	t
6959	ZACCJBBT0FPB55758	t
6960	ZACCJBBT0FPB55761	t
6961	ZACCJBAT0FPB55762	t
6962	ZACCJBBT0FPB55764	t
6963	ZACCJBCT0FPB55767	t
6964	ZACCJAAT0FPB55768	t
6965	ZACCJBBT0FPB55769	t
6966	ZACCJBBT0FPB55770	t
6967	ZACCJBAT0FPB55771	t
6968	ZACCJBAT0FPB55772	t
6969	ZACCJBBT0FPB55773	t
6970	ZACCJBBT0FPB55775	t
6971	ZACCJBBT0FPB55777	t
6972	ZACCJBBT0FPB55778	t
6973	ZACCJBBT0FPB55779	t
6974	ZACCJBBT0FPB55780	t
6975	ZACCJBCT0FPB55781	t
6976	ZACCJBCT0FPB55782	t
6977	ZACCJBBT0FPB55783	t
6978	ZACCJBBT0FPB55784	t
6979	ZACCJBAT0FPB55785	t
6980	ZACCJBBT0FPB55786	t
6981	ZACCJABT0FPB55788	t
6982	ZACCJBBT0FPB55789	t
6983	ZACCJBBT0FPB55791	t
6984	ZACCJBCT0FPB55793	t
6985	ZACCJBBT0FPB55798	t
6986	ZACCJBBT0FPB55799	t
6987	ZACCJBBT0FPB55800	t
6988	ZACCJBBT0FPB55802	t
6989	ZACCJBBT0FPB55805	t
6990	ZACCJBCT0FPB55807	t
6991	ZACCJBAT0FPB55808	t
6992	ZACCJAAT0FPB55809	t
6993	ZACCJBBT0FPB55810	t
6994	ZACCJAAT0FPB55811	t
6995	ZACCJBAT0FPB55812	t
6996	ZACCJBBT0FPB55813	t
6997	ZACCJAAT0FPB55814	t
6998	ZACCJABT0FPB55816	t
6999	ZACCJBBT0FPB55817	t
7000	ZACCJBBT0FPB55818	t
7001	ZACCJBBT0FPB55819	t
7002	ZACCJBBT0FPB55820	t
7003	ZACCJBAT0FPB55821	t
7004	ZACCJBBT0FPB55822	t
7005	ZACCJBBT0FPB55823	t
7006	ZACCJABT0FPB55825	t
7007	ZACCJBBT0FPB55828	t
7008	ZACCJAAT0FPB55830	t
7009	ZACCJABT0FPB55831	t
7010	ZACCJAAT0FPB55833	t
7011	ZACCJBBT0FPB55834	t
7012	ZACCJBCT0FPB55835	t
7013	ZACCJBCT0FPB55837	t
7014	ZACCJABT0FPB55838	t
7015	ZACCJBBT0FPB55840	t
7016	ZACCJBCT0FPB55841	t
7017	ZACCJAAT0FPB55843	t
7018	ZACCJBCT0FPB55844	t
7019	ZACCJBBT0FPB55845	t
7020	ZACCJBCT0FPB55846	t
7021	ZACCJBAT0FPB55847	t
7022	ZACCJBCT0FPB55848	t
7023	ZACCJBCT0FPB55850	t
7024	ZACCJBCT0FPB55851	t
7025	ZACCJBBT0FPB55852	t
7026	ZACCJBBT0FPB55853	t
7027	ZACCJBBT0FPB55854	t
7028	ZACCJABT0FPB55856	t
7029	ZACCJABT0FPB55858	t
7030	ZACCJABT0FPB55859	t
7031	ZACCJBCT0FPB55860	t
7032	ZACCJBCT0FPB55861	t
7033	ZACCJBCT0FPB55862	t
7034	ZACCJBAT0FPB55863	t
7035	ZACCJBBT0FPB55864	t
7036	ZACCJBBT0FPB55865	t
7037	ZACCJBBT0FPB55868	t
7038	ZACCJBCT0FPB55870	t
7039	ZACCJBBT0FPB55871	t
7040	ZACCJBBT0FPB55872	t
7041	ZACCJBBT0FPB55873	t
7042	ZACCJABT0FPB55874	t
7043	ZACCJABT0FPB55875	t
7044	ZACCJBBT0FPB55876	t
7045	ZACCJBCT0FPB55877	t
7046	ZACCJABT0FPB55878	t
7047	ZACCJBBT0FPB55879	t
7048	ZACCJAAT0FPB55880	t
7049	ZACCJBCT0FPB55881	t
7050	ZACCJBCT0FPB55882	t
7051	ZACCJABT0FPB55883	t
7052	ZACCJBAT0FPB55884	t
7053	ZACCJBCT0FPB55885	t
7054	ZACCJABT0FPB55886	t
7055	ZACCJBBT0FPB55887	t
7056	ZACCJBAT0FPB55888	t
7057	ZACCJABT0FPB55889	t
7058	ZACCJAAT0FPB55891	t
7059	ZACCJBCT0FPB55892	t
7060	ZACCJBBT0FPB55893	t
7061	ZACCJBBT0FPB55894	t
7062	ZACCJBCT0FPB55895	t
7063	ZACCJBCT0FPB55896	t
7064	ZACCJBBT0FPB55897	t
7065	ZACCJBCT0FPB55900	t
7066	ZACCJABT0FPB55901	t
7067	ZACCJBCT0FPB55902	t
7068	ZACCJBCT0FPB55903	t
7069	ZACCJABT0FPB55905	t
7070	ZACCJABT0FPB55906	t
7071	ZACCJABT0FPB55907	t
7072	ZACCJBBT0FPB55908	t
7073	ZACCJAAT0FPB55909	t
7074	ZACCJABT0FPB55910	t
7075	ZACCJBBT0FPB55911	t
7076	ZACCJAAT0FPB55912	t
7077	ZACCJBCT0FPB55913	t
7078	ZACCJBBT0FPB55914	t
7079	ZACCJBAH0FPB55915	t
7080	ZACCJBBH0FPB55916	t
7081	ZACCJBBT0FPB55917	t
7082	ZACCJBBT0FPB55918	t
7083	ZACCJBBT0FPB55919	t
7084	ZACCJBBT0FPB55920	t
7085	ZACCJBCT0FPB55921	t
7086	ZACCJBBT0FPB55922	t
7087	ZACCJBBT0FPB55925	t
7088	ZACCJBCT0FPB55926	t
7089	ZACCJABT0FPB55927	t
7090	ZACCJABT0FPB55929	t
7091	ZACCJBCT0FPB55930	t
7092	ZACCJBCT0FPB55931	t
7093	ZACCJBCT0FPB55932	t
7094	ZACCJBCT0FPB55933	t
7095	ZACCJBBT0FPB55934	t
7096	ZACCJABT0FPB55936	t
7097	ZACCJBBT0FPB55937	t
7098	ZACCJABT0FPB55939	t
7099	ZACCJBBT0FPB55940	t
7100	ZACCJABT0FPB55941	t
7101	ZACCJBCT0FPB55942	t
7102	ZACCJBBT0FPB55943	t
7103	ZACCJBBT0FPB55944	t
7104	ZACCJABT0FPB55945	t
7105	ZACCJBBT0FPB55946	t
7106	ZACCJBCT0FPB55947	t
7107	ZACCJAAT0FPB55948	t
7108	ZACCJBAH0FPB55949	t
7109	ZACCJBBT0FPB55950	t
7110	ZACCJBBT0FPB55951	t
7111	ZACCJBCT0FPB55952	t
7112	ZACCJBBT0FPB55953	t
7113	ZACCJBBT0FPB55954	t
7114	ZACCJBCT0FPB55955	t
7115	ZACCJBBT0FPB55956	t
7116	ZACCJABT0FPB55957	t
7117	ZACCJBCT0FPB55958	t
7118	ZACCJABT0FPB55959	t
7119	ZACCJBCT0FPB55960	t
7120	ZACCJBBT0FPB55961	t
7121	ZACCJBBH0FPB55962	t
7122	ZACCJBAH0FPB55963	t
7123	ZACCJBBT0FPB55964	t
7124	ZACCJBBT0FPB55965	t
7125	ZACCJBBH0FPB55967	t
7126	ZACCJAAT0FPB55970	t
7127	ZACCJBCT0FPB55972	t
7128	ZACCJBBT0FPB55973	t
7129	ZACCJAAT0FPB55974	t
7130	ZACCJBBT0FPB55977	t
7131	ZACCJBCT0FPB55978	t
7132	ZACCJBBT0FPB55979	t
7133	ZACCJBCT0FPB55980	t
7134	ZACCJBBT0FPB55981	t
7135	ZACCJBBT0FPB55982	t
7136	ZACCJBCT0FPB55983	t
7137	ZACCJBBH0FPB55984	t
7138	ZACCJABT0FPB55986	t
7139	ZACCJBCT0FPB55987	t
7140	ZACCJBCT0FPB55990	t
7141	ZACCJBAH0FPB55991	t
7142	ZACCJBCT0FPB55996	t
7143	ZACCJABT0FPB55997	t
7144	ZACCJBCT0FPB55998	t
7145	ZACCJBCT0FPB56000	t
7146	ZACCJBCT0FPB56001	t
7147	ZACCJBCT0FPB56002	t
7148	ZACCJBCT0FPB56004	t
7149	ZACCJBBH0FPB56005	t
7150	ZACCJBCT0FPB56006	t
7151	ZACCJABT0FPB56007	t
7152	ZACCJBCT0FPB56008	t
7153	ZACCJBCT0FPB56010	t
7154	ZACCJBCT0FPB56011	t
7155	ZACCJBCT0FPB56012	t
7156	ZACCJABT0FPB56013	t
7157	ZACCJABT0FPB56014	t
7158	ZACCJBCT0FPB56015	t
7159	ZACCJBCT0FPB56016	t
7160	ZACCJBCT0FPB56017	t
7161	ZACCJBCT0FPB56018	t
7162	ZACCJBAT0FPB56021	t
7163	ZACCJBCT0FPB56023	t
7164	ZACCJBBT0FPB56024	t
7165	ZACCJBBH0FPB56025	t
7166	ZACCJBCT0FPB56026	t
7167	ZACCJBCT0FPB56027	t
7168	ZACCJABT0FPB56028	t
7169	ZACCJBCT0FPB56029	t
7170	ZACCJBBT0FPB56030	t
7171	ZACCJBCT0FPB56031	t
7172	ZACCJABT0FPB56032	t
7173	ZACCJBCT0FPB56033	t
7174	ZACCJABT0FPB56035	t
7175	ZACCJBBH0FPB56036	t
7176	ZACCJBCT0FPB56037	t
7177	ZACCJBBH0FPB56038	t
7178	ZACCJBBH0FPB56039	t
7179	ZACCJBCT0FPB56040	t
7180	ZACCJBCT0FPB56041	t
7181	ZACCJABT0FPB56042	t
7182	ZACCJABT0FPB56043	t
7183	ZACCJABT0FPB56044	t
7184	ZACCJABT0FPB56045	t
7185	ZACCJBAH0FPB56046	t
7186	ZACCJBCT0FPB56047	t
7187	ZACCJABT0FPB56048	t
7188	ZACCJABT0FPB56051	t
7189	ZACCJBAH0FPB56055	t
7190	ZACCJABT0FPB56057	t
7191	ZACCJABT0FPB56058	t
7192	ZACCJABT0FPB56060	t
7193	ZACCJABT0FPB56061	t
7194	ZACCJABT0FPB56062	t
7195	ZACCJABT0FPB56066	t
7196	ZACCJBAH0FPB56068	t
7197	ZACCJABT0FPB56069	t
7198	ZACCJABT0FPB56072	t
7199	ZACCJBBT0FPB56073	t
7200	ZACCJABT0FPB56074	t
7201	ZACCJBAH0FPB56075	t
7202	ZACCJBBH0FPB56076	t
7203	ZACCJABT0FPB56077	t
7204	ZACCJABT0FPB56080	t
7205	ZACCJABT0FPB56083	t
7206	ZACCJABT0FPB56084	t
7207	ZACCJABT0FPB56085	t
7208	ZACCJABT0FPB56086	t
7209	ZACCJABT0FPB56087	t
7210	ZACCJABT0FPB56088	t
7211	ZACCJABT0FPB56089	t
7212	ZACCJABT0FPB56090	t
7213	ZACCJABT0FPB56091	t
7214	ZACCJABT0FPB56092	t
7215	ZACCJABT0FPB56093	t
7216	ZACCJABT0FPB56096	t
7217	ZACCJABT0FPB56097	t
7218	ZACCJABT0FPB56098	t
7219	ZACCJABT0FPB56099	t
7220	ZACCJABT0FPB56101	t
7221	ZACCJABT0FPB56102	t
7222	ZACCJBCT0FPB56104	t
7223	ZACCJABT0FPB56105	t
7224	ZACCJBAT0FPB56106	t
7225	ZACCJABT0FPB56108	t
7226	ZACCJABT0FPB56109	t
7227	ZACCJABT0FPB56110	t
7228	ZACCJBBT0FPB56111	t
7229	ZACCJBCT0FPB56112	t
7230	ZACCJABT0FPB56113	t
7231	ZACCJABT0FPB56115	t
7232	ZACCJABT0FPB56116	t
7233	ZACCJABT0FPB56117	t
7234	ZACCJABT0FPB56119	t
7235	ZACCJABT0FPB56122	t
7236	ZACCJABT0FPB56123	t
7237	ZACCJABT0FPB56124	t
7238	ZACCJBCT0FPB56126	t
7239	ZACCJABT0FPB56127	t
7240	ZACCJABT0FPB56129	t
7241	ZACCJABT0FPB56130	t
7242	ZACCJBCT0FPB56132	t
7243	ZACCJABT0FPB56133	t
7244	ZACCJABT0FPB56134	t
7245	ZACCJBCT0FPB56135	t
7246	ZACCJAAT0FPB56136	t
7247	ZACCJABT0FPB56137	t
7248	ZACCJABT0FPB56138	t
7249	ZACCJBDT0FPB56139	t
7250	ZACCJABT0FPB56140	t
7251	ZACCJABT0FPB56141	t
7252	ZACCJBCT0FPB56142	t
7253	ZACCJBCT0FPB56143	t
7254	ZACCJABT0FPB56144	t
7255	ZACCJABT0FPB56146	t
7256	ZACCJABT0FPB56147	t
7257	ZACCJABT0FPB56148	t
7258	ZACCJABT0FPB56149	t
7259	ZACCJBCT0FPB56150	t
7260	ZACCJABT0FPB56151	t
7261	ZACCJABT0FPB56152	t
7262	ZACCJABT0FPB56153	t
7263	ZACCJABT0FPB56154	t
7264	ZACCJABT0FPB56155	t
7265	ZACCJABT0FPB56156	t
7266	ZACCJABT0FPB56157	t
7267	ZACCJABT0FPB56158	t
7268	ZACCJBCT0FPB56159	t
7269	ZACCJABT0FPB56160	t
7270	ZACCJABT0FPB56161	t
7271	ZACCJABT0FPB56163	t
7272	ZACCJABT0FPB56164	t
7273	ZACCJABT0FPB56165	t
7274	ZACCJABT0FPB56166	t
7275	ZACCJABT0FPB56168	t
7276	ZACCJBBT0FPB56169	t
7277	ZACCJABT0FPB56170	t
7278	ZACCJABT0FPB56171	t
7279	ZACCJBBT0FPB56172	t
7280	ZACCJBCT0FPB56174	t
7281	ZACCJABT0FPB56175	t
7282	ZACCJABT0FPB56177	t
7283	ZACCJABT0FPB56178	t
7284	ZACCJBBT0FPB56179	t
7285	ZACCJABT0FPB56180	t
7286	ZACCJABT0FPB56181	t
7287	ZACCJABT0FPB56182	t
7288	ZACCJABT0FPB56184	t
7289	ZACCJBCT0FPB56185	t
7290	ZACCJBBT0FPB56186	t
7291	ZACCJABT0FPB56187	t
7292	ZACCJABT0FPB56188	t
7293	ZACCJABT0FPB56189	t
7294	ZACCJABT0FPB56190	t
7295	ZACCJABT0FPB56192	t
7296	ZACCJABT0FPB56194	t
7297	ZACCJBCT0FPB56195	t
7298	ZACCJABT0FPB56196	t
7299	ZACCJABT0FPB56197	t
7300	ZACCJABT0FPB56198	t
7301	ZACCJABT0FPB56199	t
7302	ZACCJABT0FPB56200	t
7303	ZACCJAAT0FPB56201	t
7304	ZACCJABT0FPB56202	t
7305	ZACCJABT0FPB56203	t
7306	ZACCJABT0FPB56205	t
7307	ZACCJABT0FPB56206	t
7308	ZACCJBDT0FPB56207	t
7309	ZACCJABT0FPB56208	t
7310	ZACCJBDT0FPB56209	t
7311	ZACCJAAT0FPB56210	t
7312	ZACCJBCT0FPB56211	t
7313	ZACCJBDT0FPB56212	t
7314	ZACCJABT0FPB56213	t
7315	ZACCJABT0FPB56216	t
7316	ZACCJABT0FPB56217	t
7317	ZACCJABT0FPB56218	t
7318	ZACCJABT0FPB56219	t
7319	ZACCJBDT0FPB56220	t
7320	ZACCJABT0FPB56221	t
7321	ZACCJBBT0FPB56222	t
7322	ZACCJBCT0FPB56223	t
7323	ZACCJABT0FPB56224	t
7324	ZACCJABT0FPB56225	t
7325	ZACCJBBT0FPB56227	t
7326	ZACCJABT0FPB56229	t
7327	ZACCJABT0FPB56230	t
7328	ZACCJABT0FPB56231	t
7329	ZACCJBBT0FPB56232	t
7330	ZACCJBCT0FPB56233	t
7331	ZACCJBCT0FPB56235	t
7332	ZACCJBBT0FPB56236	t
7333	ZACCJABT0FPB56237	t
7334	ZACCJBDT0FPB56238	t
7335	ZACCJBCT0FPB56239	t
7336	ZACCJABT0FPB56240	t
7337	ZACCJABT0FPB56241	t
7338	ZACCJABT0FPB56242	t
7339	ZACCJBCT0FPB56243	t
7340	ZACCJBCT0FPB56244	t
7341	ZACCJBBT0FPB56245	t
7342	ZACCJABT0FPB56247	t
7343	ZACCJBDT0FPB56248	t
7344	ZACCJABT0FPB56249	t
7345	ZACCJBDT0FPB56251	t
7346	ZACCJBCT0FPB56252	t
7347	ZACCJBCT0FPB56253	t
7348	ZACCJABT0FPB56254	t
7349	ZACCJBBT0FPB56255	t
7350	ZACCJABT0FPB56256	t
7351	ZACCJBCT0FPB56257	t
7352	ZACCJBBT0FPB56258	t
7353	ZACCJABT0FPB56259	t
7354	ZACCJAAT0FPB56260	t
7355	ZACCJBCT0FPB56261	t
7356	ZACCJBCT0FPB56262	t
7357	ZACCJABT0FPB56263	t
7358	ZACCJBCT0FPB56264	t
7359	ZACCJABT0FPB56265	t
7360	ZACCJABT0FPB56266	t
7361	ZACCJABT0FPB56267	t
7362	ZACCJBAT0FPB56268	t
7363	ZACCJBDT0FPB56270	t
7364	ZACCJABT0FPB56271	t
7365	ZACCJABT0FPB56272	t
7366	ZACCJABT0FPB56273	t
7367	ZACCJABT0FPB56275	t
7368	ZACCJABT0FPB56276	t
7369	ZACCJABT0FPB56277	t
7370	ZACCJABT0FPB56279	t
7371	ZACCJABT0FPB56280	t
7372	ZACCJABT0FPB56281	t
7373	ZACCJABT0FPB56282	t
7374	ZACCJABT0FPB56283	t
7375	ZACCJABT0FPB56284	t
7376	ZACCJABT0FPB56285	t
7377	ZACCJAAT0FPB56286	t
7378	ZACCJABT0FPB56287	t
7379	ZACCJABT0FPB56289	t
7380	ZACCJBCT0FPB56290	t
7381	ZACCJABT0FPB56294	t
7382	ZACCJABT0FPB56295	t
7383	ZACCJABT0FPB56296	t
7384	ZACCJADT0FPB56297	t
7385	ZACCJBAH0FPB56299	t
7386	ZACCJABT0FPB56300	t
7387	ZACCJABT0FPB56301	t
7388	ZACCJBAH0FPB56302	t
7389	ZACCJABT0FPB56303	t
7390	ZACCJABT0FPB56304	t
7391	ZACCJBAH0FPB56305	t
7392	ZACCJBDT0FPB56306	t
7393	ZACCJAAH0FPB56308	t
7394	ZACCJAAH0FPB56309	t
7395	ZACCJABT0FPB56311	t
7396	ZACCJBDT0FPB56313	t
7397	ZACCJABT0FPB56314	t
7398	ZACCJBCT0FPB56315	t
7399	ZACCJABT0FPB56316	t
7400	ZACCJBCT0FPB56317	t
7401	ZACCJABT0FPB56318	t
7402	ZACCJBCT0FPB56321	t
7403	ZACCJABT0FPB56322	t
7404	ZACCJBDT0FPB56323	t
7405	ZACCJABH0FPB56327	t
7406	ZACCJBBT0FPB56329	t
7407	ZACCJABT0FPB56330	t
7408	ZACCJBDT0FPB56331	t
7409	ZACCJBDT0FPB56333	t
7410	ZACCJABT0FPB56334	t
7411	ZACCJAAH0FPB56335	t
7412	ZACCJBCT0FPB56339	t
7413	ZACCJBCT0FPB56341	t
7414	ZACCJABT0FPB56342	t
7415	ZACCJBDT0FPB56344	t
7416	ZACCJBDT0FPB56345	t
7417	ZACCJBAH0FPB56346	t
7418	ZACCJBAH0FPB56347	t
7419	ZACCJBDT0FPB56349	t
7420	ZACCJBDT0FPB56350	t
7421	ZACCJAAH0FPB56352	t
7422	ZACCJBDT0FPB56354	t
7423	ZACCJAAH0FPB56358	t
7424	ZACCJABT0FPB56359	t
7425	ZACCJABH0FPB56361	t
7426	ZACCJBAH0FPB56362	t
7427	ZACCJABH0FPB56364	t
7428	ZACCJABT0FPB56365	t
7429	ZACCJABT0FPB56366	t
7430	ZACCJAAT0FPB56367	t
7431	ZACCJBAH0FPB56368	t
7432	ZACCJABH0FPB56369	t
7433	ZACCJBCT0FPB56370	t
7434	ZACCJBCT0FPB56373	t
7435	ZACCJBCT0FPB56376	t
7436	ZACCJBDT0FPB56377	t
7437	ZACCJBDT0FPB56379	t
7438	ZACCJBCT0FPB56380	t
7439	ZACCJBCT0FPB56381	t
7440	ZACCJABT0FPB56382	t
7441	ZACCJBDT0FPB56385	t
7442	ZACCJBCT0FPB56386	t
7443	ZACCJBCT0FPB56387	t
7444	ZACCJBBH0FPB56388	t
7445	ZACCJABT0FPB56389	t
7446	ZACCJBDT0FPB56390	t
7447	ZACCJABT0FPB56392	t
7448	ZACCJABT0FPB56393	t
7449	ZACCJABT0FPB56395	t
7450	ZACCJBCT0FPB56396	t
7451	ZACCJABH0FPB56399	t
7452	ZACCJABT0FPB56400	t
7453	ZACCJBCT0FPB56403	t
7454	ZACCJBCT0FPB56406	t
7455	ZACCJBDT0FPB56408	t
7456	ZACCJBDT0FPB56409	t
7457	ZACCJBBT0FPB56413	t
7458	ZACCJABT0FPB56414	t
7459	ZACCJBDT0FPB56415	t
7460	ZACCJBCT0FPB56416	t
7461	ZACCJABT0FPB56417	t
7462	ZACCJABH0FPB56418	t
7463	ZACCJBCT0FPB56419	t
7464	ZACCJABT0FPB56420	t
7465	ZACCJABT0FPB56423	t
7466	ZACCJABH0FPB56424	t
7467	ZACCJBDT0FPB56425	t
7468	ZACCJABT0FPB56426	t
7469	ZACCJBCT0FPB56428	t
7470	ZACCJBCT0FPB56429	t
7471	ZACCJBCT0FPB56430	t
7472	ZACCJBCT0FPB56432	t
7473	ZACCJABT0FPB56434	t
7474	ZACCJBCT0FPB56436	t
7475	ZACCJBCT0FPB56437	t
7476	ZACCJBCT0FPB56441	t
7477	ZACCJABT0FPB56444	t
7478	ZACCJBAH0FPB56445	t
7479	ZACCJBCT0FPB56446	t
7480	ZACCJBCT0FPB56447	t
7481	ZACCJABT0FPB56448	t
7482	ZACCJBCT0FPB56449	t
7483	ZACCJBCT0FPB56450	t
7484	ZACCJBCT0FPB56451	t
7485	ZACCJBCT0FPB56455	t
7486	ZACCJABT0FPB56456	t
7487	ZACCJBCT0FPB56458	t
7488	ZACCJBCT0FPB56459	t
7489	ZACCJBCT0FPB56460	t
7490	ZACCJBCT0FPB56461	t
7491	ZACCJBCT0FPB56462	t
7492	ZACCJBCT0FPB56463	t
7493	ZACCJBCT0FPB56465	t
7494	ZACCJBCT0FPB56466	t
7495	ZACCJBCT0FPB56467	t
7496	ZACCJABT0FPB56468	t
7497	ZACCJBCT0FPB56471	t
7498	ZACCJBCT0FPB56472	t
7499	ZACCJABT0FPB56473	t
7500	ZACCJBCT0FPB56474	t
7501	ZACCJABT0FPB56475	t
7502	ZACCJBCT0FPB56476	t
7503	ZACCJBCT0FPB56478	t
7504	ZACCJBCT0FPB56479	t
7505	ZACCJABT0FPB56480	t
7506	ZACCJBBT0FPB56483	t
7507	ZACCJBCT0FPB56484	t
7508	ZACCJBCT0FPB56485	t
7509	ZACCJABT0FPB56486	t
7510	ZACCJABT0FPB56487	t
7511	ZACCJABT0FPB56488	t
7512	ZACCJBCT0FPB56489	t
7513	ZACCJBCT0FPB56492	t
7514	ZACCJBCT0FPB56493	t
7515	ZACCJABT0FPB56494	t
7516	ZACCJBDT0FPB56495	t
7517	ZACCJBCT0FPB56496	t
7518	ZACCJBDT0FPB56497	t
7519	ZACCJADT0FPB56498	t
7520	ZACCJBDT0FPB56499	t
7521	ZACCJABT0FPB56500	t
7522	ZACCJABT0FPB56501	t
7523	ZACCJBCT0FPB56502	t
7524	ZACCJBDT0FPB56503	t
7525	ZACCJABT0FPB56504	t
7526	ZACCJBDT0FPB56506	t
7527	ZACCJABT0FPB56507	t
7528	ZACCJBDT0FPB56513	t
7529	ZACCJABT0FPB56514	t
7530	ZACCJADT0FPB56516	t
7531	ZACCJABT0FPB56518	t
7532	ZACCJABT0FPB56519	t
7533	ZACCJABT0FPB56522	t
7534	ZACCJABT0FPB56524	t
7535	ZACCJBCT0FPB56525	t
7536	ZACCJABT0FPB56526	t
7537	ZACCJABT0FPB56531	t
7538	ZACCJABT0FPB56532	t
7539	ZACCJABT0FPB56533	t
7540	ZACCJABT0FPB56536	t
7541	ZACCJABT0FPB56537	t
7542	ZACCJABT0FPB56538	t
7543	ZACCJABT0FPB56540	t
7544	ZACCJABT0FPB56541	t
7545	ZACCJABT0FPB56542	t
7546	ZACCJADT0FPB56543	t
7547	ZACCJBDT0FPB56545	t
7548	ZACCJBDT0FPB56546	t
7549	ZACCJBCT0FPB56548	t
7550	ZACCJBDT0FPB56550	t
7551	ZACCJBDT0FPB56551	t
7552	ZACCJABT0FPB56553	t
7553	ZACCJBDT0FPB56555	t
7554	ZACCJADT0FPB56556	t
7555	ZACCJABT0FPB56558	t
7556	ZACCJABT0FPB56559	t
7557	ZACCJBDT0FPB56560	t
7558	ZACCJABT0FPB56563	t
7559	ZACCJABT0FPB56572	t
7560	ZACCJBCT0FPB56573	t
7561	ZACCJABT0FPB56576	t
7562	ZACCJBBH0FPB56577	t
7563	ZACCJBBH0FPB56579	t
7564	ZACCJABT0FPB56581	t
7565	ZACCJBCT0FPB56582	t
7566	ZACCJBBT0FPB56584	t
7567	ZACCJABT0FPB56585	t
7568	ZACCJABT0FPB56588	t
7569	ZACCJABT0FPB56590	t
7570	ZACCJABT0FPB56591	t
7571	ZACCJBCT0FPB56592	t
7572	ZACCJABT0FPB56593	t
7573	ZACCJABT0FPB56594	t
7574	ZACCJABT0FPB56595	t
7575	ZACCJABT0FPB56597	t
7576	ZACCJAAT0FPB56598	t
7577	ZACCJABT0FPB56599	t
7578	ZACCJBBT0FPB56600	t
7579	ZACCJABT0FPB56602	t
7580	ZACCJABT0FPB56603	t
7581	ZACCJBBT0FPB56604	t
7582	ZACCJBBT0FPB56606	t
7583	ZACCJBBT0FPB56607	t
7584	ZACCJABT0FPB56608	t
7585	ZACCJABT0FPB56610	t
7586	ZACCJABT0FPB56612	t
7587	ZACCJBBT0FPB56613	t
7588	ZACCJBBT0FPB56614	t
7589	ZACCJBCT0FPB56615	t
7590	ZACCJABT0FPB56616	t
7591	ZACCJABT0FPB56617	t
7592	ZACCJBBT0FPB56618	t
7593	ZACCJBCT0FPB56619	t
7594	ZACCJBBT0FPB56620	t
7595	ZACCJBBT0FPB56621	t
7596	ZACCJABT0FPB56622	t
7597	ZACCJBBT0FPB56623	t
7598	ZACCJABT0FPB56624	t
7599	ZACCJBCT0FPB56625	t
7600	ZACCJBBT0FPB56627	t
7601	ZACCJBCT0FPB56628	t
7602	ZACCJABT0FPB56630	t
7603	ZACCJBBT0FPB56631	t
7604	ZACCJBCT0FPB56634	t
7605	ZACCJAAT0FPB56635	t
7606	ZACCJAAT0FPB56636	t
7607	ZACCJABT0FPB56637	t
7608	ZACCJABT0FPB56638	t
7609	ZACCJAAT0FPB56639	t
7610	ZACCJAAT0FPB56641	t
7611	ZACCJAAT0FPB56642	t
7612	ZACCJABT0FPB56643	t
7613	ZACCJBCT0FPB56644	t
7614	ZACCJAAT0FPB56646	t
7615	ZACCJABT0FPB56647	t
7616	ZACCJABT0FPB56649	t
7617	ZACCJBCT0FPB56650	t
7618	ZACCJABT0FPB56651	t
7619	ZACCJABT0FPB56652	t
7620	ZACCJABT0FPB56653	t
7621	ZACCJABT0FPB56654	t
7622	ZACCJABT0FPB56655	t
7623	ZACCJBCT0FPB56656	t
7624	ZACCJBBT0FPB56657	t
7625	ZACCJABT0FPB56658	t
7626	ZACCJABT0FPB56659	t
7627	ZACCJBBT0FPB56660	t
7628	ZACCJABT0FPB56662	t
7629	ZACCJBBT0FPB56663	t
7630	ZACCJABT0FPB56665	t
7631	ZACCJAAT0FPB56666	t
7632	ZACCJAAT0FPB56667	t
7633	ZACCJAAT0FPB56669	t
7634	ZACCJBBT0FPB56671	t
7635	ZACCJAAT0FPB56673	t
7636	ZACCJABT0FPB56674	t
7637	ZACCJBCT0FPB56676	t
7638	ZACCJBBT0FPB56677	t
7639	ZACCJBBT0FPB56679	t
7640	ZACCJBCT0FPB56680	t
7641	ZACCJBBT0FPB56681	t
7642	ZACCJBBT0FPB56682	t
7643	ZACCJBBT0FPB56683	t
7644	ZACCJABT0FPB56685	t
7645	ZACCJBBT0FPB56686	t
7646	ZACCJBBT0FPB56687	t
7647	ZACCJBBT0FPB56688	t
7648	ZACCJBCT0FPB56689	t
7649	ZACCJBCT0FPB56691	t
7650	ZACCJBBT0FPB56692	t
7651	ZACCJBBT0FPB56694	t
7652	ZACCJBBT0FPB56695	t
7653	ZACCJBBT0FPB56696	t
7654	ZACCJBBT0FPB56697	t
7655	ZACCJBBT0FPB56699	t
7656	ZACCJBBT0FPB56700	t
7657	ZACCJBBT0FPB56701	t
7658	ZACCJBBT0FPB56702	t
7659	ZACCJABT0FPB56704	t
7660	ZACCJAAT0FPB56706	t
7661	ZACCJAAT0FPB56707	t
7662	ZACCJAAT0FPB56708	t
7663	ZACCJBBT0FPB56709	t
7664	ZACCJBBT0FPB56710	t
7665	ZACCJAAT0FPB56711	t
7666	ZACCJBBT0FPB56712	t
7667	ZACCJAAT0FPB56713	t
7668	ZACCJADT0FPB56716	t
7669	ZACCJABT0FPB56717	t
7670	ZACCJABT0FPB56718	t
7671	ZACCJADT0FPB56719	t
7672	ZACCJAAT0FPB56720	t
7673	ZACCJBBT0FPB56721	t
7674	ZACCJBBT0FPB56722	t
7675	ZACCJBDT0FPB56724	t
7676	ZACCJBBT0FPB56726	t
7677	ZACCJADT0FPB56729	t
7678	ZACCJAAT0FPB56734	t
7679	ZACCJBBT0FPB56735	t
7680	ZACCJABT0FPB56737	t
7681	ZACCJBCT0FPB56739	t
7682	ZACCJBCT0FPB56740	t
7683	ZACCJBCT0FPB56741	t
7684	ZACCJBBT0FPB56742	t
7685	ZACCJBCT0FPB56743	t
7686	ZACCJBBT0FPB56744	t
7687	ZACCJBCT0FPB56745	t
7688	ZACCJBCT0FPB56746	t
7689	ZACCJADT0FPB56747	t
7690	ZACCJADT0FPB56748	t
7691	ZACCJBBT0FPB56750	t
7692	ZACCJADT0FPB56751	t
7693	ZACCJBBT0FPB56754	t
7694	ZACCJADT0FPB56755	t
7695	ZACCJBDT0FPB56756	t
7696	ZACCJBCT0FPB56757	t
7697	ZACCJBCT0FPB56758	t
7698	ZACCJBBT0FPB56759	t
7699	ZACCJABT0FPB56760	t
7700	ZACCJABT0FPB56762	t
7701	ZACCJABT0FPB56763	t
7702	ZACCJBDT0FPB56766	t
7703	ZACCJBDT0FPB56767	t
7704	ZACCJBCT0FPB56775	t
7705	ZACCJBCT0FPB56784	t
7706	ZACCJBCT0FPB56785	t
7707	ZACCJBCT0FPB56786	t
7708	ZACCJABT0FPB56793	t
7709	ZACCJABT0FPB56796	t
7710	ZACCJABT0FPB56797	t
7711	ZACCJBBT0FPB56798	t
7712	ZACCJBBT0FPB56799	t
7713	ZACCJBCT0FPB56804	t
7714	ZACCJBBT0FPB56806	t
7715	ZACCJABT0FPB56807	t
7716	ZACCJBCT0FPB56808	t
7717	ZACCJBCT0FPB56811	t
7718	ZACCJABT0FPB56812	t
7719	ZACCJAAT0FPB56815	t
7720	ZACCJABT0FPB56816	t
7721	ZACCJAAT0FPB56817	t
7722	ZACCJAAT0FPB56818	t
7723	ZACCJABT0FPB56820	t
7724	ZACCJAAT0FPB56822	t
7725	ZACCJAAT0FPB56823	t
7726	ZACCJAAT0FPB56824	t
7727	ZACCJABT0FPB56826	t
7728	ZACCJABT0FPB56828	t
7729	ZACCJABT0FPB56829	t
7730	ZACCJBBT0FPB56831	t
7731	ZACCJABT0FPB56833	t
7732	ZACCJBBT0FPB56834	t
7733	ZACCJBBT0FPB56835	t
7734	ZACCJBBT0FPB56838	t
7735	ZACCJBBT0FPB56840	t
7736	ZACCJBBT0FPB56842	t
7737	ZACCJBCT0FPB56844	t
7738	ZACCJBCT0FPB56847	t
7739	ZACCJBBT0FPB56850	t
7740	ZACCJABT0FPB56852	t
7741	ZACCJBBT0FPB56855	t
7742	ZACCJBBT0FPB56858	t
7743	ZACCJBBT0FPB56860	t
7744	ZACCJBBT0FPB56861	t
7745	ZACCJBBT0FPB56864	t
7746	ZACCJBCT0FPB56865	t
7747	ZACCJBCT0FPB56866	t
7748	ZACCJBBT0FPB56867	t
7749	ZACCJBBT0FPB56868	t
7750	ZACCJBBT0FPB56869	t
7751	ZACCJBBT0FPB56870	t
7752	ZACCJBCT0FPB56871	t
7753	ZACCJBCT0FPB56872	t
7754	ZACCJBBT0FPB56873	t
7755	ZACCJBBT0FPB56874	t
7756	ZACCJBBT0FPB56875	t
7757	ZACCJBBT0FPB56876	t
7758	ZACCJBCT0FPB56878	t
7759	ZACCJBCT0FPB56879	t
7760	ZACCJBBT0FPB56881	t
7761	ZACCJBBT0FPB56882	t
7762	ZACCJBBT0FPB56885	t
7763	ZACCJBBT0FPB56886	t
7764	ZACCJBCT0FPB56888	t
7765	ZACCJBBT0FPB56889	t
7766	ZACCJAAT0FPB56890	t
7767	ZACCJBCT0FPB56891	t
7768	ZACCJBCT0FPB56892	t
7769	ZACCJBCT0FPB56894	t
7770	ZACCJABT0FPB56895	t
7771	ZACCJBCT0FPB56896	t
7772	ZACCJBCT0FPB56897	t
7773	ZACCJABT0FPB56899	t
7774	ZACCJABT0FPB56900	t
7775	ZACCJABT0FPB56902	t
7776	ZACCJABT0FPB56903	t
7777	ZACCJBCT0FPB56904	t
7778	ZACCJABT0FPB56905	t
7779	ZACCJBCT0FPB56907	t
7780	ZACCJABT0FPB56908	t
7781	ZACCJBBT0FPB56909	t
7782	ZACCJABT0FPB56911	t
7783	ZACCJBDT0FPB56913	t
7784	ZACCJBCT0FPB56914	t
7785	ZACCJBCT0FPB56915	t
7786	ZACCJBCT0FPB56916	t
7787	ZACCJBBT0FPB56917	t
7788	ZACCJABT0FPB56918	t
7789	ZACCJBCT0FPB56922	t
7790	ZACCJBCT0FPB56925	t
7791	ZACCJBBT0FPB56926	t
7792	ZACCJBCT0FPB56927	t
7793	ZACCJBBT0FPB56928	t
7794	ZACCJBCT0FPB56930	t
7795	ZACCJBDT0FPB56931	t
7796	ZACCJBCT0FPB56933	t
7797	ZACCJBCT0FPB56934	t
7798	ZACCJBCT0FPB56936	t
7799	ZACCJBCT0FPB56939	t
7800	ZACCJABT0FPB56941	t
7801	ZACCJABT0FPB56942	t
7802	ZACCJBCT0FPB56945	t
7803	ZACCJABT0FPB56946	t
7804	ZACCJBCT0FPB56947	t
7805	ZACCJBBT0FPB56950	t
7806	ZACCJBCT0FPB56951	t
7807	ZACCJBCT0FPB56952	t
7808	ZACCJBBT0FPB56953	t
7809	ZACCJBCT0FPB56954	t
7810	ZACCJBCT0FPB56955	t
7811	ZACCJABT0FPB56956	t
7812	ZACCJABT0FPB56959	t
7813	ZACCJABT0FPB56960	t
7814	ZACCJBCT0FPB56961	t
7815	ZACCJBCT0FPB56962	t
7816	ZACCJABT0FPB56963	t
7817	ZACCJABT0FPB56964	t
7818	ZACCJBCT0FPB56965	t
7819	ZACCJBCT0FPB56966	t
7820	ZACCJABT0FPB56969	t
7821	ZACCJBCT0FPB56971	t
7822	ZACCJBCT0FPB56972	t
7823	ZACCJBBT0FPB56973	t
7824	ZACCJBBT0FPB56974	t
7825	ZACCJBDT0FPB56977	t
7826	ZACCJBDT0FPB56979	t
7827	ZACCJBDT0FPB56988	t
7828	ZACCJBCT0FPB56989	t
7829	ZACCJBDT0FPB56991	t
7830	ZACCJBDT0FPB56992	t
7831	ZACCJBDT0FPB56995	t
7832	ZACCJBDT0FPB56996	t
7833	ZACCJBDT0FPB56998	t
7834	ZACCJBDT0FPB56999	t
7835	ZACCJBDT0FPB57000	t
7836	ZACCJABT0FPB57001	t
7837	ZACCJABT0FPB57002	t
7838	ZACCJBDT0FPB57004	t
7839	ZACCJBDT0FPB57006	t
7840	ZACCJBDT0FPB57008	t
7841	ZACCJABT0FPB57011	t
7842	ZACCJABT0FPB57012	t
7843	ZACCJBCT0FPB57013	t
7844	ZACCJBCT0FPB57014	t
7845	ZACCJABT0FPB57015	t
7846	ZACCJABT0FPB57016	t
7847	ZACCJABT0FPB57017	t
7848	ZACCJAAT0FPB57018	t
7849	ZACCJABT0FPB57021	t
7850	ZACCJBCT0FPB57022	t
7851	ZACCJABT0FPB57023	t
7852	ZACCJBCT0FPB57024	t
7853	ZACCJABT0FPB57025	t
7854	ZACCJBCT0FPB57027	t
7855	ZACCJBCT0FPB57028	t
7856	ZACCJBCT0FPB57029	t
7857	ZACCJABT0FPB57030	t
7858	ZACCJBCT0FPB57031	t
7859	ZACCJBCT0FPB57033	t
7860	ZACCJABT0FPB57034	t
7861	ZACCJABT0FPB57035	t
7862	ZACCJBBT0FPB57036	t
7863	ZACCJAAT0FPB57042	t
7864	ZACCJBDT0FPB57048	t
7865	ZACCJBCT0FPB57049	t
7866	ZACCJABT0FPB57054	t
7867	ZACCJABT0FPB57055	t
7868	ZACCJBDT0FPB57056	t
7869	ZACCJBCT0FPB57057	t
7870	ZACCJABT0FPB57058	t
7871	ZACCJABT0FPB57059	t
7872	ZACCJABT0FPB57060	t
7873	ZACCJABT0FPB57061	t
7874	ZACCJBDT0FPB57063	t
7875	ZACCJBCT0FPB57065	t
7876	ZACCJBDT0FPB57066	t
7877	ZACCJBDT0FPB57067	t
7878	ZACCJBDT0FPB57068	t
7879	ZACCJBDT0FPB57070	t
7880	ZACCJBDT0FPB57071	t
7881	ZACCJABT0FPB57073	t
7882	ZACCJBDT0FPB57074	t
7883	ZACCJBDT0FPB57075	t
7884	ZACCJBBT0FPB57077	t
7885	ZACCJBDT0FPB57078	t
7886	ZACCJBDT0FPB57079	t
7887	ZACCJBDT0FPB57080	t
7888	ZACCJADT0FPB57083	t
7889	ZACCJABT0FPB57089	t
7890	ZACCJABT0FPB57090	t
7891	ZACCJBDT0FPB57092	t
7892	ZACCJABT0FPB57094	t
7893	ZACCJABT0FPB57097	t
7894	ZACCJABT0FPB57100	t
7895	ZACCJBDT0FPB57103	t
7896	ZACCJBCT0FPB57105	t
7897	ZACCJADT0FPB57106	t
7898	ZACCJABT0FPB57108	t
7899	ZACCJBAH0FPB57109	t
7900	ZACCJBDT0FPB57114	t
7901	ZACCJBCT0FPB57115	t
7902	ZACCJABT0FPB57119	t
7903	ZACCJBCT0FPB57121	t
7904	ZACCJBCT0FPB57122	t
7905	ZACCJBCT0FPB57124	t
7906	ZACCJBCT0FPB57126	t
7907	ZACCJBCT0FPB57129	t
7908	ZACCJAAT0FPB57131	t
7909	ZACCJBCT0FPB57136	t
7910	ZACCJBCT0FPB57139	t
7911	ZACCJBCT0FPB57141	t
7912	ZACCJBCT0FPB57142	t
7913	ZACCJBCT0FPB57143	t
7914	ZACCJBCT0FPB57144	t
7915	ZACCJBDT0FPB57147	t
7916	ZACCJBCT0FPB57149	t
7917	ZACCJBCT0FPB57152	t
7918	ZACCJABH0FPB57154	t
7919	ZACCJBCT0FPB57155	t
7920	ZACCJBCT0FPB57156	t
7921	ZACCJBCT0FPB57157	t
7922	ZACCJAAH0FPB57158	t
7923	ZACCJBCT0FPB57159	t
7924	ZACCJBDT0FPB57160	t
7925	ZACCJBDT0FPB57165	t
7926	ZACCJBDT0FPB57166	t
7927	ZACCJBCT0FPB57167	t
7928	ZACCJADT0FPB57169	t
7929	ZACCJBCT0FPB57172	t
7930	ZACCJBCT0FPB57173	t
7931	ZACCJBCT0FPB57174	t
7932	ZACCJBCT0FPB57175	t
7933	ZACCJBCT0FPB57176	t
7934	ZACCJBBT0FPB57177	t
7935	ZACCJBCT0FPB57178	t
7936	ZACCJBCT0FPB57180	t
7937	ZACCJBCT0FPB57181	t
7938	ZACCJBCT0FPB57182	t
7939	ZACCJBCT0FPB57183	t
7940	ZACCJAAH0FPB57184	t
7941	ZACCJBCT0FPB57188	t
7942	ZACCJBCT0FPB57189	t
7943	ZACCJBCT0FPB57190	t
7944	ZACCJBCT0FPB57191	t
7945	ZACCJBCT0FPB57192	t
7946	ZACCJBBT0FPB57193	t
7947	ZACCJBCT0FPB57196	t
7948	ZACCJBCT0FPB57202	t
7949	ZACCJBCT0FPB57203	t
7950	ZACCJBCT0FPB57205	t
7951	ZACCJBCT0FPB57206	t
7952	ZACCJBCT0FPB57207	t
7953	ZACCJBCT0FPB57210	t
7954	ZACCJBCT0FPB57211	t
7955	ZACCJBCT0FPB57212	t
7956	ZACCJBCT0FPB57213	t
7957	ZACCJBCT0FPB57215	t
7958	ZACCJBCT0FPB57217	t
7959	ZACCJBCT0FPB57219	t
7960	ZACCJBCT0FPB57220	t
7961	ZACCJBCT0FPB57222	t
7962	ZACCJBCT0FPB57224	t
7963	ZACCJBCT0FPB57225	t
7964	ZACCJBBT0FPB57227	t
7965	ZACCJBCT0FPB57231	t
7966	ZACCJBCT0FPB57232	t
7967	ZACCJBCT0FPB57233	t
7968	ZACCJBCT0FPB57234	t
7969	ZACCJBCT0FPB57236	t
7970	ZACCJBCT0FPB57237	t
7971	ZACCJBCT0FPB57238	t
7972	ZACCJBCT0FPB57239	t
7973	ZACCJAAH0FPB57240	t
7974	ZACCJBCT0FPB57241	t
7975	ZACCJAAT0FPB57242	t
7976	ZACCJBCT0FPB57244	t
7977	ZACCJBAH0FPB57245	t
7978	ZACCJBCT0FPB57247	t
7979	ZACCJBAH0FPB57249	t
7980	ZACCJBAH0FPB57250	t
7981	ZACCJAAT0FPB57251	t
7982	ZACCJAAH0FPB57253	t
7983	ZACCJBAH0FPB57254	t
7984	ZACCJBAH0FPB57255	t
7985	ZACCJAAH0FPB57256	t
7986	ZACCJABH0FPB57258	t
7987	ZACCJBAH0FPB57259	t
7988	ZACCJBAH0FPB57261	t
7989	ZACCJBCT0FPB57262	t
7990	ZACCJABH0FPB57263	t
7991	ZACCJBAH0FPB57264	t
7992	ZACCJAAH0FPB57265	t
7993	ZACCJABH0FPB57266	t
7994	ZACCJABH0FPB57267	t
7995	ZACCJAAH0FPB57268	t
7996	ZACCJBAH0FPB57269	t
7997	ZACCJBCT0FPB57271	t
7998	ZACCJABH0FPB57272	t
7999	ZACCJBCT0FPB57273	t
8000	ZACCJBAH0FPB57275	t
8001	ZACCJABH0FPB57276	t
8002	ZACCJBAH0FPB57277	t
8003	ZACCJBCT0FPB57278	t
8004	ZACCJBAH0FPB57280	t
8005	ZACCJBCT0FPB57281	t
8006	ZACCJABH0FPB57282	t
8007	ZACCJABH0FPB57283	t
8008	ZACCJBCT0FPB57286	t
8009	ZACCJBCT0FPB57288	t
8010	ZACCJABH0FPB57290	t
8011	ZACCJABH0FPB57292	t
8012	ZACCJBBH0FPB57294	t
8013	ZACCJBCT0FPB57295	t
8014	ZACCJBCT0FPB57296	t
8015	ZACCJBBH0FPB57297	t
8016	ZACCJBCT0FPB57298	t
8017	ZACCJAAH0FPB57299	t
8018	ZACCJBCT0FPB57301	t
8019	ZACCJBBH0FPB57303	t
8020	ZACCJBCT0FPB57305	t
8021	ZACCJAAH0FPB57307	t
8022	ZACCJBBH0FPB57309	t
8023	ZACCJAAH0FPB57310	t
8024	ZACCJABH0FPB57311	t
8025	ZACCJBCT0FPB57312	t
8026	ZACCJBCT0FPB57313	t
8027	ZACCJBCT0FPB57314	t
8028	ZACCJBDT0FPB57318	t
8029	ZACCJADT0FPB57319	t
8030	ZACCJADT0FPB57320	t
8031	ZACCJBDT0FPB57321	t
8032	ZACCJBDT0FPB57322	t
8033	ZACCJBDT0FPB57323	t
8034	ZACCJBDT0FPB57325	t
8035	ZACCJBDT0FPB57326	t
8036	ZACCJBDT0FPB57327	t
8037	ZACCJBDT0FPB57328	t
8038	ZACCJBDT0FPB57330	t
8039	ZACCJBCT0FPB57332	t
8040	ZACCJABH0FPB57333	t
8041	ZACCJBDT0FPB57334	t
8042	ZACCJBDT0FPB57337	t
8043	ZACCJABT0FPB57339	t
8044	ZACCJBDT0FPB57340	t
8045	ZACCJBDT0FPB57341	t
8046	ZACCJBDT0FPB57343	t
8047	ZACCJBDT0FPB57344	t
8048	ZACCJBDT0FPB57345	t
8049	ZACCJBDT0FPB57348	t
8050	ZACCJBDT0FPB57349	t
8051	ZACCJADT0FPB57350	t
8052	ZACCJBDT0FPB57351	t
8053	ZACCJBDT0FPB57353	t
8054	ZACCJBDT0FPB57354	t
8055	ZACCJBDT0FPB57355	t
8056	ZACCJBDT0FPB57357	t
8057	ZACCJBDT0FPB57359	t
8058	ZACCJADT0FPB57360	t
8059	ZACCJADT0FPB57361	t
8060	ZACCJADT0FPB57363	t
8061	ZACCJBDT0FPB57364	t
8062	ZACCJAAH0FPB57365	t
8063	ZACCJBDT0FPB57367	t
8064	ZACCJABH0FPB57368	t
8065	ZACCJBCT0FPB57369	t
8066	ZACCJBCT0FPB57371	t
8067	ZACCJBCT0FPB57372	t
8068	ZACCJBCT0FPB57373	t
8069	ZACCJBCT0FPB57374	t
8070	ZACCJBCT0FPB57377	t
8071	ZACCJBCT0FPB57380	t
8072	ZACCJBCT0FPB57382	t
8073	ZACCJBAH0FPB57384	t
8074	ZACCJBCT0FPB57385	t
8075	ZACCJBCT0FPB57386	t
8076	ZACCJBCT0FPB57387	t
8077	ZACCJBCT0FPB57388	t
8078	ZACCJBCT0FPB57389	t
8079	ZACCJBCT0FPB57390	t
8080	ZACCJBCT0FPB57391	t
8081	ZACCJBCT0FPB57394	t
8082	ZACCJBBT0FPB57395	t
8083	ZACCJABT0FPB57396	t
8084	ZACCJABT0FPB57397	t
8085	ZACCJBCT0FPB57398	t
8086	ZACCJBCT0FPB57399	t
8087	ZACCJBCT0FPB57401	t
8088	ZACCJBCT0FPB57402	t
8089	ZACCJBBT0FPB57403	t
8090	ZACCJABH0FPB57404	t
8091	ZACCJABT0FPB57405	t
8092	ZACCJABT0FPB57407	t
8093	ZACCJABT0FPB57410	t
8094	ZACCJABT0FPB57413	t
8095	ZACCJABH0FPB57414	t
8096	ZACCJABH0FPB57416	t
8097	ZACCJBBT0FPB57417	t
8098	ZACCJBAT0FPB57418	t
8099	ZACCJABT0FPB57420	t
8100	ZACCJABT0FPB57421	t
8101	ZACCJABT0FPB57422	t
8102	ZACCJABT0FPB57423	t
8103	ZACCJABT0FPB57427	t
8104	ZACCJABT0FPB57428	t
8105	ZACCJBAT0FPB57429	t
8106	ZACCJABT0FPB57431	t
8107	ZACCJABT0FPB57432	t
8108	ZACCJBDT0FPB57434	t
8109	ZACCJADT0FPB57435	t
8110	ZACCJADT0FPB57439	t
8111	ZACCJBDT0FPB57441	t
8112	ZACCJBBT0FPB57442	t
8113	ZACCJABH0FPB57443	t
8114	ZACCJABT0FPB57444	t
8115	ZACCJABT0FPB57445	t
8116	ZACCJABT0FPB57446	t
8117	ZACCJABH0FPB57447	t
8118	ZACCJABH0FPB57448	t
8119	ZACCJABT0FPB57449	t
8120	ZACCJABT0FPB57450	t
8121	ZACCJABT0FPB57451	t
8122	ZACCJBAT0FPB57452	t
8123	ZACCJABT0FPB57453	t
8124	ZACCJABT0FPB57454	t
8125	ZACCJABT0FPB57455	t
8126	ZACCJABT0FPB57457	t
8127	ZACCJABT0FPB57458	t
8128	ZACCJABT0FPB57459	t
8129	ZACCJBBT0FPB57461	t
8130	ZACCJBBT0FPB57462	t
8131	ZACCJABT0FPB57463	t
8132	ZACCJABH0FPB57464	t
8133	ZACCJABT0FPB57465	t
8134	ZACCJABT0FPB57466	t
8135	ZACCJABT0FPB57467	t
8136	ZACCJABT0FPB57468	t
8137	ZACCJABT0FPB57469	t
8138	ZACCJABT0FPB57470	t
8139	ZACCJABT0FPB57471	t
8140	ZACCJABT0FPB57472	t
8141	ZACCJBBT0FPB57474	t
8142	ZACCJBBT0FPB57475	t
8143	ZACCJBBT0FPB57476	t
8144	ZACCJBBT0FPB57478	t
8145	ZACCJBDT0FPB57479	t
8146	ZACCJBDT0FPB57481	t
8147	ZACCJADT0FPB57482	t
8148	ZACCJBDT0FPB57483	t
8149	ZACCJBBT0FPB57485	t
8150	ZACCJADT0FPB57488	t
8151	ZACCJBBT0FPB57491	t
8152	ZACCJADT0FPB57494	t
8153	ZACCJADT0FPB57495	t
8154	ZACCJADT0FPB57496	t
8155	ZACCJBDT0FPB57497	t
8156	ZACCJBDT0FPB57498	t
8157	ZACCJADT0FPB57500	t
8158	ZACCJAAT0FPB57501	t
8159	ZACCJBDT0FPB57502	t
8160	ZACCJBDT0FPB57503	t
8161	ZACCJADT0FPB57505	t
8162	ZACCJABH0FPB57508	t
8163	ZACCJBDT0FPB57509	t
8164	ZACCJABT0FPB57510	t
8165	ZACCJADT0FPB57511	t
8166	ZACCJBDT0FPB57512	t
8167	ZACCJBDT0FPB57513	t
8168	ZACCJBDT0FPB57515	t
8169	ZACCJBDT0FPB57516	t
8170	ZACCJBDT0FPB57517	t
8171	ZACCJBDT0FPB57522	t
8172	ZACCJBDT0FPB57524	t
8173	ZACCJBDT0FPB57528	t
8174	ZACCJABH0FPB57529	t
8175	ZACCJBDT0FPB57530	t
8176	ZACCJBDT0FPB57532	t
8177	ZACCJADT0FPB57533	t
8178	ZACCJBDT0FPB57534	t
8179	ZACCJADT0FPB57536	t
8180	ZACCJBDT0FPB57537	t
8181	ZACCJBDT0FPB57538	t
8182	ZACCJABH0FPB57539	t
8183	ZACCJADT0FPB57542	t
8184	ZACCJBDT0FPB57543	t
8185	ZACCJBDT0FPB57544	t
8186	ZACCJBDT0FPB57546	t
8187	ZACCJADT0FPB57547	t
8188	ZACCJBDT0FPB57549	t
8189	ZACCJBDT0FPB57550	t
8190	ZACCJBBT0FPB57553	t
8191	ZACCJBDT0FPB57554	t
8192	ZACCJABH0FPB57556	t
8193	ZACCJBBT0FPB57557	t
8194	ZACCJBBT0FPB57560	t
8195	ZACCJBBT0FPB57562	t
8196	ZACCJBBT0FPB57563	t
8197	ZACCJBDT0FPB57565	t
8198	ZACCJBDT0FPB57570	t
8199	ZACCJBBT0FPB57572	t
8200	ZACCJABT0FPB57573	t
8201	ZACCJABT0FPB57577	t
8202	ZACCJBBT0FPB57578	t
8203	ZACCJBDT0FPB57581	t
8204	ZACCJBDT0FPB57582	t
8205	ZACCJBBT0FPB57583	t
8206	ZACCJAAT0FPB57584	t
8207	ZACCJBDT0FPB57586	t
8208	ZACCJBDT0FPB57589	t
8209	ZACCJAAT0FPB57591	t
8210	ZACCJAAT0FPB57592	t
8211	ZACCJAAT0FPB57593	t
8212	ZACCJAAT0FPB57597	t
8213	ZACCJAAT0FPB57598	t
8214	ZACCJAAT0FPB57599	t
8215	ZACCJBDT0FPB57601	t
8216	ZACCJBDT0FPB57602	t
8217	ZACCJBDT0FPB57604	t
8218	ZACCJBDT0FPB57605	t
8219	ZACCJABT0FPB57610	t
8220	ZACCJBDT0FPB57612	t
8221	ZACCJBDT0FPB57613	t
8222	ZACCJBDT0FPB57615	t
8223	ZACCJBDT0FPB57618	t
8224	ZACCJBDT0FPB57619	t
8225	ZACCJBDT0FPB57620	t
8226	ZACCJBDT0FPB57621	t
8227	ZACCJBDT0FPB57624	t
8228	ZACCJBDT0FPB57625	t
8229	ZACCJBDT0FPB57626	t
8230	ZACCJBDT0FPB57627	t
8231	ZACCJBDT0FPB57630	t
8232	ZACCJBDT0FPB57631	t
8233	ZACCJBDT0FPB57632	t
8234	ZACCJBDT0FPB57633	t
8235	ZACCJBDT0FPB57634	t
8236	ZACCJBDT0FPB57636	t
8237	ZACCJBDT0FPB57638	t
8238	ZACCJBBT0FPB57640	t
8239	ZACCJBBT0FPB57641	t
8240	ZACCJABT0FPB57642	t
8241	ZACCJBBT0FPB57643	t
8242	ZACCJBBT0FPB57644	t
8243	ZACCJBAT0FPB57645	t
8244	ZACCJBDT0FPB57646	t
8245	ZACCJBDT0FPB57647	t
8246	ZACCJBBT0FPB57648	t
8247	ZACCJBDT0FPB57650	t
8248	ZACCJBDT0FPB57652	t
8249	ZACCJBCT0FPB57653	t
8250	ZACCJBDT0FPB57655	t
8251	ZACCJABT0FPB57656	t
8252	ZACCJBCT0FPB57657	t
8253	ZACCJBDT0FPB57658	t
8254	ZACCJBCT0FPB57659	t
8255	ZACCJBDT0FPB57660	t
8256	ZACCJBDT0FPB57661	t
8257	ZACCJADT0FPB57662	t
8258	ZACCJBDT0FPB57664	t
8259	ZACCJBBT0FPB57665	t
8260	ZACCJBDT0FPB57666	t
8261	ZACCJBDT0FPB57667	t
8262	ZACCJADT0FPB57669	t
8263	ZACCJBDT0FPB57670	t
8264	ZACCJBDT0FPB57673	t
8265	ZACCJBCT0FPB57674	t
8266	ZACCJBCT0FPB57675	t
8267	ZACCJBCT0FPB57677	t
8268	ZACCJBDT0FPB57678	t
8269	ZACCJBDT0FPB57679	t
8270	ZACCJBDT0FPB57680	t
8271	ZACCJBBT0FPB57681	t
8272	ZACCJBDT0FPB57682	t
8273	ZACCJBDT0FPB57683	t
8274	ZACCJBCT0FPB57685	t
8275	ZACCJBDT0FPB57686	t
8276	ZACCJADT0FPB57688	t
8277	ZACCJBDT0FPB57689	t
8278	ZACCJBDT0FPB57690	t
8279	ZACCJBDT0FPB57693	t
8280	ZACCJBDT0FPB57694	t
8281	ZACCJBDT0FPB57697	t
8282	ZACCJADT0FPB57699	t
8283	ZACCJBCT0FPB57701	t
8284	ZACCJBDT0FPB57702	t
8285	ZACCJBDT0FPB57703	t
8286	ZACCJAAH0FPB57704	t
8287	ZACCJBDT0FPB57706	t
8288	ZACCJBDT0FPB57707	t
8289	ZACCJBCT0FPB57712	t
8290	ZACCJBCT0FPB57715	t
8291	ZACCJBDT0FPB57723	t
8292	ZACCJBDT0FPB57726	t
8293	ZACCJBDT0FPB57730	t
8294	ZACCJBDT0FPB57738	t
8295	ZACCJBDT0FPB57741	t
8296	ZACCJBDT0FPB57745	t
8297	ZACCJBDT0FPB57746	t
8298	ZACCJBDT0FPB57747	t
8299	ZACCJBDT0FPB57748	t
8300	ZACCJBDT0FPB57751	t
8301	ZACCJAAH0FPB57754	t
8302	ZACCJBDT0FPB57755	t
8303	ZACCJBDT0FPB57756	t
8304	ZACCJBDT0FPB57757	t
8305	ZACCJBDT0FPB57760	t
8306	ZACCJAAH0FPB57761	t
8307	ZACCJABH0FPB57762	t
8308	ZACCJADT0FPB57766	t
8309	ZACCJBDT0FPB57768	t
8310	ZACCJAAH0FPB57772	t
8311	ZACCJAAH0FPB57775	t
8312	ZACCJBDT0FPB57776	t
8313	ZACCJAAT0FPB57778	t
8314	ZACCJBAT0FPB57779	t
8315	ZACCJBBT0FPB57781	t
8316	ZACCJADT0FPB57783	t
8317	ZACCJADT0FPB57785	t
8318	ZACCJBDT0FPB57787	t
8319	ZACCJAAT0FPB57789	t
8320	ZACCJBDT0FPB57791	t
8321	ZACCJBDT0FPB57792	t
8322	ZACCJBDT0FPB57794	t
8323	ZACCJBDT0FPB57795	t
8324	ZACCJBBT0FPB57796	t
8325	ZACCJABH0FPB57797	t
8326	ZACCJABT0FPB57799	t
8327	ZACCJABT0FPB57802	t
8328	ZACCJABT0FPB57805	t
8329	ZACCJABT0FPB57809	t
8330	ZACCJABT0FPB57810	t
8331	ZACCJABT0FPB57811	t
8332	ZACCJBDT0FPB57812	t
8333	ZACCJABT0FPB57816	t
8334	ZACCJABH0FPB57818	t
8335	ZACCJABH0FPB57819	t
8336	ZACCJABT0FPB57820	t
8337	ZACCJBDT0FPB57821	t
8338	ZACCJABT0FPB57822	t
8339	ZACCJBDT0FPB57823	t
8340	ZACCJAAH0FPB57825	t
8341	ZACCJABH0FPB57826	t
8342	ZACCJBBT0FPB57827	t
8343	ZACCJABT0FPB57830	t
8344	ZACCJABH0FPB57831	t
8345	ZACCJBBT0FPB57832	t
8346	ZACCJABT0FPB57833	t
8347	ZACCJABT0FPB57835	t
8348	ZACCJBBT0FPB57836	t
8349	ZACCJABT0FPB57838	t
8350	ZACCJABT0FPB57839	t
8351	ZACCJABT0FPB57840	t
8352	ZACCJABH0FPB57841	t
8353	ZACCJBBT0FPB57842	t
8354	ZACCJAAT0FPB57844	t
8355	ZACCJBBT0FPB57846	t
8356	ZACCJAAT0FPB57847	t
8357	ZACCJBBT0FPB57848	t
8358	ZACCJBAT0FPB57850	t
8359	ZACCJBDT0FPB57853	t
8360	ZACCJBBT0FPB57856	t
8361	ZACCJBCT0FPB57858	t
8362	ZACCJBCT0FPB57860	t
8363	ZACCJABT0FPB57861	t
8364	ZACCJBCT0FPB57863	t
8365	ZACCJABT0FPB57865	t
8366	ZACCJABT0FPB57866	t
8367	ZACCJABH0FPB57867	t
8368	ZACCJBDT0FPB57868	t
8369	ZACCJADT0FPB57871	t
8370	ZACCJABT0FPB57873	t
8371	ZACCJABT0FPB57874	t
8372	ZACCJABH0FPB57875	t
8373	ZACCJABT0FPB57877	t
8374	ZACCJBDT0FPB57879	t
8375	ZACCJABT0FPB57880	t
8376	ZACCJBBT0FPB57882	t
8377	ZACCJABT0FPB57883	t
8378	ZACCJABT0FPB57884	t
8379	ZACCJABT0FPB57886	t
8380	ZACCJABT0FPB57888	t
8381	ZACCJABT0FPB57889	t
8382	ZACCJBBT0FPB57891	t
8383	ZACCJABT0FPB57895	t
8384	ZACCJABT0FPB57896	t
8385	ZACCJBCT0FPB57897	t
8386	ZACCJAAH0FPB57899	t
8387	ZACCJABT0FPB57900	t
8388	ZACCJBDT0FPB57901	t
8389	ZACCJABT0FPB57902	t
8390	ZACCJABT0FPB57903	t
8391	ZACCJABT0FPB57905	t
8392	ZACCJBBT0FPB57908	t
8393	ZACCJAAT0FPB57909	t
8394	ZACCJABT0FPB57910	t
8395	ZACCJABT0FPB57913	t
8396	ZACCJABT0FPB57914	t
8397	ZACCJADT0FPB57916	t
8398	ZACCJBDT0FPB57917	t
8399	ZACCJBBT0FPB57919	t
8400	ZACCJADT0FPB57920	t
8401	ZACCJABT0FPB57921	t
8402	ZACCJABT0FPB57927	t
8403	ZACCJAAH0FPB57928	t
8404	ZACCJBDT0FPB57930	t
8405	ZACCJABT0FPB57931	t
8406	ZACCJBDT0FPB57932	t
8407	ZACCJABH0FPB57933	t
8408	ZACCJABT0FPB57934	t
8409	ZACCJBDT0FPB57935	t
8410	ZACCJAAH0FPB57937	t
8411	ZACCJABT0FPB57938	t
8412	ZACCJABH0FPB57939	t
8413	ZACCJABT0FPB57940	t
8414	ZACCJABT0FPB57942	t
8415	ZACCJABT0FPB57944	t
8416	ZACCJABT0FPB57946	t
8417	ZACCJABT0FPB57947	t
8418	ZACCJABH0FPB57948	t
8419	ZACCJABH0FPB57950	t
8420	ZACCJABH0FPB57952	t
8421	ZACCJABT0FPB57961	t
8422	ZACCJABT0FPB57965	t
8423	ZACCJABT0FPB57966	t
8424	ZACCJBCT0FPB57969	t
8425	ZACCJABT0FPB57971	t
8426	ZACCJABT0FPB57973	t
8427	ZACCJABT0FPB57977	t
8428	ZACCJABT0FPB57979	t
8429	ZACCJABT0FPB57980	t
8430	ZACCJABH0FPB57982	t
8431	ZACCJBDT0FPB57983	t
8432	ZACCJABH0FPB57984	t
8433	ZACCJABT0FPB57985	t
8434	ZACCJABT0FPB57987	t
8435	ZACCJABT0FPB57990	t
8436	ZACCJABT0FPB57992	t
8437	ZACCJABT0FPB57998	t
8438	ZACCJAAH0FPB58002	t
8439	ZACCJABH0FPB58012	t
8440	ZACCJAAH0FPB58018	t
8441	ZACCJAAT0FPB58024	t
8442	ZACCJADT0FPB58025	t
8443	ZACCJABH0FPB58028	t
8444	ZACCJBBT0FPB58030	t
8445	ZACCJBDT0FPB58031	t
8446	ZACCJABH0FPB58034	t
8447	ZACCJAAT0FPB58042	t
8448	ZACCJABH0FPB58043	t
8449	ZACCJABH0FPB58045	t
8450	ZACCJABH0FPB58046	t
8451	ZACCJBAT0FPB58048	t
8452	ZACCJBBT0FPB58050	t
8453	ZACCJABH0FPB58051	t
8454	ZACCJBBT0FPB58054	t
8455	ZACCJAAH0FPB58056	t
8456	ZACCJBBT0FPB58057	t
8457	ZACCJABH0FPB58060	t
8458	ZACCJBAT0FPB58062	t
8459	ZACCJBBT0FPB58064	t
8460	ZACCJBBT0FPB58065	t
8461	ZACCJBBT0FPB58067	t
8462	ZACCJABH0FPB58068	t
8463	ZACCJBBT0FPB58069	t
8464	ZACCJBBT0FPB58072	t
8465	ZACCJBBT0FPB58073	t
8466	ZACCJBBT0FPB58074	t
8467	ZACCJBDT0FPB58076	t
8468	ZACCJBBT0FPB58078	t
8469	ZACCJBBT0FPB58079	t
8470	ZACCJABH0FPB58080	t
8471	ZACCJBAT0FPB58082	t
8472	ZACCJBBT0FPB58083	t
8473	ZACCJBBT0FPB58084	t
8474	ZACCJBBT0FPB58085	t
8475	ZACCJABH0FPB58086	t
8476	ZACCJBBT0FPB58088	t
8477	ZACCJBAT0FPB58090	t
8478	ZACCJBAT0FPB58091	t
8479	ZACCJABT0FPB58092	t
8480	ZACCJBBT0FPB58093	t
8481	ZACCJAAT0FPB58096	t
8482	ZACCJAAT0FPB58097	t
8483	ZACCJABT0FPB58100	t
8484	ZACCJABT0FPB58103	t
8485	ZACCJBBT0FPB58104	t
8486	ZACCJABT0FPB58107	t
8487	ZACCJABT0FPB58111	t
8488	ZACCJABT0FPB58113	t
8489	ZACCJABT0FPB58114	t
8490	ZACCJBDT0FPB58115	t
8491	ZACCJABT0FPB58118	t
8492	ZACCJBBH0FPB58120	t
8493	ZACCJBBT0FPB58122	t
8494	ZACCJBBH0FPB58123	t
8495	ZACCJABT0FPB58124	t
8496	ZACCJBBT0FPB58125	t
8497	ZACCJABH0FPB58129	t
8498	ZACCJBBH0FPB58131	t
8499	ZACCJABT0FPB58132	t
8500	ZACCJBDT0FPB58133	t
8501	ZACCJABT0FPB58134	t
8502	ZACCJBBT0FPB58136	t
8503	ZACCJABT0FPB58138	t
8504	ZACCJAAT0FPB58140	t
8505	ZACCJAAT0FPB58145	t
8506	ZACCJBBT0FPB58146	t
8507	ZACCJBBT0FPB58149	t
8508	ZACCJBBH0FPB58150	t
8509	ZACCJBAH0FPB58151	t
8510	ZACCJBBH0FPB58152	t
8511	ZACCJBBH0FPB58160	t
8512	ZACCJABT0FPB58164	t
8513	ZACCJBBH0FPB58165	t
8514	ZACCJABT0FPB58167	t
8515	ZACCJABT0FPB58172	t
8516	ZACCJABT0FPB58173	t
8517	ZACCJABT0FPB58174	t
8518	ZACCJAAT0FPB58175	t
8519	ZACCJABT0FPB58177	t
8520	ZACCJBAH0FPB58179	t
8521	ZACCJABT0FPB58180	t
8522	ZACCJBDT0FPB58182	t
8523	ZACCJBDT0FPB58185	t
8524	ZACCJBBT0FPB58187	t
8525	ZACCJABT0FPB58188	t
8526	ZACCJABT0FPB58189	t
8527	ZACCJABT0FPB58193	t
8528	ZACCJABT0FPB58194	t
8529	ZACCJBDT0FPB58197	t
8530	ZACCJABT0FPB58202	t
8531	ZACCJABT0FPB58206	t
8532	ZACCJBAH0FPB58207	t
8533	ZACCJBAH0FPB58208	t
8534	ZACCJADT0FPB58213	t
8535	ZACCJBAH0FPB58215	t
8536	ZACCJBCT0FPB58216	t
8537	ZACCJBCT0FPB58219	t
8538	ZACCJABT0FPB58220	t
8539	ZACCJBAT0FPB58221	t
8540	ZACCJABT0FPB58225	t
8541	ZACCJABT0FPB58226	t
8542	ZACCJBAH0FPB58228	t
8543	ZACCJBAH0FPB58230	t
8544	ZACCJBBT0FPB58233	t
8545	ZACCJADT0FPB58235	t
8546	ZACCJBBT0FPB58237	t
8547	ZACCJABT0FPB58238	t
8548	ZACCJABT0FPB58240	t
8549	ZACCJBBH0FPB58241	t
8550	ZACCJBBH0FPB58243	t
8551	ZACCJADT0FPB58245	t
8552	ZACCJBAH0FPB58248	t
8553	ZACCJABT0FPB58251	t
8554	ZACCJABT0FPB58254	t
8555	ZACCJBBT0FPB58255	t
8556	ZACCJABT0FPB58256	t
8557	ZACCJBBT0FPB58257	t
8558	ZACCJBAH0FPB58259	t
8559	ZACCJABT0FPB58260	t
8560	ZACCJBAT0FPB58261	t
8561	ZACCJAAT0FPB58263	t
8562	ZACCJBBH0FPB58264	t
8563	ZACCJABT0FPB58265	t
8564	ZACCJBBT0FPB58271	t
8565	ZACCJBBT0FPB58272	t
8566	ZACCJABH0FPB58273	t
8567	ZACCJABH0FPB58274	t
8568	ZACCJABH0FPB58275	t
8569	ZACCJABT0FPB58276	t
8570	ZACCJABT0FPB58277	t
8571	ZACCJBBT0FPB58278	t
8572	ZACCJABT0FPB58279	t
8573	ZACCJABT0FPB58280	t
8574	ZACCJBBT0FPB58281	t
8575	ZACCJADT0FPB58285	t
8576	ZACCJBBT0FPB58286	t
8577	ZACCJBBH0FPB58287	t
8578	ZACCJABT0FPB58290	t
8579	ZACCJBBT0FPB58291	t
8580	ZACCJBBT0FPB58292	t
8581	ZACCJBBT0FPB58293	t
8582	ZACCJABT0FPB58294	t
8583	ZACCJBBH0FPB58296	t
8584	ZACCJBCT0FPB58298	t
8585	ZACCJABT0FPB58299	t
8586	ZACCJBBT0FPB58300	t
8587	ZACCJBBT0FPB58301	t
8588	ZACCJBAH0FPB58303	t
8589	ZACCJABT0FPB58305	t
8590	ZACCJBCT0FPB58307	t
8591	ZACCJBCT0FPB58308	t
8592	ZACCJBBT0FPB58309	t
8593	ZACCJBAH0FPB58311	t
8594	ZACCJBCT0FPB58313	t
8595	ZACCJABT0FPB58314	t
8596	ZACCJABT0FPB58315	t
8597	ZACCJBCT0FPB58316	t
8598	ZACCJBBT0FPB58319	t
8599	ZACCJBBT0FPB58320	t
8600	ZACCJAAT0FPB58322	t
8601	ZACCJAAT0FPB58326	t
8602	ZACCJBBH0FPB58329	t
8603	ZACCJBBT0FPB58330	t
8604	ZACCJBBH0FPB58331	t
8605	ZACCJBCT0FPB58332	t
8606	ZACCJBCT0FPB58334	t
8607	ZACCJABT0FPB58335	t
8608	ZACCJABT0FPB58337	t
8609	ZACCJAAH0FPB58338	t
8610	ZACCJABT0FPB58340	t
8611	ZACCJBDT0FPB58341	t
8612	ZACCJBBH0FPB58342	t
8613	ZACCJABT0FPB58345	t
8614	ZACCJBBT0FPB58346	t
8615	ZACCJBAH0FPB58348	t
8616	ZACCJBBT0FPB58349	t
8617	ZACCJBBT0FPB58350	t
8618	ZACCJBBT0FPB58352	t
8619	ZACCJBBH0FPB58354	t
8620	ZACCJABH0FPB58355	t
8621	ZACCJBDT0FPB58356	t
8622	ZACCJAAT0FPB58357	t
8623	ZACCJABT0FPB58359	t
8624	ZACCJBBH0FPB58360	t
8625	ZACCJBBT0FPB58361	t
8626	ZACCJBBT0FPB58363	t
8627	ZACCJBBT0FPB58364	t
8628	ZACCJABH0FPB58365	t
8629	ZACCJABT0FPB58366	t
8630	ZACCJBDT0FPB58367	t
8631	ZACCJABT0FPB58369	t
8632	ZACCJBBH0FPB58370	t
8633	ZACCJABT0FPB58371	t
8634	ZACCJABT0FPB58372	t
8635	ZACCJBAH0FPB58373	t
8636	ZACCJABT0FPB58374	t
8637	ZACCJBDT0FPB58375	t
8638	ZACCJBDT0FPB58376	t
8639	ZACCJBBT0FPB58379	t
8640	ZACCJBBT0FPB58380	t
8641	ZACCJBBH0FPB58381	t
8642	ZACCJBBT0FPB58382	t
8643	ZACCJBBT0FPB58383	t
8644	ZACCJBDT0FPB58384	t
8645	ZACCJBBT0FPB58386	t
8646	ZACCJABT0FPB58388	t
8647	ZACCJBCT0FPB58391	t
8648	ZACCJBBT0FPB58392	t
8649	ZACCJABT0FPB58393	t
8650	ZACCJBCT0FPB58395	t
8651	ZACCJBCT0FPB58396	t
8652	ZACCJBDT0FPB58398	t
8653	ZACCJBDT0FPB58399	t
8654	ZACCJBBT0FPB58400	t
8655	ZACCJADT0FPB58403	t
8656	ZACCJABT0FPB58405	t
8657	ZACCJABT0FPB58406	t
8658	ZACCJABT0FPB58407	t
8659	ZACCJABT0FPB58408	t
8660	ZACCJABT0FPB58410	t
8661	ZACCJAAT0FPB58411	t
8662	ZACCJBDT0FPB58412	t
8663	ZACCJABT0FPB58413	t
8664	ZACCJBAT0FPB58417	t
8665	ZACCJBAT0FPB58420	t
8666	ZACCJBDT0FPB58429	t
8667	ZACCJABT0FPB58433	t
8668	ZACCJABT0FPB58434	t
8669	ZACCJABT0FPB58437	t
8670	ZACCJABT0FPB58438	t
8671	ZACCJBCT0FPB58440	t
8672	ZACCJABT0FPB58441	t
8673	ZACCJABT0FPB58442	t
8674	ZACCJAAT0FPB58445	t
8675	ZACCJABT0FPB58448	t
8676	ZACCJABT0FPB58452	t
8677	ZACCJBBT0FPB58455	t
8678	ZACCJBDT0FPB58456	t
8679	ZACCJABT0FPB58457	t
8680	ZACCJBAT0FPB58461	t
8681	ZACCJBDT0FPB58463	t
8682	ZACCJABT0FPB58465	t
8683	ZACCJAAT0FPB58466	t
8684	ZACCJBDT0FPB58467	t
8685	ZACCJBCT0FPB58469	t
8686	ZACCJABT0FPB58470	t
8687	ZACCJBDT0FPB58471	t
8688	ZACCJABT0FPB58475	t
8689	ZACCJABT0FPB58478	t
8690	ZACCJBDT0FPB58479	t
8691	ZACCJBDT0FPB58483	t
8692	ZACCJABT0FPB58484	t
8693	ZACCJABT0FPB58487	t
8694	ZACCJABT0FPB58488	t
8695	ZACCJADT0FPB58490	t
8696	ZACCJABT0FPB58491	t
8697	ZACCJAAT0FPB58495	t
8698	ZACCJBDT0FPB58496	t
8699	ZACCJBDT0FPB58497	t
8700	ZACCJBDT0FPB58498	t
8701	ZACCJABT0FPB58499	t
8702	ZACCJABT0FPB58503	t
8703	ZACCJBDT0FPB58504	t
8704	ZACCJAAT0FPB58505	t
8705	ZACCJBCT0FPB58506	t
8706	ZACCJAAT0FPB58507	t
8707	ZACCJBDT0FPB58508	t
8708	ZACCJABT0FPB58510	t
8709	ZACCJBDT0FPB58512	t
8710	ZACCJBDT0FPB58513	t
8711	ZACCJBCT0FPB58514	t
8712	ZACCJABT0FPB58517	t
8713	ZACCJBDT0FPB58518	t
8714	ZACCJBDT0FPB58519	t
8715	ZACCJABT0FPB58520	t
8716	ZACCJABT0FPB58521	t
8717	ZACCJAAT0FPB58522	t
8718	ZACCJABT0FPB58524	t
8719	ZACCJABT0FPB58525	t
8720	ZACCJBDT0FPB58526	t
8721	ZACCJABT0FPB58529	t
8722	ZACCJBDT0FPB58532	t
8723	ZACCJBDT0FPB58534	t
8724	ZACCJADT0FPB58535	t
8725	ZACCJBDT0FPB58536	t
8726	ZACCJBDT0FPB58540	t
8727	ZACCJABT0FPB58544	t
8728	ZACCJABT0FPB58545	t
8729	ZACCJBAH0FPB58546	t
8730	ZACCJBAH0FPB58547	t
8731	ZACCJABT0FPB58548	t
8732	ZACCJBDT0FPB58549	t
8733	ZACCJBAH0FPB58550	t
8734	ZACCJBDT0FPB58551	t
8735	ZACCJBDT0FPB58552	t
8736	ZACCJADT0FPB58554	t
8737	ZACCJBBT0FPB58556	t
8738	ZACCJBDT0FPB58557	t
8739	ZACCJBCT0FPB58558	t
8740	ZACCJABT0FPB58559	t
8741	ZACCJBDT0FPB58561	t
8742	ZACCJABT0FPB58562	t
8743	ZACCJADT0FPB58563	t
8744	ZACCJAAT0FPB58564	t
8745	ZACCJBDT0FPB58565	t
8746	ZACCJABT0FPB58566	t
8747	ZACCJABT0FPB58567	t
8748	ZACCJBDT0FPB58568	t
8749	ZACCJABT0FPB58569	t
8750	ZACCJBBT0FPB58570	t
8751	ZACCJBDT0FPB58571	t
8752	ZACCJBDT0FPB58572	t
8753	ZACCJAAT0FPB58573	t
8754	ZACCJBDT0FPB58575	t
8755	ZACCJADT0FPB58576	t
8756	ZACCJAAT0FPB58577	t
8757	ZACCJBDT0FPB58578	t
8758	ZACCJADT0FPB58579	t
8759	ZACCJBDT0FPB58580	t
8760	ZACCJBDT0FPB58581	t
8761	ZACCJAAT0FPB58582	t
8762	ZACCJBDT0FPB58583	t
8763	ZACCJBBT0FPB58584	t
8764	ZACCJBDT0FPB58585	t
8765	ZACCJBBT0FPB58586	t
8766	ZACCJADT0FPB58587	t
8767	ZACCJBDT0FPB58588	t
8768	ZACCJBDT0FPB58589	t
8769	ZACCJBBT0FPB58592	t
8770	ZACCJABT0FPB58593	t
8771	ZACCJBDT0FPB58594	t
8772	ZACCJBDT0FPB58595	t
8773	ZACCJABT0FPB58596	t
8774	ZACCJADT0FPB58598	t
8775	ZACCJADT0FPB58601	t
8776	ZACCJBDT0FPB58602	t
8777	ZACCJBDT0FPB58606	t
8778	ZACCJADT0FPB58609	t
8779	ZACCJADT0FPB58610	t
8780	ZACCJABT0FPB58611	t
8781	ZACCJADT0FPB58612	t
8782	ZACCJBDT0FPB58615	t
8783	ZACCJAAT0FPB58617	t
8784	ZACCJBDT0FPB58620	t
8785	ZACCJBDT0FPB58622	t
8786	ZACCJBBT0FPB58623	t
8787	ZACCJABT0FPB58627	t
8788	ZACCJBDT0FPB58628	t
8789	ZACCJADT0FPB58629	t
8790	ZACCJABT0FPB58630	t
8791	ZACCJAAT0FPB58632	t
8792	ZACCJADT0FPB58634	t
8793	ZACCJBBH0FPB58635	t
8794	ZACCJBBT0FPB58637	t
8795	ZACCJABT0FPB58639	t
8796	ZACCJBBT0FPB58641	t
8797	ZACCJABT0FPB58644	t
8798	ZACCJBBT0FPB58647	t
8799	ZACCJBBT0FPB58649	t
8800	ZACCJBDT0FPB58651	t
8801	ZACCJBBT0FPB58652	t
8802	ZACCJBDT0FPB58653	t
8803	ZACCJBBT0FPB58655	t
8804	ZACCJBDT0FPB58656	t
8805	ZACCJBBT0FPB58661	t
8806	ZACCJBDT0FPB58663	t
8807	ZACCJBDT0FPB58664	t
8808	ZACCJBDT0FPB58665	t
8809	ZACCJBDT0FPB58667	t
8810	ZACCJBAH0FPB58670	t
8811	ZACCJBCT0FPB58671	t
8812	ZACCJBCT0FPB58674	t
8813	ZACCJBDT0FPB58676	t
8814	ZACCJBBT0FPB58678	t
8815	ZACCJADT0FPB58679	t
8816	ZACCJABT0FPB58680	t
8817	ZACCJBCT0FPB58682	t
8818	ZACCJABT0FPB58690	t
8819	ZACCJBAH0FPB58693	t
8820	ZACCJBBH0FPB58694	t
8821	ZACCJBAH0FPB58695	t
8822	ZACCJBBH0FPB58696	t
8823	ZACCJABT0FPB58697	t
8824	ZACCJABT0FPB58698	t
8825	ZACCJABT0FPB58699	t
8826	ZACCJABT0FPB58701	t
8827	ZACCJABT0FPB58703	t
8828	ZACCJBBT0FPB58705	t
8829	ZACCJBBT0FPB58708	t
8830	ZACCJABT0FPB58709	t
8831	ZACCJABT0FPB58711	t
8832	ZACCJABT0FPB58712	t
8833	ZACCJBDT0FPB58713	t
8834	ZACCJBDT0FPB58718	t
8835	ZACCJBCT0FPB58719	t
8836	ZACCJBDT0FPB58720	t
8837	ZACCJBDT0FPB58721	t
8838	ZACCJABT0FPB58723	t
8839	ZACCJABT0FPB58724	t
8840	ZACCJADT0FPB58725	t
8841	ZACCJBBT0FPB58727	t
8842	ZACCJBCT0FPB58728	t
8843	ZACCJBDT0FPB58729	t
8844	ZACCJBCT0FPB58730	t
8845	ZACCJBDT0FPB58733	t
8846	ZACCJBDT0FPB58735	t
8847	ZACCJBCT0FPB58741	t
8848	ZACCJABT0FPB58742	t
8849	ZACCJADT0FPB58744	t
8850	ZACCJABT0FPB58745	t
8851	ZACCJBDT0FPB58746	t
8852	ZACCJBDT0FPB58749	t
8853	ZACCJBDT0FPB58750	t
8854	ZACCJBCT0FPB58751	t
8855	ZACCJBDT0FPB58754	t
8856	ZACCJBCT0FPB58758	t
8857	ZACCJBDT0FPB58761	t
8858	ZACCJBDT0FPB58762	t
8859	ZACCJBCT0FPB58763	t
8860	ZACCJADT0FPB58764	t
8861	ZACCJABT0FPB58765	t
8862	ZACCJBBT0FPB58766	t
8863	ZACCJBDT0FPB58770	t
8864	ZACCJABT0FPB58772	t
8865	ZACCJABT0FPB58773	t
8866	ZACCJBDT0FPB58774	t
8867	ZACCJADT0FPB58775	t
8868	ZACCJBDT0FPB58776	t
8869	ZACCJBCT0FPB58778	t
8870	ZACCJAAT0FPB58779	t
8871	ZACCJABT0FPB58780	t
8872	ZACCJBCT0FPB58781	t
8873	ZACCJABT0FPB58782	t
8874	ZACCJBDT0FPB58783	t
8875	ZACCJABT0FPB58785	t
8876	ZACCJBDT0FPB58787	t
8877	ZACCJABT0FPB58790	t
8878	ZACCJABT0FPB58791	t
8879	ZACCJBCT0FPB58792	t
8880	ZACCJABT0FPB58793	t
8881	ZACCJABT0FPB58795	t
8882	ZACCJBDT0FPB58796	t
8883	ZACCJABT0FPB58797	t
8884	ZACCJBDT0FPB58798	t
8885	ZACCJBDT0FPB58799	t
8886	ZACCJBCT0FPB58800	t
8887	ZACCJABT0FPB58801	t
8888	ZACCJBCT0FPB58803	t
8889	ZACCJADT0FPB58806	t
8890	ZACCJBDT0FPB58807	t
8891	ZACCJBDT0FPB58808	t
8892	ZACCJABT0FPB58809	t
8893	ZACCJABT0FPB58811	t
8894	ZACCJABT0FPB58812	t
8895	ZACCJBBT0FPB58813	t
8896	ZACCJABT0FPB58816	t
8897	ZACCJBAH0FPB58817	t
8898	ZACCJABT0FPB58818	t
8899	ZACCJBBH0FPB58819	t
8900	ZACCJADT0FPB58821	t
8901	ZACCJABT0FPB58822	t
8902	ZACCJABT0FPB58823	t
8903	ZACCJABT0FPB58824	t
8904	ZACCJABT0FPB58825	t
8905	ZACCJADT0FPB58826	t
8906	ZACCJABT0FPB58829	t
8907	ZACCJABT0FPB58830	t
8908	ZACCJABT0FPB58831	t
8909	ZACCJBDT0FPB58832	t
8910	ZACCJABT0FPB58836	t
8911	ZACCJABT0FPB58837	t
8912	ZACCJABT0FPB58838	t
8913	ZACCJABT0FPB58839	t
8914	ZACCJABT0FPB58840	t
8915	ZACCJBDT0FPB58842	t
8916	ZACCJABT0FPB58843	t
8917	ZACCJABT0FPB58844	t
8918	ZACCJABT0FPB58845	t
8919	ZACCJABT0FPB58849	t
8920	ZACCJBBT0FPB58850	t
8921	ZACCJAAT0FPB58851	t
8922	ZACCJABT0FPB58853	t
8923	ZACCJBDT0FPB58854	t
8924	ZACCJBBT0FPB58856	t
8925	ZACCJBBT0FPB58860	t
8926	ZACCJABT0FPB58861	t
8927	ZACCJAAT0FPB58862	t
8928	ZACCJABT0FPB58863	t
8929	ZACCJADT0FPB58864	t
8930	ZACCJBCT0FPB58865	t
8931	ZACCJABT0FPB58866	t
8932	ZACCJABT0FPB58867	t
8933	ZACCJABT0FPB58868	t
8934	ZACCJABT0FPB58869	t
8935	ZACCJABT0FPB58870	t
8936	ZACCJBCT0FPB58872	t
8937	ZACCJABT0FPB58876	t
8938	ZACCJABT0FPB58878	t
8939	ZACCJADT0FPB58879	t
8940	ZACCJABT0FPB58881	t
8941	ZACCJADT0FPB58884	t
8942	ZACCJABT0FPB58886	t
8943	ZACCJABT0FPB58889	t
8944	ZACCJADT0FPB58890	t
8945	ZACCJABT0FPB58892	t
8946	ZACCJABT0FPB58895	t
8947	ZACCJBCT0FPB58898	t
8948	ZACCJABT0FPB58900	t
8949	ZACCJADT0FPB58901	t
8950	ZACCJABT0FPB58903	t
8951	ZACCJABT0FPB58904	t
8952	ZACCJABH0FPB58905	t
8953	ZACCJABT0FPB58907	t
8954	ZACCJADT0FPB58908	t
8955	ZACCJADT0FPB58909	t
8956	ZACCJBCT0FPB58911	t
8957	ZACCJBCT0FPB58915	t
8958	ZACCJBCT0FPB58916	t
8959	ZACCJBCT0FPB58917	t
8960	ZACCJABT0FPB58919	t
8961	ZACCJBCT0FPB58920	t
8962	ZACCJBCT0FPB58922	t
8963	ZACCJBCT0FPB58923	t
8964	ZACCJABT0FPB58924	t
8965	ZACCJABT0FPB58925	t
8966	ZACCJABT0FPB58927	t
8967	ZACCJBCT0FPB58932	t
8968	ZACCJABH0FPB58933	t
8969	ZACCJABT0FPB58935	t
8970	ZACCJADT0FPB58936	t
8971	ZACCJAAT0FPB58939	t
8972	ZACCJABT0FPB58940	t
8973	ZACCJAAT0FPB58942	t
8974	ZACCJABT0FPB58943	t
8975	ZACCJABT0FPB58944	t
8976	ZACCJABT0FPB58945	t
8977	ZACCJABT0FPB58947	t
8978	ZACCJABH0FPB58949	t
8979	ZACCJABT0FPB58951	t
8980	ZACCJABT0FPB58952	t
8981	ZACCJAAT0FPB58953	t
8982	ZACCJABT0FPB58954	t
8983	ZACCJABT0FPB58956	t
8984	ZACCJABT0FPB58957	t
8985	ZACCJAAT0FPB58959	t
8986	ZACCJABT0FPB58960	t
8987	ZACCJABH0FPB58961	t
8988	ZACCJABH0FPB58962	t
8989	ZACCJABT0FPB58964	t
8990	ZACCJBCT0FPB58965	t
8991	ZACCJBCT0FPB58967	t
8992	ZACCJABT0FPB58968	t
8993	ZACCJABH0FPB58970	t
8994	ZACCJABT0FPB58971	t
8995	ZACCJABT0FPB58975	t
8996	ZACCJABT0FPB58976	t
8997	ZACCJABT0FPB58978	t
8998	ZACCJABT0FPB58979	t
8999	ZACCJABT0FPB58981	t
9000	ZACCJABH0FPB58983	t
9001	ZACCJABH0FPB58984	t
9002	ZACCJBCT0FPB58985	t
9003	ZACCJAAT0FPB58986	t
9004	ZACCJABH0FPB58987	t
9005	ZACCJABH0FPB58989	t
9006	ZACCJABH0FPB58990	t
9007	ZACCJBCT0FPB58991	t
9008	ZACCJABH0FPB58992	t
9009	ZACCJAAT0FPB58993	t
9010	ZACCJABH0FPB58996	t
9011	ZACCJABH0FPB58997	t
9012	ZACCJBCT0FPB58998	t
9013	ZACCJABH0FPB58999	t
9014	ZACCJAAT0FPB59003	t
9015	ZACCJBCT0FPB59005	t
9016	ZACCJBCT0FPB59006	t
9017	ZACCJBCT0FPB59008	t
9018	ZACCJABH0FPB59010	t
9019	ZACCJABH0FPB59012	t
9020	ZACCJABH0FPB59013	t
9021	ZACCJBCT0FPB59014	t
9022	ZACCJBCT0FPB59015	t
9023	ZACCJBCT0FPB59016	t
9024	ZACCJABH0FPB59017	t
9025	ZACCJABH0FPB59019	t
9026	ZACCJABH0FPB59020	t
9027	ZACCJBCT0FPB59021	t
9028	ZACCJABH0FPB59022	t
9029	ZACCJBCT0FPB59023	t
9030	ZACCJABH0FPB59026	t
9031	ZACCJABH0FPB59028	t
9032	ZACCJABH0FPB59030	t
9033	ZACCJBCT0FPB59031	t
9034	ZACCJBCT0FPB59032	t
9035	ZACCJBCT0FPB59033	t
9036	ZACCJABH0FPB59034	t
9037	ZACCJABH0FPB59036	t
9038	ZACCJBCT0FPB59037	t
9039	ZACCJBCT0FPB59038	t
9040	ZACCJABH0FPB59040	t
9041	ZACCJAAT0FPB59041	t
9042	ZACCJABH0FPB59043	t
9043	ZACCJBCT0FPB59044	t
9044	ZACCJABH0FPB59045	t
9045	ZACCJABH0FPB59046	t
9046	ZACCJAAT0FPB59047	t
9047	ZACCJABH0FPB59048	t
9048	ZACCJABH0FPB59049	t
9049	ZACCJABH0FPB59050	t
9050	ZACCJABH0FPB59052	t
9051	ZACCJAAT0FPB59053	t
9052	ZACCJABH0FPB59054	t
9053	ZACCJAAT0FPB59055	t
9054	ZACCJBCT0FPB59056	t
9055	ZACCJAAT0FPB59057	t
9056	ZACCJABH0FPB59058	t
9057	ZACCJABH0FPB59059	t
9058	ZACCJABH0FPB59060	t
9059	ZACCJABH0FPB59061	t
9060	ZACCJAAT0FPB59065	t
9061	ZACCJAAT0FPB59066	t
9062	ZACCJABH0FPB59067	t
9063	ZACCJAAT0FPB59068	t
9064	ZACCJAAT0FPB59069	t
9065	ZACCJAAT0FPB59070	t
9066	ZACCJABT0FPB59071	t
9067	ZACCJBCT0FPB59073	t
9068	ZACCJABH0FPB59074	t
9069	ZACCJBCT0FPB59075	t
9070	ZACCJAAT0FPB59076	t
9071	ZACCJABH0FPB59077	t
9072	ZACCJABH0FPB59078	t
9073	ZACCJAAT0FPB59083	t
9074	ZACCJAAT0FPB59085	t
9075	ZACCJAAT0FPB59086	t
9076	ZACCJABT0FPB59088	t
9077	ZACCJAAT0FPB59092	t
9078	ZACCJABH0FPB59094	t
9079	ZACCJABT0FPB59095	t
9080	ZACCJABH0FPB59097	t
9081	ZACCJABH0FPB59098	t
9082	ZACCJABH0FPB59099	t
9083	ZACCJABH0FPB59100	t
9084	ZACCJABH0FPB59102	t
9085	ZACCJABH0FPB59104	t
9086	ZACCJAAT0FPB59105	t
9087	ZACCJAAT0FPB59106	t
9088	ZACCJAAT0FPB59107	t
9089	ZACCJAAT0FPB59109	t
9090	ZACCJABH0FPB59110	t
9091	ZACCJABH0FPB59111	t
9092	ZACCJABH0FPB59112	t
9093	ZACCJABH0FPB59113	t
9094	ZACCJABH0FPB59114	t
9095	ZACCJABH0FPB59115	t
9096	ZACCJABH0FPB59119	t
9097	ZACCJABH0FPB59120	t
9098	ZACCJABH0FPB59121	t
9099	ZACCJABH0FPB59122	t
9100	ZACCJABH0FPB59124	t
9101	ZACCJABT0FPB59125	t
9102	ZACCJABT0FPB59127	t
9103	ZACCJAAT0FPB59128	t
9104	ZACCJAAT0FPB59129	t
9105	ZACCJABT0FPB59131	t
9106	ZACCJABT0FPB59133	t
9107	ZACCJAAT0FPB59134	t
9108	ZACCJABT0FPB59135	t
9109	ZACCJABT0FPB59136	t
9110	ZACCJABT0FPB59137	t
9111	ZACCJABT0FPB59138	t
9112	ZACCJABT0FPB59139	t
9113	ZACCJABT0FPB59140	t
9114	ZACCJBCT0FPB59142	t
9115	ZACCJAAT0FPB59143	t
9116	ZACCJABT0FPB59144	t
9117	ZACCJABT0FPB59145	t
9118	ZACCJABT0FPB59147	t
9119	ZACCJABT0FPB59148	t
9120	ZACCJBCT0FPB59149	t
9121	ZACCJAAT0FPB59150	t
9122	ZACCJABT0FPB59151	t
9123	ZACCJBCT0FPB59152	t
9124	ZACCJABT0FPB59153	t
9125	ZACCJABT0FPB59154	t
9126	ZACCJABT0FPB59155	t
9127	ZACCJAAT0FPB59156	t
9128	ZACCJAAT0FPB59157	t
9129	ZACCJBCT0FPB59159	t
9130	ZACCJAAT0FPB59162	t
9131	ZACCJABT0FPB59163	t
9132	ZACCJABT0FPB59164	t
9133	ZACCJABT0FPB59166	t
9134	ZACCJBCT0FPB59167	t
9135	ZACCJAAT0FPB59168	t
9136	ZACCJABT0FPB59169	t
9137	ZACCJABT0FPB59170	t
9138	ZACCJBCT0FPB59171	t
9139	ZACCJBCT0FPB59172	t
9140	ZACCJBCT0FPB59183	t
9141	ZACCJBCT0FPB59195	t
9142	ZACCJBDT0FPB59204	t
9143	ZACCJBBT0FPB59205	t
9144	ZACCJBDT0FPB59207	t
9145	ZACCJBDT0FPB59208	t
9146	ZACCJBBT0FPB59211	t
9147	ZACCJBDT0FPB59214	t
9148	ZACCJBBT0FPB59216	t
9149	ZACCJBDT0FPB59217	t
9150	ZACCJBDT0FPB59219	t
9151	ZACCJBBT0FPB59222	t
9152	ZACCJBBT0FPB59223	t
9153	ZACCJBDT0FPB59224	t
9154	ZACCJBBT0FPB59225	t
9155	ZACCJBBT0FPB59227	t
9156	ZACCJBDT0FPB59228	t
9157	ZACCJBDT0FPB59229	t
9158	ZACCJBBT0FPB59232	t
9159	ZACCJBDT0FPB59233	t
9160	ZACCJBBT0FPB59235	t
9161	ZACCJBBT0FPB59237	t
9162	ZACCJBBT0FPB59238	t
9163	ZACCJBDT0FPB59240	t
9164	ZACCJBBT0FPB59243	t
9165	ZACCJBBT0FPB59244	t
9166	ZACCJBDT0FPB59247	t
9167	ZACCJBDT0FPB59248	t
9168	ZACCJBBT0FPB59249	t
9169	ZACCJBBT0FPB59250	t
9170	ZACCJBBT0FPB59252	t
9171	ZACCJBBT0FPB59254	t
9172	ZACCJBBT0FPB59255	t
9173	ZACCJBDT0FPB59256	t
9174	ZACCJBBT0FPB59257	t
9175	ZACCJBDT0FPB59258	t
9176	ZACCJBBT0FPB59260	t
9177	ZACCJBBT0FPB59261	t
9178	ZACCJBBT0FPB59263	t
9179	ZACCJBCT0FPB59264	t
9180	ZACCJABT0FPB59266	t
9181	ZACCJABT0FPB59267	t
9182	ZACCJBBT0FPB59268	t
9183	ZACCJBBT0FPB59270	t
9184	ZACCJABT0FPB59271	t
9185	ZACCJBCT0FPB59272	t
9186	ZACCJBBT0FPB59273	t
9187	ZACCJABT0FPB59274	t
9188	ZACCJBBT0FPB59275	t
9189	ZACCJBBH0FPB59277	t
9190	ZACCJBCT0FPB59278	t
9191	ZACCJABT0FPB59280	t
9192	ZACCJABT0FPB59281	t
9193	ZACCJBBT0FPB59283	t
9194	ZACCJBCT0FPB59287	t
9195	ZACCJABT0FPB59288	t
9196	ZACCJABT0FPB59289	t
9197	ZACCJBBT0FPB59290	t
9198	ZACCJBDT0FPB59294	t
9199	ZACCJBBT0FPB59295	t
9200	ZACCJBCT0FPB59296	t
9201	ZACCJBBH0FPB59299	t
9202	ZACCJBBH0FPB59301	t
9203	ZACCJBBH0FPB59302	t
9204	ZACCJBCT0FPB59303	t
9205	ZACCJBCT0FPB59306	t
9206	ZACCJABT0FPB59313	t
9207	ZACCJABT0FPB59314	t
9208	ZACCJABT0FPB59318	t
9209	ZACCJBBT0FPB59324	t
9210	ZACCJBBT0FPB59325	t
9211	ZACCJBDT0FPB59327	t
9212	ZACCJBBT0FPB59328	t
9213	ZACCJBCT0FPB59331	t
9214	ZACCJABT0FPB59332	t
9215	ZACCJBBT0FPB59333	t
9216	ZACCJABT0FPB59334	t
9217	ZACCJBCT0FPB59335	t
9218	ZACCJBCT0FPB59338	t
9219	ZACCJABT0FPB59345	t
9220	ZACCJBBT0FPB59348	t
9221	ZACCJBCT0FPB59362	t
9222	ZACCJBCT0FPB59363	t
9223	ZACCJBCT0FPB59365	t
9224	ZACCJBBH0FPB59367	t
9225	ZACCJBCT0FPB59369	t
9226	ZACCJBBT0FPB59373	t
9227	ZACCJABT0FPB59374	t
9228	ZACCJBBT0FPB59375	t
9229	ZACCJBBT0FPB59376	t
9230	ZACCJBBT0FPB59377	t
9231	ZACCJBBT0FPB59378	t
9232	ZACCJBBT0FPB59381	t
9233	ZACCJBBH0FPB59382	t
9234	ZACCJBBT0FPB59383	t
9235	ZACCJBDT0FPB59385	t
9236	ZACCJBBT0FPB59387	t
9237	ZACCJBDT0FPB59389	t
9238	ZACCJBDT0FPB59391	t
9239	ZACCJBCT0FPB59392	t
9240	ZACCJBBH0FPB59393	t
9241	ZACCJBBT0FPB59394	t
9242	ZACCJBDT0FPB59395	t
9243	ZACCJBBT0FPB59396	t
9244	ZACCJBBT0FPB59397	t
9245	ZACCJBBT0FPB59399	t
9246	ZACCJBBT0FPB59400	t
9247	ZACCJBBT0FPB59401	t
9248	ZACCJBBT0FPB59403	t
9249	ZACCJABT0FPB59404	t
9250	ZACCJBBT0FPB59405	t
9251	ZACCJBAH0FPB59406	t
9252	ZACCJBDT0FPB59407	t
9253	ZACCJABT0FPB59408	t
9254	ZACCJBDT0FPB59409	t
9255	ZACCJABT0FPB59410	t
9256	ZACCJABT0FPB59411	t
9257	ZACCJBDT0FPB59412	t
9258	ZACCJBBT0FPB59413	t
9259	ZACCJBBT0FPB59415	t
9260	ZACCJBBT0FPB59418	t
9261	ZACCJBCT0FPB59419	t
9262	ZACCJBBT0FPB59421	t
9263	ZACCJBBT0FPB59422	t
9264	ZACCJBBT0FPB59423	t
9265	ZACCJABT0FPB59425	t
9266	ZACCJABT0FPB59426	t
9267	ZACCJBBT0FPB59427	t
9268	ZACCJBBT0FPB59428	t
9269	ZACCJBBT0FPB59429	t
9270	ZACCJBBT0FPB59430	t
9271	ZACCJABT0FPB59431	t
9272	ZACCJBBT0FPB59432	t
9273	ZACCJABT0FPB59433	t
9274	ZACCJBCT0FPB59434	t
9275	ZACCJBBT0FPB59439	t
9276	ZACCJBBT0FPB59440	t
9277	ZACCJBBT0FPB59443	t
9278	ZACCJABT0FPB59444	t
9279	ZACCJBBT0FPB59445	t
9280	ZACCJBBT0FPB59446	t
9281	ZACCJBBT0FPB59447	t
9282	ZACCJBBT0FPB59449	t
9283	ZACCJBBT0FPB59450	t
9284	ZACCJBBT0FPB59453	t
9285	ZACCJABT0FPB59455	t
9286	ZACCJBBT0FPB59456	t
9287	ZACCJBDT0FPB59457	t
9288	ZACCJABT0FPB59458	t
9289	ZACCJBBT0FPB59459	t
9290	ZACCJBBT0FPB59460	t
9291	ZACCJABT0FPB59461	t
9292	ZACCJBBT0FPB59462	t
9293	ZACCJBBT0FPB59463	t
9294	ZACCJABT0FPB59464	t
9295	ZACCJBCT0FPB59467	t
9296	ZACCJBBT0FPB59468	t
9297	ZACCJBBH0FPB59474	t
9298	ZACCJABT0FPB59476	t
9299	ZACCJABT0FPB59477	t
9300	ZACCJBBT0FPB59478	t
9301	ZACCJABT0FPB59480	t
9302	ZACCJBBT0FPB59481	t
9303	ZACCJBCT0FPB59482	t
9304	ZACCJABT0FPB59483	t
9305	ZACCJBBT0FPB59484	t
9306	ZACCJBBT0FPB59485	t
9307	ZACCJABT0FPB59488	t
9308	ZACCJBBT0FPB59490	t
9309	ZACCJBBT0FPB59492	t
9310	ZACCJBBT0FPB59493	t
9311	ZACCJBBT0FPB59494	t
9312	ZACCJBBT0FPB59495	t
9313	ZACCJBBT0FPB59496	t
9314	ZACCJBBT0FPB59497	t
9315	ZACCJBCT0FPB59498	t
9316	ZACCJBBT0FPB59499	t
9317	ZACCJBBT0FPB59500	t
9318	ZACCJABT0FPB59502	t
9319	ZACCJABT0FPB59504	t
9320	ZACCJBAT0FPB59507	t
9321	ZACCJBBT0FPB59508	t
9322	ZACCJBAT0FPB59509	t
9323	ZACCJBAT0FPB59510	t
9324	ZACCJABT0FPB59512	t
9325	ZACCJBCT0FPB59514	t
9326	ZACCJBAT0FPB59516	t
9327	ZACCJBBT0FPB59517	t
9328	ZACCJABT0FPB59519	t
9329	ZACCJBAT0FPB59522	t
9330	ZACCJBBT0FPB59523	t
9331	ZACCJABT0FPB59524	t
9332	ZACCJBAT0FPB59525	t
9333	ZACCJABT0FPB59526	t
9334	ZACCJABT0FPB59527	t
9335	ZACCJBBT0FPB59528	t
9336	ZACCJBBT0FPB59529	t
9337	ZACCJBBT0FPB59530	t
9338	ZACCJABT0FPB59531	t
9339	ZACCJBBT0FPB59532	t
9340	ZACCJADT0FPB59533	t
9341	ZACCJBBT0FPB59534	t
9342	ZACCJBDT0FPB59536	t
9343	ZACCJBBT0FPB59537	t
9344	ZACCJABT0FPB59538	t
9345	ZACCJBBT0FPB59539	t
9346	ZACCJBBH0FPB59540	t
9347	ZACCJBBT0FPB59541	t
9348	ZACCJABT0FPB59544	t
9349	ZACCJBBT0FPB59545	t
9350	ZACCJBBT0FPB59546	t
9351	ZACCJBBT0FPB59547	t
9352	ZACCJBBT0FPB59548	t
9353	ZACCJBBT0FPB59549	t
9354	ZACCJABT0FPB59551	t
9355	ZACCJBBT0FPB59552	t
9356	ZACCJBBT0FPB59554	t
9357	ZACCJBBT0FPB59555	t
9358	ZACCJBBT0FPB59558	t
9359	ZACCJBBT0FPB59560	t
9360	ZACCJBDT0FPB59561	t
9361	ZACCJBDT0FPB59562	t
9362	ZACCJBDT0FPB59563	t
9363	ZACCJABT0FPB59564	t
9364	ZACCJBBH0FPB59566	t
9365	ZACCJABT0FPB59567	t
9366	ZACCJBBH0FPB59568	t
9367	ZACCJBBT0FPB59569	t
9368	ZACCJBBT0FPB59573	t
9369	ZACCJBDT0FPB59574	t
9370	ZACCJBBT0FPB59575	t
9371	ZACCJBCT0FPB59578	t
9372	ZACCJBBT0FPB59579	t
9373	ZACCJBBT0FPB59580	t
9374	ZACCJBBH0FPB59583	t
9375	ZACCJBBH0FPB59584	t
9376	ZACCJBCT0FPB59585	t
9377	ZACCJBBT0FPB59586	t
9378	ZACCJBDT0FPB59588	t
9379	ZACCJBBT0FPB59589	t
9380	ZACCJBDT0FPB59590	t
9381	ZACCJBCT0FPB59591	t
9382	ZACCJBBH0FPB59592	t
9383	ZACCJBDT0FPB59594	t
9384	ZACCJABT0FPB59595	t
9385	ZACCJBBH0FPB59596	t
9386	ZACCJBBH0FPB59597	t
9387	ZACCJBDT0FPB59598	t
9388	ZACCJBDT0FPB59599	t
9389	ZACCJBBT0FPB59601	t
9390	ZACCJBDT0FPB59602	t
9391	ZACCJABT0FPB59603	t
9392	ZACCJBDT0FPB59604	t
9393	ZACCJBDT0FPB59606	t
9394	ZACCJABT0FPB59607	t
9395	ZACCJBBH0FPB59609	t
9396	ZACCJBDT0FPB59610	t
9397	ZACCJBBT0FPB59611	t
9398	ZACCJBBT0FPB59616	t
9399	ZACCJBDT0FPB59617	t
9400	ZACCJBCT0FPB59620	t
9401	ZACCJBCT0FPB59621	t
9402	ZACCJBBT0FPB59622	t
9403	ZACCJBCT0FPB59623	t
9404	ZACCJBBT0FPB59624	t
9405	ZACCJBBH0FPB59625	t
9406	ZACCJBCT0FPB59627	t
9407	ZACCJBBT0FPB59629	t
9408	ZACCJBDT0FPB59631	t
9409	ZACCJBBT0FPB59636	t
9410	ZACCJBBT0FPB59637	t
9411	ZACCJBCT0FPB59638	t
9412	ZACCJBBT0FPB59639	t
9413	ZACCJBCT0FPB59641	t
9414	ZACCJBCT0FPB59645	t
9415	ZACCJBBT0FPB59646	t
9416	ZACCJBBH0FPB59647	t
9417	ZACCJBAT0FPB59653	t
9418	ZACCJBCT0FPB59655	t
9419	ZACCJBCT0FPB59656	t
9420	ZACCJBCT0FPB59657	t
9421	ZACCJBCT0FPB59661	t
9422	ZACCJBCT0FPB59662	t
9423	ZACCJBCT0FPB59663	t
9424	ZACCJBCT0FPB59665	t
9425	ZACCJBBT0FPB59666	t
9426	ZACCJBAT0FPB59667	t
9427	ZACCJBAT0FPB59668	t
9428	ZACCJBCT0FPB59669	t
9429	ZACCJBBH0FPB59670	t
9430	ZACCJBBH0FPB59671	t
9431	ZACCJBBT0FPB59672	t
9432	ZACCJBCT0FPB59673	t
9433	ZACCJBBT0FPB59674	t
9434	ZACCJBBH0FPB59675	t
9435	ZACCJBBT0FPB59677	t
9436	ZACCJBBT0FPB59678	t
9437	ZACCJBCT0FPB59679	t
9438	ZACCJBBH0FPB59684	t
9439	ZACCJBAT0FPB59686	t
9440	ZACCJABT0FPB59688	t
9441	ZACCJBCT0FPB59689	t
9442	ZACCJBBH0FPB59692	t
9443	ZACCJBBH0FPB59694	t
9444	ZACCJBBH0FPB59695	t
9445	ZACCJBBH0FPB59696	t
9446	ZACCJBBT0FPB59697	t
9447	ZACCJBBH0FPB59700	t
9448	ZACCJBCT0FPB59707	t
9449	ZACCJBBH0FPB59708	t
9450	ZACCJBBT0FPB59711	t
9451	ZACCJBAT0FPB59712	t
9452	ZACCJBCT0FPB59713	t
9453	ZACCJBAT0FPB59714	t
9454	ZACCJBAT0FPB59715	t
9455	ZACCJBDT0FPB59718	t
9456	ZACCJABT0FPB59719	t
9457	ZACCJABT0FPB59722	t
9458	ZACCJBCT0FPB59723	t
9459	ZACCJBCT0FPB59724	t
9460	ZACCJBCT0FPB59725	t
9461	ZACCJABT0FPB59726	t
9462	ZACCJBCT0FPB59729	t
9463	ZACCJBBH0FPB59732	t
9464	ZACCJBBT0FPB59739	t
9465	ZACCJBCT0FPB59742	t
9466	ZACCJBBH0FPB59744	t
9467	ZACCJBBT0FPB59745	t
9468	ZACCJBDT0FPB59748	t
9469	ZACCJBBT0FPB59749	t
9470	ZACCJABT0FPB59754	t
9471	ZACCJBBT0FPB59755	t
9472	ZACCJBBT0FPB59757	t
9473	ZACCJBCT0FPB59758	t
9474	ZACCJBBT0FPB59759	t
9475	ZACCJBCT0FPB59761	t
9476	ZACCJBBT0FPB59762	t
9477	ZACCJBCT0FPB59763	t
9478	ZACCJABT0FPB59765	t
9479	ZACCJBBT0FPB59766	t
9480	ZACCJBBT0FPB59767	t
9481	ZACCJABT0FPB59768	t
9482	ZACCJABT0FPB59771	t
9483	ZACCJBBT0FPB59772	t
9484	ZACCJABT0FPB59774	t
9485	ZACCJBDT0FPB59776	t
9486	ZACCJBDT0FPB59777	t
9487	ZACCJABT0FPB59778	t
9488	ZACCJBBT0FPB59779	t
9489	ZACCJABT0FPB59780	t
9490	ZACCJBCT0FPB59781	t
9491	ZACCJBBT0FPB59784	t
9492	ZACCJBBT0FPB59785	t
9493	ZACCJBBT0FPB59786	t
9494	ZACCJBDT0FPB59788	t
9495	ZACCJABT0FPB59791	t
9496	ZACCJABT0FPB59793	t
9497	ZACCJBBT0FPB59795	t
9498	ZACCJBCT0FPB59797	t
9499	ZACCJBCT0FPB59798	t
9500	ZACCJBCT0FPB59800	t
9501	ZACCJBCT0FPB59801	t
9502	ZACCJBBT0FPB59804	t
9503	ZACCJBCT0FPB59805	t
9504	ZACCJBBT0FPB59808	t
9505	ZACCJBDT0FPB59809	t
9506	ZACCJBCT0FPB59810	t
9507	ZACCJBCT0FPB59813	t
9508	ZACCJABT0FPB59816	t
9509	ZACCJBBT0FPB59817	t
9510	ZACCJABT0FPB59819	t
9511	ZACCJBCT0FPB59820	t
9512	ZACCJABT0FPB59821	t
9513	ZACCJBBT0FPB59822	t
9514	ZACCJBCT0FPB59823	t
9515	ZACCJABH0FPB59824	t
9516	ZACCJBCT0FPB59825	t
9517	ZACCJABT0FPB59827	t
9518	ZACCJBCT0FPB59828	t
9519	ZACCJBCT0FPB59829	t
9520	ZACCJBCT0FPB59830	t
9521	ZACCJABT0FPB59832	t
9522	ZACCJBBT0FPB59834	t
9523	ZACCJBCT0FPB59835	t
9524	ZACCJBCT0FPB59839	t
9525	ZACCJBCT0FPB59842	t
9526	ZACCJABT0FPB59843	t
9527	ZACCJABT0FPB59844	t
9528	ZACCJBCT0FPB59847	t
9529	ZACCJBCT0FPB59849	t
9530	ZACCJBCT0FPB59850	t
9531	ZACCJBCT0FPB59851	t
9532	ZACCJBBT0FPB59853	t
9533	ZACCJBCT0FPB59854	t
9534	ZACCJADT0FPB59855	t
9535	ZACCJBCT0FPB59856	t
9536	ZACCJBCT0FPB59858	t
9537	ZACCJBCT0FPB59859	t
9538	ZACCJBCT0FPB59861	t
9539	ZACCJBBT0FPB59862	t
9540	ZACCJBCT0FPB59863	t
9541	ZACCJBCT0FPB59864	t
9542	ZACCJBCT0FPB59865	t
9543	ZACCJBCT0FPB59872	t
9544	ZACCJBBT0FPB59873	t
9545	ZACCJABT0FPB59875	t
9546	ZACCJBCT0FPB59877	t
9547	ZACCJBCT0FPB59878	t
9548	ZACCJABT0FPB59880	t
9549	ZACCJBCT0FPB59882	t
9550	ZACCJBCT0FPB59883	t
9551	ZACCJBCT0FPB59884	t
9552	ZACCJBCT0FPB59885	t
9553	ZACCJBCT0FPB59887	t
9554	ZACCJBCT0FPB59889	t
9555	ZACCJBCT0FPB59890	t
9556	ZACCJBCT0FPB59892	t
9557	ZACCJBCT0FPB59893	t
9558	ZACCJBCT0FPB59894	t
9559	ZACCJBCT0FPB59895	t
9560	ZACCJBCT0FPB59896	t
9561	ZACCJBCT0FPB59898	t
9562	ZACCJBCT0FPB59899	t
9563	ZACCJBCT0FPB59900	t
9564	ZACCJBCT0FPB59901	t
9565	ZACCJBBT0FPB59902	t
9566	ZACCJBBT0FPB59904	t
9567	ZACCJBCT0FPB59905	t
9568	ZACCJBCT0FPB59906	t
9569	ZACCJBCT0FPB59914	t
9570	ZACCJBCT0FPB59915	t
9571	ZACCJBCT0FPB59916	t
9572	ZACCJBCT0FPB59917	t
9573	ZACCJBCT0FPB59920	t
9574	ZACCJBCT0FPB59921	t
9575	ZACCJBCT0FPB59923	t
9576	ZACCJBCT0FPB59925	t
9577	ZACCJBCT0FPB59927	t
9578	ZACCJBCT0FPB59928	t
9579	ZACCJBDT0FPB59929	t
9580	ZACCJADT0FPB59930	t
9581	ZACCJBDT0FPB59932	t
9582	ZACCJABT0FPB59934	t
9583	ZACCJBCT0FPB59935	t
9584	ZACCJBDT0FPB59936	t
9585	ZACCJABT0FPB59937	t
9586	ZACCJADT0FPB59938	t
9587	ZACCJABT0FPB59939	t
9588	ZACCJBCT0FPB59942	t
9589	ZACCJABT0FPB59944	t
9590	ZACCJBCT0FPB59945	t
9591	ZACCJABT0FPB59950	t
9592	ZACCJABT0FPB59951	t
9593	ZACCJBCT0FPB59953	t
9594	ZACCJABT0FPB59954	t
9595	ZACCJABT0FPB59957	t
9596	ZACCJBBT0FPB59958	t
9597	ZACCJABT0FPB59961	t
9598	ZACCJABT0FPB59963	t
9599	ZACCJABT0FPB59964	t
9600	ZACCJBBT0FPB59965	t
9601	ZACCJABT0FPB59970	t
9602	ZACCJBCT0FPB59971	t
9603	ZACCJBCT0FPB59973	t
9604	ZACCJBDT0FPB59974	t
9605	ZACCJADT0FPB59975	t
9606	ZACCJABT0FPB59976	t
9607	ZACCJADT0FPB59977	t
9608	ZACCJBCT0FPB59978	t
9609	ZACCJADT0FPB59979	t
9610	ZACCJAAH0FPB59980	t
9611	ZACCJBCT0FPB59983	t
9612	ZACCJADT0FPB59984	t
9613	ZACCJBDT0FPB59986	t
9614	ZACCJBBH0FPB59992	t
9615	ZACCJBDT0FPB59994	t
9616	ZACCJBDT0FPB59998	t
9617	ZACCJBDT0FPB60003	t
9618	ZACCJADT0FPB60011	t
9619	ZACCJADT0FPB60017	t
9620	ZACCJADT0FPB60019	t
9621	ZACCJBDT0FPB60026	t
9622	ZACCJADT0FPB60027	t
9623	ZACCJADT0FPB60028	t
9624	ZACCJBDT0FPB60029	t
9625	ZACCJABT0FPB60030	t
9626	ZACCJBDT0FPB60032	t
9627	ZACCJABT0FPB60033	t
9628	ZACCJAAH0FPB60036	t
9629	ZACCJADT0FPB60037	t
9630	ZACCJBDT0FPB60038	t
9631	ZACCJBDT0FPB60039	t
9632	ZACCJABT0FPB60041	t
9633	ZACCJABT0FPB60043	t
9634	ZACCJAAH0FPB60047	t
9635	ZACCJABT0FPB60052	t
9636	ZACCJABT0FPB60055	t
9637	ZACCJAAH0FPB60056	t
9638	ZACCJBAH0FPB60058	t
9639	ZACCJBBT0FPB60067	t
9640	ZACCJBBH0FPB60072	t
9641	ZACCJABT0FPB60076	t
9642	ZACCJBCT0FPB60078	t
9643	ZACCJBCT0FPB60080	t
9644	ZACCJBBH0FPB60082	t
9645	ZACCJABH0FPB60083	t
9646	ZACCJABT0FPB60085	t
9647	ZACCJABT0FPB60087	t
9648	ZACCJBBT0FPB60088	t
9649	ZACCJABH0FPB60089	t
9650	ZACCJABT0FPB60090	t
9651	ZACCJBAH0FPB60092	t
9652	ZACCJBCT0FPB60095	t
9653	ZACCJBBT0FPB60097	t
9654	ZACCJBBH0FPB60098	t
9655	ZACCJABT0FPB60099	t
9656	ZACCJABT0FPB60100	t
9657	ZACCJBBH0FPB60101	t
9658	ZACCJABH0FPB60103	t
9659	ZACCJBBT0FPB60104	t
9660	ZACCJABT0FPB60105	t
9661	ZACCJABT0FPB60106	t
9662	ZACCJBBH0FPB60107	t
9663	ZACCJABT0FPB60108	t
9664	ZACCJABT0FPB60111	t
9665	ZACCJAAH0FPB60114	t
9666	ZACCJBAH0FPB60115	t
9667	ZACCJABT0FPB60116	t
9668	ZACCJBBH0FPB60119	t
9669	ZACCJBAT0FPB60122	t
9670	ZACCJBBT0FPB60123	t
9671	ZACCJBDT0FPB60128	t
9672	ZACCJADT0FPB60132	t
9673	ZACCJBBH0FPB60140	t
9674	ZACCJABH0FPB60142	t
9675	ZACCJBBT0FPB60143	t
9676	ZACCJABH0FPB60144	t
9677	ZACCJBAH0FPB60145	t
9678	ZACCJBCT0FPB60148	t
9679	ZACCJABT0FPB60151	t
9680	ZACCJBBH0FPB60152	t
9681	ZACCJABH0FPB60153	t
9682	ZACCJBAH0FPB60154	t
9683	ZACCJAAH0FPB60155	t
9684	ZACCJABH0FPB60156	t
9685	ZACCJABT0FPB60157	t
9686	ZACCJBAH0FPB60159	t
9687	ZACCJBBH0FPB60160	t
9688	ZACCJAAT0FPB60163	t
9689	ZACCJBAH0FPB60166	t
9690	ZACCJBBH0FPB60169	t
9691	ZACCJBCT0FPB60170	t
9692	ZACCJABH0FPB60171	t
9693	ZACCJBBH0FPB60173	t
9694	ZACCJBAH0FPB60174	t
9695	ZACCJBBH0FPB60176	t
9696	ZACCJBAH0FPB60177	t
9697	ZACCJABT0FPB60178	t
9698	ZACCJBCT0FPB60179	t
9699	ZACCJBDT0FPB60183	t
9700	ZACCJABT0FPB60184	t
9701	ZACCJBDT0FPB60185	t
9702	ZACCJABT0FPB60188	t
9703	ZACCJBDT0FPB60189	t
9704	ZACCJABH0FPB60190	t
9705	ZACCJBDT0FPB60192	t
9706	ZACCJABH0FPB60193	t
9707	ZACCJABH0FPB60194	t
9708	ZACCJABT0FPB60195	t
9709	ZACCJABT0FPB60196	t
9710	ZACCJBDT0FPB60197	t
9711	ZACCJBDT0FPB60200	t
9712	ZACCJABT0FPB60202	t
9713	ZACCJBBH0FPB60203	t
9714	ZACCJABT0FPB60204	t
9715	ZACCJBDT0FPB60205	t
9716	ZACCJBBH0FPB60206	t
9717	ZACCJABT0FPB60207	t
9718	ZACCJABT0FPB60208	t
9719	ZACCJBBH0FPB60211	t
9720	ZACCJABT0FPB60212	t
9721	ZACCJABT0FPB60218	t
9722	ZACCJBBH0FPB60219	t
9723	ZACCJAAH0FPB60222	t
9724	ZACCJBBH0FPB60224	t
9725	ZACCJABH0FPB60225	t
9726	ZACCJABT0FPB60226	t
9727	ZACCJBBT0FPB60227	t
9728	ZACCJABT0FPB60229	t
9729	ZACCJBBT0FPB60230	t
9730	ZACCJBBT0FPB60231	t
9731	ZACCJBBH0FPB60232	t
9732	ZACCJBBT0FPB60235	t
9733	ZACCJBAT0FPB60239	t
9734	ZACCJBBT0FPB60241	t
9735	ZACCJABH0FPB60242	t
9736	ZACCJABT0FPB60243	t
9737	ZACCJABH0FPB60244	t
9738	ZACCJBBT0FPB60246	t
9739	ZACCJAAH0FPB60247	t
9740	ZACCJAAH0FPB60248	t
9741	ZACCJAAH0FPB60254	t
9742	ZACCJBBH0FPB60255	t
9743	ZACCJBAT0FPB60261	t
9744	ZACCJABT0FPB60267	t
9745	ZACCJBBH0FPB60268	t
9746	ZACCJBCT0FPB60273	t
9747	ZACCJABT0FPB60274	t
9748	ZACCJABH0FPB60275	t
9749	ZACCJBAT0FPB60277	t
9750	ZACCJAAH0FPB60278	t
9751	ZACCJBBH0FPB60280	t
9752	ZACCJABT0FPB60282	t
9753	ZACCJBCT0FPB60285	t
9754	ZACCJBCT0FPB60286	t
9755	ZACCJBAT0FPB60287	t
9756	ZACCJBCT0FPB60288	t
9757	ZACCJBDT0FPB60290	t
9758	ZACCJBDT0FPB60291	t
9759	ZACCJAAH0FPB60292	t
9760	ZACCJBAH0FPB60293	t
9761	ZACCJAAH0FPB60295	t
9762	ZACCJBDT0FPB60296	t
9763	ZACCJBCT0FPB60297	t
9764	ZACCJABT0FPB60298	t
9765	ZACCJBAH0FPB60300	t
9766	ZACCJBCT0FPB60302	t
9767	ZACCJADT0FPB60303	t
9768	ZACCJABT0FPB60304	t
9769	ZACCJBBH0FPB60305	t
9770	ZACCJBCT0FPB60306	t
9771	ZACCJABH0FPB60307	t
9772	ZACCJABT0FPB60309	t
9773	ZACCJABT0FPB60310	t
9774	ZACCJBCT0FPB60311	t
9775	ZACCJABT0FPB60313	t
9776	ZACCJABH0FPB60315	t
9777	ZACCJBCT0FPB60317	t
9778	ZACCJADT0FPB60319	t
9779	ZACCJBDT0FPB60321	t
9780	ZACCJABT0FPB60322	t
9781	ZACCJADT0FPB60324	t
9782	ZACCJABH0FPB60326	t
9783	ZACCJABT0FPB60327	t
9784	ZACCJBBH0FPB60329	t
9785	ZACCJABH0FPB60330	t
9786	ZACCJABT0FPB60331	t
9787	ZACCJABH0FPB60333	t
9788	ZACCJABT0FPB60334	t
9789	ZACCJABT0FPB60338	t
9790	ZACCJBBT0FPB60341	t
9791	ZACCJBCT0FPB60343	t
9792	ZACCJBBH0FPB60352	t
9793	ZACCJABT0FPB60354	t
9794	ZACCJBCT0FPB60355	t
9795	ZACCJBBT0FPB60356	t
9796	ZACCJBBT0FPB60358	t
9797	ZACCJBBT0FPB60359	t
9798	ZACCJBBT0FPB60361	t
9799	ZACCJBCT0FPB60364	t
9800	ZACCJBCT0FPB60367	t
9801	ZACCJBCT0FPB60369	t
9802	ZACCJBBT0FPB60370	t
9803	ZACCJBCT0FPB60372	t
9804	ZACCJBCT0FPB60373	t
9805	ZACCJBBT0FPB60375	t
9806	ZACCJBCT0FPB60378	t
9807	ZACCJBCT0FPB60379	t
9808	ZACCJABH0FPB60380	t
9809	ZACCJBBT0FPB60384	t
9810	ZACCJBBT0FPB60385	t
9811	ZACCJBBT0FPB60386	t
9812	ZACCJBCT0FPB60387	t
9813	ZACCJBAT0FPB60389	t
9814	ZACCJBCT0FPB60391	t
9815	ZACCJBAT0FPB60392	t
9816	ZACCJBCT0FPB60395	t
9817	ZACCJBCT0FPB60396	t
9818	ZACCJBCT0FPB60397	t
9819	ZACCJBAT0FPB60398	t
9820	ZACCJBCT0FPB60400	t
9821	ZACCJBBT0FPB60401	t
9822	ZACCJBCT0FPB60402	t
9823	ZACCJBDT0FPB60403	t
9824	ZACCJABT0FPB60404	t
9825	ZACCJBCT0FPB60405	t
9826	ZACCJBCT0FPB60406	t
9827	ZACCJBCT0FPB60407	t
9828	ZACCJABT0FPB60408	t
9829	ZACCJBDT0FPB60410	t
9830	ZACCJBCT0FPB60411	t
9831	ZACCJADT0FPB60412	t
9832	ZACCJBCT0FPB60413	t
9833	ZACCJAAH0FPB60414	t
9834	ZACCJBAH0FPB60415	t
9835	ZACCJBCT0FPB60416	t
9836	ZACCJBCT0FPB60417	t
9837	ZACCJBCT0FPB60419	t
9838	ZACCJAAH0FPB60420	t
9839	ZACCJBBT0FPB60423	t
9840	ZACCJBCT0FPB60424	t
9841	ZACCJADT0FPB60425	t
9842	ZACCJADT0FPB60426	t
9843	ZACCJBBT0FPB60428	t
9844	ZACCJABT0FPB60429	t
9845	ZACCJBBH0FPB60431	t
9846	ZACCJBBH0FPB60432	t
9847	ZACCJBDT0FPB60433	t
9848	ZACCJBCT0FPB60440	t
9849	ZACCJBDT0FPB60443	t
9850	ZACCJBDT0FPB60447	t
9851	ZACCJBBT0FPB60448	t
9852	ZACCJBDT0FPB60449	t
9853	ZACCJBCT0FPB60450	t
9854	ZACCJBCT0FPB60451	t
9855	ZACCJBDT0FPB60455	t
9856	ZACCJBBH0FPB60456	t
9857	ZACCJBBT0FPB60463	t
9858	ZACCJBDT0FPB60465	t
9859	ZACCJBBT0FPB60468	t
9860	ZACCJBBT0FPB60469	t
9861	ZACCJBDT0FPB60472	t
9862	ZACCJBBH0FPB60475	t
9863	ZACCJBBH0FPB60476	t
9864	ZACCJBDT0FPB60477	t
9865	ZACCJBCT0FPB60478	t
9866	ZACCJBCT0FPB60479	t
9867	ZACCJBCT0FPB60480	t
9868	ZACCJBBH0FPB60481	t
9869	ZACCJBBH0FPB60482	t
9870	ZACCJBCT0FPB60483	t
9871	ZACCJBBH0FPB60488	t
9872	ZACCJBDT0FPB60489	t
9873	ZACCJBBT0FPB60491	t
9874	ZACCJBDT0FPB60492	t
9875	ZACCJBDT0FPB60493	t
9876	ZACCJBDT0FPB60494	t
9877	ZACCJBBH0FPB60495	t
9878	ZACCJBBH0FPB60496	t
9879	ZACCJBDT0FPB60497	t
9880	ZACCJBBH0FPB60498	t
9881	ZACCJBBH0FPB60500	t
9882	ZACCJBDT0FPB60501	t
9883	ZACCJBDT0FPB60502	t
9884	ZACCJBDT0FPB60503	t
9885	ZACCJBDT0FPB60507	t
9886	ZACCJBDT0FPB60509	t
9887	ZACCJBBH0FPB60512	t
9888	ZACCJBCT0FPB60513	t
9889	ZACCJBDT0FPB60515	t
9890	ZACCJBDT0FPB60516	t
9891	ZACCJBBH0FPB60518	t
9892	ZACCJBDT0FPB60522	t
9893	ZACCJBDT0FPB60526	t
9894	ZACCJBBH0FPB60527	t
9895	ZACCJBCT0FPB60528	t
9896	ZACCJBBH0FPB60529	t
9897	ZACCJABT0FPB60530	t
9898	ZACCJBCT0FPB60532	t
9899	ZACCJBCT0FPB60533	t
9900	ZACCJABH0FPB60534	t
9901	ZACCJADT0FPB60537	t
9902	ZACCJABT0FPB60538	t
9903	ZACCJBCT0FPB60540	t
9904	ZACCJBCT0FPB60542	t
9905	ZACCJBCT0FPB60543	t
9906	ZACCJBBT0FPB60544	t
9907	ZACCJBAT0FPB60546	t
9908	ZACCJABT0FPB60548	t
9909	ZACCJBBT0FPB60549	t
9910	ZACCJBBT0FPB60550	t
9911	ZACCJBCT0FPB60551	t
9912	ZACCJBDT0FPB60553	t
9913	ZACCJBBT0FPB60555	t
9914	ZACCJBDT0FPB60556	t
9915	ZACCJBBT0FPB60557	t
9916	ZACCJBDT0FPB60558	t
9917	ZACCJBCT0FPB60559	t
9918	ZACCJABT0FPB60562	t
9919	ZACCJBCT0FPB60563	t
9920	ZACCJBAT0FPB60564	t
9921	ZACCJBBT0FPB60565	t
9922	ZACCJABT0FPB60567	t
9923	ZACCJABT0FPB60570	t
9924	ZACCJBCT0FPB60571	t
9925	ZACCJBDT0FPB60574	t
9926	ZACCJBCT0FPB60576	t
9927	ZACCJBCT0FPB60577	t
9928	ZACCJABT0FPB60578	t
9929	ZACCJABT0FPB60579	t
9930	ZACCJBDT0FPB60580	t
9931	ZACCJBDT0FPB60582	t
9932	ZACCJABT0FPB60586	t
9933	ZACCJABT0FPB60587	t
9934	ZACCJBBT0FPB60589	t
9935	ZACCJABT0FPB60590	t
9936	ZACCJABT0FPB60592	t
9937	ZACCJBBT0FPB60594	t
9938	ZACCJBBT0FPB60596	t
9939	ZACCJABT0FPB60598	t
9940	ZACCJADT0FPB60599	t
9941	ZACCJABT0FPB60600	t
9942	ZACCJBCT0FPB60601	t
9943	ZACCJBBT0FPB60603	t
9944	ZACCJABT0FPB60604	t
9945	ZACCJABT0FPB60605	t
9946	ZACCJABT0FPB60608	t
9947	ZACCJABT0FPB60609	t
9948	ZACCJBBT0FPB60610	t
9949	ZACCJABT0FPB60611	t
9950	ZACCJABT0FPB60612	t
9951	ZACCJBCT0FPB60614	t
9952	ZACCJABT0FPB60615	t
9953	ZACCJBCT0FPB60618	t
9954	ZACCJABT0FPB60619	t
9955	ZACCJABT0FPB60622	t
9956	ZACCJBBT0FPB60624	t
9957	ZACCJABT0FPB60626	t
9958	ZACCJBBT0FPB60628	t
9959	ZACCJABT0FPB60629	t
9960	ZACCJBCT0FPB60634	t
9961	ZACCJABT0FPB60636	t
9962	ZACCJADT0FPB60638	t
9963	ZACCJBCT0FPB60639	t
9964	ZACCJBDT0FPB60641	t
9965	ZACCJBDT0FPB60642	t
9966	ZACCJABT0FPB60643	t
9967	ZACCJBBT0FPB60647	t
9968	ZACCJBBT0FPB60648	t
9969	ZACCJBBT0FPB60650	t
9970	ZACCJBAT0FPB60651	t
9971	ZACCJBAT0FPB60652	t
9972	ZACCJABH0FPB60654	t
9973	ZACCJBBT0FPB60655	t
9974	ZACCJBDT0FPB60656	t
9975	ZACCJABH0FPB60657	t
9976	ZACCJBDT0FPB60660	t
9977	ZACCJABT0FPB60667	t
9978	ZACCJABH0FPB60668	t
9979	ZACCJBDT0FPB60669	t
9980	ZACCJBAT0FPB60670	t
9981	ZACCJABT0FPB60672	t
9982	ZACCJABT0FPB60683	t
9983	ZACCJBBT0FPB60689	t
9984	ZACCJBDT0FPB60696	t
9985	ZACCJBAT0FPB60700	t
9986	ZACCJABH0FPB60701	t
9987	ZACCJBDT0FPB60703	t
9988	ZACCJBBT0FPB60705	t
9989	ZACCJBDT0FPB60706	t
9990	ZACCJBCT0FPB60708	t
9991	ZACCJABT0FPB60710	t
9992	ZACCJBDT0FPB60711	t
9993	ZACCJBCT0FPB60715	t
9994	ZACCJABH0FPB60718	t
9995	ZACCJBBT0FPB60719	t
9996	ZACCJBDT0FPB60724	t
9997	ZACCJBAT0FPB60725	t
9998	ZACCJBDT0FPB60726	t
9999	ZACCJABT0FPB60727	t
10000	ZACCJABT0FPB60729	t
10001	ZACCJBAT0FPB60734	t
10002	ZACCJABT0FPB60735	t
10003	ZACCJABT0FPB60736	t
10004	ZACCJBDT0FPB60737	t
10005	ZACCJABH0FPB60738	t
10006	ZACCJBAT0FPB60740	t
10007	ZACCJBDT0FPB60741	t
10008	ZACCJBAT0FPB60742	t
10009	ZACCJBDT0FPB60743	t
10010	ZACCJABT0FPB60744	t
10011	ZACCJBBT0FPB60745	t
10012	ZACCJABT0FPB60746	t
10013	ZACCJABT0FPB60747	t
10014	ZACCJBDT0FPB60748	t
10015	ZACCJBCT0FPB60750	t
10016	ZACCJABT0FPB60751	t
10017	ZACCJBDT0FPB60752	t
10018	ZACCJABT0FPB60754	t
10019	ZACCJBBT0FPB60756	t
10020	ZACCJBCT0FPB60757	t
10021	ZACCJBCT0FPB60758	t
10022	ZACCJBDT0FPB60760	t
10023	ZACCJBDT0FPB60761	t
10024	ZACCJABT0FPB60763	t
10025	ZACCJBAT0FPB60766	t
10026	ZACCJABT0FPB60768	t
10027	ZACCJBDT0FPB60769	t
10028	ZACCJBBT0FPB60773	t
10029	ZACCJBDT0FPB60775	t
10030	ZACCJBCT0FPB60777	t
10031	ZACCJABT0FPB60780	t
10032	ZACCJBBT0FPB60781	t
10033	ZACCJBCT0FPB60783	t
10034	ZACCJBBT0FPB60785	t
10035	ZACCJBCT0FPB60786	t
10036	ZACCJABT0FPB60790	t
10037	ZACCJABT0FPB60791	t
10038	ZACCJBBT0FPB60792	t
10039	ZACCJBCT0FPB60794	t
10040	ZACCJABT0FPB60796	t
10041	ZACCJABT0FPB60799	t
10042	ZACCJADT0FPB60800	t
10043	ZACCJABT0FPB60802	t
10044	ZACCJABT0FPB60805	t
10045	ZACCJADT0FPB60808	t
10046	ZACCJABH0FPB60809	t
10047	ZACCJBBT0FPB60810	t
10048	ZACCJADT0FPB60811	t
10049	ZACCJBBT0FPB60812	t
10050	ZACCJABT0FPB60813	t
10051	ZACCJADT0FPB60815	t
10052	ZACCJABT0FPB60817	t
10053	ZACCJADT0FPB60819	t
10054	ZACCJABH0FPB60821	t
10055	ZACCJABT0FPB60822	t
10056	ZACCJBAT0FPB60824	t
10057	ZACCJBCT0FPB60828	t
10058	ZACCJADT0FPB60831	t
10059	ZACCJABH0FPB60838	t
10060	ZACCJBBT0FPB60841	t
10061	ZACCJADT0FPB60845	t
10062	ZACCJADT0FPB60846	t
10063	ZACCJADT0FPB60847	t
10064	ZACCJADT0FPB60848	t
10065	ZACCJBCT0FPB60851	t
10066	ZACCJADT0FPB60852	t
10067	ZACCJBAT0FPB60855	t
10068	ZACCJBCT0FPB60856	t
10069	ZACCJADT0FPB60858	t
10070	ZACCJADT0FPB60859	t
10071	ZACCJBCT0FPB60860	t
10072	ZACCJBCT0FPB60862	t
10073	ZACCJBCT0FPB60864	t
10074	ZACCJBCT0FPB60865	t
10075	ZACCJBCT0FPB60866	t
10076	ZACCJBBT0FPB60869	t
10077	ZACCJBCT0FPB60870	t
10078	ZACCJBCT0FPB60871	t
10079	ZACCJBBT0FPB60873	t
10080	ZACCJBCT0FPB60878	t
10081	ZACCJBBT0FPB60879	t
10082	ZACCJBCT0FPB60881	t
10083	ZACCJBCT0FPB60882	t
10084	ZACCJBCT0FPB60883	t
10085	ZACCJBCT0FPB60884	t
10086	ZACCJBCT0FPB60885	t
10087	ZACCJBCT0FPB60886	t
10088	ZACCJBCT0FPB60887	t
10089	ZACCJBCT0FPB60888	t
10090	ZACCJABT0FPB60889	t
10091	ZACCJBCT0FPB60891	t
10092	ZACCJBCT0FPB60892	t
10093	ZACCJBBT0FPB60893	t
10094	ZACCJBBT0FPB60896	t
10095	ZACCJABT0FPB60897	t
10096	ZACCJBBT0FPB60898	t
10097	ZACCJBDT0FPB60902	t
10098	ZACCJBBT0FPB60907	t
10099	ZACCJBBT0FPB60908	t
10100	ZACCJBBH0FPB60912	t
10101	ZACCJBBH0FPB60915	t
10102	ZACCJABT0FPB60916	t
10103	ZACCJBCT0FPB60919	t
10104	ZACCJBCT0FPB60920	t
10105	ZACCJBCT0FPB60921	t
10106	ZACCJBCT0FPB60922	t
10107	ZACCJBCT0FPB60923	t
10108	ZACCJBCT0FPB60924	t
10109	ZACCJBCT0FPB60925	t
10110	ZACCJBCT0FPB60929	t
10111	ZACCJBDT0FPB60930	t
10112	ZACCJADT0FPB60933	t
10113	ZACCJBDT0FPB60934	t
10114	ZACCJBBH0FPB60936	t
10115	ZACCJADT0FPB60939	t
10116	ZACCJADT0FPB60940	t
10117	ZACCJADT0FPB60942	t
10118	ZACCJBDT0FPB60944	t
10119	ZACCJBDT0FPB60948	t
10120	ZACCJABT0FPB60949	t
10121	ZACCJADT0FPB60950	t
10122	ZACCJBDT0FPB60952	t
10123	ZACCJBDT0FPB60954	t
10124	ZACCJBBT0FPB60955	t
10125	ZACCJBDT0FPB60956	t
10126	ZACCJBDT0FPB60959	t
10127	ZACCJBDT0FPB60962	t
10128	ZACCJBDT0FPB60963	t
10129	ZACCJBDT0FPB60964	t
10130	ZACCJBDT0FPB60965	t
10131	ZACCJBDT0FPB60967	t
10132	ZACCJBDT0FPB60968	t
10133	ZACCJBBT0FPB60970	t
10134	ZACCJADT0FPB60972	t
10135	ZACCJADT0FPB60973	t
10136	ZACCJABT0FPB60974	t
10137	ZACCJBDT0FPB60975	t
10138	ZACCJBDT0FPB60977	t
10139	ZACCJBDT0FPB60978	t
10140	ZACCJBDT0FPB60979	t
10141	ZACCJADT0FPB60980	t
10142	ZACCJBDT0FPB60981	t
10143	ZACCJBDT0FPB60983	t
10144	ZACCJBDT0FPB60986	t
10145	ZACCJBDT0FPB60989	t
10146	ZACCJBBT0FPB60990	t
10147	ZACCJBDT0FPB60992	t
10148	ZACCJBDT0FPB60993	t
10149	ZACCJBDT0FPB60997	t
10150	ZACCJBDT0FPB60998	t
10151	ZACCJBDT0FPB61000	t
10152	ZACCJABT0FPB61001	t
10153	ZACCJBDT0FPB61002	t
10154	ZACCJADT0FPB61003	t
10155	ZACCJBDT0FPB61005	t
10156	ZACCJBDT0FPB61007	t
10157	ZACCJBDT0FPB61013	t
10158	ZACCJBDT0FPB61014	t
10159	ZACCJBDT0FPB61017	t
10160	ZACCJBDT0FPB61018	t
10161	ZACCJBDT0FPB61019	t
10162	ZACCJBDT0FPB61021	t
10163	ZACCJADT0FPB61023	t
10164	ZACCJBDT0FPB61024	t
10165	ZACCJBBT0FPB61026	t
10166	ZACCJABT0FPB61028	t
10167	ZACCJBDT0FPB61029	t
10168	ZACCJBDT0FPB61030	t
10169	ZACCJBBT0FPB61032	t
10170	ZACCJBDT0FPB61033	t
10171	ZACCJBDT0FPB61035	t
10172	ZACCJABT0FPB61036	t
10173	ZACCJBBT0FPB61037	t
10174	ZACCJABT0FPB61041	t
10175	ZACCJBDT0FPB61045	t
10176	ZACCJBDT0FPB61047	t
10177	ZACCJBBT0FPB61048	t
10178	ZACCJBDT0FPB61053	t
10179	ZACCJADT0FPB61054	t
10180	ZACCJBDT0FPB61057	t
10181	ZACCJBDT0FPB61058	t
10182	ZACCJBDT0FPB61060	t
10183	ZACCJBDT0FPB61061	t
10184	ZACCJBDT0FPB61062	t
10185	ZACCJBDT0FPB61064	t
10186	ZACCJBDT0FPB61065	t
10187	ZACCJBDT0FPB61066	t
10188	ZACCJBDT0FPB61067	t
10189	ZACCJBDT0FPB61068	t
10190	ZACCJBDT0FPB61070	t
10191	ZACCJBDT0FPB61071	t
10192	ZACCJBDT0FPB61072	t
10193	ZACCJBBH0FPB61074	t
10194	ZACCJBDT0FPB61075	t
10195	ZACCJBCT0FPB61076	t
10196	ZACCJBDT0FPB61077	t
10197	ZACCJABT0FPB61078	t
10198	ZACCJABT0FPB61079	t
10199	ZACCJBDT0FPB61080	t
10200	ZACCJADT0FPB61081	t
10201	ZACCJBBT0FPB61082	t
10202	ZACCJBDT0FPB61083	t
10203	ZACCJBDT0FPB61085	t
10204	ZACCJBDT0FPB61086	t
10205	ZACCJBBT0FPB61088	t
10206	ZACCJABH0FPB61089	t
10207	ZACCJBBT0FPB61091	t
10208	ZACCJBDT0FPB61092	t
10209	ZACCJBBT0FPB61094	t
10210	ZACCJABT0FPB61096	t
10211	ZACCJBDT0FPB61097	t
10212	ZACCJBDT0FPB61098	t
10213	ZACCJABT0FPB61100	t
10214	ZACCJBCT0FPB61101	t
10215	ZACCJBCT0FPB61102	t
10216	ZACCJABT0FPB61103	t
10217	ZACCJABT0FPB61105	t
10218	ZACCJABT0FPB61106	t
10219	ZACCJBDT0FPB61108	t
10220	ZACCJBCT0FPB61109	t
10221	ZACCJABT0FPB61111	t
10222	ZACCJBDT0FPB61112	t
10223	ZACCJBCT0FPB61113	t
10224	ZACCJBDT0FPB61116	t
10225	ZACCJBBT0FPB61117	t
10226	ZACCJBBT0FPB61118	t
10227	ZACCJBDT0FPB61119	t
10228	ZACCJBDT0FPB61120	t
10229	ZACCJBDT0FPB61121	t
10230	ZACCJABT0FPB61122	t
10231	ZACCJBDT0FPB61124	t
10232	ZACCJABH0FPB61125	t
10233	ZACCJBDT0FPB61126	t
10234	ZACCJBDT0FPB61127	t
10235	ZACCJBDT0FPB61128	t
10236	ZACCJABT0FPB61129	t
10237	ZACCJBDT0FPB61130	t
10238	ZACCJBBT0FPB61132	t
10239	ZACCJBDT0FPB61133	t
10240	ZACCJBCT0FPB61135	t
10241	ZACCJBDT0FPB61136	t
10242	ZACCJBBT0FPB61138	t
10243	ZACCJABT0FPB61139	t
10244	ZACCJABT0FPB61141	t
10245	ZACCJABT0FPB61142	t
10246	ZACCJBCT0FPB61143	t
10247	ZACCJABT0FPB61144	t
10248	ZACCJABT0FPB61146	t
10249	ZACCJBDT0FPB61147	t
10250	ZACCJBCT0FPB61148	t
10251	ZACCJBDT0FPB61150	t
10252	ZACCJBCT0FPB61151	t
10253	ZACCJADT0FPB61153	t
10254	ZACCJADT0FPB61154	t
10255	ZACCJBDT0FPB61155	t
10256	ZACCJBDT0FPB61156	t
10257	ZACCJABT0FPB61157	t
10258	ZACCJADT0FPB61158	t
10259	ZACCJBCT0FPB61159	t
10260	ZACCJBDT0FPB61162	t
10261	ZACCJBDT0FPB61163	t
10262	ZACCJBDT0FPB61164	t
10263	ZACCJBDT0FPB61166	t
10264	ZACCJABT0FPB61167	t
10265	ZACCJABT0FPB61168	t
10266	ZACCJBAH0FPB61170	t
10267	ZACCJBDT0FPB61174	t
10268	ZACCJBDT0FPB61175	t
10269	ZACCJABT0FPB61176	t
10270	ZACCJBBH0FPB61177	t
10271	ZACCJBBT0FPB61178	t
10272	ZACCJABT0FPB61179	t
10273	ZACCJBBH0FPB61180	t
10274	ZACCJBDT0FPB61182	t
10275	ZACCJBDT0FPB61183	t
10276	ZACCJBDT0FPB61184	t
10277	ZACCJABT0FPB61186	t
10278	ZACCJABH0FPB61188	t
10279	ZACCJBBH0FPB61189	t
10280	ZACCJABT0FPB61192	t
10281	ZACCJABT0FPB61194	t
10282	ZACCJBAT0FPB61195	t
10283	ZACCJBBT0FPB61196	t
10284	ZACCJBAT0FPB61197	t
10285	ZACCJABT0FPB61198	t
10286	ZACCJABT0FPB61199	t
10287	ZACCJBBT0FPB61200	t
10288	ZACCJBAT0FPB61201	t
10289	ZACCJBBT0FPB61203	t
10290	ZACCJAAT0FPB61204	t
10291	ZACCJABT0FPB61205	t
10292	ZACCJABT0FPB61206	t
10293	ZACCJBBT0FPB61207	t
10294	ZACCJABT0FPB61208	t
10295	ZACCJBBT0FPB61209	t
10296	ZACCJBBT0FPB61211	t
10297	ZACCJBBT0FPB61213	t
10298	ZACCJBBT0FPB61215	t
10299	ZACCJBBT0FPB61216	t
10300	ZACCJBBT0FPB61218	t
10301	ZACCJABT0FPB61219	t
10302	ZACCJABT0FPB61224	t
10303	ZACCJABT0FPB61228	t
10304	ZACCJBBT0FPB61231	t
10305	ZACCJBBT0FPB61233	t
10306	ZACCJBBT0FPB61234	t
10307	ZACCJBBT0FPB61235	t
10308	ZACCJBBT0FPB61236	t
10309	ZACCJABT0FPB61238	t
10310	ZACCJBBT0FPB61241	t
10311	ZACCJABT0FPB61242	t
10312	ZACCJBBT0FPB61243	t
10313	ZACCJABT0FPB61245	t
10314	ZACCJABT0FPB61246	t
10315	ZACCJBBT0FPB61248	t
10316	ZACCJABT0FPB61249	t
10317	ZACCJBBT0FPB61251	t
10318	ZACCJABH0FPB61253	t
10319	ZACCJABH0FPB61254	t
10320	ZACCJBBT0FPB61255	t
10321	ZACCJBBT0FPB61258	t
10322	ZACCJABT0FPB61262	t
10323	ZACCJABT0FPB61263	t
10324	ZACCJBBT0FPB61264	t
10325	ZACCJABT0FPB61266	t
10326	ZACCJBBT0FPB61270	t
10327	ZACCJABT0FPB61271	t
10328	ZACCJBBT0FPB61272	t
10329	ZACCJBBT0FPB61276	t
10330	ZACCJBBT0FPB61278	t
10331	ZACCJBBT0FPB61279	t
10332	ZACCJABT0FPB61284	t
10333	ZACCJBBT0FPB61286	t
10334	ZACCJABT0FPB61287	t
10335	ZACCJABH0FPB61288	t
10336	ZACCJABT0FPB61289	t
10337	ZACCJABH0FPB61291	t
10338	ZACCJABT0FPB61297	t
10339	ZACCJABH0FPB61299	t
10340	ZACCJBBT0FPB61300	t
10341	ZACCJABT0FPB61302	t
10342	ZACCJABT0FPB61309	t
10343	ZACCJABT0FPB61312	t
10344	ZACCJABT0FPB61313	t
10345	ZACCJABT0FPB61317	t
10346	ZACCJABH0FPB61318	t
10347	ZACCJABT0FPB61324	t
10348	ZACCJADT0FPB61325	t
10349	ZACCJADT0FPB61328	t
10350	ZACCJADT0FPB61333	t
10351	ZACCJADT0FPB61335	t
10352	ZACCJADT0FPB61336	t
10353	ZACCJADT0FPB61338	t
10354	ZACCJABT0FPB61342	t
10355	ZACCJABT0FPB61346	t
10356	ZACCJABT0FPB61356	t
10357	ZACCJADT0FPB61358	t
10358	ZACCJABT0FPB61360	t
10359	ZACCJBDT0FPB61362	t
10360	ZACCJBBH0FPB61367	t
10361	ZACCJBDT0FPB61369	t
10362	ZACCJBBT0FPB61371	t
10363	ZACCJBDT0FPB61372	t
10364	ZACCJBBT0FPB61374	t
10365	ZACCJBDT0FPB61375	t
10366	ZACCJBBT0FPB61379	t
10367	ZACCJBCT0FPB61383	t
10368	ZACCJBCT0FPB61385	t
10369	ZACCJABT0FPB61388	t
10370	ZACCJBCT0FPB61390	t
10371	ZACCJBCT0FPB61391	t
10372	ZACCJBCT0FPB61393	t
10373	ZACCJBCT0FPB61395	t
10374	ZACCJBCT0FPB61398	t
10375	ZACCJABT0FPB61401	t
10376	ZACCJBBH0FPB61402	t
10377	ZACCJBCT0FPB61403	t
10378	ZACCJBBT0FPB61404	t
10379	ZACCJBCT0FPB61407	t
10380	ZACCJABT0FPB61408	t
10381	ZACCJBCT0FPB61409	t
10382	ZACCJBCT0FPB61410	t
10383	ZACCJBCT0FPB61412	t
10384	ZACCJABT0FPB61413	t
10385	ZACCJBCT0FPB61417	t
10386	ZACCJBCT0FPB61418	t
10387	ZACCJABT0FPB61420	t
10388	ZACCJABT0FPB61421	t
10389	ZACCJBCT0FPB61422	t
10390	ZACCJBCT0FPB61423	t
10391	ZACCJABT0FPB61424	t
10392	ZACCJBCT0FPB61425	t
10393	ZACCJBCT0FPB61426	t
10394	ZACCJBCT0FPB61431	t
10395	ZACCJBBH0FPB61434	t
10396	ZACCJABT0FPB61435	t
10397	ZACCJBCT0FPB61436	t
10398	ZACCJBCT0FPB61437	t
10399	ZACCJBCT0FPB61438	t
10400	ZACCJBAH0FPB61440	t
10401	ZACCJBCT0FPB61443	t
10402	ZACCJBCT0FPB61444	t
10403	ZACCJBCT0FPB61449	t
10404	ZACCJBCT0FPB61450	t
10405	ZACCJBDT0FPB61451	t
10406	ZACCJBCT0FPB61455	t
10407	ZACCJBCT0FPB61456	t
10408	ZACCJABT0FPB61459	t
10409	ZACCJADT0FPB61462	t
10410	ZACCJBCT0FPB61468	t
10411	ZACCJBCT0FPB61469	t
10412	ZACCJABT0FPB61472	t
10413	ZACCJBBH0FPB61473	t
10414	ZACCJBBT0FPB61474	t
10415	ZACCJABT0FPB61476	t
10416	ZACCJBDT0FPB61478	t
10417	ZACCJABT0FPB61479	t
10418	ZACCJBDT0FPB61480	t
10419	ZACCJBCT0FPB61482	t
10420	ZACCJBBH0FPB61483	t
10421	ZACCJBDT0FPB61484	t
10422	ZACCJBDT0FPB61486	t
10423	ZACCJBDT0FPB61487	t
10424	ZACCJBDT0FPB61488	t
10425	ZACCJBDT0FPB61489	t
10426	ZACCJBDT0FPB61492	t
10427	ZACCJBCT0FPB61493	t
10428	ZACCJBBH0FPB61497	t
10429	ZACCJBCT0FPB61501	t
10430	ZACCJBCT0FPB61502	t
10431	ZACCJBDT0FPB61507	t
10432	ZACCJBDT0FPB61513	t
10433	ZACCJBCT0FPB61514	t
10434	ZACCJBBH0FPB61515	t
10435	ZACCJBDT0FPB61519	t
10436	ZACCJBBH0FPB61520	t
10437	ZACCJBCT0FPB61521	t
10438	ZACCJBBH0FPB61524	t
10439	ZACCJBCT0FPB61525	t
10440	ZACCJBBH0FPB61526	t
10441	ZACCJBBH0FPB61527	t
10442	ZACCJBBH0FPB61528	t
10443	ZACCJBBH0FPB61529	t
10444	ZACCJBBH0FPB61530	t
10445	ZACCJBDT0FPB61531	t
10446	ZACCJBBH0FPB61532	t
10447	ZACCJBDT0FPB61534	t
10448	ZACCJBBH0FPB61541	t
10449	ZACCJABT0FPB61544	t
10450	ZACCJABT0FPB61545	t
10451	ZACCJADT0FPB61546	t
10452	ZACCJBBH0FPB61548	t
10453	ZACCJBDT0FPB61549	t
10454	ZACCJBDT0FPB61550	t
10455	ZACCJBDT0FPB61551	t
10456	ZACCJBCT0FPB61552	t
10457	ZACCJBDT0FPB61555	t
10458	ZACCJBCT0FPB61557	t
10459	ZACCJBCT0FPB61559	t
10460	ZACCJABT0FPB61560	t
10461	ZACCJBBT0FPB61561	t
10462	ZACCJBCT0FPB61563	t
10463	ZACCJADT0FPB61565	t
10464	ZACCJBBT0FPB61567	t
10465	ZACCJBDT0FPB61568	t
10466	ZACCJBDT0FPB61569	t
10467	ZACCJBDT0FPB61570	t
10468	ZACCJBDT0FPB61572	t
10469	ZACCJBBH0FPB61576	t
10470	ZACCJBDT0FPB61579	t
10471	ZACCJBDT0FPB61580	t
10472	ZACCJBAH0FPB61581	t
10473	ZACCJBDT0FPB61584	t
10474	ZACCJBDT0FPB61585	t
10475	ZACCJADT0FPB61586	t
10476	ZACCJBBH0FPB61588	t
10477	ZACCJBDT0FPB61592	t
10478	ZACCJBDT0FPB61593	t
10479	ZACCJBDT0FPB61595	t
10480	ZACCJADT0FPB61596	t
10481	ZACCJBCT0FPB61598	t
10482	ZACCJBBH0FPB61603	t
10483	ZACCJADT0FPB61608	t
10484	ZACCJBBH0FPB61612	t
10485	ZACCJBDT0FPB61613	t
10486	ZACCJBBH0FPB61614	t
10487	ZACCJBCT0FPB61622	t
10488	ZACCJBDT0FPB61625	t
10489	ZACCJBCT0FPB61626	t
10490	ZACCJBAH0FPB61627	t
10491	ZACCJBBH0FPB61629	t
10492	ZACCJBBH0FPB61630	t
10493	ZACCJBBT0FPB61632	t
10494	ZACCJBBT0FPB61637	t
10495	ZACCJBBT0FPB61640	t
10496	ZACCJBBH0FPB61641	t
10497	ZACCJBBH0FPB61642	t
10498	ZACCJBDT0FPB61644	t
10499	ZACCJBBH0FPB61646	t
10500	ZACCJBBT0FPB61647	t
10501	ZACCJBDT0FPB61648	t
10502	ZACCJBCT0FPB61650	t
10503	ZACCJBAH0FPB61652	t
10504	ZACCJBDT0FPB61653	t
10505	ZACCJBCT0FPB61654	t
10506	ZACCJBDT0FPB61658	t
10507	ZACCJBDT0FPB61661	t
10508	ZACCJBDT0FPB61662	t
10509	ZACCJBDT0FPB61664	t
10510	ZACCJBCT0FPB61665	t
10511	ZACCJBAT0FPB61669	t
10512	ZACCJBBH0FPB61670	t
10513	ZACCJBDT0FPB61671	t
10514	ZACCJADT0FPB61673	t
10515	ZACCJBDT0FPB61674	t
10516	ZACCJABT0FPB61678	t
10517	ZACCJBBT0FPB61681	t
10518	ZACCJBDT0FPB61683	t
10519	ZACCJBDT0FPB61684	t
10520	ZACCJBCT0FPB61686	t
10521	ZACCJABT0FPB61687	t
10522	ZACCJABT0FPB61689	t
10523	ZACCJBDT0FPB61690	t
10524	ZACCJABT0FPB61691	t
10525	ZACCJBCT0FPB61692	t
10526	ZACCJBCT0FPB61694	t
10527	ZACCJBCT0FPB61696	t
10528	ZACCJABT0FPB61697	t
10529	ZACCJBCT0FPB61698	t
10530	ZACCJBBT0FPB61702	t
10531	ZACCJBDT0FPB61703	t
10532	ZACCJBAT0FPB61705	t
10533	ZACCJBDT0FPB61706	t
10534	ZACCJBBT0FPB61708	t
10535	ZACCJABT0FPB61710	t
10536	ZACCJBDT0FPB61711	t
10537	ZACCJBDT0FPB61714	t
10538	ZACCJABT0FPB61715	t
10539	ZACCJBCT0FPB61717	t
10540	ZACCJBCT0FPB61720	t
10541	ZACCJBBT0FPB61721	t
10542	ZACCJBDT0FPB61723	t
10543	ZACCJBCT0FPB61724	t
10544	ZACCJBCT0FPB61726	t
10545	ZACCJBDT0FPB61728	t
10546	ZACCJBCT0FPB61729	t
10547	ZACCJBCT0FPB61732	t
10548	ZACCJABT0FPB61733	t
10549	ZACCJBAT0FPB61735	t
10550	ZACCJBBH0FPB61737	t
10551	ZACCJABT0FPB61740	t
10552	ZACCJBBT0FPB61743	t
10553	ZACCJBAT0FPB61745	t
10554	ZACCJABT0FPB61746	t
10555	ZACCJBDT0FPB61747	t
10556	ZACCJADT0FPB61748	t
10557	ZACCJBBT0FPB61749	t
10558	ZACCJBDT0FPB61750	t
10559	ZACCJBBT0FPB61751	t
10560	ZACCJBDT0FPB61752	t
10561	ZACCJBDT0FPB61754	t
10562	ZACCJABT0FPB61757	t
10563	ZACCJBDT0FPB61758	t
10564	ZACCJABT0FPB61759	t
10565	ZACCJBBH0FPB61763	t
10566	ZACCJBDT0FPB61764	t
10567	ZACCJBDT0FPB61765	t
10568	ZACCJBAT0FPB61766	t
10569	ZACCJABT0FPB61768	t
10570	ZACCJBBT0FPB61771	t
10571	ZACCJBAT0FPB61774	t
10572	ZACCJBDT0FPB61777	t
10573	ZACCJBDT0FPB61778	t
10574	ZACCJBAH0FPB61785	t
10575	ZACCJBAT0FPB61786	t
10576	ZACCJBDT0FPB61787	t
10577	ZACCJBBT0FPB61788	t
10578	ZACCJBDT0FPB61789	t
10579	ZACCJBBT0FPB61790	t
10580	ZACCJBBH0FPB61794	t
10581	ZACCJBDT0FPB61795	t
10582	ZACCJBDT0FPB61799	t
10583	ZACCJBDT0FPB61800	t
10584	ZACCJBDT0FPB61801	t
10585	ZACCJBDT0FPB61805	t
10586	ZACCJBBH0FPB61808	t
10587	ZACCJABT0FPB61812	t
10588	ZACCJBAT0FPB61813	t
10589	ZACCJABT0FPB61814	t
10590	ZACCJABT0FPB61816	t
10591	ZACCJBBT0FPB61817	t
10592	ZACCJBBH0FPB61818	t
10593	ZACCJBBH0FPB61819	t
10594	ZACCJBDT0FPB61821	t
10595	ZACCJABT0FPB61822	t
10596	ZACCJBBT0FPB61823	t
10597	ZACCJBDT0FPB61824	t
10598	ZACCJBBT0FPB61825	t
10599	ZACCJBCT0FPB61826	t
10600	ZACCJABT0FPB61827	t
10601	ZACCJABT0FPB61828	t
10602	ZACCJBBH0FPB61829	t
10603	ZACCJBBT0FPB61830	t
10604	ZACCJABH0FPB61833	t
10605	ZACCJBBT0FPB61834	t
10606	ZACCJABT0FPB61836	t
10607	ZACCJBDT0FPB61838	t
10608	ZACCJABT0FPB61840	t
10609	ZACCJBDT0FPB61841	t
10610	ZACCJABT0FPB61842	t
10611	ZACCJABT0FPB61843	t
10612	ZACCJABT0FPB61844	t
10613	ZACCJABT0FPB61845	t
10614	ZACCJBBT0FPB61846	t
10615	ZACCJBBT0FPB61847	t
10616	ZACCJABT0FPB61850	t
10617	ZACCJBDT0FPB61852	t
10618	ZACCJBDT0FPB61853	t
10619	ZACCJABT0FPB61854	t
10620	ZACCJBAT0FPB61855	t
10621	ZACCJBAT0FPB61857	t
10622	ZACCJABT0FPB61858	t
10623	ZACCJADT0FPB61859	t
10624	ZACCJBBH0FPB61861	t
10625	ZACCJBDT0FPB61862	t
10626	ZACCJBBT0FPB61864	t
10627	ZACCJBBH0FPB61865	t
10628	ZACCJBBT0FPB61866	t
10629	ZACCJBBT0FPB61869	t
10630	ZACCJBDT0FPB61870	t
10631	ZACCJBBT0FPB61871	t
10632	ZACCJBBT0FPB61873	t
10633	ZACCJBBT0FPB61874	t
10634	ZACCJBDT0FPB61876	t
10635	ZACCJBBT0FPB61877	t
10636	ZACCJBDT0FPB61878	t
10637	ZACCJBDT0FPB61881	t
10638	ZACCJBAH0FPB61883	t
10639	ZACCJBBH0FPB61887	t
10640	ZACCJBBT0FPB61888	t
10641	ZACCJABT0FPB61889	t
10642	ZACCJBDT0FPB61890	t
10643	ZACCJBBH0FPB61891	t
10644	ZACCJBBH0FPB61892	t
10645	ZACCJBBH0FPB61893	t
10646	ZACCJBDT0FPB61894	t
10647	ZACCJBAH0FPB61895	t
10648	ZACCJBCT0FPB61896	t
10649	ZACCJBBH0FPB61899	t
10650	ZACCJBDT0FPB61900	t
10651	ZACCJBBT0FPB61901	t
10652	ZACCJBBT0FPB61902	t
10653	ZACCJBBH0FPB61906	t
10654	ZACCJBAT0FPB61907	t
10655	ZACCJBBT0FPB61909	t
10656	ZACCJBBT0FPB61910	t
10657	ZACCJBBH0FPB61911	t
10658	ZACCJBBH0FPB61912	t
10659	ZACCJBAT0FPB61913	t
10660	ZACCJABH0FPB61914	t
10661	ZACCJBBH0FPB61916	t
10662	ZACCJBBT0FPB61918	t
10663	ZACCJABH0FPB61920	t
10664	ZACCJABT0FPB61921	t
10665	ZACCJABT0FPB61922	t
10666	ZACCJBAT0FPB61923	t
10667	ZACCJBBT0FPB61924	t
10668	ZACCJBBT0FPB61933	t
10669	ZACCJBBT0FPB61935	t
10670	ZACCJBAT0FPB61937	t
10671	ZACCJABT0FPB61938	t
10672	ZACCJBAT0FPB61939	t
10673	ZACCJBBT0FPB61940	t
10674	ZACCJBAT0FPB61943	t
10675	ZACCJBCT0FPB61945	t
10676	ZACCJBBT0FPB61947	t
10677	ZACCJBBT0FPB61952	t
10678	ZACCJBCT0FPB61954	t
10679	ZACCJABT0FPB61955	t
10680	ZACCJBCT0FPB61956	t
10681	ZACCJBAH0FPB61958	t
10682	ZACCJADT0FPB61959	t
10683	ZACCJABH0FPB61960	t
10684	ZACCJABT0FPB61964	t
10685	ZACCJABT0FPB61965	t
10686	ZACCJABT0FPB61967	t
10687	ZACCJABT0FPB61968	t
10688	ZACCJABT0FPB61969	t
10689	ZACCJABT0FPB61970	t
10690	ZACCJBCT0FPB61971	t
10691	ZACCJABT0FPB61972	t
10692	ZACCJBCT0FPB61977	t
10693	ZACCJABT0FPB61978	t
10694	ZACCJBCT0FPB61980	t
10695	ZACCJABT0FPB61981	t
10696	ZACCJABT0FPB61982	t
10697	ZACCJBCT0FPB61983	t
10698	ZACCJABT0FPB61984	t
10699	ZACCJABT0FPB61985	t
10700	ZACCJABT0FPB61987	t
10701	ZACCJABT0FPB61988	t
10702	ZACCJBCT0FPB61989	t
10703	ZACCJBCT0FPB61990	t
10704	ZACCJABT0FPB61993	t
10705	ZACCJABT0FPB61994	t
10706	ZACCJABT0FPB61996	t
10707	ZACCJABT0FPB61998	t
10708	ZACCJABT0FPB62001	t
10709	ZACCJBCT0FPB62002	t
10710	ZACCJABT0FPB62004	t
10711	ZACCJABT0FPB62006	t
10712	ZACCJABT0FPB62007	t
10713	ZACCJBCT0FPB62010	t
10714	ZACCJABT0FPB62011	t
10715	ZACCJBCT0FPB62013	t
10716	ZACCJABH0FPB62014	t
10717	ZACCJABT0FPB62015	t
10718	ZACCJABT0FPB62016	t
10719	ZACCJBCT0FPB62019	t
10720	ZACCJABT0FPB62020	t
10721	ZACCJABT0FPB62021	t
10722	ZACCJABT0FPB62022	t
10723	ZACCJBCT0FPB62023	t
10724	ZACCJADT0FPB62028	t
10725	ZACCJABT0FPB62032	t
10726	ZACCJABT0FPB62034	t
10727	ZACCJBCT0FPB62035	t
10728	ZACCJABT0FPB62040	t
10729	ZACCJABT0FPB62041	t
10730	ZACCJBCT0FPB62043	t
10731	ZACCJBCT0FPB62044	t
10732	ZACCJABT0FPB62045	t
10733	ZACCJABT0FPB62046	t
10734	ZACCJABH0FPB62047	t
10735	ZACCJABT0FPB62048	t
10736	ZACCJABT0FPB62051	t
10737	ZACCJABT0FPB62052	t
10738	ZACCJABT0FPB62054	t
10739	ZACCJABT0FPB62055	t
10740	ZACCJBCT0FPB62057	t
10741	ZACCJBCT0FPB62061	t
10742	ZACCJABT0FPB62062	t
10743	ZACCJABT0FPB62063	t
10744	ZACCJBCT0FPB62065	t
10745	ZACCJABT0FPB62066	t
10746	ZACCJBCT0FPB62067	t
10747	ZACCJABT0FPB62068	t
10748	ZACCJABT0FPB62070	t
10749	ZACCJABT0FPB62071	t
10750	ZACCJABT0FPB62073	t
10751	ZACCJABT0FPB62075	t
10752	ZACCJABT0FPB62077	t
10753	ZACCJBCT0FPB62078	t
10754	ZACCJADT0FPB62079	t
10755	ZACCJADT0FPB62081	t
10756	ZACCJABT0FPB62082	t
10757	ZACCJBBT0FPB62083	t
10758	ZACCJABT0FPB62084	t
10759	ZACCJABT0FPB62085	t
10760	ZACCJABT0FPB62087	t
10761	ZACCJADT0FPB62088	t
10762	ZACCJBDT0FPB62089	t
10763	ZACCJBCT0FPB62090	t
10764	ZACCJADT0FPB62092	t
10765	ZACCJABT0FPB62095	t
10766	ZACCJABT0FPB62096	t
10767	ZACCJBDT0FPB62097	t
10768	ZACCJABT0FPB62098	t
10769	ZACCJABT0FPB62099	t
10770	ZACCJABT0FPB62102	t
10771	ZACCJADT0FPB62103	t
10772	ZACCJABT0FPB62104	t
10773	ZACCJABT0FPB62105	t
10774	ZACCJBDT0FPB62107	t
10775	ZACCJBCT0FPB62109	t
10776	ZACCJBCT0FPB62110	t
10777	ZACCJBBT0FPB62112	t
10778	ZACCJABT0FPB62113	t
10779	ZACCJBBT0FPB62115	t
10780	ZACCJBBT0FPB62118	t
10781	ZACCJBCT0FPB62119	t
10782	ZACCJABT0FPB62120	t
10783	ZACCJBBT0FPB62121	t
10784	ZACCJBBT0FPB62123	t
10785	ZACCJBBT0FPB62124	t
10786	ZACCJABH0FPB62125	t
10787	ZACCJBBT0FPB62127	t
10788	ZACCJABT0FPB62128	t
10789	ZACCJBDT0FPB62129	t
10790	ZACCJBBT0FPB62132	t
10791	ZACCJBBT0FPB62134	t
10792	ZACCJBDT0FPB62135	t
10793	ZACCJBBT0FPB62137	t
10794	ZACCJBBT0FPB62138	t
10795	ZACCJABH0FPB62140	t
10796	ZACCJBCT0FPB62142	t
10797	ZACCJBBT0FPB62143	t
10798	ZACCJABH0FPB62144	t
10799	ZACCJBBT0FPB62146	t
10800	ZACCJBBT0FPB62147	t
10801	ZACCJBCT0FPB62148	t
10802	ZACCJBCT0FPB62149	t
10803	ZACCJBBT0FPB62150	t
10804	ZACCJBBT0FPB62151	t
10805	ZACCJBBT0FPB62152	t
10806	ZACCJBBT0FPB62153	t
10807	ZACCJBCT0FPB62154	t
10808	ZACCJABH0FPB62155	t
10809	ZACCJBBT0FPB62156	t
10810	ZACCJBBT0FPB62157	t
10811	ZACCJBBT0FPB62158	t
10812	ZACCJBCT0FPB62160	t
10813	ZACCJABH0FPB62161	t
10814	ZACCJABH0FPB62162	t
10815	ZACCJABT0FPB62163	t
10816	ZACCJBCT0FPB62164	t
10817	ZACCJABH0FPB62165	t
10818	ZACCJBBT0FPB62166	t
10819	ZACCJBCT0FPB62167	t
10820	ZACCJABT0FPB62168	t
10821	ZACCJBBT0FPB62169	t
10822	ZACCJBCT0FPB62171	t
10823	ZACCJBCT0FPB62173	t
10824	ZACCJBBT0FPB62174	t
10825	ZACCJABH0FPB62175	t
10826	ZACCJBDT0FPB62176	t
10827	ZACCJBDT0FPB62177	t
10828	ZACCJBBT0FPB62178	t
10829	ZACCJABT0FPB62179	t
10830	ZACCJBCT0FPB62180	t
10831	ZACCJBDT0FPB62181	t
10832	ZACCJABH0FPB62182	t
10833	ZACCJBCT0FPB62183	t
10834	ZACCJBDT0FPB62184	t
10835	ZACCJABH0FPB62185	t
10836	ZACCJABH0FPB62186	t
10837	ZACCJBCT0FPB62187	t
10838	ZACCJABT0FPB62188	t
10839	ZACCJBBT0FPB62190	t
10840	ZACCJBBT0FPB62191	t
10841	ZACCJABT0FPB62193	t
10842	ZACCJBCT0FPB62194	t
10843	ZACCJABT0FPB62195	t
10844	ZACCJBBH0FPB62196	t
10845	ZACCJABT0FPB62197	t
10846	ZACCJBAH0FPB62198	t
10847	ZACCJBBT0FPB62199	t
10848	ZACCJABH0FPB62200	t
10849	ZACCJBBT0FPB62201	t
10850	ZACCJABT0FPB62202	t
10851	ZACCJBBH0FPB62203	t
10852	ZACCJBBH0FPB62204	t
10853	ZACCJBCT0FPB62206	t
10854	ZACCJABT0FPB62207	t
10855	ZACCJABT0FPB62208	t
10856	ZACCJABH0FPB62209	t
10857	ZACCJBBT0FPB62210	t
10858	ZACCJABT0FPB62211	t
10859	ZACCJABT0FPB62212	t
10860	ZACCJABT0FPB62213	t
10861	ZACCJABH0FPB62214	t
10862	ZACCJBBT0FPB62215	t
10863	ZACCJBDT0FPB62216	t
10864	ZACCJBCT0FPB62217	t
10865	ZACCJABT0FPB62218	t
10866	ZACCJBBT0FPB62219	t
10867	ZACCJBBT0FPB62220	t
10868	ZACCJABT0FPB62221	t
10869	ZACCJBDT0FPB62223	t
10870	ZACCJABH0FPB62224	t
10871	ZACCJBDT0FPB62225	t
10872	ZACCJABH0FPB62227	t
10873	ZACCJABT0FPB62228	t
10874	ZACCJBBT0FPB62229	t
10875	ZACCJBBT0FPB62230	t
10876	ZACCJBDT0FPB62231	t
10877	ZACCJBBT0FPB62233	t
10878	ZACCJBBT0FPB62235	t
10879	ZACCJBDT0FPB62237	t
10880	ZACCJABT0FPB62238	t
10881	ZACCJBDT0FPB62239	t
10882	ZACCJBDT0FPB62240	t
10883	ZACCJABH0FPB62241	t
10884	ZACCJBBT0FPB62242	t
10885	ZACCJBBT0FPB62244	t
10886	ZACCJABT0FPB62246	t
10887	ZACCJBDT0FPB62247	t
10888	ZACCJABT0FPB62248	t
10889	ZACCJBBT0FPB62249	t
10890	ZACCJBDT0FPB62250	t
10891	ZACCJABT0FPB62251	t
10892	ZACCJBBT0FPB62253	t
10893	ZACCJABH0FPB62254	t
10894	ZACCJBBT0FPB62255	t
10895	ZACCJABH0FPB62256	t
10896	ZACCJBDT0FPB62258	t
10897	ZACCJABT0FPB62259	t
10898	ZACCJABT0FPB62260	t
10899	ZACCJABH0FPB62261	t
10900	ZACCJABT0FPB62262	t
10901	ZACCJABT0FPB62263	t
10902	ZACCJABH0FPB62265	t
10903	ZACCJABH0FPB62266	t
10904	ZACCJBDT0FPB62267	t
10905	ZACCJABH0FPB62268	t
10906	ZACCJABH0FPB62269	t
10907	ZACCJBBT0FPB62271	t
10908	ZACCJBBT0FPB62272	t
10909	ZACCJABT0FPB62274	t
10910	ZACCJBDT0FPB62275	t
10911	ZACCJBDT0FPB62276	t
10912	ZACCJBDT0FPB62278	t
10913	ZACCJABT0FPB62279	t
10914	ZACCJABT0FPB62280	t
10915	ZACCJBDT0FPB62281	t
10916	ZACCJBBT0FPB62282	t
10917	ZACCJBDT0FPB62283	t
10918	ZACCJBDT0FPB62284	t
10919	ZACCJBBT0FPB62285	t
10920	ZACCJBBT0FPB62286	t
10921	ZACCJBDT0FPB62287	t
10922	ZACCJABT0FPB62288	t
10923	ZACCJBDT0FPB62289	t
10924	ZACCJBDT0FPB62290	t
10925	ZACCJABT0FPB62291	t
10926	ZACCJABT0FPB62293	t
10927	ZACCJBDT0FPB62294	t
10928	ZACCJABT0FPB62295	t
10929	ZACCJABT0FPB62296	t
10930	ZACCJABT0FPB62297	t
10931	ZACCJBBT0FPB62298	t
10932	ZACCJABT0FPB62299	t
10933	ZACCJBDT0FPB62300	t
10934	ZACCJABT0FPB62301	t
10935	ZACCJABH0FPB62304	t
10936	ZACCJABT0FPB62308	t
10937	ZACCJBBT0FPB62309	t
10938	ZACCJBDT0FPB62310	t
10939	ZACCJABT0FPB62311	t
10940	ZACCJABT0FPB62312	t
10941	ZACCJBCT0FPB62313	t
10942	ZACCJBDT0FPB62314	t
10943	ZACCJBCT0FPB62315	t
10944	ZACCJABT0FPB62316	t
10945	ZACCJBBT0FPB62317	t
10946	ZACCJBCT0FPB62319	t
10947	ZACCJBCT0FPB62321	t
10948	ZACCJBCT0FPB62322	t
10949	ZACCJBDT0FPB62323	t
10950	ZACCJABT0FPB62324	t
10951	ZACCJABT0FPB62325	t
10952	ZACCJBCT0FPB62326	t
10953	ZACCJBBT0FPB62327	t
10954	ZACCJABT0FPB62328	t
10955	ZACCJABT0FPB62329	t
10956	ZACCJABT0FPB62330	t
10957	ZACCJBBT0FPB62331	t
10958	ZACCJBDT0FPB62332	t
10959	ZACCJABT0FPB62333	t
10960	ZACCJABT0FPB62336	t
10961	ZACCJABT0FPB62337	t
10962	ZACCJABT0FPB62339	t
10963	ZACCJABT0FPB62340	t
10964	ZACCJBBT0FPB62342	t
10965	ZACCJABT0FPB62343	t
10966	ZACCJBBT0FPB62344	t
10967	ZACCJABT0FPB62345	t
10968	ZACCJBBT0FPB62346	t
10969	ZACCJBDT0FPB62348	t
10970	ZACCJABT0FPB62349	t
10971	ZACCJBBT0FPB62350	t
10972	ZACCJABT0FPB62352	t
10973	ZACCJBCT0FPB62355	t
10974	ZACCJABT0FPB62356	t
10975	ZACCJBCT0FPB62357	t
10976	ZACCJABH0FPB62358	t
10977	ZACCJBCT0FPB62359	t
10978	ZACCJBBT0FPB62360	t
10979	ZACCJBBT0FPB62361	t
10980	ZACCJBBT0FPB62363	t
10981	ZACCJBDT0FPB62364	t
10982	ZACCJBCT0FPB62366	t
10983	ZACCJBBT0FPB62367	t
10984	ZACCJBDT0FPB62369	t
10985	ZACCJABT0FPB62370	t
10986	ZACCJABT0FPB62374	t
10987	ZACCJABT0FPB62375	t
10988	ZACCJBBT0FPB62376	t
10989	ZACCJBCT0FPB62377	t
10990	ZACCJABH0FPB62378	t
10991	ZACCJBCT0FPB62379	t
10992	ZACCJBCT0FPB62383	t
10993	ZACCJBBT0FPB62384	t
10994	ZACCJABT0FPB62386	t
10995	ZACCJBBT0FPB62387	t
10996	ZACCJBCT0FPB62388	t
10997	ZACCJBDT0FPB62389	t
10998	ZACCJBBT0FPB62390	t
10999	ZACCJBBT0FPB62391	t
11000	ZACCJBCT0FPB62392	t
11001	ZACCJBCT0FPB62393	t
11002	ZACCJBBT0FPB62394	t
11003	ZACCJBCT0FPB62396	t
11004	ZACCJABT0FPB62397	t
11005	ZACCJBDT0FPB62400	t
11006	ZACCJBBT0FPB62401	t
11007	ZACCJABH0FPB62403	t
11008	ZACCJABT0FPB62404	t
11009	ZACCJBDT0FPB62405	t
11010	ZACCJBBT0FPB62408	t
11011	ZACCJBBT0FPB62410	t
11012	ZACCJABT0FPB62412	t
11013	ZACCJBDT0FPB62414	t
11014	ZACCJBBT0FPB62415	t
11015	ZACCJBBT0FPB62416	t
11016	ZACCJBBT0FPB62417	t
11017	ZACCJBCT0FPB62419	t
11018	ZACCJBCT0FPB62420	t
11019	ZACCJABT0FPB62424	t
11020	ZACCJADT0FPB62425	t
11021	ZACCJBBT0FPB62426	t
11022	ZACCJBBT0FPB62427	t
11023	ZACCJBBT0FPB62428	t
11024	ZACCJBBT0FPB62429	t
11025	ZACCJBCT0FPB62432	t
11026	ZACCJBCT0FPB62433	t
11027	ZACCJBCT0FPB62434	t
11028	ZACCJBBT0FPB62435	t
11029	ZACCJBCT0FPB62438	t
11030	ZACCJABT0FPB62439	t
11031	ZACCJABT0FPB62440	t
11032	ZACCJBBT0FPB62441	t
11033	ZACCJABT0FPB62442	t
11034	ZACCJBCT0FPB62443	t
11035	ZACCJABT0FPB62445	t
11036	ZACCJBBT0FPB62446	t
11037	ZACCJBBT0FPB62449	t
11038	ZACCJBBT0FPB62450	t
11039	ZACCJBBT0FPB62451	t
11040	ZACCJBBT0FPB62452	t
11041	ZACCJABH0FPB62456	t
11042	ZACCJBBT0FPB62457	t
11043	ZACCJABH0FPB62458	t
11044	ZACCJBBT0FPB62461	t
11045	ZACCJBBT0FPB62462	t
11046	ZACCJBBT0FPB62463	t
11047	ZACCJBCT0FPB62464	t
11048	ZACCJBBT0FPB62465	t
11049	ZACCJABT0FPB62466	t
11050	ZACCJBBT0FPB62469	t
11051	ZACCJBBT0FPB62471	t
11052	ZACCJBCT0FPB62472	t
11053	ZACCJBDT0FPB62474	t
11054	ZACCJABT0FPB62475	t
11055	ZACCJBBT0FPB62476	t
11056	ZACCJBAT0FPB62477	t
11057	ZACCJABH0FPB62478	t
11058	ZACCJBCT0FPB62480	t
11059	ZACCJBAT0FPB62481	t
11060	ZACCJBCT0FPB62482	t
11061	ZACCJBAT0FPB62483	t
11062	ZACCJABT0FPB62485	t
11063	ZACCJABT0FPB62486	t
11064	ZACCJBBT0FPB62487	t
11065	ZACCJBAT0FPB62488	t
11066	ZACCJBDT0FPB62489	t
11067	ZACCJBBT0FPB62490	t
11068	ZACCJBAT0FPB62491	t
11069	ZACCJBAT0FPB62492	t
11070	ZACCJBBT0FPB62493	t
11071	ZACCJBAT0FPB62495	t
11072	ZACCJABT0FPB62496	t
11073	ZACCJBAT0FPB62500	t
11074	ZACCJABT0FPB62503	t
11075	ZACCJBCT0FPB62504	t
11076	ZACCJBAT0FPB62505	t
11077	ZACCJBAT0FPB62507	t
11078	ZACCJBCT0FPB62508	t
11079	ZACCJBCT0FPB62510	t
11080	ZACCJBCT0FPB62518	t
11081	ZACCJBDT0FPB62521	t
11082	ZACCJBAT0FPB62522	t
11083	ZACCJBCT0FPB62525	t
11084	ZACCJBCT0FPB62527	t
11085	ZACCJABH0FPB62528	t
11086	ZACCJBBT0FPB62530	t
11087	ZACCJBCT0FPB62536	t
11088	ZACCJBBT0FPB62538	t
11089	ZACCJBCT0FPB62539	t
11090	ZACCJBBT0FPB62544	t
11091	ZACCJBBT0FPB62546	t
11092	ZACCJBBT0FPB62547	t
11093	ZACCJABT0FPB62548	t
11094	ZACCJBBT0FPB62550	t
11095	ZACCJBAT0FPB62551	t
11096	ZACCJBCT0FPB62557	t
11097	ZACCJABT0FPB62559	t
11098	ZACCJABT0FPB62560	t
11099	ZACCJBBT0FPB62564	t
11100	ZACCJBCT0FPB62565	t
11101	ZACCJBBT0FPB62566	t
11102	ZACCJABT0FPB62567	t
11103	ZACCJBBT0FPB62568	t
11104	ZACCJBCT0FPB62569	t
11105	ZACCJABT0FPB62571	t
11106	ZACCJBBT0FPB62573	t
11107	ZACCJBBT0FPB62574	t
11108	ZACCJBBT0FPB62575	t
11109	ZACCJBBT0FPB62578	t
11110	ZACCJBCT0FPB62580	t
11111	ZACCJABT0FPB62581	t
11112	ZACCJBAT0FPB62584	t
11113	ZACCJBAT0FPB62585	t
11114	ZACCJBBT0FPB62586	t
11115	ZACCJBBT0FPB62587	t
11116	ZACCJABT0FPB62588	t
11117	ZACCJBCT0FPB62590	t
11118	ZACCJABT0FPB62591	t
11119	ZACCJABT0FPB62593	t
11120	ZACCJABT0FPB62594	t
11121	ZACCJBBT0FPB62597	t
11122	ZACCJBBT0FPB62598	t
11123	ZACCJBBT0FPB62599	t
11124	ZACCJBAT0FPB62600	t
11125	ZACCJABT0FPB62602	t
11126	ZACCJBBT0FPB62603	t
11127	ZACCJABT0FPB62604	t
11128	ZACCJBDT0FPB62605	t
11129	ZACCJABH0FPB62606	t
11130	ZACCJABH0FPB62607	t
11131	ZACCJBBT0FPB62610	t
11132	ZACCJABH0FPB62611	t
11133	ZACCJBBT0FPB62612	t
11134	ZACCJBBT0FPB62613	t
11135	ZACCJBDT0FPB62614	t
11136	ZACCJABT0FPB62615	t
11137	ZACCJBBT0FPB62617	t
11138	ZACCJBBT0FPB62618	t
11139	ZACCJBBT0FPB62619	t
11140	ZACCJBBT0FPB62620	t
11141	ZACCJBAT0FPB62621	t
11142	ZACCJBBT0FPB62622	t
11143	ZACCJABH0FPB62623	t
11144	ZACCJABH0FPB62624	t
11145	ZACCJBBT0FPB62625	t
11146	ZACCJABT0FPB62626	t
11147	ZACCJABT0FPB62627	t
11148	ZACCJBBT0FPB62628	t
11149	ZACCJABH0FPB62629	t
11150	ZACCJABT0FPB62630	t
11151	ZACCJABT0FPB62631	t
11152	ZACCJBDT0FPB62632	t
11153	ZACCJABH0FPB62633	t
11154	ZACCJABH0FPB62634	t
11155	ZACCJABT0FPB62635	t
11156	ZACCJABT0FPB62637	t
11157	ZACCJBDT0FPB62640	t
11158	ZACCJABT0FPB62643	t
11159	ZACCJBBT0FPB62645	t
11160	ZACCJBBT0FPB62647	t
11161	ZACCJABT0FPB62648	t
11162	ZACCJBBT0FPB62649	t
11163	ZACCJBBT0FPB62650	t
11164	ZACCJBBT0FPB62651	t
11165	ZACCJBBT0FPB62652	t
11166	ZACCJBBT0FPB62653	t
11167	ZACCJABT0FPB62654	t
11168	ZACCJABT0FPB62655	t
11169	ZACCJBBT0FPB62656	t
11170	ZACCJABT0FPB62657	t
11171	ZACCJABT0FPB62658	t
11172	ZACCJABT0FPB62659	t
11173	ZACCJBBT0FPB62660	t
11174	ZACCJABT0FPB62664	t
11175	ZACCJBBT0FPB62665	t
11176	ZACCJBBT0FPB62668	t
11177	ZACCJABH0FPB62672	t
11178	ZACCJBBT0FPB62673	t
11179	ZACCJBBT0FPB62675	t
11180	ZACCJBBT0FPB62676	t
11181	ZACCJBDT0FPB62678	t
11182	ZACCJABT0FPB62679	t
11183	ZACCJBBT0FPB62681	t
11184	ZACCJBBT0FPB62682	t
11185	ZACCJBBT0FPB62683	t
11186	ZACCJBBT0FPB62684	t
11187	ZACCJABT0FPB62685	t
11188	ZACCJABT0FPB62686	t
11189	ZACCJBDT0FPB62687	t
11190	ZACCJBCT0FPB62688	t
11191	ZACCJABT0FPB62689	t
11192	ZACCJABT0FPB62691	t
11193	ZACCJABH0FPB62692	t
11194	ZACCJBBT0FPB62693	t
11195	ZACCJBBT0FPB62695	t
11196	ZACCJABT0FPB62696	t
11197	ZACCJABH0FPB62697	t
11198	ZACCJBBT0FPB62698	t
11199	ZACCJABT0FPB62699	t
11200	ZACCJBBT0FPB62701	t
11201	ZACCJBBT0FPB62702	t
11202	ZACCJABT0FPB62703	t
11203	ZACCJBBT0FPB62705	t
11204	ZACCJBDT0FPB62706	t
11205	ZACCJABH0FPB62707	t
11206	ZACCJABT0FPB62708	t
11207	ZACCJBBT0FPB62709	t
11208	ZACCJABT0FPB62710	t
11209	ZACCJAAT0FPB62715	t
11210	ZACCJBBT0FPB62716	t
11211	ZACCJBBT0FPB62717	t
11212	ZACCJABT0FPB62718	t
11213	ZACCJBCT0FPB62719	t
11214	ZACCJBBT0FPB62721	t
11215	ZACCJBBT0FPB62722	t
11216	ZACCJBBT0FPB62723	t
11217	ZACCJABH0FPB62724	t
11218	ZACCJABT0FPB62725	t
11219	ZACCJABH0FPB62726	t
11220	ZACCJABH0FPB62727	t
11221	ZACCJABT0FPB62728	t
11222	ZACCJABT0FPB62729	t
11223	ZACCJABT0FPB62731	t
11224	ZACCJBBT0FPB62733	t
11225	ZACCJBCT0FPB62734	t
11226	ZACCJABT0FPB62735	t
11227	ZACCJABT0FPB62736	t
11228	ZACCJABH0FPB62737	t
11229	ZACCJBBT0FPB62739	t
11230	ZACCJBBT0FPB62742	t
11231	ZACCJABT0FPB62743	t
11232	ZACCJABT0FPB62744	t
11233	ZACCJBBT0FPB62745	t
11234	ZACCJBBT0FPB62746	t
11235	ZACCJBBT0FPB62748	t
11236	ZACCJABT0FPB62749	t
11237	ZACCJABH0FPB62750	t
11238	ZACCJBCT0FPB62751	t
11239	ZACCJBBT0FPB62752	t
11240	ZACCJBBT0FPB62753	t
11241	ZACCJBBT0FPB62754	t
11242	ZACCJBBT0FPB62755	t
11243	ZACCJBCT0FPB62756	t
11244	ZACCJBBT0FPB62759	t
11245	ZACCJBDT0FPB62760	t
11246	ZACCJABT0FPB62761	t
11247	ZACCJBBT0FPB62763	t
11248	ZACCJBBT0FPB62764	t
11249	ZACCJBBT0FPB62765	t
11250	ZACCJABT0FPB62766	t
11251	ZACCJBBT0FPB62768	t
11252	ZACCJABT0FPB62769	t
11253	ZACCJBBT0FPB62770	t
11254	ZACCJABT0FPB62772	t
11255	ZACCJBBT0FPB62773	t
11256	ZACCJABT0FPB62774	t
11257	ZACCJABT0FPB62776	t
11258	ZACCJBBT0FPB62777	t
11259	ZACCJBBT0FPB62778	t
11260	ZACCJABT0FPB62779	t
11261	ZACCJBCT0FPB62780	t
11262	ZACCJBBT0FPB62781	t
11263	ZACCJBBT0FPB62782	t
11264	ZACCJBBT0FPB62783	t
11265	ZACCJBBT0FPB62784	t
11266	ZACCJBBT0FPB62785	t
11267	ZACCJBBT0FPB62786	t
11268	ZACCJBCT0FPB62787	t
11269	ZACCJBBT0FPB62788	t
11270	ZACCJBCT0FPB62789	t
11271	ZACCJBCT0FPB62790	t
11272	ZACCJBBT0FPB62791	t
11273	ZACCJBBT0FPB62793	t
11274	ZACCJBCT0FPB62794	t
11275	ZACCJBDT0FPB62795	t
11276	ZACCJBAT0FPB62796	t
11277	ZACCJBAT0FPB62797	t
11278	ZACCJBAT0FPB62798	t
11279	ZACCJBCT0FPB62799	t
11280	ZACCJABT0FPB62800	t
11281	ZACCJBCT0FPB62801	t
11282	ZACCJBBT0FPB62802	t
11283	ZACCJBAT0FPB62803	t
11284	ZACCJBAT0FPB62804	t
11285	ZACCJBAT0FPB62806	t
11286	ZACCJBBT0FPB62807	t
11287	ZACCJBAT0FPB62808	t
11288	ZACCJBCT0FPB62809	t
11289	ZACCJBAT0FPB62810	t
11290	ZACCJBAT0FPB62811	t
11291	ZACCJBAT0FPB62813	t
11292	ZACCJBAT0FPB62814	t
11293	ZACCJBBT0FPB62815	t
11294	ZACCJBAT0FPB62816	t
11295	ZACCJBAT0FPB62817	t
11296	ZACCJBCT0FPB62818	t
11297	ZACCJBAT0FPB62819	t
11298	ZACCJBAT0FPB62820	t
11299	ZACCJBCT0FPB62821	t
11300	ZACCJBAT0FPB62822	t
11301	ZACCJBAT0FPB62823	t
11302	ZACCJBAT0FPB62824	t
11303	ZACCJBAT0FPB62825	t
11304	ZACCJBAT0FPB62827	t
11305	ZACCJBAT0FPB62828	t
11306	ZACCJBCT0FPB62829	t
11307	ZACCJBAT0FPB62830	t
11308	ZACCJBBT0FPB62831	t
11309	ZACCJBCT0FPB62832	t
11310	ZACCJBAT0FPB62833	t
11311	ZACCJBAT0FPB62834	t
11312	ZACCJBAT0FPB62835	t
11313	ZACCJBAT0FPB62840	t
11314	ZACCJBAT0FPB62841	t
11315	ZACCJBAT0FPB62842	t
11316	ZACCJBCT0FPB62843	t
11317	ZACCJBBT0FPB62844	t
11318	ZACCJBAT0FPB62845	t
11319	ZACCJBCT0FPB62846	t
11320	ZACCJBAT0FPB62847	t
11321	ZACCJBBT0FPB62848	t
11322	ZACCJBBT0FPB62849	t
11323	ZACCJBBT0FPB62850	t
11324	ZACCJBCT0FPB62851	t
11325	ZACCJBCT0FPB62852	t
11326	ZACCJBCT0FPB62853	t
11327	ZACCJBBT0FPB62854	t
11328	ZACCJBCT0FPB62856	t
11329	ZACCJBCT0FPB62857	t
11330	ZACCJBAT0FPB62859	t
11331	ZACCJBCT0FPB62860	t
11332	ZACCJBCT0FPB62861	t
11333	ZACCJBAT0FPB62862	t
11334	ZACCJBCT0FPB62863	t
11335	ZACCJBAT0FPB62864	t
11336	ZACCJBAT0FPB62865	t
11337	ZACCJBCT0FPB62866	t
11338	ZACCJBAT0FPB62867	t
11339	ZACCJBAT0FPB62868	t
11340	ZACCJBAT0FPB62869	t
11341	ZACCJBAT0FPB62870	t
11342	ZACCJBAT0FPB62871	t
11343	ZACCJBAT0FPB62872	t
11344	ZACCJBCT0FPB62874	t
11345	ZACCJBAT0FPB62875	t
11346	ZACCJBCT0FPB62876	t
11347	ZACCJBCT0FPB62877	t
11348	ZACCJBBT0FPB62878	t
11349	ZACCJBCT0FPB62879	t
11350	ZACCJBCT0FPB62880	t
11351	ZACCJBAT0FPB62881	t
11352	ZACCJBCT0FPB62882	t
11353	ZACCJBAT0FPB62883	t
11354	ZACCJBAT0FPB62884	t
11355	ZACCJBAT0FPB62885	t
11356	ZACCJBAT0FPB62886	t
11357	ZACCJBAT0FPB62887	t
11358	ZACCJBCT0FPB62889	t
11359	ZACCJBAT0FPB62890	t
11360	ZACCJBCT0FPB62891	t
11361	ZACCJBCT0FPB62892	t
11362	ZACCJBDT0FPB62893	t
11363	ZACCJBAT0FPB62894	t
11364	ZACCJBBT0FPB62895	t
11365	ZACCJBBT0FPB62896	t
11366	ZACCJADT0FPB62897	t
11367	ZACCJBCT0FPB62898	t
11368	ZACCJAAT0FPB62899	t
11369	ZACCJBAT0FPB62900	t
11370	ZACCJBCT0FPB62901	t
11371	ZACCJBCT0FPB62902	t
11372	ZACCJBDT0FPB62903	t
11373	ZACCJBDT0FPB62905	t
11374	ZACCJBDT0FPB62908	t
11375	ZACCJBAT0FPB62911	t
11376	ZACCJBAT0FPB62912	t
11377	ZACCJADT0FPB62913	t
11378	ZACCJBDT0FPB62914	t
11379	ZACCJBDT0FPB62915	t
11380	ZACCJBAT0FPB62916	t
11381	ZACCJBCT0FPB62917	t
11382	ZACCJABT0FPB62919	t
11383	ZACCJBAT0FPB62920	t
11384	ZACCJBBT0FPB62921	t
11385	ZACCJADT0FPB62922	t
11386	ZACCJBDT0FPB62923	t
11387	ZACCJBDT0FPB62924	t
11388	ZACCJADT0FPB62925	t
11389	ZACCJBDT0FPB62926	t
11390	ZACCJADT0FPB62927	t
11391	ZACCJAAT0FPB62928	t
11392	ZACCJAAH0FPB62929	t
11393	ZACCJADT0FPB62930	t
11394	ZACCJBBT0FPB62931	t
11395	ZACCJAAT0FPB62932	t
11396	ZACCJADT0FPB62933	t
11397	ZACCJADT0FPB62934	t
11398	ZACCJBBT0FPB62935	t
11399	ZACCJAAT0FPB62936	t
11400	ZACCJABH0FPB62937	t
11401	ZACCJADT0FPB62938	t
11402	ZACCJADT0FPB62939	t
11403	ZACCJBDT0FPB62941	t
11404	ZACCJBDT0FPB62942	t
11405	ZACCJAAT0FPB62943	t
11406	ZACCJBCT0FPB62944	t
11407	ZACCJBCT0FPB62945	t
11408	ZACCJADT0FPB62946	t
11409	ZACCJBCT0FPB62947	t
11410	ZACCJBDT0FPB62948	t
11411	ZACCJBCT0FPB62949	t
11412	ZACCJBCT0FPB62950	t
11413	ZACCJBCT0FPB62951	t
11414	ZACCJBCT0FPB62952	t
11415	ZACCJAAT0FPB62953	t
11416	ZACCJBAT0FPB62954	t
11417	ZACCJADT0FPB62955	t
11418	ZACCJAAT0FPB62956	t
11419	ZACCJBDT0FPB62959	t
11420	ZACCJADT0FPB62960	t
11421	ZACCJAAT0FPB62961	t
11422	ZACCJAAT0FPB62962	t
11423	ZACCJBDT0FPB62963	t
11424	ZACCJBAT0FPB62964	t
11425	ZACCJADT0FPB62967	t
11426	ZACCJBDT0FPB62968	t
11427	ZACCJBDT0FPB62969	t
11428	ZACCJBDT0FPB62971	t
11429	ZACCJABH0FPB62972	t
11430	ZACCJBCT0FPB62973	t
11431	ZACCJBDT0FPB62974	t
11432	ZACCJBCT0FPB62975	t
11433	ZACCJBCT0FPB62976	t
11434	ZACCJBDT0FPB62978	t
11435	ZACCJBCT0FPB62980	t
11436	ZACCJAAH0FPB62981	t
11437	ZACCJBCT0FPB62982	t
11438	ZACCJBAT0FPB62983	t
11439	ZACCJABT0FPB62985	t
11440	ZACCJBCT0FPB62986	t
11441	ZACCJBDT0FPB62987	t
11442	ZACCJAAT0FPB62988	t
11443	ZACCJBDT0FPB62989	t
11444	ZACCJBCT0FPB62990	t
11445	ZACCJABH0FPB62991	t
11446	ZACCJBDT0FPB62992	t
11447	ZACCJBDT0FPB62993	t
11448	ZACCJAAT0FPB62994	t
11449	ZACCJBDT0FPB62995	t
11450	ZACCJBDT0FPB62996	t
11451	ZACCJBAT0FPB62997	t
11452	ZACCJBCT0FPB62999	t
11453	ZACCJABH0FPB63000	t
11454	ZACCJABH0FPB63001	t
11455	ZACCJBCT0FPB63002	t
11456	ZACCJBBT0FPB63003	t
11457	ZACCJBBT0FPB63004	t
11458	ZACCJBBT0FPB63006	t
11459	ZACCJBCT0FPB63007	t
11460	ZACCJADT0FPB63008	t
11461	ZACCJBBT0FPB63009	t
11462	ZACCJBBT0FPB63010	t
11463	ZACCJBDT0FPB63011	t
11464	ZACCJBDT0FPB63012	t
11465	ZACCJABT0FPB63013	t
11466	ZACCJBBT0FPB63014	t
11467	ZACCJBBT0FPB63015	t
11468	ZACCJBBT0FPB63016	t
11469	ZACCJABT0FPB63019	t
11470	ZACCJAAT0FPB63020	t
11471	ZACCJBCT0FPB63022	t
11472	ZACCJBDT0FPB63023	t
11473	ZACCJBBT0FPB63024	t
11474	ZACCJBCT0FPB63025	t
11475	ZACCJBDT0FPB63026	t
11476	ZACCJBDT0FPB63027	t
11477	ZACCJABH0FPB63028	t
11478	ZACCJAAT0FPB63029	t
11479	ZACCJAAT0FPB63030	t
11480	ZACCJBBT0FPB63031	t
11481	ZACCJBBT0FPB63032	t
11482	ZACCJBAT0FPB63036	t
11483	ZACCJBDT0FPB63038	t
11484	ZACCJBDT0FPB63039	t
11485	ZACCJABT0FPB63040	t
11486	ZACCJABT0FPB63042	t
11487	ZACCJABT0FPB63043	t
11488	ZACCJBDT0FPB63044	t
11489	ZACCJBBT0FPB63045	t
11490	ZACCJBDT0FPB63046	t
11491	ZACCJADT0FPB63047	t
11492	ZACCJBBT0FPB63048	t
11493	ZACCJBDT0FPB63049	t
11494	ZACCJBCT0FPB63050	t
11495	ZACCJBBT0FPB63051	t
11496	ZACCJBBT0FPB63052	t
11497	ZACCJABT0FPB63053	t
11498	ZACCJABT0FPB63054	t
11499	ZACCJABT0FPB63055	t
11500	ZACCJBBT0FPB63056	t
11501	ZACCJABT0FPB63059	t
11502	ZACCJABT0FPB63060	t
11503	ZACCJBDT0FPB63061	t
11504	ZACCJBDT0FPB63062	t
11505	ZACCJBDT0FPB63063	t
11506	ZACCJABT0FPB63064	t
11507	ZACCJBBT0FPB63066	t
11508	ZACCJBDT0FPB63067	t
11509	ZACCJBDT0FPB63069	t
11510	ZACCJBDT0FPB63071	t
11511	ZACCJBBT0FPB63072	t
11512	ZACCJBBT0FPB63073	t
11513	ZACCJBBT0FPB63074	t
11514	ZACCJBDT0FPB63075	t
11515	ZACCJBCT0FPB63076	t
11516	ZACCJBBT0FPB63078	t
11517	ZACCJBBT0FPB63080	t
11518	ZACCJBDT0FPB63081	t
11519	ZACCJBBT0FPB63083	t
11520	ZACCJAAT0FPB63084	t
11521	ZACCJBBT0FPB63085	t
11522	ZACCJADT0FPB63086	t
11523	ZACCJBDT0FPB63087	t
11524	ZACCJBAT0FPB63088	t
11525	ZACCJBAT0FPB63089	t
11526	ZACCJBBT0FPB63090	t
11527	ZACCJBDT0FPB63091	t
11528	ZACCJABT0FPB63092	t
11529	ZACCJABT0FPB63093	t
11530	ZACCJABH0FPB63094	t
11531	ZACCJBAT0FPB63095	t
11532	ZACCJABT0FPB63097	t
11533	ZACCJADT0FPB63098	t
11534	ZACCJBBT0FPB63099	t
11535	ZACCJBCT0FPB63100	t
11536	ZACCJABT0FPB63101	t
11537	ZACCJABT0FPB63102	t
11538	ZACCJAAH0FPB63103	t
11539	ZACCJABT0FPB63104	t
11540	ZACCJBCT0FPB63105	t
11541	ZACCJABT0FPB63108	t
11542	ZACCJABH0FPB63109	t
11543	ZACCJBCT0FPB63110	t
11544	ZACCJADT0FPB63112	t
11545	ZACCJABH0FPB63113	t
11546	ZACCJABH0FPB63114	t
11547	ZACCJABT0FPB63115	t
11548	ZACCJADT0FPB63117	t
11549	ZACCJBCT0FPB63118	t
11550	ZACCJABH0FPB63119	t
11551	ZACCJABT0FPB63120	t
11552	ZACCJABH0FPB63121	t
11553	ZACCJAAT0FPB63122	t
11554	ZACCJAAT0FPB63123	t
11555	ZACCJBCT0FPB63124	t
11556	ZACCJABT0FPB63125	t
11557	ZACCJABT0FPB63126	t
11558	ZACCJABH0FPB63128	t
11559	ZACCJBCT0FPB63129	t
11560	ZACCJABH0FPB63130	t
11561	ZACCJBCT0FPB63132	t
11562	ZACCJADT0FPB63133	t
11563	ZACCJBCT0FPB63134	t
11564	ZACCJBBT0FPB63135	t
11565	ZACCJBCT0FPB63137	t
11566	ZACCJBBT0FPB63138	t
11567	ZACCJBCT0FPB63139	t
11568	ZACCJBBT0FPB63140	t
11569	ZACCJAAT0FPB63142	t
11570	ZACCJAAT0FPB63143	t
11571	ZACCJBAT0FPB63144	t
11572	ZACCJBCT0FPB63145	t
11573	ZACCJBCT0FPB63146	t
11574	ZACCJBAT0FPB63147	t
11575	ZACCJAAT0FPB63148	t
11576	ZACCJAAT0FPB63149	t
11577	ZACCJBBT0FPB63150	t
11578	ZACCJAAH0FPB63151	t
11579	ZACCJBAT0FPB63153	t
11580	ZACCJBBT0FPB63154	t
11581	ZACCJBBT0FPB63155	t
11582	ZACCJAAT0FPB63156	t
11583	ZACCJBBT0FPB63157	t
11584	ZACCJBAT0FPB63158	t
11585	ZACCJBAT0FPB63159	t
11586	ZACCJBAT0FPB63160	t
11587	ZACCJAAT0FPB63161	t
11588	ZACCJBCT0FPB63162	t
11589	ZACCJAAT0FPB63163	t
11590	ZACCJBBT0FPB63164	t
11591	ZACCJBAT0FPB63165	t
11592	ZACCJAAT0FPB63167	t
11593	ZACCJBAT0FPB63168	t
11594	ZACCJBAT0FPB63169	t
11595	ZACCJBCT0FPB63170	t
11596	ZACCJAAH0FPB63171	t
11597	ZACCJABT0FPB63172	t
11598	ZACCJBAT0FPB63173	t
11599	ZACCJBAT0FPB63174	t
11600	ZACCJAAH0FPB63175	t
11601	ZACCJABH0FPB63177	t
11602	ZACCJBAT0FPB63178	t
11603	ZACCJABT0FPB63179	t
11604	ZACCJBCT0FPB63180	t
11605	ZACCJBBT0FPB63181	t
11606	ZACCJBBT0FPB63183	t
11607	ZACCJAAT0FPB63184	t
11608	ZACCJBBT0FPB63185	t
11609	ZACCJABT0FPB63186	t
11610	ZACCJBBT0FPB63187	t
11611	ZACCJBBT0FPB63188	t
11612	ZACCJBBT0FPB63189	t
11613	ZACCJBAT0FPB63190	t
11614	ZACCJBBT0FPB63192	t
11615	ZACCJBBT0FPB63193	t
11616	ZACCJBBT0FPB63195	t
11617	ZACCJBAT0FPB63196	t
11618	ZACCJBCT0FPB63198	t
11619	ZACCJBBT0FPB63199	t
11620	ZACCJBBT0FPB63200	t
11621	ZACCJAAT0FPB63202	t
11622	ZACCJBAT0FPB63203	t
11623	ZACCJBAT0FPB63204	t
11624	ZACCJAAT0FPB63205	t
11625	ZACCJBCT0FPB63206	t
11626	ZACCJBAT0FPB63207	t
11627	ZACCJAAH0FPB63208	t
11628	ZACCJBAT0FPB63210	t
11629	ZACCJBCT0FPB63211	t
11630	ZACCJBAT0FPB63212	t
11631	ZACCJBAT0FPB63213	t
11632	ZACCJBAT0FPB63215	t
11633	ZACCJBCT0FPB63217	t
11634	ZACCJBAT0FPB63218	t
11635	ZACCJBAT0FPB63219	t
11636	ZACCJBCT0FPB63220	t
11637	ZACCJBBT0FPB63222	t
11638	ZACCJBAT0FPB63223	t
11639	ZACCJBAT0FPB63224	t
11640	ZACCJBAT0FPB63225	t
11641	ZACCJBAT0FPB63226	t
11642	ZACCJBAT0FPB63228	t
11643	ZACCJBAT0FPB63229	t
11644	ZACCJBBT0FPB63230	t
11645	ZACCJBAT0FPB63232	t
11646	ZACCJABH0FPB63233	t
11647	ZACCJBAT0FPB63234	t
11648	ZACCJBCT0FPB63235	t
11649	ZACCJBBT0FPB63236	t
11650	ZACCJABH0FPB63237	t
11651	ZACCJAAH0FPB63238	t
11652	ZACCJABT0FPB63245	t
11653	ZACCJABH0FPB63246	t
11654	ZACCJABT0FPB63248	t
11655	ZACCJABT0FPB63252	t
11656	ZACCJABT0FPB63254	t
11657	ZACCJABH0FPB63257	t
11658	ZACCJABT0FPB63258	t
11659	ZACCJABT0FPB63259	t
11660	ZACCJBCT0FPB63260	t
11661	ZACCJABT0FPB63261	t
11662	ZACCJABH0FPB63263	t
11663	ZACCJBCT0FPB63264	t
11664	ZACCJBCT0FPB63266	t
11665	ZACCJBCT0FPB63267	t
11666	ZACCJBCT0FPB63274	t
11667	ZACCJABH0FPB63276	t
11668	ZACCJBCT0FPB63283	t
11669	ZACCJAAT0FPB63287	t
11670	ZACCJBCT0FPB63291	t
11671	ZACCJAAT0FPB63292	t
11672	ZACCJABT0FPB63293	t
11673	ZACCJABT0FPB63294	t
11674	ZACCJABT0FPB63296	t
11675	ZACCJABT0FPB63298	t
11676	ZACCJBCT0FPB63299	t
11677	ZACCJAAH0FPB63300	t
11678	ZACCJBCT0FPB63305	t
11679	ZACCJABT0FPB63307	t
11680	ZACCJABT0FPB63308	t
11681	ZACCJABT0FPB63310	t
11682	ZACCJABT0FPB63311	t
11683	ZACCJAAT0FPB63312	t
11684	ZACCJAAT0FPB63313	t
11685	ZACCJABT0FPB63314	t
11686	ZACCJAAT0FPB63315	t
11687	ZACCJBCT0FPB63316	t
11688	ZACCJABT0FPB63317	t
11689	ZACCJBCT0FPB63320	t
11690	ZACCJABT0FPB63324	t
11691	ZACCJAAT0FPB63327	t
11692	ZACCJBCT0FPB63332	t
11693	ZACCJABH0FPB63336	t
11694	ZACCJBCT0FPB63337	t
11695	ZACCJBCT0FPB63338	t
11696	ZACCJABH0FPB63339	t
11697	ZACCJBCT0FPB63341	t
11698	ZACCJAAT0FPB63342	t
11699	ZACCJBCT0FPB63344	t
11700	ZACCJBCT0FPB63345	t
11701	ZACCJAAT0FPB63347	t
11702	ZACCJBCT0FPB63348	t
11703	ZACCJBCT0FPB63350	t
11704	ZACCJBCT0FPB63351	t
11705	ZACCJBCT0FPB63352	t
11706	ZACCJBCT0FPB63353	t
11707	ZACCJAAT0FPB63354	t
11708	ZACCJBCT0FPB63355	t
11709	ZACCJBCT0FPB63356	t
11710	ZACCJBCT0FPB63358	t
11711	ZACCJBCT0FPB63359	t
11712	ZACCJBCT0FPB63361	t
11713	ZACCJBCT0FPB63362	t
11714	ZACCJBCT0FPB63363	t
11715	ZACCJBCT0FPB63364	t
11716	ZACCJBCT0FPB63365	t
11717	ZACCJABH0FPB63366	t
11718	ZACCJBCT0FPB63367	t
11719	ZACCJBCT0FPB63368	t
11720	ZACCJABH0FPB63369	t
11721	ZACCJBCT0FPB63370	t
11722	ZACCJBCT0FPB63371	t
11723	ZACCJABT0FPB63372	t
11724	ZACCJBCT0FPB63373	t
11725	ZACCJABH0FPB63374	t
11726	ZACCJABH0FPB63375	t
11727	ZACCJABH0FPB63376	t
11728	ZACCJAAT0FPB63377	t
11729	ZACCJAAT0FPB63378	t
11730	ZACCJBCT0FPB63379	t
11731	ZACCJAAT0FPB63380	t
11732	ZACCJBCT0FPB63381	t
11733	ZACCJABT0FPB63382	t
11734	ZACCJAAT0FPB63383	t
11735	ZACCJAAT0FPB63384	t
11736	ZACCJAAT0FPB63385	t
11737	ZACCJBCT0FPB63387	t
11738	ZACCJAAT0FPB63388	t
11739	ZACCJAAT0FPB63389	t
11740	ZACCJAAT0FPB63390	t
11741	ZACCJAAT0FPB63391	t
11742	ZACCJAAT0FPB63392	t
11743	ZACCJAAT0FPB63393	t
11744	ZACCJBCT0FPB63394	t
11745	ZACCJBCT0FPB63395	t
11746	ZACCJBAT0FPB63396	t
11747	ZACCJBBT0FPB63397	t
11748	ZACCJBBT0FPB63398	t
11749	ZACCJBAT0FPB63399	t
11750	ZACCJBCT0FPB63400	t
11751	ZACCJBCT0FPB63401	t
11752	ZACCJBBT0FPB63402	t
11753	ZACCJBBT0FPB63403	t
11754	ZACCJBCT0FPB63404	t
11755	ZACCJBCT0FPB63405	t
11756	ZACCJAAT0FPB63406	t
11757	ZACCJBAT0FPB63408	t
11758	ZACCJBCT0FPB63409	t
11759	ZACCJBCT0FPB63411	t
11760	ZACCJBBH0FPB63412	t
11761	ZACCJADT0FPB63413	t
11762	ZACCJBAH0FPB63414	t
11763	ZACCJBBH0FPB63415	t
11764	ZACCJBAT0FPB63416	t
11765	ZACCJBCT0FPB63417	t
11766	ZACCJBCT0FPB63418	t
11767	ZACCJBBT0FPB63419	t
11768	ZACCJBCT0FPB63420	t
11769	ZACCJBBH0FPB63421	t
11770	ZACCJBAT0FPB63422	t
11771	ZACCJBBH0FPB63423	t
11772	ZACCJBBH0FPB63425	t
11773	ZACCJBCT0FPB63426	t
11774	ZACCJBCT0FPB63427	t
11775	ZACCJBCT0FPB63428	t
11776	ZACCJBCT0FPB63429	t
11777	ZACCJBBH0FPB63430	t
11778	ZACCJBBH0FPB63431	t
11779	ZACCJBAT0FPB63432	t
11780	ZACCJBCT0FPB63433	t
11781	ZACCJBAH0FPB63434	t
11782	ZACCJBCT0FPB63435	t
11783	ZACCJBAH0FPB63439	t
11784	ZACCJBBH0FPB63441	t
11785	ZACCJBAH0FPB63444	t
11786	ZACCJBBH0FPB63445	t
11787	ZACCJBBH0FPB63446	t
11788	ZACCJBAH0FPB63447	t
11789	ZACCJBBH0FPB63448	t
11790	ZACCJBBH0FPB63449	t
11791	ZACCJBBH0FPB63450	t
11792	ZACCJBBH0FPB63451	t
11793	ZACCJBBH0FPB63452	t
11794	ZACCJBAH0FPB63453	t
11795	ZACCJBBH0FPB63454	t
11796	ZACCJBBH0FPB63455	t
11797	ZACCJBBH0FPB63459	t
11798	ZACCJBBH0FPB63460	t
11799	ZACCJBBH0FPB63462	t
11800	ZACCJBCT0FPB63464	t
11801	ZACCJBCT0FPB63465	t
11802	ZACCJABT0FPB63470	t
11803	ZACCJBBH0FPB63471	t
11804	ZACCJABT0FPB63472	t
11805	ZACCJBCT0FPB63473	t
11806	ZACCJBCT0FPB63476	t
11807	ZACCJABT0FPB63477	t
11808	ZACCJBCT0FPB63480	t
11809	ZACCJBCT0FPB63481	t
11810	ZACCJBCT0FPB63485	t
11811	ZACCJBBH0FPB63486	t
11812	ZACCJBBH0FPB63488	t
11813	ZACCJBCT0FPB63489	t
11814	ZACCJBBH0FPB63490	t
11815	ZACCJBBH0FPB63491	t
11816	ZACCJBBH0FPB63493	t
11817	ZACCJBBH0FPB63496	t
11818	ZACCJBBH0FPB63497	t
11819	ZACCJBBH0FPB63499	t
11820	ZACCJBBH0FPB63502	t
11821	ZACCJBBH0FPB63507	t
11822	ZACCJBBH0FPB63510	t
11823	ZACCJBBH0FPB63512	t
11824	ZACCJBBH0FPB63514	t
11825	ZACCJBBH0FPB63515	t
11826	ZACCJBBH0FPB63516	t
11827	ZACCJBCT0FPB63517	t
11828	ZACCJBCT0FPB63518	t
11829	ZACCJBBH0FPB63519	t
11830	ZACCJABT0FPB63523	t
11831	ZACCJABT0FPB63524	t
11832	ZACCJABT0FPB63526	t
11833	ZACCJABT0FPB63529	t
11834	ZACCJBBH0FPB63530	t
11835	ZACCJBBH0FPB63531	t
11836	ZACCJABT0FPB63532	t
11837	ZACCJBBH0FPB63538	t
11838	ZACCJABT0FPB63539	t
11839	ZACCJBBH0FPB63540	t
11840	ZACCJBBT0FPB63542	t
11841	ZACCJABT0FPB63544	t
11842	ZACCJBBH0FPB63545	t
11843	ZACCJBBH0FPB63546	t
11844	ZACCJBBH0FPB63547	t
11845	ZACCJBBH0FPB63555	t
11846	ZACCJABT0FPB63557	t
11847	ZACCJBBT0FPB63558	t
11848	ZACCJBBH0FPB63562	t
11849	ZACCJBBH0FPB63566	t
11850	ZACCJBBH0FPB63567	t
11851	ZACCJBBH0FPB63568	t
11852	ZACCJABT0FPB63569	t
11853	ZACCJBBH0FPB63570	t
11854	ZACCJBBH0FPB63571	t
11855	ZACCJABT0FPB63572	t
11856	ZACCJBCT0FPB63573	t
11857	ZACCJBBH0FPB63577	t
11858	ZACCJBBH0FPB63578	t
11859	ZACCJBBH0FPB63580	t
11860	ZACCJBCT0FPB63582	t
11861	ZACCJBCT0FPB63583	t
11862	ZACCJBBH0FPB63586	t
11863	ZACCJBBH0FPB63588	t
11864	ZACCJBCT0FPB63589	t
11865	ZACCJBBH0FPB63591	t
11866	ZACCJBBH0FPB63592	t
11867	ZACCJBBH0FPB63593	t
11868	ZACCJBBH0FPB63595	t
11869	ZACCJABT0FPB63597	t
11870	ZACCJBBH0FPB63599	t
11871	ZACCJBBH0FPB63600	t
11872	ZACCJBDT0FPB63601	t
11873	ZACCJBBH0FPB63602	t
11874	ZACCJBCT0FPB63604	t
11875	ZACCJBBH0FPB63605	t
11876	ZACCJBBH0FPB63607	t
11877	ZACCJBCT0FPB63608	t
11878	ZACCJBCT0FPB63609	t
11879	ZACCJBBH0FPB63610	t
11880	ZACCJBBH0FPB63611	t
11881	ZACCJBBH0FPB63612	t
11882	ZACCJBBT0FPB63614	t
11883	ZACCJBBH0FPB63616	t
11884	ZACCJBBH0FPB63617	t
11885	ZACCJBCT0FPB63618	t
11886	ZACCJBBH0FPB63620	t
11887	ZACCJABT0FPB63625	t
11888	ZACCJBBT0FPB63626	t
11889	ZACCJBBT0FPB63627	t
11890	ZACCJBDT0FPB63628	t
11891	ZACCJBDT0FPB63630	t
11892	ZACCJBDT0FPB63631	t
11893	ZACCJBBT0FPB63633	t
11894	ZACCJBBH0FPB63635	t
11895	ZACCJBBH0FPB63636	t
11896	ZACCJADT0FPB63637	t
11897	ZACCJBBH0FPB63638	t
11898	ZACCJABT0FPB63640	t
11899	ZACCJBCT0FPB63641	t
11900	ZACCJBDT0FPB63645	t
11901	ZACCJABT0FPB63646	t
11902	ZACCJABT0FPB63648	t
11903	ZACCJBBT0FPB63653	t
11904	ZACCJABT0FPB63654	t
11905	ZACCJADT0FPB63655	t
11906	ZACCJABT0FPB63657	t
11907	ZACCJABT0FPB63658	t
11908	ZACCJABT0FPB63660	t
11909	ZACCJABT0FPB63661	t
11910	ZACCJABT0FPB63664	t
11911	ZACCJBBH0FPB63665	t
11912	ZACCJABT0FPB63666	t
11913	ZACCJBCT0FPB63667	t
11914	ZACCJABT0FPB63668	t
11915	ZACCJADT0FPB63669	t
11916	ZACCJBDT0FPB63671	t
11917	ZACCJABT0FPB63672	t
11918	ZACCJBDT0FPB63673	t
11919	ZACCJBCT0FPB63678	t
11920	ZACCJABT0FPB63680	t
11921	ZACCJBBH0FPB63681	t
11922	ZACCJBCT0FPB63683	t
11923	ZACCJBCT0FPB63684	t
11924	ZACCJBCT0FPB63685	t
11925	ZACCJBBH0FPB63686	t
11926	ZACCJBBT0FPB63688	t
11927	ZACCJBCT0FPB63689	t
11928	ZACCJBCT0FPB63693	t
11929	ZACCJBCT0FPB63695	t
11930	ZACCJBBH0FPB63697	t
11931	ZACCJABT0FPB63698	t
11932	ZACCJBBH0FPB63699	t
11933	ZACCJBCT0FPB63700	t
11934	ZACCJABT0FPB63702	t
11935	ZACCJABT0FPB63703	t
11936	ZACCJBCT0FPB63704	t
11937	ZACCJBCT0FPB63705	t
11938	ZACCJABT0FPB63706	t
11939	ZACCJABT0FPB63707	t
11940	ZACCJBCT0FPB63708	t
11941	ZACCJBBH0FPB63709	t
11942	ZACCJBCT0FPB63710	t
11943	ZACCJBCT0FPB63711	t
11944	ZACCJBCT0FPB63712	t
11945	ZACCJABT0FPB63714	t
11946	ZACCJABT0FPB63715	t
11947	ZACCJBCT0FPB63716	t
11948	ZACCJBCT0FPB63717	t
11949	ZACCJABT0FPB63721	t
11950	ZACCJBCT0FPB63722	t
11951	ZACCJABT0FPB63723	t
11952	ZACCJABH0FPB63724	t
11953	ZACCJABT0FPB63725	t
11954	ZACCJBCT0FPB63726	t
11955	ZACCJBCT0FPB63727	t
11956	ZACCJABT0FPB63728	t
11957	ZACCJABT0FPB63733	t
11958	ZACCJABT0FPB63734	t
11959	ZACCJABT0FPB63735	t
11960	ZACCJABT0FPB63736	t
11961	ZACCJABT0FPB63737	t
11962	ZACCJABT0FPB63740	t
11963	ZACCJBCT0FPB63741	t
11964	ZACCJBCT0FPB63743	t
11965	ZACCJABT0FPB63744	t
11966	ZACCJABT0FPB63745	t
11967	ZACCJBCT0FPB63747	t
11968	ZACCJBCT0FPB63752	t
11969	ZACCJABT0FPB63754	t
11970	ZACCJABT0FPB63755	t
11971	ZACCJABT0FPB63756	t
11972	ZACCJBCT0FPB63758	t
11973	ZACCJBCT0FPB63759	t
11974	ZACCJABT0FPB63761	t
11975	ZACCJBCT0FPB63762	t
11976	ZACCJABT0FPB63763	t
11977	ZACCJABT0FPB63764	t
11978	ZACCJBBT0FPB63766	t
11979	ZACCJBCT0FPB63767	t
11980	ZACCJABT0FPB63768	t
11981	ZACCJABH0FPB63769	t
11982	ZACCJABT0FPB63770	t
11983	ZACCJABT0FPB63771	t
11984	ZACCJADT0FPB63773	t
11985	ZACCJABH0FPB63775	t
11986	ZACCJABH0FPB63776	t
11987	ZACCJABT0FPB63777	t
11988	ZACCJABH0FPB63778	t
11989	ZACCJABH0FPB63779	t
11990	ZACCJABT0FPB63781	t
11991	ZACCJABT0FPB63782	t
11992	ZACCJBCT0FPB63783	t
11993	ZACCJABH0FPB63784	t
11994	ZACCJBDT0FPB63785	t
11995	ZACCJBBT0FPB63786	t
11996	ZACCJABT0FPB63787	t
11997	ZACCJABH0FPB63788	t
11998	ZACCJBDT0FPB63789	t
11999	ZACCJABH0FPB63790	t
12000	ZACCJABH0FPB63792	t
12001	ZACCJABT0FPB63793	t
12002	ZACCJBBT0FPB63794	t
12003	ZACCJABT0FPB63797	t
12004	ZACCJABH0FPB63798	t
12005	ZACCJBBT0FPB63799	t
12006	ZACCJBBT0FPB63801	t
12007	ZACCJABT0FPB63802	t
12008	ZACCJBBT0FPB63803	t
12009	ZACCJBCT0FPB63804	t
12010	ZACCJABT0FPB63805	t
12011	ZACCJBBT0FPB63808	t
12012	ZACCJBBT0FPB63809	t
12013	ZACCJABT0FPB63811	t
12014	ZACCJABT0FPB63812	t
12015	ZACCJBBT0FPB63813	t
12016	ZACCJABH0FPB63814	t
12017	ZACCJABT0FPB63815	t
12018	ZACCJBBT0FPB63816	t
12019	ZACCJBBT0FPB63817	t
12020	ZACCJBBT0FPB63818	t
12021	ZACCJBBT0FPB63819	t
12022	ZACCJBBT0FPB63820	t
12023	ZACCJBBT0FPB63821	t
12024	ZACCJABT0FPB63822	t
12025	ZACCJABT0FPB63823	t
12026	ZACCJADT0FPB63826	t
12027	ZACCJABT0FPB63827	t
12028	ZACCJABT0FPB63828	t
12029	ZACCJBBT0FPB63829	t
12030	ZACCJABT0FPB63830	t
12031	ZACCJABT0FPB63831	t
12032	ZACCJBBT0FPB63832	t
12033	ZACCJABH0FPB63833	t
12034	ZACCJBBT0FPB63834	t
12035	ZACCJABT0FPB63835	t
12036	ZACCJABT0FPB63836	t
12037	ZACCJBBT0FPB63837	t
12038	ZACCJBBT0FPB63838	t
12039	ZACCJABT0FPB63840	t
12040	ZACCJBBT0FPB63841	t
12041	ZACCJBBT0FPB63842	t
12042	ZACCJBBT0FPB63844	t
12043	ZACCJABT0FPB63846	t
12044	ZACCJABT0FPB63847	t
12045	ZACCJBBT0FPB63848	t
12046	ZACCJABT0FPB63850	t
12047	ZACCJABH0FPB63851	t
12048	ZACCJABT0FPB63852	t
12049	ZACCJBBT0FPB63853	t
12050	ZACCJBDT0FPB63854	t
12051	ZACCJABT0FPB63861	t
12052	ZACCJBBH0FPB63862	t
12053	ZACCJBBH0FPB63869	t
12054	ZACCJABH0FPB63870	t
12055	ZACCJABT0FPB63871	t
12056	ZACCJABT0FPB63873	t
12057	ZACCJABT0FPB63876	t
12058	ZACCJBBT0FPB63880	t
12059	ZACCJABT0FPB63881	t
12060	ZACCJABT0FPB63887	t
12061	ZACCJABT0FPB63892	t
12062	ZACCJABT0FPB63893	t
12063	ZACCJBBT0FPB63894	t
12064	ZACCJABT0FPB63895	t
12065	ZACCJABT0FPB63896	t
12066	ZACCJBBT0FPB63898	t
12067	ZACCJABT0FPB63899	t
12068	ZACCJABT0FPB63901	t
12069	ZACCJABT0FPB63903	t
12070	ZACCJABT0FPB63904	t
12071	ZACCJABH0FPB63908	t
12072	ZACCJABT0FPB63909	t
12073	ZACCJABT0FPB63910	t
12074	ZACCJABT0FPB63913	t
12075	ZACCJABT0FPB63915	t
12076	ZACCJABT0FPB63916	t
12077	ZACCJABT0FPB63917	t
12078	ZACCJABT0FPB63918	t
12079	ZACCJBBH0FPB63920	t
12080	ZACCJBBH0FPB63921	t
12081	ZACCJABH0FPB63922	t
12082	ZACCJABH0FPB63923	t
12083	ZACCJBBT0FPB63924	t
12084	ZACCJBDT0FPB63925	t
12085	ZACCJBBH0FPB63926	t
12086	ZACCJBDT0FPB63927	t
12087	ZACCJBBH0FPB63928	t
12088	ZACCJBBH0FPB63929	t
12089	ZACCJADT0FPB63930	t
12090	ZACCJADT0FPB63931	t
12091	ZACCJBBT0FPB63932	t
12092	ZACCJBDT0FPB63933	t
12093	ZACCJBDT0FPB63934	t
12094	ZACCJBDT0FPB63935	t
12095	ZACCJBBT0FPB63936	t
12096	ZACCJADT0FPB63937	t
12097	ZACCJBCT0FPB63940	t
12098	ZACCJABT0FPB63941	t
12099	ZACCJBBH0FPB63942	t
12100	ZACCJBCT0FPB63943	t
12101	ZACCJBBT0FPB63945	t
12102	ZACCJBCT0FPB63947	t
12103	ZACCJBBH0FPB63949	t
12104	ZACCJBCT0FPB63950	t
12105	ZACCJBBT0FPB63952	t
12106	ZACCJBCT0FPB63953	t
12107	ZACCJBBT0FPB63954	t
12108	ZACCJBCT0FPB63955	t
12109	ZACCJBCT0FPB63959	t
12110	ZACCJABT0FPB63960	t
12111	ZACCJBBT0FPB63965	t
12112	ZACCJBCT0FPB63966	t
12113	ZACCJBCT0FPB63967	t
12114	ZACCJADT0FPB63970	t
12115	ZACCJBBH0FPB63972	t
12116	ZACCJBDT0FPB63973	t
12117	ZACCJBBH0FPB63975	t
12118	ZACCJBBT0FPB63976	t
12119	ZACCJADT0FPB63977	t
12120	ZACCJBBH0FPB63978	t
12121	ZACCJBBT0FPB63979	t
12122	ZACCJBBT0FPB63980	t
12123	ZACCJADT0FPB63983	t
12124	ZACCJADT0FPB63986	t
12125	ZACCJBBH0FPB63987	t
12126	ZACCJBBH0FPB63988	t
12127	ZACCJADT0FPB63989	t
12128	ZACCJBDT0FPB63990	t
12129	ZACCJBCT0FPB63991	t
12130	ZACCJBBH0FPB63992	t
12131	ZACCJABT0FPB63993	t
12132	ZACCJBBH0FPB63994	t
12133	ZACCJABT0FPB63995	t
12134	ZACCJBBT0FPB63996	t
12135	ZACCJBBT0FPB63997	t
12136	ZACCJBDT0FPB63999	t
12137	ZACCJBBT0FPB64001	t
12138	ZACCJBCT0FPB64002	t
12139	ZACCJBBT0FPB64003	t
12140	ZACCJBDT0FPB64004	t
12141	ZACCJADT0FPB64005	t
12142	ZACCJBBT0FPB64006	t
12143	ZACCJBDT0FPB64007	t
12144	ZACCJBCT0FPB64008	t
12145	ZACCJBDT0FPB64009	t
12146	ZACCJBDT0FPB64010	t
12147	ZACCJBBT0FPB64013	t
12148	ZACCJBBT0FPB64015	t
12149	ZACCJBBT0FPB64016	t
12150	ZACCJBBH0FPB64017	t
12151	ZACCJBBH0FPB64018	t
12152	ZACCJBDT0FPB64019	t
12153	ZACCJBBT0FPB64020	t
12154	ZACCJBBH0FPB64023	t
12155	ZACCJADT0FPB64024	t
12156	ZACCJBBH0FPB64026	t
12157	ZACCJBBH0FPB64028	t
12158	ZACCJBCT0FPB64029	t
12159	ZACCJBBT0FPB64030	t
12160	ZACCJBCT0FPB64031	t
12161	ZACCJBCT0FPB64034	t
12162	ZACCJBDT0FPB64035	t
12163	ZACCJADT0FPB64037	t
12164	ZACCJBBT0FPB64038	t
12165	ZACCJBDT0FPB64039	t
12166	ZACCJBBT0FPB64040	t
12167	ZACCJBDT0FPB64041	t
12168	ZACCJBDT0FPB64042	t
12169	ZACCJBBT0FPB64043	t
12170	ZACCJBBH0FPB64044	t
12171	ZACCJBDT0FPB64047	t
12172	ZACCJBCT0FPB64048	t
12173	ZACCJBDT0FPB64049	t
12174	ZACCJBCT0FPB64050	t
12175	ZACCJABT0FPB64051	t
12176	ZACCJADT0FPB64052	t
12177	ZACCJBBT0FPB64053	t
12178	ZACCJBBT0FPB64054	t
12179	ZACCJBBT0FPB64055	t
12180	ZACCJBDT0FPB64056	t
12181	ZACCJBDT0FPB64057	t
12182	ZACCJABT0FPB64059	t
12183	ZACCJBBT0FPB64061	t
12184	ZACCJBBT0FPB64062	t
12185	ZACCJBBT0FPB64063	t
12186	ZACCJABT0FPB64064	t
12187	ZACCJBBT0FPB64066	t
12188	ZACCJBBT0FPB64068	t
12189	ZACCJBBT0FPB64069	t
12190	ZACCJBBT0FPB64070	t
12191	ZACCJBBT0FPB64071	t
12192	ZACCJBBT0FPB64074	t
12193	ZACCJBBT0FPB64077	t
12194	ZACCJABT0FPB64078	t
12195	ZACCJBBT0FPB64080	t
12196	ZACCJBBT0FPB64082	t
12197	ZACCJBBT0FPB64085	t
12198	ZACCJBCT0FPB64088	t
12199	ZACCJBDT0FPB64089	t
12200	ZACCJBCT0FPB64091	t
12201	ZACCJBBT0FPB64096	t
12202	ZACCJBBT0FPB64099	t
12203	ZACCJBBH0FPB64100	t
12204	ZACCJBCT0FPB64101	t
12205	ZACCJBBT0FPB64102	t
12206	ZACCJBBT0FPB64104	t
12207	ZACCJABT0FPB64105	t
12208	ZACCJBBT0FPB64109	t
12209	ZACCJBCT0FPB64111	t
12210	ZACCJBBT0FPB64112	t
12211	ZACCJBBT0FPB64113	t
12212	ZACCJABT0FPB64114	t
12213	ZACCJBBT0FPB64116	t
12214	ZACCJBBT0FPB64117	t
12215	ZACCJBCT0FPB64118	t
12216	ZACCJBBT0FPB64121	t
12217	ZACCJBCT0FPB64123	t
12218	ZACCJBBT0FPB64124	t
12219	ZACCJBCT0FPB64126	t
12220	ZACCJBCT0FPB64130	t
12221	ZACCJBBT0FPB64131	t
12222	ZACCJBBT0FPB64134	t
12223	ZACCJBBT0FPB64136	t
12224	ZACCJBBH0FPB64139	t
12225	ZACCJABT0FPB64141	t
12226	ZACCJBBT0FPB64145	t
12227	ZACCJBBT0FPB64146	t
12228	ZACCJBBT0FPB64151	t
12229	ZACCJBBT0FPB64155	t
12230	ZACCJBCT0FPB64161	t
12231	ZACCJBBT0FPB64164	t
12232	ZACCJBBT0FPB64169	t
12233	ZACCJBBT0FPB64170	t
12234	ZACCJBBT0FPB64172	t
12235	ZACCJBBT0FPB64174	t
12236	ZACCJBBT0FPB64176	t
12237	ZACCJBBT0FPB64177	t
12238	ZACCJBBT0FPB64180	t
12239	ZACCJBBT0FPB64181	t
12240	ZACCJBBT0FPB64182	t
12241	ZACCJBBT0FPB64190	t
12242	ZACCJABT0FPB64191	t
12243	ZACCJBCT0FPB64194	t
12244	ZACCJBBT0FPB64198	t
12245	ZACCJBBT0FPB64200	t
12246	ZACCJBBT0FPB64201	t
12247	ZACCJBBT0FPB64202	t
12248	ZACCJBBT0FPB64203	t
12249	ZACCJBCT0FPB64204	t
12250	ZACCJBBT0FPB64208	t
12251	ZACCJBBT0FPB64209	t
12252	ZACCJBCT0FPB64211	t
12253	ZACCJBBT0FPB64213	t
12254	ZACCJBBT0FPB64214	t
12255	ZACCJBBT0FPB64215	t
12256	ZACCJBBT0FPB64228	t
12257	ZACCJBBT0FPB64229	t
12258	ZACCJBBT0FPB64231	t
12259	ZACCJBBT0FPB64232	t
12260	ZACCJBBT0FPB64234	t
12261	ZACCJBCT0FPB64236	t
12262	ZACCJBBT0FPB64238	t
12263	ZACCJBBT0FPB64239	t
12264	ZACCJBBT0FPB64243	t
12265	ZACCJBBT0FPB64244	t
12266	ZACCJBBT0FPB64246	t
12267	ZACCJBBT0FPB64247	t
12268	ZACCJBBT0FPB64248	t
12269	ZACCJBBT0FPB64250	t
12270	ZACCJBBT0FPB64251	t
12271	ZACCJBBT0FPB64253	t
12272	ZACCJBBT0FPB64254	t
12273	ZACCJBCT0FPB64255	t
12274	ZACCJBBT0FPB64257	t
12275	ZACCJBCT0FPB64258	t
12276	ZACCJBBT0FPB64259	t
12277	ZACCJBBT0FPB64260	t
12278	ZACCJBBT0FPB64261	t
12279	ZACCJBBT0FPB64262	t
12280	ZACCJBBT0FPB64264	t
12281	ZACCJBBT0FPB64267	t
12282	ZACCJBBT0FPB64268	t
12283	ZACCJBCT0FPB64269	t
12284	ZACCJBBT0FPB64270	t
12285	ZACCJBCT0FPB64271	t
12286	ZACCJBCT0FPB64272	t
12287	ZACCJBBT0FPB64274	t
12288	ZACCJBCT0FPB64275	t
12289	ZACCJBCT0FPB64276	t
12290	ZACCJBBT0FPB64277	t
12291	ZACCJBBT0FPB64278	t
12292	ZACCJBBT0FPB64279	t
12293	ZACCJBBT0FPB64281	t
12294	ZACCJBCT0FPB64289	t
12295	ZACCJBCT0FPB64293	t
12296	ZACCJBCT0FPB64295	t
12297	ZACCJBCT0FPB64297	t
12298	ZACCJBBT0FPB64298	t
12299	ZACCJBBT0FPB64300	t
12300	ZACCJBBT0FPB64303	t
12301	ZACCJBBT0FPB64304	t
12302	ZACCJBBT0FPB64305	t
12303	ZACCJBBT0FPB64312	t
12304	ZACCJBBT0FPB64317	t
12305	ZACCJBBT0FPB64318	t
12306	ZACCJBCT0FPB64320	t
12307	ZACCJBBT0FPB64321	t
12308	ZACCJBBT0FPB64324	t
12309	ZACCJBCT0FPB64325	t
12310	ZACCJBBT0FPB64326	t
12311	ZACCJBBT0FPB64327	t
12312	ZACCJBBT0FPB64328	t
12313	ZACCJBBT0FPB64329	t
12314	ZACCJBBT0FPB64332	t
12315	ZACCJBCT0FPB64335	t
12316	ZACCJBBT0FPB64340	t
12317	ZACCJBCT0FPB64341	t
12318	ZACCJBBT0FPB64342	t
12319	ZACCJBBT0FPB64343	t
12320	ZACCJBCT0FPB64344	t
12321	ZACCJBBT0FPB64345	t
12322	ZACCJBBT0FPB64346	t
12323	ZACCJBBT0FPB64348	t
12324	ZACCJBBT0FPB64349	t
12325	ZACCJBBT0FPB64351	t
12326	ZACCJBBT0FPB64353	t
12327	ZACCJBBT0FPB64355	t
12328	ZACCJBBT0FPB64356	t
12329	ZACCJABT0FPB64358	t
12330	ZACCJBCT0FPB64359	t
12331	ZACCJBBT0FPB64361	t
12332	ZACCJBCT0FPB64364	t
12333	ZACCJBBT0FPB64376	t
12334	ZACCJBCT0FPB64383	t
12335	ZACCJBBT0FPB64387	t
12336	ZACCJBBT0FPB64388	t
12337	ZACCJBCT0FPB64390	t
12338	ZACCJBBT0FPB64392	t
12339	ZACCJBBT0FPB64393	t
12340	ZACCJBBT0FPB64394	t
12341	ZACCJBBT0FPB64396	t
12342	ZACCJBBT0FPB64397	t
12343	ZACCJBBT0FPB64398	t
12344	ZACCJBDT0FPB64399	t
12345	ZACCJBCT0FPB64403	t
12346	ZACCJBBT0FPB64405	t
12347	ZACCJBBT0FPB64408	t
12348	ZACCJBBT0FPB64409	t
12349	ZACCJBCT0FPB64410	t
12350	ZACCJBBT0FPB64411	t
12351	ZACCJBCT0FPB64412	t
12352	ZACCJBBT0FPB64416	t
12353	ZACCJBBT0FPB64417	t
12354	ZACCJBBT0FPB64418	t
12355	ZACCJBBT0FPB64419	t
12356	ZACCJBBT0FPB64420	t
12357	ZACCJBBT0FPB64421	t
12358	ZACCJBBT0FPB64422	t
12359	ZACCJBBT0FPB64424	t
12360	ZACCJBBT0FPB64425	t
12361	ZACCJBBT0FPB64426	t
12362	ZACCJBBT0FPB64432	t
12363	ZACCJBBT0FPB64434	t
12364	ZACCJBBT0FPB64435	t
12365	ZACCJBBT0FPB64436	t
12366	ZACCJBDT0FPB64437	t
12367	ZACCJBBT0FPB64438	t
12368	ZACCJBBT0FPB64439	t
12369	ZACCJBBT0FPB64441	t
12370	ZACCJBBT0FPB64442	t
12371	ZACCJBBT0FPB64443	t
12372	ZACCJBBT0FPB64444	t
12373	ZACCJBBT0FPB64446	t
12374	ZACCJBBT0FPB64447	t
12375	ZACCJBBT0FPB64448	t
12376	ZACCJBDT0FPB64449	t
12377	ZACCJBBT0FPB64450	t
12378	ZACCJBBT0FPB64451	t
12379	ZACCJBBT0FPB64452	t
12380	ZACCJBBT0FPB64453	t
12381	ZACCJBBT0FPB64454	t
12382	ZACCJABT0FPB64457	t
12383	ZACCJABT0FPB64460	t
12384	ZACCJBBT0FPB64461	t
12385	ZACCJABT0FPB64462	t
12386	ZACCJBBT0FPB64464	t
12387	ZACCJBBT0FPB64465	t
12388	ZACCJABT0FPB64466	t
12389	ZACCJBBT0FPB64467	t
12390	ZACCJBBT0FPB64469	t
12391	ZACCJBBT0FPB64470	t
12392	ZACCJBBT0FPB64471	t
12393	ZACCJBCT0FPB64472	t
12394	ZACCJBBT0FPB64473	t
12395	ZACCJABT0FPB64477	t
12396	ZACCJBBT0FPB64478	t
12397	ZACCJBBT0FPB64479	t
12398	ZACCJABT0FPB64480	t
12399	ZACCJBBT0FPB64481	t
12400	ZACCJBBT0FPB64482	t
12401	ZACCJBBT0FPB64483	t
12402	ZACCJBBT0FPB64484	t
12403	ZACCJBBT0FPB64487	t
12404	ZACCJBBT0FPB64488	t
12405	ZACCJBAH0FPB64489	t
12406	ZACCJBBT0FPB64490	t
12407	ZACCJABT0FPB64491	t
12408	ZACCJBBH0FPB64493	t
12409	ZACCJBAH0FPB64494	t
12410	ZACCJBBT0FPB64496	t
12411	ZACCJBAH0FPB64498	t
12412	ZACCJBDT0FPB64499	t
12413	ZACCJBAH0FPB64502	t
12414	ZACCJBBT0FPB64504	t
12415	ZACCJBAT0FPB64505	t
12416	ZACCJBAT0FPB64511	t
12417	ZACCJBBT0FPB64520	t
12418	ZACCJBAT0FPB64525	t
12419	ZACCJBBT0FPB64530	t
12420	ZACCJBAT0FPB64531	t
12421	ZACCJBAT0FPB64532	t
12422	ZACCJABT0FPB64537	t
12423	ZACCJBDT0FPB64540	t
12424	ZACCJBAT0FPB64541	t
12425	ZACCJBBH0FPB64544	t
12426	ZACCJAAT0FPB64545	t
12427	ZACCJBBT0FPB64546	t
12428	ZACCJBAT0FPB64549	t
12429	ZACCJBAT0FPB64551	t
12430	ZACCJBAH0FPB64552	t
12431	ZACCJBCT0FPB64555	t
12432	ZACCJBAH0FPB64556	t
12433	ZACCJABH0FPB64557	t
12434	ZACCJBBT0FPB64559	t
12435	ZACCJBAH0FPB64561	t
12436	ZACCJBCT0FPB64562	t
12437	ZACCJBBT0FPB64563	t
12438	ZACCJABT0FPB64565	t
12439	ZACCJABT0FPB64566	t
12440	ZACCJAAT0FPB64567	t
12441	ZACCJBCT0FPB64570	t
12442	ZACCJBAT0FPB64574	t
12443	ZACCJBCT0FPB64575	t
12444	ZACCJBBT0FPB64579	t
12445	ZACCJBAT0FPB64580	t
12446	ZACCJBBT0FPB64581	t
12447	ZACCJBBT0FPB64582	t
12448	ZACCJBBT0FPB64584	t
12449	ZACCJBBT0FPB64586	t
12450	ZACCJBDT0FPB64589	t
12451	ZACCJBAT0FPB64590	t
12452	ZACCJBCT0FPB64591	t
12453	ZACCJADT0FPB64602	t
12454	ZACCJBCT0FPB64604	t
12455	ZACCJBAT0FPB64605	t
12456	ZACCJBCT0FPB64608	t
12457	ZACCJBAT0FPB64613	t
12458	ZACCJBCT0FPB64615	t
12459	ZACCJBAT0FPB64616	t
12460	ZACCJBAT0FPB64618	t
12461	ZACCJBAT0FPB64623	t
12462	ZACCJBDT0FPB64627	t
12463	ZACCJBAT0FPB64628	t
12464	ZACCJBDT0FPB64629	t
12465	ZACCJBAT0FPB64636	t
12466	ZACCJBAT0FPB64640	t
12467	ZACCJBDT0FPB64642	t
12468	ZACCJABT0FPB64643	t
12469	ZACCJBAT0FPB64645	t
12470	ZACCJBCT0FPB64651	t
12471	ZACCJBCT0FPB64656	t
12472	ZACCJBCT0FPB64665	t
12473	ZACCJAAT0FPB64668	t
12474	ZACCJBCT0FPB64670	t
12475	ZACCJBCT0FPB64674	t
12476	ZACCJABT0FPB64675	t
12477	ZACCJBCT0FPB64677	t
12478	ZACCJBBT0FPB64679	t
12479	ZACCJABT0FPB64684	t
12480	ZACCJBCT0FPB64687	t
12481	ZACCJBBT0FPB64690	t
12482	ZACCJBCT0FPB64695	t
12483	ZACCJBBT0FPB64703	t
12484	ZACCJBBT0FPB64704	t
12485	ZACCJADT0FPB64716	t
12486	ZACCJABT0FPB64717	t
12487	ZACCJBDT0FPB64718	t
12488	ZACCJBBT0FPB64721	t
12489	ZACCJBDT0FPB64722	t
12490	ZACCJBBT0FPB64723	t
12491	ZACCJBBT0FPB64728	t
12492	ZACCJADT0FPB64733	t
12493	ZACCJABT0FPB64737	t
12494	ZACCJBBT0FPB64739	t
12495	ZACCJABT0FPB64741	t
12496	ZACCJBBT0FPB64742	t
12497	ZACCJBBT0FPB64743	t
12498	ZACCJBDT0FPB64746	t
12499	ZACCJBBT0FPB64748	t
12500	ZACCJBDT0FPB64749	t
12501	ZACCJBBT0FPB64750	t
12502	ZACCJABT0FPB64753	t
12503	ZACCJBBT0FPB64754	t
12504	ZACCJBDT0FPB64757	t
12505	ZACCJBDT0FPB64758	t
12506	ZACCJBDT0FPB64759	t
12507	ZACCJBBT0FPB64760	t
12508	ZACCJBBT0FPB64762	t
12509	ZACCJBBT0FPB64763	t
12510	ZACCJABT0FPB64768	t
12511	ZACCJBBT0FPB64769	t
12512	ZACCJBDT0FPB64770	t
12513	ZACCJBBT0FPB64773	t
12514	ZACCJABT0FPB64779	t
12515	ZACCJBBT0FPB64780	t
12516	ZACCJBDT0FPB64781	t
12517	ZACCJBBT0FPB64785	t
12518	ZACCJBDT0FPB64787	t
12519	ZACCJBBT0FPB64788	t
12520	ZACCJBBT0FPB64789	t
12521	ZACCJABH0FPB64795	t
12522	ZACCJBBT0FPB64797	t
12523	ZACCJBDT0FPB64798	t
12524	ZACCJABT0FPB64799	t
12525	ZACCJABT0FPB64802	t
12526	ZACCJABT0FPB64803	t
12527	ZACCJBDT0FPB64804	t
12528	ZACCJBDT0FPB64805	t
12529	ZACCJBBT0FPB64806	t
12530	ZACCJBBT0FPB64807	t
12531	ZACCJBCT0FPB64808	t
12532	ZACCJBBT0FPB64809	t
12533	ZACCJBCT0FPB64810	t
12534	ZACCJBBT0FPB64811	t
12535	ZACCJBBT0FPB64813	t
12536	ZACCJABT0FPB64814	t
12537	ZACCJBCT0FPB64815	t
12538	ZACCJAAT0FPB64816	t
12539	ZACCJBCT0FPB64817	t
12540	ZACCJABT0FPB64818	t
12541	ZACCJBBT0FPB64819	t
12542	ZACCJBCT0FPB64820	t
12543	ZACCJBCT0FPB64821	t
12544	ZACCJBCT0FPB64822	t
12545	ZACCJBBT0FPB64825	t
12546	ZACCJBAT0FPB64826	t
12547	ZACCJAAT0FPB64827	t
12548	ZACCJABT0FPB64828	t
12549	ZACCJABT0FPB64829	t
12550	ZACCJBDT0FPB64830	t
12551	ZACCJABH0FPB64831	t
12552	ZACCJBBT0FPB64832	t
12553	ZACCJBAT0FPB64834	t
12554	ZACCJBBT0FPB64835	t
12555	ZACCJABT0FPB64836	t
12556	ZACCJBBT0FPB64837	t
12557	ZACCJABT0FPB64838	t
12558	ZACCJBBT0FPB64839	t
12559	ZACCJBAT0FPB64840	t
12560	ZACCJBBT0FPB64841	t
12561	ZACCJBBT0FPB64842	t
12562	ZACCJBBT0FPB64843	t
12563	ZACCJADT0FPB64846	t
12564	ZACCJABT0FPB64848	t
12565	ZACCJBDT0FPB64849	t
12566	ZACCJBBT0FPB64850	t
12567	ZACCJBDT0FPB64851	t
12568	ZACCJABT0FPB64852	t
12569	ZACCJBDT0FPB64853	t
12570	ZACCJBCT0FPB64854	t
12571	ZACCJBBT0FPB64855	t
12572	ZACCJABT0FPB64856	t
12573	ZACCJBBT0FPB64857	t
12574	ZACCJBBT0FPB64858	t
12575	ZACCJBBT0FPB64860	t
12576	ZACCJBBT0FPB64862	t
12577	ZACCJBCT0FPB64863	t
12578	ZACCJABT0FPB64864	t
12579	ZACCJBCT0FPB64865	t
12580	ZACCJBBT0FPB64866	t
12581	ZACCJBBT0FPB64867	t
12582	ZACCJBCT0FPB64868	t
12583	ZACCJBBT0FPB64869	t
12584	ZACCJBBT0FPB64870	t
12585	ZACCJBAT0FPB64871	t
12586	ZACCJBBT0FPB64872	t
12587	ZACCJBBT0FPB64873	t
12588	ZACCJBDT0FPB64874	t
12589	ZACCJBCT0FPB64875	t
12590	ZACCJBDT0FPB64876	t
12591	ZACCJABT0FPB64877	t
12592	ZACCJBAT0FPB64881	t
12593	ZACCJBBT0FPB64883	t
12594	ZACCJBDT0FPB64884	t
12595	ZACCJBAT0FPB64886	t
12596	ZACCJBAT0FPB64887	t
12597	ZACCJBDT0FPB64890	t
12598	ZACCJABH0FPB64891	t
12599	ZACCJBBT0FPB64892	t
12600	ZACCJBAT0FPB64894	t
12601	ZACCJBAT0FPB64896	t
12602	ZACCJBAT0FPB64898	t
12603	ZACCJABH0FPB64899	t
12604	ZACCJBDT0FPB64901	t
12605	ZACCJABH0FPB64902	t
12606	ZACCJBBT0FPB64905	t
12607	ZACCJBBT0FPB64906	t
12608	ZACCJBAT0FPB64908	t
12609	ZACCJBAT0FPB64909	t
12610	ZACCJBBT0FPB64911	t
12611	ZACCJBCT0FPB64912	t
12612	ZACCJAAT0FPB64913	t
12613	ZACCJBDT0FPB64915	t
12614	ZACCJABH0FPB64917	t
12615	ZACCJABH0FPB64918	t
12616	ZACCJAAH0FPB64919	t
12617	ZACCJABT0FPB64920	t
12618	ZACCJABH0FPB64921	t
12619	ZACCJABT0FPB64922	t
12620	ZACCJABT0FPB64923	t
12621	ZACCJBBT0FPB64925	t
12622	ZACCJABT0FPB64926	t
12623	ZACCJAAT0FPB64927	t
12624	ZACCJABH0FPB64928	t
12625	ZACCJABT0FPB64929	t
12626	ZACCJAAH0FPB64930	t
12627	ZACCJAAH0FPB64931	t
12628	ZACCJABH0FPB64932	t
12629	ZACCJAAT0FPB64933	t
12630	ZACCJAAT0FPB64934	t
12631	ZACCJAAT0FPB64935	t
12632	ZACCJAAT0FPB64936	t
12633	ZACCJABT0FPB64937	t
12634	ZACCJAAT0FPB64938	t
12635	ZACCJAAT0FPB64939	t
12636	ZACCJAAT0FPB64940	t
12637	ZACCJAAT0FPB64941	t
12638	ZACCJBCT0FPB64942	t
12639	ZACCJABH0FPB64944	t
12640	ZACCJAAT0FPB64945	t
12641	ZACCJAAT0FPB64946	t
12642	ZACCJBBT0FPB64947	t
12643	ZACCJBBT0FPB64948	t
12644	ZACCJBBT0FPB64949	t
12645	ZACCJBBT0FPB64950	t
12646	ZACCJBBT0FPB64951	t
12647	ZACCJBBT0FPB64952	t
12648	ZACCJBCT0FPB64954	t
12649	ZACCJBBT0FPB64955	t
12650	ZACCJAAT0FPB64956	t
12651	ZACCJBBT0FPB64957	t
12652	ZACCJBBT0FPB64958	t
12653	ZACCJBBT0FPB64959	t
12654	ZACCJBBT0FPB64960	t
12655	ZACCJBBT0FPB64961	t
12656	ZACCJBBT0FPB64962	t
12657	ZACCJBBT0FPB64964	t
12658	ZACCJBBT0FPB64966	t
12659	ZACCJBCT0FPB64968	t
12660	ZACCJBCT0FPB64969	t
12661	ZACCJBDT0FPB64970	t
12662	ZACCJBCT0FPB64974	t
12663	ZACCJBAT0FPB64975	t
12664	ZACCJBBT0FPB64978	t
12665	ZACCJBBT0FPB64981	t
12666	ZACCJBBT0FPB64982	t
12667	ZACCJBCT0FPB64983	t
12668	ZACCJBCT0FPB64989	t
12669	ZACCJBCT0FPB64991	t
12670	ZACCJBBT0FPB64993	t
12671	ZACCJBDT0FPB64994	t
12672	ZACCJBBT0FPB64995	t
12673	ZACCJBBT0FPB64996	t
12674	ZACCJBBT0FPB64997	t
12675	ZACCJBBT0FPB64998	t
12676	ZACCJBBT0FPB64999	t
12677	ZACCJBBT0FPB65001	t
12678	ZACCJBBT0FPB65002	t
12679	ZACCJBBT0FPB65003	t
12680	ZACCJBBT0FPB65004	t
12681	ZACCJBBT0FPB65005	t
12682	ZACCJBBT0FPB65007	t
12683	ZACCJBBT0FPB65008	t
12684	ZACCJBBT0FPB65009	t
12685	ZACCJBBT0FPB65010	t
12686	ZACCJABT0FPB65011	t
12687	ZACCJABH0FPB65012	t
12688	ZACCJAAT0FPB65013	t
12689	ZACCJABH0FPB65014	t
12690	ZACCJBBT0FPB65015	t
12691	ZACCJBBT0FPB65017	t
12692	ZACCJABT0FPB65018	t
12693	ZACCJBBT0FPB65019	t
12694	ZACCJABT0FPB65020	t
12695	ZACCJBBT0FPB65021	t
12696	ZACCJBBT0FPB65022	t
12697	ZACCJBDT0FPB65023	t
12698	ZACCJBBT0FPB65024	t
12699	ZACCJAAT0FPB65026	t
12700	ZACCJAAT0FPB65027	t
12701	ZACCJBAH0FPB65029	t
12702	ZACCJAAT0FPB65030	t
12703	ZACCJABT0FPB65033	t
12704	ZACCJAAT0FPB65034	t
12705	ZACCJBAH0FPB65036	t
12706	ZACCJBAH0FPB65038	t
12707	ZACCJBAT0FPB65041	t
12708	ZACCJBAH0FPB65044	t
12709	ZACCJABH0FPB65045	t
12710	ZACCJBAH0FPB65047	t
12711	ZACCJBAH0FPB65049	t
12712	ZACCJBAT0FPB65053	t
12713	ZACCJBAH0FPB65054	t
12714	ZACCJBAT0FPB65055	t
12715	ZACCJAAT0FPB65057	t
12716	ZACCJBAH0FPB65059	t
12717	ZACCJBAH0FPB65061	t
12718	ZACCJBAH0FPB65062	t
12719	ZACCJBAH0FPB65064	t
12720	ZACCJBAH0FPB65065	t
12721	ZACCJBAH0FPB65067	t
12722	ZACCJBBT0FPB65068	t
12723	ZACCJBAT0FPB65069	t
12724	ZACCJBAT0FPB65072	t
12725	ZACCJBAT0FPB65074	t
12726	ZACCJBAT0FPB65075	t
12727	ZACCJBAH0FPB65076	t
12728	ZACCJBBT0FPB65078	t
12729	ZACCJBAT0FPB65081	t
12730	ZACCJABT0FPB65084	t
12731	ZACCJBAT0FPB65085	t
12732	ZACCJBAT0FPB65087	t
12733	ZACCJBAT0FPB65088	t
12734	ZACCJBAT0FPB65091	t
12735	ZACCJBAH0FPB65092	t
12736	ZACCJBDT0FPB65093	t
12737	ZACCJBBT0FPB65094	t
12738	ZACCJABT0FPB65095	t
12739	ZACCJBAT0FPB65096	t
12740	ZACCJBAT0FPB65097	t
12741	ZACCJBAT0FPB65100	t
12742	ZACCJBBT0FPB65101	t
12743	ZACCJBAT0FPB65102	t
12744	ZACCJAAT0FPB65103	t
12745	ZACCJBAT0FPB65105	t
12746	ZACCJBAT0FPB65106	t
12747	ZACCJAAT0FPB65108	t
12748	ZACCJAAT0FPB65110	t
12749	ZACCJAAT0FPB65112	t
12750	ZACCJABT0FPB65117	t
12751	ZACCJBAH0FPB65118	t
12752	ZACCJABT0FPB65120	t
12753	ZACCJABT0FPB65121	t
12754	ZACCJBAH0FPB65122	t
12755	ZACCJAAT0FPB65125	t
12756	ZACCJABH0FPB65127	t
12757	ZACCJBAH0FPB65129	t
12758	ZACCJBDT0FPB65132	t
12759	ZACCJAAT0FPB65133	t
12760	ZACCJBCT0FPB65135	t
12761	ZACCJABT0FPB65137	t
12762	ZACCJABT0FPB65138	t
12763	ZACCJBAH0FPB65139	t
12764	ZACCJBBT0FPB65140	t
12765	ZACCJBBH0FPB65141	t
12766	ZACCJABT0FPB65143	t
12767	ZACCJAAT0FPB65144	t
12768	ZACCJBAH0FPB65147	t
12769	ZACCJBBH0FPB65150	t
12770	ZACCJBCT0FPB65153	t
12771	ZACCJBDT0FPB65154	t
12772	ZACCJBBT0FPB65155	t
12773	ZACCJBCT0FPB65158	t
12774	ZACCJBBT0FPB65159	t
12775	ZACCJBBT0FPB65161	t
12776	ZACCJBBT0FPB65162	t
12777	ZACCJBCT0FPB65163	t
12778	ZACCJBCT0FPB65164	t
12779	ZACCJBCT0FPB65165	t
12780	ZACCJBBT0FPB65168	t
12781	ZACCJBAH0FPB65170	t
12782	ZACCJBCT0FPB65171	t
12783	ZACCJABT0FPB65172	t
12784	ZACCJBBT0FPB65173	t
12785	ZACCJBCT0FPB65174	t
12786	ZACCJBDT0FPB65176	t
12787	ZACCJBAH0FPB65177	t
12788	ZACCJBDT0FPB65178	t
12789	ZACCJBCT0FPB65179	t
12790	ZACCJBAH0FPB65181	t
12791	ZACCJBDT0FPB65182	t
12792	ZACCJBCT0FPB65185	t
12793	ZACCJABT0FPB65186	t
12794	ZACCJBBT0FPB65189	t
12795	ZACCJBAH0FPB65191	t
12796	ZACCJABT0FPB65192	t
12797	ZACCJBDT0FPB65194	t
12798	ZACCJBAH0FPB65196	t
12799	ZACCJBAH0FPB65197	t
12800	ZACCJBDT0FPB65199	t
12801	ZACCJBAH0FPB65201	t
12802	ZACCJBDT0FPB65202	t
12803	ZACCJABT0FPB65215	t
12804	ZACCJAAT0FPB65216	t
12805	ZACCJBBT0FPB65217	t
12806	ZACCJBBT0FPB65223	t
12807	ZACCJBBT0FPB65225	t
12808	ZACCJAAT0FPB65228	t
12809	ZACCJBBT0FPB65230	t
12810	ZACCJBCT0FPB65231	t
12811	ZACCJBCT0FPB65232	t
12812	ZACCJBBT0FPB65237	t
12813	ZACCJABT0FPB65238	t
12814	ZACCJABT0FPB65240	t
12815	ZACCJBDT0FPB65246	t
12816	ZACCJABT0FPB65249	t
12817	ZACCJBAH0FPB65250	t
12818	ZACCJBAH0FPB65252	t
12819	ZACCJABT0FPB65257	t
12820	ZACCJBDT0FPB65261	t
12821	ZACCJABT0FPB65263	t
12822	ZACCJBAH0FPB65265	t
12823	ZACCJABT0FPB65266	t
12824	ZACCJABT0FPB65269	t
12825	ZACCJADT0FPB65270	t
12826	ZACCJADT0FPB65272	t
12827	ZACCJBCT0FPB65275	t
12828	ZACCJADT0FPB65281	t
12829	ZACCJABT0FPB65291	t
12830	ZACCJABH0FPB65292	t
12831	ZACCJABT0FPB65293	t
12832	ZACCJBDT0FPB65299	t
12833	ZACCJBDT0FPB65300	t
12834	ZACCJBDT0FPB65301	t
12835	ZACCJBDT0FPB65302	t
12836	ZACCJABT0FPB65305	t
12837	ZACCJBAH0FPB65307	t
12838	ZACCJABH0FPB65310	t
12839	ZACCJBDT0FPB65312	t
12840	ZACCJBDT0FPB65315	t
12841	ZACCJABH0FPB65316	t
12842	ZACCJBDT0FPB65318	t
12843	ZACCJABH0FPB65319	t
12844	ZACCJBDT0FPB65322	t
12845	ZACCJABH0FPB65323	t
12846	ZACCJBDT0FPB65324	t
12847	ZACCJABT0FPB65325	t
12848	ZACCJABT0FPB65328	t
12849	ZACCJBDT0FPB65332	t
12850	ZACCJABH0FPB65333	t
12851	ZACCJABT0FPB65336	t
12852	ZACCJBDT0FPB65337	t
12853	ZACCJABT0FPB65340	t
12854	ZACCJBBH0FPB65341	t
12855	ZACCJABT0FPB65352	t
12856	ZACCJBAH0FPB65356	t
12857	ZACCJBAH0FPB65360	t
12858	ZACCJBDT0FPB65361	t
12859	ZACCJBBH0FPB65362	t
12860	ZACCJBAH0FPB65367	t
12861	ZACCJBAH0FPB65368	t
12862	ZACCJBAH0FPB65371	t
12863	ZACCJABT0FPB65373	t
12864	ZACCJBAH0FPB65374	t
12865	ZACCJBAH0FPB65377	t
12866	ZACCJAAT0FPB65382	t
12867	ZACCJBAH0FPB65383	t
12868	ZACCJBAH0FPB65384	t
12869	ZACCJBAH0FPB65392	t
12870	ZACCJAAT0FPB65397	t
12871	ZACCJBBH0FPB65399	t
12872	ZACCJABH0FPB65402	t
12873	ZACCJBCT0FPB65403	t
12874	ZACCJABH0FPB65404	t
12875	ZACCJABT0FPB65406	t
12876	ZACCJBCT0FPB65408	t
12877	ZACCJABT0FPB65410	t
12878	ZACCJABH0FPB65411	t
12879	ZACCJBCT0FPB65413	t
12880	ZACCJABT0FPB65414	t
12881	ZACCJABT0FPB65415	t
12882	ZACCJBAH0FPB65416	t
12883	ZACCJABH0FPB65418	t
12884	ZACCJABH0FPB65420	t
12885	ZACCJBAH0FPB65422	t
12886	ZACCJABT0FPB65432	t
12887	ZACCJABH0FPB65434	t
12888	ZACCJABH0FPB65436	t
12889	ZACCJBCT0FPB65437	t
12890	ZACCJABT0FPB65441	t
12891	ZACCJABT0FPB65442	t
12892	ZACCJBBH0FPB65444	t
12893	ZACCJBCT0FPB65448	t
12894	ZACCJBBH0FPB65454	t
12895	ZACCJBCT0FPB65455	t
12896	ZACCJABH0FPB65456	t
12897	ZACCJBBH0FPB65457	t
12898	ZACCJBBH0FPB65460	t
12899	ZACCJABH0FPB65461	t
12900	ZACCJBCT0FPB65462	t
12901	ZACCJABH0FPB65463	t
12902	ZACCJBBH0FPB65464	t
12903	ZACCJABT0FPB65466	t
12904	ZACCJBBH0FPB65470	t
12905	ZACCJBBH0FPB65473	t
12906	ZACCJBCT0FPB65479	t
12907	ZACCJBBH0FPB65482	t
12908	ZACCJBBH0FPB65484	t
12909	ZACCJBBH0FPB65487	t
12910	ZACCJBBT0FPB65488	t
12911	ZACCJBBT0FPB65489	t
12912	ZACCJBBH0FPB65491	t
12913	ZACCJAAT0FPB65495	t
12914	ZACCJABT0FPB65501	t
12915	ZACCJBBH0FPB65503	t
12916	ZACCJBCT0FPB65504	t
12917	ZACCJBCT0FPB65506	t
12918	ZACCJBCT0FPB65507	t
12919	ZACCJABT0FPB65509	t
12920	ZACCJBBT0FPB65510	t
12921	ZACCJBCT0FPB65516	t
12922	ZACCJBCT0FPB65517	t
12923	ZACCJBCT0FPB65519	t
12924	ZACCJBAH0FPB65520	t
12925	ZACCJBCT0FPB65522	t
12926	ZACCJABT0FPB65523	t
12927	ZACCJBCT0FPB65526	t
12928	ZACCJABH0FPB65527	t
12929	ZACCJBCT0FPB65529	t
12930	ZACCJABH0FPB65530	t
12931	ZACCJABT0FPB65533	t
12932	ZACCJABT0FPB65534	t
12933	ZACCJBBH0FPB65535	t
12934	ZACCJBBH0FPB65537	t
12935	ZACCJBBH0FPB65538	t
12936	ZACCJBBH0FPB65539	t
12937	ZACCJBCT0FPB65540	t
12938	ZACCJBBH0FPB65541	t
12939	ZACCJBBH0FPB65542	t
12940	ZACCJBBT0FPB65543	t
12941	ZACCJBCT0FPB65544	t
12942	ZACCJBBH0FPB65546	t
12943	ZACCJBCT0FPB65547	t
12944	ZACCJBBH0FPB65548	t
12945	ZACCJBBT0FPB65549	t
12946	ZACCJBBH0FPB65550	t
12947	ZACCJBCT0FPB65551	t
12948	ZACCJBBT0FPB65552	t
12949	ZACCJBBT0FPB65554	t
12950	ZACCJBBT0FPB65555	t
12951	ZACCJBCT0FPB65556	t
12952	ZACCJBBT0FPB65558	t
12953	ZACCJBBT0FPB65559	t
12954	ZACCJBCT0FPB65560	t
12955	ZACCJBBT0FPB65561	t
12956	ZACCJBBT0FPB65566	t
12957	ZACCJBBT0FPB65567	t
12958	ZACCJBBT0FPB65568	t
12959	ZACCJBBT0FPB65569	t
12960	ZACCJBCT0FPB65570	t
12961	ZACCJBBT0FPB65571	t
12962	ZACCJBBT0FPB65572	t
12963	ZACCJBBT0FPB65573	t
12964	ZACCJBBT0FPB65574	t
12965	ZACCJBBT0FPB65575	t
12966	ZACCJABT0FPB65578	t
12967	ZACCJBBT0FPB65579	t
12968	ZACCJABT0FPB65582	t
12969	ZACCJABT0FPB65583	t
12970	ZACCJABT0FPB65584	t
12971	ZACCJBBT0FPB65585	t
12972	ZACCJBCT0FPB65586	t
12973	ZACCJABT0FPB65588	t
12974	ZACCJBCT0FPB65589	t
12975	ZACCJBBT0FPB65590	t
12976	ZACCJBBT0FPB65593	t
12977	ZACCJBCT0FPB65594	t
12978	ZACCJBCT0FPB65595	t
12979	ZACCJBBT0FPB65596	t
12980	ZACCJBBT0FPB65597	t
12981	ZACCJABT0FPB65598	t
12982	ZACCJBCT0FPB65600	t
12983	ZACCJBBT0FPB65601	t
12984	ZACCJBCT0FPB65602	t
12985	ZACCJABT0FPB65603	t
12986	ZACCJABT0FPB65604	t
12987	ZACCJBBT0FPB65606	t
12988	ZACCJBCT0FPB65607	t
12989	ZACCJABT0FPB65610	t
12990	ZACCJBBT0FPB65611	t
12991	ZACCJABT0FPB65612	t
12992	ZACCJABT0FPB65613	t
12993	ZACCJABT0FPB65614	t
12994	ZACCJABT0FPB65615	t
12995	ZACCJABT0FPB65616	t
12996	ZACCJABT0FPB65617	t
12997	ZACCJABT0FPB65618	t
12998	ZACCJABT0FPB65619	t
12999	ZACCJBBT0FPB65623	t
13000	ZACCJABT0FPB65624	t
13001	ZACCJABT0FPB65627	t
13002	ZACCJABT0FPB65628	t
13003	ZACCJABT0FPB65630	t
13004	ZACCJABT0FPB65632	t
13005	ZACCJABT0FPB65634	t
13006	ZACCJABT0FPB65636	t
13007	ZACCJABT0FPB65638	t
13008	ZACCJBBT0FPB65639	t
13009	ZACCJBCT0FPB65642	t
13010	ZACCJBBT0FPB65646	t
13011	ZACCJBCT0FPB65647	t
13012	ZACCJBCT0FPB65650	t
13013	ZACCJABT0FPB65652	t
13014	ZACCJBCT0FPB65653	t
13015	ZACCJBCT0FPB65654	t
13016	ZACCJABT0FPB65655	t
13017	ZACCJABT0FPB65656	t
13018	ZACCJBBT0FPB65662	t
13019	ZACCJBBT0FPB65663	t
13020	ZACCJBBT0FPB65664	t
13021	ZACCJABT0FPB65667	t
13022	ZACCJABT0FPB65669	t
13023	ZACCJBBT0FPB65670	t
13024	ZACCJBBT0FPB65671	t
13025	ZACCJBBT0FPB65673	t
13026	ZACCJBBT0FPB65674	t
13027	ZACCJABT0FPB65676	t
13028	ZACCJABT0FPB65677	t
13029	ZACCJBBT0FPB65678	t
13030	ZACCJBBT0FPB65679	t
13031	ZACCJBCT0FPB65683	t
13032	ZACCJBBT0FPB65684	t
13033	ZACCJBBT0FPB65686	t
13034	ZACCJABT0FPB65690	t
13035	ZACCJBBT0FPB65693	t
13036	ZACCJBBT0FPB65694	t
13037	ZACCJBBT0FPB65695	t
13038	ZACCJBBT0FPB65696	t
13039	ZACCJABT0FPB65697	t
13040	ZACCJBBT0FPB65698	t
13041	ZACCJBCT0FPB65699	t
13042	ZACCJBBT0FPB65700	t
13043	ZACCJBBT0FPB65701	t
13044	ZACCJBBT0FPB65702	t
13045	ZACCJBBT0FPB65704	t
13046	ZACCJABT0FPB65705	t
13047	ZACCJABT0FPB65706	t
13048	ZACCJBBT0FPB65709	t
13049	ZACCJBBT0FPB65712	t
13050	ZACCJBCT0FPB65714	t
13051	ZACCJBBT0FPB65715	t
13052	ZACCJBBT0FPB65716	t
13053	ZACCJBBT0FPB65717	t
13054	ZACCJBCT0FPB65718	t
13055	ZACCJBBT0FPB65719	t
13056	ZACCJBBT0FPB65720	t
13057	ZACCJBBT0FPB65721	t
13058	ZACCJBBT0FPB65722	t
13059	ZACCJBBT0FPB65723	t
13060	ZACCJBBT0FPB65724	t
13061	ZACCJBBT0FPB65726	t
13062	ZACCJBCT0FPB65727	t
13063	ZACCJBBT0FPB65728	t
13064	ZACCJABT0FPB65729	t
13065	ZACCJBBT0FPB65730	t
13066	ZACCJBBT0FPB65731	t
13067	ZACCJBBT0FPB65734	t
13068	ZACCJBBT0FPB65737	t
13069	ZACCJBBT0FPB65738	t
13070	ZACCJBBT0FPB65741	t
13071	ZACCJBCT0FPB65742	t
13072	ZACCJBBT0FPB65751	t
13073	ZACCJBCT0FPB65754	t
13074	ZACCJBCT0FPB65757	t
13075	ZACCJABT0FPB65758	t
13076	ZACCJBBT0FPB65759	t
13077	ZACCJBCT0FPB65760	t
13078	ZACCJBCT0FPB65761	t
13079	ZACCJBBT0FPB65764	t
13080	ZACCJBCT0FPB65766	t
13081	ZACCJABT0FPB65767	t
13082	ZACCJABT0FPB65768	t
13083	ZACCJBBT0FPB65770	t
13084	ZACCJBBT0FPB65772	t
13085	ZACCJBBT0FPB65779	t
13086	ZACCJBBT0FPB65780	t
13087	ZACCJBBT0FPB65782	t
13088	ZACCJBBT0FPB65783	t
13089	ZACCJABT0FPB65784	t
13090	ZACCJBBT0FPB65785	t
13091	ZACCJBBT0FPB65786	t
13092	ZACCJABT0FPB65788	t
13093	ZACCJBBT0FPB65789	t
13094	ZACCJBCT0FPB65791	t
13095	ZACCJBBT0FPB65792	t
13096	ZACCJBBT0FPB65793	t
13097	ZACCJBBT0FPB65794	t
13098	ZACCJABT0FPB65795	t
13099	ZACCJBBT0FPB65796	t
13100	ZACCJBBT0FPB65797	t
13101	ZACCJBCT0FPB65798	t
13102	ZACCJBCT0FPB65799	t
13103	ZACCJBCT0FPB65800	t
13104	ZACCJBBT0FPB65801	t
13105	ZACCJBBT0FPB65804	t
13106	ZACCJBCT0FPB65807	t
13107	ZACCJBBT0FPB65808	t
13108	ZACCJBCT0FPB65809	t
13109	ZACCJBCT0FPB65810	t
13110	ZACCJBCT0FPB65812	t
13111	ZACCJBCT0FPB65813	t
13112	ZACCJBCT0FPB65814	t
13113	ZACCJBCT0FPB65815	t
13114	ZACCJBCT0FPB65817	t
13115	ZACCJBCT0FPB65818	t
13116	ZACCJBCT0FPB65820	t
13117	ZACCJBCT0FPB65821	t
13118	ZACCJBCT0FPB65823	t
13119	ZACCJBBT0FPB65825	t
13120	ZACCJBBT0FPB65830	t
13121	ZACCJBBT0FPB65832	t
13122	ZACCJBBT0FPB65833	t
13123	ZACCJBBT0FPB65835	t
13124	ZACCJBCT0FPB65837	t
13125	ZACCJBCT0FPB65838	t
13126	ZACCJBCT0FPB65839	t
13127	ZACCJBCT0FPB65840	t
13128	ZACCJBCT0FPB65841	t
13129	ZACCJBBT0FPB65842	t
13130	ZACCJBCT0FPB65843	t
13131	ZACCJBCT0FPB65844	t
13132	ZACCJBBT0FPB65845	t
13133	ZACCJBCT0FPB65846	t
13134	ZACCJBBT0FPB65847	t
13135	ZACCJBCT0FPB65848	t
13136	ZACCJBCT0FPB65849	t
13137	ZACCJBBT0FPB65850	t
13138	ZACCJBBT0FPB65851	t
13139	ZACCJBBT0FPB65852	t
13140	ZACCJBBT0FPB65853	t
13141	ZACCJBBT0FPB65855	t
13142	ZACCJBBT0FPB65856	t
13143	ZACCJBCT0FPB65857	t
13144	ZACCJBBT0FPB65858	t
13145	ZACCJBBT0FPB65859	t
13146	ZACCJBCT0FPB65860	t
13147	ZACCJBBT0FPB65862	t
13148	ZACCJBBT0FPB65863	t
13149	ZACCJBBT0FPB65864	t
13150	ZACCJBBT0FPB65866	t
13151	ZACCJBBT0FPB65867	t
13152	ZACCJBCT0FPB65868	t
13153	ZACCJBCT0FPB65869	t
13154	ZACCJBBT0FPB65870	t
13155	ZACCJBBT0FPB65872	t
13156	ZACCJBBT0FPB65874	t
13157	ZACCJBBT0FPB65875	t
13158	ZACCJBBT0FPB65876	t
13159	ZACCJBCT0FPB65877	t
13160	ZACCJBCT0FPB65878	t
13161	ZACCJBCT0FPB65879	t
13162	ZACCJBCT0FPB65880	t
13163	ZACCJBCT0FPB65882	t
13164	ZACCJBCT0FPB65883	t
13165	ZACCJBBT0FPB65884	t
13166	ZACCJBBT0FPB65886	t
13167	ZACCJBBT0FPB65888	t
13168	ZACCJBBT0FPB65889	t
13169	ZACCJBBT0FPB65890	t
13170	ZACCJBBT0FPB65892	t
13171	ZACCJBBT0FPB65893	t
13172	ZACCJBCT0FPB65894	t
13173	ZACCJBBT0FPB65895	t
13174	ZACCJBBT0FPB65896	t
13175	ZACCJBAT0FPB65897	t
13176	ZACCJBBT0FPB65898	t
13177	ZACCJBAT0FPB65899	t
13178	ZACCJBAT0FPB65902	t
13179	ZACCJBBT0FPB65903	t
13180	ZACCJBBT0FPB65905	t
13181	ZACCJBAT0FPB65906	t
13182	ZACCJBAT0FPB65909	t
13183	ZACCJBBT0FPB65910	t
13184	ZACCJBAT0FPB65911	t
13185	ZACCJBAT0FPB65912	t
13186	ZACCJBAT0FPB65913	t
13187	ZACCJBAT0FPB65914	t
13188	ZACCJBAT0FPB65915	t
13189	ZACCJBAT0FPB65916	t
13190	ZACCJBAT0FPB65917	t
13191	ZACCJABT0FPB65919	t
13192	ZACCJABT0FPB65920	t
13193	ZACCJABH0FPB65922	t
13194	ZACCJAAT0FPB65923	t
13195	ZACCJAAT0FPB65925	t
13196	ZACCJABH0FPB65927	t
13197	ZACCJABH0FPB65930	t
13198	ZACCJBAT0FPB65932	t
13199	ZACCJBBT0FPB65933	t
13200	ZACCJAAT0FPB65934	t
13201	ZACCJABT0FPB65935	t
13202	ZACCJBAT0FPB65937	t
13203	ZACCJAAT0FPB65938	t
13204	ZACCJBAT0FPB65939	t
13205	ZACCJBBT0FPB65940	t
13206	ZACCJBBT0FPB65941	t
13207	ZACCJAAT0FPB65943	t
13208	ZACCJBAT0FPB65944	t
13209	ZACCJABH0FPB65946	t
13210	ZACCJBBT0FPB65947	t
13211	ZACCJABT0FPB65948	t
13212	ZACCJABH0FPB65949	t
13213	ZACCJBBT0FPB65951	t
13214	ZACCJBAT0FPB65954	t
13215	ZACCJBBT0FPB65955	t
13216	ZACCJAAT0FPB65956	t
13217	ZACCJBCT0FPB65957	t
13218	ZACCJBBT0FPB65958	t
13219	ZACCJBBT0FPB65959	t
13220	ZACCJABH0FPB65960	t
13221	ZACCJBBT0FPB65961	t
13222	ZACCJBBT0FPB65962	t
13223	ZACCJBBT0FPB65963	t
13224	ZACCJAAT0FPB65964	t
13225	ZACCJABT0FPB65966	t
13226	ZACCJBBT0FPB65968	t
13227	ZACCJABT0FPB65971	t
13228	ZACCJBBT0FPB65972	t
13229	ZACCJBBT0FPB65974	t
13230	ZACCJBBT0FPB65975	t
13231	ZACCJBBT0FPB65976	t
13232	ZACCJABT0FPB65977	t
13233	ZACCJBBT0FPB65978	t
13234	ZACCJBBT0FPB65979	t
13235	ZACCJABT0FPB65980	t
13236	ZACCJBBT0FPB65981	t
13237	ZACCJBBT0FPB65982	t
13238	ZACCJABT0FPB65984	t
13239	ZACCJABT0FPB65985	t
13240	ZACCJABT0FPB65986	t
13241	ZACCJBDT0FPB65987	t
13242	ZACCJABT0FPB65988	t
13243	ZACCJBBT0FPB65989	t
13244	ZACCJABT0FPB65990	t
13245	ZACCJBBT0FPB65991	t
13246	ZACCJBBT0FPB65992	t
13247	ZACCJBBT0FPB65993	t
13248	ZACCJABT0FPB65994	t
13249	ZACCJABT0FPB65995	t
13250	ZACCJBBT0FPB65996	t
13251	ZACCJABT0FPB65997	t
13252	ZACCJBBT0FPB65998	t
13253	ZACCJABT0FPB65999	t
13254	ZACCJABT0FPB66000	t
13255	ZACCJABT0FPB66001	t
13256	ZACCJABT0FPB66003	t
13257	ZACCJABT0FPB66004	t
13258	ZACCJABT0FPB66005	t
13259	ZACCJABT0FPB66006	t
13260	ZACCJABT0FPB66007	t
13261	ZACCJAAT0FPB66008	t
13262	ZACCJABT0FPB66009	t
13263	ZACCJABT0FPB66010	t
13264	ZACCJBBT0FPB66011	t
13265	ZACCJABT0FPB66012	t
13266	ZACCJBBT0FPB66014	t
13267	ZACCJABT0FPB66015	t
13268	ZACCJABT0FPB66016	t
13269	ZACCJABT0FPB66017	t
13270	ZACCJABT0FPB66019	t
13271	ZACCJABT0FPB66020	t
13272	ZACCJBBT0FPB66021	t
13273	ZACCJABT0FPB66022	t
13274	ZACCJABT0FPB66023	t
13275	ZACCJAAT0FPB66024	t
13276	ZACCJABT0FPB66025	t
13277	ZACCJABT0FPB66026	t
13278	ZACCJABT0FPB66028	t
13279	ZACCJABT0FPB66029	t
13280	ZACCJABT0FPB66032	t
13281	ZACCJAAT0FPB66033	t
13282	ZACCJABT0FPB66034	t
13283	ZACCJABT0FPB66035	t
13284	ZACCJADT0FPB66036	t
13285	ZACCJADT0FPB66037	t
13286	ZACCJBBT0FPB66038	t
13287	ZACCJBAT0FPB66039	t
13288	ZACCJBBT0FPB66040	t
13289	ZACCJBAT0FPB66041	t
13290	ZACCJBBT0FPB66042	t
13291	ZACCJBAT0FPB66044	t
13292	ZACCJBCT0FPB66045	t
13293	ZACCJBBT0FPB66047	t
13294	ZACCJBAT0FPB66048	t
13295	ZACCJBAT0FPB66050	t
13296	ZACCJBBT0FPB66052	t
13297	ZACCJBBT0FPB66053	t
13298	ZACCJBAT0FPB66055	t
13299	ZACCJBBT0FPB66058	t
13300	ZACCJBBT0FPB66060	t
13301	ZACCJBAT0FPB66062	t
13302	ZACCJBAT0FPB66063	t
13303	ZACCJBBT0FPB66064	t
13304	ZACCJBBT0FPB66066	t
13305	ZACCJBBT0FPB66067	t
13306	ZACCJBBT0FPB66068	t
13307	ZACCJBBT0FPB66069	t
13308	ZACCJBBT0FPB66070	t
13309	ZACCJBBT0FPB66072	t
13310	ZACCJBBT0FPB66073	t
13311	ZACCJBBT0FPB66074	t
13312	ZACCJBAT0FPB66076	t
13313	ZACCJBBT0FPB66077	t
13314	ZACCJBBT0FPB66080	t
13315	ZACCJBBT0FPB66081	t
13316	ZACCJBBT0FPB66083	t
13317	ZACCJBBT0FPB66084	t
13318	ZACCJBBT0FPB66085	t
13319	ZACCJBBT0FPB66086	t
13320	ZACCJBBT0FPB66087	t
13321	ZACCJBBT0FPB66088	t
13322	ZACCJBBT0FPB66089	t
13323	ZACCJBBT0FPB66090	t
13324	ZACCJBBT0FPB66091	t
13325	ZACCJBBT0FPB66092	t
13326	ZACCJBBT0FPB66093	t
13327	ZACCJBBT0FPB66094	t
13328	ZACCJBAT0FPB66096	t
13329	ZACCJBBT0FPB66097	t
13330	ZACCJBBT0FPB66098	t
13331	ZACCJBAT0FPB66099	t
13332	ZACCJABT0FPB66100	t
13333	ZACCJBAT0FPB66101	t
13334	ZACCJABT0FPB66102	t
13335	ZACCJBBT0FPB66103	t
13336	ZACCJBCT0FPB66105	t
13337	ZACCJABT0FPB66106	t
13338	ZACCJBBT0FPB66109	t
13339	ZACCJBBT0FPB66110	t
13340	ZACCJBBT0FPB66113	t
13341	ZACCJBBT0FPB66114	t
13342	ZACCJABT0FPB66115	t
13343	ZACCJABT0FPB66116	t
13344	ZACCJABT0FPB66117	t
13345	ZACCJABT0FPB66118	t
13346	ZACCJBBT0FPB66119	t
13347	ZACCJABT0FPB66120	t
13348	ZACCJABT0FPB66121	t
13349	ZACCJBBT0FPB66122	t
13350	ZACCJBBT0FPB66123	t
13351	ZACCJBBT0FPB66124	t
13352	ZACCJBAT0FPB66125	t
13353	ZACCJBBT0FPB66126	t
13354	ZACCJABT0FPB66127	t
13355	ZACCJABT0FPB66128	t
13356	ZACCJABT0FPB66130	t
13357	ZACCJABT0FPB66131	t
13358	ZACCJBBT0FPB66133	t
13359	ZACCJABT0FPB66134	t
13360	ZACCJBAT0FPB66135	t
13361	ZACCJABT0FPB66136	t
13362	ZACCJBAT0FPB66137	t
13363	ZACCJABT0FPB66138	t
13364	ZACCJBCT0FPB66141	t
13365	ZACCJBBT0FPB66142	t
13366	ZACCJABT0FPB66143	t
13367	ZACCJBBT0FPB66144	t
13368	ZACCJAAT0FPB66145	t
13369	ZACCJABT0FPB66146	t
13370	ZACCJABT0FPB66147	t
13371	ZACCJABT0FPB66148	t
13372	ZACCJBBT0FPB66149	t
13373	ZACCJABT0FPB66150	t
13374	ZACCJABT0FPB66151	t
13375	ZACCJBBT0FPB66152	t
13376	ZACCJABT0FPB66153	t
13377	ZACCJABT0FPB66154	t
13378	ZACCJBBT0FPB66155	t
13379	ZACCJABT0FPB66157	t
13380	ZACCJBBT0FPB66158	t
13381	ZACCJADT0FPB66160	t
13382	ZACCJBBT0FPB66161	t
13383	ZACCJABT0FPB66162	t
13384	ZACCJADT0FPB66164	t
13385	ZACCJADT0FPB66167	t
13386	ZACCJBBT0FPB66168	t
13387	ZACCJABT0FPB66170	t
13388	ZACCJBAT0FPB66171	t
13389	ZACCJBBT0FPB66172	t
13390	ZACCJBBT0FPB66173	t
13391	ZACCJBBT0FPB66174	t
13392	ZACCJBBT0FPB66176	t
13393	ZACCJBDT0FPB66177	t
13394	ZACCJBBT0FPB66178	t
13395	ZACCJBBT0FPB66179	t
13396	ZACCJABT0FPB66180	t
13397	ZACCJBBT0FPB66181	t
13398	ZACCJABH0FPB66182	t
13399	ZACCJABT0FPB66183	t
13400	ZACCJBCT0FPB66184	t
13401	ZACCJABT0FPB66185	t
13402	ZACCJBCT0FPB66186	t
13403	ZACCJBCT0FPB66187	t
13404	ZACCJBAT0FPB66189	t
13405	ZACCJBBT0FPB66190	t
13406	ZACCJBCT0FPB66191	t
13407	ZACCJBAT0FPB66192	t
13408	ZACCJAAT0FPB66193	t
13409	ZACCJBAT0FPB66194	t
13410	ZACCJBAT0FPB66197	t
13411	ZACCJABT0FPB66198	t
13412	ZACCJABT0FPB66200	t
13413	ZACCJABT0FPB66201	t
13414	ZACCJABT0FPB66202	t
13415	ZACCJABT0FPB66203	t
13416	ZACCJBAT0FPB66204	t
13417	ZACCJABT0FPB66205	t
13418	ZACCJBBT0FPB66207	t
13419	ZACCJABT0FPB66208	t
13420	ZACCJBBT0FPB66210	t
13421	ZACCJBBT0FPB66211	t
13422	ZACCJBAT0FPB66212	t
13423	ZACCJABT0FPB66214	t
13424	ZACCJBAT0FPB66215	t
13425	ZACCJAAT0FPB66216	t
13426	ZACCJABT0FPB66217	t
13427	ZACCJABT0FPB66218	t
13428	ZACCJABT0FPB66219	t
13429	ZACCJBBT0FPB66220	t
13430	ZACCJBAT0FPB66221	t
13431	ZACCJBBT0FPB66222	t
13432	ZACCJBBT0FPB66225	t
13433	ZACCJAAT0FPB66226	t
13434	ZACCJABT0FPB66228	t
13435	ZACCJABT0FPB66232	t
13436	ZACCJBAT0FPB66234	t
13437	ZACCJBAT0FPB66239	t
13438	ZACCJAAT0FPB66242	t
13439	ZACCJAAT0FPB66243	t
13440	ZACCJAAT0FPB66245	t
13441	ZACCJAAT0FPB66246	t
13442	ZACCJAAT0FPB66248	t
13443	ZACCJBBT0FPB66250	t
13444	ZACCJAAT0FPB66251	t
13445	ZACCJAAT0FPB66252	t
13446	ZACCJBBT0FPB66253	t
13447	ZACCJABT0FPB66255	t
13448	ZACCJBBT0FPB66256	t
13449	ZACCJABT0FPB66257	t
13450	ZACCJABT0FPB66266	t
13451	ZACCJBBT0FPB66271	t
13452	ZACCJBBT0FPB66274	t
13453	ZACCJBBT0FPB66280	t
13454	ZACCJBBT0FPB66281	t
13455	ZACCJBBT0FPB66284	t
13456	ZACCJABT0FPB66286	t
13457	ZACCJBBT0FPB66287	t
13458	ZACCJABT0FPB66288	t
13459	ZACCJABT0FPB66290	t
13460	ZACCJABT0FPB66293	t
13461	ZACCJABT0FPB66296	t
13462	ZACCJBBT0FPB66299	t
13463	ZACCJBBT0FPB66303	t
13464	ZACCJBBT0FPB66305	t
13465	ZACCJABT0FPB66306	t
13466	ZACCJBBT0FPB66309	t
13467	ZACCJBBT0FPB66310	t
13468	ZACCJBBT0FPB66319	t
13469	ZACCJBBT0FPB66322	t
13470	ZACCJBBT0FPB66323	t
13471	ZACCJABT0FPB66325	t
13472	ZACCJBBT0FPB66328	t
13473	ZACCJBBT0FPB66330	t
13474	ZACCJBBT0FPB66332	t
13475	ZACCJABT0FPB66333	t
13476	ZACCJBBT0FPB66336	t
13477	ZACCJBBT0FPB66340	t
13478	ZACCJBBT0FPB66343	t
13479	ZACCJBBT0FPB66346	t
13480	ZACCJBBT0FPB66347	t
13481	ZACCJBAH0FPB66350	t
13482	ZACCJBBT0FPB66354	t
13483	ZACCJBBT0FPB66355	t
13484	ZACCJABT0FPB66359	t
13485	ZACCJBBT0FPB66362	t
13486	ZACCJABT0FPB66363	t
13487	ZACCJBBT0FPB66364	t
13488	ZACCJBBT0FPB66369	t
13489	ZACCJABT0FPB66370	t
13490	ZACCJBBT0FPB66371	t
13491	ZACCJBBT0FPB66376	t
13492	ZACCJBBT0FPB66378	t
13493	ZACCJADT0FPB66379	t
13494	ZACCJABT0FPB66387	t
13495	ZACCJBDT0FPB66392	t
13496	ZACCJBBT0FPB66400	t
13497	ZACCJBBT0FPB66401	t
13498	ZACCJADT0FPB66404	t
13499	ZACCJBDT0FPB66405	t
13500	ZACCJBCT0FPB66424	t
13501	ZACCJBCT0FPB66429	t
13502	ZACCJBCT0FPB66431	t
13503	ZACCJBCT0FPB66434	t
13504	ZACCJBCT0FPB66435	t
13505	ZACCJABT0FPB66437	t
13506	ZACCJBBT0FPB66441	t
13507	ZACCJBCT0FPB66443	t
13508	ZACCJBCT0FPB66444	t
13509	ZACCJBBT0FPB66445	t
13510	ZACCJBAH0FPB66448	t
13511	ZACCJABT0FPB66449	t
13512	ZACCJBCT0FPB66451	t
13513	ZACCJBBT0FPB66452	t
13514	ZACCJBCT0FPB66454	t
13515	ZACCJBCT0FPB66455	t
13516	ZACCJBCT0FPB66456	t
13517	ZACCJBCT0FPB66457	t
13518	ZACCJBCT0FPB66458	t
13519	ZACCJABT0FPB66459	t
13520	ZACCJBCT0FPB66460	t
13521	ZACCJBCT0FPB66461	t
13522	ZACCJABT0FPB66462	t
13523	ZACCJABT0FPB66463	t
13524	ZACCJABT0FPB66465	t
13525	ZACCJBCT0FPB66468	t
13526	ZACCJABT0FPB66471	t
13527	ZACCJBCT0FPB66479	t
13528	ZACCJBCT0FPB66480	t
13529	ZACCJBAH0FPB66482	t
13530	ZACCJBAH0FPB66487	t
13531	ZACCJBCT0FPB66493	t
13532	ZACCJBCT0FPB66495	t
13533	ZACCJBCT0FPB66500	t
13534	ZACCJBCT0FPB66501	t
13535	ZACCJBCT0FPB66505	t
13536	ZACCJBCT0FPB66509	t
13537	ZACCJBCT0FPB66513	t
13538	ZACCJBCT0FPB66514	t
13539	ZACCJBCT0FPB66515	t
13540	ZACCJBCT0FPB66518	t
13541	ZACCJABT0FPB66523	t
13542	ZACCJBAH0FPB66526	t
13543	ZACCJBAH0FPB66530	t
13544	ZACCJBAH0FPB66534	t
13545	ZACCJBBT0FPB66536	t
13546	ZACCJBBH0FPB66538	t
13547	ZACCJBAH0FPB66539	t
13548	ZACCJBAH0FPB66540	t
13549	ZACCJBAH0FPB66543	t
13550	ZACCJBAH0FPB66544	t
13551	ZACCJBBT0FPB66545	t
13552	ZACCJABH0FPB66548	t
13553	ZACCJBAH0FPB66549	t
13554	ZACCJBBH0FPB66552	t
13555	ZACCJBAH0FPB66553	t
13556	ZACCJBAH0FPB66556	t
13557	ZACCJBBH0FPB66558	t
13558	ZACCJABT0FPB66560	t
13559	ZACCJBBT0FPB66562	t
13560	ZACCJBBT0FPB66563	t
13561	ZACCJBCT0FPB66564	t
13562	ZACCJBAH0FPB66565	t
13563	ZACCJBAH0FPB66566	t
13564	ZACCJBBT0FPB66568	t
13565	ZACCJBAH0FPB66569	t
13566	ZACCJBAH0FPB66570	t
13567	ZACCJBAH0FPB66571	t
13568	ZACCJBBT0FPB66572	t
13569	ZACCJBBT0FPB66573	t
13570	ZACCJBBH0FPB66574	t
13571	ZACCJBBT0FPB66575	t
13572	ZACCJBAH0FPB66576	t
13573	ZACCJBAH0FPB66577	t
13574	ZACCJBBH0FPB66578	t
13575	ZACCJBBT0FPB66579	t
13576	ZACCJBAH0FPB66580	t
13577	ZACCJBBT0FPB66581	t
13578	ZACCJBAT0FPB66582	t
13579	ZACCJBBT0FPB66585	t
13580	ZACCJABH0FPB66586	t
13581	ZACCJBBT0FPB66588	t
13582	ZACCJBAT0FPB66589	t
13583	ZACCJBBT0FPB66590	t
13584	ZACCJBAT0FPB66591	t
13585	ZACCJBBT0FPB66592	t
13586	ZACCJBBT0FPB66593	t
13587	ZACCJBBT0FPB66594	t
13588	ZACCJBBT0FPB66596	t
13589	ZACCJBAT0FPB66597	t
13590	ZACCJBBT0FPB66599	t
13591	ZACCJBBT0FPB66600	t
13592	ZACCJBBT0FPB66603	t
13593	ZACCJBAT0FPB66604	t
13594	ZACCJBBT0FPB66605	t
13595	ZACCJBAT0FPB66606	t
13596	ZACCJBBT0FPB66607	t
13597	ZACCJBAH0FPB66608	t
13598	ZACCJBAT0FPB66610	t
13599	ZACCJBBT0FPB66611	t
13600	ZACCJBAT0FPB66613	t
13601	ZACCJBAT0FPB66614	t
13602	ZACCJBBT0FPB66615	t
13603	ZACCJBAT0FPB66616	t
13604	ZACCJBBT0FPB66617	t
13605	ZACCJBAT0FPB66618	t
13606	ZACCJBAT0FPB66619	t
13607	ZACCJBBT0FPB66622	t
13608	ZACCJBBT0FPB66623	t
13609	ZACCJBBT0FPB66624	t
13610	ZACCJBAT0FPB66625	t
13611	ZACCJBAT0FPB66626	t
13612	ZACCJBBT0FPB66627	t
13613	ZACCJBBT0FPB66628	t
13614	ZACCJBBT0FPB66629	t
13615	ZACCJBAT0FPB66630	t
13616	ZACCJBAT0FPB66631	t
13617	ZACCJBAT0FPB66632	t
13618	ZACCJBBT0FPB66634	t
13619	ZACCJBAT0FPB66635	t
13620	ZACCJBBT0FPB66637	t
13621	ZACCJBBT0FPB66638	t
13622	ZACCJBAT0FPB66639	t
13623	ZACCJBAT0FPB66641	t
13624	ZACCJBAT0FPB66642	t
13625	ZACCJBBT0FPB66643	t
13626	ZACCJBAT0FPB66645	t
13627	ZACCJBAT0FPB66646	t
13628	ZACCJBAT0FPB66647	t
13629	ZACCJBBT0FPB66648	t
13630	ZACCJBBT0FPB66649	t
13631	ZACCJBAT0FPB66650	t
13632	ZACCJBBT0FPB66651	t
13633	ZACCJADT0FPB66652	t
13634	ZACCJBBT0FPB66653	t
13635	ZACCJBBT0FPB66654	t
13636	ZACCJBCT0FPB66655	t
13637	ZACCJABT0FPB66656	t
13638	ZACCJBBT0FPB66657	t
13639	ZACCJBBT0FPB66658	t
13640	ZACCJBBT0FPB66660	t
13641	ZACCJBBT0FPB66663	t
13642	ZACCJABT0FPB66665	t
13643	ZACCJABT0FPB66666	t
13644	ZACCJBBT0FPB66667	t
13645	ZACCJABT0FPB66668	t
13646	ZACCJBBT0FPB66669	t
13647	ZACCJBBT0FPB66670	t
13648	ZACCJBAT0FPB66671	t
13649	ZACCJBBT0FPB66672	t
13650	ZACCJBDT0FPB66673	t
13651	ZACCJBAT0FPB66674	t
13652	ZACCJBBT0FPB66675	t
13653	ZACCJBAT0FPB66676	t
13654	ZACCJBBT0FPB66677	t
13655	ZACCJBBT0FPB66680	t
13656	ZACCJBBT0FPB66682	t
13657	ZACCJBAT0FPB66683	t
13658	ZACCJBBT0FPB66684	t
13659	ZACCJBAT0FPB66685	t
13660	ZACCJBAT0FPB66686	t
13661	ZACCJBAT0FPB66687	t
13662	ZACCJBBT0FPB66688	t
13663	ZACCJBBT0FPB66690	t
13664	ZACCJBAT0FPB66691	t
13665	ZACCJBAT0FPB66692	t
13666	ZACCJBBT0FPB66694	t
13667	ZACCJBBT0FPB66697	t
13668	ZACCJBAT0FPB66698	t
13669	ZACCJBBT0FPB66699	t
13670	ZACCJBBT0FPB66701	t
13671	ZACCJBBT0FPB66702	t
13672	ZACCJBBT0FPB66704	t
13673	ZACCJBAT0FPB66705	t
13674	ZACCJBAT0FPB66706	t
13675	ZACCJBBT0FPB66707	t
13676	ZACCJBBT0FPB66708	t
13677	ZACCJBBT0FPB66709	t
13678	ZACCJBBT0FPB66710	t
13679	ZACCJBBT0FPB66711	t
13680	ZACCJBAT0FPB66714	t
13681	ZACCJBBT0FPB66715	t
13682	ZACCJBBT0FPB66717	t
13683	ZACCJBAT0FPB66718	t
13684	ZACCJBBT0FPB66719	t
13685	ZACCJBBT0FPB66720	t
13686	ZACCJBBT0FPB66721	t
13687	ZACCJBBT0FPB66722	t
13688	ZACCJBBT0FPB66723	t
13689	ZACCJBAT0FPB66724	t
13690	ZACCJBBT0FPB66726	t
13691	ZACCJBAT0FPB66727	t
13692	ZACCJBBT0FPB66729	t
13693	ZACCJBBT0FPB66730	t
13694	ZACCJBBT0FPB66732	t
13695	ZACCJBAT0FPB66735	t
13696	ZACCJABH0FPB66736	t
13697	ZACCJBCT0FPB66742	t
13698	ZACCJBAT0FPB66745	t
13699	ZACCJABH0FPB66748	t
13700	ZACCJBBT0FPB66749	t
13701	ZACCJBBT0FPB66753	t
13702	ZACCJBCT0FPB66754	t
13703	ZACCJBBT0FPB66757	t
13704	ZACCJBBT0FPB66760	t
13705	ZACCJBBT0FPB66761	t
13706	ZACCJBBT0FPB66763	t
13707	ZACCJBBT0FPB66764	t
13708	ZACCJBCT0FPB66765	t
13709	ZACCJBBT0FPB66774	t
13710	ZACCJBAT0FPB66778	t
13711	ZACCJBBT0FPB66779	t
13712	ZACCJABT0FPB66782	t
13713	ZACCJABH0FPB66784	t
13714	ZACCJABT0FPB66785	t
13715	ZACCJABH0FPB66786	t
13716	ZACCJABH0FPB66791	t
13717	ZACCJABT0FPB66793	t
13718	ZACCJABT0FPB66794	t
13719	ZACCJBAT0FPB66796	t
13720	ZACCJABH0FPB66798	t
13721	ZACCJABT0FPB66801	t
13722	ZACCJABT0FPB66802	t
13723	ZACCJBCT0FPB66803	t
13724	ZACCJABH0FPB66805	t
13725	ZACCJABT0FPB66808	t
13726	ZACCJABH0FPB66809	t
13727	ZACCJABH0FPB66811	t
13728	ZACCJABT0FPB66814	t
13729	ZACCJABT0FPB66816	t
13730	ZACCJABT0FPB66817	t
13731	ZACCJBBT0FPB66818	t
13732	ZACCJABH0FPB66819	t
13733	ZACCJBBT0FPB66821	t
13734	ZACCJBBT0FPB66822	t
13735	ZACCJBCT0FPB66827	t
13736	ZACCJABT0FPB66828	t
13737	ZACCJABT0FPB66831	t
13738	ZACCJABT0FPB66832	t
13739	ZACCJABT0FPB66833	t
13740	ZACCJBAT0FPB66834	t
13741	ZACCJABH0FPB66836	t
13742	ZACCJBBT0FPB66837	t
13743	ZACCJBCT0FPB66838	t
13744	ZACCJABT0FPB66840	t
13745	ZACCJABT0FPB66841	t
13746	ZACCJBBT0FPB66844	t
13747	ZACCJBBT0FPB66845	t
13748	ZACCJABT0FPB66848	t
13749	ZACCJABH0FPB66849	t
13750	ZACCJBAT0FPB66851	t
13751	ZACCJABT0FPB66852	t
13752	ZACCJABT0FPB66855	t
13753	ZACCJABT0FPB66856	t
13754	ZACCJABT0FPB66868	t
13755	ZACCJBAT0FPB66869	t
13756	ZACCJABH0FPB66870	t
13757	ZACCJABT0FPB66873	t
13758	ZACCJABH0FPB66874	t
13759	ZACCJABH0FPB66875	t
13760	ZACCJABH0FPB66876	t
13761	ZACCJABH0FPB66877	t
13762	ZACCJABT0FPB66880	t
13763	ZACCJAAT0FPB66881	t
13764	ZACCJABH0FPB66882	t
13765	ZACCJAAT0FPB66884	t
13766	ZACCJAAT0FPB66886	t
13767	ZACCJABT0FPB66888	t
13768	ZACCJBCT0FPB66891	t
13769	ZACCJABH0FPB66893	t
13770	ZACCJABH0FPB66894	t
13771	ZACCJABH0FPB66896	t
13772	ZACCJBAT0FPB66900	t
13773	ZACCJABH0FPB66901	t
13774	ZACCJABH0FPB66904	t
13775	ZACCJBBT0FPB66906	t
13776	ZACCJABH0FPB66907	t
13777	ZACCJABT0FPB66908	t
13778	ZACCJABT0FPB66911	t
13779	ZACCJABT0FPB66915	t
13780	ZACCJABT0FPB66916	t
13781	ZACCJABT0FPB66925	t
13782	ZACCJBAT0FPB66927	t
13783	ZACCJABH0FPB66930	t
13784	ZACCJABT0FPB66931	t
13785	ZACCJABT0FPB66932	t
13786	ZACCJABH0FPB66938	t
13787	ZACCJABT0FPB66940	t
13788	ZACCJABT0FPB66941	t
13789	ZACCJBAT0FPB66943	t
13790	ZACCJABT0FPB66945	t
13791	ZACCJABT0FPB66947	t
13792	ZACCJABH0FPB66948	t
13793	ZACCJABT0FPB66949	t
13794	ZACCJABT0FPB66952	t
13795	ZACCJABT0FPB66953	t
13796	ZACCJABH0FPB66954	t
13797	ZACCJABT0FPB66956	t
13798	ZACCJABT0FPB66957	t
13799	ZACCJAAT0FPB66959	t
13800	ZACCJBCT0FPB66960	t
13801	ZACCJABH0FPB66961	t
13802	ZACCJBAT0FPB66962	t
13803	ZACCJABT0FPB66966	t
13804	ZACCJABT0FPB66967	t
13805	ZACCJABT0FPB66970	t
13806	ZACCJABT0FPB66972	t
13807	ZACCJBBT0FPB66982	t
13808	ZACCJABT0FPB66985	t
13809	ZACCJABT0FPB66986	t
13810	ZACCJABT0FPB66988	t
13811	ZACCJBBH0FPB66992	t
13812	ZACCJBBT0FPB66996	t
13813	ZACCJBBT0FPB66997	t
13814	ZACCJBBT0FPB66998	t
13815	ZACCJBBT0FPB66999	t
13816	ZACCJBBT0FPB67000	t
13817	ZACCJBBT0FPB67002	t
13818	ZACCJBBT0FPB67004	t
13819	ZACCJBBT0FPB67005	t
13820	ZACCJBBT0FPB67007	t
13821	ZACCJBBT0FPB67008	t
13822	ZACCJBBT0FPB67009	t
13823	ZACCJBAT0FPB67011	t
13824	ZACCJBBT0FPB67012	t
13825	ZACCJBBT0FPB67014	t
13826	ZACCJBBT0FPB67016	t
13827	ZACCJBBT0FPB67018	t
13828	ZACCJBBT0FPB67020	t
13829	ZACCJBBT0FPB67021	t
13830	ZACCJBBT0FPB67025	t
13831	ZACCJBBT0FPB67030	t
13832	ZACCJBBT0FPB67031	t
13833	ZACCJBBT0FPB67033	t
13834	ZACCJBBT0FPB67034	t
13835	ZACCJBBT0FPB67035	t
13836	ZACCJBBT0FPB67039	t
13837	ZACCJBBT0FPB67041	t
13838	ZACCJBBT0FPB67044	t
13839	ZACCJBBT0FPB67045	t
13840	ZACCJBBT0FPB67047	t
13841	ZACCJBBT0FPB67048	t
13842	ZACCJBBT0FPB67053	t
13843	ZACCJBBT0FPB67057	t
13844	ZACCJBBT0FPB67058	t
13845	ZACCJBBT0FPB67059	t
13846	ZACCJBBT0FPB67061	t
13847	ZACCJBBT0FPB67064	t
13848	ZACCJBBT0FPB67065	t
13849	ZACCJBBT0FPB67067	t
13850	ZACCJBCT0FPB67068	t
13851	ZACCJBBT0FPB67070	t
13852	ZACCJBBT0FPB67072	t
13853	ZACCJBBT0FPB67074	t
13854	ZACCJBBT0FPB67076	t
13855	ZACCJBBT0FPB67077	t
13856	ZACCJBBT0FPB67080	t
13857	ZACCJBBT0FPB67089	t
13858	ZACCJBAT0FPB67092	t
13859	ZACCJBCT0FPB67118	t
13860	ZACCJBBT0FPB67127	t
13861	ZACCJBCT0FPB67129	t
13862	ZACCJBCT0FPB67130	t
13863	ZACCJBAT0FPB67132	t
13864	ZACCJABH0FPB67136	t
13865	ZACCJBBT0FPB67137	t
13866	ZACCJBBT0FPB67139	t
13867	ZACCJBAT0FPB67141	t
13868	ZACCJBBT0FPB67142	t
13869	ZACCJABH0FPB67144	t
13870	ZACCJBCT0FPB67146	t
13871	ZACCJBBH0FPB67149	t
13872	ZACCJBAH0FPB67151	t
13873	ZACCJABH0FPB67153	t
13874	ZACCJABH0FPB67155	t
13875	ZACCJBBH0FPB67158	t
13876	ZACCJBBH0FPB67160	t
13877	ZACCJBBH0FPB67161	t
13878	ZACCJBBT0FPB67164	t
13879	ZACCJBCT0FPB67167	t
13880	ZACCJBBT0FPB67168	t
13881	ZACCJBBT0FPB67171	t
13882	ZACCJBBT0FPB67172	t
13883	ZACCJBCT0FPB67175	t
13884	ZACCJBBT0FPB67179	t
13885	ZACCJBBT0FPB67184	t
13886	ZACCJBBT0FPB67186	t
13887	ZACCJBBT0FPB67187	t
13888	ZACCJBBT0FPB67188	t
13889	ZACCJBBT0FPB67190	t
13890	ZACCJBBT0FPB67191	t
13891	ZACCJBBH0FPB67192	t
13892	ZACCJBCT0FPB67193	t
13893	ZACCJBBT0FPB67194	t
13894	ZACCJBBT0FPB67196	t
13895	ZACCJBBT0FPB67199	t
13896	ZACCJBBH0FPB67200	t
13897	ZACCJBBT0FPB67201	t
13898	ZACCJBBT0FPB67203	t
13899	ZACCJABT0FPB67204	t
13900	ZACCJBBT0FPB67206	t
13901	ZACCJBBH0FPB67207	t
13902	ZACCJBBT0FPB67209	t
13903	ZACCJBCT0FPB67211	t
13904	ZACCJBBT0FPB67213	t
13905	ZACCJBBT0FPB67219	t
13906	ZACCJBBT0FPB67221	t
13907	ZACCJBBT0FPB67223	t
13908	ZACCJBBH0FPB67224	t
13909	ZACCJBBT0FPB67225	t
13910	ZACCJBBT0FPB67226	t
13911	ZACCJABT0FPB67228	t
13912	ZACCJBBT0FPB67230	t
13913	ZACCJBBT0FPB67232	t
13914	ZACCJBBT0FPB67234	t
13915	ZACCJBBT0FPB67237	t
13916	ZACCJBCT0FPB67238	t
13917	ZACCJBBH0FPB67241	t
13918	ZACCJAAT0FPB67248	t
13919	ZACCJBAH0FPB67249	t
13920	ZACCJABT0FPB67252	t
13921	ZACCJAAT0FPB67253	t
13922	ZACCJABT0FPB67254	t
13923	ZACCJABT0FPB67255	t
13924	ZACCJBBH0FPB67256	t
13925	ZACCJAAT0FPB67259	t
13926	ZACCJAAT0FPB67260	t
13927	ZACCJABT0FPB67262	t
13928	ZACCJAAT0FPB67264	t
13929	ZACCJBBH0FPB67265	t
13930	ZACCJBBT0FPB67266	t
13931	ZACCJABT0FPB67268	t
13932	ZACCJABT0FPB67269	t
13933	ZACCJABT0FPB67273	t
13934	ZACCJBBT0FPB67274	t
13935	ZACCJBBH0FPB67276	t
13936	ZACCJAAT0FPB67277	t
13937	ZACCJBBT0FPB67279	t
13938	ZACCJABT0FPB67280	t
13939	ZACCJBBT0FPB67282	t
13940	ZACCJBBT0FPB67283	t
13941	ZACCJBBT0FPB67284	t
13942	ZACCJAAT0FPB67288	t
13943	ZACCJBBT0FPB67291	t
13944	ZACCJABT0FPB67293	t
13945	ZACCJABT0FPB67294	t
13946	ZACCJBAT0FPB67295	t
13947	ZACCJABT0FPB67297	t
13948	ZACCJABT0FPB67298	t
13949	ZACCJABT0FPB67299	t
13950	ZACCJABT0FPB67300	t
13951	ZACCJABT0FPB67302	t
13952	ZACCJABT0FPB67304	t
13953	ZACCJBAH0FPB67305	t
13954	ZACCJABT0FPB67306	t
13955	ZACCJABT0FPB67311	t
13956	ZACCJABT0FPB67312	t
13957	ZACCJABT0FPB67313	t
13958	ZACCJBBH0FPB67317	t
13959	ZACCJBBT0FPB67321	t
13960	ZACCJABT0FPB67323	t
13961	ZACCJBBT0FPB67324	t
13962	ZACCJBBH0FPB67327	t
13963	ZACCJBBT0FPB67329	t
13964	ZACCJBBT0FPB67330	t
13965	ZACCJBBT0FPB67332	t
13966	ZACCJBBH0FPB67333	t
13967	ZACCJABT0FPB67334	t
13968	ZACCJABT0FPB67336	t
13969	ZACCJBBT0FPB67337	t
13970	ZACCJBBT0FPB67338	t
13971	ZACCJBBT0FPB67341	t
13972	ZACCJBDT0FPB67342	t
13973	ZACCJADT0FPB67344	t
13974	ZACCJBCT0FPB67346	t
13975	ZACCJBBT0FPB67347	t
13976	ZACCJABT0FPB67350	t
13977	ZACCJBBT0FPB67352	t
13978	ZACCJABT0FPB67354	t
13979	ZACCJABT0FPB67359	t
13980	ZACCJBCT0FPB67360	t
13981	ZACCJABT0FPB67362	t
13982	ZACCJABT0FPB67364	t
13983	ZACCJBAH0FPB67365	t
13984	ZACCJABT0FPB67367	t
13985	ZACCJABT0FPB67368	t
13986	ZACCJBDT0FPB67370	t
13987	ZACCJABT0FPB67371	t
13988	ZACCJABT0FPB67374	t
13989	ZACCJABT0FPB67376	t
13990	ZACCJABT0FPB67377	t
13991	ZACCJABT0FPB67378	t
13992	ZACCJABT0FPB67379	t
13993	ZACCJBCT0FPB67380	t
13994	ZACCJABT0FPB67381	t
13995	ZACCJABT0FPB67382	t
13996	ZACCJABT0FPB67383	t
13997	ZACCJABT0FPB67387	t
13998	ZACCJBBT0FPB67390	t
13999	ZACCJABT0FPB67391	t
14000	ZACCJABT0FPB67394	t
14001	ZACCJAAH0FPB67395	t
14002	ZACCJBDT0FPB67397	t
14003	ZACCJAAT0FPB67399	t
14004	ZACCJBBT0FPB67400	t
14005	ZACCJAAT0FPB67401	t
14006	ZACCJBBT0FPB67402	t
14007	ZACCJABT0FPB67404	t
14008	ZACCJABT0FPB67408	t
14009	ZACCJBBT0FPB67410	t
14010	ZACCJBDT0FPB67411	t
14011	ZACCJABT0FPB67412	t
14012	ZACCJABT0FPB67413	t
14013	ZACCJBBT0FPB67414	t
14014	ZACCJABT0FPB67415	t
14015	ZACCJBDT0FPB67417	t
14016	ZACCJBBT0FPB67418	t
14017	ZACCJBBT0FPB67420	t
14018	ZACCJAAH0FPB67421	t
14019	ZACCJBDT0FPB67422	t
14020	ZACCJBDT0FPB67423	t
14021	ZACCJABT0FPB67424	t
14022	ZACCJBBT0FPB67425	t
14023	ZACCJBDT0FPB67427	t
14024	ZACCJABT0FPB67428	t
14025	ZACCJABT0FPB67431	t
14026	ZACCJABT0FPB67437	t
14027	ZACCJABT0FPB67442	t
14028	ZACCJABT0FPB67444	t
14029	ZACCJBBT0FPB67448	t
14030	ZACCJBBT0FPB67449	t
14031	ZACCJABT0FPB67451	t
14032	ZACCJBBT0FPB67452	t
14033	ZACCJABH0FPB67453	t
14034	ZACCJBBT0FPB67456	t
14035	ZACCJABT0FPB67457	t
14036	ZACCJABT0FPB67458	t
14037	ZACCJBBH0FPB67460	t
14038	ZACCJABH0FPB67461	t
14039	ZACCJAAT0FPB67463	t
14040	ZACCJBDT0FPB67465	t
14041	ZACCJBBT0FPB67466	t
14042	ZACCJBBT0FPB67467	t
14043	ZACCJAAH0FPB67469	t
14044	ZACCJBBH0FPB67472	t
14045	ZACCJABT0FPB67473	t
14046	ZACCJADT0FPB67475	t
14047	ZACCJAAT0FPB67477	t
14048	ZACCJBCT0FPB67480	t
14049	ZACCJBBH0FPB67483	t
14050	ZACCJABH0FPB67484	t
14051	ZACCJABT0FPB67486	t
14052	ZACCJBDT0FPB67490	t
14053	ZACCJABT0FPB67493	t
14054	ZACCJABT0FPB67494	t
14055	ZACCJBBH0FPB67495	t
14056	ZACCJBBH0FPB67498	t
14057	ZACCJABT0FPB67499	t
14058	ZACCJBBH0FPB67501	t
14059	ZACCJBBT0FPB67505	t
14060	ZACCJBBT0FPB67506	t
14061	ZACCJABT0FPB67507	t
14062	ZACCJAAT0FPB67509	t
14063	ZACCJABT0FPB67510	t
14064	ZACCJABT0FPB67511	t
14065	ZACCJAAT0FPB67512	t
14066	ZACCJABT0FPB67513	t
14067	ZACCJABT0FPB67514	t
14068	ZACCJBBT0FPB67515	t
14069	ZACCJBBT0FPB67516	t
14070	ZACCJABH0FPB67517	t
14071	ZACCJABT0FPB67518	t
14072	ZACCJBBT0FPB67519	t
14073	ZACCJBBT0FPB67520	t
14074	ZACCJABT0FPB67522	t
14075	ZACCJBBT0FPB67523	t
14076	ZACCJABH0FPB67524	t
14077	ZACCJABT0FPB67525	t
14078	ZACCJABH0FPB67527	t
14079	ZACCJBCT0FPB67528	t
14080	ZACCJABT0FPB67530	t
14081	ZACCJABT0FPB67531	t
14082	ZACCJABT0FPB67532	t
14083	ZACCJABH0FPB67534	t
14084	ZACCJABT0FPB67535	t
14085	ZACCJABT0FPB67536	t
14086	ZACCJABT0FPB67538	t
14087	ZACCJABT0FPB67539	t
14088	ZACCJBBT0FPB67540	t
14089	ZACCJABT0FPB67541	t
14090	ZACCJABT0FPB67542	t
14091	ZACCJABT0FPB67543	t
14092	ZACCJBBT0FPB67545	t
14093	ZACCJABT0FPB67546	t
14094	ZACCJABT0FPB67547	t
14095	ZACCJABT0FPB67549	t
14096	ZACCJABT0FPB67550	t
14097	ZACCJABT0FPB67552	t
14098	ZACCJABT0FPB67553	t
14099	ZACCJABT0FPB67554	t
14100	ZACCJABT0FPB67555	t
14101	ZACCJABT0FPB67557	t
14102	ZACCJABT0FPB67558	t
14103	ZACCJABT0FPB67559	t
14104	ZACCJABT0FPB67562	t
14105	ZACCJABT0FPB67563	t
14106	ZACCJABT0FPB67564	t
14107	ZACCJABT0FPB67566	t
14108	ZACCJABT0FPB67567	t
14109	ZACCJBBH0FPB67569	t
14110	ZACCJBBT0FPB67570	t
14111	ZACCJABT0FPB67571	t
14112	ZACCJABT0FPB67572	t
14113	ZACCJABT0FPB67573	t
14114	ZACCJABT0FPB67574	t
14115	ZACCJBCT0FPB67575	t
14116	ZACCJABT0FPB67576	t
14117	ZACCJABT0FPB67578	t
14118	ZACCJBBT0FPB67580	t
14119	ZACCJABT0FPB67581	t
14120	ZACCJABT0FPB67583	t
14121	ZACCJBBT0FPB67585	t
14122	ZACCJABT0FPB67586	t
14123	ZACCJABT0FPB67588	t
14124	ZACCJBBT0FPB67589	t
14125	ZACCJABT0FPB67590	t
14126	ZACCJABT0FPB67592	t
14127	ZACCJABT0FPB67593	t
14128	ZACCJABT0FPB67594	t
14129	ZACCJBBT0FPB67598	t
14130	ZACCJABT0FPB67599	t
14131	ZACCJBCT0FPB67600	t
14132	ZACCJABT0FPB67603	t
14133	ZACCJABT0FPB67604	t
14134	ZACCJABT0FPB67605	t
14135	ZACCJABT0FPB67606	t
14136	ZACCJABT0FPB67608	t
14137	ZACCJABT0FPB67609	t
14138	ZACCJBBT0FPB67610	t
14139	ZACCJABT0FPB67611	t
14140	ZACCJBCT0FPB67612	t
14141	ZACCJABT0FPB67613	t
14142	ZACCJABT0FPB67614	t
14143	ZACCJABT0FPB67616	t
14144	ZACCJABT0FPB67617	t
14145	ZACCJABT0FPB67619	t
14146	ZACCJABT0FPB67620	t
14147	ZACCJBCT0FPB67624	t
14148	ZACCJBCT0FPB67625	t
14149	ZACCJBBT0FPB67626	t
14150	ZACCJBBT0FPB67629	t
14151	ZACCJBBT0FPB67630	t
14152	ZACCJBBT0FPB67631	t
14153	ZACCJBCT0FPB67632	t
14154	ZACCJBBT0FPB67634	t
14155	ZACCJBBT0FPB67635	t
14156	ZACCJBBT0FPB67640	t
14157	ZACCJAAT0FPB67641	t
14158	ZACCJBCT0FPB67642	t
14159	ZACCJABT0FPB67643	t
14160	ZACCJABT0FPB67644	t
14161	ZACCJBBT0FPB67645	t
14162	ZACCJBBT0FPB67646	t
14163	ZACCJBBT0FPB67647	t
14164	ZACCJBBT0FPB67648	t
14165	ZACCJABT0FPB67650	t
14166	ZACCJABT0FPB67651	t
14167	ZACCJBBT0FPB67652	t
14168	ZACCJABT0FPB67655	t
14169	ZACCJBBT0FPB67656	t
14170	ZACCJBBT0FPB67657	t
14171	ZACCJBBT0FPB67658	t
14172	ZACCJBBT0FPB67659	t
14173	ZACCJBBT0FPB67660	t
14174	ZACCJBBT0FPB67661	t
14175	ZACCJBCT0FPB67662	t
14176	ZACCJBAH0FPB67663	t
14177	ZACCJBAH0FPB67668	t
14178	ZACCJABT0FPB67670	t
14179	ZACCJABT0FPB67671	t
14180	ZACCJBAH0FPB67672	t
14181	ZACCJABT0FPB67674	t
14182	ZACCJABT0FPB67675	t
14183	ZACCJABT0FPB67676	t
14184	ZACCJBCT0FPB67679	t
14185	ZACCJBAH0FPB67680	t
14186	ZACCJBCT0FPB67681	t
14187	ZACCJBCT0FPB67682	t
14188	ZACCJBCT0FPB67684	t
14189	ZACCJABT0FPB67685	t
14190	ZACCJABT0FPB67687	t
14191	ZACCJBCT0FPB67688	t
14192	ZACCJBCT0FPB67689	t
14193	ZACCJBCT0FPB67691	t
14194	ZACCJBAH0FPB67693	t
14195	ZACCJABT0FPB67695	t
14196	ZACCJABT0FPB67696	t
14197	ZACCJABT0FPB67697	t
14198	ZACCJBBH0FPB67698	t
14199	ZACCJABT0FPB67700	t
14200	ZACCJABT0FPB67703	t
14201	ZACCJBBT0FPB67706	t
14202	ZACCJBBT0FPB67707	t
14203	ZACCJABT0FPB67709	t
14204	ZACCJBBH0FPB67710	t
14205	ZACCJBBH0FPB67711	t
14206	ZACCJBBH0FPB67712	t
14207	ZACCJABT0FPB67715	t
14208	ZACCJABT0FPB67716	t
14209	ZACCJBBT0FPB67718	t
14210	ZACCJBBT0FPB67719	t
14211	ZACCJABT0FPB67721	t
14212	ZACCJBBH0FPB67722	t
14213	ZACCJABT0FPB67724	t
14214	ZACCJBBT0FPB67725	t
14215	ZACCJABT0FPB67732	t
14216	ZACCJABH0FPB67734	t
14217	ZACCJABT0FPB67735	t
14218	ZACCJABT0FPB67736	t
14219	ZACCJABT0FPB67737	t
14220	ZACCJBCT0FPB67741	t
14221	ZACCJABT0FPB67746	t
14222	ZACCJABT0FPB67747	t
14223	ZACCJBBH0FPB67749	t
14224	ZACCJAAH0FPB67750	t
14225	ZACCJABT0FPB67751	t
14226	ZACCJBCT0FPB67753	t
14227	ZACCJABT0FPB67754	t
14228	ZACCJBBT0FPB67757	t
14229	ZACCJABT0FPB67759	t
14230	ZACCJBBT0FPB67760	t
14231	ZACCJAAH0FPB67761	t
14232	ZACCJBCT0FPB67762	t
14233	ZACCJAAH0FPB67763	t
14234	ZACCJABT0FPB67764	t
14235	ZACCJABT0FPB67767	t
14236	ZACCJBCT0FPB67770	t
14237	ZACCJADT0FPB67772	t
14238	ZACCJBCT0FPB67775	t
14239	ZACCJABT0FPB67777	t
14240	ZACCJABT0FPB67782	t
14241	ZACCJABT0FPB67785	t
14242	ZACCJBBT0FPB67786	t
14243	ZACCJBBT0FPB67792	t
14244	ZACCJABT0FPB67794	t
14245	ZACCJABT0FPB67796	t
14246	ZACCJABT0FPB67797	t
14247	ZACCJBCT0FPB67798	t
14248	ZACCJBBT0FPB67799	t
14249	ZACCJABT0FPB67800	t
14250	ZACCJABT0FPB67801	t
14251	ZACCJAAH0FPB67802	t
14252	ZACCJABT0FPB67803	t
14253	ZACCJABT0FPB67805	t
14254	ZACCJABT0FPB67807	t
14255	ZACCJABT0FPB67809	t
14256	ZACCJABH0FPB67810	t
14257	ZACCJADT0FPB67812	t
14258	ZACCJABT0FPB67815	t
14259	ZACCJBCT0FPB67816	t
14260	ZACCJBBT0FPB67818	t
14261	ZACCJABT0FPB67819	t
14262	ZACCJBBT0FPB67822	t
14263	ZACCJBCT0FPB67823	t
14264	ZACCJBBT0FPB67825	t
14265	ZACCJBCT0FPB67827	t
14266	ZACCJBBH0FPB67828	t
14267	ZACCJBBH0FPB67829	t
14268	ZACCJABT0FPB67830	t
14269	ZACCJBBT0FPB67836	t
14270	ZACCJABT0FPB67837	t
14271	ZACCJBBT0FPB67838	t
14272	ZACCJBCT0FPB67839	t
14273	ZACCJBBT0FPB67848	t
14274	ZACCJBDT0FPB67849	t
14275	ZACCJBBT0FPB67851	t
14276	ZACCJABT0FPB67864	t
14277	ZACCJBBT0FPB67865	t
14278	ZACCJBBT0FPB67866	t
14279	ZACCJBBT0FPB67869	t
14280	ZACCJBBT0FPB67870	t
14281	ZACCJBBT0FPB67873	t
14282	ZACCJABT0FPB67874	t
14283	ZACCJABT0FPB67875	t
14284	ZACCJBBT0FPB67876	t
14285	ZACCJABT0FPB67877	t
14286	ZACCJBDT0FPB67879	t
14287	ZACCJABT0FPB67880	t
14288	ZACCJABT0FPB67881	t
14289	ZACCJABT0FPB67882	t
14290	ZACCJBBT0FPB67883	t
14291	ZACCJBCT0FPB67884	t
14292	ZACCJBBT0FPB67885	t
14293	ZACCJBBT0FPB67886	t
14294	ZACCJABT0FPB67891	t
14295	ZACCJBCT0FPB67892	t
14296	ZACCJABT0FPB67893	t
14297	ZACCJABT0FPB67895	t
14298	ZACCJABT0FPB67896	t
14299	ZACCJADT0FPB67898	t
14300	ZACCJABT0FPB67899	t
14301	ZACCJADT0FPB67900	t
14302	ZACCJADT0FPB67901	t
14303	ZACCJBCT0FPB67902	t
14304	ZACCJADT0FPB67903	t
14305	ZACCJBCT0FPB67904	t
14306	ZACCJBCT0FPB67905	t
14307	ZACCJADT0FPB67906	t
14308	ZACCJBBT0FPB67907	t
14309	ZACCJBCT0FPB67908	t
14310	ZACCJABT0FPB67909	t
14311	ZACCJADT0FPB67910	t
14312	ZACCJBCT0FPB67911	t
14313	ZACCJABT0FPB67914	t
14314	ZACCJADT0FPB67915	t
14315	ZACCJBCT0FPB67916	t
14316	ZACCJBCT0FPB67921	t
14317	ZACCJBBT0FPB67922	t
14318	ZACCJBCT0FPB67924	t
14319	ZACCJAAT0FPB67925	t
14320	ZACCJBCT0FPB67927	t
14321	ZACCJBBT0FPB67928	t
14322	ZACCJBCT0FPB67933	t
14323	ZACCJBCT0FPB67935	t
14324	ZACCJBCT0FPB67937	t
14325	ZACCJBCT0FPB67938	t
14326	ZACCJADT0FPB67939	t
14327	ZACCJBDT0FPB67941	t
14328	ZACCJBCT0FPB67942	t
14329	ZACCJBCT0FPB67945	t
14330	ZACCJBCT0FPB67948	t
14331	ZACCJBBH0FPB67950	t
14332	ZACCJBCT0FPB67952	t
14333	ZACCJADT0FPB67953	t
14334	ZACCJBCT0FPB67954	t
14335	ZACCJADT0FPB67955	t
14336	ZACCJBCT0FPB67958	t
14337	ZACCJABT0FPB67959	t
14338	ZACCJBCT0FPB67961	t
14339	ZACCJABT0FPB67962	t
14340	ZACCJBCT0FPB67966	t
14341	ZACCJBCT0FPB67967	t
14342	ZACCJBBT0FPB67968	t
14343	ZACCJBCT0FPB67969	t
14344	ZACCJBCT0FPB67970	t
14345	ZACCJBCT0FPB67971	t
14346	ZACCJBBT0FPB67973	t
14347	ZACCJADT0FPB67975	t
14348	ZACCJADT0FPB67977	t
14349	ZACCJABT0FPB67978	t
14350	ZACCJBCT0FPB67981	t
14351	ZACCJABT0FPB67982	t
14352	ZACCJBCT0FPB67983	t
14353	ZACCJBCT0FPB67985	t
14354	ZACCJBCT0FPB67986	t
14355	ZACCJADT0FPB67987	t
14356	ZACCJBCT0FPB67989	t
14357	ZACCJBBT0FPB67993	t
14358	ZACCJAAT0FPB67994	t
14359	ZACCJBCT0FPB67995	t
14360	ZACCJBCT0FPB67997	t
14361	ZACCJADT0FPB67999	t
14362	ZACCJBCT0FPB68000	t
14363	ZACCJBCT0FPB68001	t
14364	ZACCJBCT0FPB68003	t
14365	ZACCJBCT0FPB68005	t
14366	ZACCJBCT0FPB68006	t
14367	ZACCJAAT0FPB68007	t
14368	ZACCJBBT0FPB68008	t
14369	ZACCJBCT0FPB68009	t
14370	ZACCJBCT0FPB68014	t
14371	ZACCJADT0FPB68015	t
14372	ZACCJBCT0FPB68016	t
14373	ZACCJBCT0FPB68023	t
14374	ZACCJBCT0FPB68027	t
14375	ZACCJABT0FPB68029	t
14376	ZACCJBCT0FPB68030	t
14377	ZACCJBCT0FPB68032	t
14378	ZACCJBCT0FPB68033	t
14379	ZACCJBDT0FPB68036	t
14380	ZACCJBCT0FPB68038	t
14381	ZACCJBCT0FPB68041	t
14382	ZACCJADT0FPB68043	t
14383	ZACCJBCT0FPB68044	t
14384	ZACCJBBH0FPB68045	t
14385	ZACCJADT0FPB68046	t
14386	ZACCJBDT0FPB68052	t
14387	ZACCJADT0FPB68054	t
14388	ZACCJBBH0FPB68055	t
14389	ZACCJBBH0FPB68056	t
14390	ZACCJBDT0FPB68057	t
14391	ZACCJBCT0FPB68058	t
14392	ZACCJBBH0FPB68060	t
14393	ZACCJBDT0FPB68061	t
14394	ZACCJBDT0FPB68062	t
14395	ZACCJBCT0FPB68064	t
14396	ZACCJBBH0FPB68065	t
14397	ZACCJBDT0FPB68066	t
14398	ZACCJBDT0FPB68068	t
14399	ZACCJBDT0FPB68071	t
14400	ZACCJBDT0FPB68073	t
14401	ZACCJBBH0FPB68075	t
14402	ZACCJBBH0FPB68077	t
14403	ZACCJAAT0FPB68079	t
14404	ZACCJADT0FPB68080	t
14405	ZACCJBDT0FPB68083	t
14406	ZACCJAAH0FPB68084	t
14407	ZACCJBDT0FPB68085	t
14408	ZACCJBBH0FPB68086	t
14409	ZACCJAAH0FPB68087	t
14410	ZACCJBDT0FPB68088	t
14411	ZACCJAAH0FPB68090	t
14412	ZACCJBDT0FPB68091	t
14413	ZACCJBDT0FPB68093	t
14414	ZACCJBAT0FPB68094	t
14415	ZACCJBDT0FPB68095	t
14416	ZACCJBBH0FPB68097	t
14417	ZACCJBBH0FPB68098	t
14418	ZACCJABH0FPB68099	t
14419	ZACCJBBH0FPB68100	t
14420	ZACCJABH0FPB68102	t
14421	ZACCJAAH0FPB68103	t
14422	ZACCJADT0FPB68104	t
14423	ZACCJABT0FPB68105	t
14424	ZACCJBDT0FPB68106	t
14425	ZACCJBDT0FPB68107	t
14426	ZACCJBDT0FPB68108	t
14427	ZACCJABT0FPB68109	t
14428	ZACCJBDT0FPB68110	t
14429	ZACCJABT0FPB68111	t
14430	ZACCJADT0FPB68113	t
14431	ZACCJBBT0FPB68114	t
14432	ZACCJBDT0FPB68116	t
14433	ZACCJABT0FPB68118	t
14434	ZACCJBDT0FPB68120	t
14435	ZACCJBBT0FPB68122	t
14436	ZACCJABT0FPB68125	t
14437	ZACCJBBT0FPB68126	t
14438	ZACCJABT0FPB68128	t
14439	ZACCJBDT0FPB68129	t
14440	ZACCJBDT0FPB68130	t
14441	ZACCJBBT0FPB68131	t
14442	ZACCJBBT0FPB68132	t
14443	ZACCJBBT0FPB68133	t
14444	ZACCJBBT0FPB68135	t
14445	ZACCJABT0FPB68136	t
14446	ZACCJBDT0FPB68137	t
14447	ZACCJBBT0FPB68139	t
14448	ZACCJADT0FPB68140	t
14449	ZACCJBDT0FPB68141	t
14450	ZACCJABT0FPB68142	t
14451	ZACCJBBT0FPB68143	t
14452	ZACCJABT0FPB68144	t
14453	ZACCJADT0FPB68145	t
14454	ZACCJBBT0FPB68146	t
14455	ZACCJBDT0FPB68147	t
14456	ZACCJBBT0FPB68149	t
14457	ZACCJBBT0FPB68150	t
14458	ZACCJBDT0FPB68151	t
14459	ZACCJBDT0FPB68152	t
14460	ZACCJBBT0FPB68153	t
14461	ZACCJBDT0FPB68156	t
14462	ZACCJBCT0FPB68157	t
14463	ZACCJBDT0FPB68159	t
14464	ZACCJBCT0FPB68160	t
14465	ZACCJABT0FPB68161	t
14466	ZACCJBCT0FPB68162	t
14467	ZACCJABT0FPB68163	t
14468	ZACCJBBT0FPB68165	t
14469	ZACCJABT0FPB68166	t
14470	ZACCJBBT0FPB68168	t
14471	ZACCJBDT0FPB68169	t
14472	ZACCJABT0FPB68171	t
14473	ZACCJBDT0FPB68174	t
14474	ZACCJBDT0FPB68175	t
14475	ZACCJBAT0FPB68176	t
14476	ZACCJBBT0FPB68178	t
14477	ZACCJBBT0FPB68180	t
14478	ZACCJBCT0FPB68181	t
14479	ZACCJBBT0FPB68183	t
14480	ZACCJABT0FPB68186	t
14481	ZACCJBBH0FPB68187	t
14482	ZACCJBBH0FPB68188	t
14483	ZACCJBBH0FPB68189	t
14484	ZACCJBBH0FPB68191	t
14485	ZACCJADT0FPB68192	t
14486	ZACCJBBH0FPB68193	t
14487	ZACCJBBH0FPB68194	t
14488	ZACCJBBH0FPB68195	t
14489	ZACCJBBH0FPB68196	t
14490	ZACCJBBH0FPB68198	t
14491	ZACCJBBH0FPB68199	t
14492	ZACCJBBH0FPB68200	t
14493	ZACCJBBH0FPB68201	t
14494	ZACCJBBT0FPB68202	t
14495	ZACCJBBH0FPB68203	t
14496	ZACCJBBT0FPB68204	t
14497	ZACCJBBH0FPB68205	t
14498	ZACCJADT0FPB68206	t
14499	ZACCJBBH0FPB68207	t
14500	ZACCJBBH0FPB68208	t
14501	ZACCJBBH0FPB68209	t
14502	ZACCJBBH0FPB68210	t
14503	ZACCJADT0FPB68211	t
14504	ZACCJBCT0FPB68212	t
14505	ZACCJBCT0FPB68213	t
14506	ZACCJBBH0FPB68214	t
14507	ZACCJBBH0FPB68215	t
14508	ZACCJBCT0FPB68216	t
14509	ZACCJAAH0FPB68217	t
14510	ZACCJABT0FPB68218	t
14511	ZACCJBCT0FPB68219	t
14512	ZACCJBBH0FPB68222	t
14513	ZACCJBBT0FPB68223	t
14514	ZACCJBAH0FPB68224	t
14515	ZACCJBBT0FPB68226	t
14516	ZACCJABH0FPB68227	t
14517	ZACCJBBT0FPB68228	t
14518	ZACCJBBT0FPB68229	t
14519	ZACCJBBT0FPB68230	t
14520	ZACCJBBT0FPB68231	t
14521	ZACCJBBT0FPB68233	t
14522	ZACCJBBT0FPB68234	t
14523	ZACCJABH0FPB68235	t
14524	ZACCJBBT0FPB68237	t
14525	ZACCJBDT0FPB68240	t
14526	ZACCJBBH0FPB68241	t
14527	ZACCJBBT0FPB68243	t
14528	ZACCJABT0FPB68244	t
14529	ZACCJABT0FPB68245	t
14530	ZACCJBBH0FPB68246	t
14531	ZACCJBDT0FPB68247	t
14532	ZACCJBBT0FPB68248	t
14533	ZACCJBBT0FPB68249	t
14534	ZACCJBBT0FPB68250	t
14535	ZACCJBBH0FPB68251	t
14536	ZACCJBDT0FPB68252	t
14537	ZACCJBBT0FPB68254	t
14538	ZACCJBBT0FPB68255	t
14539	ZACCJBBH0FPB68256	t
14540	ZACCJBDT0FPB68257	t
14541	ZACCJBBT0FPB68258	t
14542	ZACCJBDT0FPB68259	t
14543	ZACCJBCT0FPB68260	t
14544	ZACCJBDT0FPB68261	t
14545	ZACCJBDT0FPB68262	t
14546	ZACCJBBT0FPB68263	t
14547	ZACCJBDT0FPB68264	t
14548	ZACCJBDT0FPB68266	t
14549	ZACCJABT0FPB68267	t
14550	ZACCJBBT0FPB68268	t
14551	ZACCJBBT0FPB68269	t
14552	ZACCJAAH0FPB68270	t
14553	ZACCJBBT0FPB68271	t
14554	ZACCJBBT0FPB68272	t
14555	ZACCJBBT0FPB68273	t
14556	ZACCJBBT0FPB68274	t
14557	ZACCJABT0FPB68275	t
14558	ZACCJBBH0FPB68276	t
14559	ZACCJBBT0FPB68278	t
14560	ZACCJBCT0FPB68279	t
14561	ZACCJBBT0FPB68280	t
14562	ZACCJABT0FPB68281	t
14563	ZACCJBBH0FPB68282	t
14564	ZACCJABT0FPB68283	t
14565	ZACCJBDT0FPB68284	t
14566	ZACCJBBT0FPB68286	t
14567	ZACCJBBH0FPB68287	t
14568	ZACCJBCT0FPB68288	t
14569	ZACCJBDT0FPB68290	t
14570	ZACCJBDT0FPB68291	t
14571	ZACCJBDT0FPB68292	t
14572	ZACCJBBT0FPB68294	t
14573	ZACCJBDT0FPB68295	t
14574	ZACCJABT0FPB68296	t
14575	ZACCJABT0FPB68299	t
14576	ZACCJABT0FPB68300	t
14577	ZACCJBDT0FPB68304	t
14578	ZACCJBBH0FPB68306	t
14579	ZACCJBBT0FPB68307	t
14580	ZACCJBBH0FPB68308	t
14581	ZACCJBBT0FPB68310	t
14582	ZACCJABH0FPB68311	t
14583	ZACCJABT0FPB68312	t
14584	ZACCJBDT0FPB68316	t
14585	ZACCJBBH0FPB68318	t
14586	ZACCJBDT0FPB68319	t
14587	ZACCJBDT0FPB68322	t
14588	ZACCJBBT0FPB68323	t
14589	ZACCJAAH0FPB68324	t
14590	ZACCJBDT0FPB68325	t
14591	ZACCJBDT0FPB68326	t
14592	ZACCJBCT0FPB68329	t
14593	ZACCJBDT0FPB68331	t
14594	ZACCJBDT0FPB68333	t
14595	ZACCJBCT0FPB68334	t
14596	ZACCJBDT0FPB68335	t
14597	ZACCJBDT0FPB68336	t
14598	ZACCJBDT0FPB68337	t
14599	ZACCJBBH0FPB68339	t
14600	ZACCJABT0FPB68341	t
14601	ZACCJBDT0FPB68343	t
14602	ZACCJBDT0FPB68344	t
14603	ZACCJBBH0FPB68348	t
14604	ZACCJBBH0FPB68349	t
14605	ZACCJBDT0FPB68350	t
14606	ZACCJBDT0FPB68351	t
14607	ZACCJBDT0FPB68352	t
14608	ZACCJBCT0FPB68353	t
14609	ZACCJBBT0FPB68354	t
14610	ZACCJBDT0FPB68355	t
14611	ZACCJBDT0FPB68356	t
14612	ZACCJBDT0FPB68357	t
14613	ZACCJBBH0FPB68358	t
14614	ZACCJBDT0FPB68359	t
14615	ZACCJBDT0FPB68362	t
14616	ZACCJBDT0FPB68364	t
14617	ZACCJBBT0FPB68367	t
14618	ZACCJBDT0FPB68369	t
14619	ZACCJBBT0FPB68371	t
14620	ZACCJADT0FPB68372	t
14621	ZACCJABT0FPB68374	t
14622	ZACCJBDT0FPB68375	t
14623	ZACCJBDT0FPB68378	t
14624	ZACCJADT0FPB68379	t
14625	ZACCJBDT0FPB68381	t
14626	ZACCJBDT0FPB68382	t
14627	ZACCJBDT0FPB68383	t
14628	ZACCJABT0FPB68384	t
14629	ZACCJBDT0FPB68385	t
14630	ZACCJBDT0FPB68386	t
14631	ZACCJBDT0FPB68387	t
14632	ZACCJBBT0FPB68388	t
14633	ZACCJBDT0FPB68389	t
14634	ZACCJADT0FPB68391	t
14635	ZACCJBAT0FPB68392	t
14636	ZACCJBCT0FPB68393	t
14637	ZACCJBDT0FPB68395	t
14638	ZACCJBDT0FPB68396	t
14639	ZACCJBDT0FPB68398	t
14640	ZACCJBCT0FPB68399	t
14641	ZACCJBDT0FPB68401	t
14642	ZACCJBBT0FPB68402	t
14643	ZACCJABT0FPB68405	t
14644	ZACCJABT0FPB68406	t
14645	ZACCJABT0FPB68407	t
14646	ZACCJABT0FPB68409	t
14647	ZACCJABT0FPB68410	t
14648	ZACCJABT0FPB68413	t
14649	ZACCJABT0FPB68414	t
14650	ZACCJABT0FPB68415	t
14651	ZACCJABT0FPB68416	t
14652	ZACCJABT0FPB68417	t
14653	ZACCJABT0FPB68418	t
14654	ZACCJBBT0FPB68419	t
14655	ZACCJABT0FPB68420	t
14656	ZACCJABT0FPB68421	t
14657	ZACCJABT0FPB68422	t
14658	ZACCJBBT0FPB68423	t
14659	ZACCJABT0FPB68424	t
14660	ZACCJABT0FPB68426	t
14661	ZACCJBBT0FPB68427	t
14662	ZACCJBBT0FPB68428	t
14663	ZACCJABT0FPB68429	t
14664	ZACCJABT0FPB68430	t
14665	ZACCJBDT0FPB68431	t
14666	ZACCJBBH0FPB68432	t
14667	ZACCJABT0FPB68433	t
14668	ZACCJABT0FPB68434	t
14669	ZACCJABT0FPB68436	t
14670	ZACCJABT0FPB68437	t
14671	ZACCJABT0FPB68438	t
14672	ZACCJBCT0FPB68440	t
14673	ZACCJBDT0FPB68441	t
14674	ZACCJBBH0FPB68442	t
14675	ZACCJABT0FPB68443	t
14676	ZACCJABT0FPB68444	t
14677	ZACCJBBT0FPB68447	t
14678	ZACCJBBH0FPB68448	t
14679	ZACCJABT0FPB68449	t
14680	ZACCJABT0FPB68450	t
14681	ZACCJBCT0FPB68451	t
14682	ZACCJABT0FPB68452	t
14683	ZACCJBDT0FPB68453	t
14684	ZACCJABT0FPB68454	t
14685	ZACCJBBH0FPB68455	t
14686	ZACCJBBT0FPB68456	t
14687	ZACCJAAH0FPB68457	t
14688	ZACCJBBT0FPB68458	t
14689	ZACCJAAH0FPB68459	t
14690	ZACCJABT0FPB68462	t
14691	ZACCJBDT0FPB68464	t
14692	ZACCJBBT0FPB68465	t
14693	ZACCJBDT0FPB68466	t
14694	ZACCJBBH0FPB68467	t
14695	ZACCJBDT0FPB68468	t
14696	ZACCJBDT0FPB68469	t
14697	ZACCJABT0FPB68470	t
14698	ZACCJBBT0FPB68472	t
14699	ZACCJBBH0FPB68473	t
14700	ZACCJBDT0FPB68474	t
14701	ZACCJBBT0FPB68475	t
14702	ZACCJBBT0FPB68476	t
14703	ZACCJBDT0FPB68477	t
14704	ZACCJBDT0FPB68478	t
14705	ZACCJABT0FPB68479	t
14706	ZACCJBDT0FPB68480	t
14707	ZACCJBDT0FPB68481	t
14708	ZACCJBBT0FPB68482	t
14709	ZACCJABT0FPB68483	t
14710	ZACCJBBT0FPB68485	t
14711	ZACCJABT0FPB68486	t
14712	ZACCJBDT0FPB68487	t
14713	ZACCJBAT0FPB68489	t
14714	ZACCJBBT0FPB68490	t
14715	ZACCJABT0FPB68491	t
14716	ZACCJBCT0FPB68492	t
14717	ZACCJBBT0FPB68493	t
14718	ZACCJBDT0FPB68494	t
14719	ZACCJBBT0FPB68495	t
14720	ZACCJBAT0FPB68496	t
14721	ZACCJBBT0FPB68497	t
14722	ZACCJBDT0FPB68498	t
14723	ZACCJBDT0FPB68499	t
14724	ZACCJBDT0FPB68500	t
14725	ZACCJAAH0FPB68501	t
14726	ZACCJBBT0FPB68502	t
14727	ZACCJBDT0FPB68504	t
14728	ZACCJBBH0FPB68505	t
14729	ZACCJBDT0FPB68506	t
14730	ZACCJBBT0FPB68507	t
14731	ZACCJBBT0FPB68509	t
14732	ZACCJBCT0FPB68510	t
14733	ZACCJBAT0FPB68512	t
14734	ZACCJABH0FPB68514	t
14735	ZACCJBDT0FPB68515	t
14736	ZACCJBDT0FPB68516	t
14737	ZACCJBBT0FPB68517	t
14738	ZACCJABH0FPB68518	t
14739	ZACCJBAT0FPB68519	t
14740	ZACCJBAT0FPB68520	t
14741	ZACCJBDT0FPB68521	t
14742	ZACCJBAH0FPB68522	t
14743	ZACCJADT0FPB68523	t
14744	ZACCJBDT0FPB68524	t
14745	ZACCJBAT0FPB68525	t
14746	ZACCJBDT0FPB68526	t
14747	ZACCJABH0FPB68527	t
14748	ZACCJBDT0FPB68528	t
14749	ZACCJBDT0FPB68529	t
14750	ZACCJABT0FPB68530	t
14751	ZACCJBDT0FPB68531	t
14752	ZACCJBDT0FPB68532	t
14753	ZACCJBBT0FPB68533	t
14754	ZACCJBDT0FPB68534	t
14755	ZACCJBDT0FPB68535	t
14756	ZACCJBDT0FPB68536	t
14757	ZACCJBDT0FPB68537	t
14758	ZACCJBDT0FPB68538	t
14759	ZACCJABT0FPB68539	t
14760	ZACCJBDT0FPB68540	t
14761	ZACCJBAT0FPB68541	t
14762	ZACCJABT0FPB68542	t
14763	ZACCJBDT0FPB68543	t
14764	ZACCJBDT0FPB68544	t
14765	ZACCJABT0FPB68545	t
14766	ZACCJBDT0FPB68546	t
14767	ZACCJBDT0FPB68547	t
14768	ZACCJBDT0FPB68548	t
14769	ZACCJBDT0FPB68549	t
14770	ZACCJBAT0FPB68550	t
14771	ZACCJBDT0FPB68551	t
14772	ZACCJBBT0FPB68553	t
14773	ZACCJBBT0FPB68555	t
14774	ZACCJBDT0FPB68557	t
14775	ZACCJBDT0FPB68560	t
14776	ZACCJAAH0FPB68561	t
14777	ZACCJABT0FPB68562	t
14778	ZACCJBDT0FPB68563	t
14779	ZACCJBDT0FPB68564	t
14780	ZACCJBBT0FPB68565	t
14781	ZACCJABT0FPB68566	t
14782	ZACCJBDT0FPB68567	t
14783	ZACCJBDT0FPB68568	t
14784	ZACCJADT0FPB68570	t
14785	ZACCJBCT0FPB68571	t
14786	ZACCJBDT0FPB68572	t
14787	ZACCJABT0FPB68574	t
14788	ZACCJBDT0FPB68575	t
14789	ZACCJBDT0FPB68577	t
14790	ZACCJBDT0FPB68578	t
14791	ZACCJBAT0FPB68579	t
14792	ZACCJABT0FPB68580	t
14793	ZACCJBDT0FPB68581	t
14794	ZACCJBDT0FPB68582	t
14795	ZACCJBDT0FPB68583	t
14796	ZACCJBDT0FPB68584	t
14797	ZACCJBBH0FPB68585	t
14798	ZACCJBDT0FPB68586	t
14799	ZACCJBBT0FPB68587	t
14800	ZACCJBBT0FPB68588	t
14801	ZACCJBDT0FPB68589	t
14802	ZACCJBAT0FPB68591	t
14803	ZACCJBAT0FPB68592	t
14804	ZACCJABT0FPB68594	t
14805	ZACCJBDT0FPB68595	t
14806	ZACCJBCT0FPB68597	t
14807	ZACCJBBT0FPB68598	t
14808	ZACCJBBH0FPB68599	t
14809	ZACCJBDT0FPB68600	t
14810	ZACCJABT0FPB68601	t
14811	ZACCJBBH0FPB68603	t
14812	ZACCJBCT0FPB68604	t
14813	ZACCJBCT0FPB68605	t
14814	ZACCJABT0FPB68606	t
14815	ZACCJBDT0FPB68607	t
14816	ZACCJBCT0FPB68608	t
14817	ZACCJABT0FPB68609	t
14818	ZACCJABT0FPB68610	t
14819	ZACCJBCT0FPB68611	t
14820	ZACCJBBT0FPB68612	t
14821	ZACCJBBT0FPB68613	t
14822	ZACCJABT0FPB68614	t
14823	ZACCJBBT0FPB68615	t
14824	ZACCJBBT0FPB68616	t
14825	ZACCJABT0FPB68617	t
14826	ZACCJBDT0FPB68618	t
14827	ZACCJBCT0FPB68619	t
14828	ZACCJBBT0FPB68620	t
14829	ZACCJBCT0FPB68621	t
14830	ZACCJABT0FPB68624	t
14831	ZACCJBBT0FPB68626	t
14832	ZACCJABT0FPB68628	t
14833	ZACCJBCT0FPB68629	t
14834	ZACCJABT0FPB68630	t
14835	ZACCJBBH0FPB68631	t
14836	ZACCJBDT0FPB68632	t
14837	ZACCJABT0FPB68633	t
14838	ZACCJAAT0FPB68634	t
14839	ZACCJAAH0FPB68635	t
14840	ZACCJBDT0FPB68636	t
14841	ZACCJBBT0FPB68637	t
14842	ZACCJAAT0FPB68638	t
14843	ZACCJBCT0FPB68639	t
14844	ZACCJBCT0FPB68640	t
14845	ZACCJBAT0FPB68641	t
14846	ZACCJAAH0FPB68642	t
14847	ZACCJBCT0FPB68643	t
14848	ZACCJAAH0FPB68644	t
14849	ZACCJBAT0FPB68645	t
14850	ZACCJBBT0FPB68646	t
14851	ZACCJBBT0FPB68647	t
14852	ZACCJABT0FPB68648	t
14853	ZACCJBBH0FPB68649	t
14854	ZACCJBCT0FPB68651	t
14855	ZACCJBAT0FPB68653	t
14856	ZACCJBBT0FPB68654	t
14857	ZACCJBCT0FPB68657	t
14858	ZACCJABT0FPB68658	t
14859	ZACCJBBT0FPB68659	t
14860	ZACCJBCT0FPB68661	t
14861	ZACCJBBH0FPB68663	t
14862	ZACCJBBH0FPB68665	t
14863	ZACCJBBT0FPB68666	t
14864	ZACCJBAT0FPB68668	t
14865	ZACCJAAT0FPB68671	t
14866	ZACCJBCT0FPB68679	t
14867	ZACCJBBH0FPB68680	t
14868	ZACCJBCT0FPB68685	t
14869	ZACCJBCT0FPB68691	t
14870	ZACCJABT0FPB68692	t
14871	ZACCJAAT0FPB68695	t
14872	ZACCJBAT0FPB68696	t
14873	ZACCJBBH0FPB68718	t
14874	ZACCJBBH0FPB68725	t
14875	ZACCJAAH0FPB68729	t
14876	ZACCJBAT0FPB68730	t
14877	ZACCJBCT0FPB68732	t
14878	ZACCJBAT0FPB68736	t
14879	ZACCJBCT0FPB68738	t
14880	ZACCJBCT0FPB68745	t
14881	ZACCJBCT0FPB68748	t
14882	ZACCJBAT0FPB68750	t
14883	ZACCJBCT0FPB68754	t
14884	ZACCJBAT0FPB68756	t
14885	ZACCJBAT0FPB68757	t
14886	ZACCJBCT0FPB68758	t
14887	ZACCJBCT0FPB68760	t
14888	ZACCJBCT0FPB68761	t
14889	ZACCJBCT0FPB68765	t
14890	ZACCJBCT0FPB68766	t
14891	ZACCJBAT0FPB68768	t
14892	ZACCJBAT0FPB68773	t
14893	ZACCJBCT0FPB68776	t
14894	ZACCJBCT0FPB68778	t
14895	ZACCJBBH0FPB68784	t
14896	ZACCJBBH0FPB68786	t
14897	ZACCJBAT0FPB68788	t
14898	ZACCJBCT0FPB68789	t
14899	ZACCJBAT0FPB68792	t
14900	ZACCJBBH0FPB68794	t
14901	ZACCJBCT0FPB68795	t
14902	ZACCJBCT0FPB68796	t
14903	ZACCJBCT0FPB68797	t
14904	ZACCJBAT0FPB68798	t
14905	ZACCJABT0FPB68801	t
14906	ZACCJBBH0FPB68805	t
14907	ZACCJBCT0FPB68806	t
14908	ZACCJBCT0FPB68807	t
14909	ZACCJBCT0FPB68808	t
14910	ZACCJABH0FPB68810	t
14911	ZACCJAAT0FPB68811	t
14912	ZACCJBBH0FPB68812	t
14913	ZACCJBCT0FPB68813	t
14914	ZACCJBAT0FPB68814	t
14915	ZACCJBCT0FPB68816	t
14916	ZACCJBAT0FPB68817	t
14917	ZACCJABT0FPB68818	t
14918	ZACCJBCT0FPB68819	t
14919	ZACCJBCT0FPB68821	t
14920	ZACCJBCT0FPB68822	t
14921	ZACCJBCT0FPB68824	t
14922	ZACCJBCT0FPB68825	t
14923	ZACCJBCT0FPB68826	t
14924	ZACCJBCT0FPB68828	t
14925	ZACCJABT0FPB68830	t
14926	ZACCJBCT0FPB68831	t
14927	ZACCJBCT0FPB68832	t
14928	ZACCJBAT0FPB68833	t
14929	ZACCJBCT0FPB68836	t
14930	ZACCJBCT0FPB68837	t
14931	ZACCJBCT0FPB68838	t
14932	ZACCJBCT0FPB68839	t
14933	ZACCJABT0FPB68842	t
14934	ZACCJBCT0FPB68843	t
14935	ZACCJAAT0FPB68844	t
14936	ZACCJAAH0FPB68845	t
14937	ZACCJBCT0FPB68846	t
14938	ZACCJBCT0FPB68847	t
14939	ZACCJBAT0FPB68848	t
14940	ZACCJBCT0FPB68849	t
14941	ZACCJBCT0FPB68850	t
14942	ZACCJBCT0FPB68852	t
14943	ZACCJABT0FPB68853	t
14944	ZACCJBCT0FPB68854	t
14945	ZACCJBCT0FPB68855	t
14946	ZACCJBCT0FPB68856	t
14947	ZACCJBCT0FPB68857	t
14948	ZACCJBCT0FPB68858	t
14949	ZACCJBCT0FPB68859	t
14950	ZACCJBCT0FPB68860	t
14951	ZACCJBCT0FPB68861	t
14952	ZACCJBCT0FPB68862	t
14953	ZACCJABT0FPB68863	t
14954	ZACCJABT0FPB68864	t
14955	ZACCJAAH0FPB68866	t
14956	ZACCJBCT0FPB68868	t
14957	ZACCJAAT0FPB68869	t
14958	ZACCJBCT0FPB68870	t
14959	ZACCJBAT0FPB68871	t
14960	ZACCJBCT0FPB68872	t
14961	ZACCJBCT0FPB68873	t
14962	ZACCJBCT0FPB68874	t
14963	ZACCJBCT0FPB68876	t
14964	ZACCJBCT0FPB68877	t
14965	ZACCJBCT0FPB68878	t
14966	ZACCJBCT0FPB68880	t
14967	ZACCJBCT0FPB68881	t
14968	ZACCJBAT0FPB68883	t
14969	ZACCJAAH0FPB68884	t
14970	ZACCJBCT0FPB68886	t
14971	ZACCJBCT0FPB68887	t
14972	ZACCJABT0FPB68888	t
14973	ZACCJBCT0FPB68889	t
14974	ZACCJBAT0FPB68890	t
14975	ZACCJBCT0FPB68891	t
14976	ZACCJBCT0FPB68892	t
14977	ZACCJBCT0FPB68893	t
14978	ZACCJBCT0FPB68894	t
14979	ZACCJBAT0FPB68895	t
14980	ZACCJAAH0FPB68898	t
14981	ZACCJAAH0FPB68899	t
14982	ZACCJABT0FPB68900	t
14983	ZACCJBCT0FPB68902	t
14984	ZACCJBCT0FPB68903	t
14985	ZACCJBCT0FPB68904	t
14986	ZACCJBAT0FPB68906	t
14987	ZACCJBCT0FPB68907	t
14988	ZACCJBCT0FPB68908	t
14989	ZACCJBCT0FPB68909	t
14990	ZACCJBCT0FPB68910	t
14991	ZACCJBAT0FPB68912	t
14992	ZACCJBCT0FPB68913	t
14993	ZACCJBCT0FPB68914	t
14994	ZACCJBAT0FPB68915	t
14995	ZACCJBCT0FPB68916	t
14996	ZACCJABT0FPB68917	t
14997	ZACCJBCT0FPB68918	t
14998	ZACCJBCT0FPB68919	t
14999	ZACCJBCT0FPB68920	t
15000	ZACCJBCT0FPB68921	t
15001	ZACCJBCT0FPB68922	t
15002	ZACCJBCT0FPB68924	t
15003	ZACCJBCT0FPB68925	t
15004	ZACCJAAT0FPB68926	t
15005	ZACCJABT0FPB68927	t
15006	ZACCJBCT0FPB68928	t
15007	ZACCJBCT0FPB68930	t
15008	ZACCJABH0FPB68931	t
15009	ZACCJAAH0FPB68933	t
15010	ZACCJAAH0FPB68934	t
15011	ZACCJABT0FPB68935	t
15012	ZACCJBCT0FPB68937	t
15013	ZACCJAAH0FPB68939	t
15014	ZACCJABT0FPB68940	t
15015	ZACCJBCT0FPB68942	t
15016	ZACCJBCT0FPB68943	t
15017	ZACCJBCT0FPB68944	t
15018	ZACCJBCT0FPB68945	t
15019	ZACCJABT0FPB68946	t
15020	ZACCJBCT0FPB68947	t
15021	ZACCJABT0FPB68948	t
15022	ZACCJBCT0FPB68949	t
15023	ZACCJBCT0FPB68950	t
15024	ZACCJBCT0FPB68951	t
15025	ZACCJABT0FPB68952	t
15026	ZACCJBCT0FPB68953	t
15027	ZACCJBCT0FPB68954	t
15028	ZACCJBCT0FPB68956	t
15029	ZACCJBCT0FPB68958	t
15030	ZACCJBCT0FPB68959	t
15031	ZACCJBCT0FPB68964	t
15032	ZACCJBCT0FPB68965	t
15033	ZACCJBCT0FPB68967	t
15034	ZACCJBCT0FPB68968	t
15035	ZACCJBCT0FPB68969	t
15036	ZACCJABT0FPB68970	t
15037	ZACCJABT0FPB68971	t
15038	ZACCJABT0FPB68972	t
15039	ZACCJBCT0FPB68973	t
15040	ZACCJBCT0FPB68974	t
15041	ZACCJABT0FPB68975	t
15042	ZACCJBCT0FPB68976	t
15043	ZACCJABT0FPB68979	t
15044	ZACCJBCT0FPB68982	t
15045	ZACCJBCT0FPB68983	t
15046	ZACCJBBT0FPB68984	t
15047	ZACCJBBT0FPB68985	t
15048	ZACCJBCT0FPB68986	t
15049	ZACCJABT0FPB68987	t
15050	ZACCJBCT0FPB68988	t
15051	ZACCJABT0FPB68989	t
15052	ZACCJBBT0FPB68990	t
15053	ZACCJBCT0FPB68991	t
15054	ZACCJBCT0FPB68992	t
15055	ZACCJBCT0FPB68993	t
15056	ZACCJBCT0FPB68995	t
15057	ZACCJABH0FPB68996	t
15058	ZACCJBCT0FPB68997	t
15059	ZACCJBCT0FPB68999	t
15060	ZACCJBCT0FPB69002	t
15061	ZACCJABT0FPB69003	t
15062	ZACCJABT0FPB69004	t
15063	ZACCJAAH0FPB69005	t
15064	ZACCJBBT0FPB69006	t
15065	ZACCJBCT0FPB69007	t
15066	ZACCJBCT0FPB69009	t
15067	ZACCJBCT0FPB69010	t
15068	ZACCJABT0FPB69012	t
15069	ZACCJABH0FPB69013	t
15070	ZACCJBCT0FPB69015	t
15071	ZACCJBBT0FPB69017	t
15072	ZACCJBCT0FPB69018	t
15073	ZACCJBBT0FPB69019	t
15074	ZACCJBCT0FPB69020	t
15075	ZACCJBCT0FPB69021	t
15076	ZACCJBCT0FPB69023	t
15077	ZACCJABH0FPB69024	t
15078	ZACCJBCT0FPB69025	t
15079	ZACCJBCT0FPB69026	t
15080	ZACCJBCT0FPB69027	t
15081	ZACCJBCT0FPB69029	t
15082	ZACCJABT0FPB69030	t
15083	ZACCJABT0FPB69032	t
15084	ZACCJBCT0FPB69033	t
15085	ZACCJBCT0FPB69034	t
15086	ZACCJABT0FPB69035	t
15087	ZACCJBBT0FPB69036	t
15088	ZACCJBCT0FPB69037	t
15089	ZACCJBCT0FPB69038	t
15090	ZACCJBBH0FPB69039	t
15091	ZACCJABT0FPB69040	t
15092	ZACCJABT0FPB69041	t
15093	ZACCJBCT0FPB69042	t
15094	ZACCJBCT0FPB69043	t
15095	ZACCJBCT0FPB69044	t
15096	ZACCJBCT0FPB69046	t
15097	ZACCJBCT0FPB69047	t
15098	ZACCJBCT0FPB69048	t
15099	ZACCJBCT0FPB69049	t
15100	ZACCJBCT0FPB69050	t
15101	ZACCJBCT0FPB69051	t
15102	ZACCJABT0FPB69052	t
15103	ZACCJABT0FPB69053	t
15104	ZACCJABT0FPB69054	t
15105	ZACCJBCT0FPB69055	t
15106	ZACCJBCT0FPB69056	t
15107	ZACCJBCT0FPB69057	t
15108	ZACCJBCT0FPB69058	t
15109	ZACCJAAT0FPB69061	t
15110	ZACCJABT0FPB69062	t
15111	ZACCJBCT0FPB69063	t
15112	ZACCJABT0FPB69064	t
15113	ZACCJBBT0FPB69066	t
15114	ZACCJBBT0FPB69067	t
15115	ZACCJABT0FPB69068	t
15116	ZACCJABT0FPB69069	t
15117	ZACCJABT0FPB69070	t
15118	ZACCJBBT0FPB69071	t
15119	ZACCJBBT0FPB69072	t
15120	ZACCJBBT0FPB69073	t
15121	ZACCJBBT0FPB69075	t
15122	ZACCJBBT0FPB69076	t
15123	ZACCJABT0FPB69082	t
15124	ZACCJABT0FPB69086	t
15125	ZACCJBDT0FPB69087	t
15126	ZACCJADT0FPB69088	t
15127	ZACCJBDT0FPB69090	t
15128	ZACCJADT0FPB69091	t
15129	ZACCJABT0FPB69093	t
15130	ZACCJBDT0FPB69094	t
15131	ZACCJBDT0FPB69095	t
15132	ZACCJABT0FPB69096	t
15133	ZACCJBBT0FPB69097	t
15134	ZACCJBDT0FPB69098	t
15135	ZACCJBDT0FPB69099	t
15136	ZACCJABT0FPB69100	t
15137	ZACCJABT0FPB69102	t
15138	ZACCJBDT0FPB69103	t
15139	ZACCJABT0FPB69104	t
15140	ZACCJBBT0FPB69105	t
15141	ZACCJBDT0FPB69107	t
15142	ZACCJBDT0FPB69109	t
15143	ZACCJBBT0FPB69110	t
15144	ZACCJBDT0FPB69114	t
15145	ZACCJBDT0FPB69115	t
15146	ZACCJBDT0FPB69116	t
15147	ZACCJBBH0FPB69118	t
15148	ZACCJBDT0FPB69119	t
15149	ZACCJBDT0FPB69120	t
15150	ZACCJADT0FPB69122	t
15151	ZACCJBDT0FPB69124	t
15152	ZACCJBDT0FPB69126	t
15153	ZACCJBDT0FPB69127	t
15154	ZACCJABH0FPB69128	t
15155	ZACCJADT0FPB69129	t
15156	ZACCJBBH0FPB69130	t
15157	ZACCJADT0FPB69132	t
15158	ZACCJBDT0FPB69133	t
15159	ZACCJBDT0FPB69134	t
15160	ZACCJABH0FPB69135	t
15161	ZACCJBDT0FPB69136	t
15162	ZACCJBDT0FPB69137	t
15163	ZACCJBDT0FPB69138	t
15164	ZACCJABT0FPB69139	t
15165	ZACCJBBT0FPB69140	t
15166	ZACCJADT0FPB69141	t
15167	ZACCJBBH0FPB69142	t
15168	ZACCJBDT0FPB69144	t
15169	ZACCJBDT0FPB69146	t
15170	ZACCJBBT0FPB69147	t
15171	ZACCJBBT0FPB69148	t
15172	ZACCJABT0FPB69149	t
15173	ZACCJABT0FPB69150	t
15174	ZACCJBDT0FPB69151	t
15175	ZACCJBBH0FPB69152	t
15176	ZACCJABT0FPB69153	t
15177	ZACCJADT0FPB69154	t
15178	ZACCJBBT0FPB69157	t
15179	ZACCJABT0FPB69158	t
15180	ZACCJBDT0FPB69160	t
15181	ZACCJABT0FPB69161	t
15182	ZACCJADT0FPB69162	t
15183	ZACCJABT0FPB69163	t
15184	ZACCJABT0FPB69164	t
15185	ZACCJABT0FPB69165	t
15186	ZACCJABT0FPB69166	t
15187	ZACCJABT0FPB69167	t
15188	ZACCJADT0FPB69168	t
15189	ZACCJADT0FPB69169	t
15190	ZACCJADT0FPB69170	t
15191	ZACCJBDT0FPB69171	t
15192	ZACCJABT0FPB69174	t
15193	ZACCJABT0FPB69175	t
15194	ZACCJBDT0FPB69176	t
15195	ZACCJABT0FPB69177	t
15196	ZACCJBDT0FPB69178	t
15197	ZACCJBBT0FPB69179	t
15198	ZACCJABT0FPB69180	t
15199	ZACCJABT0FPB69181	t
15200	ZACCJABT0FPB69183	t
15201	ZACCJBBT0FPB69184	t
15202	ZACCJABT0FPB69186	t
15203	ZACCJABT0FPB69187	t
15204	ZACCJABT0FPB69188	t
15205	ZACCJABT0FPB69189	t
15206	ZACCJABT0FPB69190	t
15207	ZACCJABT0FPB69191	t
15208	ZACCJABT0FPB69192	t
15209	ZACCJABT0FPB69193	t
15210	ZACCJABT0FPB69194	t
15211	ZACCJABT0FPB69195	t
15212	ZACCJABT0FPB69196	t
15213	ZACCJABT0FPB69197	t
15214	ZACCJBDT0FPB69198	t
15215	ZACCJBBT0FPB69200	t
15216	ZACCJABT0FPB69201	t
15217	ZACCJABH0FPB69202	t
15218	ZACCJABT0FPB69203	t
15219	ZACCJBDT0FPB69204	t
15220	ZACCJBDT0FPB69205	t
15221	ZACCJABT0FPB69206	t
15222	ZACCJABH0FPB69207	t
15223	ZACCJABT0FPB69209	t
15224	ZACCJABH0FPB69210	t
15225	ZACCJABH0FPB69211	t
15226	ZACCJABT0FPB69212	t
15227	ZACCJABT0FPB69213	t
15228	ZACCJABH0FPB69214	t
15229	ZACCJBBT0FPB69215	t
15230	ZACCJBCT0FPB69216	t
15231	ZACCJBCT0FPB69217	t
15232	ZACCJABH0FPB69219	t
15233	ZACCJABT0FPB69220	t
15234	ZACCJABT0FPB69222	t
15235	ZACCJABT0FPB69223	t
15236	ZACCJABT0FPB69224	t
15237	ZACCJABT0FPB69225	t
15238	ZACCJBBT0FPB69227	t
15239	ZACCJBCT0FPB69228	t
15240	ZACCJBCT0FPB69229	t
15241	ZACCJABT0FPB69230	t
15242	ZACCJBCT0FPB69231	t
15243	ZACCJABT0FPB69232	t
15244	ZACCJBCT0FPB69233	t
15245	ZACCJBCT0FPB69234	t
15246	ZACCJBBT0FPB69236	t
15247	ZACCJBCT0FPB69237	t
15248	ZACCJBCT0FPB69239	t
15249	ZACCJABT0FPB69240	t
15250	ZACCJBCT0FPB69243	t
15251	ZACCJBCT0FPB69244	t
15252	ZACCJBCT0FPB69245	t
15253	ZACCJABT0FPB69246	t
15254	ZACCJABT0FPB69247	t
15255	ZACCJABT0FPB69248	t
15256	ZACCJBBT0FPB69249	t
15257	ZACCJBBH0FPB69250	t
15258	ZACCJABT0FPB69251	t
15259	ZACCJBCT0FPB69253	t
15260	ZACCJBCT0FPB69254	t
15261	ZACCJABT0FPB69255	t
15262	ZACCJBCT0FPB69256	t
15263	ZACCJBCT0FPB69258	t
15264	ZACCJBBH0FPB69259	t
15265	ZACCJABT0FPB69260	t
15266	ZACCJABT0FPB69261	t
15267	ZACCJBBT0FPB69262	t
15268	ZACCJBCT0FPB69263	t
15269	ZACCJABT0FPB69265	t
15270	ZACCJBAT0FPB69266	t
15271	ZACCJABT0FPB69267	t
15272	ZACCJBCT0FPB69268	t
15273	ZACCJABT0FPB69270	t
15274	ZACCJBCT0FPB69271	t
15275	ZACCJABT0FPB69273	t
15276	ZACCJBCT0FPB69274	t
15277	ZACCJBAH0FPB69275	t
15278	ZACCJABT0FPB69276	t
15279	ZACCJABT0FPB69277	t
15280	ZACCJABT0FPB69278	t
15281	ZACCJABT0FPB69279	t
15282	ZACCJBAH0FPB69280	t
15283	ZACCJBCT0FPB69282	t
15284	ZACCJBCT0FPB69283	t
15285	ZACCJABT0FPB69284	t
15286	ZACCJABT0FPB69285	t
15287	ZACCJABT0FPB69286	t
15288	ZACCJABT0FPB69287	t
15289	ZACCJABT0FPB69288	t
15290	ZACCJABT0FPB69289	t
15291	ZACCJABT0FPB69291	t
15292	ZACCJBBT0FPB69292	t
15293	ZACCJABT0FPB69293	t
15294	ZACCJBCT0FPB69294	t
15295	ZACCJBCT0FPB69295	t
15296	ZACCJABT0FPB69296	t
15297	ZACCJBAT0FPB69298	t
15298	ZACCJABT0FPB69299	t
15299	ZACCJBBT0FPB69300	t
15300	ZACCJBAT0FPB69301	t
15301	ZACCJBBT0FPB69302	t
15302	ZACCJBCT0FPB69303	t
15303	ZACCJBCT0FPB69304	t
15304	ZACCJABT0FPB69308	t
15305	ZACCJABT0FPB69309	t
15306	ZACCJBBT0FPB69310	t
15307	ZACCJBCT0FPB69311	t
15308	ZACCJBCT0FPB69312	t
15309	ZACCJBAT0FPB69313	t
15310	ZACCJABT0FPB69314	t
15311	ZACCJABT0FPB69315	t
15312	ZACCJABT0FPB69317	t
15313	ZACCJBBT0FPB69318	t
15314	ZACCJABT0FPB69319	t
15315	ZACCJBBT0FPB69320	t
15316	ZACCJBBT0FPB69321	t
15317	ZACCJBBT0FPB69322	t
15318	ZACCJABT0FPB69323	t
15319	ZACCJBBT0FPB69324	t
15320	ZACCJABT0FPB69325	t
15321	ZACCJBBT0FPB69326	t
15322	ZACCJABT0FPB69328	t
15323	ZACCJABT0FPB69329	t
15324	ZACCJABT0FPB69331	t
15325	ZACCJABT0FPB69332	t
15326	ZACCJABT0FPB69334	t
15327	ZACCJABT0FPB69335	t
15328	ZACCJABT0FPB69336	t
15329	ZACCJABT0FPB69338	t
15330	ZACCJABT0FPB69339	t
15331	ZACCJBBT0FPB69341	t
15332	ZACCJABT0FPB69342	t
15333	ZACCJABT0FPB69346	t
15334	ZACCJBBT0FPB69347	t
15335	ZACCJBBT0FPB69348	t
15336	ZACCJBBT0FPB69349	t
15337	ZACCJBCT0FPB69350	t
15338	ZACCJABT0FPB69351	t
15339	ZACCJABT0FPB69352	t
15340	ZACCJBCT0FPB69354	t
15341	ZACCJBBT0FPB69355	t
15342	ZACCJBBT0FPB69356	t
15343	ZACCJABT0FPB69357	t
15344	ZACCJBDT0FPB69358	t
15345	ZACCJABT0FPB69360	t
15346	ZACCJBCT0FPB69361	t
15347	ZACCJBBT0FPB69362	t
15348	ZACCJBBT0FPB69364	t
15349	ZACCJABT0FPB69365	t
15350	ZACCJABT0FPB69366	t
15351	ZACCJABT0FPB69367	t
15352	ZACCJBDT0FPB69368	t
15353	ZACCJBDT0FPB69369	t
15354	ZACCJABT0FPB69370	t
15355	ZACCJBDT0FPB69372	t
15356	ZACCJBBT0FPB69373	t
15357	ZACCJABT0FPB69374	t
15358	ZACCJBBT0FPB69375	t
15359	ZACCJABT0FPB69376	t
15360	ZACCJBBT0FPB69377	t
15361	ZACCJABT0FPB69379	t
15362	ZACCJBCT0FPB69380	t
15363	ZACCJBCT0FPB69381	t
15364	ZACCJABT0FPB69382	t
15365	ZACCJABT0FPB69383	t
15366	ZACCJABT0FPB69384	t
15367	ZACCJABT0FPB69385	t
15368	ZACCJABT0FPB69386	t
15369	ZACCJABT0FPB69387	t
15370	ZACCJABT0FPB69388	t
15371	ZACCJBCT0FPB69389	t
15372	ZACCJABT0FPB69390	t
15373	ZACCJBAT0FPB69391	t
15374	ZACCJBCT0FPB69392	t
15375	ZACCJBDT0FPB69394	t
15376	ZACCJBDT0FPB69395	t
15377	ZACCJBCT0FPB69396	t
15378	ZACCJBAT0FPB69397	t
15379	ZACCJBBT0FPB69398	t
15380	ZACCJABT0FPB69399	t
15381	ZACCJBAT0FPB69400	t
15382	ZACCJBCT0FPB69401	t
15383	ZACCJBBT0FPB69402	t
15384	ZACCJBAT0FPB69403	t
15385	ZACCJBCT0FPB69404	t
15386	ZACCJBCT0FPB69405	t
15387	ZACCJBCT0FPB69406	t
15388	ZACCJABT0FPB69407	t
15389	ZACCJABT0FPB69408	t
15390	ZACCJBBT0FPB69411	t
15391	ZACCJBCT0FPB69412	t
15392	ZACCJBCT0FPB69413	t
15393	ZACCJBAT0FPB69414	t
15394	ZACCJABT0FPB69415	t
15395	ZACCJBDT0FPB69417	t
15396	ZACCJBCT0FPB69418	t
15397	ZACCJBCT0FPB69422	t
15398	ZACCJBAT0FPB69423	t
15399	ZACCJBDT0FPB69424	t
15400	ZACCJBAT0FPB69425	t
15401	ZACCJBBT0FPB69426	t
15402	ZACCJBAT0FPB69428	t
15403	ZACCJBAT0FPB69429	t
15404	ZACCJBCT0FPB69431	t
15405	ZACCJBDT0FPB69436	t
15406	ZACCJBDT0FPB69438	t
15407	ZACCJBBT0FPB69439	t
15408	ZACCJBBT0FPB69440	t
15409	ZACCJABT0FPB69442	t
15410	ZACCJABT0FPB69443	t
15411	ZACCJBBT0FPB69444	t
15412	ZACCJBAT0FPB69445	t
15413	ZACCJBCT0FPB69446	t
15414	ZACCJABT0FPB69450	t
15415	ZACCJABT0FPB69451	t
15416	ZACCJBBT0FPB69453	t
15417	ZACCJBBT0FPB69454	t
15418	ZACCJBAT0FPB69455	t
15419	ZACCJBBT0FPB69457	t
15420	ZACCJBDT0FPB69461	t
15421	ZACCJBBT0FPB69462	t
15422	ZACCJABT0FPB69463	t
15423	ZACCJBCT0FPB69464	t
15424	ZACCJBBT0FPB69465	t
15425	ZACCJABT0FPB69468	t
15426	ZACCJABT0FPB69470	t
15427	ZACCJABT0FPB69471	t
15428	ZACCJBBT0FPB69473	t
15429	ZACCJBBT0FPB69474	t
15430	ZACCJBBT0FPB69475	t
15431	ZACCJBBT0FPB69476	t
15432	ZACCJABT0FPB69477	t
15433	ZACCJABT0FPB69478	t
15434	ZACCJABT0FPB69479	t
15435	ZACCJABT0FPB69480	t
15436	ZACCJABT0FPB69481	t
15437	ZACCJABT0FPB69483	t
15438	ZACCJBCT0FPB69484	t
15439	ZACCJBAT0FPB69486	t
15440	ZACCJBCT0FPB69487	t
15441	ZACCJBCT0FPB69488	t
15442	ZACCJABT0FPB69489	t
15443	ZACCJBBT0FPB69493	t
15444	ZACCJBBT0FPB69494	t
15445	ZACCJABT0FPB69495	t
15446	ZACCJBBT0FPB69496	t
15447	ZACCJBBT0FPB69498	t
15448	ZACCJABT0FPB69502	t
15449	ZACCJABT0FPB69503	t
15450	ZACCJBBT0FPB69504	t
15451	ZACCJBDT0FPB69506	t
15452	ZACCJBAT0FPB69507	t
15453	ZACCJBBT0FPB69509	t
15454	ZACCJBCT0FPB69510	t
15455	ZACCJBAT0FPB69511	t
15456	ZACCJBBT0FPB69513	t
15457	ZACCJBBT0FPB69515	t
15458	ZACCJBDT0FPB69516	t
15459	ZACCJBDT0FPB69517	t
15460	ZACCJBDT0FPB69518	t
15461	ZACCJABT0FPB69519	t
15462	ZACCJBBT0FPB69520	t
15463	ZACCJBBT0FPB69521	t
15464	ZACCJABT0FPB69522	t
15465	ZACCJABT0FPB69524	t
15466	ZACCJABT0FPB69525	t
15467	ZACCJBCT0FPB69526	t
15468	ZACCJBBT0FPB69527	t
15469	ZACCJABT0FPB69528	t
15470	ZACCJBAT0FPB69529	t
15471	ZACCJABT0FPB69530	t
15472	ZACCJABT0FPB69531	t
15473	ZACCJBBT0FPB69532	t
15474	ZACCJBBT0FPB69534	t
15475	ZACCJABT0FPB69535	t
15476	ZACCJBBT0FPB69536	t
15477	ZACCJBDT0FPB69537	t
15478	ZACCJABT0FPB69538	t
15479	ZACCJABT0FPB69539	t
15480	ZACCJBDT0FPB69540	t
15481	ZACCJBBT0FPB69541	t
15482	ZACCJABT0FPB69542	t
15483	ZACCJBBT0FPB69543	t
15484	ZACCJABT0FPB69544	t
15485	ZACCJBBT0FPB69545	t
15486	ZACCJABT0FPB69546	t
15487	ZACCJABT0FPB69547	t
15488	ZACCJBBT0FPB69549	t
15489	ZACCJABT0FPB69550	t
15490	ZACCJABT0FPB69551	t
15491	ZACCJBBT0FPB69553	t
15492	ZACCJABT0FPB69554	t
15493	ZACCJBBT0FPB69555	t
15494	ZACCJABT0FPB69556	t
15495	ZACCJBBT0FPB69557	t
15496	ZACCJBBT0FPB69558	t
15497	ZACCJBBT0FPB69559	t
15498	ZACCJBBT0FPB69560	t
15499	ZACCJBAT0FPB69561	t
15500	ZACCJBBT0FPB69562	t
15501	ZACCJBCT0FPB69565	t
15502	ZACCJBCT0FPB69566	t
15503	ZACCJBCT0FPB69567	t
15504	ZACCJBBT0FPB69568	t
15505	ZACCJBAT0FPB69569	t
15506	ZACCJBAT0FPB69570	t
15507	ZACCJBCT0FPB69571	t
15508	ZACCJBBT0FPB69572	t
15509	ZACCJBAT0FPB69573	t
15510	ZACCJBBT0FPB69574	t
15511	ZACCJBCT0FPB69575	t
15512	ZACCJBBT0FPB69576	t
15513	ZACCJBBT0FPB69577	t
15514	ZACCJBAT0FPB69578	t
15515	ZACCJBBT0FPB69580	t
15516	ZACCJBCT0FPB69581	t
15517	ZACCJBBT0FPB69582	t
15518	ZACCJBBT0FPB69583	t
15519	ZACCJBAT0FPB69584	t
15520	ZACCJBAT0FPB69585	t
15521	ZACCJBBT0FPB69586	t
15522	ZACCJABT0FPB69587	t
15523	ZACCJBBT0FPB69588	t
15524	ZACCJABT0FPB69589	t
15525	ZACCJABT0FPB69590	t
15526	ZACCJABT0FPB69592	t
15527	ZACCJBCT0FPB69593	t
15528	ZACCJABT0FPB69595	t
15529	ZACCJABT0FPB69596	t
15530	ZACCJBCT0FPB69597	t
15531	ZACCJBBT0FPB69599	t
15532	ZACCJBBT0FPB69601	t
15533	ZACCJBBT0FPB69603	t
15534	ZACCJBBT0FPB69606	t
15535	ZACCJBCT0FPB69607	t
15536	ZACCJBCT0FPB69608	t
15537	ZACCJBBT0FPB69609	t
15538	ZACCJBCT0FPB69610	t
15539	ZACCJBBT0FPB69611	t
15540	ZACCJBBT0FPB69612	t
15541	ZACCJBBT0FPB69613	t
15542	ZACCJBCT0FPB69615	t
15543	ZACCJBBT0FPB69616	t
15544	ZACCJBBT0FPB69617	t
15545	ZACCJBBT0FPB69618	t
15546	ZACCJBBT0FPB69619	t
15547	ZACCJBBT0FPB69620	t
15548	ZACCJBBT0FPB69621	t
15549	ZACCJBBT0FPB69622	t
15550	ZACCJBBT0FPB69623	t
15551	ZACCJBBT0FPB69624	t
15552	ZACCJBBT0FPB69625	t
15553	ZACCJBBT0FPB69626	t
15554	ZACCJBBT0FPB69629	t
15555	ZACCJBBT0FPB69630	t
15556	ZACCJBBT0FPB69632	t
15557	ZACCJBBT0FPB69633	t
15558	ZACCJBBT0FPB69634	t
15559	ZACCJBBT0FPB69636	t
15560	ZACCJBBT0FPB69637	t
15561	ZACCJBBT0FPB69638	t
15562	ZACCJBCT0FPB69639	t
15563	ZACCJBCT0FPB69640	t
15564	ZACCJBBT0FPB69641	t
15565	ZACCJBBT0FPB69643	t
15566	ZACCJBBT0FPB69646	t
15567	ZACCJBCT0FPB69648	t
15568	ZACCJAAH0FPB69651	t
15569	ZACCJAAH0FPB69652	t
15570	ZACCJBBH0FPB69654	t
15571	ZACCJBBH0FPB69655	t
15572	ZACCJBAT0FPB69656	t
15573	ZACCJAAT0FPB69657	t
15574	ZACCJBBH0FPB69659	t
15575	ZACCJBBH0FPB69661	t
15576	ZACCJBCT0FPB69663	t
15577	ZACCJBCT0FPB69664	t
15578	ZACCJBCT0FPB69665	t
15579	ZACCJBBH0FPB69667	t
15580	ZACCJBAT0FPB69668	t
15581	ZACCJBAT0FPB69669	t
15582	ZACCJBCT0FPB69670	t
15583	ZACCJBCT0FPB69671	t
15584	ZACCJBAT0FPB69673	t
15585	ZACCJBBT0FPB69674	t
15586	ZACCJBBT0FPB69678	t
15587	ZACCJBBT0FPB69679	t
15588	ZACCJBBT0FPB69681	t
15589	ZACCJBCT0FPB69684	t
15590	ZACCJBBT0FPB69685	t
15591	ZACCJBBT0FPB69686	t
15592	ZACCJBBT0FPB69688	t
15593	ZACCJAAT0FPB69691	t
15594	ZACCJBCT0FPB69695	t
15595	ZACCJBAT0FPB69700	t
15596	ZACCJBCT0FPB69707	t
15597	ZACCJBCT0FPB69721	t
15598	ZACCJBCT0FPB69729	t
15599	ZACCJBBT0FPB69732	t
15600	ZACCJBCT0FPB69736	t
15601	ZACCJBCT0FPB69741	t
15602	ZACCJBCT0FPB69747	t
15603	ZACCJBCT0FPB69750	t
15604	ZACCJBCT0FPB69751	t
15605	ZACCJBCT0FPB69752	t
15606	ZACCJBAT0FPB69753	t
15607	ZACCJBCT0FPB69755	t
15608	ZACCJBCT0FPB69760	t
15609	ZACCJBCT0FPB69761	t
15610	ZACCJBCT0FPB69765	t
15611	ZACCJBCT0FPB69766	t
15612	ZACCJBCT0FPB69767	t
15613	ZACCJBCT0FPB69768	t
15614	ZACCJBCT0FPB69769	t
15615	ZACCJBCT0FPB69771	t
15616	ZACCJBCT0FPB69772	t
15617	ZACCJBCT0FPB69774	t
15618	ZACCJBCT0FPB69775	t
15619	ZACCJBCT0FPB69778	t
15620	ZACCJBCT0FPB69779	t
15621	ZACCJBBT0FPB69780	t
15622	ZACCJBCT0FPB69781	t
15623	ZACCJBBT0FPB69782	t
15624	ZACCJBCT0FPB69784	t
15625	ZACCJBCT0FPB69785	t
15626	ZACCJBCT0FPB69788	t
15627	ZACCJBBT0FPB69794	t
15628	ZACCJBCT0FPB69795	t
15629	ZACCJBCT0FPB69796	t
15630	ZACCJBCT0FPB69797	t
15631	ZACCJBCT0FPB69800	t
15632	ZACCJBCT0FPB69801	t
15633	ZACCJBCT0FPB69804	t
15634	ZACCJBCT0FPB69805	t
15635	ZACCJBCT0FPB69809	t
15636	ZACCJBCT0FPB69811	t
15637	ZACCJBCT0FPB69813	t
15638	ZACCJBCT0FPB69814	t
15639	ZACCJBCT0FPB69816	t
15640	ZACCJBCT0FPB69818	t
15641	ZACCJBCT0FPB69819	t
15642	ZACCJBCT0FPB69820	t
15643	ZACCJBCT0FPB69822	t
15644	ZACCJBCT0FPB69824	t
15645	ZACCJBCT0FPB69825	t
15646	ZACCJBCT0FPB69826	t
15647	ZACCJBCT0FPB69827	t
15648	ZACCJBCT0FPB69830	t
15649	ZACCJBCT0FPB69833	t
15650	ZACCJBCT0FPB69835	t
15651	ZACCJBCT0FPB69839	t
15652	ZACCJBBT0FPB69840	t
15653	ZACCJBBT0FPB69844	t
15654	ZACCJBCT0FPB69845	t
15655	ZACCJBBT0FPB69847	t
15656	ZACCJBCT0FPB69850	t
15657	ZACCJBAT0FPB69851	t
15658	ZACCJABT0FPB69860	t
15659	ZACCJABT0FPB69864	t
15660	ZACCJABT0FPB69866	t
15661	ZACCJABT0FPB69870	t
15662	ZACCJABT0FPB69871	t
15663	ZACCJABH0FPB69875	t
15664	ZACCJBDT0FPB69876	t
15665	ZACCJBDT0FPB69877	t
15666	ZACCJADT0FPB69878	t
15667	ZACCJBBT0FPB69882	t
15668	ZACCJBCT0FPB69883	t
15669	ZACCJBCT0FPB69884	t
15670	ZACCJABH0FPB69886	t
15671	ZACCJBCT0FPB69888	t
15672	ZACCJABT0FPB69889	t
15673	ZACCJBBT0FPB69891	t
15674	ZACCJABH0FPB69892	t
15675	ZACCJABT0FPB69893	t
15676	ZACCJBBT0FPB69895	t
15677	ZACCJBAT0FPB69898	t
15678	ZACCJBBT0FPB69899	t
15679	ZACCJBBT0FPB69900	t
15680	ZACCJBBT0FPB69901	t
15681	ZACCJBAT0FPB69902	t
15682	ZACCJABH0FPB69903	t
15683	ZACCJABH0FPB69904	t
15684	ZACCJBCT0FPB69905	t
15685	ZACCJABH0FPB69906	t
15686	ZACCJBBT0FPB69908	t
15687	ZACCJBBT0FPB69910	t
15688	ZACCJBBT0FPB69911	t
15689	ZACCJBBT0FPB69912	t
15690	ZACCJBAT0FPB69913	t
15691	ZACCJBBT0FPB69915	t
15692	ZACCJABH0FPB69916	t
15693	ZACCJBAT0FPB69917	t
15694	ZACCJBAT0FPB69918	t
15695	ZACCJBAT0FPB69919	t
15696	ZACCJBAT0FPB69920	t
15697	ZACCJBBT0FPB69921	t
15698	ZACCJABH0FPB69922	t
15699	ZACCJBBT0FPB69924	t
15700	ZACCJBBT0FPB69925	t
15701	ZACCJBAT0FPB69928	t
15702	ZACCJABH0FPB69930	t
15703	ZACCJBBT0FPB69932	t
15704	ZACCJBBT0FPB69935	t
15705	ZACCJBAT0FPB69938	t
15706	ZACCJBBT0FPB69939	t
15707	ZACCJBAT0FPB69941	t
15708	ZACCJBBT0FPB69945	t
15709	ZACCJABT0FPB69948	t
15710	ZACCJABT0FPB69950	t
15711	ZACCJABT0FPB69951	t
15712	ZACCJBBT0FPB69952	t
15713	ZACCJABH0FPB69953	t
15714	ZACCJABT0FPB69955	t
15715	ZACCJBAT0FPB69957	t
15716	ZACCJABH0FPB69959	t
15717	ZACCJBAT0FPB69960	t
15718	ZACCJABT0FPB69961	t
15719	ZACCJBBT0FPB69962	t
15720	ZACCJABT0FPB69966	t
15721	ZACCJABT0FPB69967	t
15722	ZACCJBBT0FPB69968	t
15723	ZACCJABT0FPB69972	t
15724	ZACCJABT0FPB69973	t
15725	ZACCJABT0FPB69974	t
15726	ZACCJABT0FPB69976	t
15727	ZACCJABT0FPB69979	t
15728	ZACCJBAT0FPB69982	t
15729	ZACCJABH0FPB69984	t
15730	ZACCJBDT0FPB69985	t
15731	ZACCJBDT0FPB69986	t
15732	ZACCJBDT0FPB69987	t
15733	ZACCJBAT0FPB69988	t
15734	ZACCJABT0FPB69989	t
15735	ZACCJADT0FPB69990	t
15736	ZACCJABT0FPB69991	t
15737	ZACCJBAT0FPB69992	t
15738	ZACCJBBT0FPB69993	t
15739	ZACCJADT0FPB69994	t
15740	ZACCJBDT0FPB69995	t
15741	ZACCJABT0FPB69996	t
15742	ZACCJBDT0FPB69998	t
15743	ZACCJBDT0FPB69999	t
15744	ZACCJBAT0FPB70001	t
15745	ZACCJBAT0FPB70002	t
15746	ZACCJBBT0FPB70005	t
15747	ZACCJABT0FPB70007	t
15748	ZACCJABT0FPB70009	t
15749	ZACCJBCT0FPB70010	t
15750	ZACCJBCT0FPB70011	t
15751	ZACCJBCT0FPB70012	t
15752	ZACCJBCT0FPB70013	t
15753	ZACCJBCT0FPB70014	t
15754	ZACCJBDT0FPB70015	t
15755	ZACCJABT0FPB70016	t
15756	ZACCJBCT0FPB70018	t
15757	ZACCJBDT0FPB70021	t
15758	ZACCJBBT0FPB70022	t
15759	ZACCJADT0FPB70023	t
15760	ZACCJABT0FPB70024	t
15761	ZACCJBDT0FPB70025	t
15762	ZACCJABT0FPB70026	t
15763	ZACCJBCT0FPB70027	t
15764	ZACCJBBT0FPB70028	t
15765	ZACCJBDT0FPB70029	t
15766	ZACCJBCT0FPB70030	t
15767	ZACCJBBT0FPB70031	t
15768	ZACCJABT0FPB70034	t
15769	ZACCJBDT0FPB70035	t
15770	ZACCJBDT0FPB70036	t
15771	ZACCJBDT0FPB70037	t
15772	ZACCJBCT0FPB70040	t
15773	ZACCJBDT0FPB70041	t
15774	ZACCJADT0FPB70042	t
15775	ZACCJBCT0FPB70043	t
15776	ZACCJABT0FPB70044	t
15777	ZACCJABT0FPB70047	t
15778	ZACCJABT0FPB70048	t
15779	ZACCJBDT0FPB70049	t
15780	ZACCJBBT0FPB70051	t
15781	ZACCJBDT0FPB70053	t
15782	ZACCJBCT0FPB70054	t
15783	ZACCJBDT0FPB70055	t
15784	ZACCJBCT0FPB70056	t
15785	ZACCJBDT0FPB70057	t
15786	ZACCJBCT0FPB70058	t
15787	ZACCJBDT0FPB70059	t
15788	ZACCJBDT0FPB70061	t
15789	ZACCJBDT0FPB70063	t
15790	ZACCJAAH0FPB70065	t
15791	ZACCJBDT0FPB70066	t
15792	ZACCJBDT0FPB70067	t
15793	ZACCJABT0FPB70068	t
15794	ZACCJADT0FPB70070	t
15795	ZACCJBBT0FPB70071	t
15796	ZACCJABT0FPB70072	t
15797	ZACCJABT0FPB70073	t
15798	ZACCJBBT0FPB70074	t
15799	ZACCJBBT0FPB70075	t
15800	ZACCJBBT0FPB70076	t
15801	ZACCJBBT0FPB70077	t
15802	ZACCJBDT0FPB70079	t
15803	ZACCJBBT0FPB70080	t
15804	ZACCJBCT0FPB70081	t
15805	ZACCJBBT0FPB70082	t
15806	ZACCJBCT0FPB70083	t
15807	ZACCJBDT0FPB70084	t
15808	ZACCJABT0FPB70086	t
15809	ZACCJBDT0FPB70087	t
15810	ZACCJBDT0FPB70088	t
15811	ZACCJBDT0FPB70089	t
15812	ZACCJABT0FPB70092	t
15813	ZACCJBDT0FPB70094	t
15814	ZACCJBBT0FPB70095	t
15815	ZACCJAAH0FPB70096	t
15816	ZACCJABT0FPB70097	t
15817	ZACCJABT0FPB70098	t
15818	ZACCJBDT0FPB70099	t
15819	ZACCJABT0FPB70100	t
15820	ZACCJBBT0FPB70101	t
15821	ZACCJBCT0FPB70103	t
15822	ZACCJBBT0FPB70104	t
15823	ZACCJABT0FPB70105	t
15824	ZACCJBDT0FPB70106	t
15825	ZACCJBDT0FPB70107	t
15826	ZACCJBBT0FPB70108	t
15827	ZACCJBDT0FPB70109	t
15828	ZACCJABT0FPB70110	t
15829	ZACCJBCT0FPB70111	t
15830	ZACCJBDT0FPB70112	t
15831	ZACCJABT0FPB70113	t
15832	ZACCJABT0FPB70114	t
15833	ZACCJBDT0FPB70115	t
15834	ZACCJADT0FPB70116	t
15835	ZACCJBBT0FPB70117	t
15836	ZACCJBDT0FPB70118	t
15837	ZACCJBCT0FPB70119	t
15838	ZACCJBDT0FPB70120	t
15839	ZACCJBBT0FPB70121	t
15840	ZACCJBBT0FPB70122	t
15841	ZACCJBDT0FPB70123	t
15842	ZACCJBDT0FPB70124	t
15843	ZACCJABT0FPB70125	t
15844	ZACCJBDT0FPB70126	t
15845	ZACCJBAT0FPB70128	t
15846	ZACCJBDT0FPB70129	t
15847	ZACCJABT0FPB70130	t
15848	ZACCJABT0FPB70132	t
15849	ZACCJBDT0FPB70133	t
15850	ZACCJBCT0FPB70134	t
15851	ZACCJBBT0FPB70135	t
15852	ZACCJABH0FPB70136	t
15853	ZACCJABT0FPB70137	t
15854	ZACCJBBT0FPB70138	t
15855	ZACCJBBT0FPB70139	t
15856	ZACCJBDT0FPB70140	t
15857	ZACCJBBT0FPB70141	t
15858	ZACCJBCT0FPB70142	t
15859	ZACCJBBT0FPB70143	t
15860	ZACCJABT0FPB70146	t
15861	ZACCJBDT0FPB70148	t
15862	ZACCJABT0FPB70149	t
15863	ZACCJBCT0FPB70150	t
15864	ZACCJBDT0FPB70151	t
15865	ZACCJABH0FPB70153	t
15866	ZACCJBDT0FPB70154	t
15867	ZACCJABT0FPB70155	t
15868	ZACCJBDT0FPB70156	t
15869	ZACCJBBT0FPB70158	t
15870	ZACCJAAT0FPB70159	t
15871	ZACCJBBT0FPB70160	t
15872	ZACCJBBT0FPB70161	t
15873	ZACCJAAT0FPB70162	t
15874	ZACCJBBT0FPB70163	t
15875	ZACCJABT0FPB70164	t
15876	ZACCJAAT0FPB70166	t
15877	ZACCJABT0FPB70167	t
15878	ZACCJBBT0FPB70169	t
15879	ZACCJABT0FPB70170	t
15880	ZACCJBBT0FPB70171	t
15881	ZACCJABT0FPB70172	t
15882	ZACCJBBT0FPB70173	t
15883	ZACCJBBT0FPB70175	t
15884	ZACCJABT0FPB70176	t
15885	ZACCJBBT0FPB70180	t
15886	ZACCJBBT0FPB70182	t
15887	ZACCJBBT0FPB70183	t
15888	ZACCJABT0FPB70184	t
15889	ZACCJAAT0FPB70185	t
15890	ZACCJBBT0FPB70186	t
15891	ZACCJAAT0FPB70188	t
15892	ZACCJBBT0FPB70189	t
15893	ZACCJBBT0FPB70190	t
15894	ZACCJBBT0FPB70191	t
15895	ZACCJBBT0FPB70192	t
15896	ZACCJAAT0FPB70193	t
15897	ZACCJBBT0FPB70194	t
15898	ZACCJABT0FPB70197	t
15899	ZACCJBBT0FPB70257	t
15900	ZACCJABT0FPB70258	t
15901	ZACCJAAT0FPB70264	t
15902	ZACCJBCT0FPB70267	t
15903	ZACCJBCT0FPB70268	t
15904	ZACCJBCT0FPB70270	t
15905	ZACCJBCT0FPB70271	t
15906	ZACCJBCT0FPB70274	t
15907	ZACCJBCT0FPB70279	t
15908	ZACCJBCT0FPB70283	t
15909	ZACCJBCT0FPB70284	t
15910	ZACCJBCT0FPB70285	t
15911	ZACCJBCT0FPB70288	t
15912	ZACCJBCT0FPB70293	t
15913	ZACCJBCT0FPB70296	t
15914	ZACCJBCT0FPB70298	t
15915	ZACCJBCT0FPB70299	t
15916	ZACCJBCT0FPB70301	t
15917	ZACCJBCT0FPB70307	t
15918	ZACCJAAT0FPB70309	t
15919	ZACCJBDT0FPB70311	t
15920	ZACCJBDT0FPB70312	t
15921	ZACCJBDT0FPB70313	t
15922	ZACCJBDT0FPB70316	t
15923	ZACCJBDT0FPB70318	t
15924	ZACCJBDT0FPB70319	t
15925	ZACCJBDT0FPB70320	t
15926	ZACCJBDT0FPB70325	t
15927	ZACCJBDT0FPB70332	t
15928	ZACCJBDT0FPB70333	t
15929	ZACCJBDT0FPB70336	t
15930	ZACCJBDT0FPB70339	t
15931	ZACCJBDT0FPB70342	t
15932	ZACCJBCT0FPB70346	t
15933	ZACCJBCT0FPB70347	t
15934	ZACCJBCT0FPB70348	t
15935	ZACCJBCT0FPB70349	t
15936	ZACCJBCT0FPB70350	t
15937	ZACCJBCT0FPB70351	t
15938	ZACCJBCT0FPB70352	t
15939	ZACCJBDT0FPB70353	t
15940	ZACCJBCT0FPB70354	t
15941	ZACCJBCT0FPB70355	t
15942	ZACCJBCT0FPB70357	t
15943	ZACCJABT0FPB70361	t
15944	ZACCJBCT0FPB70362	t
15945	ZACCJBCT0FPB70363	t
15946	ZACCJBCT0FPB70367	t
15947	ZACCJBCT0FPB70368	t
15948	ZACCJBDT0FPB70371	t
15949	ZACCJBCT0FPB70374	t
15950	ZACCJBDT0FPB70375	t
15951	ZACCJBCT0FPB70379	t
15952	ZACCJABT0FPB70380	t
15953	ZACCJBCT0FPB70384	t
15954	ZACCJBBH0FPB70386	t
15955	ZACCJAAH0FPB70391	t
15956	ZACCJBCT0FPB70392	t
15957	ZACCJBCT0FPB70393	t
15958	ZACCJBCT0FPB70394	t
15959	ZACCJBCT0FPB70395	t
15960	ZACCJBCT0FPB70396	t
15961	ZACCJAAH0FPB70397	t
15962	ZACCJBDT0FPB70402	t
15963	ZACCJAAH0FPB70409	t
15964	ZACCJAAH0FPB70412	t
15965	ZACCJBCT0FPB70415	t
15966	ZACCJAAH0FPB70427	t
15967	ZACCJAAH0FPB70430	t
15968	ZACCJBCT0FPB70432	t
15969	ZACCJAAH0FPB70433	t
15970	ZACCJBCT0FPB70435	t
15971	ZACCJAAH0FPB70436	t
15972	ZACCJAAH0FPB70440	t
15973	ZACCJBCT0FPB70441	t
15974	ZACCJABH0FPB70442	t
15975	ZACCJAAT0FPB70443	t
15976	ZACCJBDT0FPB70444	t
15977	ZACCJBCT0FPB70447	t
15978	ZACCJABH0FPB70448	t
15979	ZACCJBDT0FPB70452	t
15980	ZACCJABT0FPB70453	t
15981	ZACCJBDT0FPB70455	t
15982	ZACCJBBH0FPB70457	t
15983	ZACCJBDT0FPB70458	t
15984	ZACCJBDT0FPB70461	t
15985	ZACCJBCT0FPB70462	t
15986	ZACCJBCT0FPB70465	t
15987	ZACCJBBT0FPB70466	t
15988	ZACCJBBT0FPB70468	t
15989	ZACCJBBH0FPB70471	t
15990	ZACCJBDT0FPB70472	t
15991	ZACCJAAT0FPB70473	t
15992	ZACCJBCT0FPB70476	t
15993	ZACCJBBH0FPB70478	t
15994	ZACCJBBH0FPB70480	t
15995	ZACCJADT0FPB70483	t
15996	ZACCJBDT0FPB70485	t
15997	ZACCJBDT0FPB70488	t
15998	ZACCJAAT0FPB70489	t
15999	ZACCJAAT0FPB70490	t
16000	ZACCJBBT0FPB70491	t
16001	ZACCJAAT0FPB70499	t
16002	ZACCJAAT0FPB70500	t
16003	ZACCJAAT0FPB70503	t
16004	ZACCJABT0FPB70504	t
16005	ZACCJAAT0FPB70505	t
16006	ZACCJABT0FPB70510	t
16007	ZACCJAAT0FPB70512	t
16008	ZACCJABT0FPB70513	t
16009	ZACCJAAT0FPB70514	t
16010	ZACCJBBT0FPB70517	t
16011	ZACCJBBT0FPB70518	t
16012	ZACCJAAT0FPB70519	t
16013	ZACCJADT0FPB70521	t
16014	ZACCJAAT0FPB70522	t
16015	ZACCJABT0FPB70524	t
16016	ZACCJABT0FPB70526	t
16017	ZACCJABT0FPB70527	t
16018	ZACCJAAT0FPB70528	t
16019	ZACCJAAT0FPB70529	t
16020	ZACCJBCT0FPB70532	t
16021	ZACCJBDT0FPB70533	t
16022	ZACCJABT0FPB70534	t
16023	ZACCJAAT0FPB70535	t
16024	ZACCJBBH0FPB70536	t
16025	ZACCJBBH0FPB70537	t
16026	ZACCJBBH0FPB70539	t
16027	ZACCJAAT0FPB70540	t
16028	ZACCJBBH0FPB70541	t
16029	ZACCJBBH0FPB70543	t
16030	ZACCJAAT0FPB70544	t
16031	ZACCJAAT0FPB70545	t
16032	ZACCJAAT0FPB70546	t
16033	ZACCJBDT0FPB70550	t
16034	ZACCJAAT0FPB70551	t
16035	ZACCJAAT0FPB70552	t
16036	ZACCJADT0FPB70553	t
16037	ZACCJBDT0FPB70555	t
16038	ZACCJBBT0FPB70556	t
16039	ZACCJBDT0FPB70557	t
16040	ZACCJBBT0FPB70559	t
16041	ZACCJABT0FPB70561	t
16042	ZACCJADT0FPB70562	t
16043	ZACCJBDT0FPB70563	t
16044	ZACCJBDT0FPB70564	t
16045	ZACCJBBT0FPB70565	t
16046	ZACCJABT0FPB70568	t
16047	ZACCJAAT0FPB70570	t
16048	ZACCJBBT0FPB70571	t
16049	ZACCJABT0FPB70572	t
16050	ZACCJBDT0FPB70573	t
16051	ZACCJBCT0FPB70574	t
16052	ZACCJBDT0FPB70576	t
16053	ZACCJBDT0FPB70577	t
16054	ZACCJBDT0FPB70578	t
16055	ZACCJBBT0FPB70581	t
16056	ZACCJBBH0FPB70582	t
16057	ZACCJBDT0FPB70583	t
16058	ZACCJBDT0FPB70584	t
16059	ZACCJBDT0FPB70585	t
16060	ZACCJBDT0FPB70586	t
16061	ZACCJBDT0FPB70587	t
16062	ZACCJABT0FPB70588	t
16063	ZACCJABT0FPB70589	t
16064	ZACCJABT0FPB70590	t
16065	ZACCJBBH0FPB70591	t
16066	ZACCJBDT0FPB70593	t
16067	ZACCJBDT0FPB70597	t
16068	ZACCJBDT0FPB70598	t
16069	ZACCJBDT0FPB70599	t
16070	ZACCJBDT0FPB70600	t
16071	ZACCJBBH0FPB70602	t
16072	ZACCJBDT0FPB70603	t
16073	ZACCJBDT0FPB70604	t
16074	ZACCJBCT0FPB70605	t
16075	ZACCJBDT0FPB70606	t
16076	ZACCJADT0FPB70607	t
16077	ZACCJBDT0FPB70608	t
16078	ZACCJBDT0FPB70610	t
16079	ZACCJBDT0FPB70612	t
16080	ZACCJBCT0FPB70613	t
16081	ZACCJBCT0FPB70614	t
16082	ZACCJBDT0FPB70617	t
16083	ZACCJBCT0FPB70618	t
16084	ZACCJBDT0FPB70619	t
16085	ZACCJBCT0FPB70621	t
16086	ZACCJBDT0FPB70622	t
16087	ZACCJADT0FPB70623	t
16088	ZACCJBDT0FPB70625	t
16089	ZACCJBCT0FPB70627	t
16090	ZACCJBCT0FPB70631	t
16091	ZACCJBCT0FPB70632	t
16092	ZACCJADT0FPB70634	t
16093	ZACCJBDT0FPB70636	t
16094	ZACCJBDT0FPB70637	t
16095	ZACCJBCT0FPB70638	t
16096	ZACCJBDT0FPB70639	t
16097	ZACCJBCT0FPB70640	t
16098	ZACCJADT0FPB70641	t
16099	ZACCJBDT0FPB70642	t
16100	ZACCJADT0FPB70644	t
16101	ZACCJBCT0FPB70645	t
16102	ZACCJBBH0FPB70648	t
16103	ZACCJBDT0FPB70649	t
16104	ZACCJBDT0FPB70650	t
16105	ZACCJADT0FPB70652	t
16106	ZACCJBBH0FPB70656	t
16107	ZACCJABT0FPB70659	t
16108	ZACCJBDT0FPB70660	t
16109	ZACCJBDT0FPB70661	t
16110	ZACCJBDT0FPB70662	t
16111	ZACCJABT0FPB70663	t
16112	ZACCJBDT0FPB70664	t
16113	ZACCJBBH0FPB70667	t
16114	ZACCJBBH0FPB70668	t
16115	ZACCJABT0FPB70669	t
16116	ZACCJBDT0FPB70670	t
16117	ZACCJBDT0FPB70672	t
16118	ZACCJABT0FPB70674	t
16119	ZACCJABT0FPB70678	t
16120	ZACCJBDT0FPB70679	t
16121	ZACCJABT0FPB70680	t
16122	ZACCJABT0FPB70681	t
16123	ZACCJABT0FPB70682	t
16124	ZACCJABT0FPB70685	t
16125	ZACCJADT0FPB70686	t
16126	ZACCJBDT0FPB70687	t
16127	ZACCJBBH0FPB70688	t
16128	ZACCJBBT0FPB70689	t
16129	ZACCJBDT0FPB70690	t
16130	ZACCJBAH0FPB70691	t
16131	ZACCJBBT0FPB70693	t
16132	ZACCJBDT0FPB70695	t
16133	ZACCJBDT0FPB70696	t
16134	ZACCJBDT0FPB70697	t
16135	ZACCJABT0FPB70698	t
16136	ZACCJABT0FPB70700	t
16137	ZACCJBBT0FPB70703	t
16138	ZACCJBDT0FPB70704	t
16139	ZACCJBDT0FPB70705	t
16140	ZACCJABH0FPB70706	t
16141	ZACCJBDT0FPB70707	t
16142	ZACCJBDT0FPB70708	t
16143	ZACCJBDT0FPB70711	t
16144	ZACCJBCT0FPB70712	t
16145	ZACCJAAT0FPB70713	t
16146	ZACCJAAH0FPB70714	t
16147	ZACCJABH0FPB70715	t
16148	ZACCJABH0FPB70716	t
16149	ZACCJBCT0FPB70717	t
16150	ZACCJBDT0FPB70718	t
16151	ZACCJBDT0FPB70721	t
16152	ZACCJBDT0FPB70722	t
16153	ZACCJABH0FPB70723	t
16154	ZACCJABH0FPB70724	t
16155	ZACCJBDT0FPB70725	t
16156	ZACCJAAH0FPB70726	t
16157	ZACCJADT0FPB70727	t
16158	ZACCJABH0FPB70728	t
16159	ZACCJABH0FPB70729	t
16160	ZACCJAAH0FPB70731	t
16161	ZACCJABH0FPB70732	t
16162	ZACCJABH0FPB70733	t
16163	ZACCJABT0FPB70734	t
16164	ZACCJAAH0FPB70735	t
16165	ZACCJBDT0FPB70736	t
16166	ZACCJABH0FPB70737	t
16167	ZACCJADT0FPB70739	t
16168	ZACCJBDT0FPB70740	t
16169	ZACCJBDT0FPB70741	t
16170	ZACCJBDT0FPB70742	t
16171	ZACCJAAH0FPB70744	t
16172	ZACCJADT0FPB70747	t
16173	ZACCJADT0FPB70748	t
16174	ZACCJAAH0FPB70749	t
16175	ZACCJABT0FPB70750	t
16176	ZACCJBDT0FPB70751	t
16177	ZACCJABT0FPB70752	t
16178	ZACCJABT0FPB70755	t
16179	ZACCJBDT0FPB70756	t
16180	ZACCJBDT0FPB70759	t
16181	ZACCJBBT0FPB70761	t
16182	ZACCJABT0FPB70762	t
16183	ZACCJBDT0FPB70763	t
16184	ZACCJABT0FPB70765	t
16185	ZACCJABT0FPB70766	t
16186	ZACCJBDT0FPB70769	t
16187	ZACCJBDT0FPB70770	t
16188	ZACCJABT0FPB70781	t
16189	ZACCJBDT0FPB70782	t
16190	ZACCJBDT0FPB70783	t
16191	ZACCJBDT0FPB70784	t
16192	ZACCJBDT0FPB70785	t
16193	ZACCJBDT0FPB70786	t
16194	ZACCJBDT0FPB70787	t
16195	ZACCJBDT0FPB70790	t
16196	ZACCJBDT0FPB70791	t
16197	ZACCJADT0FPB70793	t
16198	ZACCJBDT0FPB70794	t
16199	ZACCJBDT0FPB70795	t
16200	ZACCJBDT0FPB70798	t
16201	ZACCJBDT0FPB70801	t
16202	ZACCJABT0FPB70803	t
16203	ZACCJABT0FPB70805	t
16204	ZACCJBBT0FPB70806	t
16205	ZACCJBBT0FPB70808	t
16206	ZACCJBBT0FPB70810	t
16207	ZACCJABT0FPB70812	t
16208	ZACCJBBT0FPB70817	t
16209	ZACCJBBT0FPB70818	t
16210	ZACCJABT0FPB70819	t
16211	ZACCJBBT0FPB70821	t
16212	ZACCJBBT0FPB70822	t
16213	ZACCJBBT0FPB70823	t
16214	ZACCJBBT0FPB70824	t
16215	ZACCJBBT0FPB70825	t
16216	ZACCJBBT0FPB70831	t
16217	ZACCJBBT0FPB70833	t
16218	ZACCJBBT0FPB70841	t
16219	ZACCJBDT0FPB70843	t
16220	ZACCJBDT0FPB70844	t
16221	ZACCJBDT0FPB70845	t
16222	ZACCJBDT0FPB70846	t
16223	ZACCJBDT0FPB70849	t
16224	ZACCJBDT0FPB70851	t
16225	ZACCJBBT0FPB70862	t
16226	ZACCJBBT0FPB70863	t
16227	ZACCJBBT0FPB70866	t
16228	ZACCJBBT0FPB70867	t
16229	ZACCJBDT0FPB70869	t
16230	ZACCJBBT0FPB70870	t
16231	ZACCJBBT0FPB70876	t
16232	ZACCJABT0FPB70877	t
16233	ZACCJBBT0FPB70878	t
16234	ZACCJADT0FPB70880	t
16235	ZACCJBDT0FPB70881	t
16236	ZACCJBDT0FPB70882	t
16237	ZACCJABT0FPB70888	t
16238	ZACCJBDT0FPB70891	t
16239	ZACCJBDT0FPB70892	t
16240	ZACCJADT0FPB70895	t
16241	ZACCJBDT0FPB70896	t
16242	ZACCJBDT0FPB70897	t
16243	ZACCJBDT0FPB70898	t
16244	ZACCJBDT0FPB70900	t
16245	ZACCJABT0FPB70901	t
16246	ZACCJBDT0FPB70902	t
16247	ZACCJBDT0FPB70904	t
16248	ZACCJBDT0FPB70905	t
16249	ZACCJBDT0FPB70907	t
16250	ZACCJABT0FPB70909	t
16251	ZACCJBDT0FPB70912	t
16252	ZACCJBDT0FPB70913	t
16253	ZACCJBDT0FPB70914	t
16254	ZACCJBBT0FPB70917	t
16255	ZACCJBDT0FPB70918	t
16256	ZACCJBDT0FPB70922	t
16257	ZACCJBBT0FPB70923	t
16258	ZACCJBBT0FPB70924	t
16259	ZACCJBBT0FPB70926	t
16260	ZACCJBDT0FPB70930	t
16261	ZACCJADT0FPB70938	t
16262	ZACCJBDT0FPB70941	t
16263	ZACCJBDT0FPB70942	t
16264	ZACCJABT0FPB70943	t
16265	ZACCJBBT0FPB70944	t
16266	ZACCJBBT0FPB70945	t
16267	ZACCJBBT0FPB70946	t
16268	ZACCJBBT0FPB70948	t
16269	ZACCJBDT0FPB70949	t
16270	ZACCJBBT0FPB70953	t
16271	ZACCJADT0FPB70957	t
16272	ZACCJBBT0FPB70958	t
16273	ZACCJBBT0FPB70959	t
16274	ZACCJBDT0FPB70960	t
16275	ZACCJBBT0FPB70961	t
16276	ZACCJABT0FPB70963	t
16277	ZACCJADT0FPB70968	t
16278	ZACCJBBT0FPB70971	t
16279	ZACCJBBT0FPB70975	t
16280	ZACCJABT0FPB70978	t
16281	ZACCJBBT0FPB70980	t
16282	ZACCJABT0FPB70984	t
16283	ZACCJBBT0FPB70985	t
16284	ZACCJABT0FPB70986	t
16285	ZACCJABT0FPB70988	t
16286	ZACCJBDT0FPB70990	t
16287	ZACCJABT0FPB70991	t
16288	ZACCJBBT0FPB70993	t
16289	ZACCJABT0FPB70994	t
16290	ZACCJABT0FPB70995	t
16291	ZACCJABT0FPB70998	t
16292	ZACCJADT0FPB70999	t
16293	ZACCJBBT0FPB71000	t
16294	ZACCJABT0FPB71001	t
16295	ZACCJABT0FPB71002	t
16296	ZACCJABT0FPB71006	t
16297	ZACCJABT0FPB71007	t
16298	ZACCJABT0FPB71008	t
16299	ZACCJABT0FPB71010	t
16300	ZACCJBBT0FPB71011	t
16301	ZACCJABT0FPB71013	t
16302	ZACCJABT0FPB71014	t
16303	ZACCJABT0FPB71015	t
16304	ZACCJADT0FPB71017	t
16305	ZACCJABT0FPB71018	t
16306	ZACCJBBT0FPB71019	t
16307	ZACCJBBT0FPB71020	t
16308	ZACCJABT0FPB71021	t
16309	ZACCJABT0FPB71023	t
16310	ZACCJABT0FPB71025	t
16311	ZACCJABT0FPB71027	t
16312	ZACCJABT0FPB71028	t
16313	ZACCJBDT0FPB71029	t
16314	ZACCJBDT0FPB71031	t
16315	ZACCJBDT0FPB71032	t
16316	ZACCJABT0FPB71033	t
16317	ZACCJBDT0FPB71034	t
16318	ZACCJBBT0FPB71035	t
16319	ZACCJABH0FPB71037	t
16320	ZACCJBBH0FPB71039	t
16321	ZACCJABT0FPB71042	t
16322	ZACCJABT0FPB71043	t
16323	ZACCJABH0FPB71044	t
16324	ZACCJBBT0FPB71045	t
16325	ZACCJABT0FPB71046	t
16326	ZACCJBBH0FPB71047	t
16327	ZACCJBBH0FPB71048	t
16328	ZACCJABT0FPB71049	t
16329	ZACCJABT0FPB71052	t
16330	ZACCJADT0FPB71053	t
16331	ZACCJABT0FPB71054	t
16332	ZACCJBBH0FPB71055	t
16333	ZACCJABT0FPB71056	t
16334	ZACCJBDT0FPB71057	t
16335	ZACCJBBH0FPB71058	t
16336	ZACCJABT0FPB71059	t
16337	ZACCJBBH0FPB71060	t
16338	ZACCJBBT0FPB71061	t
16339	ZACCJBCT0FPB71064	t
16340	ZACCJABT0FPB71066	t
16341	ZACCJABT0FPB71068	t
16342	ZACCJABT0FPB71069	t
16343	ZACCJABT0FPB71070	t
16344	ZACCJBCT0FPB71072	t
16345	ZACCJBCT0FPB71074	t
16346	ZACCJBCT0FPB71075	t
16347	ZACCJABT0FPB71076	t
16348	ZACCJBCT0FPB71078	t
16349	ZACCJABT0FPB71080	t
16350	ZACCJBBT0FPB71081	t
16351	ZACCJBBT0FPB71083	t
16352	ZACCJBCT0FPB71084	t
16353	ZACCJBCT0FPB71087	t
16354	ZACCJBCT0FPB71088	t
16355	ZACCJBCT0FPB71089	t
16356	ZACCJABT0FPB71090	t
16357	ZACCJBBT0FPB71091	t
16358	ZACCJBBT0FPB71092	t
16359	ZACCJBBT0FPB71094	t
16360	ZACCJBDT0FPB71101	t
16361	ZACCJBCT0FPB71102	t
16362	ZACCJBBT0FPB71108	t
16363	ZACCJBBT0FPB71110	t
16364	ZACCJABT0FPB71111	t
16365	ZACCJBBT0FPB71114	t
16366	ZACCJBBT0FPB71115	t
16367	ZACCJBBT0FPB71116	t
16368	ZACCJBBT0FPB71118	t
16369	ZACCJABT0FPB71120	t
16370	ZACCJBBT0FPB71121	t
16371	ZACCJBDT0FPB71123	t
16372	ZACCJBCT0FPB71124	t
16373	ZACCJBCT0FPB71125	t
16374	ZACCJABT0FPB71126	t
16375	ZACCJAAT0FPB71127	t
16376	ZACCJBBT0FPB71128	t
16377	ZACCJBCT0FPB71129	t
16378	ZACCJBBT0FPB71131	t
16379	ZACCJBCT0FPB71134	t
16380	ZACCJBDT0FPB71137	t
16381	ZACCJADT0FPB71138	t
16382	ZACCJAAT0FPB71140	t
16383	ZACCJBDT0FPB71142	t
16384	ZACCJAAT0FPB71145	t
16385	ZACCJABT0FPB71149	t
16386	ZACCJABT0FPB71151	t
16387	ZACCJABT0FPB71152	t
16388	ZACCJBCT0FPB71157	t
16389	ZACCJAAT0FPB71160	t
16390	ZACCJBDT0FPB71161	t
16391	ZACCJABT0FPB71162	t
16392	ZACCJABT0FPB71165	t
16393	ZACCJBCT0FPB71168	t
16394	ZACCJBBH0FPB71169	t
16395	ZACCJAAH0FPB71170	t
16396	ZACCJBBH0FPB71172	t
16397	ZACCJAAT0FPB71185	t
16398	ZACCJAAH0FPB71187	t
16399	ZACCJBBT0FPB71189	t
16400	ZACCJBBT0FPB71191	t
16401	ZACCJBBT0FPB71192	t
16402	ZACCJAAT0FPB71193	t
16403	ZACCJBBT0FPB71195	t
16404	ZACCJABT0FPB71197	t
16405	ZACCJBBT0FPB71199	t
16406	ZACCJBDT0FPB71202	t
16407	ZACCJABT0FPB71205	t
16408	ZACCJAAT0FPB71206	t
16409	ZACCJABH0FPB71208	t
16410	ZACCJABT0FPB71210	t
16411	ZACCJBCT0FPB71211	t
16412	ZACCJAAT0FPB71213	t
16413	ZACCJBDT0FPB71214	t
16414	ZACCJAAT0FPB71215	t
16415	ZACCJAAT0FPB71216	t
16416	ZACCJAAT0FPB71219	t
16417	ZACCJBDT0FPB71220	t
16418	ZACCJABT0FPB71222	t
16419	ZACCJAAT0FPB71224	t
16420	ZACCJAAT0FPB71227	t
16421	ZACCJABT0FPB71236	t
16422	ZACCJBBT0FPB71237	t
16423	ZACCJAAT0FPB71238	t
16424	ZACCJBDT0FPB71240	t
16425	ZACCJBDT0FPB71241	t
16426	ZACCJBDT0FPB71242	t
16427	ZACCJADT0FPB71243	t
16428	ZACCJAAH0FPB71244	t
16429	ZACCJADT0FPB71246	t
16430	ZACCJAAH0FPB71249	t
16431	ZACCJAAT0FPB71250	t
16432	ZACCJBDT0FPB71253	t
16433	ZACCJBDT0FPB71255	t
16434	ZACCJBCT0FPB71263	t
16435	ZACCJAAH0FPB71274	t
16436	ZACCJABT0FPB71276	t
16437	ZACCJBBT0FPB71277	t
16438	ZACCJBBH0FPB71280	t
16439	ZACCJABT0FPB71281	t
16440	ZACCJAAT0FPB71283	t
16441	ZACCJBDT0FPB71285	t
16442	ZACCJBDT0FPB71286	t
16443	ZACCJBBH0FPB71287	t
16444	ZACCJBBT0FPB71290	t
16445	ZACCJBBH0FPB71291	t
16446	ZACCJBCT0FPB71292	t
16447	ZACCJBBH0FPB71294	t
16448	ZACCJABT0FPB71296	t
16449	ZACCJBBH0FPB71297	t
16450	ZACCJBCT0FPB71298	t
16451	ZACCJABT0FPB71299	t
16452	ZACCJBBH0FPB71300	t
16453	ZACCJBBH0FPB71302	t
16454	ZACCJBCT0FPB71304	t
16455	ZACCJBAH0FPB71305	t
16456	ZACCJBCT0FPB71307	t
16457	ZACCJBAT0FPB71309	t
16458	ZACCJAAH0FPB71310	t
16459	ZACCJBBT0FPB71312	t
16460	ZACCJAAH0FPB71313	t
16461	ZACCJABT0FPB71314	t
16462	ZACCJAAT0FPB71315	t
16463	ZACCJAAT0FPB71316	t
16464	ZACCJBBT0FPB71317	t
16465	ZACCJBBT0FPB71318	t
16466	ZACCJBBT0FPB71319	t
16467	ZACCJADT0FPB71320	t
16468	ZACCJBBT0FPB71321	t
16469	ZACCJBBT0FPB71323	t
16470	ZACCJBCT0FPB71324	t
16471	ZACCJAAT0FPB71330	t
16472	ZACCJBCT0FPB71332	t
16473	ZACCJAAT0FPB71334	t
16474	ZACCJBCT0FPB71335	t
16475	ZACCJAAT0FPB71336	t
16476	ZACCJBCT0FPB71338	t
16477	ZACCJBAT0FPB71339	t
16478	ZACCJABH0FPB71340	t
16479	ZACCJBCT0FPB71341	t
16480	ZACCJBBT0FPB71342	t
16481	ZACCJBDT0FPB71343	t
16482	ZACCJBCT0FPB71344	t
16483	ZACCJBBT0FPB71345	t
16484	ZACCJABH0FPB71347	t
16485	ZACCJBCT0FPB71348	t
16486	ZACCJBAT0FPB71349	t
16487	ZACCJBCT0FPB71350	t
16488	ZACCJABH0FPB71351	t
16489	ZACCJBCT0FPB71352	t
16490	ZACCJBCT0FPB71353	t
16491	ZACCJBCT0FPB71354	t
16492	ZACCJBDT0FPB71356	t
16493	ZACCJBCT0FPB71357	t
16494	ZACCJBCT0FPB71358	t
16495	ZACCJABT0FPB71360	t
16496	ZACCJBCT0FPB71363	t
16497	ZACCJBCT0FPB71364	t
16498	ZACCJABT0FPB71365	t
16499	ZACCJBCT0FPB71367	t
16500	ZACCJABT0FPB71368	t
16501	ZACCJAAT0FPB71369	t
16502	ZACCJABT0FPB71371	t
16503	ZACCJAAT0FPB71372	t
16504	ZACCJBCT0FPB71373	t
16505	ZACCJABT0FPB71376	t
16506	ZACCJABH0FPB71377	t
16507	ZACCJBBT0FPB71379	t
16508	ZACCJBCT0FPB71381	t
16509	ZACCJABT0FPB71383	t
16510	ZACCJBBT0FPB71385	t
16511	ZACCJBCT0FPB71387	t
16512	ZACCJBBT0FPB71388	t
16513	ZACCJBCT0FPB71390	t
16514	ZACCJBBH0FPB71395	t
16515	ZACCJBCT0FPB71396	t
16516	ZACCJABT0FPB71397	t
16517	ZACCJBCT0FPB71399	t
16518	ZACCJABH0FPB71401	t
16519	ZACCJBBT0FPB71402	t
16520	ZACCJABT0FPB71404	t
16521	ZACCJBBT0FPB71405	t
16522	ZACCJBCT0FPB71407	t
16523	ZACCJBBH0FPB71408	t
16524	ZACCJAAT0FPB71409	t
16525	ZACCJBBT0FPB71414	t
16526	ZACCJBDT0FPB71415	t
16527	ZACCJAAT0FPB71416	t
16528	ZACCJBCT0FPB71418	t
16529	ZACCJAAT0FPB71419	t
16530	ZACCJBCT0FPB71420	t
16531	ZACCJBCT0FPB71421	t
16532	ZACCJBBH0FPB71422	t
16533	ZACCJAAH0FPB71423	t
16534	ZACCJBBH0FPB71427	t
16535	ZACCJAAH0FPB71428	t
16536	ZACCJBCT0FPB71430	t
16537	ZACCJBCT0FPB71431	t
16538	ZACCJBBT0FPB71432	t
16539	ZACCJAAT0FPB71433	t
16540	ZACCJBBH0FPB71434	t
16541	ZACCJBCT0FPB71435	t
16542	ZACCJBCT0FPB71436	t
16543	ZACCJBCT0FPB71439	t
16544	ZACCJBBT0FPB71440	t
16545	ZACCJBCT0FPB71442	t
16546	ZACCJBBT0FPB71443	t
16547	ZACCJABT0FPB71444	t
16548	ZACCJBCT0FPB71445	t
16549	ZACCJBCT0FPB71446	t
16550	ZACCJBCT0FPB71447	t
16551	ZACCJBCT0FPB71449	t
16552	ZACCJABT0FPB71450	t
16553	ZACCJBAH0FPB71454	t
16554	ZACCJBBT0FPB71457	t
16555	ZACCJBBT0FPB71460	t
16556	ZACCJBBT0FPB71462	t
16557	ZACCJAAT0FPB71463	t
16558	ZACCJABT0FPB71465	t
16559	ZACCJAAT0FPB71467	t
16560	ZACCJBBT0FPB71471	t
16561	ZACCJBBT0FPB71472	t
16562	ZACCJAAT0FPB71473	t
16563	ZACCJBBH0FPB71474	t
16564	ZACCJAAT0FPB71476	t
16565	ZACCJBBT0FPB71478	t
16566	ZACCJBBT0FPB71482	t
16567	ZACCJAAT0FPB71483	t
16568	ZACCJBBH0FPB71484	t
16569	ZACCJAAH0FPB71487	t
16570	ZACCJAAT0FPB71489	t
16571	ZACCJBBT0FPB71490	t
16572	ZACCJBBT0FPB71491	t
16573	ZACCJABT0FPB71492	t
16574	ZACCJBBT0FPB71495	t
16575	ZACCJAAT0FPB71496	t
16576	ZACCJBBT0FPB71497	t
16577	ZACCJBBH0FPB71499	t
16578	ZACCJBBT0FPB71500	t
16579	ZACCJBBH0FPB71501	t
16580	ZACCJBAH0FPB71505	t
16581	ZACCJAAT0FPB71506	t
16582	ZACCJBBT0FPB71509	t
16583	ZACCJABT0FPB71511	t
16584	ZACCJBBT0FPB71513	t
16585	ZACCJABH0FPB71514	t
16586	ZACCJBBT0FPB71515	t
16587	ZACCJABH0FPB71517	t
16588	ZACCJAAH0FPB71521	t
16589	ZACCJAAH0FPB71522	t
16590	ZACCJBBT0FPB71523	t
16591	ZACCJBDT0FPB71524	t
16592	ZACCJBAH0FPB71525	t
16593	ZACCJBAT0FPB71529	t
16594	ZACCJAAH0FPB71530	t
16595	ZACCJABH0FPB71533	t
16596	ZACCJABT0FPB71534	t
16597	ZACCJBBT0FPB71535	t
16598	ZACCJABH0FPB71537	t
16599	ZACCJAAH0FPB71544	t
16600	ZACCJBBT0FPB71545	t
16601	ZACCJAAH0FPB71546	t
16602	ZACCJBBT0FPB71551	t
16603	ZACCJABH0FPB71556	t
16604	ZACCJBAT0FPB71559	t
16605	ZACCJABH0FPB71566	t
16606	ZACCJABH0FPB71568	t
16607	ZACCJAAT0FPB71573	t
16608	ZACCJABT0FPB71574	t
16609	ZACCJBBH0FPB71579	t
16610	ZACCJABH0FPB71581	t
16611	ZACCJABT0FPB71582	t
16612	ZACCJBBT0FPB71584	t
16613	ZACCJBAH0FPB71586	t
16614	ZACCJAAH0FPB71587	t
16615	ZACCJABT0FPB71588	t
16616	ZACCJAAH0FPB71593	t
16617	ZACCJAAT0FPB71594	t
16618	ZACCJABT0FPB71595	t
16619	ZACCJBBT0FPB71597	t
16620	ZACCJBBT0FPB71599	t
16621	ZACCJABT0FPB71604	t
16622	ZACCJBBH0FPB71605	t
16623	ZACCJABH0FPB71607	t
16624	ZACCJABT0FPB71608	t
16625	ZACCJABT0FPB71610	t
16626	ZACCJABT0FPB71612	t
16627	ZACCJAAT0FPB71615	t
16628	ZACCJAAT0FPB71618	t
16629	ZACCJABT0FPB71620	t
16630	ZACCJABT0FPB71622	t
16631	ZACCJABT0FPB71625	t
16632	ZACCJBBH0FPB71626	t
16633	ZACCJBBH0FPB71629	t
16634	ZACCJBBH0FPB71630	t
16635	ZACCJBAH0FPB71632	t
16636	ZACCJAAH0FPB71633	t
16637	ZACCJABT0FPB71634	t
16638	ZACCJBBT0FPB71635	t
16639	ZACCJBBH0FPB71637	t
16640	ZACCJABT0FPB71638	t
16641	ZACCJBBT0FPB71639	t
16642	ZACCJABT0FPB71640	t
16643	ZACCJBBT0FPB71641	t
16644	ZACCJBAT0FPB71642	t
16645	ZACCJBBT0FPB71643	t
16646	ZACCJBBT0FPB71644	t
16647	ZACCJBBH0FPB71647	t
16648	ZACCJABT0FPB71649	t
16649	ZACCJBBH0FPB71652	t
16650	ZACCJABT0FPB71653	t
16651	ZACCJBBT0FPB71656	t
16652	ZACCJBBT0FPB71658	t
16653	ZACCJBBT0FPB71659	t
16654	ZACCJBBT0FPB71661	t
16655	ZACCJBBT0FPB71662	t
16656	ZACCJBBT0FPB71663	t
16657	ZACCJBBH0FPB71664	t
16658	ZACCJBBT0FPB71665	t
16659	ZACCJBBT0FPB71666	t
16660	ZACCJABT0FPB71667	t
16661	ZACCJBBT0FPB71670	t
16662	ZACCJBBH0FPB71671	t
16663	ZACCJABH0FPB71672	t
16664	ZACCJBBT0FPB71674	t
16665	ZACCJBBH0FPB71675	t
16666	ZACCJBBT0FPB71676	t
16667	ZACCJBBT0FPB71677	t
16668	ZACCJBBT0FPB71678	t
16669	ZACCJABT0FPB71679	t
16670	ZACCJABT0FPB71680	t
16671	ZACCJBBT0FPB71681	t
16672	ZACCJABT0FPB71682	t
16673	ZACCJBBT0FPB71683	t
16674	ZACCJBBH0FPB71684	t
16675	ZACCJABT0FPB71685	t
16676	ZACCJBBT0FPB71686	t
16677	ZACCJAAH0FPB71687	t
16678	ZACCJBBH0FPB71688	t
16679	ZACCJABT0FPB71689	t
16680	ZACCJAAT0FPB71690	t
16681	ZACCJBBH0FPB71692	t
16682	ZACCJBBT0FPB71693	t
16683	ZACCJBBT0FPB71694	t
16684	ZACCJBBT0FPB71696	t
16685	ZACCJABT0FPB71698	t
16686	ZACCJBBT0FPB71700	t
16687	ZACCJABT0FPB71701	t
16688	ZACCJBBT0FPB71702	t
16689	ZACCJABT0FPB71703	t
16690	ZACCJABT0FPB71704	t
16691	ZACCJBBT0FPB71705	t
16692	ZACCJAAT0FPB71706	t
16693	ZACCJBBT0FPB71707	t
16694	ZACCJBBT0FPB71711	t
16695	ZACCJBBT0FPB71712	t
16696	ZACCJABT0FPB71713	t
16697	ZACCJBDT0FPB71717	t
16698	ZACCJBBT0FPB71724	t
16699	ZACCJBBT0FPB71725	t
16700	ZACCJBBT0FPB71727	t
16701	ZACCJBBT0FPB71732	t
16702	ZACCJBBH0FPB71733	t
16703	ZACCJABT0FPB71735	t
16704	ZACCJBBT0FPB71739	t
16705	ZACCJAAT0FPB71741	t
16706	ZACCJBBT0FPB71743	t
16707	ZACCJBBT0FPB71745	t
16708	ZACCJBBT0FPB71747	t
16709	ZACCJBBT0FPB71751	t
16710	ZACCJBBT0FPB71754	t
16711	ZACCJBBT0FPB71755	t
16712	ZACCJAAT0FPB71757	t
16713	ZACCJBBT0FPB71758	t
16714	ZACCJAAT0FPB71760	t
16715	ZACCJBBT0FPB71761	t
16716	ZACCJBBT0FPB71763	t
16717	ZACCJBBT0FPB71765	t
16718	ZACCJABT0FPB71766	t
16719	ZACCJBBT0FPB71767	t
16720	ZACCJABT0FPB71769	t
16721	ZACCJAAT0FPB71770	t
16722	ZACCJBBT0FPB71772	t
16723	ZACCJBBH0FPB71773	t
16724	ZACCJAAH0FPB71775	t
16725	ZACCJBBT0FPB71777	t
16726	ZACCJBBT0FPB71778	t
16727	ZACCJBBT0FPB71782	t
16728	ZACCJBBT0FPB71784	t
16729	ZACCJBBT0FPB71785	t
16730	ZACCJBBH0FPB71788	t
16731	ZACCJBDT0FPB71791	t
16732	ZACCJBBH0FPB71796	t
16733	ZACCJBBH0FPB71797	t
16734	ZACCJBBT0FPB71799	t
16735	ZACCJBBT0FPB71801	t
16736	ZACCJBCT0FPB71806	t
16737	ZACCJBBT0FPB71808	t
16738	ZACCJBBT0FPB71809	t
16739	ZACCJBBT0FPB71810	t
16740	ZACCJBBT0FPB71811	t
16741	ZACCJBCT0FPB71813	t
16742	ZACCJAAT0FPB71815	t
16743	ZACCJBBT0FPB71821	t
16744	ZACCJBBT0FPB71823	t
16745	ZACCJBDT0FPB71826	t
16746	ZACCJBCT0FPB71827	t
16747	ZACCJBBT0FPB71828	t
16748	ZACCJBBT0FPB71829	t
16749	ZACCJBBT0FPB71830	t
16750	ZACCJBBT0FPB71831	t
16751	ZACCJBBT0FPB71834	t
16752	ZACCJBBT0FPB71835	t
16753	ZACCJABH0FPB71836	t
16754	ZACCJBCT0FPB71837	t
16755	ZACCJBBH0FPB71838	t
16756	ZACCJBBT0FPB71839	t
16757	ZACCJABT0FPB71841	t
16758	ZACCJABT0FPB71842	t
16759	ZACCJBBH0FPB71843	t
16760	ZACCJBBT0FPB71845	t
16761	ZACCJBBH0FPB71846	t
16762	ZACCJAAH0FPB71848	t
16763	ZACCJABH0FPB71849	t
16764	ZACCJABT0FPB71852	t
16765	ZACCJBBT0FPB71854	t
16766	ZACCJBBT0FPB71856	t
16767	ZACCJBBT0FPB71859	t
16768	ZACCJBBT0FPB71860	t
16769	ZACCJABT0FPB71861	t
16770	ZACCJBBH0FPB71863	t
16771	ZACCJABT0FPB71864	t
16772	ZACCJBBT0FPB71865	t
16773	ZACCJBBT0FPB71866	t
16774	ZACCJBBT0FPB71867	t
16775	ZACCJABT0FPB71869	t
16776	ZACCJABT0FPB71870	t
16777	ZACCJABT0FPB71871	t
16778	ZACCJBBT0FPB71873	t
16779	ZACCJAAH0FPB71874	t
16780	ZACCJBBT0FPB71876	t
16781	ZACCJABT0FPB71877	t
16782	ZACCJBBH0FPB71880	t
16783	ZACCJBCT0FPB71881	t
16784	ZACCJBBT0FPB71882	t
16785	ZACCJBBT0FPB71884	t
16786	ZACCJBBT0FPB71886	t
16787	ZACCJBBT0FPB71887	t
16788	ZACCJBBT0FPB71889	t
16789	ZACCJBBT0FPB71890	t
16790	ZACCJBBT0FPB71892	t
16791	ZACCJBBT0FPB71894	t
16792	ZACCJABH0FPB71895	t
16793	ZACCJBDT0FPB71900	t
16794	ZACCJBBT0FPB71902	t
16795	ZACCJBBT0FPB71905	t
16796	ZACCJBBT0FPB71906	t
16797	ZACCJABT0FPB71909	t
16798	ZACCJBBT0FPB71910	t
16799	ZACCJBBT0FPB71912	t
16800	ZACCJABT0FPB71913	t
16801	ZACCJADT0FPB71914	t
16802	ZACCJABT0FPB71916	t
16803	ZACCJBBT0FPB71917	t
16804	ZACCJBBT0FPB71918	t
16805	ZACCJBBT0FPB71919	t
16806	ZACCJABT0FPB71923	t
16807	ZACCJBBT0FPB71926	t
16808	ZACCJBBT0FPB71927	t
16809	ZACCJADT0FPB71928	t
16810	ZACCJBDT0FPB71929	t
16811	ZACCJABT0FPB71930	t
16812	ZACCJBDT0FPB71931	t
16813	ZACCJABT0FPB71932	t
16814	ZACCJBBT0FPB71933	t
16815	ZACCJBDT0FPB71934	t
16816	ZACCJBBT0FPB71935	t
16817	ZACCJBBT0FPB71936	t
16818	ZACCJBBT0FPB71938	t
16819	ZACCJBBT0FPB71939	t
16820	ZACCJABT0FPB71940	t
16821	ZACCJBBT0FPB71941	t
16822	ZACCJBBT0FPB71942	t
16823	ZACCJBDT0FPB71944	t
16824	ZACCJBBT0FPB71946	t
16825	ZACCJABT0FPB71948	t
16826	ZACCJBDT0FPB71949	t
16827	ZACCJBBT0FPB71950	t
16828	ZACCJBBT0FPB71951	t
16829	ZACCJABT0FPB71952	t
16830	ZACCJABT0FPB71954	t
16831	ZACCJBBT0FPB71956	t
16832	ZACCJBBT0FPB71958	t
16833	ZACCJABT0FPB71959	t
16834	ZACCJBBT0FPB71960	t
16835	ZACCJBBT0FPB71961	t
16836	ZACCJBBT0FPB71965	t
16837	ZACCJBBT0FPB71966	t
16838	ZACCJABT0FPB71967	t
16839	ZACCJBCT0FPB71969	t
16840	ZACCJABT0FPB71970	t
16841	ZACCJBBT0FPB71971	t
16842	ZACCJBBT0FPB71972	t
16843	ZACCJBBT0FPB71974	t
16844	ZACCJABT0FPB71976	t
16845	ZACCJBCT0FPB71978	t
16846	ZACCJBBT0FPB71979	t
16847	ZACCJBBT0FPB71981	t
16848	ZACCJBDT0FPB71982	t
16849	ZACCJABT0FPB71983	t
16850	ZACCJBBT0FPB71984	t
16851	ZACCJABT0FPB71985	t
16852	ZACCJBDT0FPB71986	t
16853	ZACCJABT0FPB71987	t
16854	ZACCJABT0FPB71988	t
16855	ZACCJBBT0FPB71990	t
16856	ZACCJBBT0FPB71991	t
16857	ZACCJBBT0FPB71995	t
16858	ZACCJBBT0FPB71996	t
16859	ZACCJABT0FPB71997	t
16860	ZACCJBBT0FPB71998	t
16861	ZACCJBAT0FPB71999	t
16862	ZACCJABT0FPB72001	t
16863	ZACCJBBT0FPB72002	t
16864	ZACCJBAH0FPB72003	t
16865	ZACCJBAT0FPB72004	t
16866	ZACCJBCT0FPB72006	t
16867	ZACCJAAH0FPB72007	t
16868	ZACCJBAT0FPB72008	t
16869	ZACCJBBT0FPB72009	t
16870	ZACCJBBT0FPB72010	t
16871	ZACCJBBH0FPB72012	t
16872	ZACCJBBT0FPB72017	t
16873	ZACCJBBH0FPB72018	t
16874	ZACCJBBT0FPB72019	t
16875	ZACCJBBT0FPB72021	t
16876	ZACCJBBT0FPB72022	t
16877	ZACCJABH0FPB72023	t
16878	ZACCJBBT0FPB72024	t
16879	ZACCJBBT0FPB72025	t
16880	ZACCJAAH0FPB72026	t
16881	ZACCJABT0FPB72029	t
16882	ZACCJABT0FPB72030	t
16883	ZACCJBBH0FPB72031	t
16884	ZACCJBAT0FPB72032	t
16885	ZACCJBAT0FPB72033	t
16886	ZACCJBAH0FPB72035	t
16887	ZACCJBBT0FPB72036	t
16888	ZACCJABT0FPB72039	t
16889	ZACCJBBH0FPB72043	t
16890	ZACCJBCT0FPB72044	t
16891	ZACCJBBH0FPB72046	t
16892	ZACCJBBH0FPB72047	t
16893	ZACCJBBT0FPB72048	t
16894	ZACCJBBT0FPB72049	t
16895	ZACCJABT0FPB72050	t
16896	ZACCJBBH0FPB72051	t
16897	ZACCJBBT0FPB72054	t
16898	ZACCJABH0FPB72055	t
16899	ZACCJABT0FPB72056	t
16900	ZACCJABT0FPB72059	t
16901	ZACCJABT0FPB72060	t
16902	ZACCJBBH0FPB72061	t
16903	ZACCJBBH0FPB72062	t
16904	ZACCJBBT0FPB72064	t
16905	ZACCJABT0FPB72065	t
16906	ZACCJBBT0FPB72068	t
16907	ZACCJABH0FPB72069	t
16908	ZACCJABT0FPB72072	t
16909	ZACCJBBT0FPB72073	t
16910	ZACCJABT0FPB72076	t
16911	ZACCJBCT0FPB72077	t
16912	ZACCJABT0FPB72078	t
16913	ZACCJBBT0FPB72080	t
16914	ZACCJBBT0FPB72081	t
16915	ZACCJABT0FPB72082	t
16916	ZACCJBDT0FPB72083	t
16917	ZACCJBBH0FPB72084	t
16918	ZACCJBBT0FPB72085	t
16919	ZACCJABT0FPB72086	t
16920	ZACCJABT0FPB72087	t
16921	ZACCJABT0FPB72088	t
16922	ZACCJADT0FPB72090	t
16923	ZACCJBBT0FPB72093	t
16924	ZACCJBBT0FPB72095	t
16925	ZACCJBBT0FPB72096	t
16926	ZACCJBBT0FPB72098	t
16927	ZACCJBBT0FPB72100	t
16928	ZACCJBDT0FPB72101	t
16929	ZACCJBBT0FPB72103	t
16930	ZACCJBBT0FPB72105	t
16931	ZACCJABT0FPB72108	t
16932	ZACCJABT0FPB72111	t
16933	ZACCJBBT0FPB72112	t
16934	ZACCJABT0FPB72113	t
16935	ZACCJABT0FPB72115	t
16936	ZACCJABT0FPB72116	t
16937	ZACCJABT0FPB72122	t
16938	ZACCJABT0FPB72124	t
16939	ZACCJABT0FPB72125	t
16940	ZACCJABT0FPB72127	t
16941	ZACCJABT0FPB72129	t
16942	ZACCJABT0FPB72130	t
16943	ZACCJABT0FPB72132	t
16944	ZACCJABT0FPB72140	t
16945	ZACCJABT0FPB72141	t
16946	ZACCJABT0FPB72142	t
16947	ZACCJABT0FPB72143	t
16948	ZACCJABT0FPB72144	t
16949	ZACCJAAH0FPB72145	t
16950	ZACCJABT0FPB72146	t
16951	ZACCJABT0FPB72147	t
16952	ZACCJBAT0FPB72148	t
16953	ZACCJABT0FPB72150	t
16954	ZACCJABT0FPB72151	t
16955	ZACCJABT0FPB72154	t
16956	ZACCJABT0FPB72155	t
16957	ZACCJABT0FPB72156	t
16958	ZACCJABT0FPB72157	t
16959	ZACCJABH0FPB72158	t
16960	ZACCJABT0FPB72159	t
16961	ZACCJABT0FPB72160	t
16962	ZACCJABT0FPB72161	t
16963	ZACCJABT0FPB72162	t
16964	ZACCJABT0FPB72163	t
16965	ZACCJABT0FPB72164	t
16966	ZACCJBAT0FPB72165	t
16967	ZACCJBBT0FPB72167	t
16968	ZACCJBBT0FPB72168	t
16969	ZACCJBBT0FPB72171	t
16970	ZACCJBBT0FPB72174	t
16971	ZACCJABH0FPB72175	t
16972	ZACCJABH0FPB72176	t
16973	ZACCJBBT0FPB72177	t
16974	ZACCJBBT0FPB72178	t
16975	ZACCJBAT0FPB72179	t
16976	ZACCJBBT0FPB72180	t
16977	ZACCJBBT0FPB72182	t
16978	ZACCJBBT0FPB72183	t
16979	ZACCJBBT0FPB72184	t
16980	ZACCJBBT0FPB72186	t
16981	ZACCJBBT0FPB72188	t
16982	ZACCJBBT0FPB72189	t
16983	ZACCJBBT0FPB72191	t
16984	ZACCJBBT0FPB72193	t
16985	ZACCJBBT0FPB72194	t
16986	ZACCJBBT0FPB72195	t
16987	ZACCJBCT0FPB72196	t
16988	ZACCJBBT0FPB72197	t
16989	ZACCJBAH0FPB72198	t
16990	ZACCJBBT0FPB72201	t
16991	ZACCJBAH0FPB72202	t
16992	ZACCJBCT0FPB72203	t
16993	ZACCJBBT0FPB72204	t
16994	ZACCJBBT0FPB72208	t
16995	ZACCJBBT0FPB72209	t
16996	ZACCJBAH0FPB72210	t
16997	ZACCJBBT0FPB72211	t
16998	ZACCJADT0FPB72213	t
16999	ZACCJABT0FPB72214	t
17000	ZACCJBBT0FPB72215	t
17001	ZACCJBCT0FPB72216	t
17002	ZACCJBBT0FPB72217	t
17003	ZACCJBBT0FPB72218	t
17004	ZACCJBAT0FPB72219	t
17005	ZACCJBBT0FPB72220	t
17006	ZACCJBCT0FPB72221	t
17007	ZACCJBBT0FPB72222	t
17008	ZACCJBCT0FPB72223	t
17009	ZACCJBCT0FPB72224	t
17010	ZACCJBBT0FPB72225	t
17011	ZACCJBBH0FPB72226	t
17012	ZACCJBBT0FPB72227	t
17013	ZACCJBCT0FPB72228	t
17014	ZACCJBCT0FPB72229	t
17015	ZACCJBBH0FPB72230	t
17016	ZACCJBAT0FPB72232	t
17017	ZACCJBBH0FPB72233	t
17018	ZACCJBCT0FPB72235	t
17019	ZACCJBBT0FPB72236	t
17020	ZACCJBCT0FPB72237	t
17021	ZACCJBCT0FPB72238	t
17022	ZACCJBBT0FPB72239	t
17023	ZACCJBCT0FPB72240	t
17024	ZACCJABT0FPB72242	t
17025	ZACCJABT0FPB72243	t
17026	ZACCJBCT0FPB72244	t
17027	ZACCJABT0FPB72245	t
17028	ZACCJBBT0FPB72246	t
17029	ZACCJBBT0FPB72248	t
17030	ZACCJBBH0FPB72249	t
17031	ZACCJBAT0FPB72250	t
17032	ZACCJBBT0FPB72252	t
17033	ZACCJBBT0FPB72253	t
17034	ZACCJBBT0FPB72255	t
17035	ZACCJBDT0FPB72258	t
17036	ZACCJBBT0FPB72259	t
17037	ZACCJAAH0FPB72260	t
17038	ZACCJBAT0FPB72261	t
17039	ZACCJBBT0FPB72263	t
17040	ZACCJBBT0FPB72265	t
17041	ZACCJBBH0FPB72266	t
17042	ZACCJBBT0FPB72267	t
17043	ZACCJBAT0FPB72268	t
17044	ZACCJBBT0FPB72269	t
17045	ZACCJAAH0FPB72270	t
17046	ZACCJBBT0FPB72272	t
17047	ZACCJBBT0FPB72273	t
17048	ZACCJBBT0FPB72274	t
17049	ZACCJBBT0FPB72275	t
17050	ZACCJBBT0FPB72276	t
17051	ZACCJBBT0FPB72277	t
17052	ZACCJBBT0FPB72278	t
17053	ZACCJBBT0FPB72279	t
17054	ZACCJABT0FPB72280	t
17055	ZACCJBBT0FPB72281	t
17056	ZACCJBBT0FPB72282	t
17057	ZACCJBBT0FPB72283	t
17058	ZACCJBBT0FPB72284	t
17059	ZACCJABT0FPB72286	t
17060	ZACCJABT0FPB72287	t
17061	ZACCJABT0FPB72288	t
17062	ZACCJABT0FPB72290	t
17063	ZACCJBCT0FPB72291	t
17064	ZACCJBBT0FPB72292	t
17065	ZACCJABT0FPB72293	t
17066	ZACCJBDT0FPB72294	t
17067	ZACCJBDT0FPB72296	t
17068	ZACCJBBT0FPB72297	t
17069	ZACCJBBT0FPB72298	t
17070	ZACCJBBT0FPB72301	t
17071	ZACCJBBT0FPB72302	t
17072	ZACCJBBT0FPB72303	t
17073	ZACCJBBT0FPB72305	t
17074	ZACCJABT0FPB72306	t
17075	ZACCJBBT0FPB72307	t
17076	ZACCJBBT0FPB72308	t
17077	ZACCJABT0FPB72309	t
17078	ZACCJABT0FPB72310	t
17079	ZACCJABT0FPB72311	t
17080	ZACCJBBT0FPB72312	t
17081	ZACCJBBT0FPB72313	t
17082	ZACCJBBT0FPB72314	t
17083	ZACCJBBT0FPB72315	t
17084	ZACCJBBT0FPB72316	t
17085	ZACCJABT0FPB72317	t
17086	ZACCJABT0FPB72322	t
17087	ZACCJBBT0FPB72324	t
17088	ZACCJBBT0FPB72325	t
17089	ZACCJBCT0FPB72326	t
17090	ZACCJBBT0FPB72327	t
17091	ZACCJBBH0FPB72328	t
17092	ZACCJABT0FPB72329	t
17093	ZACCJBAT0FPB72330	t
17094	ZACCJBBT0FPB72331	t
17095	ZACCJBBT0FPB72332	t
17096	ZACCJBBT0FPB72334	t
17097	ZACCJABH0FPB72335	t
17098	ZACCJBCT0FPB72337	t
17099	ZACCJBCT0FPB72338	t
17100	ZACCJBBT0FPB72340	t
17101	ZACCJABT0FPB72342	t
17102	ZACCJABT0FPB72343	t
17103	ZACCJBCT0FPB72344	t
17104	ZACCJABT0FPB72346	t
17105	ZACCJBBT0FPB72347	t
17106	ZACCJBBT0FPB72348	t
17107	ZACCJBCT0FPB72350	t
17108	ZACCJBBT0FPB72351	t
17109	ZACCJABT0FPB72355	t
17110	ZACCJBCT0FPB72358	t
17111	ZACCJBBT0FPB72360	t
17112	ZACCJBCT0FPB72364	t
17113	ZACCJBBT0FPB72365	t
17114	ZACCJBBT0FPB72367	t
17115	ZACCJBCT0FPB72368	t
17116	ZACCJBBT0FPB72369	t
17117	ZACCJBBT0FPB72372	t
17118	ZACCJBCT0FPB72373	t
17119	ZACCJBCT0FPB72374	t
17120	ZACCJBCT0FPB72375	t
17121	ZACCJBCT0FPB72378	t
17122	ZACCJBBT0FPB72381	t
17123	ZACCJBBT0FPB72382	t
17124	ZACCJBCT0FPB72383	t
17125	ZACCJBBT0FPB72384	t
17126	ZACCJBCT0FPB72385	t
17127	ZACCJADT0FPB72386	t
17128	ZACCJADT0FPB72389	t
17129	ZACCJABT0FPB72390	t
17130	ZACCJADT0FPB72392	t
17131	ZACCJADT0FPB72393	t
17132	ZACCJABT0FPB72394	t
17133	ZACCJADT0FPB72396	t
17134	ZACCJABT0FPB72398	t
17135	ZACCJAAT0FPB72399	t
17136	ZACCJABT0FPB72400	t
17137	ZACCJADT0FPB72401	t
17138	ZACCJBCT0FPB72406	t
17139	ZACCJBCT0FPB72408	t
17140	ZACCJADT0FPB72409	t
17141	ZACCJBCT0FPB72412	t
17142	ZACCJABT0FPB72413	t
17143	ZACCJABT0FPB72414	t
17144	ZACCJBBT0FPB72415	t
17145	ZACCJBCT0FPB72417	t
17146	ZACCJBBT0FPB72418	t
17147	ZACCJBBT0FPB72419	t
17148	ZACCJBCT0FPB72421	t
17149	ZACCJBCT0FPB72423	t
17150	ZACCJBCT0FPB72424	t
17151	ZACCJBCT0FPB72425	t
17152	ZACCJBCT0FPB72427	t
17153	ZACCJBCT0FPB72428	t
17154	ZACCJBCT0FPB72434	t
17155	ZACCJABT0FPB72435	t
17156	ZACCJBCT0FPB72439	t
17157	ZACCJABT0FPB72441	t
17158	ZACCJBCT0FPB72443	t
17159	ZACCJBBT0FPB72446	t
17160	ZACCJBCT0FPB72448	t
17161	ZACCJBCT0FPB72449	t
17162	ZACCJBCT0FPB72451	t
17163	ZACCJBCT0FPB72452	t
17164	ZACCJBBT0FPB72453	t
17165	ZACCJBBT0FPB72454	t
17166	ZACCJBBT0FPB72455	t
17167	ZACCJBBT0FPB72457	t
17168	ZACCJABT0FPB72458	t
17169	ZACCJBBT0FPB72459	t
17170	ZACCJABT0FPB72461	t
17171	ZACCJBBT0FPB72462	t
17172	ZACCJABT0FPB72463	t
17173	ZACCJBBT0FPB72465	t
17174	ZACCJBBT0FPB72466	t
17175	ZACCJABT0FPB72467	t
17176	ZACCJBBT0FPB72468	t
17177	ZACCJBBT0FPB72469	t
17178	ZACCJBBT0FPB72470	t
17179	ZACCJBBT0FPB72471	t
17180	ZACCJBBT0FPB72472	t
17181	ZACCJBBT0FPB72474	t
17182	ZACCJABT0FPB72475	t
17183	ZACCJBBT0FPB72477	t
17184	ZACCJBBT0FPB72479	t
17185	ZACCJABT0FPB72483	t
17186	ZACCJBBT0FPB72486	t
17187	ZACCJBBT0FPB72488	t
17188	ZACCJBBT0FPB72489	t
17189	ZACCJABT0FPB72490	t
17190	ZACCJBBT0FPB72491	t
17191	ZACCJBBT0FPB72492	t
17192	ZACCJBBT0FPB72497	t
17193	ZACCJBBT0FPB72498	t
17194	ZACCJABT0FPB72499	t
17195	ZACCJABT0FPB72501	t
17196	ZACCJABT0FPB72502	t
17197	ZACCJABT0FPB72503	t
17198	ZACCJBBT0FPB72504	t
17199	ZACCJBBT0FPB72505	t
17200	ZACCJBBT0FPB72506	t
17201	ZACCJBBT0FPB72509	t
17202	ZACCJBCT0FPB72512	t
17203	ZACCJBBT0FPB72515	t
17204	ZACCJBBT0FPB72520	t
17205	ZACCJBBT0FPB72521	t
17206	ZACCJABT0FPB72522	t
17207	ZACCJBBT0FPB72525	t
17208	ZACCJABT0FPB72528	t
17209	ZACCJBBT0FPB72529	t
17210	ZACCJBBT0FPB72530	t
17211	ZACCJABT0FPB72533	t
17212	ZACCJBBT0FPB72535	t
17213	ZACCJBBT0FPB72536	t
17214	ZACCJBBT0FPB72537	t
17215	ZACCJBBT0FPB72538	t
17216	ZACCJBBT0FPB72539	t
17217	ZACCJABT0FPB72542	t
17218	ZACCJBBT0FPB72543	t
17219	ZACCJABT0FPB72544	t
17220	ZACCJABT0FPB72547	t
17221	ZACCJABT0FPB72551	t
17222	ZACCJABT0FPB72552	t
17223	ZACCJBBT0FPB72553	t
17224	ZACCJBBT0FPB72555	t
17225	ZACCJABT0FPB72558	t
17226	ZACCJBBT0FPB72560	t
17227	ZACCJABT0FPB72561	t
17228	ZACCJBBT0FPB72563	t
17229	ZACCJBBT0FPB72564	t
17230	ZACCJBBT0FPB72565	t
17231	ZACCJBBT0FPB72566	t
17232	ZACCJBCT0FPB72567	t
17233	ZACCJABT0FPB72568	t
17234	ZACCJBBT0FPB72570	t
17235	ZACCJBBT0FPB72571	t
17236	ZACCJBBT0FPB72572	t
17237	ZACCJBBT0FPB72575	t
17238	ZACCJBBT0FPB72577	t
17239	ZACCJBBT0FPB72583	t
17240	ZACCJBBT0FPB72584	t
17241	ZACCJBBT0FPB72585	t
17242	ZACCJBBT0FPB72588	t
17243	ZACCJBBT0FPB72589	t
17244	ZACCJBBT0FPB72590	t
17245	ZACCJBBT0FPB72592	t
17246	ZACCJBBT0FPB72594	t
17247	ZACCJBBT0FPB72595	t
17248	ZACCJBBT0FPB72596	t
17249	ZACCJBBT0FPB72598	t
17250	ZACCJBBT0FPB72600	t
17251	ZACCJBBT0FPB72604	t
17252	ZACCJBBT0FPB72605	t
17253	ZACCJBBT0FPB72610	t
17254	ZACCJBBT0FPB72611	t
17255	ZACCJBBT0FPB72613	t
17256	ZACCJBBT0FPB72614	t
17257	ZACCJBBT0FPB72615	t
17258	ZACCJBBT0FPB72616	t
17259	ZACCJBBT0FPB72617	t
17260	ZACCJBBT0FPB72618	t
17261	ZACCJBBT0FPB72619	t
17262	ZACCJBBT0FPB72620	t
17263	ZACCJBBT0FPB72621	t
17264	ZACCJBBT0FPB72629	t
17265	ZACCJBBT0FPB72630	t
17266	ZACCJBBT0FPB72631	t
17267	ZACCJBBT0FPB72632	t
17268	ZACCJBBT0FPB72633	t
17269	ZACCJBBT0FPB72637	t
17270	ZACCJBBT0FPB72638	t
17271	ZACCJBBT0FPB72639	t
17272	ZACCJBBT0FPB72640	t
17273	ZACCJBBT0FPB72641	t
17274	ZACCJBBT0FPB72642	t
17275	ZACCJBBT0FPB72644	t
17276	ZACCJBBT0FPB72646	t
17277	ZACCJBBT0FPB72647	t
17278	ZACCJBBT0FPB72648	t
17279	ZACCJBBT0FPB72650	t
17280	ZACCJBCT0FPB72653	t
17281	ZACCJBCT0FPB72654	t
17282	ZACCJBCT0FPB72658	t
17283	ZACCJBCT0FPB72659	t
17284	ZACCJBBT0FPB72661	t
17285	ZACCJBBT0FPB72662	t
17286	ZACCJBCT0FPB72663	t
17287	ZACCJBBT0FPB72665	t
17288	ZACCJBBT0FPB72667	t
17289	ZACCJBCT0FPB72669	t
17290	ZACCJBCT0FPB72672	t
17291	ZACCJBBT0FPB72673	t
17292	ZACCJBCT0FPB72674	t
17293	ZACCJBCT0FPB72676	t
17294	ZACCJBCT0FPB72677	t
17295	ZACCJBCT0FPB72679	t
17296	ZACCJBCT0FPB72681	t
17297	ZACCJBBT0FPB72685	t
17298	ZACCJBBT0FPB72692	t
17299	ZACCJBBT0FPB72693	t
17300	ZACCJBBT0FPB72695	t
17301	ZACCJBBT0FPB72697	t
17302	ZACCJBCT0FPB72699	t
17303	ZACCJBBT0FPB72705	t
17304	ZACCJBBT0FPB72706	t
17305	ZACCJBCT0FPB72708	t
17306	ZACCJBBT0FPB72709	t
17307	ZACCJBBT0FPB72711	t
17308	ZACCJBCT0FPB72713	t
17309	ZACCJBCT0FPB72715	t
17310	ZACCJBCT0FPB72716	t
17311	ZACCJBCT0FPB72718	t
17312	ZACCJBCT0FPB72719	t
17313	ZACCJBBT0FPB72720	t
17314	ZACCJBCT0FPB72721	t
17315	ZACCJBCT0FPB72724	t
17316	ZACCJBCT0FPB72726	t
17317	ZACCJBCT0FPB72728	t
17318	ZACCJBCT0FPB72729	t
17319	ZACCJBCT0FPB72730	t
17320	ZACCJBCT0FPB72731	t
17321	ZACCJBCT0FPB72732	t
17322	ZACCJBCT0FPB72733	t
17323	ZACCJBBT0FPB72735	t
17324	ZACCJBCT0FPB72736	t
17325	ZACCJBCT0FPB72739	t
17326	ZACCJBCT0FPB72742	t
17327	ZACCJBCT0FPB72747	t
17328	ZACCJBBT0FPB72748	t
17329	ZACCJBCT0FPB72749	t
17330	ZACCJBCT0FPB72751	t
17331	ZACCJBCT0FPB72753	t
17332	ZACCJABT0FPB72754	t
17333	ZACCJBCT0FPB72755	t
17334	ZACCJBCT0FPB72756	t
17335	ZACCJBBT0FPB72757	t
17336	ZACCJABT0FPB72758	t
17337	ZACCJBCT0FPB72759	t
17338	ZACCJBCT0FPB72760	t
17339	ZACCJBBT0FPB72761	t
17340	ZACCJBBT0FPB72762	t
17341	ZACCJBCT0FPB72764	t
17342	ZACCJBBT0FPB72765	t
17343	ZACCJBBT0FPB72766	t
17344	ZACCJBBT0FPB72767	t
17345	ZACCJBCT0FPB72772	t
17346	ZACCJBBT0FPB72773	t
17347	ZACCJABT0FPB72774	t
17348	ZACCJBBT0FPB72775	t
17349	ZACCJBBT0FPB72776	t
17350	ZACCJBBT0FPB72777	t
17351	ZACCJBBT0FPB72778	t
17352	ZACCJBCT0FPB72780	t
17353	ZACCJBBT0FPB72781	t
17354	ZACCJBBT0FPB72785	t
17355	ZACCJBBT0FPB72787	t
17356	ZACCJABT0FPB72788	t
17357	ZACCJABT0FPB72791	t
17358	ZACCJBCT0FPB72792	t
17359	ZACCJBBT0FPB72793	t
17360	ZACCJBBT0FPB72795	t
17361	ZACCJABT0FPB72797	t
17362	ZACCJBBT0FPB72801	t
17363	ZACCJABT0FPB72804	t
17364	ZACCJABT0FPB72806	t
17365	ZACCJBCT0FPB72807	t
17366	ZACCJABT0FPB72808	t
17367	ZACCJABT0FPB72809	t
17368	ZACCJBBT0FPB72812	t
17369	ZACCJBBT0FPB72813	t
17370	ZACCJBBT0FPB72815	t
17371	ZACCJBBT0FPB72816	t
17372	ZACCJBBT0FPB72817	t
17373	ZACCJABT0FPB72820	t
17374	ZACCJABT0FPB72822	t
17375	ZACCJBBT0FPB72823	t
17376	ZACCJBBT0FPB72824	t
17377	ZACCJBBT0FPB72826	t
17378	ZACCJBBT0FPB72827	t
17379	ZACCJBCT0FPB72828	t
17380	ZACCJBCT0FPB72830	t
17381	ZACCJABT0FPB72831	t
17382	ZACCJBCT0FPB72833	t
17383	ZACCJABT0FPB72834	t
17384	ZACCJABT0FPB72835	t
17385	ZACCJBCT0FPB72837	t
17386	ZACCJABT0FPB72839	t
17387	ZACCJBCT0FPB72840	t
17388	ZACCJABT0FPB72841	t
17389	ZACCJBCT0FPB72842	t
17390	ZACCJABT0FPB72843	t
17391	ZACCJBBT0FPB72844	t
17392	ZACCJABT0FPB72845	t
17393	ZACCJBCT0FPB72846	t
17394	ZACCJABT0FPB72847	t
17395	ZACCJABT0FPB72848	t
17396	ZACCJABT0FPB72849	t
17397	ZACCJABT0FPB72850	t
17398	ZACCJBCT0FPB72851	t
17399	ZACCJABT0FPB72853	t
17400	ZACCJABT0FPB72856	t
17401	ZACCJABT0FPB72857	t
17402	ZACCJABT0FPB72859	t
17403	ZACCJBBT0FPB72860	t
17404	ZACCJBBT0FPB72861	t
17405	ZACCJABT0FPB72862	t
17406	ZACCJBCT0FPB72863	t
17407	ZACCJBBT0FPB72864	t
17408	ZACCJBBT0FPB72865	t
17409	ZACCJBBT0FPB72866	t
17410	ZACCJABT0FPB72870	t
17411	ZACCJBBT0FPB72871	t
17412	ZACCJBBT0FPB72872	t
17413	ZACCJABT0FPB72873	t
17414	ZACCJBBT0FPB72874	t
17415	ZACCJABT0FPB72875	t
17416	ZACCJBBT0FPB72876	t
17417	ZACCJBBT0FPB72878	t
17418	ZACCJBBT0FPB72879	t
17419	ZACCJBBT0FPB72880	t
17420	ZACCJBCT0FPB72881	t
17421	ZACCJBBT0FPB72882	t
17422	ZACCJBBT0FPB72883	t
17423	ZACCJBBT0FPB72885	t
17424	ZACCJBBT0FPB72886	t
17425	ZACCJBBT0FPB72887	t
17426	ZACCJBBT0FPB72888	t
17427	ZACCJBBT0FPB72889	t
17428	ZACCJBBT0FPB72890	t
17429	ZACCJBCT0FPB72892	t
17430	ZACCJBBT0FPB72893	t
17431	ZACCJBBT0FPB72894	t
17432	ZACCJBCT0FPB72895	t
17433	ZACCJBBT0FPB72897	t
17434	ZACCJBCT0FPB72898	t
17435	ZACCJBBT0FPB72899	t
17436	ZACCJABT0FPB72900	t
17437	ZACCJBBT0FPB72901	t
17438	ZACCJBBT0FPB72904	t
17439	ZACCJBBT0FPB72906	t
17440	ZACCJBBT0FPB72908	t
17441	ZACCJABT0FPB72910	t
17442	ZACCJBBT0FPB72911	t
17443	ZACCJBBT0FPB72913	t
17444	ZACCJBBT0FPB72914	t
17445	ZACCJBBT0FPB72915	t
17446	ZACCJBBT0FPB72927	t
17447	ZACCJBCT0FPB72928	t
17448	ZACCJBBT0FPB72930	t
17449	ZACCJBCT0FPB72931	t
17450	ZACCJBCT0FPB72937	t
17451	ZACCJBCT0FPB72938	t
17452	ZACCJBCT0FPB72941	t
17453	ZACCJBBT0FPB72942	t
17454	ZACCJABT0FPB72943	t
17455	ZACCJBCT0FPB72949	t
17456	ZACCJBCT0FPB72951	t
17457	ZACCJBAT0FPB72955	t
17458	ZACCJBDT0FPB72957	t
17459	ZACCJBDT0FPB72959	t
17460	ZACCJAAH0FPB72960	t
17461	ZACCJAAH0FPB72963	t
17462	ZACCJAAH0FPB72964	t
17463	ZACCJAAH0FPB72965	t
17464	ZACCJBAH0FPB72967	t
17465	ZACCJAAH0FPB72969	t
17466	ZACCJAAH0FPB72971	t
17467	ZACCJBAT0FPB72973	t
17468	ZACCJBAH0FPB72974	t
17469	ZACCJBAH0FPB72975	t
17470	ZACCJBAT0FPB72976	t
17471	ZACCJBAH0FPB72978	t
17472	ZACCJBAT0FPB72979	t
17473	ZACCJBAT0FPB72980	t
17474	ZACCJABT0FPB72982	t
17475	ZACCJBAT0FPB72984	t
17476	ZACCJBAT0FPB72986	t
17477	ZACCJBAT0FPB72987	t
17478	ZACCJABT0FPB72988	t
17479	ZACCJBAT0FPB72990	t
17480	ZACCJBDT0FPB72991	t
17481	ZACCJBDT0FPB72992	t
17482	ZACCJBAT0FPB72993	t
17483	ZACCJABT0FPB72995	t
17484	ZACCJBAT0FPB72996	t
17485	ZACCJAAH0FPB72997	t
17486	ZACCJBAT0FPB72998	t
17487	ZACCJBAH0FPB72999	t
17488	ZACCJBDT0FPB73001	t
17489	ZACCJBDT0FPB73002	t
17490	ZACCJABT0FPB73003	t
17491	ZACCJABT0FPB73005	t
17492	ZACCJAAH0FPB73006	t
17493	ZACCJABT0FPB73008	t
17494	ZACCJBDT0FPB73010	t
17495	ZACCJABT0FPB73013	t
17496	ZACCJABT0FPB73014	t
17497	ZACCJBDT0FPB73016	t
17498	ZACCJBBT0FPB73018	t
17499	ZACCJABT0FPB73019	t
17500	ZACCJABT0FPB73020	t
17501	ZACCJBDT0FPB73021	t
17502	ZACCJABT0FPB73022	t
17503	ZACCJABT0FPB73023	t
17504	ZACCJABT0FPB73024	t
17505	ZACCJABT0FPB73025	t
17506	ZACCJABT0FPB73028	t
17507	ZACCJBAT0FPB73029	t
17508	ZACCJABT0FPB73030	t
17509	ZACCJBBH0FPB73032	t
17510	ZACCJBBH0FPB73033	t
17511	ZACCJBBT0FPB73036	t
17512	ZACCJBBH0FPB73039	t
17513	ZACCJBBT0FPB73040	t
17514	ZACCJBBT0FPB73042	t
17515	ZACCJBBT0FPB73045	t
17516	ZACCJBBT0FPB73048	t
17517	ZACCJBBT0FPB73049	t
17518	ZACCJBBH0FPB73050	t
17519	ZACCJBBT0FPB73051	t
17520	ZACCJBBT0FPB73054	t
17521	ZACCJBBT0FPB73055	t
17522	ZACCJBBT0FPB73056	t
17523	ZACCJBBH0FPB73057	t
17524	ZACCJBBT0FPB73058	t
17525	ZACCJBBT0FPB73060	t
17526	ZACCJAAH0FPB73061	t
17527	ZACCJBBT0FPB73065	t
17528	ZACCJBBT0FPB73066	t
17529	ZACCJBBT0FPB73070	t
17530	ZACCJBBT0FPB73072	t
17531	ZACCJBBT0FPB73074	t
17532	ZACCJBBT0FPB73077	t
17533	ZACCJBDT0FPB73082	t
17534	ZACCJBBT0FPB73084	t
17535	ZACCJBBT0FPB73085	t
17536	ZACCJBBT0FPB73086	t
17537	ZACCJBBT0FPB73087	t
17538	ZACCJBBT0FPB73088	t
17539	ZACCJBBT0FPB73091	t
17540	ZACCJBBT0FPB73093	t
17541	ZACCJBBT0FPB73094	t
17542	ZACCJBBH0FPB73096	t
17543	ZACCJBBT0FPB73097	t
17544	ZACCJBBT0FPB73098	t
17545	ZACCJBBT0FPB73099	t
17546	ZACCJBBH0FPB73100	t
17547	ZACCJBBT0FPB73101	t
17548	ZACCJBBT0FPB73102	t
17549	ZACCJBBT0FPB73104	t
17550	ZACCJBBT0FPB73105	t
17551	ZACCJBBT0FPB73106	t
17552	ZACCJBBT0FPB73107	t
17553	ZACCJBBT0FPB73110	t
17554	ZACCJBBT0FPB73111	t
17555	ZACCJBBT0FPB73112	t
17556	ZACCJBBT0FPB73116	t
17557	ZACCJBBT0FPB73118	t
17558	ZACCJBBT0FPB73119	t
17559	ZACCJBBT0FPB73120	t
17560	ZACCJBBH0FPB73121	t
17561	ZACCJBDT0FPB73122	t
17562	ZACCJBBT0FPB73123	t
17563	ZACCJBBT0FPB73126	t
17564	ZACCJBBH0FPB73127	t
17565	ZACCJBBT0FPB73130	t
17566	ZACCJAAH0FPB73132	t
17567	ZACCJBBT0FPB73133	t
17568	ZACCJBBT0FPB73134	t
17569	ZACCJBBT0FPB73135	t
17570	ZACCJBBH0FPB73136	t
17571	ZACCJBAT0FPB73137	t
17572	ZACCJBDT0FPB73139	t
17573	ZACCJBBT0FPB73141	t
17574	ZACCJBBT0FPB73143	t
17575	ZACCJBBT0FPB73144	t
17576	ZACCJBBT0FPB73146	t
17577	ZACCJBBT0FPB73150	t
17578	ZACCJBBT0FPB73151	t
17579	ZACCJBBH0FPB73152	t
17580	ZACCJBBT0FPB73153	t
17581	ZACCJBBT0FPB73155	t
17582	ZACCJBBT0FPB73156	t
17583	ZACCJBBT0FPB73157	t
17584	ZACCJBBT0FPB73158	t
17585	ZACCJBBH0FPB73160	t
17586	ZACCJBBH0FPB73161	t
17587	ZACCJBBT0FPB73163	t
17588	ZACCJBBT0FPB73165	t
17589	ZACCJBBT0FPB73167	t
17590	ZACCJBBT0FPB73168	t
17591	ZACCJAAT0FPB73169	t
17592	ZACCJAAT0FPB73170	t
17593	ZACCJBBT0FPB73171	t
17594	ZACCJAAH0FPB73173	t
17595	ZACCJBBT0FPB73174	t
17596	ZACCJBBT0FPB73175	t
17597	ZACCJABT0FPB73177	t
17598	ZACCJBBH0FPB73179	t
17599	ZACCJADT0FPB73180	t
17600	ZACCJAAT0FPB73182	t
17601	ZACCJADT0FPB73183	t
17602	ZACCJAAT0FPB73184	t
17603	ZACCJBDT0FPB73185	t
17604	ZACCJAAT0FPB73186	t
17605	ZACCJABT0FPB73187	t
17606	ZACCJAAT0FPB73188	t
17607	ZACCJABT0FPB73189	t
17608	ZACCJBBT0FPB73190	t
17609	ZACCJBBH0FPB73191	t
17610	ZACCJAAT0FPB73196	t
17611	ZACCJBDT0FPB73198	t
17612	ZACCJABT0FPB73200	t
17613	ZACCJBBT0FPB73201	t
17614	ZACCJABT0FPB73206	t
17615	ZACCJBDT0FPB73209	t
17616	ZACCJAAT0FPB73210	t
17617	ZACCJAAT0FPB73211	t
17618	ZACCJABT0FPB73212	t
17619	ZACCJABT0FPB73213	t
17620	ZACCJAAT0FPB73214	t
17621	ZACCJAAT0FPB73216	t
17622	ZACCJAAT0FPB73218	t
17623	ZACCJAAT0FPB73219	t
17624	ZACCJBAH0FPB73220	t
17625	ZACCJABT0FPB73221	t
17626	ZACCJABT0FPB73223	t
17627	ZACCJABT0FPB73224	t
17628	ZACCJABT0FPB73227	t
17629	ZACCJAAH0FPB73228	t
17630	ZACCJBBT0FPB73229	t
17631	ZACCJBBT0FPB73233	t
17632	ZACCJBBT0FPB73234	t
17633	ZACCJBBT0FPB73236	t
17634	ZACCJBBT0FPB73237	t
17635	ZACCJBBT0FPB73238	t
17636	ZACCJBBH0FPB73241	t
17637	ZACCJAAH0FPB73242	t
17638	ZACCJBBT0FPB73244	t
17639	ZACCJBBT0FPB73245	t
17640	ZACCJBBT0FPB73246	t
17641	ZACCJBBH0FPB73247	t
17642	ZACCJBAT0FPB73248	t
17643	ZACCJBBH0FPB73250	t
17644	ZACCJBBH0FPB73251	t
17645	ZACCJBDT0FPB73252	t
17646	ZACCJAAH0FPB73253	t
17647	ZACCJBAH0FPB73254	t
17648	ZACCJBBT0FPB73256	t
17649	ZACCJBAH0FPB73257	t
17650	ZACCJBBT0FPB73261	t
17651	ZACCJBAH0FPB73262	t
17652	ZACCJBBT0FPB73263	t
17653	ZACCJBBT0FPB73265	t
17654	ZACCJBBT0FPB73266	t
17655	ZACCJBAT0FPB73267	t
17656	ZACCJBBT0FPB73268	t
17657	ZACCJBBT0FPB73269	t
17658	ZACCJBBT0FPB73271	t
17659	ZACCJBBT0FPB73273	t
17660	ZACCJBAT0FPB73277	t
17661	ZACCJBBT0FPB73278	t
17662	ZACCJBBT0FPB73280	t
17663	ZACCJBAT0FPB73281	t
17664	ZACCJBAT0FPB73282	t
17665	ZACCJBBT0FPB73284	t
17666	ZACCJBAT0FPB73285	t
17667	ZACCJBAT0FPB73287	t
17668	ZACCJABT0FPB73288	t
17669	ZACCJABT0FPB73290	t
17670	ZACCJABT0FPB73292	t
17671	ZACCJABT0FPB73293	t
17672	ZACCJABT0FPB73294	t
17673	ZACCJABT0FPB73297	t
17674	ZACCJAAT0FPB73298	t
17675	ZACCJBAT0FPB73299	t
17676	ZACCJABT0FPB73300	t
17677	ZACCJBAT0FPB73301	t
17678	ZACCJBAT0FPB73303	t
17679	ZACCJABT0FPB73305	t
17680	ZACCJAAH0FPB73306	t
17681	ZACCJAAH0FPB73307	t
17682	ZACCJAAH0FPB73308	t
17683	ZACCJAAH0FPB73309	t
17684	ZACCJABH0FPB73310	t
17685	ZACCJAAH0FPB73311	t
17686	ZACCJAAH0FPB73312	t
17687	ZACCJAAH0FPB73313	t
17688	ZACCJBAH0FPB73314	t
17689	ZACCJBAH0FPB73316	t
17690	ZACCJBBH0FPB73317	t
17691	ZACCJBAH0FPB73320	t
17692	ZACCJABH0FPB73321	t
17693	ZACCJABH0FPB73322	t
17694	ZACCJABT0FPB73324	t
17695	ZACCJABT0FPB73325	t
17696	ZACCJABT0FPB73326	t
17697	ZACCJABT0FPB73327	t
17698	ZACCJAAT0FPB73328	t
17699	ZACCJBBT0FPB73330	t
17700	ZACCJABT0FPB73331	t
17701	ZACCJBAT0FPB73332	t
17702	ZACCJABT0FPB73333	t
17703	ZACCJBAT0FPB73334	t
17704	ZACCJABT0FPB73336	t
17705	ZACCJBAT0FPB73337	t
17706	ZACCJABT0FPB73339	t
17707	ZACCJBBT0FPB73340	t
17708	ZACCJBDT0FPB73341	t
17709	ZACCJABT0FPB73342	t
17710	ZACCJAAT0FPB73343	t
17711	ZACCJABT0FPB73344	t
17712	ZACCJABT0FPB73345	t
17713	ZACCJABT0FPB73347	t
17714	ZACCJBBT0FPB73349	t
17715	ZACCJABT0FPB73350	t
17716	ZACCJBAT0FPB73351	t
17717	ZACCJBAT0FPB73352	t
17718	ZACCJBAT0FPB73353	t
17719	ZACCJABT0FPB73354	t
17720	ZACCJABT0FPB73355	t
17721	ZACCJABT0FPB73357	t
17722	ZACCJABT0FPB73358	t
17723	ZACCJBAT0FPB73359	t
17724	ZACCJBAT0FPB73360	t
17725	ZACCJABT0FPB73361	t
17726	ZACCJBAT0FPB73362	t
17727	ZACCJBBT0FPB73365	t
17728	ZACCJBBT0FPB73366	t
17729	ZACCJAAT0FPB73367	t
17730	ZACCJBAT0FPB73369	t
17731	ZACCJBBT0FPB73371	t
17732	ZACCJAAT0FPB73373	t
17733	ZACCJAAT0FPB73374	t
17734	ZACCJBAT0FPB73375	t
17735	ZACCJBBT0FPB73378	t
17736	ZACCJBBT0FPB73379	t
17737	ZACCJAAT0FPB73380	t
17738	ZACCJBAT0FPB73382	t
17739	ZACCJAAT0FPB73384	t
17740	ZACCJBBT0FPB73385	t
17741	ZACCJAAT0FPB73386	t
17742	ZACCJBBT0FPB73388	t
17743	ZACCJAAT0FPB73389	t
17744	ZACCJBBT0FPB73390	t
17745	ZACCJBDT0FPB73391	t
17746	ZACCJABT0FPB73392	t
17747	ZACCJBBT0FPB73393	t
17748	ZACCJBAT0FPB73394	t
17749	ZACCJBBT0FPB73395	t
17750	ZACCJBBT0FPB73396	t
17751	ZACCJBBT0FPB73397	t
17752	ZACCJBBT0FPB73399	t
17753	ZACCJBBT0FPB73400	t
17754	ZACCJBBT0FPB73401	t
17755	ZACCJAAT0FPB73403	t
17756	ZACCJBBT0FPB73404	t
17757	ZACCJBDT0FPB73406	t
17758	ZACCJBBT0FPB73407	t
17759	ZACCJBAT0FPB73408	t
17760	ZACCJBBT0FPB73409	t
17761	ZACCJBDT0FPB73411	t
17762	ZACCJBBT0FPB73413	t
17763	ZACCJAAT0FPB73414	t
17764	ZACCJBBT0FPB73415	t
17765	ZACCJBBT0FPB73416	t
17766	ZACCJAAT0FPB73417	t
17767	ZACCJAAT0FPB73418	t
17768	ZACCJAAT0FPB73420	t
17769	ZACCJBBT0FPB73421	t
17770	ZACCJBDT0FPB73423	t
17771	ZACCJBBT0FPB73424	t
17772	ZACCJBDT0FPB73428	t
17773	ZACCJBBT0FPB73429	t
17774	ZACCJBBT0FPB73432	t
17775	ZACCJBBT0FPB73443	t
17776	ZACCJBDT0FPB73449	t
17777	ZACCJBDT0FPB73460	t
17778	ZACCJBBT0FPB73471	t
17779	ZACCJBDT0FPB73478	t
17780	ZACCJABH0FPB73483	t
17781	ZACCJABH0FPB73499	t
17782	ZACCJBDT0FPB73505	t
17783	ZACCJBBT0FPB73513	t
17784	ZACCJBBT0FPB73526	t
17785	ZACCJBBT0FPB73527	t
17786	ZACCJBBT0FPB73528	t
17787	ZACCJBBT0FPB73531	t
17788	ZACCJAAH0FPB73533	t
17789	ZACCJBBT0FPB73536	t
17790	ZACCJBDT0FPB73543	t
17791	ZACCJBBT0FPB73546	t
17792	ZACCJBBT0FPB73547	t
17793	ZACCJBBT0FPB73550	t
17794	ZACCJBDT0FPB73552	t
17795	ZACCJBBT0FPB73556	t
17796	ZACCJBBT0FPB73559	t
17797	ZACCJBBT0FPB73564	t
17798	ZACCJBBT0FPB73571	t
17799	ZACCJBAT0FPB73572	t
17800	ZACCJBBT0FPB73573	t
17801	ZACCJBBT0FPB73576	t
17802	ZACCJBAT0FPB73577	t
17803	ZACCJAAT0FPB73581	t
17804	ZACCJBBT0FPB73583	t
17805	ZACCJAAT0FPB73584	t
17806	ZACCJABT0FPB73587	t
17807	ZACCJBBT0FPB73590	t
17808	ZACCJBBT0FPB73592	t
17809	ZACCJABT0FPB73594	t
17810	ZACCJBBT0FPB73595	t
17811	ZACCJBBT0FPB73599	t
17812	ZACCJBBT0FPB73600	t
17813	ZACCJABT0FPB73601	t
17814	ZACCJBBH0FPB73607	t
17815	ZACCJBBT0FPB73609	t
17816	ZACCJBBH0FPB73610	t
17817	ZACCJBBT0FPB73611	t
17818	ZACCJBBT0FPB73613	t
17819	ZACCJBBT0FPB73614	t
17820	ZACCJBBT0FPB73620	t
17821	ZACCJBBT0FPB73628	t
17822	ZACCJBBT0FPB73635	t
17823	ZACCJBBT0FPB73638	t
17824	ZACCJBBT0FPB73640	t
17825	ZACCJBDT0FPB73642	t
17826	ZACCJBBT0FPB73644	t
17827	ZACCJBBT0FPB73645	t
17828	ZACCJBBT0FPB73650	t
17829	ZACCJBBT0FPB73661	t
17830	ZACCJBBT0FPB73662	t
17831	ZACCJBBT0FPB73665	t
17832	ZACCJBBT0FPB73668	t
17833	ZACCJBBT0FPB73669	t
17834	ZACCJAAT0FPB73671	t
17835	ZACCJBBT0FPB73673	t
17836	ZACCJBBT0FPB73674	t
17837	ZACCJBBT0FPB73676	t
17838	ZACCJBBT0FPB73678	t
17839	ZACCJBBT0FPB73679	t
17840	ZACCJBBT0FPB73681	t
17841	ZACCJBBT0FPB73683	t
17842	ZACCJBBT0FPB73684	t
17843	ZACCJBBT0FPB73685	t
17844	ZACCJBBT0FPB73686	t
17845	ZACCJBBT0FPB73687	t
17846	ZACCJBBT0FPB73688	t
17847	ZACCJBBT0FPB73690	t
17848	ZACCJBBT0FPB73691	t
17849	ZACCJBBT0FPB73695	t
17850	ZACCJBBT0FPB73696	t
17851	ZACCJABT0FPB73698	t
17852	ZACCJBBT0FPB73700	t
17853	ZACCJBBT0FPB73702	t
17854	ZACCJBBT0FPB73704	t
17855	ZACCJBBT0FPB73705	t
17856	ZACCJAAH0FPB73707	t
17857	ZACCJBBT0FPB73708	t
17858	ZACCJBBT0FPB73712	t
17859	ZACCJBDT0FPB73713	t
17860	ZACCJBBT0FPB73714	t
17861	ZACCJBBT0FPB73715	t
17862	ZACCJBBT0FPB73716	t
17863	ZACCJBDT0FPB73717	t
17864	ZACCJAAH0FPB73719	t
17865	ZACCJBBT0FPB73720	t
17866	ZACCJBBT0FPB73721	t
17867	ZACCJBBT0FPB73723	t
17868	ZACCJBBT0FPB73724	t
17869	ZACCJBBT0FPB73725	t
17870	ZACCJBBT0FPB73726	t
17871	ZACCJBBT0FPB73729	t
17872	ZACCJBBT0FPB73731	t
17873	ZACCJBBT0FPB73733	t
17874	ZACCJBBT0FPB73734	t
17875	ZACCJBBT0FPB73735	t
17876	ZACCJAAH0FPB73736	t
17877	ZACCJBBT0FPB73738	t
17878	ZACCJBBT0FPB73739	t
17879	ZACCJBBT0FPB73740	t
17880	ZACCJAAH0FPB73741	t
17881	ZACCJBBT0FPB73745	t
17882	ZACCJBBT0FPB73746	t
17883	ZACCJBBT0FPB73747	t
17884	ZACCJBBT0FPB73748	t
17885	ZACCJBBT0FPB73749	t
17886	ZACCJBBT0FPB73751	t
17887	ZACCJBBT0FPB73752	t
17888	ZACCJBBT0FPB73754	t
17889	ZACCJBBT0FPB73755	t
17890	ZACCJBBT0FPB73756	t
17891	ZACCJBBT0FPB73759	t
17892	ZACCJBDT0FPB73761	t
17893	ZACCJAAT0FPB73762	t
17894	ZACCJBBT0FPB73764	t
17895	ZACCJBBT0FPB73765	t
17896	ZACCJBBT0FPB73766	t
17897	ZACCJAAT0FPB73767	t
17898	ZACCJBBT0FPB73768	t
17899	ZACCJBBT0FPB73769	t
17900	ZACCJABT0FPB73774	t
17901	ZACCJBDT0FPB73776	t
17902	ZACCJBBH0FPB73778	t
17903	ZACCJBBT0FPB73779	t
17904	ZACCJABT0FPB73780	t
17905	ZACCJBBT0FPB73781	t
17906	ZACCJBBT0FPB73782	t
17907	ZACCJBBT0FPB73783	t
17908	ZACCJBBT0FPB73784	t
17909	ZACCJBBT0FPB73785	t
17910	ZACCJBBT0FPB73786	t
17911	ZACCJAAT0FPB73789	t
17912	ZACCJBBT0FPB73790	t
17913	ZACCJBBT0FPB73791	t
17914	ZACCJBBH0FPB73794	t
17915	ZACCJABH0FPB73795	t
17916	ZACCJBBT0FPB73797	t
17917	ZACCJAAT0FPB73798	t
17918	ZACCJBBT0FPB73799	t
17919	ZACCJAAT0FPB73800	t
17920	ZACCJBBT0FPB73801	t
17921	ZACCJAAT0FPB73802	t
17922	ZACCJBDT0FPB73803	t
17923	ZACCJBDT0FPB73804	t
17924	ZACCJBBT0FPB73805	t
17925	ZACCJABT0FPB73808	t
17926	ZACCJBBH0FPB73809	t
17927	ZACCJABT0FPB73812	t
17928	ZACCJAAT0FPB73813	t
17929	ZACCJBBT0FPB73814	t
17930	ZACCJBBT0FPB73815	t
17931	ZACCJBCT0FPB73816	t
17932	ZACCJABT0FPB73819	t
17933	ZACCJBBT0FPB73823	t
17934	ZACCJADT0FPB73826	t
17935	ZACCJADT0FPB73827	t
17936	ZACCJBBT0FPB73829	t
17937	ZACCJBBT0FPB73830	t
17938	ZACCJBBT0FPB73832	t
17939	ZACCJBBT0FPB73833	t
17940	ZACCJBBT0FPB73834	t
17941	ZACCJAAT0FPB73837	t
17942	ZACCJBCT0FPB73840	t
17943	ZACCJBBT0FPB73841	t
17944	ZACCJAAT0FPB73845	t
17945	ZACCJAAT0FPB73846	t
17946	ZACCJAAT0FPB73847	t
17947	ZACCJAAT0FPB73848	t
17948	ZACCJBDT0FPB73855	t
17949	ZACCJABH0FPB73856	t
17950	ZACCJBDT0FPB73859	t
17951	ZACCJBBT0FPB73864	t
17952	ZACCJAAT0FPB73866	t
17953	ZACCJABT0FPB73868	t
17954	ZACCJBDT0FPB73870	t
17955	ZACCJADT0FPB73871	t
17956	ZACCJBBT0FPB73872	t
17957	ZACCJBBH0FPB73873	t
17958	ZACCJBDT0FPB73881	t
17959	ZACCJADT0FPB73884	t
17960	ZACCJBBT0FPB73886	t
17961	ZACCJBBH0FPB73887	t
17962	ZACCJBBT0FPB73888	t
17963	ZACCJADT0FPB73889	t
17964	ZACCJBDT0FPB73890	t
17965	ZACCJBBT0FPB73891	t
17966	ZACCJBDT0FPB73892	t
17967	ZACCJBDT0FPB73894	t
17968	ZACCJBDT0FPB73895	t
17969	ZACCJBDT0FPB73896	t
17970	ZACCJBDT0FPB73905	t
17971	ZACCJBDT0FPB73908	t
17972	ZACCJABT0FPB73909	t
17973	ZACCJBBH0FPB73910	t
17974	ZACCJBCT0FPB73915	t
17975	ZACCJBBH0FPB73918	t
17976	ZACCJBDT0FPB73922	t
17977	ZACCJBCT0FPB73923	t
17978	ZACCJBCT0FPB73926	t
17979	ZACCJBCT0FPB73928	t
17980	ZACCJBCT0FPB73931	t
17981	ZACCJBBT0FPB73932	t
17982	ZACCJBCT0FPB73933	t
17983	ZACCJBCT0FPB73934	t
17984	ZACCJBCT0FPB73935	t
17985	ZACCJBCT0FPB73939	t
17986	ZACCJBCT0FPB73940	t
17987	ZACCJBCT0FPB73941	t
17988	ZACCJBCT0FPB73943	t
17989	ZACCJBCT0FPB73946	t
17990	ZACCJBCT0FPB73947	t
17991	ZACCJBCT0FPB73948	t
17992	ZACCJBCT0FPB73950	t
17993	ZACCJBCT0FPB73951	t
17994	ZACCJBCT0FPB73956	t
17995	ZACCJBCT0FPB73957	t
17996	ZACCJBAH0FPB73958	t
17997	ZACCJBCT0FPB73960	t
17998	ZACCJBCT0FPB73961	t
17999	ZACCJBCT0FPB73962	t
18000	ZACCJBCT0FPB73963	t
18001	ZACCJBCT0FPB73964	t
18002	ZACCJBCT0FPB73968	t
18003	ZACCJBCT0FPB73971	t
18004	ZACCJBCT0FPB73972	t
18005	ZACCJBCT0FPB73974	t
18006	ZACCJBCT0FPB73977	t
18007	ZACCJBCT0FPB73981	t
18008	ZACCJBCT0FPB73982	t
18009	ZACCJBCT0FPB73983	t
18010	ZACCJABT0FPB73984	t
18011	ZACCJBBT0FPB73986	t
18012	ZACCJBBT0FPB73987	t
18013	ZACCJABT0FPB73990	t
18014	ZACCJBCT0FPB73991	t
18015	ZACCJABT0FPB73992	t
18016	ZACCJBBT0FPB73994	t
18017	ZACCJBCT0FPB73999	t
18018	ZACCJBCT0FPB74006	t
18019	ZACCJBCT0FPB74007	t
18020	ZACCJBCT0FPB74008	t
18021	ZACCJBCT0FPB74011	t
18022	ZACCJBCT0FPB74017	t
18023	ZACCJABT0FPB74021	t
18024	ZACCJBCT0FPB74022	t
18025	ZACCJBCT0FPB74024	t
18026	ZACCJBCT0FPB74025	t
18027	ZACCJBCT0FPB74026	t
18028	ZACCJBCT0FPB74027	t
18029	ZACCJBBT0FPB74030	t
18030	ZACCJBCT0FPB74033	t
18031	ZACCJBCT0FPB74034	t
18032	ZACCJBCT0FPB74036	t
18033	ZACCJBCT0FPB74037	t
18034	ZACCJBCT0FPB74038	t
18035	ZACCJBCT0FPB74039	t
18036	ZACCJBCT0FPB74040	t
18037	ZACCJBBT0FPB74041	t
18038	ZACCJBCT0FPB74042	t
18039	ZACCJBCT0FPB74044	t
18040	ZACCJBCT0FPB74045	t
18041	ZACCJBCT0FPB74048	t
18042	ZACCJBBT0FPB74050	t
18043	ZACCJBCT0FPB74051	t
18044	ZACCJBCT0FPB74054	t
18045	ZACCJBCT0FPB74056	t
18046	ZACCJBCT0FPB74057	t
18047	ZACCJBCT0FPB74058	t
18048	ZACCJBCT0FPB74059	t
18049	ZACCJBCT0FPB74061	t
18050	ZACCJBCT0FPB74062	t
18051	ZACCJBCT0FPB74063	t
18052	ZACCJBCT0FPB74064	t
18053	ZACCJBCT0FPB74065	t
18054	ZACCJBBT0FPB74066	t
18055	ZACCJBDT0FPB74067	t
18056	ZACCJBCT0FPB74068	t
18057	ZACCJBCT0FPB74069	t
18058	ZACCJBCT0FPB74071	t
18059	ZACCJBDT0FPB74073	t
18060	ZACCJBCT0FPB74075	t
18061	ZACCJBBT0FPB74076	t
18062	ZACCJABT0FPB74078	t
18063	ZACCJBCT0FPB74080	t
18064	ZACCJADT0FPB74083	t
18065	ZACCJBBT0FPB74085	t
18066	ZACCJBDT0FPB74086	t
18067	ZACCJBBT0FPB74091	t
18068	ZACCJBDT0FPB74092	t
18069	ZACCJBCT0FPB74093	t
18070	ZACCJBDT0FPB74094	t
18071	ZACCJBDT0FPB74095	t
18072	ZACCJBDT0FPB74100	t
18073	ZACCJBDT0FPB74103	t
18074	ZACCJBDT0FPB74105	t
18075	ZACCJBCT0FPB74110	t
18076	ZACCJABT0FPB74111	t
18077	ZACCJBDT0FPB74117	t
18078	ZACCJBCT0FPB74118	t
18079	ZACCJAAT0FPB74119	t
18080	ZACCJBCT0FPB74120	t
18081	ZACCJABT0FPB74122	t
18082	ZACCJBCT0FPB74123	t
18083	ZACCJBBH0FPB74125	t
18084	ZACCJBDT0FPB74126	t
18085	ZACCJBCT0FPB74127	t
18086	ZACCJBBT0FPB74131	t
18087	ZACCJBDT0FPB74133	t
18088	ZACCJBCT0FPB74134	t
18089	ZACCJABT0FPB74135	t
18090	ZACCJBBT0FPB74136	t
18091	ZACCJBBT0FPB74137	t
18092	ZACCJBCT0FPB74138	t
18093	ZACCJBDT0FPB74141	t
18094	ZACCJBCT0FPB74142	t
18095	ZACCJBCT0FPB74144	t
18096	ZACCJABT0FPB74151	t
18097	ZACCJBCT0FPB74153	t
18098	ZACCJBCT0FPB74156	t
18099	ZACCJBCT0FPB74157	t
18100	ZACCJBDT0FPB74158	t
18101	ZACCJBCT0FPB74159	t
18102	ZACCJBCT0FPB74160	t
18103	ZACCJBBT0FPB74161	t
18104	ZACCJABT0FPB74163	t
18105	ZACCJBBT0FPB74164	t
18106	ZACCJBCT0FPB74165	t
18107	ZACCJBCT0FPB74166	t
18108	ZACCJBCT0FPB74170	t
18109	ZACCJBCT0FPB74173	t
18110	ZACCJABT0FPB74174	t
18111	ZACCJBCT0FPB74177	t
18112	ZACCJBCT0FPB74179	t
18113	ZACCJBCT0FPB74182	t
18114	ZACCJABT0FPB74183	t
18115	ZACCJBCT0FPB74185	t
18116	ZACCJBCT0FPB74186	t
18117	ZACCJABT0FPB74191	t
18118	ZACCJBCT0FPB74192	t
18119	ZACCJBCT0FPB74193	t
18120	ZACCJBBH0FPB74194	t
18121	ZACCJBCT0FPB74196	t
18122	ZACCJBDT0FPB74201	t
18123	ZACCJBCT0FPB74205	t
18124	ZACCJBCT0FPB74206	t
18125	ZACCJBCT0FPB74207	t
18126	ZACCJBCT0FPB74212	t
18127	ZACCJBCT0FPB74213	t
18128	ZACCJBCT0FPB74215	t
18129	ZACCJBCT0FPB74217	t
18130	ZACCJBCT0FPB74221	t
18131	ZACCJBDT0FPB74222	t
18132	ZACCJBAH0FPB74226	t
18133	ZACCJBCT0FPB74232	t
18134	ZACCJBCT0FPB74233	t
18135	ZACCJABH0FPB74238	t
18136	ZACCJBCT0FPB74239	t
18137	ZACCJBCT0FPB74240	t
18138	ZACCJBDT0FPB74241	t
18139	ZACCJBDT0FPB74242	t
18140	ZACCJBCT0FPB74243	t
18141	ZACCJBCT0FPB74247	t
18142	ZACCJBCT0FPB74250	t
18143	ZACCJBCT0FPB74252	t
18144	ZACCJBCT0FPB74254	t
18145	ZACCJBCT0FPB74257	t
18146	ZACCJABH0FPB74260	t
18147	ZACCJBCT0FPB74261	t
18148	ZACCJBCT0FPB74265	t
18149	ZACCJBCT0FPB74266	t
18150	ZACCJBCT0FPB74270	t
18151	ZACCJBDT0FPB74271	t
18152	ZACCJBCT0FPB74272	t
18153	ZACCJBCT0FPB74274	t
18154	ZACCJBCT0FPB74277	t
18155	ZACCJBCT0FPB74281	t
18156	ZACCJBDT0FPB74282	t
18157	ZACCJBDT0FPB74283	t
18158	ZACCJBBH0FPB74285	t
18159	ZACCJBCT0FPB74286	t
18160	ZACCJBCT0FPB74287	t
18161	ZACCJAAH0FPB74292	t
18162	ZACCJBCT0FPB74295	t
18163	ZACCJBCT0FPB74297	t
18164	ZACCJBCT0FPB74298	t
18165	ZACCJBCT0FPB74299	t
18166	ZACCJBCT0FPB74300	t
18167	ZACCJBBH0FPB74304	t
18168	ZACCJBCT0FPB74305	t
18169	ZACCJBDT0FPB74306	t
18170	ZACCJBDT0FPB74307	t
18171	ZACCJBDT0FPB74309	t
18172	ZACCJBBT0FPB74311	t
18173	ZACCJBDT0FPB74312	t
18174	ZACCJBCT0FPB74313	t
18175	ZACCJBBH0FPB74314	t
18176	ZACCJBDT0FPB74315	t
18177	ZACCJBBH0FPB74316	t
18178	ZACCJBBH0FPB74317	t
18179	ZACCJBDT0FPB74318	t
18180	ZACCJBDT0FPB74319	t
18181	ZACCJADT0FPB74322	t
18182	ZACCJBCT0FPB74323	t
18183	ZACCJAAT0FPB74325	t
18184	ZACCJABT0FPB74326	t
18185	ZACCJBDT0FPB74327	t
18186	ZACCJBDT0FPB74329	t
18187	ZACCJBCT0FPB74330	t
18188	ZACCJBDT0FPB74331	t
18189	ZACCJABT0FPB74332	t
18190	ZACCJBDT0FPB74333	t
18191	ZACCJBCT0FPB74334	t
18192	ZACCJBCT0FPB74335	t
18193	ZACCJBBT0FPB74336	t
18194	ZACCJBCT0FPB74340	t
18195	ZACCJADT0FPB74341	t
18196	ZACCJABH0FPB74347	t
18197	ZACCJADT0FPB74348	t
18198	ZACCJADT0FPB74351	t
18199	ZACCJABT0FPB74352	t
18200	ZACCJADT0FPB74353	t
18201	ZACCJADT0FPB74354	t
18202	ZACCJBDT0FPB74355	t
18203	ZACCJBCT0FPB74356	t
18204	ZACCJABT0FPB74357	t
18205	ZACCJBCT0FPB74359	t
18206	ZACCJABT0FPB74360	t
18207	ZACCJBCT0FPB74361	t
18208	ZACCJBCT0FPB74362	t
18209	ZACCJABT0FPB74363	t
18210	ZACCJBBH0FPB74365	t
18211	ZACCJBDT0FPB74366	t
18212	ZACCJBDT0FPB74368	t
18213	ZACCJADT0FPB74370	t
18214	ZACCJBDT0FPB74371	t
18215	ZACCJBDT0FPB74374	t
18216	ZACCJBCT0FPB74375	t
18217	ZACCJABT0FPB74376	t
18218	ZACCJABT0FPB74377	t
18219	ZACCJBDT0FPB74378	t
18220	ZACCJABT0FPB74379	t
18221	ZACCJBBH0FPB74381	t
18222	ZACCJABT0FPB74382	t
18223	ZACCJABT0FPB74384	t
18224	ZACCJABT0FPB74388	t
18225	ZACCJABT0FPB74389	t
18226	ZACCJBDT0FPB74393	t
18227	ZACCJABT0FPB74395	t
18228	ZACCJABT0FPB74397	t
18229	ZACCJBCT0FPB74398	t
18230	ZACCJBCT0FPB74400	t
18231	ZACCJBDT0FPB74401	t
18232	ZACCJABT0FPB74402	t
18233	ZACCJABT0FPB74403	t
18234	ZACCJADT0FPB74404	t
18235	ZACCJBCT0FPB74405	t
18236	ZACCJABT0FPB74408	t
18237	ZACCJABT0FPB74410	t
18238	ZACCJBCT0FPB74411	t
18239	ZACCJBCT0FPB74412	t
18240	ZACCJBBH0FPB74415	t
18241	ZACCJABT0FPB74416	t
18242	ZACCJABT0FPB74417	t
18243	ZACCJBCT0FPB74418	t
18244	ZACCJABT0FPB74419	t
18245	ZACCJBDT0FPB74420	t
18246	ZACCJBCT0FPB74422	t
18247	ZACCJBCT0FPB74423	t
18248	ZACCJABT0FPB74424	t
18249	ZACCJABT0FPB74425	t
18250	ZACCJABT0FPB74426	t
18251	ZACCJABT0FPB74427	t
18252	ZACCJBDT0FPB74428	t
18253	ZACCJBDT0FPB74429	t
18254	ZACCJADT0FPB74431	t
18255	ZACCJBCT0FPB74432	t
18256	ZACCJBDT0FPB74433	t
18257	ZACCJBBT0FPB74434	t
18258	ZACCJBCT0FPB74435	t
18259	ZACCJBDT0FPB74436	t
18260	ZACCJBCT0FPB74437	t
18261	ZACCJBBT0FPB74440	t
18262	ZACCJBDT0FPB74442	t
18263	ZACCJBBT0FPB74444	t
18264	ZACCJBBT0FPB74445	t
18265	ZACCJBBT0FPB74447	t
18266	ZACCJBCT0FPB74448	t
18267	ZACCJBCT0FPB74449	t
18268	ZACCJBCT0FPB74450	t
18269	ZACCJBBT0FPB74451	t
18270	ZACCJBDT0FPB74452	t
18271	ZACCJBCT0FPB74453	t
18272	ZACCJBBT0FPB74457	t
18273	ZACCJBCT0FPB74460	t
18274	ZACCJBBT0FPB74461	t
18275	ZACCJBCT0FPB74462	t
18276	ZACCJBBT0FPB74467	t
18277	ZACCJBCT0FPB74468	t
18278	ZACCJBDT0FPB74469	t
18279	ZACCJBCT0FPB74473	t
18280	ZACCJBBT0FPB74476	t
18281	ZACCJBDT0FPB74478	t
18282	ZACCJBBT0FPB74480	t
18283	ZACCJBCT0FPB74482	t
18284	ZACCJBCT0FPB74483	t
18285	ZACCJBBT0FPB74485	t
18286	ZACCJBBT0FPB74486	t
18287	ZACCJBDT0FPB74488	t
18288	ZACCJBCT0FPB74489	t
18289	ZACCJBDT0FPB74490	t
18290	ZACCJBCT0FPB74491	t
18291	ZACCJBBT0FPB74496	t
18292	ZACCJBDT0FPB74500	t
18293	ZACCJBCT0FPB74507	t
18294	ZACCJBDT0FPB74509	t
18295	ZACCJBDT0FPB74510	t
18296	ZACCJBCT0FPB74513	t
18297	ZACCJBDT0FPB74516	t
18298	ZACCJBDT0FPB74517	t
18299	ZACCJBDT0FPB74523	t
18300	ZACCJBBT0FPB74526	t
18301	ZACCJBBT0FPB74529	t
18302	ZACCJBCT0FPB74533	t
18303	ZACCJBDT0FPB74536	t
18304	ZACCJBCT0FPB74539	t
18305	ZACCJBDT0FPB74542	t
18306	ZACCJBDT0FPB74544	t
18307	ZACCJBDT0FPB74545	t
18308	ZACCJBCT0FPB74546	t
18309	ZACCJBCT0FPB74547	t
18310	ZACCJBCT0FPB74552	t
18311	ZACCJBDT0FPB74553	t
18312	ZACCJBDT0FPB74555	t
18313	ZACCJBCT0FPB74557	t
18314	ZACCJBDT0FPB74560	t
18315	ZACCJBDT0FPB74561	t
18316	ZACCJBDT0FPB74563	t
18317	ZACCJBCT0FPB74571	t
18318	ZACCJBCT0FPB74578	t
18319	ZACCJBBT0FPB74588	t
18320	ZACCJBCT0FPB74589	t
18321	ZACCJBCT0FPB74592	t
18322	ZACCJBCT0FPB74593	t
18323	ZACCJBCT0FPB74594	t
18324	ZACCJBBT0FPB74596	t
18325	ZACCJBCT0FPB74600	t
18326	ZACCJBDT0FPB74604	t
18327	ZACCJBDT0FPB74605	t
18328	ZACCJBCT0FPB74608	t
18329	ZACCJBCT0FPB74610	t
18330	ZACCJABH0FPB74618	t
18331	ZACCJBCT0FPB74619	t
18332	ZACCJBCT0FPB74624	t
18333	ZACCJBAH0FPB74625	t
18334	ZACCJBCT0FPB74629	t
18335	ZACCJBCT0FPB74631	t
18336	ZACCJABH0FPB74632	t
18337	ZACCJBDT0FPB74636	t
18338	ZACCJBCT0FPB74637	t
18339	ZACCJBCT0FPB74638	t
18340	ZACCJBCT0FPB74641	t
18341	ZACCJBCT0FPB74642	t
18342	ZACCJBCT0FPB74646	t
18343	ZACCJBCT0FPB74647	t
18344	ZACCJBCT0FPB74649	t
18345	ZACCJBCT0FPB74657	t
18346	ZACCJBDT0FPB74658	t
18347	ZACCJBCT0FPB74660	t
18348	ZACCJBCT0FPB74661	t
18349	ZACCJBCT0FPB74663	t
18350	ZACCJBDT0FPB74671	t
18351	ZACCJBCT0FPB74672	t
18352	ZACCJBCT0FPB74673	t
18353	ZACCJBCT0FPB74675	t
18354	ZACCJBCT0FPB74678	t
18355	ZACCJBDT0FPB74679	t
18356	ZACCJBCT0FPB74680	t
18357	ZACCJABT0FPB74681	t
18358	ZACCJABT0FPB74682	t
18359	ZACCJABT0FPB74684	t
18360	ZACCJBCT0FPB74685	t
18361	ZACCJBCT0FPB74686	t
18362	ZACCJABT0FPB74687	t
18363	ZACCJABT0FPB74688	t
18364	ZACCJBCT0FPB74689	t
18365	ZACCJBCT0FPB74690	t
18366	ZACCJBDT0FPB74692	t
18367	ZACCJBCT0FPB74693	t
18368	ZACCJBCT0FPB74695	t
18369	ZACCJABT0FPB74696	t
18370	ZACCJBCT0FPB74698	t
18371	ZACCJBCT0FPB74699	t
18372	ZACCJBCT0FPB74700	t
18373	ZACCJBCT0FPB74702	t
18374	ZACCJBCT0FPB74704	t
18375	ZACCJADT0FPB74706	t
18376	ZACCJBCT0FPB74707	t
18377	ZACCJBCT0FPB74708	t
18378	ZACCJBCT0FPB74709	t
18379	ZACCJBCT0FPB74711	t
18380	ZACCJABT0FPB74713	t
18381	ZACCJABT0FPB74715	t
18382	ZACCJBCT0FPB74716	t
18383	ZACCJBCT0FPB74717	t
18384	ZACCJABT0FPB74718	t
18385	ZACCJABT0FPB74720	t
18386	ZACCJBCT0FPB74721	t
18387	ZACCJABT0FPB74723	t
18388	ZACCJBDT0FPB74726	t
18389	ZACCJABT0FPB74729	t
18390	ZACCJBDT0FPB74730	t
18391	ZACCJBCT0FPB74731	t
18392	ZACCJBDT0FPB74732	t
18393	ZACCJBDT0FPB74733	t
18394	ZACCJABT0FPB74734	t
18395	ZACCJABT0FPB74735	t
18396	ZACCJBCT0FPB74736	t
18397	ZACCJBCT0FPB74737	t
18398	ZACCJBCT0FPB74738	t
18399	ZACCJABT0FPB74739	t
18400	ZACCJABT0FPB74740	t
18401	ZACCJABT0FPB74742	t
18402	ZACCJABT0FPB74744	t
18403	ZACCJBCT0FPB74745	t
18404	ZACCJABT0FPB74746	t
18405	ZACCJABT0FPB74747	t
18406	ZACCJABT0FPB74748	t
18407	ZACCJBCT0FPB74750	t
18408	ZACCJABT0FPB74751	t
18409	ZACCJABT0FPB74752	t
18410	ZACCJABT0FPB74756	t
18411	ZACCJABT0FPB74761	t
18412	ZACCJABT0FPB74765	t
18413	ZACCJBDT0FPB74768	t
18414	ZACCJABT0FPB74769	t
18415	ZACCJABT0FPB74771	t
18416	ZACCJBDT0FPB74773	t
18417	ZACCJABT0FPB74775	t
18418	ZACCJABT0FPB74776	t
18419	ZACCJBDT0FPB74778	t
18420	ZACCJBCT0FPB74779	t
18421	ZACCJBCT0FPB74783	t
18422	ZACCJABT0FPB74784	t
18423	ZACCJBDT0FPB74785	t
18424	ZACCJBCT0FPB74787	t
18425	ZACCJBDT0FPB74792	t
18426	ZACCJBBT0FPB74798	t
18427	ZACCJBBT0FPB74799	t
18428	ZACCJBDT0FPB74808	t
18429	ZACCJBBT0FPB74811	t
18430	ZACCJBDT0FPB74820	t
18431	ZACCJBDT0FPB74823	t
18432	ZACCJBDT0FPB74824	t
18433	ZACCJBBT0FPB74825	t
18434	ZACCJBBT0FPB74832	t
18435	ZACCJBDT0FPB74835	t
18436	ZACCJBDT0FPB74837	t
18437	ZACCJBCT0FPB74842	t
18438	ZACCJBBT0FPB74844	t
18439	ZACCJBDT0FPB74845	t
18440	ZACCJBDT0FPB74846	t
18441	ZACCJBBT0FPB74847	t
18442	ZACCJBBT0FPB74848	t
18443	ZACCJBBT0FPB74851	t
18444	ZACCJBBT0FPB74852	t
18445	ZACCJABT0FPB74853	t
18446	ZACCJBBT0FPB74854	t
18447	ZACCJBDT0FPB74855	t
18448	ZACCJBBT0FPB74858	t
18449	ZACCJBCT0FPB74859	t
18450	ZACCJABT0FPB74860	t
18451	ZACCJABT0FPB74861	t
18452	ZACCJBCT0FPB74863	t
18453	ZACCJABT0FPB74865	t
18454	ZACCJBBT0FPB74869	t
18455	ZACCJABT0FPB74870	t
18456	ZACCJBBT0FPB74874	t
18457	ZACCJBBT0FPB74877	t
18458	ZACCJABT0FPB74880	t
18459	ZACCJABT0FPB74881	t
18460	ZACCJBBT0FPB74882	t
18461	ZACCJBBT0FPB74885	t
18462	ZACCJBBT0FPB74886	t
18463	ZACCJBCT0FPB74887	t
18464	ZACCJBDT0FPB74889	t
18465	ZACCJBBT0FPB74891	t
18466	ZACCJABT0FPB74893	t
18467	ZACCJBBT0FPB74896	t
18468	ZACCJBCT0FPB74897	t
18469	ZACCJBDT0FPB74898	t
18470	ZACCJBBT0FPB74899	t
18471	ZACCJBBT0FPB74905	t
18472	ZACCJBDT0FPB74906	t
18473	ZACCJBBT0FPB74907	t
18474	ZACCJADT0FPB74910	t
18475	ZACCJBBT0FPB74911	t
18476	ZACCJBCT0FPB74913	t
18477	ZACCJBBT0FPB74914	t
18478	ZACCJBCT0FPB74915	t
18479	ZACCJABT0FPB74916	t
18480	ZACCJADT0FPB74921	t
18481	ZACCJBCT0FPB74923	t
18482	ZACCJBBT0FPB74925	t
18483	ZACCJBCT0FPB74927	t
18484	ZACCJBBT0FPB74928	t
18485	ZACCJBBT0FPB74929	t
18486	ZACCJBCT0FPB74930	t
18487	ZACCJADT0FPB74932	t
18488	ZACCJBBT0FPB74934	t
18489	ZACCJBCT0FPB74935	t
18490	ZACCJBCT0FPB74936	t
18491	ZACCJBBT0FPB74938	t
18492	ZACCJBBT0FPB74940	t
18493	ZACCJBBT0FPB74941	t
18494	ZACCJBBT0FPB74942	t
18495	ZACCJBBT0FPB74944	t
18496	ZACCJBBT0FPB74945	t
18497	ZACCJADT0FPB74946	t
18498	ZACCJBCT0FPB74947	t
18499	ZACCJBCT0FPB74949	t
18500	ZACCJBDT0FPB74950	t
18501	ZACCJBBT0FPB74951	t
18502	ZACCJBBT0FPB74952	t
18503	ZACCJBBT0FPB74954	t
18504	ZACCJABT0FPB74955	t
18505	ZACCJBBT0FPB74956	t
18506	ZACCJABT0FPB74958	t
18507	ZACCJBCT0FPB74959	t
18508	ZACCJBDT0FPB74960	t
18509	ZACCJBCT0FPB74962	t
18510	ZACCJBBT0FPB74963	t
18511	ZACCJBBT0FPB74965	t
18512	ZACCJBDT0FPB74966	t
18513	ZACCJBCT0FPB74968	t
18514	ZACCJBCT0FPB74970	t
18515	ZACCJBCT0FPB74972	t
18516	ZACCJBCT0FPB74974	t
18517	ZACCJBDT0FPB74977	t
18518	ZACCJABT0FPB74978	t
18519	ZACCJBBT0FPB74979	t
18520	ZACCJBCT0FPB74980	t
18521	ZACCJBCT0FPB74981	t
18522	ZACCJBCT0FPB74984	t
18523	ZACCJABT0FPB74985	t
18524	ZACCJBBT0FPB74990	t
18525	ZACCJBCT0FPB74992	t
18526	ZACCJBBT0FPB74995	t
18527	ZACCJBBT0FPB74996	t
18528	ZACCJBCT0FPB74997	t
18529	ZACCJBCT0FPB74999	t
18530	ZACCJBBT0FPB75000	t
18531	ZACCJBBT0FPB75001	t
18532	ZACCJBBT0FPB75002	t
18533	ZACCJBBT0FPB75003	t
18534	ZACCJBCT0FPB75004	t
18535	ZACCJBCT0FPB75005	t
18536	ZACCJBBT0FPB75006	t
18537	ZACCJBBT0FPB75007	t
18538	ZACCJBCT0FPB75008	t
18539	ZACCJBCT0FPB75009	t
18540	ZACCJBCT0FPB75011	t
18541	ZACCJBCT0FPB75012	t
18542	ZACCJBBT0FPB75014	t
18543	ZACCJBCT0FPB75015	t
18544	ZACCJBBT0FPB75018	t
18545	ZACCJABT0FPB75019	t
18546	ZACCJBCT0FPB75020	t
18547	ZACCJBCT0FPB75023	t
18548	ZACCJABT0FPB75024	t
18549	ZACCJBCT0FPB75025	t
18550	ZACCJBCT0FPB75027	t
18551	ZACCJBCT0FPB75028	t
18552	ZACCJBCT0FPB75029	t
18553	ZACCJBCT0FPB75030	t
18554	ZACCJBBT0FPB75031	t
18555	ZACCJBCT0FPB75032	t
18556	ZACCJBBT0FPB75033	t
18557	ZACCJBBT0FPB75035	t
18558	ZACCJBBT0FPB75036	t
18559	ZACCJBCT0FPB75037	t
18560	ZACCJABT0FPB75038	t
18561	ZACCJBBT0FPB75043	t
18562	ZACCJBBT0FPB75044	t
18563	ZACCJBDT0FPB75045	t
18564	ZACCJBBT0FPB75046	t
18565	ZACCJBBT0FPB75047	t
18566	ZACCJBBT0FPB75049	t
18567	ZACCJBCT0FPB75050	t
18568	ZACCJBCT0FPB75052	t
18569	ZACCJABT0FPB75053	t
18570	ZACCJBCT0FPB75054	t
18571	ZACCJBCT0FPB75056	t
18572	ZACCJBBT0FPB75057	t
18573	ZACCJBBT0FPB75058	t
18574	ZACCJBCT0FPB75060	t
18575	ZACCJBBT0FPB75061	t
18576	ZACCJABT0FPB75062	t
18577	ZACCJBBT0FPB75063	t
18578	ZACCJABT0FPB75064	t
18579	ZACCJBCT0FPB75065	t
18580	ZACCJBCT0FPB75067	t
18581	ZACCJBBT0FPB75068	t
18582	ZACCJBBT0FPB75070	t
18583	ZACCJBBT0FPB75072	t
18584	ZACCJBCT0FPB75073	t
18585	ZACCJBCT0FPB75075	t
18586	ZACCJBCT0FPB75076	t
18587	ZACCJABT0FPB75077	t
18588	ZACCJBBT0FPB75078	t
18589	ZACCJBBT0FPB75079	t
18590	ZACCJBBT0FPB75080	t
18591	ZACCJBDT0FPB75081	t
18592	ZACCJBBT0FPB75082	t
18593	ZACCJBCT0FPB75083	t
18594	ZACCJBDT0FPB75087	t
18595	ZACCJABT0FPB75088	t
18596	ZACCJBCT0FPB75090	t
18597	ZACCJBCT0FPB75092	t
18598	ZACCJBCT0FPB75093	t
18599	ZACCJBCT0FPB75095	t
18600	ZACCJBCT0FPB75096	t
18601	ZACCJBCT0FPB75097	t
18602	ZACCJABT0FPB75099	t
18603	ZACCJBBT0FPB75100	t
18604	ZACCJABT0FPB75101	t
18605	ZACCJADT0FPB75102	t
18606	ZACCJBCT0FPB75103	t
18607	ZACCJBBT0FPB75105	t
18608	ZACCJBBT0FPB75109	t
18609	ZACCJBCT0FPB75110	t
18610	ZACCJABT0FPB75112	t
18611	ZACCJBDT0FPB75116	t
18612	ZACCJBDT0FPB75120	t
18613	ZACCJBDT0FPB75123	t
18614	ZACCJABT0FPB75124	t
18615	ZACCJBBT0FPB75126	t
18616	ZACCJBBT0FPB75128	t
18617	ZACCJBBT0FPB75130	t
18618	ZACCJBCT0FPB75132	t
18619	ZACCJBDT0FPB75133	t
18620	ZACCJBBT0FPB75134	t
18621	ZACCJADT0FPB75136	t
18622	ZACCJABT0FPB75137	t
18623	ZACCJABT0FPB75139	t
18624	ZACCJBBT0FPB75141	t
18625	ZACCJBBT0FPB75142	t
18626	ZACCJBCT0FPB75144	t
18627	ZACCJBDT0FPB75146	t
18628	ZACCJADT0FPB75147	t
18629	ZACCJBBT0FPB75148	t
18630	ZACCJBBT0FPB75149	t
18631	ZACCJABT0FPB75151	t
18632	ZACCJBBT0FPB75152	t
18633	ZACCJBCT0FPB75156	t
18634	ZACCJABT0FPB75158	t
18635	ZACCJBBT0FPB75159	t
18636	ZACCJBBT0FPB75163	t
18637	ZACCJABT0FPB75165	t
18638	ZACCJABT0FPB75167	t
18639	ZACCJBCT0FPB75169	t
18640	ZACCJABT0FPB75171	t
18641	ZACCJBCT0FPB75174	t
18642	ZACCJABT0FPB75175	t
18643	ZACCJBCT0FPB75177	t
18644	ZACCJBBT0FPB75178	t
18645	ZACCJABT0FPB75179	t
18646	ZACCJBDT0FPB75180	t
18647	ZACCJBBT0FPB75181	t
18648	ZACCJADT0FPB75182	t
18649	ZACCJBBT0FPB75183	t
18650	ZACCJBBT0FPB75184	t
18651	ZACCJABT0FPB75185	t
18652	ZACCJABT0FPB75188	t
18653	ZACCJBCT0FPB75192	t
18654	ZACCJABT0FPB75194	t
18655	ZACCJBDT0FPB75196	t
18656	ZACCJABT0FPB75201	t
18657	ZACCJBBT0FPB75203	t
18658	ZACCJBBT0FPB75205	t
18659	ZACCJABT0FPB75206	t
18660	ZACCJBCT0FPB75209	t
18661	ZACCJBBT0FPB75210	t
18662	ZACCJBBT0FPB75214	t
18663	ZACCJBBT0FPB75215	t
18664	ZACCJBBT0FPB75216	t
18665	ZACCJBBT0FPB75217	t
18666	ZACCJABT0FPB75219	t
18667	ZACCJABT0FPB75220	t
18668	ZACCJABT0FPB75222	t
18669	ZACCJBCT0FPB75223	t
18670	ZACCJBCT0FPB75224	t
18671	ZACCJBCT0FPB75225	t
18672	ZACCJBBT0FPB75228	t
18673	ZACCJABT0FPB75232	t
18674	ZACCJABT0FPB75233	t
18675	ZACCJABT0FPB75234	t
18676	ZACCJABT0FPB75235	t
18677	ZACCJBBT0FPB75236	t
18678	ZACCJBBT0FPB75237	t
18679	ZACCJBBT0FPB75240	t
18680	ZACCJBBT0FPB75241	t
18681	ZACCJBBT0FPB75242	t
18682	ZACCJBBT0FPB75243	t
18683	ZACCJBBT0FPB75245	t
18684	ZACCJBBT0FPB75246	t
18685	ZACCJBBT0FPB75247	t
18686	ZACCJABT0FPB75248	t
18687	ZACCJBCT0FPB75252	t
18688	ZACCJBBT0FPB75253	t
18689	ZACCJBBT0FPB75254	t
18690	ZACCJABT0FPB75255	t
18691	ZACCJABT0FPB75256	t
18692	ZACCJBCT0FPB75258	t
18693	ZACCJBBT0FPB75259	t
18694	ZACCJABT0FPB75260	t
18695	ZACCJBBT0FPB75267	t
18696	ZACCJBBT0FPB75268	t
18697	ZACCJABT0FPB75269	t
18698	ZACCJBBT0FPB75271	t
18699	ZACCJBBT0FPB75273	t
18700	ZACCJBBT0FPB75275	t
18701	ZACCJABT0FPB75279	t
18702	ZACCJABT0FPB75280	t
18703	ZACCJABT0FPB75281	t
18704	ZACCJBDT0FPB75283	t
18705	ZACCJAAT0FPB75285	t
18706	ZACCJBBT0FPB75289	t
18707	ZACCJABT0FPB75292	t
18708	ZACCJBDT0FPB75293	t
18709	ZACCJBDT0FPB75294	t
18710	ZACCJABT0FPB75295	t
18711	ZACCJADT0FPB75297	t
18712	ZACCJBDT0FPB75298	t
18713	ZACCJBBT0FPB75299	t
18714	ZACCJABT0FPB75301	t
18715	ZACCJBDT0FPB75302	t
18716	ZACCJADT0FPB75303	t
18717	ZACCJBDT0FPB75304	t
18718	ZACCJBBT0FPB75306	t
18719	ZACCJBDT0FPB75312	t
18720	ZACCJABT0FPB75313	t
18721	ZACCJBBT0FPB75315	t
18722	ZACCJBDT0FPB75317	t
18723	ZACCJBBT0FPB75321	t
18724	ZACCJBBT0FPB75322	t
18725	ZACCJBBT0FPB75323	t
18726	ZACCJABT0FPB75324	t
18727	ZACCJABT0FPB75325	t
18728	ZACCJADT0FPB75326	t
18729	ZACCJBDT0FPB75327	t
18730	ZACCJBDT0FPB75329	t
18731	ZACCJADT0FPB75331	t
18732	ZACCJBDT0FPB75332	t
18733	ZACCJADT0FPB75334	t
18734	ZACCJBBT0FPB75336	t
18735	ZACCJBBT0FPB75338	t
18736	ZACCJABT0FPB75340	t
18737	ZACCJABT0FPB75341	t
18738	ZACCJABT0FPB75342	t
18739	ZACCJBDT0FPB75346	t
18740	ZACCJBBT0FPB75348	t
18741	ZACCJABT0FPB75351	t
18742	ZACCJABT0FPB75352	t
18743	ZACCJABT0FPB75353	t
18744	ZACCJBBT0FPB75356	t
18745	ZACCJABT0FPB75358	t
18746	ZACCJBBT0FPB75359	t
18747	ZACCJABT0FPB75361	t
18748	ZACCJBBT0FPB75362	t
18749	ZACCJABT0FPB75364	t
18750	ZACCJBBT0FPB75370	t
18751	ZACCJABT0FPB75371	t
18752	ZACCJBBT0FPB75373	t
18753	ZACCJBBT0FPB75375	t
18754	ZACCJADT0FPB75377	t
18755	ZACCJBDT0FPB75378	t
18756	ZACCJABT0FPB75379	t
18757	ZACCJABT0FPB75380	t
18758	ZACCJBBT0FPB75382	t
18759	ZACCJABT0FPB75383	t
18760	ZACCJABT0FPB75385	t
18761	ZACCJBBT0FPB75386	t
18762	ZACCJABT0FPB75387	t
18763	ZACCJBBT0FPB75389	t
18764	ZACCJBDT0FPB75391	t
18765	ZACCJABT0FPB75392	t
18766	ZACCJABT0FPB75393	t
18767	ZACCJBBT0FPB75394	t
18768	ZACCJBBT0FPB75398	t
18769	ZACCJBDT0FPB75400	t
18770	ZACCJBBT0FPB75401	t
18771	ZACCJBDT0FPB75402	t
18772	ZACCJADT0FPB75403	t
18773	ZACCJBBT0FPB75404	t
18774	ZACCJBBT0FPB75409	t
18775	ZACCJABT0FPB75411	t
18776	ZACCJBBT0FPB75412	t
18777	ZACCJBDT0FPB75413	t
18778	ZACCJABT0FPB75415	t
18779	ZACCJABT0FPB75417	t
18780	ZACCJADT0FPB75418	t
18781	ZACCJABT0FPB75419	t
18782	ZACCJBBT0FPB75420	t
18783	ZACCJABT0FPB75425	t
18784	ZACCJABT0FPB75426	t
18785	ZACCJBDT0FPB75428	t
18786	ZACCJABT0FPB75429	t
18787	ZACCJADT0FPB75430	t
18788	ZACCJABT0FPB75431	t
18789	ZACCJBBT0FPB75432	t
18790	ZACCJABT0FPB75434	t
18791	ZACCJBCT0FPB75435	t
18792	ZACCJBDT0FPB75436	t
18793	ZACCJBBT0FPB75437	t
18794	ZACCJBCT0FPB75441	t
18795	ZACCJBBT0FPB75444	t
18796	ZACCJABT0FPB75446	t
18797	ZACCJBDT0FPB75447	t
18798	ZACCJBBT0FPB75448	t
18799	ZACCJBCT0FPB75450	t
18800	ZACCJBBT0FPB75451	t
18801	ZACCJBCT0FPB75455	t
18802	ZACCJBCT0FPB75456	t
18803	ZACCJBCT0FPB75457	t
18804	ZACCJAAT0FPB75461	t
18805	ZACCJAAT0FPB75466	t
18806	ZACCJABT0FPB75467	t
18807	ZACCJBBT0FPB75469	t
18808	ZACCJBCT0FPB75471	t
18809	ZACCJBBT0FPB75472	t
18810	ZACCJBBT0FPB75474	t
18811	ZACCJBBT0FPB75475	t
18812	ZACCJADT0FPB75477	t
18813	ZACCJBBT0FPB75478	t
18814	ZACCJBBT0FPB75479	t
18815	ZACCJBBT0FPB75480	t
18816	ZACCJAAT0FPB75481	t
18817	ZACCJBCT0FPB75482	t
18818	ZACCJABT0FPB75484	t
18819	ZACCJADT0FPB75485	t
18820	ZACCJADT0FPB75486	t
18821	ZACCJBBT0FPB75490	t
18822	ZACCJBBT0FPB75491	t
18823	ZACCJAAT0FPB75492	t
18824	ZACCJBCT0FPB75494	t
18825	ZACCJBDT0FPB75496	t
18826	ZACCJBBT0FPB75497	t
18827	ZACCJBBT0FPB75498	t
18828	ZACCJBCT0FPB75500	t
18829	ZACCJBCT0FPB75502	t
18830	ZACCJBBT0FPB75507	t
18831	ZACCJABT0FPB75516	t
18832	ZACCJBBT0FPB75517	t
18833	ZACCJBBT0FPB75519	t
18834	ZACCJBBT0FPB75520	t
18835	ZACCJBBT0FPB75523	t
18836	ZACCJABT0FPB75524	t
18837	ZACCJBBT0FPB75525	t
18838	ZACCJABT0FPB75527	t
18839	ZACCJABT0FPB75529	t
18840	ZACCJBBT0FPB75532	t
18841	ZACCJBBT0FPB75536	t
18842	ZACCJBCT0FPB75537	t
18843	ZACCJBCT0FPB75538	t
18844	ZACCJBBT0FPB75542	t
18845	ZACCJBCT0FPB75544	t
18846	ZACCJBCT0FPB75545	t
18847	ZACCJBBT0FPB75546	t
18848	ZACCJBBT0FPB75547	t
18849	ZACCJBCT0FPB75548	t
18850	ZACCJBBT0FPB75549	t
18851	ZACCJBBT0FPB75551	t
18852	ZACCJBCT0FPB75553	t
18853	ZACCJBCT0FPB75554	t
18854	ZACCJABT0FPB75555	t
18855	ZACCJBCT0FPB75559	t
18856	ZACCJABT0FPB75560	t
18857	ZACCJADT0FPB75561	t
18858	ZACCJBCT0FPB75563	t
18859	ZACCJAAT0FPB75564	t
18860	ZACCJBBT0FPB75566	t
18861	ZACCJBCT0FPB75568	t
18862	ZACCJBBT0FPB75572	t
18863	ZACCJABT0FPB75576	t
18864	ZACCJADT0FPB75577	t
18865	ZACCJBBT0FPB75583	t
18866	ZACCJBBT0FPB75584	t
18867	ZACCJBBT0FPB75585	t
18868	ZACCJABT0FPB75591	t
18869	ZACCJBCT0FPB75592	t
18870	ZACCJBCT0FPB75593	t
18871	ZACCJBBT0FPB75594	t
18872	ZACCJBBT0FPB75596	t
18873	ZACCJBBT0FPB75598	t
18874	ZACCJBBT0FPB75599	t
18875	ZACCJBBT0FPB75601	t
18876	ZACCJBBT0FPB75603	t
18877	ZACCJADT0FPB75604	t
18878	ZACCJBDT0FPB75606	t
18879	ZACCJBCT0FPB75608	t
18880	ZACCJBBT0FPB75609	t
18881	ZACCJAAT0FPB75610	t
18882	ZACCJAAT0FPB75611	t
18883	ZACCJBDT0FPB75612	t
18884	ZACCJBBT0FPB75613	t
18885	ZACCJBBT0FPB75618	t
18886	ZACCJBCT0FPB75619	t
18887	ZACCJBBT0FPB75620	t
18888	ZACCJABT0FPB75622	t
18889	ZACCJBCT0FPB75627	t
18890	ZACCJBCT0FPB75628	t
18891	ZACCJBBT0FPB75629	t
18892	ZACCJAAT0FPB75630	t
18893	ZACCJADT0FPB75631	t
18894	ZACCJBBT0FPB75632	t
18895	ZACCJBBT0FPB75633	t
18896	ZACCJABT0FPB75637	t
18897	ZACCJBBT0FPB75639	t
18898	ZACCJABT0FPB75640	t
18899	ZACCJBDT0FPB75641	t
18900	ZACCJAAH0FPB75642	t
18901	ZACCJAAH0FPB75644	t
18902	ZACCJBCT0FPB75645	t
18903	ZACCJBBT0FPB75646	t
18904	ZACCJBBT0FPB75647	t
18905	ZACCJBBT0FPB75648	t
18906	ZACCJBBT0FPB75649	t
18907	ZACCJBBT0FPB75650	t
18908	ZACCJADT0FPB75651	t
18909	ZACCJBCT0FPB75652	t
18910	ZACCJBBT0FPB75653	t
18911	ZACCJBBT0FPB75656	t
18912	ZACCJBBT0FPB75658	t
18913	ZACCJBDT0FPB75660	t
18914	ZACCJBBT0FPB75661	t
18915	ZACCJBBT0FPB75662	t
18916	ZACCJAAT0FPB75663	t
18917	ZACCJAAH0FPB75664	t
18918	ZACCJABT0FPB75666	t
18919	ZACCJBBT0FPB75667	t
18920	ZACCJBBT0FPB75671	t
18921	ZACCJBBT0FPB75674	t
18922	ZACCJBDT0FPB75675	t
18923	ZACCJBBT0FPB75676	t
18924	ZACCJBBT0FPB75677	t
18925	ZACCJBBT0FPB75679	t
18926	ZACCJAAT0FPB75680	t
18927	ZACCJBCT0FPB75681	t
18928	ZACCJAAT0FPB75684	t
18929	ZACCJBBT0FPB75685	t
18930	ZACCJABT0FPB75686	t
18931	ZACCJAAT0FPB75689	t
18932	ZACCJBBT0FPB75690	t
18933	ZACCJBCT0FPB75691	t
18934	ZACCJAAT0FPB75692	t
18935	ZACCJBCT0FPB75694	t
18936	ZACCJABT0FPB75695	t
18937	ZACCJAAT0FPB75696	t
18938	ZACCJBBT0FPB75697	t
18939	ZACCJAAT0FPB75698	t
18940	ZACCJABT0FPB75699	t
18941	ZACCJABT0FPB75700	t
18942	ZACCJBCT0FPB75701	t
18943	ZACCJBBT0FPB75703	t
18944	ZACCJBBT0FPB75704	t
18945	ZACCJAAT0FPB75706	t
18946	ZACCJAAT0FPB75708	t
18947	ZACCJAAT0FPB75709	t
18948	ZACCJBCT0FPB75710	t
18949	ZACCJAAT0FPB75712	t
18950	ZACCJAAT0FPB75713	t
18951	ZACCJBCT0FPB75714	t
18952	ZACCJBBT0FPB75715	t
18953	ZACCJBBT0FPB75717	t
18954	ZACCJAAT0FPB75718	t
18955	ZACCJAAT0FPB75720	t
18956	ZACCJAAT0FPB75721	t
18957	ZACCJAAT0FPB75723	t
18958	ZACCJAAT0FPB75724	t
18959	ZACCJBDT0FPB75725	t
18960	ZACCJAAT0FPB75727	t
18961	ZACCJBDT0FPB75729	t
18962	ZACCJAAT0FPB75730	t
18963	ZACCJAAT0FPB75731	t
18964	ZACCJBBT0FPB75732	t
18965	ZACCJBBT0FPB75733	t
18966	ZACCJABT0FPB75734	t
18967	ZACCJAAT0FPB75735	t
18968	ZACCJBDT0FPB75736	t
18969	ZACCJBBT0FPB75737	t
18970	ZACCJBBT0FPB75738	t
18971	ZACCJBDT0FPB75739	t
18972	ZACCJAAH0FPB75740	t
18973	ZACCJBDT0FPB75741	t
18974	ZACCJBBT0FPB75742	t
18975	ZACCJBBT0FPB75743	t
18976	ZACCJABH0FPB75744	t
18977	ZACCJAAT0FPB75745	t
18978	ZACCJBDT0FPB75746	t
18979	ZACCJABT0FPB75748	t
18980	ZACCJBCT0FPB75754	t
18981	ZACCJADT0FPB75755	t
18982	ZACCJADT0FPB75756	t
18983	ZACCJBBT0FPB75757	t
18984	ZACCJBBT0FPB75758	t
18985	ZACCJADT0FPB75759	t
18986	ZACCJBBT0FPB75761	t
18987	ZACCJABT0FPB75762	t
18988	ZACCJABH0FPB75763	t
18989	ZACCJABH0FPB75764	t
18990	ZACCJBCT0FPB75768	t
18991	ZACCJABT0FPB75770	t
18992	ZACCJBBH0FPB75772	t
18993	ZACCJBBT0FPB75774	t
18994	ZACCJABT0FPB75775	t
18995	ZACCJBBT0FPB75778	t
18996	ZACCJADT0FPB75780	t
18997	ZACCJABT0FPB75781	t
18998	ZACCJABT0FPB75783	t
18999	ZACCJABT0FPB75786	t
19000	ZACCJBBT0FPB75788	t
19001	ZACCJADT0FPB75790	t
19002	ZACCJADT0FPB75791	t
19003	ZACCJBCT0FPB75792	t
19004	ZACCJABH0FPB75793	t
19005	ZACCJADT0FPB75794	t
19006	ZACCJABT0FPB75795	t
19007	ZACCJADT0FPB75796	t
19008	ZACCJABH0FPB75797	t
19009	ZACCJABT0FPB75798	t
19010	ZACCJABT0FPB75799	t
19011	ZACCJBBT0FPB75800	t
19012	ZACCJAAH0FPB75801	t
19013	ZACCJBBT0FPB75802	t
19014	ZACCJAAT0FPB75804	t
19015	ZACCJBBT0FPB75806	t
19016	ZACCJBBT0FPB75807	t
19017	ZACCJBCT0FPB75809	t
19018	ZACCJBBT0FPB75810	t
19019	ZACCJBDT0FPB75813	t
19020	ZACCJABT0FPB75814	t
19021	ZACCJBBT0FPB75815	t
19022	ZACCJBDT0FPB75817	t
19023	ZACCJADT0FPB75818	t
19024	ZACCJBCT0FPB75821	t
19025	ZACCJBBT0FPB75822	t
19026	ZACCJABT0FPB75823	t
19027	ZACCJBBH0FPB75824	t
19028	ZACCJABH0FPB75825	t
19029	ZACCJABT0FPB75826	t
19030	ZACCJBCT0FPB75827	t
19031	ZACCJBCT0FPB75828	t
19032	ZACCJABT0FPB75829	t
19033	ZACCJBDT0FPB75830	t
19034	ZACCJBBT0FPB75831	t
19035	ZACCJABT0FPB75832	t
19036	ZACCJADT0FPB75833	t
19037	ZACCJBBT0FPB75838	t
19038	ZACCJBBT0FPB75839	t
19039	ZACCJBBT0FPB75840	t
19040	ZACCJBBT0FPB75841	t
19041	ZACCJBBT0FPB75843	t
19042	ZACCJBDT0FPB75844	t
19043	ZACCJBBT0FPB75845	t
19044	ZACCJADT0FPB75846	t
19045	ZACCJABH0FPB75847	t
19046	ZACCJBDT0FPB75849	t
19047	ZACCJAAH0FPB75850	t
19048	ZACCJADT0FPB75852	t
19049	ZACCJADT0FPB75853	t
19050	ZACCJADT0FPB75854	t
19051	ZACCJADT0FPB75855	t
19052	ZACCJADT0FPB75857	t
19053	ZACCJADT0FPB75858	t
19054	ZACCJBBT0FPB75859	t
19055	ZACCJBDT0FPB75860	t
19056	ZACCJADT0FPB75861	t
19057	ZACCJBBT0FPB75862	t
19058	ZACCJBDT0FPB75864	t
19059	ZACCJADT0FPB75865	t
19060	ZACCJBBT0FPB75866	t
19061	ZACCJBBT0FPB75868	t
19062	ZACCJADT0FPB75870	t
19063	ZACCJBBT0FPB75871	t
19064	ZACCJBDT0FPB75874	t
19065	ZACCJABT0FPB75876	t
19066	ZACCJBDT0FPB75878	t
19067	ZACCJBBT0FPB75880	t
19068	ZACCJBBT0FPB75881	t
19069	ZACCJBBT0FPB75884	t
19070	ZACCJBDT0FPB75885	t
19071	ZACCJADT0FPB75886	t
19072	ZACCJABT0FPB75888	t
19073	ZACCJBDT0FPB75890	t
19074	ZACCJADT0FPB75891	t
19075	ZACCJBBH0FPB75892	t
19076	ZACCJBBT0FPB75895	t
19077	ZACCJBBH0FPB75896	t
19078	ZACCJADT0FPB75899	t
19079	ZACCJABT0FPB75900	t
19080	ZACCJBBT0FPB75902	t
19081	ZACCJBCT0FPB75904	t
19082	ZACCJBBT0FPB75905	t
19083	ZACCJBBT0FPB75907	t
19084	ZACCJBBT0FPB75908	t
19085	ZACCJBBT0FPB75909	t
19086	ZACCJABT0FPB75910	t
19087	ZACCJABT0FPB75912	t
19088	ZACCJBBT0FPB75913	t
19089	ZACCJADT0FPB75914	t
19090	ZACCJABT0FPB75915	t
19091	ZACCJBBT0FPB75916	t
19092	ZACCJADT0FPB75917	t
19093	ZACCJBCT0FPB75918	t
19094	ZACCJBCT0FPB75919	t
19095	ZACCJABT0FPB75920	t
19096	ZACCJBCT0FPB75921	t
19097	ZACCJBBT0FPB75922	t
19098	ZACCJBBT0FPB75924	t
19099	ZACCJBDT0FPB75926	t
19100	ZACCJBBT0FPB75928	t
19101	ZACCJAAT0FPB75929	t
19102	ZACCJBBT0FPB75930	t
19103	ZACCJABT0FPB75934	t
19104	ZACCJBCT0FPB75935	t
19105	ZACCJBBT0FPB75936	t
19106	ZACCJAAT0FPB75937	t
19107	ZACCJBBT0FPB75938	t
19108	ZACCJBBT0FPB75939	t
19109	ZACCJBCT0FPB75940	t
19110	ZACCJBBT0FPB75942	t
19111	ZACCJBDT0FPB75943	t
19112	ZACCJAAT0FPB75945	t
19113	ZACCJABT0FPB75947	t
19114	ZACCJBBT0FPB75949	t
19115	ZACCJBBT0FPB75951	t
19116	ZACCJBBT0FPB75952	t
19117	ZACCJAAH0FPB75953	t
19118	ZACCJBDT0FPB75957	t
19119	ZACCJAAH0FPB75958	t
19120	ZACCJABH0FPB75962	t
19121	ZACCJAAH0FPB75963	t
19122	ZACCJAAH0FPB75964	t
19123	ZACCJBBH0FPB75965	t
19124	ZACCJBBH0FPB75966	t
19125	ZACCJBBH0FPB75969	t
19126	ZACCJABH0FPB75971	t
19127	ZACCJAAH0FPB75972	t
19128	ZACCJAAH0FPB75973	t
19129	ZACCJBAH0FPB75976	t
19130	ZACCJAAH0FPB75977	t
19131	ZACCJAAH0FPB75978	t
19132	ZACCJAAH0FPB75979	t
19133	ZACCJBAH0FPB75981	t
19134	ZACCJABH0FPB75982	t
19135	ZACCJBAH0FPB75983	t
19136	ZACCJBAH0FPB75985	t
19137	ZACCJBBH0FPB75987	t
19138	ZACCJAAH0FPB75990	t
19139	ZACCJBAH0FPB75991	t
19140	ZACCJABH0FPB75993	t
19141	ZACCJAAH0FPB75995	t
19142	ZACCJAAH0FPB75996	t
19143	ZACCJBAH0FPB75997	t
19144	ZACCJBAH0FPB75998	t
19145	ZACCJBAH0FPB75999	t
19146	ZACCJABH0FPB76000	t
19147	ZACCJBAH0FPB76001	t
19148	ZACCJABH0FPB76003	t
19149	ZACCJAAH0FPB76004	t
19150	ZACCJBBH0FPB76005	t
19151	ZACCJBCT0FPB76006	t
19152	ZACCJBBH0FPB76007	t
19153	ZACCJBCT0FPB76008	t
19154	ZACCJBBH0FPB76010	t
19155	ZACCJBBH0FPB76012	t
19156	ZACCJBBH0FPB76013	t
19157	ZACCJABT0FPB76014	t
19158	ZACCJBCT0FPB76015	t
19159	ZACCJAAT0FPB76017	t
19160	ZACCJBBT0FPB76020	t
19161	ZACCJBCT0FPB76021	t
19162	ZACCJABT0FPB76022	t
19163	ZACCJBBT0FPB76023	t
19164	ZACCJAAH0FPB76025	t
19165	ZACCJBBH0FPB76028	t
19166	ZACCJBBH0FPB76029	t
19167	ZACCJABT0FPB76031	t
19168	ZACCJBAH0FPB76033	t
19169	ZACCJBBT0FPB76034	t
19170	ZACCJBBT0FPB76035	t
19171	ZACCJBBT0FPB76036	t
19172	ZACCJBBT0FPB76037	t
19173	ZACCJBBT0FPB76038	t
19174	ZACCJBCT0FPB76039	t
19175	ZACCJBBT0FPB76040	t
19176	ZACCJBBT0FPB76041	t
19177	ZACCJBBT0FPB76043	t
19178	ZACCJBBH0FPB76044	t
19179	ZACCJBBT0FPB76046	t
19180	ZACCJAAT0FPB76049	t
19181	ZACCJBBT0FPB76050	t
19182	ZACCJABH0FPB76051	t
19183	ZACCJBBT0FPB76052	t
19184	ZACCJBCT0FPB76054	t
19185	ZACCJBBT0FPB76055	t
19186	ZACCJBBT0FPB76058	t
19187	ZACCJABT0FPB76059	t
19188	ZACCJABT0FPB76060	t
19189	ZACCJBBT0FPB76063	t
19190	ZACCJBBT0FPB76064	t
19191	ZACCJAAT0FPB76065	t
19192	ZACCJBDT0FPB76066	t
19193	ZACCJAAT0FPB76068	t
19194	ZACCJAAT0FPB76069	t
19195	ZACCJAAH0FPB76071	t
19196	ZACCJBBT0FPB76073	t
19197	ZACCJBBT0FPB76074	t
19198	ZACCJABT0FPB76075	t
19199	ZACCJBBT0FPB76077	t
19200	ZACCJADT0FPB76078	t
19201	ZACCJBBT0FPB76079	t
19202	ZACCJBBT0FPB76080	t
19203	ZACCJBCT0FPB76081	t
19204	ZACCJABT0FPB76083	t
19205	ZACCJBCT0FPB76084	t
19206	ZACCJBCT0FPB76087	t
19207	ZACCJBBT0FPB76088	t
19208	ZACCJBBH0FPB76089	t
19209	ZACCJBBT0FPB76090	t
19210	ZACCJBBT0FPB76091	t
19211	ZACCJBBT0FPB76092	t
19212	ZACCJBBT0FPB76094	t
19213	ZACCJAAT0FPB76095	t
19214	ZACCJBBT0FPB76096	t
19215	ZACCJBBT0FPB76097	t
19216	ZACCJBBT0FPB76098	t
19217	ZACCJAAT0FPB76099	t
19218	ZACCJBBT0FPB76100	t
19219	ZACCJABT0FPB76101	t
19220	ZACCJBBT0FPB76102	t
19221	ZACCJAAT0FPB76103	t
19222	ZACCJAAT0FPB76104	t
19223	ZACCJBBT0FPB76105	t
19224	ZACCJAAH0FPB76106	t
19225	ZACCJABT0FPB76107	t
19226	ZACCJBBT0FPB76108	t
19227	ZACCJAAT0FPB76109	t
19228	ZACCJAAT0FPB76110	t
19229	ZACCJBDT0FPB76111	t
19230	ZACCJABT0FPB76112	t
19231	ZACCJBBT0FPB76113	t
19232	ZACCJBBT0FPB76114	t
19233	ZACCJABT0FPB76115	t
19234	ZACCJBBT0FPB76116	t
19235	ZACCJABT0FPB76117	t
19236	ZACCJBBT0FPB76118	t
19237	ZACCJAAT0FPB76120	t
19238	ZACCJBDT0FPB76121	t
19239	ZACCJBBH0FPB76122	t
19240	ZACCJAAT0FPB76125	t
19241	ZACCJBCT0FPB76126	t
19242	ZACCJBBT0FPB76127	t
19243	ZACCJABH0FPB76128	t
19244	ZACCJBBT0FPB76129	t
19245	ZACCJAAT0FPB76130	t
19246	ZACCJBBT0FPB76132	t
19247	ZACCJBCT0FPB76133	t
19248	ZACCJBBT0FPB76134	t
19249	ZACCJBDT0FPB76135	t
19250	ZACCJBBT0FPB76136	t
19251	ZACCJBDT0FPB76137	t
19252	ZACCJBBT0FPB76138	t
19253	ZACCJAAT0FPB76139	t
19254	ZACCJABT0FPB76140	t
19255	ZACCJBBT0FPB76141	t
19256	ZACCJBBH0FPB76142	t
19257	ZACCJBDT0FPB76144	t
19258	ZACCJBAT0FPB76145	t
19259	ZACCJBBT0FPB76146	t
19260	ZACCJBAT0FPB76147	t
19261	ZACCJBDT0FPB76148	t
19262	ZACCJBBT0FPB76149	t
19263	ZACCJBBT0FPB76150	t
19264	ZACCJBCT0FPB76151	t
19265	ZACCJBBT0FPB76152	t
19266	ZACCJBBT0FPB76153	t
19267	ZACCJBAH0FPB76154	t
19268	ZACCJBBT0FPB76156	t
19269	ZACCJBBT0FPB76158	t
19270	ZACCJBBT0FPB76159	t
19271	ZACCJBCT0FPB76160	t
19272	ZACCJBBT0FPB76161	t
19273	ZACCJBBT0FPB76162	t
19274	ZACCJBBT0FPB76163	t
19275	ZACCJBBT0FPB76164	t
19276	ZACCJBAH0FPB76166	t
19277	ZACCJBBT0FPB76167	t
19278	ZACCJBAH0FPB76168	t
19279	ZACCJBBT0FPB76169	t
19280	ZACCJBDT0FPB76171	t
19281	ZACCJBBT0FPB76172	t
19282	ZACCJBAH0FPB76174	t
19283	ZACCJBBT0FPB76175	t
19284	ZACCJBBT0FPB76176	t
19285	ZACCJBBT0FPB76177	t
19286	ZACCJBBT0FPB76178	t
19287	ZACCJBBT0FPB76179	t
19288	ZACCJBDT0FPB76182	t
19289	ZACCJBBT0FPB76183	t
19290	ZACCJBBT0FPB76184	t
19291	ZACCJBBT0FPB76186	t
19292	ZACCJBDT0FPB76188	t
19293	ZACCJBBT0FPB76189	t
19294	ZACCJBBT0FPB76192	t
19295	ZACCJADT0FPB76193	t
19296	ZACCJBDT0FPB76194	t
19297	ZACCJBDT0FPB76195	t
19298	ZACCJBBT0FPB76196	t
19299	ZACCJBDT0FPB76197	t
19300	ZACCJBBT0FPB76198	t
19301	ZACCJBDT0FPB76199	t
19302	ZACCJABT0FPB76201	t
19303	ZACCJBBT0FPB76202	t
19304	ZACCJABT0FPB76204	t
19305	ZACCJABT0FPB76207	t
19306	ZACCJADT0FPB76208	t
19307	ZACCJABT0FPB76210	t
19308	ZACCJABT0FPB76211	t
19309	ZACCJBCT0FPB76212	t
19310	ZACCJBBH0FPB76213	t
19311	ZACCJABT0FPB76214	t
19312	ZACCJABT0FPB76216	t
19313	ZACCJBCT0FPB76218	t
19314	ZACCJABT0FPB76219	t
19315	ZACCJADT0FPB76221	t
19316	ZACCJBBT0FPB76223	t
19317	ZACCJBBT0FPB76225	t
19318	ZACCJBBT0FPB76229	t
19319	ZACCJBCT0FPB76230	t
19320	ZACCJABT0FPB76235	t
19321	ZACCJABT0FPB76236	t
19322	ZACCJBBT0FPB76237	t
19323	ZACCJBBT0FPB76239	t
19324	ZACCJBCT0FPB76242	t
19325	ZACCJBDT0FPB76243	t
19326	ZACCJADT0FPB76244	t
19327	ZACCJBBT0FPB76246	t
19328	ZACCJABT0FPB76247	t
19329	ZACCJBCT0FPB76248	t
19330	ZACCJBBT0FPB76250	t
19331	ZACCJBCT0FPB76253	t
19332	ZACCJBBH0FPB76254	t
19333	ZACCJBCT0FPB76255	t
19334	ZACCJBDT0FPB76256	t
19335	ZACCJBDT0FPB76257	t
19336	ZACCJBCT0FPB76259	t
19337	ZACCJBCT0FPB76260	t
19338	ZACCJABT0FPB76261	t
19339	ZACCJABT0FPB76263	t
19340	ZACCJBBT0FPB76267	t
19341	ZACCJABT0FPB76270	t
19342	ZACCJBBT0FPB76273	t
19343	ZACCJBBT0FPB76275	t
19344	ZACCJBCT0FPB76276	t
19345	ZACCJBDT0FPB76278	t
19346	ZACCJBCT0FPB76279	t
19347	ZACCJBBT0FPB76280	t
19348	ZACCJABT0FPB76281	t
19349	ZACCJABT0FPB76283	t
19350	ZACCJABT0FPB76284	t
19351	ZACCJABT0FPB76285	t
19352	ZACCJBBT0FPB76287	t
19353	ZACCJABT0FPB76290	t
19354	ZACCJAAT0FPB76292	t
19355	ZACCJBBH0FPB76293	t
19356	ZACCJABT0FPB76294	t
19357	ZACCJBBT0FPB76296	t
19358	ZACCJABT0FPB76297	t
19359	ZACCJABT0FPB76302	t
19360	ZACCJABT0FPB76303	t
19361	ZACCJBDT0FPB76304	t
19362	ZACCJBBT0FPB76307	t
19363	ZACCJBCT0FPB76308	t
19364	ZACCJBCT0FPB76313	t
19365	ZACCJBBT0FPB76314	t
19366	ZACCJBBT0FPB76316	t
19367	ZACCJBCT0FPB76317	t
19368	ZACCJBBT0FPB76318	t
19369	ZACCJABT0FPB76321	t
19370	ZACCJBDT0FPB76323	t
19371	ZACCJABH0FPB76324	t
19372	ZACCJBCT0FPB76325	t
19373	ZACCJBDT0FPB76328	t
19374	ZACCJABT0FPB76330	t
19375	ZACCJBCT0FPB76332	t
19376	ZACCJBDT0FPB76333	t
19377	ZACCJBCT0FPB76334	t
19378	ZACCJABT0FPB76337	t
19379	ZACCJAAT0FPB76341	t
19380	ZACCJABT0FPB76342	t
19381	ZACCJABH0FPB76348	t
19382	ZACCJABH0FPB76349	t
19383	ZACCJABT0FPB76350	t
19384	ZACCJABT0FPB76353	t
19385	ZACCJABH0FPB76354	t
19386	ZACCJABT0FPB76357	t
19387	ZACCJBCT0FPB76362	t
19388	ZACCJABT0FPB76365	t
19389	ZACCJAAT0FPB76366	t
19390	ZACCJABT0FPB76367	t
19391	ZACCJABT0FPB76368	t
19392	ZACCJABH0FPB76370	t
19393	ZACCJAAT0FPB76371	t
19394	ZACCJBAT0FPB76373	t
19395	ZACCJAAT0FPB76374	t
19396	ZACCJABH0FPB76376	t
19397	ZACCJBAT0FPB76377	t
19398	ZACCJBAT0FPB76378	t
19399	ZACCJABT0FPB76379	t
19400	ZACCJABT0FPB76382	t
19401	ZACCJABT0FPB76383	t
19402	ZACCJABT0FPB76384	t
19403	ZACCJAAT0FPB76385	t
19404	ZACCJBCT0FPB76386	t
19405	ZACCJBBT0FPB76387	t
19406	ZACCJABT0FPB76388	t
19407	ZACCJBBT0FPB76389	t
19408	ZACCJABH0FPB76390	t
19409	ZACCJBBT0FPB76392	t
19410	ZACCJABT0FPB76393	t
19411	ZACCJBCT0FPB76394	t
19412	ZACCJBCT0FPB76396	t
19413	ZACCJABT0FPB76397	t
19414	ZACCJBDT0FPB76398	t
19415	ZACCJBCT0FPB76400	t
19416	ZACCJBCT0FPB76401	t
19417	ZACCJABT0FPB76402	t
19418	ZACCJBCT0FPB76403	t
19419	ZACCJBCT0FPB76404	t
19420	ZACCJAAT0FPB76405	t
19421	ZACCJADT0FPB76406	t
19422	ZACCJAAT0FPB76407	t
19423	ZACCJABT0FPB76408	t
19424	ZACCJABT0FPB76409	t
19425	ZACCJABT0FPB76410	t
19426	ZACCJBAT0FPB76411	t
19427	ZACCJBCT0FPB76414	t
19428	ZACCJABT0FPB76415	t
19429	ZACCJAAH0FPB76416	t
19430	ZACCJABT0FPB76417	t
19431	ZACCJBAT0FPB76419	t
19432	ZACCJBCT0FPB76420	t
19433	ZACCJBAT0FPB76422	t
19434	ZACCJADT0FPB76423	t
19435	ZACCJBCT0FPB76425	t
19436	ZACCJBAT0FPB76426	t
19437	ZACCJADT0FPB76429	t
19438	ZACCJBAT0FPB76430	t
19439	ZACCJBAT0FPB76431	t
19440	ZACCJBBT0FPB76433	t
19441	ZACCJBAT0FPB76434	t
19442	ZACCJBBT0FPB76435	t
19443	ZACCJBBT0FPB76436	t
19444	ZACCJBBT0FPB76437	t
19445	ZACCJBBT0FPB76438	t
19446	ZACCJBBT0FPB76439	t
19447	ZACCJBBT0FPB76440	t
19448	ZACCJBCT0FPB76441	t
19449	ZACCJABT0FPB76442	t
19450	ZACCJBBT0FPB76444	t
19451	ZACCJBBT0FPB76445	t
19452	ZACCJBBT0FPB76446	t
19453	ZACCJBBT0FPB76447	t
19454	ZACCJABT0FPB76448	t
19455	ZACCJABH0FPB76451	t
19456	ZACCJBBT0FPB76452	t
19457	ZACCJBBT0FPB76453	t
19458	ZACCJBBT0FPB76455	t
19459	ZACCJBBT0FPB76456	t
19460	ZACCJBBT0FPB76457	t
19461	ZACCJABT0FPB76460	t
19462	ZACCJABH0FPB76462	t
19463	ZACCJABT0FPB76463	t
19464	ZACCJBBT0FPB76466	t
19465	ZACCJBBT0FPB76467	t
19466	ZACCJBBT0FPB76468	t
19467	ZACCJBCT0FPB76469	t
19468	ZACCJABT0FPB76470	t
19469	ZACCJBBT0FPB76471	t
19470	ZACCJBAT0FPB76472	t
19471	ZACCJABT0FPB76473	t
19472	ZACCJBBT0FPB76475	t
19473	ZACCJBAT0FPB76476	t
19474	ZACCJBAT0FPB76477	t
19475	ZACCJBBT0FPB76478	t
19476	ZACCJABT0FPB76479	t
19477	ZACCJABT0FPB76480	t
19478	ZACCJBBT0FPB76481	t
19479	ZACCJBBT0FPB76483	t
19480	ZACCJABT0FPB76484	t
19481	ZACCJBAT0FPB76485	t
19482	ZACCJBAT0FPB76486	t
19483	ZACCJBBT0FPB76487	t
19484	ZACCJABT0FPB76488	t
19485	ZACCJADT0FPB76489	t
19486	ZACCJBAT0FPB76491	t
19487	ZACCJBBT0FPB76492	t
19488	ZACCJBDT0FPB76493	t
19489	ZACCJBAT0FPB76494	t
19490	ZACCJAAT0FPB76495	t
19491	ZACCJBAT0FPB76498	t
19492	ZACCJBBT0FPB76500	t
19493	ZACCJBBH0FPB76502	t
19494	ZACCJBAT0FPB76503	t
19495	ZACCJBDT0FPB76505	t
19496	ZACCJBBH0FPB76506	t
19497	ZACCJABH0FPB76507	t
19498	ZACCJADT0FPB76509	t
19499	ZACCJADT0FPB76510	t
19500	ZACCJBDT0FPB76511	t
19501	ZACCJBAT0FPB76513	t
19502	ZACCJABT0FPB76515	t
19503	ZACCJADT0FPB76517	t
19504	ZACCJABT0FPB76518	t
19505	ZACCJAAT0FPB76519	t
19506	ZACCJAAT0FPB76520	t
19507	ZACCJBAT0FPB76521	t
19508	ZACCJABT0FPB76522	t
19509	ZACCJBBT0FPB76523	t
19510	ZACCJBBT0FPB76524	t
19511	ZACCJBBT0FPB76525	t
19512	ZACCJABH0FPB76526	t
19513	ZACCJBBT0FPB76527	t
19514	ZACCJABT0FPB76528	t
19515	ZACCJADT0FPB76530	t
19516	ZACCJBBT0FPB76531	t
19517	ZACCJBBT0FPB76533	t
19518	ZACCJABT0FPB76534	t
19519	ZACCJBDT0FPB76535	t
19520	ZACCJBBT0FPB76536	t
19521	ZACCJBBT0FPB76538	t
19522	ZACCJBBT0FPB76540	t
19523	ZACCJBBT0FPB76542	t
19524	ZACCJBBT0FPB76543	t
19525	ZACCJABT0FPB76544	t
19526	ZACCJAAT0FPB76547	t
19527	ZACCJBBT0FPB76548	t
19528	ZACCJBDT0FPB76549	t
19529	ZACCJBBT0FPB76550	t
19530	ZACCJBDT0FPB76551	t
19531	ZACCJBBT0FPB76552	t
19532	ZACCJABT0FPB76554	t
19533	ZACCJBBT0FPB76555	t
19534	ZACCJADT0FPB76560	t
19535	ZACCJBBT0FPB76572	t
19536	ZACCJBBT0FPB76573	t
19537	ZACCJBBT0FPB76574	t
19538	ZACCJAAT0FPB76575	t
19539	ZACCJAAT0FPB76583	t
19540	ZACCJBBT0FPB76591	t
19541	ZACCJAAT0FPB76599	t
19542	ZACCJAAT0FPB76605	t
19543	ZACCJBBT0FPB76606	t
19544	ZACCJBBT0FPB76631	t
19545	ZACCJBBT0FPB76632	t
19546	ZACCJBBT0FPB76633	t
19547	ZACCJBDT0FPB76634	t
19548	ZACCJAAT0FPB76635	t
19549	ZACCJBCT0FPB76640	t
19550	ZACCJABH0FPB76644	t
19551	ZACCJBBT0FPB76645	t
19552	ZACCJBDT0FPB76649	t
19553	ZACCJBDT0FPB76650	t
19554	ZACCJBBH0FPB76653	t
19555	ZACCJBDT0FPB76654	t
19556	ZACCJABT0FPB76655	t
19557	ZACCJBBH0FPB76656	t
19558	ZACCJABT0FPB76657	t
19559	ZACCJABT0FPB76658	t
19560	ZACCJABT0FPB76661	t
19561	ZACCJBBH0FPB76663	t
19562	ZACCJBBT0FPB76664	t
19563	ZACCJAAH0FPB76665	t
19564	ZACCJBDT0FPB76668	t
19565	ZACCJBBT0FPB76670	t
19566	ZACCJBBT0FPB76671	t
19567	ZACCJBBT0FPB76674	t
19568	ZACCJBDT0FPB76675	t
19569	ZACCJABT0FPB76676	t
19570	ZACCJBDT0FPB76677	t
19571	ZACCJBBH0FPB76682	t
19572	ZACCJBBT0FPB76683	t
19573	ZACCJBBT0FPB76684	t
19574	ZACCJBBT0FPB76688	t
19575	ZACCJABT0FPB76690	t
19576	ZACCJBBT0FPB76696	t
19577	ZACCJBAH0FPB76698	t
19578	ZACCJBBH0FPB76699	t
19579	ZACCJAAH0FPB76701	t
19580	ZACCJBBT0FPB76703	t
19581	ZACCJBBT0FPB76704	t
19582	ZACCJABH0FPB76706	t
19583	ZACCJBDT0FPB76707	t
19584	ZACCJBBT0FPB76709	t
19585	ZACCJBDT0FPB76710	t
19586	ZACCJABH0FPB76712	t
19587	ZACCJBDT0FPB76714	t
19588	ZACCJBCT0FPB76723	t
19589	ZACCJAAT0FPB76724	t
19590	ZACCJBCT0FPB76727	t
19591	ZACCJBCT0FPB76728	t
19592	ZACCJBBT0FPB76729	t
19593	ZACCJBBT0FPB76730	t
19594	ZACCJAAT0FPB76731	t
19595	ZACCJBBT0FPB76732	t
19596	ZACCJBBT0FPB76734	t
19597	ZACCJBBT0FPB76735	t
19598	ZACCJBCT0FPB76736	t
19599	ZACCJBBT0FPB76737	t
19600	ZACCJBBT0FPB76738	t
19601	ZACCJAAH0FPB76739	t
19602	ZACCJBBT0FPB76740	t
19603	ZACCJBBT0FPB76741	t
19604	ZACCJAAT0FPB76743	t
19605	ZACCJBCT0FPB76744	t
19606	ZACCJBBT0FPB76745	t
19607	ZACCJBBT0FPB76748	t
19608	ZACCJBCT0FPB76749	t
19609	ZACCJAAT0FPB76750	t
19610	ZACCJAAT0FPB76751	t
19611	ZACCJBBT0FPB76753	t
19612	ZACCJAAT0FPB76754	t
19613	ZACCJAAT0FPB76756	t
19614	ZACCJBCT0FPB76758	t
19615	ZACCJAAH0FPB76759	t
19616	ZACCJBCT0FPB76760	t
19617	ZACCJAAT0FPB76761	t
19618	ZACCJABT0FPB76762	t
19619	ZACCJAAH0FPB76763	t
19620	ZACCJBBT0FPB76765	t
19621	ZACCJAAT0FPB76766	t
19622	ZACCJABT0FPB76767	t
19623	ZACCJABT0FPB76768	t
19624	ZACCJABT0FPB76769	t
19625	ZACCJBBT0FPB76770	t
19626	ZACCJAAT0FPB76772	t
19627	ZACCJBBT0FPB76774	t
19628	ZACCJAAT0FPB76775	t
19629	ZACCJBBT0FPB76776	t
19630	ZACCJAAT0FPB76777	t
19631	ZACCJABH0FPB76778	t
19632	ZACCJAAT0FPB76779	t
19633	ZACCJAAT0FPB76780	t
19634	ZACCJBCT0FPB76781	t
19635	ZACCJAAT0FPB76782	t
19636	ZACCJAAT0FPB76783	t
19637	ZACCJABT0FPB76784	t
19638	ZACCJABT0FPB76785	t
19639	ZACCJABT0FPB76786	t
19640	ZACCJBCT0FPB76787	t
19641	ZACCJBCT0FPB76788	t
19642	ZACCJAAT0FPB76790	t
19643	ZACCJABT0FPB76791	t
19644	ZACCJBCT0FPB76792	t
19645	ZACCJABT0FPB76793	t
19646	ZACCJBCT0FPB76794	t
19647	ZACCJAAH0FPB76797	t
19648	ZACCJABT0FPB76799	t
19649	ZACCJABT0FPB76803	t
19650	ZACCJBCT0FPB76806	t
19651	ZACCJABT0FPB76808	t
19652	ZACCJBBT0FPB76809	t
19653	ZACCJABT0FPB76810	t
19654	ZACCJABT0FPB76811	t
19655	ZACCJBCT0FPB76815	t
19656	ZACCJBBH0FPB76816	t
19657	ZACCJBCT0FPB76817	t
19658	ZACCJABT0FPB76819	t
19659	ZACCJBCT0FPB76820	t
19660	ZACCJBCT0FPB76824	t
19661	ZACCJBBT0FPB76825	t
19662	ZACCJBCT0FPB76826	t
19663	ZACCJABT0FPB76827	t
19664	ZFBCFXDT0GP317640	t
19665	ZFBCFXAT0GP320583	t
19666	ZFBCFXAT0GP320958	t
19667	ZFBCFXAT0GP323456	t
19668	ZFBCFXAT0GP323492	t
19669	ZFBCFXAT0GP323504	t
19670	ZFBCFXDT0GP323808	t
19671	ZFBCFXDT0GP323836	t
19672	ZFBCFXCT0GP323844	t
19673	ZFBCFXDT0GP323852	t
19674	ZFBCFXDT0GP323853	t
19675	ZFBCFXBT0GP323854	t
19676	ZFBCFXBT0GP323855	t
19677	ZFBCFXBT0GP323860	t
19678	ZFBCFXBT0GP323861	t
19679	ZFBCFXDT0GP323862	t
19680	ZFBCFXDT0GP323863	t
19681	ZFBCFXAT0GP323865	t
19682	ZFBCFXDT0GP323883	t
19683	ZFBCFXBT0GP323886	t
19684	ZFBCFXAT0GP323892	t
19685	ZFBCFXAT0GP323894	t
19686	ZFBCFXBT0GP323912	t
19687	ZFBCFXAT0GP323913	t
19688	ZFBCFXAT0GP323923	t
19689	ZFBCFXBT0GP323924	t
19690	ZFBCFXAT0GP323931	t
19691	ZFBCFXBT0GP323943	t
19692	ZFBCFXCT0GP323957	t
19693	ZFBCFXBT0GP323958	t
19694	ZFBCFXCT0GP323966	t
19695	ZFBCFXCT0GP323971	t
19696	ZFBCFXDT0GP323975	t
19697	ZFBCFXDT0GP323978	t
19698	ZFBCFXCT0GP324005	t
19699	ZFBCFXCT0GP324008	t
19700	ZFBCFXDT0GP324011	t
19701	ZFBCFXDT0GP324022	t
19702	ZFBCFXCT0GP324034	t
19703	ZFBCFXDT0GP324073	t
19704	ZFBCFXDT0GP324086	t
19705	ZFBCFXCT0GP324154	t
19706	ZFBCFXAT0GP324155	t
19707	ZFBCFXDT0GP324186	t
19708	ZFBCFXCT0GP324193	t
19709	ZFBCFXDT0GP324226	t
19710	ZFBCFXAT0GP324236	t
19711	ZFBCFXDT0GP324237	t
19712	ZFBCFXAT0GP324239	t
19713	ZFBCFXCT0GP324271	t
19714	ZFBCFXDT0GP324363	t
19715	ZFBCFXCT0GP324365	t
19716	ZFBCFXCT0GP324366	t
19717	ZFBCFXCT0GP324384	t
19718	ZFBCFXCT0GP324388	t
19719	ZFBCFXCT0GP324390	t
19720	ZFBCFXBT0GP324397	t
19721	ZFBCFXBT0GP324415	t
19722	ZFBCFYDT0GP324609	t
19723	ZFBCFYDT0GP324610	t
19724	ZFBCFYDT0GP324611	t
19725	ZFBCFYDT0GP324613	t
19726	ZFBCFXAT0GP324617	t
19727	ZFBCFXDT0GP324620	t
19728	ZFBCFYBT0GP324621	t
19729	ZFBCFYDT0GP324622	t
19730	ZFBCFYDT0GP324623	t
19731	ZFBCFYBT0GP324624	t
19732	ZFBCFYDT0GP324626	t
19733	ZFBCFXCT0GP324630	t
19734	ZFBCFXET0GP324634	t
19735	ZFBCFXCT0GP324639	t
19736	ZFBCFYCT0GP324769	t
19737	ZFBCFXCT0GP324770	t
19738	ZFBCFXCT0GP324777	t
19739	ZFBCFYCT0GP324780	t
19740	ZFBCFXCT0GP324784	t
19741	ZFBCFXCT0GP324798	t
19742	ZFBCFYCT0GP324806	t
19743	ZFBCFXCT0GP324809	t
19744	ZFBCFXDT0GP324813	t
19745	ZFBCFXCT0GP324825	t
19746	ZFBCFYCT0GP324829	t
19747	ZFBCFXCT0GP324834	t
19748	ZFBCFYCT0GP324837	t
19749	ZFBCFXCT0GP324839	t
19750	ZFBCFXDT0GP324842	t
19751	ZFBCFXDT0GP324853	t
19752	ZFBCFXAT0GP324990	t
19753	ZFBCFXAT0GP324993	t
19754	ZFBCFYBT0GP324994	t
19755	ZFBCFXAT0GP324999	t
19756	ZFBCFYDT0GP325020	t
19757	ZFBCFYBT0GP325028	t
19758	ZFBCFXCT0GP325033	t
19759	ZFBCFXAT0GP325034	t
19760	ZFBCFXDT0GP325036	t
19761	ZFBCFXCT0GP325039	t
19762	ZFBCFXDT0GP325045	t
19763	ZFBCFYCT0GP325048	t
19764	ZFBCFYCT0GP325049	t
19765	ZFBCFXDT0GP325050	t
19766	ZFBCFYCT0GP325051	t
19767	ZFBCFYDT0GP325053	t
19768	ZFBCFYDT0GP325058	t
19769	ZFBCFYDT0GP325067	t
19770	ZFBCFXDT0GP325072	t
19771	ZFBCFXAT0GP325084	t
19772	ZFBCFXCT0GP325086	t
19773	ZFBCFXCT0GP325088	t
19774	ZFBCFXAT0GP325094	t
19775	ZFBCFYCT0GP325102	t
19776	ZFBCFYDT0GP325103	t
19777	ZFBCFXAT0GP325106	t
19778	ZFBCFYBT0GP325111	t
19779	ZFBCFYDT0GP325115	t
19780	ZFBCFYDT0GP325116	t
19781	ZFBCFYDT0GP325118	t
19782	ZFBCFYDT0GP325128	t
19783	ZFBCFYBT0GP325132	t
19784	ZFBCFXDT0GP325136	t
19785	ZFBCFXCT0GP325137	t
19786	ZFBCFYDT0GP325141	t
19787	ZFBCFXDT0GP325151	t
19788	ZFBCFXDT0GP325159	t
19789	ZFBCFYDT0GP325163	t
19790	ZFBCFXCT0GP325170	t
19791	ZFBCFXDT0GP325178	t
19792	ZFBCFXAT0GP325191	t
19793	ZFBCFXDT0GP325207	t
19794	ZFBCFXCT0GP325221	t
19795	ZFBCFXBT0GP325223	t
19796	ZFBCFXDT0GP325232	t
19797	ZFBCFXDT0GP325235	t
19798	ZFBCFXDT0GP325242	t
19799	ZFBCFXDT0GP325247	t
19800	ZFBCFXBT0GP325249	t
19801	ZFBCFXDT0GP325257	t
19802	ZFBCFXDT0GP325260	t
19803	ZFBCFXDT0GP325267	t
19804	ZFBCFXDT0GP325269	t
19805	ZFBCFXDT0GP325270	t
19806	ZFBCFXDT0GP325272	t
19807	ZFBCFXDT0GP325273	t
19808	ZFBCFXDT0GP325274	t
19809	ZFBCFXDT0GP325278	t
19810	ZFBCFXDT0GP325284	t
19811	ZFBCFXDT0GP325290	t
19812	ZFBCFXCT0GP325297	t
19813	ZFBCFXDT0GP325300	t
19814	ZFBCFXCT0GP325321	t
19815	ZFBCFXDT0GP325348	t
19816	ZFBCFXDT0GP325358	t
19817	ZFBCFXDT0GP325375	t
19818	ZFBCFXDT0GP325378	t
19819	ZFBCFXDT0GP325386	t
19820	ZFBCFXBT0GP325393	t
19821	ZFBCFXDT0GP325404	t
19822	ZFBCFYDT0GP325432	t
19823	ZFBCFXDT0GP325442	t
19824	ZFBCFXDT0GP325443	t
19825	ZFBCFXDT0GP325444	t
19826	ZFBCFYDT0GP325446	t
19827	ZFBCFYDT0GP325450	t
19828	ZFBCFYDT0GP325456	t
19829	ZFBCFXDT0GP325478	t
19830	ZFBCFXDT0GP325479	t
19831	ZFBCFYDT0GP325484	t
19832	ZFBCFXCT0GP325488	t
19833	ZFBCFXDT0GP325505	t
19834	ZFBCFXDT0GP325511	t
19835	ZFBCFXBT0GP325517	t
19836	ZFBCFXDT0GP325553	t
19837	ZFBCFXBT0GP325565	t
19838	ZFBCFXCT0GP325569	t
19839	ZFBCFXCT0GP325575	t
19840	ZFBCFXCT0GP325582	t
19841	ZFBCFXCT0GP325583	t
19842	ZFBCFXDT0GP325719	t
19843	ZFBCFXDT0GP325723	t
19844	ZFBCFXDT0GP325767	t
19845	ZFBCFXBT0GP325770	t
19846	ZFBCFXDT0GP325773	t
19847	ZFBCFXDT0GP325792	t
19848	ZFBCFXDT0GP325798	t
19849	ZFBCFYDT0GP325844	t
19850	ZFBCFXDT0GP325861	t
19851	ZFBCFXDT0GP325884	t
19852	ZFBCFXBT0GP325896	t
19853	ZFBCFYCT0GP325898	t
19854	ZFBCFXDT0GP325899	t
19855	ZFBCFYCT0GP325912	t
19856	ZFBCFXDT0GP325914	t
19857	ZFBCFXDT0GP325919	t
19858	ZFBCFXBT0GP325922	t
19859	ZFBCFXDT0GP325926	t
19860	ZFBCFYDT0GP325935	t
19861	ZFBCFYCT0GP325958	t
19862	ZFBCFYDT0GP325965	t
19863	ZFBCFXDT0GP325977	t
19864	ZFBCFXDT0GP325981	t
19865	ZFBCFYDT0GP325985	t
19866	ZFBCFXDT0GP325993	t
19867	ZFBCFYCT0GP326015	t
19868	ZFBCFXDT0GP326021	t
19869	ZFBCFXDT0GP326035	t
19870	ZFBCFXCT0GP326043	t
19871	ZFBCFYDT0GP326050	t
19872	ZFBCFXBT0GP326064	t
19873	ZFBCFYDT0GP326066	t
19874	ZFBCFXCT0GP326068	t
19875	ZFBCFXBT0GP326070	t
19876	ZFBCFXCT0GP326081	t
19877	ZFBCFXDT0GP326082	t
19878	ZFBCFXBT0GP326083	t
19879	ZFBCFYCT0GP326086	t
19880	ZFBCFYBT0GP326089	t
19881	ZFBCFXDT0GP326090	t
19882	ZFBCFXCT0GP326092	t
19883	ZFBCFYDT0GP326098	t
19884	ZFBCFXCT0GP326109	t
19885	ZFBCFYBT0GP326122	t
19886	ZFBCFYDT0GP326127	t
19887	ZFBCFXDT0GP326134	t
19888	ZFBCFXDT0GP326144	t
19889	ZFBCFXBT0GP326149	t
19890	ZFBCFXBT0GP326151	t
19891	ZFBCFYDT0GP326155	t
19892	ZFBCFXBT0GP326165	t
19893	ZFBCFYBT0GP326167	t
19894	ZFBCFXDT0GP326169	t
19895	ZFBCFXDT0GP326173	t
19896	ZFBCFYDT0GP326188	t
19897	ZFBCFYBT0GP326191	t
19898	ZFBCFXDT0GP326199	t
19899	ZFBCFYDT0GP326201	t
19900	ZFBCFYDT0GP326202	t
19901	ZFBCFYDT0GP326204	t
19902	ZFBCFYDT0GP326219	t
19903	ZFBCFXDT0GP326226	t
19904	ZFBCFYBT0GP326228	t
19905	ZFBCFXBT0GP326232	t
19906	ZFBCFYCT0GP326234	t
19907	ZFBCFXDT0GP326236	t
19908	ZFBCFYDT0GP326245	t
19909	ZFBCFYBT0GP326251	t
19910	ZFBCFYBT0GP326252	t
19911	ZFBCFXCT0GP326253	t
19912	ZFBCFXCT0GP326256	t
19913	ZFBCFYCT0GP326258	t
19914	ZFBCFYCT0GP326261	t
19915	ZFBCFXDT0GP326266	t
19916	ZFBCFYBT0GP326268	t
19917	ZFBCFXDT0GP326273	t
19918	ZFBCFXDT0GP326284	t
19919	ZFBCFXDT0GP326289	t
19920	ZFBCFXCT0GP326291	t
19921	ZFBCFXDT0GP326292	t
19922	ZFBCFYDT0GP326301	t
19923	ZFBCFYDT0GP326309	t
19924	ZFBCFYDT0GP326311	t
19925	ZFBCFXAT0GP326314	t
19926	ZFBCFYDT0GP326317	t
19927	ZFBCFYDT0GP326322	t
19928	ZFBCFXCT0GP326326	t
19929	ZFBCFXDT0GP326352	t
19930	ZFBCFXDT0GP326353	t
19931	ZFBCFXDT0GP326355	t
19932	ZFBCFXAT0GP326363	t
19933	ZFBCFYBT0GP326367	t
19934	ZFBCFXAT0GP326374	t
19935	ZFBCFYCT0GP326377	t
19936	ZFBCFYBT0GP326382	t
19937	ZFBCFYCT0GP326386	t
19938	ZFBCFXDT0GP326389	t
19939	ZFBCFXAT0GP326390	t
19940	ZFBCFXAT0GP326412	t
19941	ZFBCFXAT0GP326419	t
19942	ZFBCFXCT0GP326421	t
19943	ZFBCFXDT0GP326431	t
19944	ZFBCFXAT0GP326435	t
19945	ZFBCFXDT0GP326494	t
19946	ZFBCFYDT0GP326511	t
19947	ZFBCFYDT0GP326513	t
19948	ZFBCFXDT0GP326518	t
19949	ZFBCFYDT0GP326521	t
19950	ZFBCFYDT0GP326524	t
19951	ZFBCFXDT0GP326528	t
19952	ZFBCFXDT0GP326548	t
19953	ZFBCFYDT0GP326550	t
19954	ZFBCFXDT0GP326557	t
19955	ZFBCFXDT0GP326627	t
19956	ZFBCFYDT0GP326629	t
19957	ZFBCFXDT0GP326634	t
19958	ZFBCFYDT0GP326666	t
19959	ZFBCFXDT0GP326679	t
19960	ZFBCFXDT0GP326689	t
19961	ZFBCFXET0GP326693	t
19962	ZFBCFXDT0GP326710	t
19963	ZFBCFXDT0GP326712	t
19964	ZFBCFYDT0GP326732	t
19965	ZFBCFXBT0GP326733	t
19966	ZFBCFYDT0GP326735	t
19967	ZFBCFXDT0GP326738	t
19968	ZFBCFXDT0GP326741	t
19969	ZFBCFXDT0GP326742	t
19970	ZFBCFYDT0GP326744	t
19971	ZFBCFXDT0GP326746	t
19972	ZFBCFYDT0GP326749	t
19973	ZFBCFXBT0GP326752	t
19974	ZFBCFYBT0GP326753	t
19975	ZFBCFXDT0GP326763	t
19976	ZFBCFXBT0GP326796	t
19977	ZFBCFXBT0GP326821	t
19978	ZFBCFXCT0GP326854	t
19979	ZFBCFXBT0GP326867	t
19980	ZFBCFXDT0GP326871	t
19981	ZFBCFXDT0GP326881	t
19982	ZFBCFXDT0GP326890	t
19983	ZFBCFYBT0GP326912	t
19984	ZFBCFYCT0GP326914	t
19985	ZFBCFYCT0GP326937	t
19986	ZFBCFXET0GP326946	t
19987	ZFBCFXDT0GP326955	t
19988	ZFBCFXDT0GP326969	t
19989	ZFBCFXDT0GP326973	t
19990	ZFBCFYDT0GP326977	t
19991	ZFBCFXDT0GP326978	t
19992	ZFBCFXCT0GP326981	t
19993	ZFBCFYDT0GP327025	t
19994	ZFBCFYDT0GP327032	t
19995	ZFBCFXDT0GP327037	t
19996	ZFBCFYCT0GP327043	t
19997	ZFBCFYBT0GP327050	t
19998	ZFBCFYBT0GP327070	t
19999	ZFBCFXDT0GP327073	t
20000	ZFBCFXDT0GP327075	t
20001	ZFBCFYBT0GP327077	t
20002	ZFBCFXDT0GP327078	t
20003	ZFBCFXDT0GP327090	t
20004	ZFBCFXDT0GP327093	t
20005	ZFBCFXAT0GP327096	t
20006	ZFBCFXAT0GP327098	t
20007	ZFBCFXAT0GP327102	t
20008	ZFBCFXAT0GP327106	t
20009	ZFBCFXAT0GP327108	t
20010	ZFBCFXAT0GP327110	t
20011	ZFBCFXAT0GP327111	t
20012	ZFBCFXAT0GP327116	t
20013	ZFBCFXAT0GP327117	t
20014	ZFBCFXBT0GP327118	t
20015	ZFBCFXAT0GP327119	t
20016	ZFBCFXDT0GP327120	t
20017	ZFBCFXAT0GP327121	t
20018	ZFBCFXAT0GP327122	t
20019	ZFBCFXAT0GP327124	t
20020	ZFBCFXBT0GP327127	t
20021	ZFBCFXAT0GP327131	t
20022	ZFBCFXAT0GP327153	t
20023	ZFBCFXDT0GP327162	t
20024	ZFBCFXBT0GP327167	t
20025	ZFBCFXBT0GP327172	t
20026	ZFBCFYDT0GP327175	t
20027	ZFBCFXBT0GP327176	t
20028	ZFBCFXAT0GP327178	t
20029	ZFBCFXAT0GP327186	t
20030	ZFBCFXAT0GP327197	t
20031	ZFBCFYDT0GP327203	t
20032	ZFBCFXAT0GP327240	t
20033	ZFBCFXBT0GP327245	t
20034	ZFBCFXAT0GP327249	t
20035	ZFBCFXCT0GP327252	t
20036	ZFBCFXBT0GP327254	t
20037	ZFBCFYBT0GP327258	t
20038	ZFBCFXBT0GP327262	t
20039	ZFBCFXAT0GP327285	t
20040	ZFBCFXAT0GP327288	t
20041	ZFBCFYDT0GP327292	t
20042	ZFBCFXDT0GP327306	t
20043	ZFBCFYDT0GP327308	t
20044	ZFBCFYDT0GP327329	t
20045	ZFBCFXBT0GP327340	t
20046	ZFBCFXDT0GP327344	t
20047	ZFBCFXAT0GP327364	t
20048	ZFBCFXAT0GP327367	t
20049	ZFBCFXAT0GP327384	t
20050	ZFBCFXAT0GP327411	t
20051	ZFBCFXCT0GP327459	t
20052	ZFBCFXAT0GP327469	t
20053	ZFBCFXAT0GP327470	t
20054	ZFBCFXDT0GP327481	t
20055	ZFBCFYBT0GP327489	t
20056	ZFBCFYBT0GP327497	t
20057	ZFBCFXAT0GP327498	t
20058	ZFBCFYBT0GP327503	t
20059	ZFBCFXAT0GP327505	t
20060	ZFBCFYCT0GP327507	t
20061	ZFBCFYBT0GP327514	t
20062	ZFBCFYBT0GP327515	t
20063	ZFBCFXBT0GP327516	t
20064	ZFBCFXBT0GP327522	t
20065	ZFBCFXBT0GP327523	t
20066	ZFBCFYBT0GP327526	t
20067	ZFBCFYBT0GP327527	t
20068	ZFBCFYBT0GP327539	t
20069	ZFBCFXBT0GP327540	t
20070	ZFBCFXBT0GP327542	t
20071	ZFBCFXBT0GP327544	t
20072	ZFBCFYBT0GP327556	t
20073	ZFBCFXBT0GP327568	t
20074	ZFBCFYBT0GP327569	t
20075	ZFBCFXBT0GP327574	t
20076	ZFBCFXBT0GP327589	t
20077	ZFBCFXBT0GP327614	t
20078	ZFBCFYDT0GP327616	t
20079	ZFBCFXBT0GP327620	t
20080	ZFBCFXBT0GP327621	t
20081	ZFBCFXBT0GP327625	t
20082	ZFBCFXBT0GP327626	t
20083	ZFBCFXBT0GP327635	t
20084	ZFBCFXBT0GP327636	t
20085	ZFBCFYBT0GP327639	t
20086	ZFBCFXCT0GP327656	t
20087	ZFBCFXBT0GP327663	t
20088	ZFBCFXBT0GP327665	t
20089	ZFBCFXCT0GP327667	t
20090	ZFBCFXCT0GP327670	t
20091	ZFBCFXCT0GP327671	t
20092	ZFBCFXCT0GP327673	t
20093	ZFBCFXCT0GP327677	t
20094	ZFBCFXCT0GP327680	t
20095	ZFBCFXCT0GP327683	t
20096	ZFBCFXCT0GP327684	t
20097	ZFBCFXCT0GP327692	t
20098	ZFBCFXCT0GP327695	t
20099	ZFBCFXCT0GP327699	t
20100	ZFBCFXBT0GP327701	t
20101	ZFBCFXCT0GP327705	t
20102	ZFBCFXCT0GP327708	t
20103	ZFBCFYBT0GP327709	t
20104	ZFBCFXBT0GP327718	t
20105	ZFBCFXCT0GP327720	t
20106	ZFBCFXCT0GP327721	t
20107	ZFBCFXBT0GP327723	t
20108	ZFBCFXBT0GP327724	t
20109	ZFBCFXBT0GP327729	t
20110	ZFBCFXBT0GP327735	t
20111	ZFBCFXBT0GP327736	t
20112	ZFBCFXBT0GP327738	t
20113	ZFBCFYDT0GP327745	t
20114	ZFBCFXDT0GP327746	t
20115	ZFBCFXCT0GP327749	t
20116	ZFBCFYDT0GP327750	t
20117	ZFBCFXCT0GP327751	t
20118	ZFBCFXET0GP327754	t
20119	ZFBCFXBT0GP327757	t
20120	ZFBCFXET0GP327762	t
20121	ZFBCFXBT0GP327763	t
20122	ZFBCFXET0GP327764	t
20123	ZFBCFXET0GP327786	t
20124	ZFBCFXBT0GP327791	t
20125	ZFBCFXBT0GP327802	t
20126	ZFBCFXBT0GP327813	t
20127	ZFBCFXBT0GP327815	t
20128	ZFBCFXBT0GP327825	t
20129	ZFBCFXBT0GP327826	t
20130	ZFBCFXBT0GP327828	t
20131	ZFBCFXBT0GP327839	t
20132	ZFBCFXBT0GP327850	t
20133	ZFBCFXBT0GP327873	t
20134	ZFBCFYDT0GP327880	t
20135	ZFBCFYDT0GP327881	t
20136	ZFBCFXDT0GP327884	t
20137	ZFBCFXDT0GP327885	t
20138	ZFBCFXCT0GP327886	t
20139	ZFBCFXET0GP327888	t
20140	ZFBCFXDT0GP327893	t
20141	ZFBCFXCT0GP327900	t
20142	ZFBCFXCT0GP327908	t
20143	ZFBCFXBT0GP327911	t
20144	ZFBCFXBT0GP327917	t
20145	ZFBCFXCT0GP327921	t
20146	ZFBCFXBT0GP327923	t
20147	ZFBCFXBT0GP327925	t
20148	ZFBCFXBT0GP327932	t
20149	ZFBCFXBT0GP327933	t
20150	ZFBCFXBT0GP327934	t
20151	ZFBCFXCT0GP327935	t
20152	ZFBCFXCT0GP327937	t
20153	ZFBCFXBT0GP327948	t
20154	ZFBCFXBT0GP327951	t
20155	ZFBCFXBT0GP327953	t
20156	ZFBCFXBT0GP327984	t
20157	ZFBCFXBT0GP327992	t
20158	ZFBCFXCT0GP328000	t
20159	ZFBCFXBT0GP328012	t
20160	ZFBCFXCT0GP328018	t
20161	ZFBCFXCT0GP328020	t
20162	ZFBCFXCT0GP328022	t
20163	ZFBCFXBT0GP328023	t
20164	ZFBCFXCT0GP328024	t
20165	ZFBCFXBT0GP328032	t
20166	ZFBCFXBT0GP328037	t
20167	ZFBCFXCT0GP328040	t
20168	ZFBCFXCT0GP328044	t
20169	ZFBCFXCT0GP328046	t
20170	ZFBCFXDT0GP328048	t
20171	ZFBCFXCT0GP328057	t
20172	ZFBCFXBT0GP328067	t
20173	ZFBCFXBT0GP328069	t
20174	ZFBCFXCT0GP328070	t
20175	ZFBCFXBT0GP328072	t
20176	ZFBCFXCT0GP328077	t
20177	ZFBCFXDT0GP328079	t
20178	ZFBCFXET0GP328082	t
20179	ZFBCFXBT0GP328089	t
20180	ZFBCFXBT0GP328093	t
20181	ZFBCFXCT0GP328099	t
20182	ZFBCFXBT0GP328108	t
20183	ZFBCFXCT0GP328110	t
20184	ZFBCFXDT0GP328117	t
20185	ZFBCFXET0GP328124	t
20186	ZFBCFXBT0GP328133	t
20187	ZFBCFXBT0GP328150	t
20188	ZFBCFXDT0GP328255	t
20189	ZFBCFXDT0GP328261	t
20190	ZFBCFXBT0GP328267	t
20191	ZFBCFXBT0GP328282	t
20192	ZFBCFXBT0GP328284	t
20193	ZFBCFXBT0GP328287	t
20194	ZFBCFXCT0GP328292	t
20195	ZFBCFXCT0GP328298	t
20196	ZFBCFXBT0GP328302	t
20197	ZFBCFXCT0GP328303	t
20198	ZFBCFXCT0GP328306	t
20199	ZFBCFXCT0GP328312	t
20200	ZFBCFXCT0GP328321	t
20201	ZFBCFXCT0GP328322	t
20202	ZFBCFXCT0GP328330	t
20203	ZFBCFXCT0GP328346	t
20204	ZFBCFXCT0GP328348	t
20205	ZFBCFXBT0GP328354	t
20206	ZFBCFXBT0GP328357	t
20207	ZFBCFYCT0GP328363	t
20208	ZFBCFXBT0GP328366	t
20209	ZFBCFXBT0GP328367	t
20210	ZFBCFYBT0GP328372	t
20211	ZFBCFYBT0GP328375	t
20212	ZFBCFXBT0GP328376	t
20213	ZFBCFXBT0GP328380	t
20214	ZFBCFYDT0GP328383	t
20215	ZFBCFYBT0GP328388	t
20216	ZFBCFYCT0GP328389	t
20217	ZFBCFXBT0GP328391	t
20218	ZFBCFXBT0GP328392	t
20219	ZFBCFXBT0GP328393	t
20220	ZFBCFXCT0GP328396	t
20221	ZFBCFYBT0GP328397	t
20222	ZFBCFXBT0GP328400	t
20223	ZFBCFYBT0GP328402	t
20224	ZFBCFXBT0GP328403	t
20225	ZFBCFYBT0GP328404	t
20226	ZFBCFXBT0GP328405	t
20227	ZFBCFYBT0GP328406	t
20228	ZFBCFXBT0GP328407	t
20229	ZFBCFXBT0GP328408	t
20230	ZFBCFYDT0GP328409	t
20231	ZFBCFXBT0GP328410	t
20232	ZFBCFYBT0GP328412	t
20233	ZFBCFXBT0GP328415	t
20234	ZFBCFXDT0GP328416	t
20235	ZFBCFXBT0GP328417	t
20236	ZFBCFYDT0GP328420	t
20237	ZFBCFYBT0GP328421	t
20238	ZFBCFYBT0GP328422	t
20239	ZFBCFXBT0GP328424	t
20240	ZFBCFXBT0GP328429	t
20241	ZFBCFYCT0GP328431	t
20242	ZFBCFXBT0GP328433	t
20243	ZFBCFYBT0GP328434	t
20244	ZFBCFYBT0GP328436	t
20245	ZFBCFXBT0GP328441	t
20246	ZFBCFYCT0GP328446	t
20247	ZFBCFXBT0GP328447	t
20248	ZFBCFXBT0GP328450	t
20249	ZFBCFXBT0GP328451	t
20250	ZFBCFXBT0GP328452	t
20251	ZFBCFYBT0GP328453	t
20252	ZFBCFYDT0GP328455	t
20253	ZFBCFYBT0GP328456	t
20254	ZFBCFYBT0GP328460	t
20255	ZFBCFYBT0GP328463	t
20256	ZFBCFYBT0GP328465	t
20257	ZFBCFYBT0GP328466	t
20258	ZFBCFXBT0GP328467	t
20259	ZFBCFYBT0GP328468	t
20260	ZFBCFYDT0GP328470	t
20261	ZFBCFXBT0GP328475	t
20262	ZFBCFYDT0GP328476	t
20263	ZFBCFYBT0GP328481	t
20264	ZFBCFYBT0GP328482	t
20265	ZFBCFYBT0GP328487	t
20266	ZFBCFXBT0GP328489	t
20267	ZFBCFXBT0GP328490	t
20268	ZFBCFYBT0GP328496	t
20269	ZFBCFYBT0GP328504	t
20270	ZFBCFYBT0GP328505	t
20271	ZFBCFYBT0GP328506	t
20272	ZFBCFYBT0GP328507	t
20273	ZFBCFXBT0GP328508	t
20274	ZFBCFXBT0GP328511	t
20275	ZFBCFYBT0GP328512	t
20276	ZFBCFYBT0GP328519	t
20277	ZFBCFXBT0GP328520	t
20278	ZFBCFYDT0GP328522	t
20279	ZFBCFXBT0GP328523	t
20280	ZFBCFXCT0GP328529	t
20281	ZFBCFXCT0GP328533	t
20282	ZFBCFYCT0GP328536	t
20283	ZFBCFYDT0GP328538	t
20284	ZFBCFYDT0GP328541	t
20285	ZFBCFYDT0GP328542	t
20286	ZFBCFXCT0GP328544	t
20287	ZFBCFYDT0GP328545	t
20288	ZFBCFYDT0GP328546	t
20289	ZFBCFYCT0GP328567	t
20290	ZFBCFYCT0GP328577	t
20291	ZFBCFYDT0GP328580	t
20292	ZFBCFYCT0GP328607	t
20293	ZFBCFYCT0GP328609	t
20294	ZFBCFXCT0GP328612	t
20295	ZFBCFYBT0GP328615	t
20296	ZFBCFXCT0GP328617	t
20297	ZFBCFXCT0GP328620	t
20298	ZFBCFXCT0GP328623	t
20299	ZFBCFXCT0GP328627	t
20300	ZFBCFXCT0GP328637	t
20301	ZFBCFXBT0GP328638	t
20302	ZFBCFYCT0GP328643	t
20303	ZFBCFXCT0GP328644	t
20304	ZFBCFYCT0GP328647	t
20305	ZFBCFXCT0GP328660	t
20306	ZFBCFYCT0GP328663	t
20307	ZFBCFYCT0GP328669	t
20308	ZFBCFXCT0GP328671	t
20309	ZFBCFYCT0GP328680	t
20310	ZFBCFXCT0GP328687	t
20311	ZFBCFYCT0GP328690	t
20312	ZFBCFXCT0GP328691	t
20313	ZFBCFYCT0GP328694	t
20314	ZFBCFXCT0GP328696	t
20315	ZFBCFXCT0GP328698	t
20316	ZFBCFXBT0GP328702	t
20317	ZFBCFYBT0GP328703	t
20318	ZFBCFYBT0GP328705	t
20319	ZFBCFYBT0GP328706	t
20320	ZFBCFYBT0GP328709	t
20321	ZFBCFXCT0GP328712	t
20322	ZFBCFYBT0GP328715	t
20323	ZFBCFXCT0GP328719	t
20324	ZFBCFXCT0GP328721	t
20325	ZFBCFYBT0GP328731	t
20326	ZFBCFXCT0GP328732	t
20327	ZFBCFXCT0GP328734	t
20328	ZFBCFYCT0GP328736	t
20329	ZFBCFYBT0GP328738	t
20330	ZFBCFXBT0GP328740	t
20331	ZFBCFXBT0GP328742	t
20332	ZFBCFYCT0GP328744	t
20333	ZFBCFYBT0GP328751	t
20334	ZFBCFXBT0GP328760	t
20335	ZFBCFYBT0GP328765	t
20336	ZFBCFYCT0GP328768	t
20337	ZFBCFXBT0GP328787	t
20338	ZFBCFYCT0GP328789	t
20339	ZFBCFXCT0GP328794	t
20340	ZFBCFYCT0GP328795	t
20341	ZFBCFYCT0GP328823	t
20342	ZFBCFXCT0GP328826	t
20343	ZFBCFXCT0GP328831	t
20344	ZFBCFYCT0GP328843	t
20345	ZFBCFXCT0GP328855	t
20346	ZFBCFYCT0GP328856	t
20347	ZFBCFXCT0GP328857	t
20348	ZFBCFYCT0GP328876	t
20349	ZFBCFYBT0GP328880	t
20350	ZFBCFYCT0GP328881	t
20351	ZFBCFYCT0GP328885	t
20352	ZFBCFYCT0GP328887	t
20353	ZFBCFXCT0GP328888	t
20354	ZFBCFYCT0GP328891	t
20355	ZFBCFXCT0GP328896	t
20356	ZFBCFYCT0GP328898	t
20357	ZFBCFYBT0GP328899	t
20358	ZFBCFYBT0GP328911	t
20359	ZFBCFYDT0GP328914	t
20360	ZFBCFYCT0GP328917	t
20361	ZFBCFXBT0GP328918	t
20362	ZFBCFYDT0GP328920	t
20363	ZFBCFXCT0GP328922	t
20364	ZFBCFYBT0GP328924	t
20365	ZFBCFXBT0GP328928	t
20366	ZFBCFXCT0GP328929	t
20367	ZFBCFYCT0GP328934	t
20368	ZFBCFYBT0GP328937	t
20369	ZFBCFYBT0GP328938	t
20370	ZFBCFYBT0GP328941	t
20371	ZFBCFYBT0GP328943	t
20372	ZFBCFYBT0GP328944	t
20373	ZFBCFYCT0GP328947	t
20374	ZFBCFXBT0GP328952	t
20375	ZFBCFYDT0GP328956	t
20376	ZFBCFXCT0GP328957	t
20377	ZFBCFXCT0GP328958	t
20378	ZFBCFXCT0GP328959	t
20379	ZFBCFYCT0GP328960	t
20380	ZFBCFXBT0GP328961	t
20381	ZFBCFYDT0GP328963	t
20382	ZFBCFXCT0GP328964	t
20383	ZFBCFXCT0GP328965	t
20384	ZFBCFXCT0GP328972	t
20385	ZFBCFXCT0GP328973	t
20386	ZFBCFXBT0GP328974	t
20387	ZFBCFXCT0GP328976	t
20388	ZFBCFXCT0GP328978	t
20389	ZFBCFXCT0GP328980	t
20390	ZFBCFXCT0GP328982	t
20391	ZFBCFXCT0GP328983	t
20392	ZFBCFXCT0GP328984	t
20393	ZFBCFXCT0GP328987	t
20394	ZFBCFXCT0GP328989	t
20395	ZFBCFXBT0GP328993	t
20396	ZFBCFXCT0GP328995	t
20397	ZFBCFXCT0GP328996	t
20398	ZFBCFXBT0GP328997	t
20399	ZFBCFXCT0GP329018	t
20400	ZFBCFXBT0GP329095	t
20401	ZFBCFXCT0GP329097	t
20402	ZFBCFYBT0GP329100	t
20403	ZFBCFXCT0GP329106	t
20404	ZFBCFXBT0GP329113	t
20405	ZFBCFYCT0GP329133	t
20406	ZFBCFXBT0GP329134	t
20407	ZFBCFXCT0GP329137	t
20408	ZFBCFXCT0GP329139	t
20409	ZFBCFXBT0GP329140	t
20410	ZFBCFXBT0GP329141	t
20411	ZFBCFYCT0GP329150	t
20412	ZFBCFXBT0GP329153	t
20413	ZFBCFYBT0GP329159	t
20414	ZFBCFYBT0GP329162	t
20415	ZFBCFXBT0GP329168	t
20416	ZFBCFXCT0GP329170	t
20417	ZFBCFXAW0GP329174	t
20418	ZFBCFYBT0GP329177	t
20419	ZFBCFYBT0GP329179	t
20420	ZFBCFYCT0GP329182	t
20421	ZFBCFYCT0GP329184	t
20422	ZFBCFXBT0GP329185	t
20423	ZFBCFXBT0GP329188	t
20424	ZFBCFXBT0GP329189	t
20425	ZFBCFXAW0GP329190	t
20426	ZFBCFYBT0GP329192	t
20427	ZFBCFYCT0GP329197	t
20428	ZFBCFYBT0GP329199	t
20429	ZFBCFYCT0GP329202	t
20430	ZFBCFYBT0GP329204	t
20431	ZFBCFXBT0GP329208	t
20432	ZFBCFYBT0GP329210	t
20433	ZFBCFYBT0GP329214	t
20434	ZFBCFXCT0GP329218	t
20435	ZFBCFXCT0GP329222	t
20436	ZFBCFXCT0GP329225	t
20437	ZFBCFYCT0GP329227	t
20438	ZFBCFXCT0GP329228	t
20439	ZFBCFYBT0GP329230	t
20440	ZFBCFYCT0GP329232	t
20441	ZFBCFXCT0GP329237	t
20442	ZFBCFYCT0GP329241	t
20443	ZFBCFXCT0GP329243	t
20444	ZFBCFYCT0GP329248	t
20445	ZFBCFYCT0GP329250	t
20446	ZFBCFYCT0GP329252	t
20447	ZFBCFXCT0GP329255	t
20448	ZFBCFXBT0GP329257	t
20449	ZFBCFYBT0GP329259	t
20450	ZFBCFYCT0GP329262	t
20451	ZFBCFYCT0GP329265	t
20452	ZFBCFXBT0GP329269	t
20453	ZFBCFYBT0GP329270	t
20454	ZFBCFXBT0GP329271	t
20455	ZFBCFXBT0GP329276	t
20456	ZFBCFXBT0GP329280	t
20457	ZFBCFXCT0GP329289	t
20458	ZFBCFXBT0GP329290	t
20459	ZFBCFXBT0GP329297	t
20460	ZFBCFXCT0GP329301	t
20461	ZFBCFXBT0GP329302	t
20462	ZFBCFXBT0GP329307	t
20463	ZFBCFXBT0GP329311	t
20464	ZFBCFXBT0GP329315	t
20465	ZFBCFXBT0GP329318	t
20466	ZFBCFXBT0GP329320	t
20467	ZFBCFXBT0GP329337	t
20468	ZFBCFXBT0GP329347	t
20469	ZFBCFXBT0GP329349	t
20470	ZFBCFXBT0GP329354	t
20471	ZFBCFXBT0GP329356	t
20472	ZFBCFXBT0GP329357	t
20473	ZFBCFXBT0GP329360	t
20474	ZFBCFXBT0GP329363	t
20475	ZFBCFXBT0GP329367	t
20476	ZFBCFXBT0GP329369	t
20477	ZFBCFXBT0GP329371	t
20478	ZFBCFXBT0GP329372	t
20479	ZFBCFXBT0GP329373	t
20480	ZFBCFXBT0GP329375	t
20481	ZFBCFXBT0GP329381	t
20482	ZFBCFXBT0GP329416	t
20483	ZFBCFYCT0GP329538	t
20484	ZFBCFYBT0GP329539	t
20485	ZFBCFYCT0GP329548	t
20486	ZFBCFYCT0GP329554	t
20487	ZFBCFYCT0GP329562	t
20488	ZFBCFYBT0GP329563	t
20489	ZFBCFYCT0GP329566	t
20490	ZFBCFYCT0GP329569	t
20491	ZFBCFYCT0GP329576	t
20492	ZFBCFYCT0GP329577	t
20493	ZFBCFYCT0GP329590	t
20494	ZFBCFYCT0GP329591	t
20495	ZFBCFYCT0GP329594	t
20496	ZFBCFYCT0GP329595	t
20497	ZFBCFYCT0GP329597	t
20498	ZFBCFYBT0GP329602	t
20499	ZFBCFYBT0GP329605	t
20500	ZFBCFYCT0GP329613	t
20501	ZFBCFYCT0GP329614	t
20502	ZFBCFYBT0GP329622	t
20503	ZFBCFXBT0GP329626	t
20504	ZFBCFYBT0GP329627	t
20505	ZFBCFYBT0GP329628	t
20506	ZFBCFXBT0GP329629	t
20507	ZFBCFYBT0GP329635	t
20508	ZFBCFYBT0GP329637	t
20509	ZFBCFXBT0GP329638	t
20510	ZFBCFYBT0GP329640	t
20511	ZFBCFYBT0GP329641	t
20512	ZFBCFYCT0GP329646	t
20513	ZFBCFYCT0GP329650	t
20514	ZFBCFYBT0GP329652	t
20515	ZFBCFYCT0GP329654	t
20516	ZFBCFYCT0GP329658	t
20517	ZFBCFYBT0GP329661	t
20518	ZFBCFXBT0GP329663	t
20519	ZFBCFYCT0GP329668	t
20520	ZFBCFYCT0GP329670	t
20521	ZFBCFYBT0GP329672	t
20522	ZFBCFYBT0GP329673	t
20523	ZFBCFYCT0GP329676	t
20524	ZFBCFYCT0GP329678	t
20525	ZFBCFYCT0GP329679	t
20526	ZFBCFXBT0GP329683	t
20527	ZFBCFYBT0GP329686	t
20528	ZFBCFYBT0GP329687	t
20529	ZFBCFXBT0GP329690	t
20530	ZFBCFYCT0GP329691	t
20531	ZFBCFXBT0GP329694	t
20532	ZFBCFYBT0GP329697	t
20533	ZFBCFYBT0GP329701	t
20534	ZFBCFYBT0GP329708	t
20535	ZFBCFXBT0GP329714	t
20536	ZFBCFYBT0GP329720	t
20537	ZFBCFYBT0GP329726	t
20538	ZFBCFYBT0GP329730	t
20539	ZFBCFYBT0GP329736	t
20540	ZFBCFYBT0GP329747	t
20541	ZFBCFYBT0GP329752	t
20542	ZFBCFYCT0GP329764	t
20543	ZFBCFXBT0GP329772	t
20544	ZFBCFXBT0GP329775	t
20545	ZFBCFYBT0GP329779	t
20546	ZFBCFYBT0GP329780	t
20547	ZFBCFYCT0GP329781	t
20548	ZFBCFYCT0GP329784	t
20549	ZFBCFXBT0GP329787	t
20550	ZFBCFYCT0GP329788	t
20551	ZFBCFYCT0GP329792	t
20552	ZFBCFYCT0GP329800	t
20553	ZFBCFYBT0GP329806	t
20554	ZFBCFXCT0GP329811	t
20555	ZFBCFYBT0GP329816	t
20556	ZFBCFYBT0GP329825	t
20557	ZFBCFXBT0GP329826	t
20558	ZFBCFXCT0GP329830	t
20559	ZFBCFYCT0GP329831	t
20560	ZFBCFXCT0GP329835	t
20561	ZFBCFXCT0GP329841	t
20562	ZFBCFXCT0GP329842	t
20563	ZFBCFXCT0GP329846	t
20564	ZFBCFXBT0GP329853	t
20565	ZFBCFYBT0GP329856	t
20566	ZFBCFYBT0GP329858	t
20567	ZFBCFYCT0GP329859	t
20568	ZFBCFYBT0GP329862	t
20569	ZFBCFYBT0GP329864	t
20570	ZFBCFXCT0GP329865	t
20571	ZFBCFYCT0GP329870	t
20572	ZFBCFXCT0GP329873	t
20573	ZFBCFYCT0GP329877	t
20574	ZFBCFXCT0GP329882	t
20575	ZFBCFYBT0GP329883	t
20576	ZFBCFXCT0GP329887	t
20577	ZFBCFXCT0GP329894	t
20578	ZFBCFXBT0GP329905	t
20579	ZFBCFYCT0GP329908	t
20580	ZFBCFYBT0GP329909	t
20581	ZFBCFXCT0GP329911	t
20582	ZFBCFYDT0GP329916	t
20583	ZFBCFYDT0GP329917	t
20584	ZFBCFYBT0GP329922	t
20585	ZFBCFYDT0GP329924	t
20586	ZFBCFYBT0GP329925	t
20587	ZFBCFYCT0GP329926	t
20588	ZFBCFXCT0GP329928	t
20589	ZFBCFYDT0GP329930	t
20590	ZFBCFYCT0GP329931	t
20591	ZFBCFYCT0GP329934	t
20592	ZFBCFYCT0GP329935	t
20593	ZFBCFYCT0GP329938	t
20594	ZFBCFYCT0GP329942	t
20595	ZFBCFYBT0GP329945	t
20596	ZFBCFXBT0GP329947	t
20597	ZFBCFXBT0GP329949	t
20598	ZFBCFXBT0GP329954	t
20599	ZFBCFXBT0GP329955	t
20600	ZFBCFXBT0GP329959	t
20601	ZFBCFXBT0GP329960	t
20602	ZFBCFYBT0GP329961	t
20603	ZFBCFYCT0GP329962	t
20604	ZFBCFYBT0GP329964	t
20605	ZFBCFXCT0GP329965	t
20606	ZFBCFXCT0GP329966	t
20607	ZFBCFXBT0GP329968	t
20608	ZFBCFXCT0GP329970	t
20609	ZFBCFYBT0GP329972	t
20610	ZFBCFYBT0GP329973	t
20611	ZFBCFYCT0GP329984	t
20612	ZFBCFXBT0GP329988	t
20613	ZFBCFYCT0GP329990	t
20614	ZFBCFYBT0GP329995	t
20615	ZFBCFXCT0GP329996	t
20616	ZFBCFXCT0GP330001	t
20617	ZFBCFXCT0GP330004	t
20618	ZFBCFYCT0GP330006	t
20619	ZFBCFXCT0GP330007	t
20620	ZFBCFXCT0GP330020	t
20621	ZFBCFXCT0GP330026	t
20622	ZFBCFYBT0GP330028	t
20623	ZFBCFXCT0GP330035	t
20624	ZFBCFYCT0GP330037	t
20625	ZFBCFYBT0GP330039	t
20626	ZFBCFXBT0GP330046	t
20627	ZFBCFYBT0GP330048	t
20628	ZFBCFYBT0GP330051	t
20629	ZFBCFYBT0GP330052	t
20630	ZFBCFYBT0GP330054	t
20631	ZFBCFYBT0GP330055	t
20632	ZFBCFYBT0GP330059	t
20633	ZFBCFYBT0GP330060	t
20634	ZFBCFXBT0GP330061	t
20635	ZFBCFXBT0GP330062	t
20636	ZFBCFXBT0GP330069	t
20637	ZFBCFXBT0GP330070	t
20638	ZFBCFXBT0GP330071	t
20639	ZFBCFXBT0GP330073	t
20640	ZFBCFXBT0GP330079	t
20641	ZFBCFXBT0GP330082	t
20642	ZFBCFYBT0GP330084	t
20643	ZFBCFYBT0GP330085	t
20644	ZFBCFXBT0GP330086	t
20645	ZFBCFXBT0GP330087	t
20646	ZFBCFYBT0GP330088	t
20647	ZFBCFYCT0GP330091	t
20648	ZFBCFXCT0GP330093	t
20649	ZFBCFYBT0GP330094	t
20650	ZFBCFYCT0GP330100	t
20651	ZFBCFXBT0GP330101	t
20652	ZFBCFYCT0GP330102	t
20653	ZFBCFYBT0GP330103	t
20654	ZFBCFXCT0GP330110	t
20655	ZFBCFXCT0GP330113	t
20656	ZFBCFYCT0GP330115	t
20657	ZFBCFXCT0GP330119	t
20658	ZFBCFYCT0GP330121	t
20659	ZFBCFYBT0GP330123	t
20660	ZFBCFYCT0GP330126	t
20661	ZFBCFYBT0GP330127	t
20662	ZFBCFXBT0GP330130	t
20663	ZFBCFYBT0GP330136	t
20664	ZFBCFXBT0GP330139	t
20665	ZFBCFYCT0GP330140	t
20666	ZFBCFYCT0GP330145	t
20667	ZFBCFYCT0GP330146	t
20668	ZFBCFYCT0GP330153	t
20669	ZFBCFYBT0GP330155	t
20670	ZFBCFXBT0GP330157	t
20671	ZFBCFXCT0GP330160	t
20672	ZFBCFXBT0GP330164	t
20673	ZFBCFYCT0GP330165	t
20674	ZFBCFYCT0GP330166	t
20675	ZFBCFYBT0GP330170	t
20676	ZFBCFXBT0GP330175	t
20677	ZFBCFYCT0GP330176	t
20678	ZFBCFXCT0GP330182	t
20679	ZFBCFYBT0GP330183	t
20680	ZFBCFXBT0GP330185	t
20681	ZFBCFYCT0GP330187	t
20682	ZFBCFXBT0GP330189	t
20683	ZFBCFXCT0GP330190	t
20684	ZFBCFYCT0GP330194	t
20685	ZFBCFXCT0GP330197	t
20686	ZFBCFYBT0GP330214	t
20687	ZFBCFYDT0GP330229	t
20688	ZFBCFYDT0GP330233	t
20689	ZFBCFYDT0GP330235	t
20690	ZFBCFXDT0GP330243	t
20691	ZFBCFXDT0GP330250	t
20692	ZFBCFXDT0GP330253	t
20693	ZFBCFXBT0GP330256	t
20694	ZFBCFXDT0GP330260	t
20695	ZFBCFXDT0GP330262	t
20696	ZFBCFXDT0GP330263	t
20697	ZFBCFXDT0GP330268	t
20698	ZFBCFXDT0GP330274	t
20699	ZFBCFXDT0GP330277	t
20700	ZFBCFXCT0GP330279	t
20701	ZFBCFYBT0GP330280	t
20702	ZFBCFYBT0GP330282	t
20703	ZFBCFYCT0GP330301	t
20704	ZFBCFXCT0GP330312	t
20705	ZFBCFYBT0GP330315	t
20706	ZFBCFYBT0GP330316	t
20707	ZFBCFYCT0GP330319	t
20708	ZFBCFXCT0GP330322	t
20709	ZFBCFXCT0GP330325	t
20710	ZFBCFYCT0GP330329	t
20711	ZFBCFXCT0GP330331	t
20712	ZFBCFXCT0GP330341	t
20713	ZFBCFXCT0GP330346	t
20714	ZFBCFXAT0GP330347	t
20715	ZFBCFYCT0GP330353	t
20716	ZFBCFXCT0GP330355	t
20717	ZFBCFXAT0GP330357	t
20718	ZFBCFYBT0GP330358	t
20719	ZFBCFYBT0GP330361	t
20720	ZFBCFYCT0GP330362	t
20721	ZFBCFXBT0GP330363	t
20722	ZFBCFYBT0GP330367	t
20723	ZFBCFXBT0GP330370	t
20724	ZFBCFXDT0GP330372	t
20725	ZFBCFXBT0GP330376	t
20726	ZFBCFYCT0GP330379	t
20727	ZFBCFXBT0GP330386	t
20728	ZFBCFXCT0GP330387	t
20729	ZFBCFXCT0GP330393	t
20730	ZFBCFXAT0GP330395	t
20731	ZFBCFXAT0GP330399	t
20732	ZFBCFXCT0GP330406	t
20733	ZFBCFYBT0GP330411	t
20734	ZFBCFYCT0GP330412	t
20735	ZFBCFXAT0GP330417	t
20736	ZFBCFXET0GP330418	t
20737	ZFBCFXCT0GP330420	t
20738	ZFBCFXAT0GP330436	t
20739	ZFBCFXAT0GP330438	t
20740	ZFBCFXAT0GP330442	t
20741	ZFBCFXBT0GP330447	t
20742	ZFBCFXAT0GP330449	t
20743	ZFBCFYBT0GP330451	t
20744	ZFBCFYBT0GP330455	t
20745	ZFBCFXAT0GP330457	t
20746	ZFBCFXAT0GP330458	t
20747	ZFBCFXAT0GP330462	t
20748	ZFBCFYCT0GP330463	t
20749	ZFBCFYCT0GP330465	t
20750	ZFBCFXAT0GP330468	t
20751	ZFBCFYCT0GP330470	t
20752	ZFBCFXAT0GP330471	t
20753	ZFBCFXCT0GP330473	t
20754	ZFBCFXAT0GP330475	t
20755	ZFBCFXAT0GP330477	t
20756	ZFBCFXAT0GP330479	t
20757	ZFBCFXCT0GP330483	t
20758	ZFBCFXAT0GP330486	t
20759	ZFBCFYCT0GP330487	t
20760	ZFBCFYBT0GP330492	t
20761	ZFBCFXCT0GP330495	t
20762	ZFBCFYCT0GP330496	t
20763	ZFBCFYBT0GP330497	t
20764	ZFBCFYBT0GP330499	t
20765	ZFBCFXCT0GP330500	t
20766	ZFBCFYCT0GP330501	t
20767	ZFBCFXBT0GP330502	t
20768	ZFBCFXBT0GP330503	t
20769	ZFBCFXAT0GP330506	t
20770	ZFBCFXAT0GP330508	t
20771	ZFBCFXBT0GP330509	t
20772	ZFBCFXAT0GP330511	t
20773	ZFBCFXBT0GP330517	t
20774	ZFBCFXBT0GP330519	t
20775	ZFBCFXBT0GP330520	t
20776	ZFBCFXBT0GP330522	t
20777	ZFBCFXAT0GP330524	t
20778	ZFBCFXBT0GP330529	t
20779	ZFBCFXAT0GP330533	t
20780	ZFBCFXAT0GP330534	t
20781	ZFBCFXBT0GP330537	t
20782	ZFBCFYBT0GP330539	t
20783	ZFBCFXAT0GP330542	t
20784	ZFBCFYCT0GP330545	t
20785	ZFBCFYCT0GP330546	t
20786	ZFBCFXBT0GP330549	t
20787	ZFBCFXBT0GP330551	t
20788	ZFBCFXAT0GP330555	t
20789	ZFBCFXBT0GP330557	t
20790	ZFBCFXBT0GP330570	t
20791	ZFBCFXAT0GP330575	t
20792	ZFBCFXAT0GP330580	t
20793	ZFBCFXBT0GP330584	t
20794	ZFBCFXCT0GP330587	t
20795	ZFBCFXAT0GP330588	t
20796	ZFBCFXAT0GP330591	t
20797	ZFBCFXAT0GP330596	t
20798	ZFBCFXAT0GP330599	t
20799	ZFBCFYCT0GP330605	t
20800	ZFBCFXBT0GP330607	t
20801	ZFBCFYBT0GP330613	t
20802	ZFBCFXBT0GP330616	t
20803	ZFBCFYBT0GP330618	t
20804	ZFBCFYBT0GP330619	t
20805	ZFBCFXBT0GP330621	t
20806	ZFBCFXBT0GP330624	t
20807	ZFBCFXBT0GP330626	t
20808	ZFBCFYCT0GP330629	t
20809	ZFBCFYCT0GP330632	t
20810	ZFBCFYBT0GP330636	t
20811	ZFBCFYBT0GP330642	t
20812	ZFBCFYDT0GP330645	t
20813	ZFBCFYBT0GP330649	t
20814	ZFBCFYCT0GP330650	t
20815	ZFBCFYDT0GP330651	t
20816	ZFBCFYBT0GP330652	t
20817	ZFBCFXBT0GP330658	t
20818	ZFBCFYDT0GP330659	t
20819	ZFBCFYDT0GP330663	t
20820	ZFBCFYCT0GP330673	t
20821	ZFBCFYBT0GP330675	t
20822	ZFBCFXCT0GP330680	t
20823	ZFBCFYBT0GP330683	t
20824	ZFBCFYDT0GP330686	t
20825	ZFBCFYCT0GP330687	t
20826	ZFBCFXCT0GP330691	t
20827	ZFBCFXCT0GP330695	t
20828	ZFBCFXCT0GP330696	t
20829	ZFBCFXBT0GP330702	t
20830	ZFBCFXCT0GP330704	t
20831	ZFBCFXCT0GP330706	t
20832	ZFBCFYCT0GP330707	t
20833	ZFBCFXCT0GP330709	t
20834	ZFBCFYCT0GP330716	t
20835	ZFBCFYBT0GP330721	t
20836	ZFBCFYCT0GP330722	t
20837	ZFBCFYBT0GP330723	t
20838	ZFBCFYBT0GP330725	t
20839	ZFBCFYBT0GP330728	t
20840	ZFBCFYBT0GP330733	t
20841	ZFBCFYCT0GP330734	t
20842	ZFBCFYCT0GP330735	t
20843	ZFBCFXCT0GP330737	t
20844	ZFBCFYBT0GP330740	t
20845	ZFBCFYBT0GP330741	t
20846	ZFBCFXCT0GP330745	t
20847	ZFBCFXCT0GP330749	t
20848	ZFBCFYBT0GP330750	t
20849	ZFBCFYCT0GP330752	t
20850	ZFBCFXCT0GP330757	t
20851	ZFBCFYCT0GP330758	t
20852	ZFBCFYCT0GP330763	t
20853	ZFBCFYCT0GP330767	t
20854	ZFBCFYBT0GP330768	t
20855	ZFBCFYCT0GP330769	t
20856	ZFBCFYDT0GP330771	t
20857	ZFBCFXBT0GP330773	t
20858	ZFBCFYBT0GP330774	t
20859	ZFBCFXCT0GP330776	t
20860	ZFBCFXBT0GP330777	t
20861	ZFBCFXCT0GP330782	t
20862	ZFBCFYCT0GP330783	t
20863	ZFBCFXCT0GP330785	t
20864	ZFBCFXCT0GP330787	t
20865	ZFBCFXCT0GP330791	t
20866	ZFBCFYDT0GP330792	t
20867	ZFBCFYDT0GP330795	t
20868	ZFBCFXCT0GP330796	t
20869	ZFBCFXCT0GP330800	t
20870	ZFBCFXCT0GP330807	t
20871	ZFBCFXCT0GP330808	t
20872	ZFBCFYDT0GP330809	t
20873	ZFBCFYDT0GP330813	t
20874	ZFBCFXCT0GP330818	t
20875	ZFBCFYBT0GP330819	t
20876	ZFBCFXCT0GP330826	t
20877	ZFBCFYCT0GP330831	t
20878	ZFBCFYCT0GP330832	t
20879	ZFBCFXCT0GP330833	t
20880	ZFBCFYCT0GP330835	t
20881	ZFBCFXBT0GP330844	t
20882	ZFBCFXBT0GP330851	t
20883	ZFBCFYBT0GP330857	t
20884	ZFBCFYDT0GP330859	t
20885	ZFBCFYDT0GP330861	t
20886	ZFBCFYCT0GP330862	t
20887	ZFBCFYDT0GP330863	t
20888	ZFBCFYBT0GP330864	t
20889	ZFBCFYDT0GP330865	t
20890	ZFBCFYDT0GP330867	t
20891	ZFBCFYDT0GP330875	t
20892	ZFBCFYBT0GP330876	t
20893	ZFBCFYDT0GP330878	t
20894	ZFBCFYBT0GP330883	t
20895	ZFBCFYBT0GP330888	t
20896	ZFBCFYBT0GP330889	t
20897	ZFBCFXCT0GP330891	t
20898	ZFBCFYBT0GP330893	t
20899	ZFBCFYBT0GP330894	t
20900	ZFBCFYBT0GP330896	t
20901	ZFBCFYBT0GP330901	t
20902	ZFBCFYBT0GP330905	t
20903	ZFBCFYDT0GP330907	t
20904	ZFBCFXBT0GP330909	t
20905	ZFBCFYBT0GP330915	t
20906	ZFBCFYBT0GP330917	t
20907	ZFBCFYBT0GP330919	t
20908	ZFBCFYBT0GP330920	t
20909	ZFBCFYBT0GP330921	t
20910	ZFBCFYBT0GP330926	t
20911	ZFBCFYBT0GP330927	t
20912	ZFBCFYBT0GP330930	t
20913	ZFBCFYBT0GP330932	t
20914	ZFBCFYBT0GP330935	t
20915	ZFBCFYCT0GP330938	t
20916	ZFBCFXBT0GP330941	t
20917	ZFBCFYDT0GP330943	t
20918	ZFBCFYBT0GP330945	t
20919	ZFBCFYBT0GP330948	t
20920	ZFBCFXBT0GP330952	t
20921	ZFBCFYBT0GP330955	t
20922	ZFBCFYBT0GP330960	t
20923	ZFBCFYBT0GP330964	t
20924	ZFBCFYBT0GP330965	t
20925	ZFBCFYDT0GP330968	t
20926	ZFBCFYDT0GP330969	t
20927	ZFBCFYCT0GP330971	t
20928	ZFBCFYBT0GP330972	t
20929	ZFBCFYDT0GP330974	t
20930	ZFBCFXCT0GP330975	t
20931	ZFBCFXCT0GP330976	t
20932	ZFBCFYDT0GP330979	t
20933	ZFBCFXDT0GP330982	t
20934	ZFBCFYBT0GP330987	t
20935	ZFBCFYBT0GP330989	t
20936	ZFBCFYBT0GP330990	t
20937	ZFBCFXCT0GP330992	t
20938	ZFBCFYCT0GP331002	t
20939	ZFBCFYBT0GP331006	t
20940	ZFBCFYBT0GP331008	t
20941	ZFBCFXCT0GP331010	t
20942	ZFBCFYBT0GP331015	t
20943	ZFBCFYBT0GP331017	t
20944	ZFBCFXBT0GP331019	t
20945	ZFBCFXBT0GP331023	t
20946	ZFBCFYBT0GP331025	t
20947	ZFBCFYBT0GP331026	t
20948	ZFBCFYBT0GP331029	t
20949	ZFBCFYBT0GP331032	t
20950	ZFBCFYBT0GP331033	t
20951	ZFBCFYBT0GP331038	t
20952	ZFBCFYBT0GP331039	t
20953	ZFBCFYBT0GP331043	t
20954	ZFBCFXCT0GP331046	t
20955	ZFBCFXBT0GP331050	t
20956	ZFBCFXBT0GP331051	t
20957	ZFBCFYCT0GP331054	t
20958	ZFBCFXBT0GP331055	t
20959	ZFBCFYBT0GP331060	t
20960	ZFBCFYCT0GP331064	t
20961	ZFBCFYBT0GP331065	t
20962	ZFBCFYDT0GP331067	t
20963	ZFBCFXBT0GP331069	t
20964	ZFBCFYCT0GP331070	t
20965	ZFBCFYBT0GP331073	t
20966	ZFBCFYDT0GP331075	t
20967	ZFBCFYBT0GP331076	t
20968	ZFBCFYBT0GP331079	t
20969	ZFBCFXBT0GP331081	t
20970	ZFBCFYBT0GP331082	t
20971	ZFBCFXCT0GP331087	t
20972	ZFBCFYCT0GP331091	t
20973	ZFBCFYCT0GP331092	t
20974	ZFBCFXBT0GP331093	t
20975	ZFBCFXDT0GP331100	t
20976	ZFBCFYCT0GP331103	t
20977	ZFBCFYCT0GP331106	t
20978	ZFBCFXBT0GP331107	t
20979	ZFBCFYET0GP331110	t
20980	ZFBCFXCT0GP331115	t
20981	ZFBCFXCT0GP331117	t
20982	ZFBCFXCT0GP331120	t
20983	ZFBCFYBT0GP331122	t
20984	ZFBCFYBT0GP331138	t
20985	ZFBCFYCT0GP331144	t
20986	ZFBCFXCT0GP331152	t
20987	ZFBCFYCT0GP331155	t
20988	ZFBCFYCT0GP331156	t
20989	ZFBCFYCT0GP331160	t
20990	ZFBCFXBT0GP331165	t
20991	ZFBCFXCT0GP331168	t
20992	ZFBCFYCT0GP331170	t
20993	ZFBCFYDT0GP331172	t
20994	ZFBCFYCT0GP331173	t
20995	ZFBCFYDT0GP331175	t
20996	ZFBCFXBT0GP331176	t
20997	ZFBCFXCT0GP331181	t
20998	ZFBCFXBT0GP331185	t
20999	ZFBCFYCT0GP331190	t
21000	ZFBCFYDT0GP331192	t
21001	ZFBCFYCT0GP331204	t
21002	ZFBCFXBT0GP331206	t
21003	ZFBCFXCT0GP331216	t
21004	ZFBCFXCT0GP331221	t
21005	ZFBCFXBT0GP331222	t
21006	ZFBCFXBT0GP331224	t
21007	ZFBCFXCT0GP331228	t
21008	ZFBCFXCT0GP331234	t
21009	ZFBCFXBT0GP331240	t
21010	ZFBCFYCT0GP331241	t
21011	ZFBCFYCT0GP331242	t
21012	ZFBCFYCT0GP331247	t
21013	ZFBCFYCT0GP331250	t
21014	ZFBCFYCT0GP331251	t
21015	ZFBCFYCT0GP331255	t
21016	ZFBCFYCT0GP331258	t
21017	ZFBCFYCT0GP331260	t
21018	ZFBCFYCT0GP331261	t
21019	ZFBCFXDT0GP331263	t
21020	ZFBCFYDT0GP331264	t
21021	ZFBCFXDT0GP331265	t
21022	ZFBCFYDT0GP331267	t
21023	ZFBCFXCT0GP331273	t
21024	ZFBCFYCT0GP331278	t
21025	ZFBCFYCT0GP331282	t
21026	ZFBCFXBT0GP331294	t
21027	ZFBCFXBT0GP331297	t
21028	ZFBCFXBT0GP331299	t
21029	ZFBCFXBT0GP331304	t
21030	ZFBCFXBT0GP331311	t
21031	ZFBCFXCT0GP331316	t
21032	ZFBCFYCT0GP331324	t
21033	ZFBCFXBT0GP331329	t
21034	ZFBCFYDT0GP331330	t
21035	ZFBCFXBT0GP331334	t
21036	ZFBCFXBT0GP331335	t
21037	ZFBCFYDT0GP331336	t
21038	ZFBCFXBT0GP331339	t
21039	ZFBCFXCT0GP331347	t
21040	ZFBCFYBT0GP331350	t
21041	ZFBCFYCT0GP331351	t
21042	ZFBCFXBT0GP331352	t
21043	ZFBCFXBT0GP331358	t
21044	ZFBCFYBT0GP331359	t
21045	ZFBCFYCT0GP331361	t
21046	ZFBCFXBT0GP331367	t
21047	ZFBCFYBT0GP331373	t
21048	ZFBCFYCT0GP331376	t
21049	ZFBCFXBT0GP331380	t
21050	ZFBCFYCT0GP331382	t
21051	ZFBCFXBT0GP331384	t
21052	ZFBCFYBT0GP331388	t
21053	ZFBCFXBT0GP331389	t
21054	ZFBCFXBT0GP331391	t
21055	ZFBCFXCT0GP331393	t
21056	ZFBCFXBT0GP331394	t
21057	ZFBCFXBT0GP331398	t
21058	ZFBCFXCT0GP331401	t
21059	ZFBCFXBT0GP331403	t
21060	ZFBCFXCT0GP331405	t
21061	ZFBCFXCT0GP331408	t
21062	ZFBCFXCT0GP331418	t
21063	ZFBCFXBT0GP331423	t
21064	ZFBCFXBT0GP331425	t
21065	ZFBCFXCT0GP331427	t
21066	ZFBCFYCT0GP331431	t
21067	ZFBCFXCT0GP331432	t
21068	ZFBCFYCT0GP331435	t
21069	ZFBCFXCT0GP331436	t
21070	ZFBCFXCT0GP331441	t
21071	ZFBCFXCT0GP331443	t
21072	ZFBCFYCT0GP331445	t
21073	ZFBCFXBT0GP331451	t
21074	ZFBCFXCT0GP331453	t
21075	ZFBCFYCT0GP331454	t
21076	ZFBCFXCT0GP331455	t
21077	ZFBCFYCT0GP331456	t
21078	ZFBCFYCT0GP331457	t
21079	ZFBCFYCT0GP331458	t
21080	ZFBCFXCT0GP331459	t
21081	ZFBCFXCT0GP331460	t
21082	ZFBCFXCT0GP331461	t
21083	ZFBCFXCT0GP331462	t
21084	ZFBCFYCT0GP331463	t
21085	ZFBCFYBT0GP331468	t
21086	ZFBCFXCT0GP331470	t
21087	ZFBCFYBT0GP331472	t
21088	ZFBCFXCT0GP331474	t
21089	ZFBCFYCT0GP331476	t
21090	ZFBCFXDT0GP331480	t
21091	ZFBCFYBT0GP331484	t
21092	ZFBCFXCT0GP331485	t
21093	ZFBCFYCT0GP331499	t
21094	ZFBCFYCT0GP331503	t
21095	ZFBCFXCT0GP331505	t
21096	ZFBCFYCT0GP331518	t
21097	ZFBCFXBT0GP331523	t
21098	ZFBCFYCT0GP331527	t
21099	ZFBCFXBT0GP331529	t
21100	ZFBCFXCT0GP331531	t
21101	ZFBCFYCT0GP331538	t
21102	ZFBCFXBT0GP331541	t
21103	ZFBCFXCT0GP331542	t
21104	ZFBCFYCT0GP331545	t
21105	ZFBCFXCT0GP331548	t
21106	ZFBCFYBT0GP331549	t
21107	ZFBCFXCT0GP331556	t
21108	ZFBCFXCT0GP331564	t
21109	ZFBCFXCT0GP331566	t
21110	ZFBCFXCT0GP331567	t
21111	ZFBCFYCT0GP331572	t
21112	ZFBCFXCT0GP331576	t
21113	ZFBCFXCT0GP331579	t
21114	ZFBCFYCT0GP331580	t
21115	ZFBCFXET0GP331581	t
21116	ZFBCFYBT0GP331582	t
21117	ZFBCFYBT0GP331584	t
21118	ZFBCFXCT0GP331588	t
21119	ZFBCFXCT0GP331591	t
21120	ZFBCFXCT0GP331593	t
21121	ZFBCFXDT0GP331595	t
21122	ZFBCFXCT0GP331604	t
21123	ZFBCFYCT0GP331606	t
21124	ZFBCFXCT0GP331609	t
21125	ZFBCFXCT0GP331610	t
21126	ZFBCFXCT0GP331611	t
21127	ZFBCFXCT0GP331612	t
21128	ZFBCFYBT0GP331615	t
21129	ZFBCFYDT0GP331617	t
21130	ZFBCFYDT0GP331618	t
21131	ZFBCFXDT0GP331621	t
21132	ZFBCFYCT0GP331625	t
21133	ZFBCFYCT0GP331629	t
21134	ZFBCFYCT0GP331633	t
21135	ZFBCFYCT0GP331637	t
21136	ZFBCFYBT0GP331638	t
21137	ZFBCFYDT0GP331645	t
21138	ZFBCFYCT0GP331646	t
21139	ZFBCFYBT0GP331651	t
21140	ZFBCFXDT0GP331652	t
21141	ZFBCFXAT0GP331656	t
21142	ZFBCFXAT0GP331665	t
21143	ZFBCFYBT0GP331668	t
21144	ZFBCFXCT0GP331669	t
21145	ZFBCFXBT0GP331682	t
21146	ZFBCFXDT0GP331685	t
21147	ZFBCFXBT0GP331689	t
21148	ZFBCFXBT0GP331692	t
21149	ZFBCFXBT0GP331696	t
21150	ZFBCFXBT0GP331702	t
21151	ZFBCFXCT0GP331703	t
21152	ZFBCFXBT0GP331705	t
21153	ZFBCFYBT0GP331706	t
21154	ZFBCFYCT0GP331707	t
21155	ZFBCFYCT0GP331708	t
21156	ZFBCFXBT0GP331713	t
21157	ZFBCFYDT0GP331715	t
21158	ZFBCFXCT0GP331716	t
21159	ZFBCFXDT0GP331717	t
21160	ZFBCFXBT0GP331718	t
21161	ZFBCFYCT0GP331721	t
21162	ZFBCFYBT0GP331726	t
21163	ZFBCFXCT0GP331728	t
21164	ZFBCFXAT0GP331729	t
21165	ZFBCFXCT0GP331734	t
21166	ZFBCFXAT0GP331736	t
21167	ZFBCFXAT0GP331737	t
21168	ZFBCFYCT0GP331758	t
21169	ZFBCFXCT0GP331769	t
21170	ZFBCFYBT0GP331771	t
21171	ZFBCFXAT0GP331801	t
21172	ZFBCFXAT0GP331803	t
21173	ZFBCFYBT0GP331816	t
21174	ZFBCFXAT0GP331827	t
21175	ZFBCFYDT0GP331828	t
21176	ZFBCFXBT0GP331830	t
21177	ZFBCFYCT0GP331835	t
21178	ZFBCFYCT0GP331837	t
21179	ZFBCFYCT0GP331839	t
21180	ZFBCFXAT0GP331844	t
21181	ZFBCFYCT0GP331846	t
21182	ZFBCFYCT0GP331851	t
21183	ZFBCFXAT0GP331854	t
21184	ZFBCFYCT0GP331855	t
21185	ZFBCFYDT0GP331856	t
21186	ZFBCFYET0GP331861	t
21187	ZFBCFYET0GP331862	t
21188	ZFBCFYBT0GP331863	t
21189	ZFBCFYET0GP331865	t
21190	ZFBCFXBT0GP331866	t
21191	ZFBCFYCT0GP331867	t
21192	ZFBCFYCT0GP331868	t
21193	ZFBCFXCT0GP331872	t
21194	ZFBCFXBT0GP331892	t
21195	ZFBCFXBT0GP331898	t
21196	ZFBCFYET0GP331926	t
21197	ZFBCFYET0GP331928	t
21198	ZFBCFYET0GP331930	t
21199	ZFBCFXBT0GP331932	t
21200	ZFBCFXBT0GP331939	t
21201	ZFBCFXAW0GP331940	t
21202	ZFBCFXBT0GP331956	t
21203	ZFBCFYDT0GP331974	t
21204	ZFBCFYET0GP331980	t
21205	ZFBCFXBT0GP331982	t
21206	ZFBCFXBT0GP331985	t
21207	ZFBCFYET0GP331986	t
21208	ZFBCFYET0GP331988	t
21209	ZFBCFYET0GP331991	t
21210	ZFBCFYET0GP331992	t
21211	ZFBCFYCT0GP331997	t
21212	ZFBCFYET0GP332003	t
21213	ZFBCFYCT0GP332009	t
21214	ZFBCFXCT0GP332015	t
21215	ZFBCFYBT0GP332020	t
21216	ZFBCFXCT0GP332021	t
21217	ZFBCFYCT0GP332022	t
21218	ZFBCFYCT0GP332023	t
21219	ZFBCFXCT0GP332027	t
21220	ZFBCFYET0GP332038	t
21221	ZFBCFXCT0GP332043	t
21222	ZFBCFXDT0GP332044	t
21223	ZFBCFXBT0GP332047	t
21224	ZFBCFXET0GP332051	t
21225	ZFBCFXET0GP332057	t
21226	ZFBCFXET0GP332058	t
21227	ZFBCFXBT0GP332059	t
21228	ZFBCFYDT0GP332060	t
21229	ZFBCFXET0GP332061	t
21230	ZFBCFXBT0GP332063	t
21231	ZFBCFYCT0GP332067	t
21232	ZFBCFXCT0GP332071	t
21233	ZFBCFYCT0GP332073	t
21234	ZFBCFXBT0GP332074	t
21235	ZFBCFXAW0GP332075	t
21236	ZFBCFYCT0GP332078	t
21237	ZFBCFXBT0GP332079	t
21238	ZFBCFXAT0GP332082	t
21239	ZFBCFXET0GP332083	t
21240	ZFBCFXET0GP332084	t
21241	ZFBCFXBT0GP332085	t
21242	ZFBCFYDT0GP332094	t
21243	ZFBCFYCT0GP332096	t
21244	ZFBCFXET0GP332100	t
21245	ZFBCFYCT0GP332101	t
21246	ZFBCFXBT0GP332106	t
21247	ZFBCFYCT0GP332108	t
21248	ZFBCFXBT0GP332109	t
21249	ZFBCFXET0GP332111	t
21250	ZFBCFXAW0GP332120	t
21251	ZFBCFYCT0GP332126	t
21252	ZFBCFXAW0GP332136	t
21253	ZFBCFXBT0GP332138	t
21254	ZFBCFXET0GP332141	t
21255	ZFBCFXET0GP332142	t
21256	ZFBCFXAW0GP332143	t
21257	ZFBCFXBT0GP332144	t
21258	ZFBCFXBT0GP332146	t
21259	ZFBCFYCT0GP332148	t
21260	ZFBCFXCT0GP332150	t
21261	ZFBCFYBT0GP332152	t
21262	ZFBCFYCT0GP332155	t
21263	ZFBCFXBT0GP332162	t
21264	ZFBCFXBT0GP332166	t
21265	ZFBCFXBT0GP332167	t
21266	ZFBCFXBT0GP332172	t
21267	ZFBCFXBT0GP332174	t
21268	ZFBCFYBT0GP332177	t
21269	ZFBCFXBT0GP332180	t
21270	ZFBCFXAW0GP332182	t
21271	ZFBCFXBT0GP332183	t
21272	ZFBCFXAT0GP332185	t
21273	ZFBCFXBT0GP332189	t
21274	ZFBCFYBT0GP332190	t
21275	ZFBCFYDT0GP332192	t
21276	ZFBCFYDT0GP332193	t
21277	ZFBCFXBT0GP332194	t
21278	ZFBCFXBT0GP332203	t
21279	ZFBCFYDT0GP332205	t
21280	ZFBCFXBT0GP332208	t
21281	ZFBCFXBT0GP332215	t
21282	ZFBCFXAW0GP332216	t
21283	ZFBCFYBT0GP332217	t
21284	ZFBCFYBT0GP332220	t
21285	ZFBCFXBT0GP332225	t
21286	ZFBCFXAW0GP332233	t
21287	ZFBCFXAW0GP332238	t
21288	ZFBCFYET0GP332240	t
21289	ZFBCFXBT0GP332244	t
21290	ZFBCFYBT0GP332248	t
21291	ZFBCFXBT0GP332249	t
21292	ZFBCFXAW0GP332254	t
21293	ZFBCFYDT0GP332255	t
21294	ZFBCFXBT0GP332257	t
21295	ZFBCFXAW0GP332261	t
21296	ZFBCFXBT0GP332263	t
21297	ZFBCFYBT0GP332264	t
21298	ZFBCFXBT0GP332266	t
21299	ZFBCFYET0GP332269	t
21300	ZFBCFXBT0GP332292	t
21301	ZFBCFYBT0GP332296	t
21302	ZFBCFXBT0GP332299	t
21303	ZFBCFXBT0GP332301	t
21304	ZFBCFXBT0GP332304	t
21305	ZFBCFXAW0GP332318	t
21306	ZFBCFXAW0GP332322	t
21307	ZFBCFXAW0GP332328	t
21308	ZFBCFXAW0GP332332	t
21309	ZFBCFXAW0GP332341	t
21310	ZFBCFXAW0GP332344	t
21311	ZFBCFXAW0GP332361	t
21312	ZFBCFXAW0GP332370	t
21313	ZFBCFXBT0GP332383	t
21314	ZFBCFXBT0GP332384	t
21315	ZFBCFYBT0GP332388	t
21316	ZFBCFXCT0GP332392	t
21317	ZFBCFXET0GP332396	t
21318	ZFBCFYET0GP332399	t
21319	ZFBCFYCT0GP332408	t
21320	ZFBCFYET0GP332420	t
21321	ZFBCFXET0GP332422	t
21322	ZFBCFYET0GP332424	t
21323	ZFBCFXET0GP332426	t
21324	ZFBCFYET0GP332432	t
21325	ZFBCFXET0GP332433	t
21326	ZFBCFXET0GP332438	t
21327	ZFBCFXBT0GP332439	t
21328	ZFBCFXBT0GP332440	t
21329	ZFBCFXET0GP332475	t
21330	ZFBCFXET0GP332479	t
21331	ZFBCFXBT0GP332487	t
21332	ZFBCFXBT0GP332501	t
21333	ZFBCFXCT0GP332506	t
21334	ZFBCFXAW0GP332507	t
21335	ZFBCFXAW0GP332513	t
21336	ZFBCFXAW0GP332517	t
21337	ZFBCFXCT0GP332520	t
21338	ZFBCFYET0GP332522	t
21339	ZFBCFXET0GP332540	t
21340	ZFBCFXET0GP332542	t
21341	ZFBCFXET0GP332545	t
21342	ZFBCFYET0GP332547	t
21343	ZFBCFXBT0GP332551	t
21344	ZFBCFXBT0GP332558	t
21345	ZFBCFXBT0GP332562	t
21346	ZFBCFYBT0GP332566	t
21347	ZFBCFXAW0GP332567	t
21348	ZFBCFXBT0GP332571	t
21349	ZFBCFXBT0GP332578	t
21350	ZFBCFXBT0GP332580	t
21351	ZFBCFXBT0GP332583	t
21352	ZFBCFXBT0GP332589	t
21353	ZFBCFXBT0GP332592	t
21354	ZFBCFXBT0GP332594	t
21355	ZFBCFXBT0GP332597	t
21356	ZFBCFXBT0GP332600	t
21357	ZFBCFXBT0GP332604	t
21358	ZFBCFXBT0GP332610	t
21359	ZFBCFXBT0GP332612	t
21360	ZFBCFXAW0GP332613	t
21361	ZFBCFXBT0GP332614	t
21362	ZFBCFYBT0GP332619	t
21363	ZFBCFYET0GP332620	t
21364	ZFBCFXBT0GP332623	t
21365	ZFBCFXET0GP332626	t
21366	ZFBCFXBT0GP332629	t
21367	ZFBCFYET0GP332630	t
21368	ZFBCFXBT0GP332631	t
21369	ZFBCFYET0GP332633	t
21370	ZFBCFXBT0GP332635	t
21371	ZFBCFXBT0GP332638	t
21372	ZFBCFYBT0GP332639	t
21373	ZFBCFXBT0GP332644	t
21374	ZFBCFXBT0GP332645	t
21375	ZFBCFXBT0GP332646	t
21376	ZFBCFXCT0GP332649	t
21377	ZFBCFYCT0GP332651	t
21378	ZFBCFXCT0GP332654	t
21379	ZFBCFXBT0GP332655	t
21380	ZFBCFYBT0GP332656	t
21381	ZFBCFXAW0GP332658	t
21382	ZFBCFXBT0GP332659	t
21383	ZFBCFYBT0GP332660	t
21384	ZFBCFXCT0GP332662	t
21385	ZFBCFXET0GP332663	t
21386	ZFBCFXBT0GP332666	t
21387	ZFBCFXET0GP332667	t
21388	ZFBCFXBT0GP332668	t
21389	ZFBCFXBT0GP332669	t
21390	ZFBCFXCT0GP332672	t
21391	ZFBCFXBT0GP332678	t
21392	ZFBCFYDT0GP332681	t
21393	ZFBCFXET0GP332682	t
21394	ZFBCFXET0GP332684	t
21395	ZFBCFXET0GP332685	t
21396	ZFBCFXBT0GP332686	t
21397	ZFBCFXBT0GP332687	t
21398	ZFBCFYCT0GP332688	t
21399	ZFBCFXBT0GP332691	t
21400	ZFBCFXCT0GP332692	t
21401	ZFBCFXBT0GP332693	t
21402	ZFBCFXBT0GP332694	t
21403	ZFBCFXET0GP332698	t
21404	ZFBCFXCT0GP332699	t
21405	ZFBCFXBT0GP332700	t
21406	ZFBCFXBT0GP332705	t
21407	ZFBCFXBT0GP332709	t
21408	ZFBCFXAW0GP332711	t
21409	ZFBCFXET0GP332716	t
21410	ZFBCFXBT0GP332720	t
21411	ZFBCFYCT0GP332725	t
21412	ZFBCFYCT0GP332727	t
21413	ZFBCFXET0GP332730	t
21414	ZFBCFXET0GP332734	t
21415	ZFBCFXET0GP332738	t
21416	ZFBCFXBT0GP332740	t
21417	ZFBCFYCT0GP332742	t
21418	ZFBCFYBT0GP332747	t
21419	ZFBCFXCT0GP332748	t
21420	ZFBCFYBT0GP332749	t
21421	ZFBCFXBT0GP332750	t
21422	ZFBCFXCT0GP332751	t
21423	ZFBCFXBT0GP332752	t
21424	ZFBCFXAW0GP332755	t
21425	ZFBCFXAW0GP332756	t
21426	ZFBCFXBT0GP332765	t
21427	ZFBCFXBT0GP332766	t
21428	ZFBCFXBT0GP332768	t
21429	ZFBCFXBT0GP332770	t
21430	ZFBCFXCT0GP332773	t
21431	ZFBCFXBT0GP332775	t
21432	ZFBCFXBT0GP332781	t
21433	ZFBCFYCT0GP332786	t
21434	ZFBCFYBT0GP332789	t
21435	ZFBCFXCT0GP332792	t
21436	ZFBCFYCT0GP332794	t
21437	ZFBCFXCT0GP332796	t
21438	ZFBCFXET0GP332799	t
21439	ZFBCFXBT0GP332800	t
21440	ZFBCFYCT0GP332806	t
21441	ZFBCFYDT0GP332808	t
21442	ZFBCFXBT0GP332810	t
21443	ZFBCFYCT0GP332817	t
21444	ZFBCFXCT0GP332819	t
21445	ZFBCFXCT0GP332821	t
21446	ZFBCFXBT0GP332822	t
21447	ZFBCFXCT0GP332824	t
21448	ZFBCFXCT0GP332830	t
21449	ZFBCFXBT0GP332833	t
21450	ZFBCFYBT0GP332835	t
21451	ZFBCFXCT0GP332836	t
21452	ZFBCFXBT0GP332837	t
21453	ZFBCFYBT0GP332839	t
21454	ZFBCFXCT0GP332841	t
21455	ZFBCFXET0GP332845	t
21456	ZFBCFXBT0GP332847	t
21457	ZFBCFXET0GP332848	t
21458	ZFBCFXBT0GP332852	t
21459	ZFBCFXET0GP332853	t
21460	ZFBCFYCT0GP332855	t
21461	ZFBCFYBT0GP332885	t
21462	ZFBCFYBT0GP332893	t
21463	ZFBCFYDT0GP332895	t
21464	ZFBCFYBT0GP332897	t
21465	ZFBCFYDT0GP332899	t
21466	ZFBCFYBT0GP332900	t
21467	ZFBCFYBT0GP332903	t
21468	ZFBCFXBT0GP332909	t
21469	ZFBCFXBT0GP332910	t
21470	ZFBCFXBT0GP332924	t
21471	ZFBCFYBT0GP332927	t
21472	ZFBCFYBT0GP332928	t
21473	ZFBCFYBT0GP332930	t
21474	ZFBCFYBT0GP332931	t
21475	ZFBCFYBT0GP332940	t
21476	ZFBCFXBT0GP332941	t
21477	ZFBCFXDT0GP332945	t
21478	ZFBCFYET0GP332946	t
21479	ZFBCFXET0GP332947	t
21480	ZFBCFXET0GP332948	t
21481	ZFBCFXET0GP332949	t
21482	ZFBCFYBT0GP332954	t
21483	ZFBCFXET0GP332957	t
21484	ZFBCFYET0GP332958	t
21485	ZFBCFXET0GP332959	t
21486	ZFBCFXET0GP332960	t
21487	ZFBCFXET0GP332962	t
21488	ZFBCFXET0GP332963	t
21489	ZFBCFXET0GP332966	t
21490	ZFBCFXBT0GP332967	t
21491	ZFBCFXET0GP332968	t
21492	ZFBCFYET0GP332972	t
21493	ZFBCFYCT0GP332973	t
21494	ZFBCFYBT0GP332974	t
21495	ZFBCFYDT0GP332976	t
21496	ZFBCFYBT0GP332978	t
21497	ZFBCFYDT0GP332979	t
21498	ZFBCFYET0GP332980	t
21499	ZFBCFYET0GP332982	t
21500	ZFBCFYCT0GP332983	t
21501	ZFBCFXET0GP332986	t
21502	ZFBCFYCT0GP332988	t
21503	ZFBCFYBT0GP332989	t
21504	ZFBCFYBT0GP332990	t
21505	ZFBCFYBT0GP332991	t
21506	ZFBCFYBT0GP332993	t
21507	ZFBCFYCT0GP332996	t
21508	ZFBCFYCT0GP332997	t
21509	ZFBCFYCT0GP333003	t
21510	ZFBCFYBT0GP333006	t
21511	ZFBCFYBT0GP333008	t
21512	ZFBCFYDT0GP333010	t
21513	ZFBCFYET0GP333014	t
21514	ZFBCFYBT0GP333015	t
21515	ZFBCFYBT0GP333016	t
21516	ZFBCFYDT0GP333019	t
21517	ZFBCFYDT0GP333023	t
21518	ZFBCFYDT0GP333024	t
21519	ZFBCFYCT0GP333032	t
21520	ZFBCFYCT0GP333033	t
21521	ZFBCFYCT0GP333036	t
21522	ZFBCFYDT0GP333040	t
21523	ZFBCFYCT0GP333042	t
21524	ZFBCFYCT0GP333043	t
21525	ZFBCFYDT0GP333044	t
21526	ZFBCFYDT0GP333050	t
21527	ZFBCFYBT0GP333051	t
21528	ZFBCFYDT0GP333052	t
21529	ZFBCFYDT0GP333058	t
21530	ZFBCFYBT0GP333061	t
21531	ZFBCFYCT0GP333063	t
21532	ZFBCFYCT0GP333072	t
21533	ZFBCFYET0GP333074	t
21534	ZFBCFYDT0GP333076	t
21535	ZFBCFYCT0GP333077	t
21536	ZFBCFYET0GP333078	t
21537	ZFBCFYCT0GP333079	t
21538	ZFBCFYET0GP333083	t
21539	ZFBCFYCT0GP333085	t
21540	ZFBCFYBT0GP333103	t
21541	ZFBCFYBT0GP333106	t
21542	ZFBCFYDT0GP333109	t
21543	ZFBCFYDT0GP333114	t
21544	ZFBCFYDT0GP333119	t
21545	ZFBCFYDT0GP333126	t
21546	ZFBCFYDT0GP333128	t
21547	ZFBCFXBT0GP333146	t
21548	ZFBCFXBT0GP333157	t
21549	ZFBCFXBT0GP333165	t
21550	ZFBCFYDT0GP333166	t
21551	ZFBCFYDT0GP333167	t
21552	ZFBCFYBT0GP333169	t
21553	ZFBCFXDT0GP333170	t
21554	ZFBCFXBT0GP333174	t
21555	ZFBCFXBT0GP333179	t
21556	ZFBCFYBT0GP333181	t
21557	ZFBCFXBT0GP333191	t
21558	ZFBCFYDT0GP333192	t
21559	ZFBCFYDT0GP333193	t
21560	ZFBCFYDT0GP333194	t
21561	ZFBCFXBT0GP333195	t
21562	ZFBCFXBT0GP333196	t
21563	ZFBCFYDT0GP333197	t
21564	ZFBCFXDT0GP333199	t
21565	ZFBCFXAW0GP333203	t
21566	ZFBCFXDT0GP333205	t
21567	ZFBCFXAW0GP333206	t
21568	ZFBCFXAW0GP333207	t
21569	ZFBCFYET0GP333211	t
21570	ZFBCFYCT0GP333213	t
21571	ZFBCFYDT0GP333214	t
21572	ZFBCFXET0GP333216	t
21573	ZFBCFXDT0GP333219	t
21574	ZFBCFXDT0GP333221	t
21575	ZFBCFXCT0GP333223	t
21576	ZFBCFXCT0GP333227	t
21577	ZFBCFXCT0GP333228	t
21578	ZFBCFYET0GP333232	t
21579	ZFBCFXCT0GP333235	t
21580	ZFBCFYBT0GP333239	t
21581	ZFBCFXCT0GP333242	t
21582	ZFBCFXCT0GP333244	t
21583	ZFBCFXCT0GP333251	t
21584	ZFBCFXCT0GP333253	t
21585	ZFBCFXDT0GP333255	t
21586	ZFBCFXCT0GP333256	t
21587	ZFBCFXCT0GP333260	t
21588	ZFBCFXBT0GP333262	t
21589	ZFBCFXET0GP333263	t
21590	ZFBCFYDT0GP333264	t
21591	ZFBCFXCT0GP333266	t
21592	ZFBCFXAT0GP333270	t
21593	ZFBCFXDT0GP333273	t
21594	ZFBCFXET0GP333275	t
21595	ZFBCFYDT0GP333276	t
21596	ZFBCFYET0GP333277	t
21597	ZFBCFYBT0GP333278	t
21598	ZFBCFXDT0GP333279	t
21599	ZFBCFXAT0GP333280	t
21600	ZFBCFXAT0GP333281	t
21601	ZFBCFXDT0GP333282	t
21602	ZFBCFXDT0GP333285	t
21603	ZFBCFXBT0GP333287	t
21604	ZFBCFXCT0GP333291	t
21605	ZFBCFXDT0GP333292	t
21606	ZFBCFYET0GP333293	t
21607	ZFBCFXCT0GP333294	t
21608	ZFBCFYET0GP333295	t
21609	ZFBCFXCT0GP333296	t
21610	ZFBCFXAT0GP333299	t
21611	ZFBCFXBT0GP333300	t
21612	ZFBCFYET0GP333301	t
21613	ZFBCFYET0GP333303	t
21614	ZFBCFXAT0GP333304	t
21615	ZFBCFXAT0GP333305	t
21616	ZFBCFXCT0GP333308	t
21617	ZFBCFXCT0GP333315	t
21618	ZFBCFXCT0GP333319	t
21619	ZFBCFYCT0GP333320	t
21620	ZFBCFYCT0GP333322	t
21621	ZFBCFYCT0GP333323	t
21622	ZFBCFYCT0GP333324	t
21623	ZFBCFYCT0GP333325	t
21624	ZFBCFYCT0GP333326	t
21625	ZFBCFYCT0GP333328	t
21626	ZFBCFYET0GP333329	t
21627	ZFBCFYCT0GP333331	t
21628	ZFBCFYCT0GP333333	t
21629	ZFBCFYCT0GP333336	t
21630	ZFBCFYCT0GP333337	t
21631	ZFBCFYCT0GP333338	t
21632	ZFBCFYCT0GP333340	t
21633	ZFBCFXCT0GP333341	t
21634	ZFBCFXAW0GP333344	t
21635	ZFBCFXAW0GP333347	t
21636	ZFBCFYCT0GP333348	t
21637	ZFBCFYET0GP333349	t
21638	ZFBCFXAW0GP333350	t
21639	ZFBCFXET0GP333351	t
21640	ZFBCFXAW0GP333352	t
21641	ZFBCFXAW0GP333354	t
21642	ZFBCFXAW0GP333356	t
21643	ZFBCFYCT0GP333357	t
21644	ZFBCFXCT0GP333358	t
21645	ZFBCFXAT0GP333359	t
21646	ZFBCFYCT0GP333361	t
21647	ZFBCFXAW0GP333362	t
21648	ZFBCFXCT0GP333366	t
21649	ZFBCFYET0GP333367	t
21650	ZFBCFYET0GP333368	t
21651	ZFBCFXAW0GP333369	t
21652	ZFBCFXET0GP333370	t
21653	ZFBCFXAT0GP333371	t
21654	ZFBCFXET0GP333372	t
21655	ZFBCFXAW0GP333373	t
21656	ZFBCFYCT0GP333374	t
21657	ZFBCFXET0GP333375	t
21658	ZFBCFXET0GP333377	t
21659	ZFBCFYCT0GP333379	t
21660	ZFBCFXCT0GP333384	t
21661	ZFBCFXBT0GP333387	t
21662	ZFBCFXBT0GP333388	t
21663	ZFBCFXCT0GP333390	t
21664	ZFBCFXET0GP333396	t
21665	ZFBCFXBT0GP333398	t
21666	ZFBCFXCT0GP333402	t
21667	ZFBCFXET0GP333403	t
21668	ZFBCFXET0GP333405	t
21669	ZFBCFXET0GP333406	t
21670	ZFBCFXET0GP333408	t
21671	ZFBCFYCT0GP333409	t
21672	ZFBCFXCT0GP333411	t
21673	ZFBCFXBT0GP333414	t
21674	ZFBCFXBT0GP333416	t
21675	ZFBCFYET0GP333417	t
21676	ZFBCFXET0GP333420	t
21677	ZFBCFXBT0GP333422	t
21678	ZFBCFYET0GP333423	t
21679	ZFBCFXBT0GP333426	t
21680	ZFBCFXBT0GP333428	t
21681	ZFBCFXBT0GP333432	t
21682	ZFBCFXCT0GP333433	t
21683	ZFBCFXBT0GP333440	t
21684	ZFBCFXBT0GP333449	t
21685	ZFBCFXBT0GP333450	t
21686	ZFBCFYDT0GP333452	t
21687	ZFBCFXBT0GP333453	t
21688	ZFBCFYDT0GP333454	t
21689	ZFBCFXBT0GP333460	t
21690	ZFBCFXBT0GP333462	t
21691	ZFBCFYBT0GP333463	t
21692	ZFBCFXBT0GP333465	t
21693	ZFBCFXBT0GP333466	t
21694	ZFBCFXBT0GP333469	t
21695	ZFBCFXBT0GP333470	t
21696	ZFBCFYDT0GP333471	t
21697	ZFBCFYDT0GP333473	t
21698	ZFBCFXBT0GP333482	t
21699	ZFBCFXBT0GP333486	t
21700	ZFBCFXCT0GP333495	t
21701	ZFBCFYDT0GP333501	t
21702	ZFBCFXBT0GP333513	t
21703	ZFBCFXBT0GP333515	t
21704	ZFBCFXBT0GP333517	t
21705	ZFBCFXCT0GP333518	t
21706	ZFBCFXDT0GP333519	t
21707	ZFBCFYBT0GP333520	t
21708	ZFBCFXBT0GP333521	t
21709	ZFBCFYDT0GP333522	t
21710	ZFBCFYDT0GP333524	t
21711	ZFBCFXBT0GP333528	t
21712	ZFBCFYDT0GP333539	t
21713	ZFBCFXBT0GP333549	t
21714	ZFBCFYET0GP333550	t
21715	ZFBCFXBT0GP333551	t
21716	ZFBCFXET0GP333555	t
21717	ZFBCFXET0GP333556	t
21718	ZFBCFXET0GP333558	t
21719	ZFBCFXBT0GP333559	t
21720	ZFBCFXBT0GP333562	t
21721	ZFBCFXCT0GP333563	t
21722	ZFBCFXCT0GP333564	t
21723	ZFBCFXCT0GP333565	t
21724	ZFBCFXBT0GP333566	t
21725	ZFBCFXBT0GP333567	t
21726	ZFBCFXBT0GP333568	t
21727	ZFBCFYCT0GP333570	t
21728	ZFBCFYDT0GP333571	t
21729	ZFBCFXBT0GP333579	t
21730	ZFBCFYCT0GP333587	t
21731	ZFBCFXET0GP333590	t
21732	ZFBCFXCT0GP333591	t
21733	ZFBCFYCT0GP333603	t
21734	ZFBCFXCT0GP333611	t
21735	ZFBCFXET0GP333638	t
21736	ZFBCFXET0GP333640	t
21737	ZFBCFXET0GP333641	t
21738	ZFBCFXET0GP333643	t
21739	ZFBCFXBT0GP333646	t
21740	ZFBCFXBT0GP333648	t
21741	ZFBCFXCT0GP333652	t
21742	ZFBCFXET0GP333654	t
21743	ZFBCFXET0GP333655	t
21744	ZFBCFXET0GP333657	t
21745	ZFBCFXCT0GP333660	t
21746	ZFBCFXBT0GP333661	t
21747	ZFBCFXET0GP333662	t
21748	ZFBCFXET0GP333663	t
21749	ZFBCFXET0GP333664	t
21750	ZFBCFXET0GP333675	t
21751	ZFBCFXET0GP333685	t
21752	ZFBCFXCT0GP333687	t
21753	ZFBCFXCT0GP333691	t
21754	ZFBCFXCT0GP333693	t
21755	ZFBCFXBT0GP333697	t
21756	ZFBCFXBT0GP333706	t
21757	ZFBCFXCT0GP333710	t
21758	ZFBCFYET0GP333713	t
21759	ZFBCFYET0GP333715	t
21760	ZFBCFXET0GP333717	t
21761	ZFBCFYBT0GP333736	t
21762	ZFBCFYDT0GP333738	t
21763	ZFBCFXBT0GP333740	t
21764	ZFBCFXET0GP333744	t
21765	ZFBCFYET0GP333745	t
21766	ZFBCFXCT0GP333783	t
21767	ZFBCFYCT0GP333798	t
21768	ZFBCFYCT0GP333801	t
21769	ZFBCFXCT0GP333802	t
21770	ZFBCFYCT0GP333834	t
21771	ZFBCFXCT0GP333842	t
21772	ZFBCFXBT0GP333845	t
21773	ZFBCFXCT0GP333852	t
21774	ZFBCFXCT0GP333872	t
21775	ZFBCFYCT0GP333874	t
21776	ZFBCFXAT0GP333897	t
21777	ZFBCFXBT0GP333915	t
21778	ZFBCFXBT0GP333919	t
21779	ZFBCFXAT0GP333927	t
21780	ZFBCFYBT0GP333931	t
21781	ZFBCFXAT0GP333939	t
21782	ZFBCFXAT0GP333941	t
21783	ZFBCFXAW0GP333948	t
21784	ZFBCFYBT0GP333977	t
21785	ZFBCFYCT0GP334011	t
21786	ZFBCFYBT0GP334013	t
21787	ZFBCFXAW0GP334017	t
21788	ZFBCFXCT0GP334019	t
21789	ZFBCFXCT0GP334020	t
21790	ZFBCFXAW0GP334036	t
21791	ZFBCFXCT0GP334037	t
21792	ZFBCFXCT0GP334042	t
21793	ZFBCFXCT0GP334047	t
21794	ZFBCFXCT0GP334050	t
21795	ZFBCFXAT0GP334061	t
21796	ZFBCFXAW0GP334077	t
21797	ZFBCFXCT0GP334092	t
21798	ZFBCFXAW0GP334098	t
21799	ZFBCFXAW0GP334102	t
21800	ZFBCFXCT0GP334104	t
21801	ZFBCFXBT0GP334110	t
21802	ZFBCFYCT0GP334119	t
21803	ZFBCFXBT0GP334128	t
21804	ZFBCFXBT0GP334130	t
21805	ZFBCFXCT0GP334132	t
21806	ZFBCFXAW0GP334135	t
21807	ZFBCFXAW0GP334140	t
21808	ZFBCFXBT0GP334145	t
21809	ZFBCFXBT0GP334146	t
21810	ZFBCFYBT0GP334148	t
21811	ZFBCFYCT0GP334152	t
21812	ZFBCFYCT0GP334153	t
21813	ZFBCFXBT0GP334164	t
21814	ZFBCFXAW0GP334165	t
21815	ZFBCFYCT0GP334169	t
21816	ZFBCFXBT0GP334171	t
21817	ZFBCFXBT0GP334172	t
21818	ZFBCFXCT0GP334176	t
21819	ZFBCFXBT0GP334194	t
21820	ZFBCFXCT0GP334197	t
21821	ZFBCFXBT0GP334199	t
21822	ZFBCFXBT0GP334204	t
21823	ZFBCFXBT0GP334221	t
21824	ZFBCFXBT0GP334231	t
21825	ZFBCFXBT0GP334234	t
21826	ZFBCFYCT0GP334238	t
21827	ZFBCFXCT0GP334248	t
21828	ZFBCFXBT0GP334258	t
21829	ZFBCFXBT0GP334261	t
21830	ZFBCFXCT0GP334263	t
21831	ZFBCFXCT0GP334264	t
21832	ZFBCFXBT0GP334266	t
21833	ZFBCFYCT0GP334268	t
21834	ZFBCFYCT0GP334272	t
21835	ZFBCFXCT0GP334273	t
21836	ZFBCFXBT0GP334277	t
21837	ZFBCFXBT0GP334278	t
21838	ZFBCFYCT0GP334280	t
21839	ZFBCFXBT0GP334286	t
21840	ZFBCFXBT0GP334291	t
21841	ZFBCFXBT0GP334296	t
21842	ZFBCFYCT0GP334303	t
21843	ZFBCFXCT0GP334322	t
21844	ZFBCFYCT0GP334326	t
21845	ZFBCFYCT0GP334330	t
21846	ZFBCFXBT0GP334347	t
21847	ZFBCFXCT0GP334357	t
21848	ZFBCFXBT0GP334358	t
21849	ZFBCFXBT0GP334367	t
21850	ZFBCFXBT0GP334368	t
21851	ZFBCFXCT0GP334370	t
21852	ZFBCFXBT0GP334371	t
21853	ZFBCFXCT0GP334372	t
21854	ZFBCFXBT0GP334373	t
21855	ZFBCFXBT0GP334374	t
21856	ZFBCFXCT0GP334375	t
21857	ZFBCFXCT0GP334377	t
21858	ZFBCFXCT0GP334378	t
21859	ZFBCFXBT0GP334381	t
21860	ZFBCFXBT0GP334382	t
21861	ZFBCFYCT0GP334389	t
21862	ZFBCFXBT0GP334390	t
21863	ZFBCFXBT0GP334391	t
21864	ZFBCFXBT0GP334392	t
21865	ZFBCFXBT0GP334393	t
21866	ZFBCFYBT0GP334397	t
21867	ZFBCFXBT0GP334398	t
21868	ZFBCFXBT0GP334400	t
21869	ZFBCFXBT0GP334401	t
21870	ZFBCFXCT0GP334403	t
21871	ZFBCFXBT0GP334404	t
21872	ZFBCFXBT0GP334407	t
21873	ZFBCFXBT0GP334408	t
21874	ZFBCFYCT0GP334409	t
21875	ZFBCFXBT0GP334410	t
21876	ZFBCFXBT0GP334412	t
21877	ZFBCFXBT0GP334413	t
21878	ZFBCFXCT0GP334417	t
21879	ZFBCFXCT0GP334420	t
21880	ZFBCFXBT0GP334422	t
21881	ZFBCFYBT0GP334424	t
21882	ZFBCFYET0GP334437	t
21883	ZFBCFYET0GP334439	t
21884	ZFBCFXCT0GP334441	t
21885	ZFBCFYCT0GP334456	t
21886	ZFBCFYET0GP334457	t
21887	ZFBCFYCT0GP334465	t
21888	ZFBCFYET0GP334470	t
21889	ZFBCFXBT0GP334480	t
21890	ZFBCFXCT0GP334487	t
21891	ZFBCFXBT0GP334490	t
21892	ZFBCFXBT0GP334496	t
21893	ZFBCFYET0GP334513	t
21894	ZFBCFXCT0GP334515	t
21895	ZFBCFYET0GP334516	t
21896	ZFBCFYET0GP334518	t
21897	ZFBCFXCT0GP334522	t
21898	ZFBCFYET0GP334527	t
21899	ZFBCFYET0GP334528	t
21900	ZFBCFYCT0GP334539	t
21901	ZFBCFXET0GP334540	t
21902	ZFBCFXCT0GP334545	t
21903	ZFBCFXCT0GP334552	t
21904	ZFBCFXBT0GP334555	t
21905	ZFBCFYET0GP334557	t
21906	ZFBCFYCT0GP334562	t
21907	ZFBCFYDT0GP334565	t
21908	ZFBCFYCT0GP334580	t
21909	ZFBCFXCT0GP334585	t
21910	ZFBCFXCT0GP334587	t
21911	ZFBCFYET0GP334591	t
21912	ZFBCFXBT0GP334598	t
21913	ZFBCFXET0GP334618	t
21914	ZFBCFYCT0GP334621	t
21915	ZFBCFXBT0GP334658	t
21916	ZFBCFYCT0GP334666	t
21917	ZFBCFXBT0GP334667	t
21918	ZFBCFXET0GP334676	t
21919	ZFBCFXET0GP334679	t
21920	ZFBCFXCT0GP334681	t
21921	ZFBCFXBT0GP334684	t
21922	ZFBCFXCT0GP334685	t
21923	ZFBCFYET0GP334686	t
21924	ZFBCFYET0GP334688	t
21925	ZFBCFXCT0GP334691	t
21926	ZFBCFYBT0GP334692	t
21927	ZFBCFXCT0GP334693	t
21928	ZFBCFXBT0GP334694	t
21929	ZFBCFXBT0GP334696	t
21930	ZFBCFXCT0GP334699	t
21931	ZFBCFXET0GP334700	t
21932	ZFBCFXET0GP334702	t
21933	ZFBCFXCT0GP334707	t
21934	ZFBCFXCT0GP334709	t
21935	ZFBCFXCT0GP334711	t
21936	ZFBCFXBT0GP334715	t
21937	ZFBCFXCT0GP334721	t
21938	ZFBCFXBT0GP334722	t
21939	ZFBCFXBT0GP334725	t
21940	ZFBCFXBT0GP334728	t
21941	ZFBCFXCT0GP334730	t
21942	ZFBCFXBT0GP334732	t
21943	ZFBCFXBT0GP334737	t
21944	ZFBCFXCT0GP334745	t
21945	ZFBCFXCT0GP334747	t
21946	ZFBCFXCT0GP334755	t
21947	ZFBCFXET0GP334760	t
21948	ZFBCFXCT0GP334761	t
21949	ZFBCFXAT0GP334762	t
21950	ZFBCFXBT0GP334764	t
21951	ZFBCFXBT0GP334766	t
21952	ZFBCFXCT0GP334769	t
21953	ZFBCFXBT0GP334771	t
21954	ZFBCFXCT0GP334774	t
21955	ZFBCFXCT0GP334783	t
21956	ZFBCFXCT0GP334789	t
21957	ZFBCFYBT0GP334797	t
21958	ZFBCFXBT0GP334802	t
21959	ZFBCFXAW0GP334805	t
21960	ZFBCFYCT0GP334807	t
21961	ZFBCFYCT0GP334816	t
21962	ZFBCFYBT0GP334820	t
21963	ZFBCFXCT0GP334822	t
21964	ZFBCFYCT0GP334823	t
21965	ZFBCFXCT0GP334825	t
21966	ZFBCFXCT0GP334826	t
21967	ZFBCFYBT0GP334828	t
21968	ZFBCFYCT0GP334832	t
21969	ZFBCFXAW0GP334838	t
21970	ZFBCFYBT0GP334839	t
21971	ZFBCFXCT0GP334841	t
21972	ZFBCFXCT0GP334842	t
21973	ZFBCFYBT0GP334847	t
21974	ZFBCFXCT0GP334848	t
21975	ZFBCFYBT0GP334854	t
21976	ZFBCFXAW0GP334856	t
21977	ZFBCFXBT0GP334857	t
21978	ZFBCFXAW0GP334859	t
21979	ZFBCFXAW0GP334865	t
21980	ZFBCFYBT0GP334868	t
21981	ZFBCFXAW0GP334869	t
21982	ZFBCFYCT0GP334870	t
21983	ZFBCFXBT0GP334871	t
21984	ZFBCFXAW0GP334874	t
21985	ZFBCFXAW0GP334884	t
21986	ZFBCFXBT0GP334887	t
21987	ZFBCFYCT0GP334892	t
21988	ZFBCFYBT0GP334897	t
21989	ZFBCFXCT0GP334898	t
21990	ZFBCFYBT0GP334902	t
21991	ZFBCFYCT0GP334903	t
21992	ZFBCFYBT0GP334905	t
21993	ZFBCFYBT0GP334906	t
21994	ZFBCFYBT0GP334915	t
21995	ZFBCFXCT0GP334919	t
21996	ZFBCFYCT0GP334925	t
21997	ZFBCFXCT0GP334930	t
21998	ZFBCFXAW0GP334933	t
21999	ZFBCFYCT0GP334936	t
22000	ZFBCFYET0GP334940	t
22001	ZFBCFYET0GP334941	t
22002	ZFBCFYET0GP334947	t
22003	ZFBCFYDT0GP334948	t
22004	ZFBCFYCT0GP334949	t
22005	ZFBCFXCT0GP334962	t
22006	ZFBCFYCT0GP334963	t
22007	ZFBCFXET0GP334970	t
22008	ZFBCFXDT0GP334972	t
22009	ZFBCFXBT0GP334973	t
22010	ZFBCFYBT0GP334978	t
22011	ZFBCFYET0GP334979	t
22012	ZFBCFXCT0GP334984	t
22013	ZFBCFXCT0GP334988	t
22014	ZFBCFYCT0GP334994	t
22015	ZFBCFXBT0GP334995	t
22016	ZFBCFYCT0GP334997	t
22017	ZFBCFXBT0GP334999	t
22018	ZFBCFYBT0GP335001	t
22019	ZFBCFXBT0GP335017	t
22020	ZFBCFXBT0GP335022	t
22021	ZFBCFYCT0GP335026	t
22022	ZFBCFXCT0GP335033	t
22023	ZFBCFXCT0GP335039	t
22024	ZFBCFXBT0GP335046	t
22025	ZFBCFXCT0GP335049	t
22026	ZFBCFXDT0GP335051	t
22027	ZFBCFXBT0GP335061	t
22028	ZFBCFXAW0GP335073	t
22029	ZFBCFXAW0GP335077	t
22030	ZFBCFYDT0GP335085	t
22031	ZFBCFXBT0GP335092	t
22032	ZFBCFXBT0GP335101	t
22033	ZFBCFYCT0GP335102	t
22034	ZFBCFXBT0GP335116	t
22035	ZFBCFXBT0GP335123	t
22036	ZFBCFXBT0GP335124	t
22037	ZFBCFXBT0GP335146	t
22038	ZFBCFXBT0GP335160	t
22039	ZFBCFXBT0GP335161	t
22040	ZFBCFXCT0GP335170	t
22041	ZFBCFXBT0GP335171	t
22042	ZFBCFXCT0GP335173	t
22043	ZFBCFXBT0GP335185	t
22044	ZFBCFXDT0GP335189	t
22045	ZFBCFXBT0GP335200	t
22046	ZFBCFXBT0GP335201	t
22047	ZFBCFXCT0GP335202	t
22048	ZFBCFXCT0GP335210	t
22049	ZFBCFXCT0GP335213	t
22050	ZFBCFXBT0GP335215	t
22051	ZFBCFXCT0GP335216	t
22052	ZFBCFXCT0GP335220	t
22053	ZFBCFXBT0GP335222	t
22054	ZFBCFXBT0GP335225	t
22055	ZFBCFXDT0GP335228	t
22056	ZFBCFXCT0GP335238	t
22057	ZFBCFXBT0GP335241	t
22058	ZFBCFYCT0GP335243	t
22059	ZFBCFXCT0GP335249	t
22060	ZFBCFXBT0GP335254	t
22061	ZFBCFXCT0GP335255	t
22062	ZFBCFYCT0GP335256	t
22063	ZFBCFXCT0GP335261	t
22064	ZFBCFXCT0GP335268	t
22065	ZFBCFXCT0GP335271	t
22066	ZFBCFXCT0GP335274	t
22067	ZFBCFXBT0GP335275	t
22068	ZFBCFXCT0GP335277	t
22069	ZFBCFXCT0GP335278	t
22070	ZFBCFYCT0GP335289	t
22071	ZFBCFYBT0GP335293	t
22072	ZFBCFXBT0GP335295	t
22073	ZFBCFXCT0GP335300	t
22074	ZFBCFXCT0GP335302	t
22075	ZFBCFYCT0GP335303	t
22076	ZFBCFXBT0GP335306	t
22077	ZFBCFXCT0GP335308	t
22078	ZFBCFXET0GP335312	t
22079	ZFBCFYBT0GP335313	t
22080	ZFBCFXCT0GP335314	t
22081	ZFBCFXBT0GP335321	t
22082	ZFBCFXCT0GP335332	t
22083	ZFBCFYET0GP335334	t
22084	ZFBCFXBT0GP335337	t
22085	ZFBCFXCT0GP335342	t
22086	ZFBCFXBT0GP335353	t
22087	ZFBCFXCT0GP335365	t
22088	ZFBCFYET0GP335376	t
22089	ZFBCFXBT0GP335379	t
22090	ZFBCFXET0GP335380	t
22091	ZFBCFXCT0GP335387	t
22092	ZFBCFXBT0GP335388	t
22093	ZFBCFXCT0GP335393	t
22094	ZFBCFXBT0GP335394	t
22095	ZFBCFXET0GP335396	t
22096	ZFBCFXCT0GP335397	t
22097	ZFBCFXBT0GP335408	t
22098	ZFBCFXCT0GP335412	t
22099	ZFBCFYDT0GP335415	t
22100	ZFBCFYCT0GP335417	t
22101	ZFBCFYCT0GP335428	t
22102	ZFBCFXBT0GP335434	t
22103	ZFBCFXBT0GP335439	t
22104	ZFBCFXCT0GP335444	t
22105	ZFBCFXCT0GP335445	t
22106	ZFBCFYDT0GP335449	t
22107	ZFBCFYET0GP335450	t
22108	ZFBCFYCT0GP335451	t
22109	ZFBCFYCT0GP335457	t
22110	ZFBCFXBT0GP335472	t
22111	ZFBCFXBT0GP335474	t
22112	ZFBCFYCT0GP335475	t
22113	ZFBCFYBT0GP335480	t
22114	ZFBCFXBT0GP335482	t
22115	ZFBCFYCT0GP335493	t
22116	ZFBCFXBT0GP335501	t
22117	ZFBCFXBT0GP335505	t
22118	ZFBCFYCT0GP335509	t
22119	ZFBCFYCT0GP335510	t
22120	ZFBCFYBT0GP335511	t
22121	ZFBCFYBT0GP335512	t
22122	ZFBCFXBT0GP335513	t
22123	ZFBCFXBT0GP335521	t
22124	ZFBCFXCT0GP335527	t
22125	ZFBCFXBT0GP335530	t
22126	ZFBCFXBT0GP335531	t
22127	ZFBCFXBT0GP335532	t
22128	ZFBCFXBT0GP335535	t
22129	ZFBCFXBT0GP335539	t
22130	ZFBCFXBT0GP335541	t
22131	ZFBCFXBT0GP335544	t
22132	ZFBCFXBT0GP335550	t
22133	ZFBCFXBT0GP335552	t
22134	ZFBCFXBT0GP335555	t
22135	ZFBCFXCT0GP335556	t
22136	ZFBCFXBT0GP335557	t
22137	ZFBCFXBT0GP335558	t
22138	ZFBCFXCT0GP335560	t
22139	ZFBCFXBT0GP335561	t
22140	ZFBCFXCT0GP335565	t
22141	ZFBCFXBT0GP335580	t
22142	ZFBCFXCT0GP335622	t
22143	ZFBCFXCT0GP335624	t
22144	ZFBCFXCT0GP335626	t
22145	ZFBCFYCT0GP335630	t
22146	ZFBCFXCT0GP335634	t
22147	ZFBCFXBT0GP335636	t
22148	ZFBCFXBT0GP335638	t
22149	ZFBCFXBT0GP335645	t
22150	ZFBCFXBT0GP335648	t
22151	ZFBCFXBT0GP335650	t
22152	ZFBCFXBT0GP335651	t
22153	ZFBCFXBT0GP335660	t
22154	ZFBCFXCT0GP335664	t
22155	ZFBCFXBT0GP335667	t
22156	ZFBCFXBT0GP335670	t
22157	ZFBCFXBT0GP335674	t
22158	ZFBCFXBT0GP335695	t
22159	ZFBCFXCT0GP335696	t
22160	ZFBCFXBT0GP335699	t
22161	ZFBCFXBT0GP335702	t
22162	ZFBCFXBT0GP335703	t
22163	ZFBCFXBT0GP335714	t
22164	ZFBCFYCT0GP335718	t
22165	ZFBCFXBT0GP335721	t
22166	ZFBCFXBT0GP335722	t
22167	ZFBCFXBT0GP335794	t
22168	ZFBCFXBT0GP335818	t
22169	ZFBCFXBT0GP335821	t
22170	ZFBCFXBT0GP335830	t
22171	ZFBCFXBT0GP335835	t
22172	ZFBCFYCT0GP335836	t
22173	ZFBCFYCT0GP335839	t
22174	ZFBCFYCT0GP335846	t
22175	ZFBCFXDT0GP335848	t
22176	ZFBCFYCT0GP335853	t
22177	ZFBCFYBT0GP335855	t
22178	ZFBCFYCT0GP335858	t
22179	ZFBCFYCT0GP335861	t
22180	ZFBCFYDT0GP335871	t
22181	ZFBCFXDT0GP335872	t
22182	ZFBCFXDT0GP335874	t
22183	ZFBCFXDT0GP335881	t
22184	ZFBCFYBT0GP335882	t
22185	ZFBCFYCT0GP335886	t
22186	ZFBCFXDT0GP335888	t
22187	ZFBCFYCT0GP335897	t
22188	ZFBCFXCT0GP335899	t
22189	ZFBCFXDT0GP335903	t
22190	ZFBCFYDT0GP335907	t
22191	ZFBCFXDT0GP335908	t
22192	ZFBCFYCT0GP335911	t
22193	ZFBCFXBT0GP335921	t
22194	ZFBCFXBT0GP335924	t
22195	ZFBCFXBT0GP335934	t
22196	ZFBCFXDT0GP335943	t
22197	ZFBCFXBT0GP335964	t
22198	ZFBCFYDT0GP335978	t
22199	ZFBCFYDT0GP335989	t
22200	ZFBCFXBT0GP335993	t
22201	ZFBCFXBT0GP336043	t
22202	ZFBCFYBT0GP336044	t
22203	ZFBCFXBT0GP336054	t
22204	ZFBCFXBT0GP336055	t
22205	ZFBCFXBT0GP336060	t
22206	ZFBCFXBT0GP336076	t
22207	ZFBCFXBT0GP336090	t
22208	ZFBCFYBT0GP336121	t
22209	ZFBCFXBT0GP336130	t
22210	ZFBCFXBT0GP336168	t
22211	ZFBCFXDT0GP336182	t
22212	ZFBCFXBT0GP336189	t
22213	ZFBCFXBT0GP336203	t
22214	ZFBCFYDT0GP336218	t
22215	ZFBCFYCT0GP336230	t
22216	ZFBCFYDT0GP336243	t
22217	ZFBCFXBT0GP336255	t
22218	ZFBCFYDT0GP336272	t
22219	ZFBCFYDT0GP336273	t
22220	ZFBCFYBT0GP336276	t
22221	ZFBCFXAW0GP336281	t
22222	ZFBCFYDT0GP336283	t
22223	ZFBCFXBT0GP336303	t
22224	ZFBCFYCT0GP336304	t
22225	ZFBCFXAW0GP336318	t
22226	ZFBCFXBT0GP336323	t
22227	ZFBCFXET0GP336332	t
22228	ZFBCFXAW0GP336334	t
22229	ZFBCFXCT0GP336338	t
22230	ZFBCFXBT0GP336346	t
22231	ZFBCFYET0GP336347	t
22232	ZFBCFYDT0GP336349	t
22233	ZFBCFXBT0GP336351	t
22234	ZFBCFYBT0GP336353	t
22235	ZFBCFXET0GP336354	t
22236	ZFBCFYBT0GP336355	t
22237	ZFBCFXET0GP336359	t
22238	ZFBCFYBT0GP336360	t
22239	ZFBCFXET0GP336365	t
22240	ZFBCFYCT0GP336373	t
22241	ZFBCFYET0GP336374	t
22242	ZFBCFXCT0GP336378	t
22243	ZFBCFYBT0GP336386	t
22244	ZFBCFXDT0GP336389	t
22245	ZFBCFYBT0GP336394	t
22246	ZFBCFXBT0GP336407	t
22247	ZFBCFYDT0GP336408	t
22248	ZFBCFYDT0GP336412	t
22249	ZFBCFYDT0GP336415	t
22250	ZFBCFYDT0GP336416	t
22251	ZFBCFXBT0GP336422	t
22252	ZFBCFXCT0GP336425	t
22253	ZFBCFXET0GP336426	t
22254	ZFBCFXCT0GP336429	t
22255	ZFBCFYET0GP336430	t
22256	ZFBCFYBT0GP336431	t
22257	ZFBCFYCT0GP336433	t
22258	ZFBCFXET0GP336437	t
22259	ZFBCFXCT0GP336442	t
22260	ZFBCFXET0GP336443	t
22261	ZFBCFYDT0GP336445	t
22262	ZFBCFXET0GP336451	t
22263	ZFBCFYDT0GP336455	t
22264	ZFBCFXCT0GP336457	t
22265	ZFBCFYCT0GP336473	t
22266	ZFBCFYCT0GP336474	t
22267	ZFBCFYDT0GP336476	t
22268	ZFBCFXCT0GP336479	t
22269	ZFBCFYCT0GP336486	t
22270	ZFBCFXAW0GP336488	t
22271	ZFBCFXCT0GP336489	t
22272	ZFBCFXBT0GP336499	t
22273	ZFBCFYCT0GP336500	t
22274	ZFBCFYDT0GP336504	t
22275	ZFBCFYCT0GP336510	t
22276	ZFBCFYCT0GP336513	t
22277	ZFBCFXBT0GP336518	t
22278	ZFBCFYBT0GP336519	t
22279	ZFBCFYBT0GP336520	t
22280	ZFBCFXBT0GP336527	t
22281	ZFBCFYCT0GP336548	t
22282	ZFBCFXCT0GP336551	t
22283	ZFBCFXCT0GP336564	t
22284	ZFBCFYBT0GP336576	t
22285	ZFBCFYBT0GP336588	t
22286	ZFBCFYBT0GP336598	t
22287	ZFBCFYCT0GP336599	t
22288	ZFBCFXAW0GP336600	t
22289	ZFBCFYDT0GP336602	t
22290	ZFBCFXBT0GP336603	t
22291	ZFBCFYBT0GP336605	t
22292	ZFBCFYBT0GP336613	t
22293	ZFBCFXBT0GP336614	t
22294	ZFBCFYBT0GP336615	t
22295	ZFBCFYBT0GP336616	t
22296	ZFBCFYBT0GP336617	t
22297	ZFBCFYBT0GP336621	t
22298	ZFBCFYBT0GP336623	t
22299	ZFBCFYBT0GP336628	t
22300	ZFBCFYBT0GP336629	t
22301	ZFBCFYBT0GP336630	t
22302	ZFBCFXAW0GP336633	t
22303	ZFBCFXBT0GP336638	t
22304	ZFBCFXBT0GP336640	t
22305	ZFBCFYBT0GP336641	t
22306	ZFBCFYBT0GP336643	t
22307	ZFBCFXBT0GP336644	t
22308	ZFBCFXCT0GP336646	t
22309	ZFBCFYCT0GP336648	t
22310	ZFBCFYCT0GP336650	t
22311	ZFBCFYDT0GP336652	t
22312	ZFBCFYCT0GP336657	t
22313	ZFBCFYCT0GP336661	t
22314	ZFBCFXBT0GP336663	t
22315	ZFBCFYBT0GP336672	t
22316	ZFBCFXCT0GP336686	t
22317	ZFBCFYDT0GP336691	t
22318	ZFBCFYBT0GP336694	t
22319	ZFBCFYBT0GP336697	t
22320	ZFBCFYBT0GP336699	t
22321	ZFBCFYBT0GP336700	t
22322	ZFBCFXBT0GP336704	t
22323	ZFBCFYBT0GP336709	t
22324	ZFBCFYDT0GP336710	t
22325	ZFBCFYBT0GP336712	t
22326	ZFBCFYBT0GP336715	t
22327	ZFBCFYBT0GP336717	t
22328	ZFBCFXBT0GP336719	t
22329	ZFBCFYBT0GP336720	t
22330	ZFBCFYBT0GP336722	t
22331	ZFBCFYBT0GP336724	t
22332	ZFBCFYBT0GP336727	t
22333	ZFBCFYBT0GP336732	t
22334	ZFBCFYCT0GP336734	t
22335	ZFBCFYBT0GP336736	t
22336	ZFBCFXBT0GP336738	t
22337	ZFBCFXCT0GP336739	t
22338	ZFBCFXBT0GP336752	t
22339	ZFBCFYBT0GP336753	t
22340	ZFBCFYBT0GP336763	t
22341	ZFBCFXBT0GP336765	t
22342	ZFBCFYBT0GP336770	t
22343	ZFBCFYBT0GP336774	t
22344	ZFBCFYBT0GP336781	t
22345	ZFBCFYBT0GP336786	t
22346	ZFBCFYBT0GP336788	t
22347	ZFBCFYBT0GP336791	t
22348	ZFBCFYBT0GP336795	t
22349	ZFBCFYDT0GP336813	t
22350	ZFBCFXBT0GP336815	t
22351	ZFBCFYDT0GP336817	t
22352	ZFBCFXDT0GP336825	t
22353	ZFBCFYET0GP336826	t
22354	ZFBCFYCT0GP336827	t
22355	ZFBCFYDT0GP336829	t
22356	ZFBCFYDT0GP336830	t
22357	ZFBCFXCT0GP336831	t
22358	ZFBCFXCT0GP336833	t
22359	ZFBCFYDT0GP336834	t
22360	ZFBCFYDT0GP336836	t
22361	ZFBCFYDT0GP336838	t
22362	ZFBCFYCT0GP336846	t
22363	ZFBCFXBT0GP336851	t
22364	ZFBCFYCT0GP336852	t
22365	ZFBCFXCT0GP336864	t
22366	ZFBCFYDT0GP336870	t
22367	ZFBCFYBT0GP336873	t
22368	ZFBCFXBT0GP336874	t
22369	ZFBCFXBT0GP336878	t
22370	ZFBCFYBT0GP336880	t
22371	ZFBCFYDT0GP336889	t
22372	ZFBCFYET0GP336895	t
22373	ZFBCFYDT0GP336899	t
22374	ZFBCFXET0GP336902	t
22375	ZFBCFYDT0GP336904	t
22376	ZFBCFYDT0GP336909	t
22377	ZFBCFXBT0GP336911	t
22378	ZFBCFYDT0GP336912	t
22379	ZFBCFXBT0GP336913	t
22380	ZFBCFYBT0GP336919	t
22381	ZFBCFYBT0GP336926	t
22382	ZFBCFYBT0GP336930	t
22383	ZFBCFYBT0GP336931	t
22384	ZFBCFXBT0GP336933	t
22385	ZFBCFYBT0GP336940	t
22386	ZFBCFYDT0GP336947	t
22387	ZFBCFYBT0GP336949	t
22388	ZFBCFXCT0GP336950	t
22389	ZFBCFYDT0GP336952	t
22390	ZFBCFYDT0GP336955	t
22391	ZFBCFYBT0GP336959	t
22392	ZFBCFXCT0GP336966	t
22393	ZFBCFXCT0GP336969	t
22394	ZFBCFYDT0GP336970	t
22395	ZFBCFXDT0GP336971	t
22396	ZFBCFYBT0GP336974	t
22397	ZFBCFXDT0GP336975	t
22398	ZFBCFYBT0GP336976	t
22399	ZFBCFXBT0GP336981	t
22400	ZFBCFXDT0GP336982	t
22401	ZFBCFXBT0GP336983	t
22402	ZFBCFYBT0GP336989	t
22403	ZFBCFXCT0GP336995	t
22404	ZFBCFYCT0GP336996	t
22405	ZFBCFYBT0GP336997	t
22406	ZFBCFXDT0GP336998	t
22407	ZFBCFYCT0GP337001	t
22408	ZFBCFYBT0GP337002	t
22409	ZFBCFXDT0GP337004	t
22410	ZFBCFYBT0GP337009	t
22411	ZFBCFXCT0GP337012	t
22412	ZFBCFYBT0GP337013	t
22413	ZFBCFYCT0GP337018	t
22414	ZFBCFXDT0GP337019	t
22415	ZFBCFXCT0GP337023	t
22416	ZFBCFYDT0GP337026	t
22417	ZFBCFYBT0GP337030	t
22418	ZFBCFYBT0GP337033	t
22419	ZFBCFYBT0GP337039	t
22420	ZFBCFYBT0GP337040	t
22421	ZFBCFXDT0GP337041	t
22422	ZFBCFXBT0GP337043	t
22423	ZFBCFXDT0GP337047	t
22424	ZFBCFYBT0GP337049	t
22425	ZFBCFXDT0GP337055	t
22426	ZFBCFYCT0GP337056	t
22427	ZFBCFYBT0GP337058	t
22428	ZFBCFXCT0GP337060	t
22429	ZFBCFXCT0GP337063	t
22430	ZFBCFYCT0GP337066	t
22431	ZFBCFYCT0GP337068	t
22432	ZFBCFXCT0GP337070	t
22433	ZFBCFXCT0GP337075	t
22434	ZFBCFXCT0GP337077	t
22435	ZFBCFXCT0GP337079	t
22436	ZFBCFXCT0GP337080	t
22437	ZFBCFXBT0GP337083	t
22438	ZFBCFYBT0GP337084	t
22439	ZFBCFYBT0GP337087	t
22440	ZFBCFYBT0GP337088	t
22441	ZFBCFXCT0GP337093	t
22442	ZFBCFXCT0GP337094	t
22443	ZFBCFXDT0GP337095	t
22444	ZFBCFXCT0GP337098	t
22445	ZFBCFXBT0GP337100	t
22446	ZFBCFXCT0GP337101	t
22447	ZFBCFXCT0GP337102	t
22448	ZFBCFXCT0GP337104	t
22449	ZFBCFYBT0GP337106	t
22450	ZFBCFXDT0GP337107	t
22451	ZFBCFXBT0GP337110	t
22452	ZFBCFYBT0GP337112	t
22453	ZFBCFXCT0GP337114	t
22454	ZFBCFXBT0GP337118	t
22455	ZFBCFXCT0GP337120	t
22456	ZFBCFXCT0GP337125	t
22457	ZFBCFXCT0GP337126	t
22458	ZFBCFXCT0GP337129	t
22459	ZFBCFXCT0GP337130	t
22460	ZFBCFYCT0GP337131	t
22461	ZFBCFYCT0GP337132	t
22462	ZFBCFXCT0GP337133	t
22463	ZFBCFXDT0GP337138	t
22464	ZFBCFXBT0GP337144	t
22465	ZFBCFYDT0GP337164	t
22466	ZFBCFXBT0GP337191	t
22467	ZFBCFXBT0GP337200	t
22468	ZFBCFXDT0GP337208	t
22469	ZFBCFYET0GP337209	t
22470	ZFBCFXCT0GP337215	t
22471	ZFBCFXBT0GP337219	t
22472	ZFBCFXCT0GP337222	t
22473	ZFBCFXCT0GP337223	t
22474	ZFBCFYBT0GP337224	t
22475	ZFBCFXCT0GP337226	t
22476	ZFBCFYCT0GP337227	t
22477	ZFBCFXBT0GP337229	t
22478	ZFBCFXCT0GP337230	t
22479	ZFBCFXCT0GP337231	t
22480	ZFBCFXBT0GP337233	t
22481	ZFBCFXCT0GP337237	t
22482	ZFBCFXCT0GP337240	t
22483	ZFBCFXCT0GP337241	t
22484	ZFBCFYDT0GP337243	t
22485	ZFBCFYBT0GP337246	t
22486	ZFBCFYDT0GP337252	t
22487	ZFBCFXDT0GP337253	t
22488	ZFBCFYET0GP337254	t
22489	ZFBCFYET0GP337257	t
22490	ZFBCFYDT0GP337258	t
22491	ZFBCFXBT0GP337264	t
22492	ZFBCFXCT0GP337281	t
22493	ZFBCFXDT0GP337284	t
22494	ZFBCFXCT0GP337319	t
22495	ZFBCFXCT0GP337331	t
22496	ZFBCFXCT0GP337333	t
22497	ZFBCFYDT0GP337343	t
22498	ZFBCFXET0GP337357	t
22499	ZFBCFYCT0GP337368	t
22500	ZFBCFYDT0GP337371	t
22501	ZFBCFYET0GP337383	t
22502	ZFBCFYET0GP337384	t
22503	ZFBCFYET0GP337388	t
22504	ZFBCFYDT0GP337406	t
22505	ZFBCFYCT0GP337407	t
22506	ZFBCFYCT0GP337411	t
22507	ZFBCFYCT0GP337412	t
22508	ZFBCFXDT0GP337416	t
22509	ZFBCFYCT0GP337421	t
22510	ZFBCFYCT0GP337428	t
22511	ZFBCFYET0GP337439	t
22512	ZFBCFYCT0GP337450	t
22513	ZFBCFYDT0GP337453	t
22514	ZFBCFYET0GP337456	t
22515	ZFBCFYET0GP337457	t
22516	ZFBCFYCT0GP337462	t
22517	ZFBCFXDT0GP337476	t
22518	ZFBCFXAW0GP337480	t
22519	ZFBCFYBT0GP337486	t
22520	ZFBCFYDT0GP337490	t
22521	ZFBCFYCT0GP337491	t
22522	ZFBCFXAW0GP337493	t
22523	ZFBCFXAT0GP337496	t
22524	ZFBCFYCT0GP337499	t
22525	ZFBCFYDT0GP337502	t
22526	ZFBCFYET0GP337503	t
22527	ZFBCFXDT0GP337504	t
22528	ZFBCFXCT0GP337507	t
22529	ZFBCFYBT0GP337508	t
22530	ZFBCFYBT0GP337510	t
22531	ZFBCFYCT0GP337512	t
22532	ZFBCFXAW0GP337513	t
22533	ZFBCFYDT0GP337515	t
22534	ZFBCFYCT0GP337517	t
22535	ZFBCFXAW0GP337518	t
22536	ZFBCFYCT0GP337522	t
22537	ZFBCFYDT0GP337526	t
22538	ZFBCFXAT0GP337529	t
22539	ZFBCFXBT0GP337533	t
22540	ZFBCFXAT0GP337534	t
22541	ZFBCFYDT0GP337537	t
22542	ZFBCFYCT0GP337538	t
22543	ZFBCFXBT0GP337542	t
22544	ZFBCFYCT0GP337549	t
22545	ZFBCFYDT0GP337551	t
22546	ZFBCFYCT0GP337556	t
22547	ZFBCFXBT0GP337568	t
22548	ZFBCFXAT0GP337574	t
22549	ZFBCFYBT0GP337575	t
22550	ZFBCFYBT0GP337576	t
22551	ZFBCFXDT0GP337580	t
22552	ZFBCFXDT0GP337582	t
22553	ZFBCFXDT0GP337585	t
22554	ZFBCFXDT0GP337587	t
22555	ZFBCFXBT0GP337589	t
22556	ZFBCFXBT0GP337601	t
22557	ZFBCFXBT0GP337605	t
22558	ZFBCFXBT0GP337608	t
22559	ZFBCFYBT0GP337641	t
22560	ZFBCFXBT0GP337658	t
22561	ZFBCFYCT0GP337664	t
22562	ZFBCFXBT0GP337667	t
22563	ZFBCFXBT0GP337673	t
22564	ZFBCFYCT0GP337676	t
22565	ZFBCFYBT0GP337694	t
22566	ZFBCFYDT0GP337695	t
22567	ZFBCFYDT0GP337697	t
22568	ZFBCFXBT0GP337698	t
22569	ZFBCFYDT0GP337702	t
22570	ZFBCFYCT0GP337704	t
22571	ZFBCFYCT0GP337714	t
22572	ZFBCFXDT0GP337718	t
22573	ZFBCFYCT0GP337726	t
22574	ZFBCFYCT0GP337735	t
22575	ZFBCFYCT0GP337736	t
22576	ZFBCFYCT0GP337744	t
22577	ZFBCFYCT0GP337761	t
22578	ZFBCFYCT0GP337765	t
22579	ZFBCFYCT0GP337766	t
22580	ZFBCFYCT0GP337768	t
22581	ZFBCFYCT0GP337772	t
22582	ZFBCFYDT0GP337776	t
22583	ZFBCFYBT0GP337786	t
22584	ZFBCFYBT0GP337787	t
22585	ZFBCFYBT0GP337789	t
22586	ZFBCFYCT0GP337792	t
22587	ZFBCFYDT0GP337796	t
22588	ZFBCFYCT0GP337802	t
22589	ZFBCFYCT0GP337821	t
22590	ZFBCFXBT0GP337822	t
22591	ZFBCFYCT0GP337824	t
22592	ZFBCFYDT0GP337828	t
22593	ZFBCFYCT0GP337830	t
22594	ZFBCFYCT0GP337832	t
22595	ZFBCFYCT0GP337835	t
22596	ZFBCFYDT0GP337838	t
22597	ZFBCFYCT0GP337839	t
22598	ZFBCFXBT0GP337845	t
22599	ZFBCFYCT0GP337849	t
22600	ZFBCFYCT0GP337850	t
22601	ZFBCFXAW0GP337852	t
22602	ZFBCFYET0GP337854	t
22603	ZFBCFYDT0GP337855	t
22604	ZFBCFYCT0GP337857	t
22605	ZFBCFYCT0GP337860	t
22606	ZFBCFXAT0GP337869	t
22607	ZFBCFXDT0GP337870	t
22608	ZFBCFXBT0GP337871	t
22609	ZFBCFXDT0GP337872	t
22610	ZFBCFXCT0GP337879	t
22611	ZFBCFYDT0GP337883	t
22612	ZFBCFXBT0GP337885	t
22613	ZFBCFXAW0GP337889	t
22614	ZFBCFYET0GP337891	t
22615	ZFBCFXDT0GP337892	t
22616	ZFBCFYDT0GP337900	t
22617	ZFBCFYCT0GP337902	t
22618	ZFBCFXDT0GP337903	t
22619	ZFBCFYDT0GP337912	t
22620	ZFBCFYDT0GP337918	t
22621	ZFBCFYCT0GP337923	t
22622	ZFBCFXBT0GP337924	t
22623	ZFBCFYDT0GP337930	t
22624	ZFBCFYBT0GP337935	t
22625	ZFBCFYDT0GP337937	t
22626	ZFBCFYCT0GP337939	t
22627	ZFBCFYDT0GP337941	t
22628	ZFBCFXBT0GP337951	t
22629	ZFBCFXBT0GP337953	t
22630	ZFBCFYBT0GP337954	t
22631	ZFBCFXBT0GP337967	t
22632	ZFBCFXBT0GP337968	t
22633	ZFBCFYDT0GP337970	t
22634	ZFBCFYDT0GP337971	t
22635	ZFBCFXCT0GP337973	t
22636	ZFBCFYDT0GP337975	t
22637	ZFBCFYBT0GP337977	t
22638	ZFBCFYDT0GP337978	t
22639	ZFBCFXDT0GP337980	t
22640	ZFBCFXBT0GP337981	t
22641	ZFBCFXCT0GP337982	t
22642	ZFBCFXBT0GP337987	t
22643	ZFBCFYCT0GP337991	t
22644	ZFBCFXBT0GP337997	t
22645	ZFBCFXBT0GP337998	t
22646	ZFBCFXBT0GP337999	t
22647	ZFBCFXBT0GP338009	t
22648	ZFBCFXCT0GP338016	t
22649	ZFBCFXBT0GP338029	t
22650	ZFBCFYCT0GP338036	t
22651	ZFBCFYCT0GP338039	t
22652	ZFBCFXCT0GP338042	t
22653	ZFBCFYCT0GP338043	t
22654	ZFBCFXBT0GP338047	t
22655	ZFBCFYDT0GP338048	t
22656	ZFBCFYDT0GP338051	t
22657	ZFBCFXDT0GP338053	t
22658	ZFBCFXBT0GP338055	t
22659	ZFBCFYDT0GP338058	t
22660	ZFBCFYDT0GP338061	t
22661	ZFBCFYCT0GP338062	t
22662	ZFBCFYBT0GP338065	t
22663	ZFBCFYDT0GP338066	t
22664	ZFBCFXAW0GP338067	t
22665	ZFBCFXBT0GP338068	t
22666	ZFBCFXBT0GP338073	t
22667	ZFBCFYDT0GP338074	t
22668	ZFBCFYCT0GP338075	t
22669	ZFBCFXBT0GP338080	t
22670	ZFBCFYCT0GP338081	t
22671	ZFBCFXDT0GP338082	t
22672	ZFBCFYDT0GP338083	t
22673	ZFBCFYDT0GP338084	t
22674	ZFBCFXBT0GP338088	t
22675	ZFBCFYDT0GP338089	t
22676	ZFBCFYCT0GP338098	t
22677	ZFBCFXDT0GP338100	t
22678	ZFBCFXBT0GP338103	t
22679	ZFBCFXBT0GP338104	t
22680	ZFBCFYCT0GP338106	t
22681	ZFBCFYCT0GP338110	t
22682	ZFBCFYDT0GP338113	t
22683	ZFBCFYDT0GP338116	t
22684	ZFBCFXDT0GP338135	t
22685	ZFBCFXAT0GP338136	t
22686	ZFBCFYDT0GP338140	t
22687	ZFBCFYCT0GP338149	t
22688	ZFBCFYBT0GP338157	t
22689	ZFBCFYCT0GP338158	t
22690	ZFBCFXBT0GP338163	t
22691	ZFBCFXCT0GP338166	t
22692	ZFBCFYCT0GP338167	t
22693	ZFBCFXBT0GP338169	t
22694	ZFBCFYDT0GP338170	t
22695	ZFBCFXAW0GP338172	t
22696	ZFBCFXAW0GP338180	t
22697	ZFBCFYDT0GP338194	t
22698	ZFBCFXBT0GP338204	t
22699	ZFBCFYDT0GP338205	t
22700	ZFBCFXAT0GP338209	t
22701	ZFBCFYCT0GP338212	t
22702	ZFBCFYDT0GP338214	t
22703	ZFBCFYCT0GP338218	t
22704	ZFBCFYDT0GP338221	t
22705	ZFBCFXBT0GP338231	t
22706	ZFBCFYCT0GP338237	t
22707	ZFBCFXCT0GP338238	t
22708	ZFBCFXAT0GP338249	t
22709	ZFBCFYDT0GP338251	t
22710	ZFBCFXBT0GP338252	t
22711	ZFBCFXAT0GP338253	t
22712	ZFBCFYDT0GP338254	t
22713	ZFBCFXAT0GP338258	t
22714	ZFBCFXBT0GP338262	t
22715	ZFBCFYDT0GP338263	t
22716	ZFBCFXDT0GP338264	t
22717	ZFBCFYDT0GP338265	t
22718	ZFBCFXCT0GP338266	t
22719	ZFBCFYCT0GP338267	t
22720	ZFBCFXBT0GP338271	t
22721	ZFBCFYBT0GP338273	t
22722	ZFBCFXBT0GP338274	t
22723	ZFBCFXBT0GP338275	t
22724	ZFBCFXBT0GP338276	t
22725	ZFBCFYCT0GP338277	t
22726	ZFBCFXBT0GP338278	t
22727	ZFBCFXBT0GP338279	t
22728	ZFBCFXBT0GP338280	t
22729	ZFBCFXAW0GP338282	t
22730	ZFBCFXBT0GP338284	t
22731	ZFBCFXBT0GP338285	t
22732	ZFBCFXBT0GP338287	t
22733	ZFBCFYCT0GP338288	t
22734	ZFBCFXBT0GP338289	t
22735	ZFBCFXBT0GP338290	t
22736	ZFBCFXBT0GP338291	t
22737	ZFBCFXBT0GP338292	t
22738	ZFBCFXBT0GP338293	t
22739	ZFBCFXDT0GP338294	t
22740	ZFBCFXBT0GP338295	t
22741	ZFBCFXBT0GP338296	t
22742	ZFBCFXCT0GP338297	t
22743	ZFBCFXBT0GP338298	t
22744	ZFBCFXBT0GP338299	t
22745	ZFBCFXBT0GP338300	t
22746	ZFBCFXAT0GP338301	t
22747	ZFBCFXBT0GP338302	t
22748	ZFBCFXCT0GP338303	t
22749	ZFBCFXBT0GP338304	t
22750	ZFBCFXDT0GP338305	t
22751	ZFBCFXBT0GP338306	t
22752	ZFBCFXBT0GP338307	t
22753	ZFBCFXBT0GP338308	t
22754	ZFBCFXBT0GP338309	t
22755	ZFBCFXBT0GP338310	t
22756	ZFBCFXBT0GP338311	t
22757	ZFBCFXBT0GP338312	t
22758	ZFBCFXBT0GP338315	t
22759	ZFBCFXBT0GP338317	t
22760	ZFBCFXBT0GP338318	t
22761	ZFBCFXCT0GP338320	t
22762	ZFBCFXBT0GP338323	t
22763	ZFBCFXBT0GP338325	t
22764	ZFBCFXBT0GP338331	t
22765	ZFBCFYBT0GP338336	t
22766	ZFBCFXBT0GP338338	t
22767	ZFBCFXBT0GP338352	t
22768	ZFBCFYCT0GP338355	t
22769	ZFBCFXBT0GP338369	t
22770	ZFBCFYCT0GP338370	t
22771	ZFBCFXBT0GP338374	t
22772	ZFBCFXBT0GP338378	t
22773	ZFBCFXBT0GP338390	t
22774	ZFBCFXBT0GP338391	t
22775	ZFBCFYCT0GP338397	t
22776	ZFBCFXBT0GP338412	t
22777	ZFBCFXBT0GP338425	t
22778	ZFBCFXBT0GP338427	t
22779	ZFBCFYCT0GP338428	t
22780	ZFBCFXBT0GP338429	t
22781	ZFBCFXCT0GP338430	t
22782	ZFBCFXDT0GP338431	t
22783	ZFBCFXCT0GP338432	t
22784	ZFBCFXDT0GP338441	t
22785	ZFBCFXBT0GP338443	t
22786	ZFBCFXBT0GP338444	t
22787	ZFBCFXCT0GP338445	t
22788	ZFBCFXBT0GP338446	t
22789	ZFBCFXBT0GP338447	t
22790	ZFBCFXBT0GP338452	t
22791	ZFBCFXCT0GP338455	t
22792	ZFBCFXBT0GP338457	t
22793	ZFBCFXDT0GP338458	t
22794	ZFBCFXDT0GP338462	t
22795	ZFBCFYCT0GP338463	t
22796	ZFBCFXBT0GP338464	t
22797	ZFBCFXCT0GP338466	t
22798	ZFBCFXBT0GP338467	t
22799	ZFBCFYCT0GP338473	t
22800	ZFBCFXBT0GP338477	t
22801	ZFBCFYCT0GP338480	t
22802	ZFBCFXBT0GP338481	t
22803	ZFBCFXCT0GP338485	t
22804	ZFBCFYCT0GP338487	t
22805	ZFBCFXCT0GP338489	t
22806	ZFBCFXCT0GP338493	t
22807	ZFBCFXBT0GP338494	t
22808	ZFBCFXCT0GP338499	t
22809	ZFBCFXCT0GP338501	t
22810	ZFBCFXCT0GP338508	t
22811	ZFBCFXCT0GP338510	t
22812	ZFBCFXCT0GP338515	t
22813	ZFBCFXCT0GP338516	t
22814	ZFBCFXCT0GP338519	t
22815	ZFBCFXBT0GP338521	t
22816	ZFBCFYCT0GP338522	t
22817	ZFBCFXCT0GP338523	t
22818	ZFBCFXCT0GP338526	t
22819	ZFBCFXCT0GP338529	t
22820	ZFBCFXBT0GP338531	t
22821	ZFBCFXCT0GP338538	t
22822	ZFBCFXCT0GP338540	t
22823	ZFBCFXCT0GP338541	t
22824	ZFBCFXCT0GP338543	t
22825	ZFBCFXCT0GP338547	t
22826	ZFBCFXCT0GP338548	t
22827	ZFBCFXCT0GP338549	t
22828	ZFBCFXCT0GP338550	t
22829	ZFBCFYDT0GP338552	t
22830	ZFBCFXBT0GP338553	t
22831	ZFBCFXBT0GP338554	t
22832	ZFBCFXCT0GP338556	t
22833	ZFBCFXBT0GP338557	t
22834	ZFBCFXCT0GP338560	t
22835	ZFBCFYCT0GP338564	t
22836	ZFBCFXCT0GP338570	t
22837	ZFBCFYDT0GP338574	t
22838	ZFBCFYBT0GP338583	t
22839	ZFBCFXBT0GP338584	t
22840	ZFBCFXCT0GP338585	t
22841	ZFBCFXCT0GP338586	t
22842	ZFBCFYBT0GP338590	t
22843	ZFBCFXBT0GP338591	t
22844	ZFBCFXBT0GP338595	t
22845	ZFBCFXBT0GP338599	t
22846	ZFBCFXBT0GP338600	t
22847	ZFBCFXBT0GP338602	t
22848	ZFBCFYBT0GP338605	t
22849	ZFBCFXBT0GP338606	t
22850	ZFBCFXBT0GP338607	t
22851	ZFBCFXBT0GP338608	t
22852	ZFBCFYCT0GP338614	t
22853	ZFBCFXDT0GP338618	t
22854	ZFBCFYCT0GP338622	t
22855	ZFBCFYCT0GP338623	t
22856	ZFBCFXBT0GP338626	t
22857	ZFBCFXBT0GP338628	t
22858	ZFBCFXBT0GP338633	t
22859	ZFBCFXBT0GP338636	t
22860	ZFBCFXBT0GP338638	t
22861	ZFBCFXBT0GP338639	t
22862	ZFBCFXBT0GP338640	t
22863	ZFBCFXDT0GP338645	t
22864	ZFBCFXDT0GP338646	t
22865	ZFBCFXDT0GP338647	t
22866	ZFBCFXBT0GP338651	t
22867	ZFBCFXBT0GP338656	t
22868	ZFBCFXBT0GP338660	t
22869	ZFBCFXET0GP338665	t
22870	ZFBCFXBT0GP338669	t
22871	ZFBCFXDT0GP338674	t
22872	ZFBCFXCT0GP338677	t
22873	ZFBCFXBT0GP338684	t
22874	ZFBCFXDT0GP338688	t
22875	ZFBCFXBT0GP338690	t
22876	ZFBCFXBT0GP338695	t
22877	ZFBCFXBT0GP338699	t
22878	ZFBCFXCT0GP338701	t
22879	ZFBCFYET0GP338704	t
22880	ZFBCFXBT0GP338707	t
22881	ZFBCFXCT0GP338708	t
22882	ZFBCFXBT0GP338713	t
22883	ZFBCFYBT0GP338714	t
22884	ZFBCFYCT0GP338717	t
22885	ZFBCFXBT0GP338720	t
22886	ZFBCFXBT0GP338726	t
22887	ZFBCFXBT0GP338730	t
22888	ZFBCFXBT0GP338734	t
22889	ZFBCFYCT0GP338735	t
22890	ZFBCFXBT0GP338738	t
22891	ZFBCFXDT0GP338743	t
22892	ZFBCFXCT0GP338744	t
22893	ZFBCFXET0GP338745	t
22894	ZFBCFXBT0GP338746	t
22895	ZFBCFXDT0GP338747	t
22896	ZFBCFXDT0GP338748	t
22897	ZFBCFYDT0GP338749	t
22898	ZFBCFXBT0GP338751	t
22899	ZFBCFYBT0GP338752	t
22900	ZFBCFYBT0GP338754	t
22901	ZFBCFXCT0GP338756	t
22902	ZFBCFXDT0GP338759	t
22903	ZFBCFXCT0GP338762	t
22904	ZFBCFXCT0GP338765	t
22905	ZFBCFXCT0GP338778	t
22906	ZFBCFXCT0GP338780	t
22907	ZFBCFXCT0GP338785	t
22908	ZFBCFXBT0GP338796	t
22909	ZFBCFXDT0GP338800	t
22910	ZFBCFXDT0GP338802	t
22911	ZFBCFXBT0GP338807	t
22912	ZFBCFXCT0GP338808	t
22913	ZFBCFXCT0GP338809	t
22914	ZFBCFXBT0GP338819	t
22915	ZFBCFXBT0GP338820	t
22916	ZFBCFXCT0GP338826	t
22917	ZFBCFXCT0GP338832	t
22918	ZFBCFYDT0GP338835	t
22919	ZFBCFXCT0GP338837	t
22920	ZFBCFXCT0GP338838	t
22921	ZFBCFXDT0GP338842	t
22922	ZFBCFXCT0GP338855	t
22923	ZFBCFXCT0GP338858	t
22924	ZFBCFXCT0GP338862	t
22925	ZFBCFXDT0GP338864	t
22926	ZFBCFXDT0GP338871	t
22927	ZFBCFXCT0GP338877	t
22928	ZFBCFXCT0GP338880	t
22929	ZFBCFYCT0GP338882	t
22930	ZFBCFYDT0GP338885	t
22931	ZFBCFXCT0GP338887	t
22932	ZFBCFXCT0GP338889	t
22933	1C9FA4028R1257228	t
22934	1C9FA402XR1257134	t
22935	1C9FA4021R1257233	t
22936	1C9FA4023R1257234	t
22937	1C9FA4028R1257214	t
22938	1C9FA3823R1257183	t
22939	1C9FA4023R1257279	t
22940	1C9FA4025R1257235	t
22941	1C9FA3828R1257205	t
22942	1C9FA3820R1257206	t
22943	1C9FA4734R1257225	t
22944	1C9FA3822R1257207	t
22945	1C9FA3824R1257208	t
22946	1C9FA3826R1257209	t
22947	1C9FA3822R1257210	t
22948	1C9FA3826R1257212	t
22949	1C9FA3828R1257213	t
22950	1C9FA3820R1257240	t
22951	1C9FA4021R1257135	t
22952	1C9FA3823R1257250	t
22953	1C9FA4535R1257236	t
22954	1C9FA4025R1257235	t
22955	1C9FA3827R1257462	t
22956	1C9FA3829R1257463	t
22957	1C9FA3820R1257464	t
22958	1C9FA3822R1257465	t
22959	1C9FA3824R1257211	t
22960	1C9FA4025R1257235	t
22961	1C9FA3825R1257251	t
22962	1C9FA3827R1257252	t
22963	1C9FA3829R1257253	t
22964	1C9FA3820R1257254	t
22965	1C9FA3822R1257255	t
22966	1C9FA3824R1257256	t
22967	1C9FA3826R1257257	t
22968	1C9FA3828R1257258	t
22969	1C9FA382XR1257259	t
22970	1C9FA3826R1257260	t
22971	1C9FA3828R1257261	t
22972	1C9FA382XR1257262	t
22973	1C9FA3821R1257263	t
22974	1C9FA3823R1257264	t
22975	1C9FA3825R1257265	t
22976	1C9FA3827R1257266	t
22977	1C9FA3829R1257267	t
22978	1C9FA4736R1257226	t
22979	1C9FA4029R1257237	t
22980	1C9FA3829R1257124	t
22981	1C9FA3822R1257269	t
22982	1C9FA3829R1257270	t
22983	1C9FA3820R1257268	t
22984	1C9FA3820R1257271	t
22985	1C9FA3822R1257272	t
22986	1C9FA3822R1257241	t
22987	1C9FA3828R1257244	t
22988	1C9FA382XR1257245	t
22989	1C9FA3823R1257247	t
22990	1C9FA3922R1257187	t
22991	1C9FA3821R1257246	t
22992	1C9FA3825R1257248	t
22993	1C9FA3821R1257277	t
22994	1C9FA4026R1257230	t
22995	1C9FA3824R1257273	t
22996	1C9FA3826R1257274	t
22997	1C9FA382XR1257276	t
22998	1C9FA3823R1257278	t
22999	1C9FA4533R1257221	t
23000	1C9FA3820R1257349	t
23001	1C9FA3634R1257382	t
23002	1C9FA4024R1257288	t
23003	1C9FA3624R1257373	t
23004	1C9FA4026R1257289	t
23005	1C9FA3628R1257375	t
23006	1C9FA362XR1257376	t
23007	1C9FA4530R1257449	t
23008	1C9FA3625R1257379	t
23009	1C9FA3621R1257377	t
23010	1C9FA3623R1257378	t
23011	1C9FA3828R1257275	t
23012	1C9FA4533R1257283	t
23013	1C9FA3626R1257374	t
23014	1C9FA4020R1257286	t
23015	1C9FA4027R1257172	t
23016	1C9FA3829R1257348	t
23017	1C9FA4023R1257122	t
23018	1C9FA402XR1257280	t
23019	1C9FA3621R1257380	t
23020	1C9FA4537R1257450	t
23021	1C9FA382XR1257293	t
23022	1C9FA4028R1257231	t
23023	1C9FA3821R1257294	t
23024	1C9FA3829R1257351	t
23025	1C9FA3822R1257353	t
23026	1C9FA3822R1257482	t
23027	1C9FA3823R1257295	t
23028	1C9FA3822R1257451	t
23029	1C9FA3825R1257296	t
23030	1C9FA3827R1257297	t
23031	1C9FA3829R1257298	t
23032	1C9FA3820R1257299	t
23033	1C9FA3823R1257300	t
23034	1C9FA3825R1257301	t
23035	1C9FA3827R1257302	t
23036	1C9FA3829R1257303	t
23037	1C9FA3820R1257304	t
23038	1C9FA3822R1257305	t
23039	1C9FA3826R1257307	t
23040	1C9FA4539R1257367	t
23041	1C9FA4734R1257290	t
23042	1C9FA382XR1257309	t
23043	1C9FA3828R1257308	t
23044	1C9FA3824R1257306	t
23045	1C9FA3826R1257310	t
23046	1C9FA3828R1257311	t
23047	1C9FA382XR1257312	t
23048	1C9FA3821R1257313	t
23049	1C9FA3823R1257314	t
23050	1C9FA3825R1257315	t
23051	1C9FA3827R1257316	t
23052	1C9FA3829R1257317	t
23053	1C9FA3820R1257318	t
23054	1C9FA3822R1257319	t
23055	1C9FA4736R1257291	t
23056	1C9FA3829R1257320	t
23057	1C9FA3820R1257321	t
23058	1C9FA3822R1257322	t
23059	1C9FA3824R1257323	t
23060	1C9FA3826R1257324	t
23061	1C9FA4023R1257458	t
23062	1C9FA4025R1257459	t
23063	1C9FA3929R1257218	t
23064	1C9FA402XR1257232	t
23065	1C9FA3828R1257325	t
23066	1C9FA382XR1257326	t
23067	1C9FA3821R1257327	t
23068	1C9FA3823R1257328	t
23069	1C9FA3628R1257456	t
23070	1C9FA4022R1257466	t
23071	1C9FA4739R1257365	t
23072	1C9FA4730R1257366	t
23073	1C9FA3825R1257329	t
23074	1C9FA3821R1257330	t
23075	1C9FA3823R1257331	t
23076	1C9FA3825R1257332	t
23077	1C9FB4226R1257285	t
23078	1C9FA3828R1257292	t
23079	1C9FA3820R1257352	t
23080	1C9FA3824R1257354	t
23081	1C9FA3823R1257426	t
23082	1C9FA3828R1257390	t
23083	1C9FA382XR1257391	t
23084	1C9FA3827R1257395	t
23085	1C9FA3828R1257406	t
23086	1C9FA3820R1257402	t
23087	1C9FA3829R1257396	t
23088	1C9FA3822R1257403	t
23089	1C9FA3826R1257405	t
23090	1C9FA3824R1257404	t
23091	1C9FA382XR1257407	t
23092	1C9FA3822R1257398	t
23093	1C9FA3824R1257399	t
23094	1C9FA3828R1257454	t
23095	1C9FA3636R1257383	t
23096	1C9FA3638R1257384	t
23097	1C9FA363XR1257385	t
23098	1C9FA4022R1257452	t
23099	1C9FA4024R1257453	t
23100	1C9FA3827R1257431	t
23101	1C9FA3631R1257386	t
23102	1C9FA3633R1257387	t
23103	1C9FA3626R1257388	t
23104	1C9FA3628R1257389	t
23105	1C9FA3827R1257462	t
23106	1C9FA3829R1257463	t
23107	1C9FA3820R1257464	t
23108	1C9FA3822R1257465	t
23109	1C9FA3826R1257355	t
23110	1C9FA3824R1257421	t
23111	1C9FA3828R1257356	t
23112	1C9FA3229R1257455	t
23113	1C9FA4025R1257476	t
23114	1C9FA3829R1257401	t
23115	1C9FA3826R1257422	t
23116	1C9FA3828R1257423	t
23117	1C9FA382XR1257424	t
23118	1C9FA3821R1257425	t
23119	1C9FA3827R1257333	t
23120	1C9FA3829R1257334	t
23121	1C9FA3820R1257335	t
23122	1C9FA3822R1257336	t
23123	1C9FA3824R1257337	t
23124	1C9FA3828R1257339	t
23125	1C9FA3824R1257340	t
23126	1C9FA4437R1257238	t
23127	1C9FA4020R1257045	t
23128	1C9FA3826R1257338	t
23129	1C9FA3826R1257341	t
23130	1C9FA3828R1257342	t
23131	1C9FA382XR1257343	t
23132	1C9FA3821R1257344	t
23133	1C9FA3823R1257345	t
23134	1C9FA3825R1257346	t
23135	1C9FA3823R1257247	t
23136	1C9FA382XR1257357	t
23137	1C9FA3821R1257358	t
23138	1C9FA3823R1257359	t
23139	1C9FA382XR1257360	t
23140	1C9FA4536R1257472	t
23141	1C9FA4027R1257477	t
23142	1C9FA4027R1257480	t
23143	1C9FA4029R1257478	t
23144	1C9FA4020R1257479	t
23145	1C9FA4029R1257481	t
23146	1C9FA3823R1257488	t
23147	1C9FA342XR1257493	t
23148	1C9FA3421R1257494	t
23149	1C9FA3639R1257474	t
23150	1C9FA3630R1257475	t
23151	1C9FA3823R1257393	t
23152	1C9FA3820R1257397	t
23153	1C9FA3825R1257394	t
23154	1C9FA3821R1257392	t
23155	1C9FA3823R1257409	t
23156	1C9FA4531R1257489	t
23157	1C9FA382XR1257410	t
23158	1C9FA3828R1257440	t
23159	1C9FA382XR1257441	t
23160	1C9FA3821R1257411	t
23161	1C9FA4538R1257490	t
23162	1C9FA3823R1257412	t
23163	1C9FA3821R1257442	t
23164	1C9FA3823R1257443	t
23165	1C9FA3829R1257432	t
23166	1C9FA3820R1257433	t
23167	1C9FA3825R1257444	t
23168	1C9FA3821R1257361	t
23169	1C9FA3823R1257362	t
23170	1C9FA4027R1257043	t
23171	1C9FA3822R1257000	t
23172	1C9FA4021R1257037	t
23173	1C9FA4020R1257031	t
23174	1C9FB4520R1257469	t
23175	1C9FA3828R1257003	t
23176	1C9FA382XR1257004	t
23177	1C9FA3821R1257005	t
23178	1C9FA3827R1257008	t
23179	1C9FA3825R1257010	t
23180	1C9FA3825R1257011	t
23181	1C9FA3822R1257014	t
23182	1C9FA3829R1257012	t
23183	1C9FA3824R1257015	t
23184	1C9FA3826R1257016	t
23185	1C9FA3828R1257017	t
23186	1C9FA2625R1257006	t
23187	1C9FA3828R1257018	t
23188	1C9FA3827R1257428	t
23189	1C9FA2627R1257007	t
23190	1C9FA3825R1257427	t
23191	1C9FA3829R1257429	t
23192	1C9FA3825R1257430	t
23193	1C9FA3824R1257435	t
23194	1C9FA4028R1257066	t
23195	1C9FA3820R1257027	t
23196	1C9FA3827R1257009	t
23197	1C9FA4023R1257024	t
23198	1C9FA3827R1257039	t
23199	1C9FA3829R1257013	t
23200	1C9FA3822R1257434	t
23201	1C9FA3625R1257026	t
23202	1C9FA4020R1257062	t
23203	1C9FA4022R1257063	t
23204	1C9FA4024R1257064	t
23205	1C9FA4026R1257065	t
23206	1C9FA402XR1257067	t
23207	1C9FA4021R1257068	t
23208	1C9FA4027R1257074	t
23209	1C9FA4029R1257075	t
23210	1C9FA402XR1257070	t
23211	1C9FA4020R1257028	t
23212	1C9FA4022R1257029	t
23213	1C9FA4029R1257030	t
23214	1C9FA4028R1257102	t
23215	VKD2C700VRP001817	t
23216	VKD2C700SPP002555	t
23217	VKD2C700VPP002561	t
23218	1C9FA3822R1257949	t
23219	1C9FA3929R1257249	t
23220	1L9L6CV21PL593738	t
23221	7XFTC1614S1002381	t
23222	7XFTC1612S1002380	t
23223	7XFTC1616S1002379	t
23224	7XFTC1614S1002378	t
23225	7XFTC1612S1002377	t
23226	7XFTC1610S1002376	t
23227	7XFTC1619S1002375	t
23228	7XFTC1617S1002374	t
23229	7XFTC1615S1002373	t
23230	7XFTC1613S1002372	t
23231	7XFTC1611S1002371	t
23232	7XFTC161XS1002370	t
23233	7XFTC1613S1002369	t
23234	7XFTC1611S1002368	t
23235	7XFTC161XS1002367	t
23236	7XFTC1618S1002366	t
23237	7XFTC1616S1002365	t
23238	7XFTC1614S1002364	t
23239	7XFTC1612S1002363	t
23240	7XFTC2012S1002362	t
23241	7XFTC2010S1002361	t
23242	7XFTC2019S1002360	t
23243	7XFTC2012S1002359	t
23244	7XFTC2010S1002358	t
23245	7XFTC2015S1002355	t
23246	7XFTC1611S1002354	t
23247	7XFTC161XS1002353	t
23248	7XFTC1618S1002352	t
23249	7XFTC1616S1002351	t
23250	7XFTC1614S1002350	t
23251	7XFTC1618S1002349	t
23252	7XFTC1616S1002348	t
23253	7XFTC1614S1002347	t
23254	7XFTC1612S1002346	t
23255	7XFTC1610S1002345	t
23256	7XFTC1619S1002344	t
23257	7XFTC1617S1002343	t
23258	7XFTC1615S1002342	t
23259	7XFTC1613S1002341	t
23260	7XFTC1611S1002340	t
23261	7XFTC1615S1002339	t
23262	7XFTC2015S1002338	t
23263	7XFTC2013S1002337	t
23264	7XFTC2011S1002336	t
23265	7XFTC201XS1002335	t
23266	7XFTC2018S1002334	t
23267	7XFTC1614S1002333	t
23268	7XFTC1612S1002332	t
23269	7XFTC1610S1002331	t
23270	7XFTC1619S1002330	t
23271	7XFTC1612S1002329	t
23272	7XFTC1610S1002328	t
23273	7XFTC1619S1002327	t
23274	7XFTC2019S1002326	t
23275	7XFTC2017S1002325	t
23276	7XFTC2015S1002324	t
23277	7XFTC2013S1002323	t
23278	7XFTC2011S1002322	t
23279	7XFTC201XS1002321	t
23280	7XFTC2018S1002320	t
23281	7XFTC2011S1002319	t
23282	7XFTC2017S1002289	t
23283	7XFTC1614S1002269	t
23284	7XFTC1612S1002268	t
23285	7XFTC2012S1002152	t
23286	1P9PB4439SL881035	t
23287	1P9PB4430SL881036	t
23288	1P9PB4432SL881037	t
23289	PFDKB4AE2SF000120	t
23290	PFDKB4AE5SF000127	t
23291	PFDKB4AE6SF000122	t
23292	PFDKB4AEXSF000124	t
23293	PFDKB4AE1SF000125	t
23294	PFDKB4AE7SF000128	t
23295	PFDKB4AE7SF000131	t
23296	PFDKB4AE4SF000135	t
23297	PFDKB4AE8SF000137	t
23298	PFDKB4AEXSF000138	t
23299	PFDKB4AE2SF000117	t
23300	PFDKB4AE4SF000118	t
23301	PFDKB4AE6SF000119	t
23302	PFDKB4AE4SF000121	t
23303	PFDKB4AE8SF000123	t
23304	PFDKB4AE3SF000126	t
23305	PFDKB4AE9SF000129	t
23306	PFDKB4AE5SF000130	t
23307	PFDKB4AE9SF000132	t
23308	PFDKB4AE0SF000133	t
23309	PFDKB4AE2SF000134	t
23310	PFDKB4AE6SF000136	t
23311	PFDKB4AE1SF000139	t
23312	4S9BDETA2LB559700	t
23313	1K9SM5329KK007337	t
23314	1t9s262b43n013045	t
