#id	schemaid
1	1
2	2
3	3
8	7
9	9
10	10
11	11
12	12
13	13
14	14
16	16
17	17
18	18
19	19
20	20
21	21
22	22
25	25
26	26
27	27
28	28
29	29
30	30
31	31
33	34
34	35
35	32
36	36
37	37
39	39
40	40
41	41
42	42
43	43
44	44
45	45
46	46
47	47
48	48
49	49
50	50
63	52
70	57
71	57
72	57
73	57
74	57
75	57
79	57
80	57
81	57
83	57
84	57
85	57
90	58
91	58
102	62
103	62
104	63
105	63
106	63
107	63
108	63
109	63
110	63
111	63
112	63
117	65
118	66
120	66
121	66
122	66
123	66
124	66
125	67
126	67
127	68
128	68
129	69
130	69
131	70
132	70
134	72
135	72
136	72
137	72
138	73
139	73
140	73
141	74
142	74
143	75
144	75
145	75
146	75
147	75
148	76
149	76
150	76
151	77
152	77
153	77
157	81
160	83
161	85
162	86
179	7
180	6
181	9
182	92
183	92
184	93
185	93
187	94
188	94
189	95
190	95
191	95
192	95
193	95
194	96
195	96
196	96
202	100
212	104
213	104
214	105
215	21
216	106
217	27
218	22
219	29
220	34
221	35
222	16
223	16
224	19
225	107
226	108
231	110
232	111
234	112
245	115
252	120
253	122
254	123
255	125
257	127
258	127
259	127
260	128
262	126
267	130
270	133
272	135
273	135
274	136
283	143
287	148
288	148
289	148
290	150
291	150
292	150
293	152
296	121
298	155
299	156
300	156
301	157
302	157
303	158
306	161
308	162
310	163
311	149
312	164
313	151
314	151
317	167
321	171
325	172
336	176
340	177
341	177
343	178
350	180
352	181
353	181
356	183
360	186
361	187
362	188
363	188
364	190
365	191
366	188
367	192
368	192
369	192
370	195
371	193
372	193
373	193
374	196
375	197
376	194
377	194
378	194
379	198
380	198
381	199
382	200
383	201
384	202
385	203
386	203
387	203
388	204
389	205
390	206
391	206
392	207
393	208
395	209
396	206
397	210
398	206
399	211
401	206
402	212
403	212
404	213
406	215
407	216
408	216
409	216
410	216
415	218
416	218
417	216
418	219
419	219
420	220
421	220
422	221
423	221
424	222
425	222
426	223
427	223
428	224
429	225
430	225
431	226
432	227
433	228
434	229
435	230
437	232
438	233
439	233
440	234
441	234
442	235
443	236
444	236
445	237
446	238
447	239
448	240
449	241
450	242
451	242
452	243
453	243
454	244
455	244
456	245
457	245
458	246
459	246
460	247
461	248
462	248
463	248
464	248
465	248
466	249
467	249
468	249
469	249
470	250
471	250
472	250
473	251
474	251
475	252
476	253
477	254
478	254
479	254
480	255
481	256
482	257
483	257
484	257
485	258
486	259
487	260
488	262
489	263
490	264
491	265
492	266
493	267
494	268
495	269
496	270
497	271
498	272
499	272
500	273
501	274
502	275
504	278
505	278
506	278
507	278
508	279
509	279
510	279
511	279
512	279
513	280
514	280
515	280
516	280
517	280
518	280
519	280
520	280
521	281
522	281
523	282
524	282
525	282
526	282
527	284
528	285
529	286
530	287
531	288
532	289
533	290
534	283
535	283
536	283
537	283
538	283
539	283
540	291
541	292
542	293
544	293
545	293
546	294
547	295
548	296
549	297
550	298
551	299
552	300
553	301
554	302
555	303
556	304
557	305
558	306
559	306
560	306
561	306
562	306
563	306
564	307
565	306
566	306
567	306
568	306
569	308
570	308
571	309
572	310
573	311
574	312
575	313
576	314
577	315
578	316
579	317
580	318
581	319
582	320
583	321
584	322
585	323
586	324
587	325
588	326
589	327
590	327
591	327
592	327
593	327
594	327
595	327
596	327
597	327
598	327
599	327
600	327
601	328
602	328
603	328
604	328
605	328
606	328
607	329
608	330
610	332
611	333
612	333
613	334
614	334
615	335
616	336
617	337
618	338
619	339
620	340
621	341
622	342
623	342
624	344
625	344
626	345
627	346
628	347
629	348
630	349
631	349
632	350
633	350
634	351
635	351
636	335
637	335
638	335
639	335
640	335
641	335
642	335
643	353
644	354
645	355
646	356
647	357
648	358
649	359
650	360
651	361
652	361
654	363
655	364
656	352
657	352
658	352
659	365
660	365
661	352
662	352
663	366
664	366
665	352
666	352
667	367
668	368
669	368
670	368
671	369
672	369
673	369
674	370
675	370
676	370
677	370
678	370
679	370
680	370
681	370
682	370
683	370
684	371
685	372
686	373
687	374
688	375
689	377
690	378
691	379
692	379
693	380
694	380
695	381
696	382
697	383
698	384
699	384
700	385
701	386
702	387
703	388
704	389
705	390
706	391
707	392
709	393
710	394
711	395
712	396
713	397
714	398
715	399
717	376
718	376
719	376
721	401
722	401
723	401
724	400
725	401
726	401
728	403
729	404
730	405
731	406
732	407
733	408
735	410
736	410
737	412
738	413
739	414
740	411
741	415
742	411
743	411
744	411
745	411
746	411
747	411
748	411
750	411
751	411
752	411
753	411
754	411
755	416
756	417
757	418
759	420
761	422
762	423
763	424
764	425
766	427
767	428
768	429
769	430
770	430
771	431
772	432
773	433
774	434
775	435
776	436
777	437
778	438
779	439
780	416
782	441
783	442
784	443
786	416
787	181
788	416
789	416
790	444
791	445
792	416
793	416
794	416
795	416
796	446
797	446
798	446
802	446
803	446
804	446
807	448
808	448
810	448
812	449
815	449
816	449
817	449
819	450
820	450
821	450
824	451
826	451
828	451
830	452
831	452
832	452
833	452
834	452
835	452
836	453
838	453
840	453
842	453
843	453
845	453
846	212
847	454
848	454
849	454
851	455
852	455
853	456
854	456
857	456
858	456
859	456
860	456
861	457
862	457
863	457
864	457
865	457
866	459
867	459
868	459
869	459
870	459
871	460
872	460
873	460
874	461
875	460
876	460
877	460
878	460
879	460
880	460
881	460
882	460
883	460
884	123
885	462
886	125
887	462
888	128
889	462
890	462
891	463
892	462
893	462
894	464
895	462
896	462
897	462
898	462
899	462
900	462
901	465
902	465
903	465
904	465
905	465
906	465
907	465
908	465
909	467
910	467
911	467
912	467
913	467
914	467
915	468
916	468
917	468
918	468
919	468
920	468
921	469
922	469
923	469
924	469
925	469
926	469
927	470
928	470
929	470
930	470
931	470
932	470
933	470
934	470
935	470
936	470
937	470
938	470
939	471
940	471
941	471
942	471
943	471
944	471
945	471
946	471
947	472
948	472
949	472
950	472
951	472
952	472
953	472
954	472
955	473
956	474
958	476
959	231
960	137
961	137
962	477
963	478
964	478
965	479
966	480
967	481
968	482
971	484
973	486
974	486
975	487
976	488
977	488
978	488
979	488
980	488
982	489
983	489
984	489
985	489
986	489
987	60
988	70
989	490
990	489
991	489
992	489
993	489
994	489
995	491
996	489
997	492
998	489
999	493
1000	494
1001	489
1002	495
1003	489
1004	496
1005	489
1006	489
1008	497
1009	489
1010	498
1012	500
1013	154
1014	500
1015	153
1016	500
1017	500
1018	142
1020	501
1021	503
1025	504
1026	149
1027	504
1029	504
1031	504
1032	505
1033	505
1034	505
1035	505
1036	506
1037	506
1038	506
1039	508
1040	507
1041	507
1042	509
1043	507
1044	507
1045	507
1046	510
1047	511
1048	511
1049	511
1050	511
1051	511
1052	512
1053	512
1054	512
1055	512
1056	512
1057	512
1058	513
1060	513
1061	513
1062	514
1070	514
1073	515
1075	516
1076	516
1077	516
1086	518
1087	518
1089	519
1091	519
1092	519
1093	519
1095	519
1096	519
1098	27
1099	520
1100	521
1101	343
1102	522
1103	523
1104	524
1105	525
1107	526
1111	530
1112	531
1113	532
1114	533
1115	534
1116	535
1117	536
1118	537
1119	538
1120	539
1121	540
1122	541
1123	542
1124	543
1125	544
1126	545
1127	546
1128	547
1129	548
1130	549
1131	550
1132	550
1133	551
1134	552
1135	553
1136	554
1137	555
1138	556
1139	557
1140	558
1142	559
1143	559
1146	500
1147	511
1148	560
1149	504
1150	394
1151	561
1155	563
1156	563
1157	564
1158	565
1159	565
1160	565
1161	566
1162	566
1163	566
1164	567
1165	567
1166	567
1168	564
1169	564
1170	568
1171	568
1172	568
1174	569
1175	569
1176	569
1177	570
1178	571
1179	571
1180	572
1181	572
1182	573
1185	150
1188	576
1189	576
1190	577
1191	578
1192	577
1193	579
1194	580
1195	581
1196	214
1197	214
1198	148
1199	495
1200	495
1202	495
1203	496
1206	441
1207	441
1208	497
1209	497
1210	442
1211	442
1212	442
1213	443
1214	443
1215	443
1216	443
1217	583
1218	583
1219	498
1220	498
1223	584
1224	586
1225	586
1226	586
1227	586
1228	586
1229	586
1230	586
1231	586
1232	586
1233	586
1234	586
1235	586
1236	586
1237	586
1238	586
1239	586
1240	586
1241	586
1242	587
1243	587
1244	587
1245	587
1246	587
1247	587
1248	587
1249	587
1250	587
1251	587
1252	587
1253	587
1254	587
1255	587
1257	589
1258	589
1259	589
1260	589
1261	589
1262	589
1263	589
1264	589
1265	589
1266	589
1267	589
1268	589
1269	589
1270	590
1271	590
1272	590
1273	590
1274	590
1275	590
1276	590
1277	590
1278	590
1279	590
1280	590
1281	590
1282	590
1283	590
1284	590
1285	590
1286	590
1287	590
1288	590
1289	590
1290	590
1291	590
1292	590
1293	590
1294	590
1295	590
1296	590
1297	590
1298	590
1299	590
1300	590
1301	590
1302	590
1303	591
1308	593
1309	593
1310	593
1311	594
1312	594
1313	594
1314	594
1315	594
1316	594
1317	594
1318	595
1319	595
1320	595
1321	595
1325	476
1326	476
1327	476
1328	476
1329	476
1330	596
1331	596
1332	596
1333	596
1334	596
1335	596
1337	597
1338	597
1339	597
1340	597
1341	597
1342	597
1343	598
1344	598
1345	598
1346	598
1347	598
1348	598
1349	599
1350	599
1351	599
1352	599
1353	599
1354	600
1355	600
1356	600
1357	600
1358	600
1359	600
1360	600
1361	600
1362	601
1363	601
1364	601
1365	601
1366	601
1367	602
1368	602
1369	602
1370	602
1371	603
1372	603
1373	603
1374	603
1375	603
1376	603
1377	601
1378	601
1379	600
1380	598
1381	603
1382	603
1383	603
1385	604
1386	604
1387	604
1388	605
1389	605
1390	605
1391	606
1392	606
1393	606
1394	607
1395	607
1396	607
1397	607
1398	608
1399	608
1400	608
1402	608
1403	608
1404	608
1406	609
1407	609
1408	609
1409	609
1410	610
1411	610
1412	610
1413	610
1414	610
1415	610
1416	610
1417	611
1418	611
1419	611
1420	611
1421	611
1422	611
1423	612
1424	612
1425	612
1426	606
1427	445
1428	445
1429	445
1430	445
1431	445
1432	445
1433	445
1434	445
1435	444
1436	444
1437	444
1438	613
1439	614
1440	615
1441	617
1442	617
1443	617
1444	617
1445	618
1446	618
1447	618
1448	618
1449	520
1450	520
1451	520
1452	520
1453	520
1454	520
1455	520
1456	619
1457	619
1458	619
1459	619
1460	619
1464	621
1465	621
1466	621
1467	621
1468	622
1469	622
1470	622
1471	622
1472	622
1473	622
1474	623
1475	623
1476	623
1477	623
1478	623
1479	624
1480	624
1482	624
1483	624
1484	624
1485	624
1486	625
1487	625
1488	625
1489	625
1490	625
1491	625
1492	625
1493	626
1494	626
1495	626
1496	626
1497	626
1498	626
1499	627
1500	627
1501	627
1502	627
1503	628
1504	628
1505	628
1506	629
1507	629
1508	629
1509	629
1510	629
1511	630
1512	630
1513	630
1514	630
1515	630
1516	630
1517	631
1518	631
1519	631
1520	631
1521	631
1522	631
1523	631
1524	633
1525	633
1527	634
1528	634
1529	634
1531	634
1532	634
1533	635
1534	635
1535	635
1536	635
1537	636
1538	636
1539	636
1550	623
1551	623
1552	623
1553	623
1554	622
1555	622
1556	622
1557	622
1558	622
1559	624
1560	626
1561	627
1562	627
1563	627
1564	628
1565	628
1566	628
1567	628
1568	637
1569	631
1570	631
1571	631
1572	631
1573	633
1574	633
1580	522
1582	640
1583	640
1584	640
1585	641
1586	641
1587	641
1588	642
1589	642
1590	642
1591	642
1592	642
1593	642
1594	642
1595	642
1596	642
1597	634
1598	634
1599	634
1600	634
1601	634
1602	634
1603	634
1604	634
1605	634
1606	635
1607	635
1608	635
1609	635
1610	635
1611	635
1612	636
1613	636
1614	636
1615	636
1616	636
1617	636
1618	643
1619	643
1620	643
1621	643
1622	643
1623	644
1624	644
1625	644
1626	644
1627	644
1628	644
1629	645
1630	645
1631	645
1632	645
1633	645
1634	645
1635	614
1636	613
1637	604
1638	604
1639	604
1640	606
1641	606
1642	606
1643	647
1644	444
1645	444
1646	445
1647	646
1648	447
1649	648
1650	649
1651	649
1652	650
1653	650
1654	651
1655	651
1656	651
1657	651
1658	509
1659	509
1660	509
1661	509
1662	509
1663	509
1664	509
1665	509
1666	509
1667	509
1668	509
1669	509
1670	509
1671	509
1672	509
1673	653
1674	653
1675	653
1676	653
1677	653
1678	653
1679	653
1680	653
1681	654
1682	654
1683	654
1684	654
1685	654
1686	654
1687	655
1688	655
1689	655
1690	655
1691	655
1692	655
1693	655
1694	656
1695	656
1696	656
1697	463
1698	463
1699	463
1700	464
1701	464
1702	464
1703	464
1704	464
1705	439
1706	439
1707	439
1708	439
1709	439
1710	439
1711	439
1712	439
1713	439
1714	439
1715	439
1716	439
1717	439
1718	439
1719	439
1720	657
1721	657
1722	657
1723	657
1724	657
1725	494
1726	494
1727	494
1728	494
1729	494
1730	658
1731	658
1732	658
1734	658
1735	658
1736	658
1737	659
1738	659
1739	659
1740	659
1741	438
1742	438
1743	492
1744	492
1745	492
1746	492
1747	660
1748	649
1749	651
1750	659
1751	659
1752	493
1753	661
1754	662
1755	662
1756	664
1757	664
1758	664
1759	664
1760	665
1761	665
1762	665
1763	665
1764	665
1765	665
1766	665
1767	665
1768	666
1769	666
1770	666
1771	666
1772	667
1773	667
1774	667
1775	667
1776	648
1777	668
1778	668
1779	668
1780	668
1781	668
1782	668
1783	668
1784	668
1785	668
1786	668
1787	668
1788	668
1789	668
1790	668
1791	668
1792	668
1793	478
1794	478
1795	478
1796	478
1797	478
1798	478
1799	478
1800	669
1801	669
1802	669
1803	669
1804	479
1806	479
1808	479
1810	228
1811	228
1812	228
1813	229
1814	229
1815	229
1816	229
1817	230
1818	230
1819	230
1820	230
1821	230
1822	230
1823	671
1824	671
1825	671
1826	671
1827	671
1828	671
1829	671
1830	671
1831	671
1832	671
1833	672
1834	672
1835	672
1836	672
1837	672
1838	673
1839	673
1840	673
1841	674
1842	674
1843	674
1844	674
1845	674
1846	674
1847	674
1848	674
1849	674
1850	674
1851	675
1852	675
1853	675
1854	675
1855	480
1856	480
1857	676
1858	676
1859	676
1860	677
1861	677
1862	677
1863	677
1864	677
1865	677
1866	677
1867	677
1868	677
1869	678
1870	678
1871	678
1872	678
1873	678
1874	678
1875	678
1876	678
1877	679
1878	679
1879	679
1880	679
1881	680
1882	680
1883	680
1884	681
1885	681
1886	681
1887	681
1888	681
1889	681
1890	621
1891	621
1892	621
1893	621
1894	621
1895	621
1896	621
1897	621
1898	621
1899	621
1900	682
1901	682
1902	682
1903	682
1904	683
1905	683
1906	683
1907	683
1908	683
1913	685
1914	685
1915	685
1916	685
1917	685
1918	685
1919	687
1920	687
1921	687
1922	687
1923	687
1924	687
1925	688
1926	688
1927	688
1928	689
1929	689
1930	689
1931	690
1932	690
1933	690
1934	691
1935	691
1936	691
1937	607
1938	607
1939	607
1940	607
1941	608
1942	608
1943	608
1944	608
1945	608
1946	608
1947	610
1948	610
1949	610
1950	693
1951	693
1952	693
1953	694
1954	694
1955	694
1956	695
1957	696
1958	696
1959	697
1960	697
1961	697
1962	697
1963	697
1964	595
1965	695
1966	695
1967	695
1968	695
1969	695
1970	695
1972	695
1973	695
1974	695
1975	695
1976	695
1977	695
1978	695
1979	695
1980	695
1981	695
1982	695
1983	695
1984	695
1985	695
1986	695
1987	695
1988	695
1989	695
1990	695
1991	695
1992	695
1993	695
1994	695
1995	695
1996	695
1997	695
1998	695
1999	695
2000	695
2001	695
2002	695
2003	695
2004	695
2005	695
2006	610
2007	610
2008	699
2009	699
2010	699
2011	699
2013	514
2014	514
2015	516
2017	57
2018	57
2019	57
2020	57
2021	57
2022	57
2023	57
2024	57
2025	57
2026	60
2027	60
2028	60
2029	61
2030	61
2031	61
2032	61
2033	61
2034	61
2035	64
2036	64
2037	64
2038	64
2039	63
2040	63
2041	63
2042	63
2043	63
2044	63
2045	63
2046	64
2047	64
2049	490
2050	700
2051	700
2052	701
2053	78
2054	66
2055	76
2056	59
2057	280
2058	293
2059	376
2060	376
2061	376
2062	453
2063	453
2064	453
2065	453
2066	453
2067	457
2068	457
2069	702
2070	702
2071	703
2072	704
2073	705
2075	370
2076	457
2077	456
2078	456
2079	456
2080	456
2081	488
2082	488
2083	488
2084	488
2085	505
2086	505
2087	505
2088	511
2089	511
2090	511
2091	511
2093	483
2094	699
2095	706
2096	706
2097	416
2098	416
2099	416
2100	416
2101	416
2102	416
2103	416
2104	416
2105	416
2106	416
2107	416
2108	416
2109	416
2110	416
2111	446
2112	446
2113	446
2114	448
2115	448
2116	448
2117	448
2118	449
2119	449
2120	449
2121	449
2122	449
2123	449
2124	449
2125	449
2126	449
2127	449
2131	451
2132	451
2133	451
2136	707
2137	707
2138	707
2139	707
2140	707
2141	707
2142	495
2143	495
2144	495
2145	495
2146	495
2147	441
2148	441
2149	441
2150	441
2151	584
2152	442
2153	442
2154	442
2155	442
2156	442
2157	442
2158	443
2159	443
2160	443
2161	443
2162	443
2163	443
2164	583
2165	583
2166	583
2167	583
2168	583
2169	583
2170	600
2171	206
2172	206
2173	212
2174	216
2175	216
2176	248
2177	249
2178	250
2179	708
2180	708
2181	86
2183	709
2185	709
2187	710
2188	87
2193	114
2195	118
2196	114
2197	176
2199	177
2200	711
2203	711
2204	712
2206	712
2208	184
2209	184
2210	711
2212	712
2214	713
2216	714
2218	174
2219	173
2221	715
2223	716
2225	716
2233	718
2234	718
2235	719
2236	720
2238	722
2239	722
2242	721
2244	101
2245	723
2246	724
2247	724
2248	95
2249	96
2250	97
2251	97
2252	97
2253	93
2254	525
2257	727
2262	731
2263	731
2265	733
2266	733
2271	735
2272	736
2273	736
2274	139
2275	139
2276	737
2277	141
2278	142
2279	503
2280	153
2281	154
2282	144
2283	145
2284	146
2285	146
2286	147
2287	149
2288	150
2289	150
2290	738
2291	738
2292	739
2293	739
2294	740
2297	132
2300	742
2303	82
2304	83
2305	85
2306	744
2307	744
2308	744
2309	744
2310	744
2311	744
2312	744
2313	744
2314	744
2315	744
2316	744
2317	744
2321	746
2322	746
2323	746
2324	747
2325	747
2326	747
2327	748
2328	748
2329	748
2330	748
2331	748
2332	748
2333	750
2334	750
2335	751
2336	751
2337	752
2338	752
2339	752
2340	752
2341	752
2342	753
2343	753
2344	754
2345	754
2346	755
2347	755
2348	756
2349	757
2350	758
2351	759
2352	759
2353	759
2354	759
2355	759
2356	759
2357	760
2358	760
2359	760
2360	760
2361	760
2362	761
2363	761
2364	762
2365	762
2366	762
2367	763
2368	763
2369	763
2370	764
2371	764
2372	765
2373	766
2374	766
2375	766
2376	767
2377	767
2378	768
2379	768
2380	768
2381	482
2382	482
2383	769
2384	770
2385	771
2386	772
2387	773
2388	774
2389	774
2390	775
2391	775
2392	776
2393	777
2394	778
2395	779
2396	779
2397	779
2398	781
2399	782
2400	782
2401	783
2402	481
2403	561
2404	784
2405	784
2406	785
2407	786
2408	787
2409	788
2410	789
2411	790
2412	791
2413	792
2414	793
2415	794
2416	795
2417	795
2418	795
2419	795
2420	795
2421	795
2422	796
2424	796
2425	797
2426	797
2427	798
2428	798
2429	798
2430	799
2431	799
2432	576
2433	576
2434	576
2435	800
2436	800
2437	800
2438	800
2439	800
2440	801
2441	801
2442	801
2443	801
2444	801
2445	802
2446	802
2447	802
2448	802
2449	802
2450	802
2451	802
2452	802
2453	155
2454	155
2455	155
2456	803
2457	803
2458	803
2459	803
2460	803
2461	803
2462	803
2463	804
2464	804
2465	804
2466	804
2467	804
2468	804
2469	804
2470	804
2471	804
2472	804
2473	805
2474	805
2475	805
2476	805
2477	806
2478	806
2479	806
2480	806
2481	806
2482	806
2483	806
2484	806
2485	806
2486	807
2487	807
2488	807
2489	807
2490	807
2491	807
2492	807
2493	808
2494	809
2495	809
2496	809
2497	809
2498	810
2499	810
2500	810
2501	811
2502	811
2503	811
2504	811
2505	812
2506	812
2507	812
2508	813
2509	813
2510	813
2511	813
2512	813
2513	814
2514	814
2515	814
2516	815
2517	815
2518	815
2519	816
2520	816
2521	816
2522	816
2523	816
2524	816
2525	816
2526	816
2527	816
2528	816
2529	816
2530	341
2531	341
2532	341
2533	341
2534	341
2535	817
2536	817
2537	817
2538	818
2539	818
2540	818
2541	819
2542	820
2543	821
2544	822
2545	822
2546	822
2547	822
2548	822
2549	822
2550	822
2551	822
2552	822
2553	822
2554	822
2555	822
2556	822
2557	822
2558	822
2559	822
2560	823
2561	823
2562	823
2563	823
2564	823
2565	823
2566	823
2567	823
2568	823
2569	823
2570	823
2571	823
2572	823
2573	823
2576	825
2577	825
2578	826
2579	826
2580	826
2581	826
2582	827
2583	827
2584	827
2585	827
2586	828
2587	828
2588	828
2589	829
2590	829
2591	829
2592	829
2593	829
2594	830
2595	830
2596	830
2597	830
2598	830
2599	830
2600	830
2601	830
2602	831
2603	831
2604	831
2605	831
2606	831
2607	831
2608	831
2609	365
2610	365
2611	365
2612	365
2613	832
2614	832
2615	832
2616	832
2617	832
2618	833
2619	833
2620	833
2621	833
2622	833
2623	833
2625	834
2627	834
2629	835
2631	835
2632	836
2646	838
2648	839
2650	840
2652	841
2653	842
2657	844
2658	841
2659	843
2660	843
2663	845
2665	839
2667	845
2668	846
2669	846
2671	839
2673	845
2675	847
2677	848
2678	849
2680	850
2682	851
2684	851
2686	852
2688	852
2689	853
2691	851
2692	852
2693	854
2694	854
2695	854
2697	855
2699	856
2700	857
2701	858
2702	859
2703	859
2704	859
2705	860
2706	860
2707	860
2708	860
2709	861
2710	861
2711	862
2712	862
2713	862
2714	862
2715	862
2716	862
2717	863
2718	863
2719	863
2720	863
2721	864
2722	864
2723	864
2725	865
2726	865
2728	868
2729	869
2730	870
2731	871
2732	871
2733	871
2734	871
2736	871
2737	871
2738	871
2739	871
2740	872
2741	872
2742	872
2743	872
2744	872
2745	872
2746	873
2747	873
2749	873
2750	873
2751	873
2752	874
2753	874
2754	874
2755	875
2756	875
2757	875
2758	876
2759	876
2760	876
2761	876
2762	876
2763	877
2764	877
2765	877
2766	877
2767	877
2768	877
2769	877
2770	877
2771	878
2772	878
2773	878
2774	878
2775	879
2777	879
2778	879
2779	879
2780	879
2781	880
2782	880
2783	880
2784	880
2785	880
2786	880
2787	880
2788	880
2789	881
2790	881
2791	881
2792	881
2793	881
2794	882
2799	884
2800	884
2801	884
2802	885
2803	885
2804	885
2805	885
2806	885
2807	885
2808	885
2809	886
2810	886
2811	886
2812	886
2813	887
2814	887
2815	887
2816	256
2817	256
2818	256
2819	256
2820	256
2821	256
2822	256
2823	889
2824	889
2827	893
2828	893
2829	893
2830	893
2831	893
2832	893
2833	893
2834	893
2835	893
2836	893
2837	893
2838	893
2839	893
2840	893
2841	894
2842	894
2843	894
2844	894
2845	894
2846	894
2847	894
2848	894
2849	894
2851	895
2852	895
2853	895
2854	895
2855	895
2856	895
2857	895
2858	895
2859	896
2860	897
2861	898
2862	899
2863	900
2864	901
2865	901
2866	902
2867	902
2868	903
2869	904
2870	905
2871	906
2872	906
2873	907
2874	907
2875	907
2876	907
2877	907
2878	907
2880	907
2882	907
2886	907
2887	907
2891	909
2892	909
2893	909
2894	909
2895	910
2896	910
2897	910
2898	910
2899	911
2900	911
2901	911
2902	911
2903	912
2904	912
2905	912
2906	912
2907	912
2908	912
2909	912
2910	912
2911	913
2912	913
2913	913
2914	913
2915	914
2916	914
2917	914
2918	914
2919	915
2920	915
2921	915
2922	915
2923	916
2924	916
2925	917
2926	917
2927	918
2928	918
2929	292
2930	292
2931	292
2932	919
2933	919
2934	919
2935	920
2936	920
2937	920
2938	920
2939	920
2940	920
2941	921
2942	921
2943	921
2944	921
2945	921
2946	922
2947	922
2948	922
2949	922
2950	922
2951	922
2952	923
2953	923
2954	923
2955	923
2956	923
2957	924
2958	924
2959	924
2960	925
2961	926
2962	927
2963	928
2964	929
2965	930
2966	931
2967	932
2968	933
2969	934
2970	935
2971	936
2973	939
2974	939
2975	939
2976	939
2977	940
2978	940
2979	940
2980	940
2981	940
2982	941
2983	941
2984	941
2985	941
2986	941
2987	941
2988	941
2989	942
2990	942
2991	943
2992	943
2993	943
2994	943
2995	944
2996	944
2997	944
2998	944
2999	944
3000	944
3001	944
3002	945
3003	945
3004	945
3005	945
3006	945
3007	945
3008	945
3009	946
3010	946
3011	946
3012	946
3013	946
3014	946
3016	949
3017	946
3018	946
3019	946
3020	946
3021	946
3022	950
3023	950
3024	950
3025	950
3026	950
3027	950
3028	950
3029	950
3030	950
3031	950
3032	950
3033	950
3034	951
3035	952
3036	952
3037	952
3038	953
3039	953
3040	953
3041	953
3042	954
3043	954
3044	954
3045	954
3046	954
3047	955
3048	955
3049	955
3050	956
3058	959
3062	960
3063	960
3064	960
3065	961
3066	961
3067	961
3068	961
3069	961
3070	961
3071	961
3072	961
3073	961
3074	961
3075	962
3076	962
3077	962
3078	962
3079	962
3080	962
3081	962
3082	963
3083	964
3084	965
3085	965
3086	965
3087	966
3089	962
3090	963
3091	963
3092	962
3093	969
3094	969
3095	969
3096	968
3097	968
3098	970
3099	970
3100	970
3101	968
3102	968
3103	968
3104	968
3105	968
3106	968
3107	968
3108	968
3109	968
3110	968
3111	968
3112	968
3113	968
3114	968
3115	968
3116	968
3117	968
3118	968
3119	968
3120	968
3121	968
3122	968
3123	968
3124	968
3132	968
3133	968
3134	968
3135	968
3136	973
3137	973
3138	973
3139	973
3140	973
3141	974
3142	974
3143	974
3144	974
3145	974
3146	974
3147	975
3148	975
3149	975
3150	976
3151	976
3152	976
3153	977
3154	977
3155	977
3156	977
3157	978
3158	978
3159	978
3160	978
3161	979
3162	979
3163	979
3164	979
3165	980
3166	980
3167	980
3168	980
3169	977
3170	978
3171	979
3172	980
3173	977
3174	978
3175	979
3176	980
3177	977
3178	977
3179	978
3180	978
3181	979
3182	979
3183	980
3184	980
3185	977
3186	977
3187	978
3188	978
3189	979
3190	979
3191	980
3192	980
3193	979
3194	983
3195	983
3196	983
3197	983
3198	983
3199	983
3200	982
3201	982
3202	982
3203	982
3204	982
3205	982
3206	981
3207	981
3208	981
3209	981
3210	981
3211	981
3212	984
3213	984
3214	984
3215	984
3216	984
3217	984
3218	984
3219	984
3220	984
3221	985
3222	985
3223	985
3224	985
3225	985
3226	985
3227	985
3228	985
3229	985
3230	984
3231	984
3232	984
3233	984
3234	984
3235	984
3236	984
3237	984
3238	984
3239	984
3240	984
3241	984
3242	984
3243	984
3244	984
3245	984
3246	984
3247	984
3248	985
3249	985
3250	985
3251	985
3252	985
3253	985
3254	985
3255	985
3256	985
3257	985
3258	985
3259	985
3260	985
3261	985
3262	985
3263	985
3264	985
3265	985
3266	985
3267	985
3268	986
3269	986
3270	986
3271	986
3272	986
3273	986
3274	987
3275	987
3276	987
3277	987
3278	988
3279	988
3280	988
3281	988
3282	988
3283	988
3284	989
3285	989
3286	989
3287	989
3288	989
3289	381
3290	381
3291	990
3292	990
3293	990
3294	990
3295	990
3296	990
3297	990
3298	990
3299	990
3300	990
3301	992
3303	992
3304	992
3305	992
3306	992
3307	993
3308	994
3309	994
3310	994
3311	994
3312	994
3313	995
3314	995
3315	996
3316	996
3317	996
3318	997
3319	997
3320	997
3321	997
3322	997
3323	997
3324	998
3325	998
3326	999
3327	1000
3328	1000
3329	1000
3330	1000
3331	1001
3332	1001
3333	1001
3334	1001
3335	1001
3336	1002
3337	1002
3338	1002
3339	1002
3340	1002
3341	1003
3342	1003
3343	1003
3344	1004
3345	1004
3346	1004
3350	1005
3354	1006
3355	1006
3356	1006
3358	1007
3360	1007
3362	1008
3364	1008
3365	1008
3366	1008
3367	1008
3368	1009
3369	1010
3370	1010
3371	1010
3372	1010
3373	1011
3374	1011
3375	1011
3376	1011
3377	1011
3378	1011
3379	1011
3380	1011
3381	1011
3382	1011
3384	1011
3385	1011
3387	1012
3388	1012
3389	1013
3390	1013
3391	1013
3392	1014
3394	1014
3395	1015
3397	1015
3398	1016
3399	1016
3400	1016
3401	1017
3402	1018
3403	1019
3404	1019
3405	1019
3406	1019
3408	1019
3409	1019
3411	1019
3412	1020
3413	1020
3414	1020
3415	1020
3416	1020
3417	1020
3418	1020
3419	1020
3420	1020
3421	1021
3422	1021
3423	1021
3424	1021
3427	1021
3429	1021
3430	1022
3431	1022
3432	1022
3433	1022
3434	1022
3435	1022
3436	1022
3437	1022
3438	1022
3439	1022
3440	1022
3441	1023
3442	1023
3443	1023
3444	1023
3445	1023
3446	1023
3447	1023
3448	1023
3449	1023
3450	1023
3451	1024
3452	1024
3453	1024
3454	1024
3455	1024
3456	1024
3457	1024
3458	1024
3459	1024
3464	1026
3465	1026
3466	1026
3467	1026
3468	1026
3469	1027
3470	1027
3471	1027
3472	1027
3473	1027
3474	1027
3475	1028
3476	1028
3477	1028
3478	1028
3479	1028
3480	1028
3481	1029
3482	1029
3483	1029
3484	1029
3485	1029
3486	1029
3487	1029
3488	1029
3489	1029
3490	1029
3491	1029
3492	1029
3493	1029
3494	1029
3495	1029
3496	1029
3497	1030
3498	1030
3499	1030
3500	1030
3501	1030
3502	1030
3503	1030
3504	1030
3505	1030
3506	1030
3507	1030
3508	1030
3509	1030
3510	1030
3511	1031
3512	1031
3513	1031
3514	1031
3515	1031
3516	1031
3517	1031
3518	1031
3519	1031
3520	1031
3521	1031
3522	1031
3523	1031
3524	1031
3525	1031
3526	1031
3527	1031
3528	1031
3529	1031
3530	1031
3531	1031
3532	1031
3533	1031
3534	1031
3535	1031
3536	1031
3537	1031
3538	1031
3539	1031
3540	1031
3541	1031
3542	1031
3543	1031
3544	1031
3545	1031
3546	1031
3547	1031
3548	1031
3549	1031
3550	1031
3551	1031
3552	1031
3553	1032
3554	1032
3555	1032
3556	1032
3557	1032
3558	1032
3559	1033
3560	1033
3561	1033
3562	1033
3563	1033
3564	1033
3565	1033
3566	1033
3567	1033
3568	1033
3569	1033
3570	1033
3571	1033
3572	1033
3573	1033
3574	1033
3575	1033
3576	1033
3577	1033
3578	1033
3579	1033
3580	1033
3581	1033
3582	1034
3583	1034
3584	1034
3585	1034
3586	1034
3587	1034
3588	1034
3589	1034
3590	1034
3591	1034
3592	1034
3593	1034
3594	1034
3595	1034
3596	1034
3597	1034
3598	1034
3599	1034
3600	1034
3601	1034
3602	1034
3603	1034
3604	1034
3605	1034
3606	1034
3607	1034
3608	1034
3609	1034
3610	1034
3611	1034
3612	1034
3613	1034
3614	1035
3615	1035
3616	891
3617	891
3618	1036
3619	1036
3620	1036
3621	1037
3622	1037
3623	1037
3624	1037
3625	1037
3626	1037
3630	275
3631	275
3632	275
3633	652
3634	652
3635	1038
3636	1038
3637	1038
3638	1039
3639	1039
3640	1039
3641	1040
3642	1040
3643	1040
3644	1041
3645	1042
3646	1043
3647	1043
3648	1044
3649	1044
3650	1045
3651	1045
3652	1045
3653	1046
3654	1047
3655	1048
3656	204
3657	205
3658	410
3659	410
3660	410
3661	412
3662	413
3663	414
3664	1049
3665	1049
3666	1049
3667	1049
3668	1049
3669	1049
3670	1049
3671	1049
3672	1049
3673	1049
3674	1049
3675	1049
3676	1049
3677	1050
3678	1051
3679	1051
3680	1051
3681	1051
3682	1051
3683	1051
3684	1052
3685	1052
3686	1052
3687	1052
3688	1052
3689	1052
3690	1052
3691	1052
3692	1052
3693	1052
3694	1052
3695	1052
3696	1053
3697	1053
3698	1053
3699	1053
3700	1053
3701	1053
3702	1054
3703	1054
3704	1054
3705	1054
3706	1054
3707	1054
3708	1055
3709	1055
3710	1055
3711	1055
3712	1055
3713	1055
3714	1055
3715	1056
3716	1056
3717	1056
3718	1056
3719	1056
3720	1057
3721	1057
3722	1057
3723	1057
3724	1057
3725	1057
3726	1057
3727	1058
3728	1058
3729	1058
3730	1058
3731	1058
3732	1058
3733	1058
3734	1059
3735	1059
3736	1059
3737	1059
3738	1059
3739	1059
3740	1059
3741	1059
3742	1060
3743	1060
3744	1060
3745	1060
3746	1060
3747	1060
3748	1061
3749	1061
3750	1061
3751	1061
3752	1061
3753	1061
3754	1062
3755	1062
3756	1062
3757	1062
3758	1062
3759	1062
3760	1062
3761	1062
3762	1063
3763	1063
3764	1063
3765	1063
3766	1063
3767	1063
3768	1063
3769	1063
3770	1063
3771	1064
3772	1064
3773	1064
3774	1064
3775	1064
3776	1064
3777	1064
3778	1064
3779	1065
3780	1065
3781	1066
3782	1066
3783	1066
3784	1066
3785	1066
3786	1066
3787	1066
3788	1066
3789	1067
3790	1067
3791	1067
3792	1067
3793	1068
3794	1068
3795	1068
3796	1068
3797	1068
3798	1068
3799	1069
3800	1069
3801	1069
3802	1069
3803	1070
3804	1070
3805	1070
3806	1071
3807	1071
3808	1071
3809	1071
3810	1071
3811	1071
3812	1071
3813	1071
3814	1071
3815	1072
3816	1072
3817	1072
3818	1073
3819	1073
3820	1073
3821	1073
3822	1073
3823	1073
3824	1073
3825	1073
3826	1073
3827	1074
3828	1074
3829	1074
3830	1074
3831	1074
3832	1074
3833	1075
3834	1075
3835	1075
3836	1075
3837	1075
3838	1075
3839	1075
3841	1076
3842	1076
3843	1076
3844	1076
3845	1076
3846	1076
3847	1077
3848	1077
3849	1077
3850	1077
3851	1077
3852	1077
3853	1077
3854	1077
3856	1077
3857	1077
3858	1078
3859	1078
3860	1078
3861	1078
3862	1078
3863	1078
3864	1078
3865	1078
3866	1078
3868	1079
3869	1079
3870	1079
3871	1079
3872	1079
3873	1079
3874	1079
3875	1080
3876	1080
3877	1080
3878	1080
3879	1080
3880	1080
3881	1080
3882	1080
3883	1080
3884	1080
3885	1080
3886	1080
3887	1080
3888	1080
3889	1080
3890	1080
3891	1080
3892	1081
3893	1081
3894	1081
3895	1081
3896	1081
3897	1081
3900	1082
3901	1082
3902	1082
3903	1082
3904	1082
3907	1083
3908	1083
3909	1083
3910	1083
3911	1083
3912	1083
3915	1084
3916	1084
3917	1084
3918	1084
3919	1084
3920	1084
3921	1085
3922	1085
3923	1085
3924	1085
3925	1086
3926	1086
3927	1086
3928	1086
3929	1087
3930	1087
3931	1087
3932	1088
3933	1088
3934	1088
3935	1088
3936	1088
3937	1089
3938	1089
3939	1089
3940	1089
3941	1089
3942	1089
3943	1089
3944	1090
3945	1090
3946	1090
3947	1090
3948	1090
3949	1090
3950	1090
3951	1090
3952	1090
3953	1090
3954	1090
3955	1090
3956	1091
3957	1091
3958	1092
3959	1093
3960	1093
3961	1093
3962	1094
3963	1094
3964	1094
3965	1094
3966	1094
3967	1094
3968	1095
3969	1095
3970	1095
3971	1096
3972	1096
3973	1096
3974	1096
3975	1096
3976	1096
3977	1096
3978	1096
3979	1096
3980	1097
3981	1097
3982	1097
3983	1097
3984	1097
3985	1097
3986	1097
3987	1097
3988	1098
3989	1098
3990	1099
3991	1099
3992	1099
3993	1099
3994	1100
3995	1100
3996	1100
3997	71
3998	1101
3999	1101
4000	1101
4001	1101
4002	1101
4003	1101
4004	1101
4005	1102
4006	1102
4007	1102
4008	1102
4009	1102
4010	1102
4011	1103
4012	1103
4013	1103
4014	1104
4015	1104
4016	1104
4017	1104
4018	1104
4019	1104
4020	1104
4021	1104
4022	1104
4023	1104
4024	1104
4025	1104
4026	1105
4027	1105
4028	1105
4029	1105
4030	1105
4031	1105
4032	1105
4033	1106
4035	1106
4036	1106
4037	1106
4038	1107
4039	1107
4040	1107
4041	1107
4042	1107
4043	1107
4044	1107
4045	1107
4046	1108
4047	1108
4048	1108
4049	1109
4050	1109
4051	1109
4052	1111
4053	1111
4054	1111
4055	1111
4056	1111
4057	1112
4058	1112
4059	1112
4060	1113
4061	1113
4062	1113
4063	1113
4064	1113
4065	1113
4066	1113
4067	1113
4068	1113
4069	1113
4070	1114
4071	1114
4072	1114
4073	1114
4074	1114
4075	1114
4076	1114
4077	1114
4078	1114
4079	1115
4080	1115
4081	1115
4082	1115
4083	1115
4084	1115
4085	1115
4086	1115
4087	1115
4088	1115
4089	1115
4090	1116
4091	1116
4092	1116
4093	1117
4094	1117
4095	1117
4096	1117
4097	1117
4098	1117
4099	1117
4100	1117
4101	1117
4102	1117
4103	1117
4104	1117
4105	1117
4106	1117
4107	1117
4108	1117
4109	1117
4110	1117
4111	1117
4112	1118
4113	1118
4114	1118
4115	1119
4116	1119
4117	1119
4118	1119
4119	1119
4120	1119
4121	1119
4122	1119
4123	1120
4124	1120
4125	1120
4126	1120
4127	1121
4128	1121
4129	1121
4130	1121
4131	1121
4132	1121
4133	1121
4134	1121
4135	1121
4136	1122
4137	1122
4138	1122
4139	1122
4140	1123
4141	1123
4142	1123
4143	1123
4144	1123
4145	1123
4146	1123
4147	1124
4148	1124
4149	1124
4150	1124
4151	1124
4152	1124
4153	1124
4154	1124
4155	1124
4156	1124
4157	1124
4158	1124
4159	1124
4160	1125
4161	1125
4162	1125
4163	1125
4164	1125
4165	1125
4166	1125
4167	1125
4168	1125
4169	1126
4170	1126
4171	1126
4174	1127
4175	1127
4176	1127
4177	1127
4178	1127
4179	1127
4180	1127
4181	1127
4182	1127
4183	1127
4184	1127
4187	517
4188	517
4189	517
4190	517
4191	517
4192	517
4193	1128
4194	1128
4196	1129
4197	1129
4198	1129
4199	1129
4200	1129
4201	1129
4203	1129
4204	1129
4205	1129
4206	1130
4207	1131
4208	1131
4209	1131
4210	1131
4211	1131
4212	1131
4213	1131
4214	1131
4215	1131
4216	1131
4217	1131
4218	1132
4219	1132
4220	1132
4221	1132
4222	1132
4223	1132
4224	1132
4225	1132
4226	1133
4227	1133
4228	1133
4229	1133
4230	1133
4231	1133
4232	1133
4233	1134
4234	1134
4235	1134
4236	1134
4237	1134
4238	1135
4239	1135
4240	1135
4241	1136
4242	1136
4243	1136
4244	1136
4245	1137
4246	1137
4247	1138
4248	1138
4249	1138
4250	1138
4251	1138
4252	1139
4253	1139
4254	1140
4255	1140
4256	1140
4257	1140
4258	1140
4259	1140
4264	1142
4265	1142
4266	1143
4267	1143
4268	1143
4269	1144
4270	1144
4271	1145
4276	1147
4277	1147
4278	1147
4279	1148
4280	1148
4281	1148
4282	1148
4283	1148
4284	1148
4285	1148
4286	1149
4287	1149
4288	1149
4289	1149
4290	1149
4291	1150
4292	1150
4293	1150
4295	1150
4297	1150
4298	1151
4299	1151
4300	1151
4301	1151
4304	1153
4305	1153
4306	1153
4307	1154
4308	1154
4309	508
4310	508
4311	508
4312	508
4313	508
4314	508
4315	508
4316	508
4317	508
4318	1141
4319	1141
4320	1141
4321	1141
4322	1141
4323	1141
4324	1155
4325	1155
4326	1155
4327	1155
4328	1155
4329	1155
4330	1155
4331	1155
4332	1155
4333	1155
4334	1156
4335	1156
4336	1156
4337	1156
4338	1156
4339	1156
4340	1156
4341	1156
4342	1156
4343	1156
4344	1157
4345	1157
4346	1157
4347	1157
4348	1157
4349	1157
4350	1157
4351	1157
4352	1157
4353	1157
4354	1157
4355	1158
4356	1158
4357	1158
4358	1158
4359	1158
4360	1158
4361	1158
4362	1158
4363	1158
4364	1158
4365	1158
4366	1158
4367	1158
4368	1158
4369	1158
4370	1158
4371	1158
4372	1158
4373	1158
4374	1158
4375	1158
4376	1158
4377	1158
4378	1158
4379	1158
4380	1158
4381	1158
4382	1158
4383	1158
4384	1158
4385	1158
4386	1158
4387	1158
4388	1158
4389	1158
4390	1158
4391	1158
4392	1159
4393	1159
4394	1159
4395	1159
4396	1159
4397	1159
4398	1159
4399	1159
4400	1159
4401	1159
4402	1159
4403	1159
4404	1159
4405	1159
4406	1159
4407	1160
4408	1160
4409	1160
4410	1160
4411	1160
4412	1160
4413	1160
4414	1160
4415	1160
4416	1160
4417	1160
4418	1160
4419	1160
4420	1160
4421	275
4422	275
4423	275
4424	1150
4425	1160
4426	1160
4427	1160
4428	1160
4429	1160
4430	1160
4431	1160
4432	1160
4433	1161
4434	1161
4435	1161
4436	1161
4437	1161
4438	1161
4439	1161
4440	1161
4441	1161
4442	1161
4443	1161
4444	1161
4445	1161
4446	1161
4447	1161
4448	1161
4449	1161
4450	1162
4451	1162
4452	1162
4453	1163
4454	1163
4455	1163
4456	1163
4457	1163
4458	1164
4459	1164
4460	1164
4461	1164
4462	1164
4463	1165
4464	1165
4465	1165
4466	1166
4467	1166
4468	1166
4469	1166
4470	1166
4471	1167
4472	1167
4473	1167
4474	1167
4475	1168
4476	1168
4477	1168
4478	1168
4479	1168
4480	1168
4481	1169
4482	1169
4483	1169
4484	1170
4485	1171
4486	1172
4487	1172
4488	1172
4489	1172
4490	1173
4491	1174
4492	1175
4493	1175
4494	1175
4495	1175
4496	1175
4497	1175
4498	1175
4499	1175
4500	1175
4501	1175
4502	1176
4503	1176
4504	1176
4505	1176
4506	1176
4507	1177
4508	1177
4509	1178
4510	1178
4511	1178
4512	1178
4513	1178
4514	1179
4515	1179
4516	1179
4517	1179
4518	1179
4519	1179
4520	1179
4521	1179
4522	1179
4523	1179
4524	1179
4525	1179
4526	1179
4527	1179
4528	1179
4529	1180
4530	1180
4531	1180
4532	1180
4533	1180
4534	1180
4535	1180
4536	1180
4537	1181
4538	1181
4539	1181
4540	1181
4541	1181
4542	1181
4543	1181
4544	1181
4545	1181
4546	1181
4547	1181
4548	1182
4549	1182
4550	1182
4551	1182
4552	1182
4553	1182
4554	1182
4555	1182
4556	1182
4558	1183
4560	1183
4561	1184
4562	1184
4563	1184
4564	1184
4565	1185
4566	1185
4567	1185
4568	1185
4569	1185
4570	1185
4571	1185
4572	1186
4573	1186
4574	1186
4575	1186
4576	1187
4577	1187
4578	1187
4579	1187
4580	1187
4581	1187
4582	1187
4583	1187
4584	1187
4585	1187
4586	1187
4587	1187
4588	1187
4589	1187
4590	1187
4591	1187
4592	1187
4593	1187
4594	1187
4595	1187
4596	1188
4597	1188
4598	1188
4599	1188
4600	1188
4601	1188
4602	1188
4603	1188
4604	1188
4605	1188
4606	1188
4607	1188
4608	1188
4609	1188
4610	1188
4611	1188
4612	1188
4613	1188
4614	1188
4615	1188
4616	1188
4617	1188
4618	1188
4619	1188
4620	1188
4621	1188
4622	1188
4623	1188
4624	1188
4625	1188
4626	1188
4627	1188
4628	1188
4629	1188
4630	1188
4631	1188
4632	1188
4633	1188
4634	1188
4635	1188
4636	1188
4637	1188
4638	1188
4639	1188
4640	1188
4641	1188
4642	1188
4643	1188
4644	1188
4645	1188
4646	1188
4647	1188
4648	1188
4649	1188
4650	1188
4651	1188
4652	1189
4653	1189
4654	1189
4655	1189
4656	1189
4657	1189
4658	1190
4659	1190
4660	1190
4661	1190
4662	1190
4663	1190
4664	1190
4665	1190
4666	1190
4667	1190
4668	1190
4669	1190
4670	1190
4671	1190
4672	1190
4673	1190
4674	1190
4675	1191
4676	1191
4677	1191
4678	1191
4679	1191
4680	1191
4681	1191
4682	1191
4683	1191
4684	1191
4685	1192
4686	1192
4687	1192
4688	1192
4689	1192
4690	1192
4691	1192
4692	1192
4693	1192
4694	1192
4695	1192
4696	1192
4697	1192
4698	1192
4699	1192
4700	1193
4701	1193
4702	1193
4703	1193
4704	1193
4705	1193
4706	1194
4707	1194
4708	1194
4709	1194
4710	1194
4711	1194
4712	1194
4713	1194
4714	1194
4715	1195
4716	1195
4717	1195
4718	1195
4719	1195
4720	1195
4721	1195
4722	1195
4723	1195
4724	1195
4725	1196
4726	1196
4727	1196
4728	1196
4729	1196
4730	1196
4731	1196
4732	1196
4733	1196
4734	1196
4735	1197
4736	1197
4737	1197
4738	1197
4739	1197
4740	1197
4741	1197
4742	1197
4743	1197
4744	1197
4745	1198
4746	1198
4747	1198
4748	1198
4749	1198
4750	1198
4751	1198
4752	1198
4753	1198
4754	1198
4755	1199
4756	1199
4757	1199
4758	1199
4759	1199
4760	1199
4761	1199
4762	1199
4763	1199
4764	1199
4765	1199
4766	1199
4767	1199
4768	1199
4769	1199
4770	1200
4771	1200
4772	1200
4773	1200
4774	1200
4775	1200
4776	1200
4777	1200
4778	1200
4779	1200
4780	1200
4781	1200
4782	1200
4783	1200
4784	1200
4785	1201
4786	1201
4787	1201
4788	1201
4789	1201
4790	1201
4791	1201
4792	1201
4793	1201
4794	1201
4795	1201
4796	1201
4797	1201
4800	1203
4801	1203
4802	1203
4803	1203
4804	1203
4805	1203
4806	1203
4807	1203
4808	1203
4809	1204
4810	1204
4811	1204
4812	1205
4813	1205
4814	1205
4815	1205
4816	1205
4817	1206
4818	1206
4819	1206
4820	1206
4821	1206
4822	1206
4823	1206
4824	1207
4825	1207
4826	1207
4827	1207
4828	1207
4829	1207
4830	1208
4831	1208
4832	1208
4833	1208
4834	1208
4835	1208
4836	1209
4837	1209
4838	1209
4839	1209
4840	1209
4841	1209
4842	1209
4843	1209
4844	1209
4845	1209
4846	1209
4850	1210
4851	1210
4860	1211
4861	1211
4862	1212
4865	1212
4866	1212
4875	1214
4878	1215
4879	1215
4880	1216
4886	1217
4890	1218
4891	1218
4892	1218
4893	1218
4895	1218
4902	1220
4904	1203
4908	1208
4909	1208
4910	1208
4933	1222
4934	1222
4935	1222
4947	1226
4949	1227
4950	1228
4952	1229
4955	1230
4956	1230
4957	1230
4958	1230
4959	1230
4960	1230
4961	1230
4962	1230
4963	1230
4964	1230
4965	1230
4966	1230
4967	1230
4974	1232
4975	1232
4976	1232
4977	1233
4978	1233
4979	1233
4980	1233
4981	1233
4982	1233
4997	1235
4998	1235
4999	1235
5000	1236
5001	1236
5002	1236
5005	1237
5008	1238
5009	1238
5010	1239
5011	1239
5012	1239
5015	1240
5016	1240
5017	1240
5018	1240
5020	1241
5021	1241
5022	1241
5023	1241
5024	1241
5025	1241
5026	1241
5027	1241
5028	1241
5029	1241
5030	1242
5031	1242
5032	1242
5033	1242
5034	1242
5035	1243
5036	1243
5037	1243
5038	1244
5039	1245
5040	1246
5041	1246
5042	1246
5043	1248
5044	1248
5045	1248
5046	1248
5047	1248
5048	1248
5049	1249
5050	1249
5051	1249
5052	1249
5053	1249
5054	1249
5055	1249
5056	1249
5057	1249
5058	1249
5059	1249
5082	1253
5083	1253
5084	1254
5085	1254
5086	1255
5087	1256
5088	1257
5089	1258
5090	1258
5094	1259
5095	1259
5096	1259
5097	1259
5098	1259
5099	1204
5100	1204
5101	1203
5102	1203
5103	1221
5104	1223
5105	1224
5106	1225
5107	1229
5108	1231
5109	140
5110	140
5111	138
5112	138
5113	1234
5114	1234
5115	1238
5116	1238
5117	1238
5118	1240
5119	1244
5120	1252
5121	1251
5123	1250
5124	1210
5126	1211
5127	1213
5128	1214
5130	1217
5131	1219
5133	1260
5134	1261
5135	1261
5136	1262
5137	1263
5138	1264
5139	1265
5140	1266
5141	1266
5142	1266
5143	1266
5144	1266
5145	1266
5146	1266
5147	1266
5148	1266
5149	1267
5150	1267
5151	1267
5152	1267
5153	1267
5154	1268
5155	1268
5156	1268
5157	1268
5158	1268
5159	1268
5160	1269
5161	1269
5162	1269
5163	1269
5164	1270
5165	1270
5166	1270
5170	193
5171	193
5172	194
5173	194
5174	1271
5175	1272
5176	1273
5177	1274
5179	1276
5180	1277
5181	1277
5182	1278
5183	1279
5184	1279
5185	1279
5186	1280
5187	1280
5188	1280
5189	1281
5190	1281
5191	1281
5192	1281
5193	1282
5194	1282
5195	1282
5196	1282
5197	1283
5198	1283
5199	1283
5200	1283
5201	1283
5202	1283
5203	1283
5204	1284
5205	1285
5206	1285
5207	1286
5208	1286
5209	1287
5210	1288
5212	1288
5214	1289
5216	1289
5218	1290
5219	1291
5221	1291
5223	1292
5224	1293
5225	1294
5227	1294
5228	1295
5229	1295
5231	1296
5232	1297
5235	1298
5237	1299
5238	1300
5239	1300
5240	1301
5241	1301
5242	1302
5243	1302
5244	1302
5245	1303
5246	1303
5247	1303
5248	1304
5249	1304
5250	1305
5251	1305
5252	1305
5253	1305
5254	1306
5255	1306
5258	1307
5259	1307
5260	1307
5261	98
5262	98
5263	1308
5265	1309
5266	1310
5267	1312
5268	1312
5269	1313
5270	1313
5272	1313
5273	1313
5274	1313
5275	1313
5276	1314
5277	1314
5278	1314
5279	1314
5280	1314
5281	1314
5282	1314
5283	1314
5284	1314
5285	1314
5286	1314
5287	1314
5288	1315
5289	1315
5290	1315
5291	1315
5292	1315
5293	1315
5294	1315
5295	1316
5296	1316
5297	1317
5298	1317
5299	1317
5300	1317
5301	1317
5302	1317
5304	1317
5305	1317
5306	1317
5307	1317
5308	1317
5309	1317
5310	1317
5311	1317
5312	1317
5313	1317
5314	1317
5315	1317
5316	1318
5317	1318
5318	1319
5319	1319
5320	1319
5321	1319
5322	1319
5323	1320
5324	1320
5325	1320
5326	1320
5327	1320
5328	1320
5329	1320
5330	1320
5331	1320
5332	1320
5333	1320
5334	1320
5335	1320
5336	1320
5337	1320
5338	1321
5339	1321
5340	1321
5341	1322
5342	1322
5343	1322
5344	1322
5345	1322
5346	1322
5347	1323
5348	1323
5349	1323
5350	1324
5351	1324
5352	1325
5353	1325
5354	1325
5355	1326
5356	1326
5357	1326
5358	1327
5359	1327
5360	1327
5361	1327
5362	1327
5363	1327
5364	1327
5365	1327
5366	1327
5367	1328
5368	1328
5369	1328
5370	1328
5371	1328
5372	1328
5373	1329
5374	1329
5375	1330
5376	1330
5377	1330
5378	1331
5379	1331
5380	1331
5381	1331
5382	1331
5383	1331
5384	1331
5385	1331
5386	1332
5387	1332
5388	1332
5389	1332
5390	1337
5391	1337
5392	1337
5393	1337
5394	1338
5395	1338
5396	1338
5397	1338
5398	1339
5399	1339
5400	1339
5401	1339
5402	1340
5403	1340
5404	1340
5405	1340
5406	1341
5407	1342
5408	1343
5409	1344
5410	1344
5411	1344
5412	1344
5413	1345
5417	1346
5418	1346
5419	1346
5420	1346
5421	1347
5422	1347
5423	1347
5424	1347
5425	1348
5426	1348
5427	1349
5428	1349
5429	1349
5430	1349
5431	1349
5432	1350
5433	1350
5434	1351
5435	1351
5436	1351
5437	1352
5438	1352
5439	1352
5440	1353
5441	1353
5442	1353
5443	1353
5444	1353
5445	1353
5446	1354
5447	1354
5448	1354
5449	1354
5450	1354
5451	1354
5452	1355
5453	1355
5454	1356
5455	1356
5456	1201
5457	1201
5458	1201
5459	1201
5460	1201
5461	1201
5462	1201
5463	1201
5464	1201
5465	1201
5466	1201
5467	1201
5468	1358
5469	1358
5470	1358
5471	1358
5472	1358
5473	1358
5474	1358
5475	1358
5476	1358
5477	1358
5478	1358
5479	1358
5480	1358
5481	1358
5482	1358
5483	1358
5484	1358
5485	1358
5486	1358
5487	1358
5488	1358
5489	1358
5490	1358
5491	1358
5492	1358
5493	1357
5494	1357
5495	1357
5496	1357
5497	1357
5498	1357
5499	1357
5500	1357
5501	1357
5502	1357
5503	1357
5504	1357
5505	1357
5506	1357
5507	1357
5508	1357
5509	1357
5510	1357
5511	1357
5512	1357
5513	1357
5514	1357
5515	1357
5516	1357
5517	1357
5518	1357
5519	1357
5520	1357
5521	1357
5540	1366
5555	1369
5560	1363
5561	1372
5562	1373
5563	1374
5564	1375
5565	1376
5566	1377
5567	1378
5568	1378
5569	1378
5570	1378
5571	1378
5572	1378
5585	1378
5586	1378
5587	1378
5588	1381
5589	1381
5590	1381
5591	1381
5592	1381
5593	1381
5594	1381
5595	1381
5596	1381
5597	1382
5598	1382
5599	1382
5600	1382
5601	1382
5602	1382
5603	1382
5604	1382
5605	1382
5606	1383
5607	1383
5608	1383
5609	1383
5610	1384
5611	1384
5612	1384
5613	1384
5614	1385
5615	1385
5616	1385
5617	1385
5618	1386
5619	1386
5620	1386
5621	1386
5622	1386
5623	1386
5636	1389
5637	1389
5638	1389
5639	1389
5640	1389
5641	1389
5642	1390
5643	1390
5644	1390
5645	1390
5646	1390
5647	1390
5648	1391
5649	1391
5650	1391
5651	1391
5652	1391
5653	1391
5654	1392
5655	1392
5656	1392
5657	1392
5658	1392
5659	1392
5660	1393
5661	1393
5662	1393
5663	1393
5664	1393
5665	1393
5666	1394
5667	1394
5668	1394
5669	1394
5670	1394
5671	1394
5672	1395
5673	1395
5674	1395
5675	1395
5676	1395
5677	1395
5678	1396
5679	1396
5680	1396
5681	1396
5682	1396
5683	1396
5687	1221
5688	1221
5689	1221
5690	1151
5691	1151
5692	595
5693	595
5694	595
5695	1398
5696	823
5697	823
5698	489
5699	1400
5700	1401
5701	1401
5702	1401
5703	1401
5704	1401
5706	1402
5707	1402
5708	1402
5709	1402
5710	1403
5711	1403
5712	1403
5713	1404
5714	1405
5715	1405
5717	1406
5718	1406
5719	1406
5720	1406
5721	1406
5723	1407
5726	1409
5730	1407
5731	1407
5733	1410
5735	1410
5736	1411
5738	1412
5753	1425
5754	1425
5755	1425
5757	1428
5759	1429
5760	1429
5761	1429
5762	1430
5763	1430
5764	1430
5765	1430
5766	1428
5767	1432
5768	1433
5769	1433
5770	1433
5771	1434
5772	1434
5773	1434
5775	1428
5779	1437
5780	1437
5781	1438
5784	1440
5785	1440
5786	1441
5787	1441
5788	1441
5789	1441
5790	1441
5791	1441
5792	1441
5793	1441
5795	1443
5796	1443
5797	1443
5798	1443
5799	1443
5800	1443
5801	1443
5802	1443
5803	1443
5806	1435
5813	1444
5814	1444
5815	1444
5822	1446
5823	1446
5824	1446
5825	1446
5826	1446
5827	1446
5828	1447
5829	1447
5830	1447
5831	1448
5832	1448
5833	1403
5834	1403
5835	1449
5837	1452
5844	1452
5845	161
5848	161
5851	161
5853	161
5856	161
5858	1221
5859	1225
5861	1234
5862	1234
5863	1234
5864	1234
5865	1234
5866	161
5867	158
5868	158
5869	195
5870	1457
5871	162
5872	162
5873	163
5876	1459
5878	1460
5879	157
5880	157
5881	1462
5882	1463
5883	166
5884	166
5885	166
5886	1464
5887	1464
5888	171
5889	1465
5890	171
5891	171
5893	171
5894	171
5895	171
5896	171
5897	1466
5900	168
5901	168
5903	168
5904	168
5905	168
5906	168
5907	168
5908	168
5909	168
5910	168
5911	168
5912	575
5913	575
5914	575
5915	575
5916	575
5917	575
5918	575
5919	159
5920	159
5921	159
5923	1467
5924	159
5926	1468
5927	170
5928	170
5929	170
5930	170
5931	170
5932	574
5933	1469
5945	1470
5946	1470
5949	1471
5951	1472
5952	574
5953	574
5954	574
5955	574
5956	574
5957	574
5958	574
5960	574
5961	574
5962	574
5963	574
5964	574
5966	1473
5967	1473
5968	1474
5970	169
5972	575
5974	575
5975	575
5976	575
5977	575
5979	575
5980	575
5981	575
5982	575
5983	169
5984	169
5985	169
5986	169
5987	169
5988	169
5989	169
5993	1475
6004	66
6005	66
6006	1477
6009	1478
6019	1478
6021	1478
6026	1478
6029	1479
6033	1480
6034	66
6035	66
6044	1481
6048	1482
6053	1482
6057	1482
6065	1483
6066	139
6067	139
6068	737
6069	737
6070	142
6072	146
6073	146
6074	146
6075	146
6076	146
6080	1484
6086	147
6088	147
6089	147
6091	1485
6103	1486
6108	148
6109	149
6110	149
6111	149
6112	149
6113	149
6115	150
6117	151
6118	151
6119	151
6120	151
6121	151
6122	151
6123	151
6125	151
6126	151
6127	151
6128	1487
6132	415
6133	415
6134	421
6135	1488
6137	1489
6138	1490
6141	1491
6144	1492
6148	1494
6149	1495
6150	1496
6155	1497
6157	1498
6158	1499
6159	1500
6160	1500
6161	1500
6162	1500
6163	1500
6164	1500
6169	1502
6170	1502
6172	1502
6174	1502
6175	1502
6176	1502
6177	1502
6178	1502
6179	1502
6180	1502
6181	1502
6182	1502
6183	1502
6184	1502
6185	1502
6186	1502
6187	1502
6188	1502
6189	1503
6190	1503
6191	1504
6192	1505
6193	1506
6194	1507
6195	1508
6196	1509
6197	1510
6198	1511
6199	1512
6200	1513
6201	1515
6202	1516
6205	1517
6206	1518
6207	1518
6208	1518
6209	1518
6210	1518
6211	1518
6213	1518
6214	1518
6215	1398
6216	1398
6217	1520
6218	1520
6220	1520
6222	1520
6223	1521
6224	1521
6225	1521
6226	1521
6227	1521
6229	1521
6231	1522
6232	1522
6233	1522
6234	1522
6235	1522
6237	1524
6238	1524
6239	1524
6240	1523
6241	1525
6242	1525
6243	1525
6244	1525
6245	1525
6246	1525
6247	1525
6248	1525
6250	1525
6251	1526
6252	1526
6253	1527
6254	1527
6255	1527
6256	1527
6257	1527
6258	1528
6259	1528
6260	1528
6261	1529
6262	1530
6263	1531
6264	1532
6268	1533
6272	1534
6273	1536
6281	1539
6282	1539
6284	1539
6285	1539
6287	1540
6288	1541
6291	1542
6292	1533
6299	1544
6301	1545
6302	1546
6303	1546
6304	1546
6305	1546
6306	1546
6307	1547
6308	1547
6309	1547
6310	1549
6312	1550
6314	1452
6315	1452
6316	1551
6317	1551
6318	1551
6319	1553
6320	1553
6321	1553
6322	1554
6323	1554
6324	1554
6325	1555
6326	1555
6334	1556
6339	1557
6347	1558
6353	1559
6361	1560
6368	1562
6373	1565
6374	1566
6375	1567
6376	1568
6412	1569
6415	1570
6422	1568
6423	1568
6426	1572
6427	1572
6432	1573
6433	1573
6440	1574
6445	1575
6447	1576
6448	1576
6449	1576
6450	1576
6452	1577
6453	1577
6458	1579
6459	1579
6460	1579
6461	1579
6462	1579
6463	1579
6464	1580
6465	1580
6466	1580
6467	1580
6468	1581
6469	1581
6470	1581
6471	1581
6472	1581
6473	1582
6474	1582
6475	1583
6476	1583
6477	1583
6478	1584
6479	1584
6480	1584
6481	1585
6482	1585
6483	1585
6484	1585
6485	1585
6486	1585
6487	1585
6500	1586
6501	1586
6502	1586
6503	1586
6504	1586
6505	1586
6551	1578
6553	1590
6564	1591
6565	1591
6566	1591
6567	1593
6568	1593
6569	1594
6570	1594
6571	1594
6572	1594
6573	1594
6574	1594
6576	1592
6599	1597
6607	1598
6615	1599
6622	1601
6623	1601
6624	1601
6625	1601
6626	1601
6630	1602
6634	1603
6640	1604
6641	1604
6642	1181
6643	1181
6655	1606
6660	1608
6663	1609
6664	1610
6665	1610
6666	1610
6667	1610
6672	1611
6675	1612
6676	1612
6677	1612
6678	1612
6679	1612
6680	1613
6681	1613
6682	1613
6683	1613
6686	1619
6695	1614
6696	1614
6697	1614
6698	1614
6699	1619
6701	1615
6702	1615
6703	1615
6704	1616
6705	1616
6706	1616
6707	1617
6708	1617
6709	1617
6710	1617
6711	1618
6712	1618
6713	1618
6738	1625
6739	1625
6740	1628
6741	1628
6750	1629
6753	1630
6754	1630
6755	1631
6756	1631
6757	1632
6758	1632
6759	1632
6760	1632
6761	1632
6762	1633
6763	1633
6764	1633
6765	1634
6766	1634
6767	1634
6768	1634
6769	1634
6770	1635
6771	1635
6772	1635
6773	1635
6774	1635
6777	1636
6785	1638
6786	1638
6787	1638
6788	1638
6789	1638
6790	1639
6791	1639
6792	1639
6793	1639
6794	1639
6796	1637
6803	1640
6813	1641
6826	1642
6831	1646
6832	1646
6833	1646
6834	1647
6836	1647
6901	1650
6912	1646
6913	1646
6914	1646
6915	1646
6916	1646
6917	1646
6918	1646
6919	1652
6920	1652
6921	1652
6922	1652
6923	1652
7002	1655
7014	1656
7031	1658
7039	1661
7049	1663
7053	1665
7061	1672
7062	1672
7072	1670
7085	1674
7087	1677
7088	1676
7089	1678
7091	1681
7095	1683
7097	1685
7098	1685
7099	1685
7100	1685
7101	1685
7110	1688
7111	1688
7141	1700
7152	1701
7160	1702
7168	1703
7169	1704
7170	1705
7171	1706
7172	1707
7173	1708
7174	1709
7175	1710
7176	1711
7177	1712
7178	1712
7179	1713
7183	1713
7196	1714
7197	1714
7210	1715
7211	1715
7212	1716
7213	1717
7214	1718
7215	1719
7266	1723
7276	1732
7277	1733
7278	1734
7284	1735
7288	1736
7294	1737
7301	1738
7307	1739
7311	1741
7313	1742
7328	1745
7332	1746
7339	1747
7344	1748
7349	1749
7352	1750
7355	1751
7357	1752
7359	1753
7361	1755
7366	1757
7367	1758
7370	1758
7371	1760
7373	1761
7380	1762
7387	1763
7388	563
7390	1764
7392	1765
7395	1766
7396	1767
7402	1768
7403	1489
7404	1490
7406	1491
7412	1495
7418	1495
7437	1497
7438	1768
7440	1768
7443	1769
7446	1769
7447	1769
7448	1769
7451	1769
7453	1770
7457	1771
7458	1771
7465	1771
7474	1773
7476	1775
7479	1774
7480	241
7481	241
7482	241
7483	225
7484	225
7485	225
7486	225
7487	225
7488	225
7489	225
7490	225
7491	225
7492	225
7493	225
7494	225
7497	1776
7500	227
7501	227
7502	227
7503	227
7504	227
7505	227
7511	1777
7518	1778
7523	1779
7561	1795
7563	1796
7566	1797
7567	1798
7568	1798
7570	1799
7571	1800
7575	1801
7576	1802
7578	1803
7579	1804
7580	1805
7582	1806
7588	1808
7590	1809
7594	959
7597	959
7599	731
7600	731
7601	731
7603	1810
7604	1811
7607	1812
7608	1812
7611	1441
7612	1814
7613	1816
7614	1816
7616	1818
7617	733
7618	1818
7619	1818
7620	1818
7621	733
7622	733
7623	733
7624	733
7627	1819
7628	1815
7629	525
7630	1820
7632	1821
7634	1822
7636	1823
7637	525
7638	1824
7639	1825
7640	727
7641	727
7642	727
7644	1826
7645	1828
7649	1827
7653	1820
7657	1829
7660	1830
7663	1828
7666	1832
7667	1553
7668	1833
7669	1837
7670	1516
7671	1516
7672	1516
7674	1516
7676	1516
7677	1516
7678	1516
7682	1516
7686	1516
7688	1838
7689	1729
7690	1729
7691	1729
7692	1729
7693	1729
7694	1729
7695	1729
7696	1729
7697	1729
7698	1729
7699	1729
7700	1731
7701	1731
7702	1731
7703	1731
7704	1731
7705	1731
7706	1731
7707	1731
7708	1731
7709	1730
7710	1730
7711	1730
7712	1730
7713	1730
7714	1730
7715	1730
7716	1730
7717	1730
7718	1730
7719	1730
7720	1730
7721	1730
7722	1730
7723	1730
7724	1730
7725	1730
7726	1730
7727	1730
7728	1730
7729	1730
7730	1730
7731	1720
7732	1720
7733	1720
7734	1720
7735	1720
7736	1720
7737	1720
7738	1720
7739	1720
7740	1721
7741	1721
7742	1721
7743	1721
7744	1721
7745	1721
7746	1721
7747	1721
7748	1585
7749	1585
7750	1585
7751	1586
7752	1594
7753	1695
7754	1695
7755	1695
7757	1602
7758	1696
7759	1689
7760	1690
7761	1690
7762	1690
7763	1690
7764	1690
7765	1687
7766	1687
7767	1687
7768	1687
7769	1687
7770	1687
7771	1686
7772	1686
7773	1686
7774	1686
7775	1686
7776	1686
7777	1686
7778	1693
7779	1693
7780	1693
7781	1693
7782	1698
7783	1699
7784	937
7785	1694
7786	1694
7787	1694
7788	1694
7789	1692
7790	1692
7791	1692
7792	1691
7793	1691
7794	1691
7795	1691
7796	1691
7797	1684
7798	1684
7799	1684
7800	1684
7801	1684
7802	1697
7803	1682
7804	1682
7805	1682
7806	1682
7807	1682
7808	1643
7809	1643
7810	1643
7811	1670
7812	1670
7813	1670
7814	1670
7815	1670
7816	1670
7817	1670
7818	1670
7819	1670
7820	1644
7821	1644
7822	1644
7823	1644
7824	1644
7825	1644
7826	1644
7827	1644
7828	1644
7829	1644
7830	1644
7831	1644
7832	1644
7833	1644
7834	1644
7835	1616
7836	1616
7837	1840
7838	1662
7839	1662
7840	1662
7841	1662
7842	1654
7843	1654
7844	1654
7845	1645
7846	1645
7847	1645
7848	1645
7849	1645
7850	1645
7851	1645
7852	1645
7853	1645
7854	1645
7855	1645
7856	1668
7857	1668
7858	1664
7859	1664
7860	1841
7861	1841
7862	1666
7863	1666
7864	1666
7865	1666
7866	1666
7867	1667
7868	1667
7869	1667
7870	1667
7871	1669
7872	1669
7873	1673
7874	1655
7875	1655
7876	1655
7877	1655
7878	1655
7879	1655
7880	1655
7881	1655
7882	1660
7883	1660
7884	1659
7885	1659
7886	1671
7887	1671
7888	1671
7889	1671
7890	1671
7891	1621
7892	1621
7893	1621
7894	1621
7895	1621
7896	1621
7897	1621
7898	1627
7899	1627
7900	1627
7901	1627
7902	1627
7903	1627
7904	1627
7905	1626
7906	1626
7907	1626
7908	1626
7909	1626
7910	1626
7911	1628
7912	1628
7913	1628
7914	1628
7915	1628
7916	1628
7917	1628
7918	1628
7919	1624
7920	1624
7921	1624
7922	1624
7923	1620
7924	1620
7925	1620
7926	1620
7927	1620
7928	1620
7929	1620
7930	1620
7931	1622
7932	1622
7933	1622
7934	1622
7935	1622
7936	1622
7937	1594
7938	1594
7939	744
7940	744
7941	744
7942	1274
7943	1678
7944	1793
7945	1842
7946	1842
7947	1842
7948	1842
7949	1842
7950	1842
7951	1842
7952	1842
7953	1842
7954	1842
7955	1842
7956	1843
7957	1843
7958	1843
7959	1843
7960	1844
7961	1844
7962	1844
7963	1844
7964	1844
7965	1844
7966	1844
7967	1844
7968	1844
7969	1844
7970	1844
7971	1844
7972	1844
7973	1844
7974	1844
7975	1845
7976	1845
7977	1845
7978	1845
7979	1846
7980	1846
7981	1846
7982	1846
7983	1846
7984	1846
7985	1846
7986	1846
7987	1847
7988	1847
7989	1847
7990	1847
7991	1847
7992	1847
7993	1848
7994	1848
7995	1848
7996	1848
7997	1848
7998	1848
7999	1849
8000	1849
8001	1849
8002	1849
8003	1849
8004	1850
8005	1850
8006	1850
8007	1850
8008	1850
8009	1850
8010	1850
8011	1850
8012	1850
8013	1851
8014	1851
8015	1851
8016	1851
8017	1851
8018	1852
8019	1852
8020	1852
8021	1852
8022	1852
8023	1852
8024	1852
8025	1852
8026	1853
8027	1853
8028	1853
8029	1853
8030	1853
8031	1853
8032	1853
8033	1852
8034	1852
8035	1852
8036	1852
8037	1854
8040	1855
8041	1856
8043	1856
8044	1857
8047	1856
8050	1857
8053	1858
8054	1858
8057	1862
8062	1863
8065	1864
8066	1864
8069	1865
8070	1865
8071	1867
8073	1867
8076	1867
8077	1867
8078	1868
8086	1869
8087	1869
8089	1869
8092	1869
8093	1870
8094	1870
8095	1870
8105	1871
8106	1871
8107	1871
8108	1872
8109	1872
8110	1872
8111	1872
8112	1873
8113	1873
8114	1873
8115	1873
8116	1873
8117	1873
8118	1874
8119	1874
8120	1874
8121	1874
8122	1875
8123	1875
8124	1875
8125	1875
8126	1875
8127	1875
8128	1875
8129	1875
8130	1876
8131	1876
8132	1876
8133	1876
8134	1876
8135	1877
8137	1877
8138	1878
8143	1879
8146	1880
8147	1880
8148	1880
8149	1880
8150	1880
8151	1880
8152	1880
8153	1880
8154	1880
8155	1881
8156	1881
8157	1881
8158	1881
8159	1881
8160	1881
8161	1881
8162	1881
8163	1881
8164	1882
8165	1882
8166	1882
8167	1882
8168	1882
8169	1882
8170	1882
8171	1882
8172	1882
8173	1882
8174	1882
8175	1882
8176	1882
8177	1883
8178	1883
8179	1884
8180	1884
8181	1884
8182	1884
8183	1884
8184	1884
8185	1884
8186	1884
8187	1884
8188	1885
8189	1886
8190	1887
8191	1887
8192	1887
8193	1887
8194	1887
8195	1887
8196	1887
8197	1887
8198	1887
8199	1887
8200	1887
8201	1887
8202	1887
8203	1887
8204	1888
8205	1888
8206	1888
8207	1888
8209	1888
8210	1888
8211	1889
8212	1889
8213	1889
8214	1889
8215	1890
8216	1890
8217	1890
8218	1890
8219	1890
8220	1890
8221	1890
8222	1890
8223	1890
8224	1890
8225	1890
8226	1890
8227	1891
8228	1891
8229	1891
8230	1891
8231	1892
8232	1892
8233	1892
8234	1893
8235	1893
8236	1893
8237	1893
8238	1894
8239	1894
8240	1894
8241	1895
8242	1895
8243	1895
8244	1895
8245	1896
8246	1896
8247	1896
8248	1896
8249	1896
8250	1896
8251	1897
8252	1897
8253	1897
8254	1897
8255	1897
8256	1897
8257	1899
8258	1900
8259	1900
8260	1900
8261	1900
8262	1902
8263	1902
8264	1902
8265	1902
8266	1902
8270	1903
8271	1903
8272	1903
8273	1903
8274	1904
8275	1904
8276	1904
8277	1904
8278	1904
8279	1904
8280	1904
8281	1904
8282	1904
8283	1904
8284	1904
8285	1904
8286	1904
8287	1904
8288	1905
8289	1905
8290	1905
8291	1905
8292	1905
8293	1905
8294	1905
8295	1905
8296	1905
8297	1905
8298	1905
8299	1905
8300	1906
8301	1906
8302	1906
8304	1907
8305	1908
8306	1908
8307	1908
8308	1909
8311	1909
8312	1909
8313	1909
8314	1909
8315	1909
8316	1910
8317	1910
8319	1910
8320	1910
8321	1910
8322	1910
8323	1911
8324	1912
8325	1912
8326	1912
8327	1912
8328	1912
8329	1914
8330	1914
8331	1914
8332	1914
8333	1914
8334	1914
8335	1914
8336	1914
8337	1914
8338	1915
8339	1915
8340	1915
8341	1915
8342	1915
8343	1915
8344	1915
8345	1916
8346	1916
8347	1916
8348	1917
8349	1917
8350	1917
8351	1918
8352	1918
8353	1918
8354	1918
8355	1918
8356	1918
8357	1919
8358	1921
8359	1921
8363	1923
8364	1923
8365	1925
8366	1925
8367	1926
8368	1926
8369	1926
8370	1927
8371	1927
8372	1927
8373	1927
8374	1753
8375	1928
8376	1929
8377	1930
8378	1930
8379	1931
8380	1932
8381	1933
8382	1934
8383	1935
8384	1935
8385	1935
8386	1935
8387	1935
8388	1936
8389	1936
8390	1936
8391	1937
8392	1938
8393	1939
8394	1940
8395	1940
8396	1940
8397	1940
8398	1940
8399	1940
8400	1940
8401	1940
8402	1940
8403	1940
8404	1940
8405	1753
8406	1735
8407	1735
8408	1735
8409	1735
8410	1735
8411	1736
8412	1736
8413	1736
8414	1736
8415	1737
8416	1737
8417	1737
8418	1941
8419	1942
8420	1943
8421	1738
8422	1738
8423	1738
8424	1739
8425	1739
8426	1739
8427	1944
8428	1944
8429	1944
8430	1944
8431	1944
8432	1746
8433	1746
8434	1746
8435	1746
8436	1746
8437	1746
8438	1747
8439	1747
8440	1747
8441	1747
8442	1749
8443	1749
8444	1749
8445	1749
8446	1749
8447	1749
8448	1749
8449	1749
8450	1749
8451	1945
8452	1945
8453	1945
8454	1945
8455	1945
8456	1724
8457	1724
8458	1725
8459	1726
8460	1726
8461	1726
8462	1727
8463	1728
8465	1590
8466	1946
8467	1946
8468	1946
8469	1947
8470	1590
8471	1590
8473	1569
8474	1569
8475	1569
8476	1569
8477	1574
8478	1574
8479	1574
8480	1575
8481	1575
8482	1575
8483	1575
8484	1578
8485	1578
8486	1578
8487	1578
8488	1650
8489	1650
8490	1658
8491	1658
8492	1658
8493	1656
8494	1656
8495	1656
8496	1656
8497	1661
8498	1661
8499	1661
8500	1663
8501	1663
8502	1663
8503	1665
8504	1665
8505	1665
8506	1948
8508	1948
8509	1948
8510	1948
8511	1949
8512	1475
8513	1475
8514	1475
8515	1475
8516	1475
8517	1477
8518	1477
8519	1477
8520	1478
8521	1478
8522	1478
8523	1478
8524	1478
8525	1478
8526	1480
8527	1480
8528	1480
8529	1480
8530	1481
8531	1481
8532	1481
8533	1481
8534	1482
8535	1482
8536	1482
8537	1482
8538	1482
8541	1483
8542	1483
8543	1483
8544	1483
8545	1483
8546	1484
8547	1484
8548	1484
8549	1485
8550	1485
8551	1485
8552	1485
8553	1485
8554	1485
8555	1486
8556	1486
8561	1700
8562	1700
8563	1700
8564	1701
8565	1701
8566	1701
8567	1701
8568	1701
8569	1702
8570	1702
8571	1702
8572	1702
8573	1703
8574	1703
8575	1703
8576	1703
8577	1950
8580	1951
8581	1951
8582	1950
8583	1951
8585	1951
8586	1951
8587	1950
8588	1951
8590	1951
8592	1950
8593	1713
8594	1713
8595	1713
8596	1713
8597	1713
8598	1713
8600	1713
8601	1713
8602	1713
8603	1713
8605	1949
8607	1949
8608	1949
8610	1949
8611	1714
8612	1714
8613	1714
8614	1714
8615	1714
8616	1714
8617	1952
8618	1714
8619	1952
8620	1714
8621	1952
8622	1714
8623	1952
8624	1723
8625	1723
8626	1723
8627	1723
8628	1953
8629	1723
8630	1953
8631	1953
8632	1953
8633	1723
8634	1723
8635	1723
8636	1723
8637	1723
8638	1723
8639	1723
8640	1723
8641	1723
8642	1723
8643	1723
8644	1723
8645	1604
8646	1604
8647	1604
8648	1604
8649	1604
8650	1606
8651	1606
8652	1609
8653	1609
8654	1609
8655	1609
8656	1609
8657	1609
8658	1611
8659	1611
8660	1619
8661	1619
8662	1619
8663	1619
8664	1619
8665	1619
8666	1619
8667	1619
8668	1619
8669	1619
8670	1625
8671	1625
8672	1625
8673	1625
8674	1625
8675	1629
8676	1629
8677	1629
8678	1954
8679	1954
8680	1954
8681	1954
8682	1954
8683	1636
8684	1636
8685	1636
8686	1636
8687	1637
8688	1637
8689	1637
8690	1637
8691	1637
8692	1637
8693	1640
8694	1640
8695	1640
8696	1640
8697	1640
8698	1640
8699	1640
8700	1641
8701	1641
8702	1641
8703	1642
8704	1642
8705	1642
8710	1647
8711	1647
8712	1647
8713	1647
8714	1647
8715	1647
8716	1955
8717	1955
8718	1955
8719	1955
8720	1955
8721	1955
8722	1956
8723	1956
8724	1956
8725	1956
8726	1956
8727	1956
8728	1956
8729	1956
8730	1956
8731	1956
8732	1956
8733	1956
8734	1956
8735	1956
8736	1956
8737	1956
8738	1956
8739	1956
8740	1523
8741	1523
8742	1523
8743	1523
8744	1523
8745	1523
8746	1523
8747	1523
8748	1523
8749	1523
8750	1523
8751	1550
8752	1550
8753	1550
8754	1550
8755	1550
8756	1540
8757	1540
8758	1540
8759	1540
8760	1557
8761	1557
8762	1557
8763	1557
8764	1557
8765	1556
8766	1556
8767	1556
8768	1556
8769	1556
8770	1556
8771	1556
8772	1556
8773	1556
8774	1558
8775	1558
8776	1558
8777	1558
8778	1559
8779	1559
8780	1559
8781	1559
8782	1560
8783	1560
8784	1560
8785	1560
8786	1560
8787	1560
8788	1560
8789	1560
8790	1562
8791	1562
8792	1957
8793	1957
8794	1957
8795	1957
8796	1958
8797	1958
8798	1958
8799	1958
8800	1959
8801	1960
8802	1960
8803	1960
8804	1962
8805	1961
8808	1963
8817	1468
8818	1470
8829	1824
8830	1824
8831	1825
8832	1825
8833	1761
8834	1761
8835	1761
8836	1807
8837	1964
8839	1801
8840	1801
8841	1794
8842	1791
8843	1792
8844	1831
8845	1831
8846	1831
8847	1831
8848	1829
8849	1829
8850	1829
8851	1827
8852	1827
8853	1827
8854	1827
8855	1827
8856	1779
8857	1779
8858	1779
8859	1776
8860	1776
8861	1776
8862	1777
8863	1777
8864	1777
8865	1778
8866	1778
8867	1778
8868	1778
8869	1768
8870	1768
8871	1768
8872	1768
8873	1768
8874	1768
8875	1768
8876	1768
8877	1768
8878	1768
8879	1768
8880	1768
8881	1768
8882	1769
8883	1769
8884	1769
8885	1769
8886	1769
8887	1769
8889	1770
8890	1770
8891	1771
8892	1771
8893	1771
8894	1771
8895	1771
8896	1771
8897	1771
8898	1771
8899	1771
8900	1771
8901	1771
8902	1773
8903	1773
8904	1773
8905	1773
8906	1774
8907	1774
8908	1775
8909	1775
8910	1795
8911	1795
8912	1796
8913	1796
8914	1796
8915	1796
8916	1796
8917	1796
8918	1965
8919	1965
8920	1965
8921	1965
8922	1966
8923	1966
8924	1966
8925	1966
8926	1967
8927	1967
8928	1967
8929	1967
8930	1968
8931	1968
8932	1968
8933	1968
8934	1969
8935	1409
8936	1409
8937	1409
8938	1969
8939	1969
8940	1969
8941	1969
8942	1970
8943	1970
8944	1970
8945	1970
8951	1916
8952	1971
8953	1971
8954	1971
8955	1971
8956	1971
8957	1972
8958	1973
8959	1974
8960	1975
8961	1976
8962	1977
8963	1978
8964	1978
8965	1979
8966	1980
8967	1981
8968	1981
8969	1981
8970	1981
8971	1981
8972	1981
8973	1981
8974	1982
8975	1982
8976	1982
8977	1982
8978	1982
8979	1982
8980	1982
8981	1983
8982	1983
8983	1983
8984	1983
8985	1983
8986	1983
8987	1984
8988	1984
8989	1984
8990	1984
8991	1985
8992	1985
8993	1985
8994	1986
8995	1986
8996	1986
8997	1987
8998	1988
8999	1988
9000	1989
9001	1989
9002	1989
9003	1989
9004	1989
9005	1989
9006	1990
9007	1991
9008	1991
9009	1991
9010	1991
9011	1991
9012	1991
9013	1992
9014	1992
9015	1992
9016	1992
9017	1992
9018	1993
9019	1993
9020	1993
9021	1993
9022	1993
9023	1993
9024	1994
9025	1994
9027	1994
9028	1994
9029	1994
9030	1994
9031	1995
9032	1995
9033	1995
9034	1995
9035	1996
9036	1996
9037	1996
9038	1996
9039	1997
9040	2003
9041	2003
9042	2003
9043	2003
9045	2001
9046	2001
9047	2001
9048	2001
9049	2001
9050	2001
9051	2001
9052	2001
9053	1998
9054	1998
9055	1998
9056	1998
9057	1998
9058	1998
9059	1998
9060	1998
9061	2002
9062	2002
9063	2002
9064	1999
9065	1999
9066	1999
9067	1999
9068	1999
9069	1999
9070	2000
9071	2000
9072	2000
9073	2000
9074	2000
9075	2000
9076	2004
9077	2004
9078	2005
9079	2006
9080	2006
9081	2006
9082	2006
9083	2007
9084	2007
9085	2007
9086	2008
9087	2008
9088	2008
9090	2008
9091	2008
9092	2008
9093	2008
9094	2008
9095	2008
9096	2008
9097	2009
9098	2009
9099	2009
9100	2009
9101	2009
9102	2009
9103	2010
9104	2010
9105	2010
9106	2010
9107	2010
9108	2011
9109	2011
9110	2011
9111	2011
9112	2005
9113	2005
9114	2012
9115	2012
9116	2012
9117	2012
9118	2012
9119	2012
9120	2012
9121	2012
9122	2013
9123	2013
9124	2013
9125	2013
9126	2013
9127	2014
9128	2014
9129	2014
9130	2015
9131	2015
9132	2015
9133	2015
9134	2015
9135	2016
9136	2015
9137	2016
9138	2017
9139	2017
9140	2017
9141	2017
9142	2015
9143	2018
9144	2018
9145	2015
9146	2018
9147	2018
9148	2018
9149	2018
9150	2015
9151	2018
9152	2018
9153	2018
9154	2019
9155	2018
9156	2019
9157	2018
9158	2018
9159	2019
9160	2019
9161	2020
9162	2020
9163	2020
9164	2020
9165	2020
9166	2020
9167	2020
9168	2020
9169	2020
9170	2020
9171	2019
9172	2019
9173	2019
9175	2019
9177	2021
9181	2022
9182	1413
9183	1762
9184	1762
9185	1762
9186	1763
9187	1763
9188	1763
9189	1745
9190	1745
9196	2022
9197	2015
9198	2015
9199	2008
9200	2008
9201	2008
9202	2008
9203	2008
9207	2008
9208	2008
9209	2008
9210	2008
9211	1954
9212	1954
9213	1954
9214	1954
9215	1954
9217	2015
9218	2015
9219	2015
9220	2015
9221	2015
9222	2015
9223	2015
9224	1994
9225	2019
9226	2019
9227	2019
9228	2019
9229	2019
9230	2019
9231	2019
9232	2019
9233	2024
9234	2025
9235	1995
9236	1949
9237	2026
9238	2026
9239	2026
9240	2026
9241	2026
9242	2027
9243	2027
9244	2027
9245	2027
9246	2028
9247	2028
9248	2028
9249	2029
9250	2029
9251	2029
9252	2029
9253	2030
9254	2030
9255	2030
9256	2030
9257	2031
9258	2032
9260	2031
9261	2031
9262	2031
9264	2031
9265	2032
9266	2032
9267	2032
9268	2032
9269	2033
9270	2033
9271	2033
9272	2034
9273	2034
9274	2034
9275	2034
9276	2034
9277	2034
9278	2035
9279	2036
9280	2036
9281	2036
9282	2037
9283	2037
9284	2037
9285	2037
9286	2038
9287	2039
9289	2040
9290	2041
9294	2042
9295	2043
9296	2043
9297	2043
9298	2043
9299	2044
9300	2044
9301	2044
9302	2045
9303	2045
9304	2045
9305	2046
9306	2046
9307	2046
9308	2046
9309	2046
9310	2047
9311	2047
9312	2047
9313	2047
9314	2047
9315	2047
9316	2047
9317	2047
9318	2048
9319	2048
9320	2048
9321	2048
9322	2048
9323	2048
9324	2048
9325	2048
9326	2048
9327	2048
9328	2049
9329	2049
9330	2049
9331	2050
9333	2050
9334	2050
9335	2050
9336	2050
9337	2050
9338	2050
9339	2050
9340	2050
9341	2051
9342	2051
9343	2051
9344	2052
9345	2052
9346	2052
9347	2052
9348	2052
9349	2053
9350	2053
9351	2053
9352	2053
9353	2053
9354	2053
9355	2053
9356	2053
9357	2053
9358	2054
9359	2054
9360	2054
9361	2054
9362	2054
9363	2054
9364	2055
9365	2055
9366	2055
9367	2055
9368	2056
9369	2056
9370	2056
9371	2056
9372	2057
9373	2057
9374	2057
9375	2057
9376	2057
9377	2057
9378	2057
9379	2057
9380	2057
9381	2057
9382	2058
9383	2058
9384	2058
9385	2059
9386	2059
9387	2059
9388	2059
9389	2059
9390	2061
9391	2061
9392	2061
9393	2061
9394	2061
9395	2061
9396	2061
9397	2062
9398	2062
9399	2062
9400	2062
9401	2063
9402	2063
9403	2063
9404	2063
9405	2063
9406	2063
9407	2064
9408	2064
9409	2064
9410	2064
9411	2064
9412	2064
9413	2064
9414	2064
9415	2064
9416	2064
9417	2064
9418	2064
9419	2064
9420	2064
9421	2064
9422	2065
9423	2065
9424	2065
9425	2065
9426	2066
9427	2066
9428	2066
9429	2066
9430	2066
9431	2066
9432	2066
9433	2066
9434	2066
9435	2066
9436	2066
9437	2066
9438	2066
9439	2066
9440	2066
9441	2067
9442	2067
9443	2067
9444	2067
9445	2068
9446	2068
9447	2068
9448	2068
9449	2069
9450	2069
9451	2069
9452	2069
9453	2069
9454	2069
9455	2070
9456	2070
9457	2070
9458	2070
9459	2071
9460	2071
9461	2071
9462	2071
9463	2072
9464	2073
9465	2073
9466	2073
9467	2073
9468	2074
9469	2074
9470	2074
9471	2074
9472	2075
9473	2075
9474	2075
9475	2075
9476	2075
9477	2076
9478	2076
9479	2076
9480	2076
9481	2076
9482	2077
9483	2077
9484	2077
9485	2077
9486	2078
9487	2078
9488	2078
9490	2079
9491	2080
9492	2081
9493	2082
9494	2083
9495	2083
9496	2083
9497	2083
9498	2083
9499	2084
9500	2084
9501	2084
9502	2084
9503	2085
9504	2085
9505	2085
9506	2085
9507	2085
9508	2087
9509	2088
9510	2088
9511	2088
9512	2088
9513	2088
9514	2089
9515	2090
9516	2090
9517	2090
9518	2090
9519	2090
9520	2091
9521	2091
9522	2091
9523	2091
9524	2092
9525	2092
9526	2092
9527	2092
9528	2093
9529	2093
9530	2093
9531	2094
9532	2094
9533	2094
9534	2094
9535	2095
9536	2095
9537	2095
9538	2095
9539	2095
9540	2095
9541	2096
9542	2096
9543	2096
9544	2096
9545	2096
9546	2097
9547	2097
9548	2097
9549	2097
9550	2098
9551	2098
9552	2098
9553	2098
9554	2098
9555	2098
9556	2098
9557	2098
9558	2099
9559	2099
9560	2099
9561	2099
9562	2099
9563	2100
9564	2100
9565	2100
9566	2100
9567	2100
9568	2101
9569	2099
9570	2099
9571	2099
9573	2099
9578	2102
9579	2102
9580	2102
9581	2102
9582	2102
9583	2104
9584	2103
9590	2103
9596	2104
9597	2104
9598	2104
9599	2104
9600	2104
9601	2105
9603	2106
9610	2106
9614	2107
9630	2107
9634	2108
9635	2108
9636	2109
9637	2109
9638	2109
9639	2109
9640	2109
9641	2109
9642	2110
9643	2110
9644	2110
9645	2110
9646	2110
9647	2111
9648	2111
9649	2111
9650	2111
9651	2111
9652	2111
9653	2111
9654	2111
9655	2111
9656	2112
9657	2112
9658	2112
9659	2112
9660	2112
9661	2112
9662	2113
9663	2113
9664	2113
9665	2113
9666	2113
9667	2113
9668	2113
9670	2115
9671	2115
9673	2115
9674	2115
9675	2115
9676	2116
9677	2116
9678	2116
9679	2116
9680	2116
9681	2117
9685	2118
9686	2114
9687	2118
9688	2118
9689	2114
9690	2118
9691	2118
9693	2114
9694	2119
9695	2114
9696	2119
9697	2119
9698	2114
9699	2119
9700	2114
9701	2119
9702	2114
9703	2114
9704	2114
9705	2114
9706	2114
9707	2114
9708	2122
9709	2114
9710	2114
9711	2114
9712	2122
9713	2122
9714	2122
9715	2122
9716	2122
9718	2122
9719	2123
9720	2123
9721	2123
9722	2123
9723	2123
9724	2123
9725	2123
9726	2123
9727	2124
9728	2124
9729	2124
9730	2124
9731	2124
9732	2125
9733	2125
9734	2125
9735	2125
9736	2125
9737	2125
9738	2125
9739	2125
9740	2125
9741	2125
9742	2126
9743	2126
9744	2126
9745	2127
9746	2126
9747	2126
9749	2127
9750	2126
9751	2126
9752	2126
9753	2127
9754	2127
9755	2127
9756	2127
9757	2128
9758	2128
9759	2128
9760	2128
9761	2128
9762	2128
9763	2129
9764	2129
9765	2129
9766	2129
9767	2129
9768	2129
9769	2129
9770	2130
9771	2130
9777	2131
9778	2131
9779	2131
9780	2131
9781	2131
9782	2131
9783	2131
9784	2131
9785	2131
9786	2131
9787	2132
9792	2132
9793	2132
9796	2133
9797	2133
9798	2133
9799	2134
9800	2134
9801	2134
9802	2134
9803	2134
9804	2134
9805	2134
9806	2135
9807	2135
9808	2135
9809	2135
9810	2135
9811	2135
9815	2136
9816	2136
9817	2136
9818	2136
9819	2137
9820	2137
9821	2137
9822	2137
9823	2137
9824	2138
9825	2138
9826	2138
9827	2138
9828	2138
9829	2139
9831	2139
9832	2140
9833	2140
9835	2140
9837	2140
9839	2140
9841	2140
9842	2140
9843	2140
9846	2141
9847	2141
9848	2141
9849	2141
9850	2141
9851	2141
9852	2141
9853	2141
9854	2141
9855	2141
9856	2141
9857	2142
9858	2142
9859	2142
9860	2142
9861	2142
9862	2142
9863	2142
9864	2142
9865	2142
9866	2142
9867	2142
9868	2142
9869	2142
9870	2142
9871	2143
9872	2143
9873	2143
9874	2143
9875	2143
9876	2143
9877	2143
9878	2144
9879	2144
9880	2144
9881	2144
9882	2144
9883	2144
9884	2144
9885	2145
9886	2145
9887	2145
9888	2145
9889	2146
9894	2147
9895	2147
9896	2147
9897	2147
9898	2147
9899	2147
9900	2147
9901	2147
9902	2147
9903	2147
9904	2147
9905	2147
9906	2147
9907	2147
9908	2147
9909	2147
9910	2147
9911	2147
9912	2148
9913	2149
9914	2150
9915	2151
9916	2152
9917	2153
9918	2153
9919	2153
9920	2154
9921	2122
9922	2122
9923	2100
9925	2103
9926	2103
9927	2103
9928	2103
9929	2103
9930	2135
9931	2135
9932	2135
9933	2135
9934	2135
9936	2135
9937	2135
9939	2140
9940	2141
9941	2142
9942	2146
9943	2146
9944	2147
9945	1755
9946	1755
9948	2156
9949	2157
9950	2158
9953	2160
9954	2161
9955	2162
9957	2164
9958	2165
9959	2153
9960	2153
9961	2153
9962	2153
9963	2154
9964	2166
9966	2166
9967	2167
9968	2167
9969	2167
9970	2168
9971	2168
9972	2168
9973	2169
9974	2169
9975	2169
9976	2169
9977	2169
9978	2169
9979	2170
9980	2171
9981	2171
9982	2171
9983	2171
9984	2171
9985	2171
9986	2171
9987	2172
9988	2172
9989	2172
9990	2172
9991	2172
9992	2172
9993	2172
9994	2172
9995	2173
9996	2173
9997	2173
9998	2174
9999	2174
10000	2175
10001	2175
10002	2176
10003	2176
10004	2176
10005	2176
10006	2176
10007	2176
10008	2176
10009	2177
10010	2177
10011	2177
10012	2177
10013	2177
10014	2178
10015	2178
10016	2178
10017	2178
10018	2179
10019	2179
10020	2179
10021	2179
10022	2180
10023	2180
10024	2180
10025	2180
10026	2181
10027	2181
10028	2181
10029	2181
10030	2181
10031	2181
10032	2181
10033	2181
10034	2181
10035	2181
10036	2181
10037	2181
10038	2181
10039	2182
10040	2182
10041	2182
10042	2182
10043	2182
10044	2182
10045	2182
10046	2182
10047	2182
10048	2182
10049	2182
10050	2182
10051	2183
10052	2183
10053	2183
10054	2183
10055	2184
10056	2184
10057	2184
10058	2185
10059	2185
10060	2185
10061	2185
10062	2185
10063	2185
10064	2186
10066	2186
10067	2186
10068	2186
10069	2186
10070	2186
10071	2187
10072	2187
10073	2187
10074	2187
10075	2188
10076	2189
10077	2189
10078	2191
10079	2191
10080	2191
10081	2191
10082	2192
10083	2192
10084	2192
10085	2193
10086	2193
10087	2193
10088	2194
10089	2195
10090	2195
10092	2195
10093	2195
10095	2195
10097	2195
10100	2175
10101	2175
10102	2196
10104	2196
10105	2197
10106	2197
10107	2197
10108	2199
10109	2199
10110	2199
10111	2199
10112	2200
10113	2200
10114	2200
10115	2200
10116	2201
10117	2202
10119	2203
10120	2203
10121	2203
10122	2204
10123	2204
10124	2204
10125	2204
10126	2204
10127	2205
10128	2205
10129	2205
10130	2205
10131	2205
10132	2206
10133	2206
10134	2206
10135	2207
10136	2207
10137	2207
10138	2208
10139	2208
10140	2208
10141	2209
10142	2209
10143	2209
10144	2209
10145	2209
10146	2210
10147	2210
10148	2210
10149	2210
10150	2211
10151	2211
10152	2212
10153	2212
10154	2212
10155	2212
10156	2213
10157	2213
10158	2213
10159	2213
10160	2213
10161	2214
10162	2214
10163	2214
10164	2214
10165	2214
10166	2214
10167	2214
10168	2214
10169	2215
10170	2215
10171	2216
10172	2216
10173	2216
10174	2216
10175	2216
10176	2217
10177	2217
10178	2217
10179	2217
10180	2217
10181	2218
10182	2219
10183	2222
10184	2222
10185	2222
10186	2223
10187	2224
10189	2224
10190	2225
10192	2225
10193	2226
10195	2226
10196	2227
10199	2227
10201	2227
10202	2227
10203	2228
10206	2228
10208	2228
10209	2228
10210	2229
10212	2229
10213	2230
10215	2230
10216	2231
10217	2232
10218	2232
10219	2232
10221	2233
10222	2233
10224	2234
10226	2234
10227	2234
10228	2234
10229	2234
10230	2234
10231	2234
10232	2235
10233	2235
10234	2236
10235	2237
10236	2237
10237	2237
10238	2238
10239	2239
10241	2239
10242	2239
10243	2240
10245	2240
10246	2240
10247	2241
10250	2242
10251	2243
10252	2243
10253	2243
10254	2243
10255	2244
10256	2244
10257	2244
10258	2244
10259	2244
10260	2245
10261	2245
10262	2245
10263	2245
10264	2245
10265	2245
10266	2245
10267	2245
10268	2245
10270	2246
10271	2246
10272	2246
10273	2247
10274	2247
10275	2247
10276	2247
10277	2247
10279	2247
10280	2247
10281	2248
10282	2247
10283	2249
10284	2249
10285	2249
10286	2250
10287	2250
10288	2250
10289	2250
10290	2251
10291	2251
10292	2251
10293	2251
10294	2251
10295	2252
10296	2252
10297	2252
10298	2253
10299	2253
10300	2253
10301	2253
10302	2253
10303	2253
10304	2254
10305	2254
10306	2254
10307	2254
10308	2255
10309	2255
10310	2255
10311	2255
10312	2256
10313	2257
10314	2257
10315	2257
10316	2257
10317	2258
10318	2258
10319	2258
10320	2258
10321	2258
10322	2258
10323	2258
10324	2259
10325	2260
10326	2260
10327	2260
10328	2260
10329	2260
10330	2260
10331	2261
10332	2261
10333	2261
10334	2262
10335	2262
10336	2262
10337	2262
10338	2262
10339	2263
10340	2264
10341	2264
10342	2264
10343	2264
10344	2264
10345	2264
10346	2264
10347	2264
10348	2265
10350	2265
10351	2265
10352	2265
10353	2266
10354	2267
10355	2268
10356	2269
10357	2270
10358	2270
10359	2270
10360	2270
10361	2270
10362	2271
10363	2271
10364	2271
10365	2271
10366	2272
10367	2272
10368	2272
10369	2272
10370	2272
10371	2272
10372	2272
10373	2273
10374	2273
10375	2273
10376	2274
10378	2274
10379	2274
10380	2274
10381	2235
10382	2240
10383	2241
10384	2241
10385	2275
10386	2275
10387	2275
10388	2275
10389	2275
10390	2276
10391	2276
10392	2276
10393	2276
10394	2276
10395	2276
10396	2277
10397	2277
10398	2278
10399	2278
10400	2278
10401	2278
10402	2279
10403	2279
10404	2279
10405	2279
10406	2279
10407	2280
10408	2280
10409	2280
10410	2280
10411	2280
10412	2280
10413	2281
10414	2281
10415	2281
10416	2281
10417	2282
10418	2282
10419	2282
10420	2283
10421	2283
10422	2283
10423	2283
10424	2283
10425	2284
10426	2285
10427	2285
10428	2285
10429	2286
10430	2286
10431	2286
10432	2287
10433	2287
10434	2287
10435	2288
10436	2288
10437	2288
10438	2288
10439	2289
10440	2289
10441	2289
10442	2289
10443	2289
10444	2290
10445	2290
10446	2290
10447	2291
10448	2291
10449	2291
10450	2291
10451	2292
10452	2292
10453	2292
10454	2293
10455	2293
10456	2293
10457	2294
10458	2295
10459	2296
10460	2296
10461	2296
10462	2296
10463	2296
10464	2297
10465	2297
10466	2297
10467	2298
10468	2298
10469	2298
10470	2298
10471	2298
10472	2298
10473	2298
10474	2298
10475	2299
10476	2299
10477	2299
10479	2299
10480	2299
10481	2300
10482	2300
10483	2300
10484	2300
10485	2300
10486	2300
10487	2300
10488	2301
10489	2301
10490	2301
10491	2301
10492	2301
10493	2301
10494	2302
10495	2302
10496	2302
10497	2302
10498	2302
10499	2304
10500	2304
10501	2304
10502	2304
10503	2304
10504	2304
10505	2304
10506	2304
10507	2305
10508	2305
10509	2305
10510	2305
10511	2305
10512	2305
10513	2305
10514	2306
10515	2306
10516	2306
10517	2306
10518	2306
10519	2306
10520	2306
10521	2306
10522	2306
10523	2307
10524	2307
10525	2307
10526	2308
10527	2308
10528	2308
10529	2308
10530	2309
10531	2309
10532	2309
10533	2309
10534	2309
10535	2310
10536	2310
10537	2310
10538	2310
10539	2310
10540	2310
10541	2310
10542	2311
10543	2311
10544	2311
10545	2311
10546	2311
10547	2311
10549	2311
10550	2312
10551	2312
10552	2312
10553	2312
10554	2312
10555	2312
10556	2312
10557	2312
10558	2312
10559	2312
10560	2313
10561	2313
10562	2313
10563	2313
10564	2314
10565	2315
10566	2316
10567	2317
10568	2318
10569	2319
10570	2320
10571	2321
10572	2321
10573	2322
10574	2322
10575	2322
10576	2322
10577	2322
10578	2323
10579	2323
10580	2323
10581	2323
10582	2323
10583	2324
10584	2324
10585	2324
10586	2324
10587	2324
10588	2325
10589	2325
10590	2325
10591	2325
10592	2325
10593	2325
10594	2325
10595	2325
10596	2325
10597	2326
10598	2326
10599	2326
10600	2326
10601	2326
10602	2326
10603	2326
10604	2326
10605	2326
10606	2327
10607	2327
10608	2327
10609	2327
10610	2327
10611	2327
10612	2327
10613	2327
10614	2328
10615	2328
10616	2328
10617	2328
10618	2328
10619	2328
10620	2329
10621	2329
10622	2329
10623	2329
10624	2330
10625	2330
10628	2330
10629	2330
10630	2330
10631	2330
10632	2331
10634	2331
10635	2331
10639	2331
10640	2331
10641	2331
10642	2332
10643	2333
10644	2334
10645	2335
10646	2335
10647	2335
10648	2335
10649	2335
10650	2336
10651	2337
10652	2338
10653	2338
10654	2338
10655	2338
10656	2339
10657	2339
10658	2339
10659	2339
10660	2339
10661	2340
10662	2341
10664	2341
10665	2341
10666	2341
10667	2341
10668	2341
10669	2342
10673	2341
10674	2341
10675	2341
10676	2341
10677	2342
10678	2342
10679	2343
10680	2343
10681	2343
10682	2343
10683	2343
10684	2343
10685	2343
10686	2343
10687	2343
10688	2343
10689	2343
10690	2343
10691	2343
10692	2343
10693	2343
10694	2343
10695	2343
10696	2343
10697	2343
10698	2343
10699	2343
10700	2343
10701	2344
10702	2345
10703	2345
10704	2345
10705	2345
10706	2345
10707	2345
10708	2345
10709	2345
10710	2345
10711	2345
10712	2345
10713	2345
10714	2345
10715	2345
10716	2345
10717	2329
10718	2346
10719	2347
10720	2347
10721	2347
10722	2348
10723	2349
10724	2350
10725	2350
10726	2350
10727	2350
10728	2351
10730	2352
10731	2353
10732	2354
10733	2355
10734	2356
10735	2357
10736	2358
10737	2359
10738	2360
10739	2360
10740	2360
10741	2360
10742	2360
10743	2360
10744	2362
10745	2362
10746	2362
10747	2363
10748	2364
10749	2365
10750	2365
10751	2365
10752	2365
10753	2365
10754	2364
10755	2366
10756	2366
10757	2367
10758	2367
10759	2367
10760	2368
10761	2368
10762	2368
10763	2369
10764	2370
10765	2370
10766	2371
10767	2372
10768	2371
10769	2371
10770	2373
10771	2374
10772	2375
10773	2376
10774	2378
10775	2378
10776	2378
10777	2378
10778	2377
10779	2379
10780	2380
10781	2380
10782	2380
10783	2380
10784	2380
10785	2380
10786	2380
10787	2382
10788	2382
10789	2382
10790	2382
10791	2382
10792	2382
10793	2382
10794	2383
10795	2385
10796	2384
10797	2384
10798	2384
10799	2384
10800	2384
10801	2387
10802	2386
10803	2387
10804	2387
10805	2387
10806	2388
10807	2388
10808	2388
10809	2388
10810	2388
10811	2388
10812	2389
10813	2389
10814	2389
10815	2389
10816	2389
10817	2389
10818	2389
10819	2389
10820	2389
10821	2389
10822	2389
10823	2389
10824	2390
10825	2391
10826	2392
10827	2392
10828	2392
10829	2392
10830	2392
10831	2393
10832	2394
10833	2395
10834	2395
10835	2395
10836	2396
10837	2396
10838	2396
10839	2397
10840	2398
10841	2399
10842	2400
10843	2401
10844	2402
10845	2402
10846	2403
10847	2403
10848	2404
10852	2405
10855	2406
10858	2407
10859	2408
10860	2409
10863	2410
10864	2411
10865	2412
10866	2413
10867	2413
10868	2352
10869	2353
10873	2354
10874	2359
10875	2359
10876	2356
10877	2356
10878	2356
10879	2355
10880	2414
10881	2415
10882	2415
10883	2415
10884	2415
10885	2416
10886	2416
10887	2416
10888	2416
10889	2416
10890	2416
10891	2416
10892	2416
10893	2417
10894	2417
10895	2417
10896	2417
10897	2418
10898	2418
10899	2418
10900	2418
10901	2418
10902	2420
10903	2420
10904	2420
10905	2419
10906	2419
10907	2419
10908	2420
10909	2419
10910	2419
10911	2419
10912	2419
10913	2421
10914	2421
10915	2423
10916	2423
10917	2422
10918	2422
10919	2422
10920	2424
10921	2424
10922	2424
10923	2424
10924	2422
10925	2422
10926	2422
10927	2424
10928	2424
10929	2425
10930	2425
10931	2425
10932	2425
10933	2425
10934	2425
10935	2425
10936	2425
10937	2426
10938	2426
10939	2426
10940	2426
10941	2426
10942	2426
10943	2426
10944	2426
10945	2426
10946	2426
10947	2427
10948	2427
10949	2427
10950	2428
10951	2429
10952	2430
10953	2430
10954	2430
10955	2430
10956	2430
10957	2430
10958	2430
10959	2431
10960	2431
10961	2431
10962	2431
10963	2431
10964	2432
10965	2433
10966	2432
10967	2432
10968	2432
10969	2432
10970	2432
10971	2432
10972	2432
10973	2432
10974	2432
10975	2432
10976	2432
10977	2433
10978	2434
10979	2434
10980	2434
10981	2434
10982	2434
10983	2434
10984	2434
10985	2435
10986	2435
10987	2435
10988	2435
10989	2435
10990	2435
10991	2435
10992	2436
10993	2436
10994	2436
10995	2436
10996	2436
10997	2436
10998	2436
10999	2436
11000	2436
11001	2436
11002	2436
11003	2437
11004	2438
11005	2439
11006	2440
11007	2440
11008	2440
11009	2440
11010	2441
11011	2441
11012	2442
11013	2443
11014	2444
11015	2444
11016	2444
11017	2446
11018	2446
11019	2446
11020	2446
11021	2446
11024	2448
11025	2448
11026	2448
11027	2448
11028	2448
11029	2448
11030	2448
11031	2448
11032	2449
11033	2449
11034	2449
11035	2449
11036	2449
11037	2450
11038	2450
11039	2450
11040	2450
11041	2450
11042	2450
11043	2450
11044	2450
11045	2451
11046	2449
11047	2449
11049	2452
11050	2452
11051	2452
11052	2452
11053	2452
11054	2453
11055	2453
11056	2453
11057	2453
11058	2453
11059	2453
11060	2453
11061	2453
11062	2454
11063	2455
11064	2455
11065	2455
11066	2455
11067	2455
11068	2455
11069	2455
11070	2455
11071	2456
11072	2456
11073	2457
11076	2459
11077	2459
11078	2459
11079	2459
11080	2460
11081	2461
11082	2462
11083	2462
11086	2462
11088	2462
11089	2462
11090	2462
11091	2462
11092	2462
11094	2462
11095	2464
11096	2465
11097	2465
11098	2465
11099	2465
11100	2465
11101	2465
11102	2466
11103	2466
11104	2466
11105	2466
11106	2466
11107	2466
11108	57
11109	57
11110	57
11111	63
11112	63
11113	63
11114	64
11115	64
11116	64
11117	525
11118	2467
11119	2467
11120	2468
11121	2469
11122	2469
11123	664
11124	664
11125	665
11126	665
11127	666
11128	667
11129	668
11130	261
11131	2470
11132	1139
11133	2471
11134	2471
11135	2471
11136	2472
11137	2472
11138	2472
11139	2473
11140	2474
11141	1828
11142	1820
11143	1464
11144	1652
11145	1646
11146	2475
11147	1673
11148	1671
11149	1671
11150	2476
11151	2477
11152	2477
11153	2478
11154	2478
11155	1714
11156	2479
11157	2480
11158	2481
11159	2482
11160	2483
11161	2484
11162	2485
11163	1568
11164	2486
11166	1573
11167	1576
11169	1577
11170	1579
11171	1580
11172	1581
11173	1583
11174	1584
11175	2487
11176	2488
11177	1503
11178	2489
11179	937
11180	1699
11181	1690
11182	1691
11183	1692
11184	1694
11185	1695
11186	1632
11187	1633
11188	1638
11189	1634
11190	1635
11191	1639
11192	2490
11193	1745
11194	2491
11195	1594
11196	1594
11197	1620
11198	2492
11200	2493
11201	2495
11202	2494
11203	2494
11204	2496
11205	2497
11206	2497
11207	2498
11208	2499
11209	2500
11210	1644
11212	1644
11213	1644
11214	1645
11215	2501
11216	1645
11217	1645
11218	1645
11219	2502
11220	2503
11221	1655
11222	1655
11223	1655
11224	2504
11225	2505
11226	2505
11227	2501
11228	1670
11229	1670
11230	2506
11231	2506
11232	2507
11233	2507
11234	2507
11235	2508
11236	2508
11237	2508
11238	1500
11239	1502
11240	1502
11241	1504
11242	1504
11243	1505
11244	1506
11245	1507
11246	1508
11247	1509
11248	2509
11249	1511
11250	1512
11251	1512
11252	2510
11253	1513
11254	1516
11255	2511
11256	1510
11257	1517
11258	1518
11259	2512
11260	2513
11261	2514
11262	2514
11263	2514
11264	1429
11265	1430
11266	2515
11267	2515
11268	2515
11269	1448
11270	2516
11271	2516
11272	2516
11273	1443
11274	2517
11275	1443
11276	1443
11277	1437
11278	2518
11279	2519
11280	1434
11281	1433
11282	2520
11283	1432
11284	2521
11285	2522
11286	2523
11287	2524
11288	2525
11289	2527
11290	2526
11291	2528
11292	2529
11293	2530
11294	2531
11295	2533
11296	2532
11297	2534
11298	2536
11299	1406
11300	1406
11301	2537
11302	2537
11303	2537
11304	2538
11305	2539
11306	2540
11307	2541
11308	2542
11309	1403
11310	2543
11311	2544
11312	2545
11313	2546
11314	2546
11315	2547
11316	2547
11317	2548
11318	2549
11319	2550
11320	2551
11321	2552
11322	2553
11323	2554
11324	2555
11325	2556
11326	2557
11327	2558
11328	2559
11329	2560
11330	2561
11331	1852
11332	1852
11334	2562
11335	2563
11336	2565
11337	2566
11338	2564
11339	2567
11340	2568
11341	2569
11342	2570
11343	2571
11344	2572
11345	2573
11346	2574
11347	2575
11348	2576
11349	2577
11350	2578
11351	1954
11352	1954
11353	2580
11354	2581
11355	2582
11356	2583
11357	2583
11358	2584
11359	2585
11360	2586
11361	2535
11362	2587
11363	2588
11364	2155
11365	2159
11366	2159
11367	2589
11368	2590
11369	2591
11370	2592
11371	2593
11372	2594
11373	2595
11374	2596
11375	2597
11376	2595
11377	2598
11378	2599
11379	2600
11380	2601
11381	2602
11382	2602
11383	2603
11384	2604
11385	2605
11386	2606
11387	2607
11388	2608
11389	2609
11390	2610
11391	2611
11392	2612
11393	2612
11394	2613
11395	2614
11396	2615
11397	2616
11398	2617
11399	2619
11400	2620
11401	2621
11402	2622
11405	2625
11406	2626
11407	2627
11409	2628
11410	2628
11411	2629
11413	2630
11414	2631
11415	2632
11416	2633
11417	2634
11418	2635
11419	2636
11420	2637
11421	2638
11422	2639
11423	2639
11424	2640
11425	2641
11426	2642
11427	2643
11428	2644
11429	2645
11430	2646
11431	2647
11432	2647
11433	2648
11434	2649
11435	2650
11436	2651
11437	2652
11438	2653
11439	2654
11440	2655
11441	2656
11442	2135
11443	2135
11444	2657
11445	2658
11446	2659
11447	2660
11448	2660
11449	2661
11450	2662
11451	2663
11452	2663
11453	2664
11454	2665
11455	2114
11456	2666
11457	2667
11458	2668
11459	2669
11460	2670
11461	2671
11462	2672
11463	2673
11464	2674
11465	2675
11466	2676
11467	2677
11468	2678
11469	2679
11470	2680
11471	2681
11472	2682
11473	2683
11474	2684
11475	2685
11476	2686
11477	2687
11478	2688
11479	2689
11480	2690
11481	2691
11482	2692
11483	2693
11484	2694
11485	2695
11486	2696
11487	2696
11488	2697
11490	2698
11491	2700
11492	2701
11493	2702
11494	2702
11495	2703
11496	2703
11497	2704
11498	2705
11499	2706
11500	2707
11501	2708
11502	2709
11503	2710
11504	2711
11505	2712
11506	2713
11507	2714
11508	2715
11509	2716
11510	2716
11511	2717
11512	2718
11513	2718
11514	2719
11515	2720
11516	2721
11517	2722
11518	2723
11519	2724
11520	2725
11521	2726
11522	2727
11523	2727
11524	2728
11525	2729
11526	2730
11527	2731
11528	2732
11529	2733
11530	2734
11531	2734
11532	2735
11533	2736
11534	2736
11535	2737
11536	2737
11537	2738
11538	2739
11539	2740
11540	2740
11541	2741
11542	2741
11543	2742
11544	2743
11545	2744
11546	2744
11547	2745
11548	2746
11549	2746
11550	2747
11551	2748
11552	2749
11553	2750
11554	2751
11555	2752
11556	2753
11557	992
11558	993
11559	994
11560	995
11561	996
11562	997
11563	795
11564	795
11565	798
11566	2754
11567	747
11568	748
11569	746
11570	2755
11571	231
11572	2756
11573	2757
11574	2758
11575	2758
11576	2759
11577	2759
11578	2762
11579	2761
11580	2761
11581	826
11582	829
11583	830
11584	884
11585	886
11586	1169
11587	1169
11588	1170
11589	1171
11590	1172
11591	1174
11592	1173
11593	2763
11594	1175
11595	1178
11596	1179
11597	1177
11598	1176
11599	1207
11600	1209
11601	1208
11602	2135
11603	2135
11604	2135
11605	2764
11606	2765
11607	2766
11608	2767
11609	2768
11610	2769
11611	2770
11612	2771
11613	2772
11614	2773
11615	2774
11616	2775
11617	2776
11618	2777
11619	2778
11620	2779
11621	2779
11622	2780
11623	2781
11624	2781
11625	2782
11626	1156
11627	1155
11628	1158
11629	1158
11630	1157
11631	1159
11632	1162
11633	1161
11634	1160
11635	1222
11636	2783
11637	2784
11638	2785
11639	2786
11640	2787
11641	2788
11642	2789
11643	2790
11644	2791
11645	2792
11646	2793
11647	2794
11648	2795
11649	2135
11651	2796
11653	2798
11654	2799
11655	2800
11656	2801
11657	2802
11658	2803
11659	2804
11660	2805
11661	2806
11662	2807
11663	1090
11664	1091
11665	1092
11666	1090
11667	1094
11668	1093
11669	1095
11670	1096
11671	1096
11672	1097
11673	1097
11674	1097
11675	1098
11676	1098
11677	2808
11678	2809
11679	1099
11680	1100
11681	71
11682	1402
11683	1109
11684	1108
11685	1111
11686	2810
11687	1112
11688	1112
11689	1400
11690	2811
11691	2812
11692	1103
11693	1101
11694	1104
11695	1105
11696	1106
11697	2813
11698	2813
11699	2813
11700	2814
11701	2814
11702	2815
11703	2815
11704	2816
11705	2817
11706	2818
11707	2819
11708	2820
11709	2821
11710	1107
11711	1107
11712	1131
11713	1134
11714	1135
11715	1132
11716	1136
11717	1133
11718	2135
11719	2135
11720	2135
11721	1167
11722	1166
11723	1165
11724	1164
11725	1163
11726	1163
11727	1168
11728	2822
11729	1239
11731	1151
11732	1151
11733	1150
11734	1153
11735	1144
11736	1144
11737	2823
11738	1141
11739	1137
11740	1137
11741	1140
11742	2824
11743	2825
11744	2826
11745	1142
11748	1055
11749	1057
11750	1058
11751	1060
11752	1059
11753	1051
11754	1051
11755	1056
11756	1053
11757	1053
11758	1054
11759	1062
11760	1062
11761	1052
11762	2827
11763	2827
11764	1063
11765	1064
11766	1067
11767	1068
11768	1066
11769	1065
11770	2299
11771	2135
11772	180
11774	180
11777	180
11778	2828
11779	1085
11780	1086
11781	1087
11782	1088
11783	1089
11784	1114
11785	1113
11786	1070
11787	1071
11788	1072
11789	1073
11790	1074
11791	1075
11792	1076
11793	1181
11794	1181
11795	1180
11796	1182
11797	1182
11798	1183
11799	1185
11800	1184
11801	1186
11802	1187
11803	1187
11804	1188
11805	1188
11806	1188
11807	1189
11808	1190
11809	1192
11810	1193
11811	1194
11812	1201
11813	1197
11814	1195
11815	1195
11816	1197
11817	1199
11818	1077
11819	1078
11820	1079
11821	1080
11822	1082
11823	1081
11824	1083
11825	1084
11826	465
11827	2829
11828	2830
11829	2831
11830	2832
11831	2833
11832	1115
11833	1116
11834	1117
11835	1117
11836	1117
11837	1118
11838	1119
11839	1121
11840	1123
11841	1124
11846	2766
11847	2766
11848	2766
11849	2834
11850	2834
11851	2835
11852	6
11853	2836
11854	2836
11855	2837
11856	2837
11857	2838
11858	2838
11859	2839
11860	2840
11861	2840
11862	2841
11863	2841
11864	2841
11865	2841
11866	2842
11867	2842
11868	2842
11869	2843
11870	2844
11871	2845
11872	2846
11873	2846
11874	2846
11875	2847
11876	2847
11877	2848
11878	2848
11879	2849
11880	2850
11881	2850
11882	2850
11883	2851
11884	2851
11885	2851
11886	2852
11887	2853
11888	2854
11889	2854
11890	2854
11891	2854
11892	2855
11893	2856
11894	2856
11895	2857
11896	2858
11897	2859
11898	2860
11899	2861
11900	2862
11901	2863
11902	2863
11903	2863
11904	2863
11905	2864
11906	2864
11907	2864
11908	2865
11909	2865
11910	2866
11911	2867
11912	2867
11913	2868
11914	2869
11915	2870
11916	2870
11917	2870
11918	2872
11919	2873
11920	2874
11921	2874
11922	2875
11923	2875
11924	2876
11925	2877
11926	2877
11927	2877
11928	2878
11929	2878
11930	2878
11931	2879
11932	2880
11933	2880
11934	2881
11935	2882
11936	2882
11937	2882
11938	2882
11939	2883
11940	2884
11941	2884
11942	2884
11943	2885
11944	2886
11945	2886
11946	2886
11947	2886
11948	2887
11949	2888
11950	2889
11951	2890
11952	2891
11953	2892
11954	2893
11955	2894
11956	2895
11957	2897
11958	2897
11959	2896
11960	2896
11961	2898
11962	2899
11963	2898
11964	2898
11965	2898
11966	2900
11967	2901
11968	2902
11969	2903
11970	2904
11971	2904
11972	2905
11973	2906
11974	2906
11975	2907
11976	2907
11977	2907
11978	2908
11979	2909
11980	2909
11981	2909
11982	2909
11983	2909
11984	2910
11985	2910
11986	2910
11987	2911
11988	2912
11989	2912
11990	2912
11991	2912
11992	2912
11993	2913
11994	2913
11995	2914
11996	2914
11997	2914
11998	2915
11999	2916
12000	2916
12001	2916
12002	2917
12003	2918
12004	2918
12005	2918
12006	2919
12007	2920
12008	2920
12009	2921
12010	2922
12011	2923
12012	2924
12013	2924
12014	869
12015	2924
12016	2925
12017	2925
12018	2926
12019	2926
12020	2926
12021	2927
12022	2927
12023	2927
12024	2927
12025	2928
12026	2929
12027	2929
12030	2930
12031	2929
12032	2931
12033	2931
12034	2931
12035	2931
12036	2932
12037	2933
12038	2933
12039	2934
12040	2935
12041	2935
12042	2936
12043	2936
12044	2937
12045	2938
12046	2939
12047	2939
12048	2939
12049	2940
12050	901
12051	2941
12052	2942
12053	2943
12054	2943
12055	2943
12056	2944
12057	2945
12058	2946
12059	2947
12060	2948
12061	2949
12062	2950
12063	2951
12064	2952
12065	2953
12066	2955
12067	2956
12068	2954
12069	2957
12070	2958
12071	2959
12072	2961
12073	2960
12074	2962
12075	2960
12076	2963
12077	2964
12078	2964
12079	2965
12080	2965
12081	2966
12082	2966
12083	2967
12084	2968
12085	2969
12086	2970
12087	2971
12088	2972
12089	2973
12090	2974
12091	2976
12092	2976
12093	2977
12094	2978
12095	2979
12096	2980
12097	2981
12098	2981
12099	2982
12100	2983
12101	2975
12102	2984
12104	2984
12105	2985
12106	2985
12107	2985
12108	2985
12109	2986
12110	2987
12111	2988
12112	2989
12113	2989
12114	2990
12115	2991
12116	2992
12117	2992
12118	2993
12119	2993
12120	2994
12121	2995
12122	2996
12123	2997
12124	2998
12125	2999
12126	2999
12127	3000
12128	3000
12129	3001
12130	3002
12131	3003
12132	3004
12133	3005
12134	3006
12135	3007
12136	3008
12137	3009
12138	3010
12139	3011
12140	3012
12141	3012
12142	3013
12143	3014
12144	3015
12145	3016
12146	3017
12147	3018
12148	3019
12149	3020
12150	3021
12151	2999
12152	2999
12153	3022
12154	3023
12155	3023
12156	3023
12157	3023
12158	3023
12159	3024
12160	3025
12161	3025
12162	3025
12163	3026
12164	3027
12165	3028
12166	3029
12167	3030
12168	3030
12169	3031
12170	3032
12171	3033
12172	3034
12173	3035
12174	3036
12175	3037
12176	3038
12177	3039
12178	3040
12179	3041
12180	3041
12181	3042
12182	3043
12183	3043
12184	3044
12185	3045
12186	3046
12187	3047
12188	3048
12189	3049
12190	3050
12191	3051
12192	3051
12193	3052
12194	3053
12195	3054
12196	3055
12197	3055
12198	3056
12199	3056
12200	3057
12201	3057
12202	3058
12203	3059
12204	3059
12205	3060
12207	3061
12208	3062
12209	3063
12210	3064
12211	3065
12213	3066
12214	3066
12215	3066
12216	3066
12217	3067
12218	3068
12219	3069
12220	3070
12221	3071
12222	3072
12223	3072
12224	3072
12225	3073
12226	3073
12227	3074
12228	3074
12229	3074
12230	3074
12231	3075
12232	3075
12235	2803
12236	2803
12237	2803
12238	2805
12240	2805
12241	2805
12242	3076
12243	3077
12244	3078
12245	3079
12246	3078
12247	3080
12248	3067
12249	3067
12250	3082
12251	3083
12252	3083
12253	3081
12254	3083
12255	3078
12256	3084
12257	3085
12258	3086
12259	3088
12260	3088
12261	3087
12262	3089
12263	3089
12264	3089
12265	3090
12266	3088
12267	3091
12268	3091
12269	3092
12270	3093
12271	3093
12272	3093
12273	3093
12274	3094
12275	3095
12276	3097
12277	3096
12278	3098
12279	3099
12280	3100
12281	3101
12282	3102
12283	3103
12284	3104
12285	3105
12286	3106
12287	3107
12288	3108
12289	3109
12290	3110
12291	3111
12292	3112
12293	3113
12294	3114
12295	3114
12296	3115
12297	3116
12298	3116
12299	3117
12300	3118
12301	3119
12302	3120
12304	3122
12305	3123
12306	3124
12307	3125
12308	3126
12309	3126
12310	3127
12311	3128
12312	3129
12313	3130
12314	3131
12316	3133
12317	3134
12318	3134
12319	3135
12320	3136
12321	3137
12322	3138
12323	3139
12324	3139
12325	3140
12326	3141
12327	3142
12328	3142
12329	3144
12330	3145
12331	3145
12332	3146
12333	865
12334	3147
12335	3148
12336	3149
12337	3150
12338	3151
12339	3152
12340	3153
12341	2159
12342	3155
12343	3156
12344	3157
12345	3158
12346	3159
12347	3159
12348	3159
12349	3160
12350	3161
12351	3162
12352	3162
12353	3163
12354	3163
12355	3164
12356	3165
12357	870
12358	3166
12359	3167
12360	3168
12361	3169
12362	3170
12363	3171
12364	3172
12365	3173
12366	3173
12367	3174
12368	3175
12369	3176
12370	3175
12371	3177
12372	3178
12373	3179
12374	3180
12375	3180
12376	3181
12377	3182
12378	3182
12379	3183
12380	3184
12381	3184
12382	3185
12383	3186
12384	3187
12385	3188
12386	3189
12387	3190
12388	3191
12389	3191
12390	3192
12391	3193
12392	3195
12393	3196
12394	3197
12395	3194
12396	3194
12397	3198
12398	3198
12399	3199
12400	3200
12401	3201
12402	3202
12403	3203
12404	3204
12405	3205
12406	3206
12407	3207
12408	3208
12409	3209
12410	3210
12411	3211
12412	2769
12413	2769
12414	2769
12415	2769
12416	2769
12417	2769
12418	2769
12419	2771
12420	2771
12421	2771
12422	2772
12423	2772
12424	2772
12425	2772
12426	2773
12427	2773
12428	2773
12429	2773
12430	3212
12431	3213
12432	3214
12433	3215
12434	3216
12435	3216
12436	3217
12437	3218
12438	3219
12439	3220
12440	3221
12441	3224
12442	3222
12443	3223
12444	3225
12445	3226
12446	3226
12447	3227
12448	3228
12449	3229
12450	3229
12451	3230
12452	3231
12453	3238
12454	3237
12455	3232
12456	3233
12457	3234
12458	3236
12459	3235
12460	2773
12461	2773
12462	2773
12463	2773
12464	2773
12465	2773
12466	2774
12467	2774
12468	2774
12469	2774
12470	2774
12471	2774
12472	3239
12473	3239
12474	3239
12475	3239
12476	3239
12477	3239
12478	3239
12479	3240
12480	3242
12481	3241
12482	3243
12483	3244
12484	3247
12485	3245
12486	3246
12487	3248
12488	3249
12489	3250
12490	3251
12491	3252
12492	3253
12493	3254
12494	3255
12495	3256
12496	3257
12497	3257
12498	3258
12499	3259
12500	3260
12501	3261
12502	3262
12503	3263
12504	3264
12505	3265
12506	3266
12507	3267
12508	3268
12509	3269
12510	3270
12511	3271
12512	3271
12513	3272
12514	3272
12515	3273
12516	3273
12517	3274
12518	3274
12519	3273
12520	3274
12521	3275
12522	3275
12523	3275
12524	3276
12525	3277
12526	3278
12527	3279
12528	3280
12529	3280
12530	3281
12531	3282
12532	3282
12533	3283
12534	3284
12535	3285
12536	3286
12537	3287
12538	3288
12539	3289
12540	3289
12541	3290
12542	3291
12543	3292
12544	3293
12545	3294
12546	3295
12547	3296
12548	3297
12549	3298
12550	3299
12551	3299
12552	3300
12553	3301
12554	2775
12555	2775
12556	2775
12557	3302
12558	3302
12559	3303
12560	3304
12561	3312
12562	3305
12563	3305
12564	2775
12565	3306
12566	2775
12567	3307
12568	3308
12569	2775
12570	3310
12571	3310
12572	2775
12573	2775
12574	2775
12575	3310
12576	3311
12577	3311
12578	3311
12579	3309
12580	2780
12581	2780
12582	2780
12583	2780
12584	2779
12585	2779
12586	2779
12587	3313
12588	3314
12589	3314
12590	3315
12591	3315
12592	3316
12593	3317
12594	3318
12595	3321
12596	3321
12597	3319
12598	3319
12599	3320
12600	3320
12601	3322
12602	3323
12607	3324
12608	3324
12609	3325
12610	3326
12611	3326
12612	3327
12613	3328
12614	3328
12615	3329
12616	3330
12617	3331
12618	3332
12619	3333
12620	3334
12621	3337
12622	3337
12623	3335
12624	3335
12625	3336
12626	3336
12627	3338
12628	3339
12629	3340
12630	3341
12631	3342
12632	3343
12633	3344
12634	3345
12635	3346
12636	3348
12637	3347
12638	3349
12639	3350
12640	3351
12641	3352
12642	3353
12643	3319
12644	3319
12645	3319
12646	3319
12647	3354
12648	3319
12649	3355
12650	2781
12651	2781
12652	3356
12653	2781
12654	3357
12655	2781
12656	3357
12657	2781
12658	2781
12659	2781
12660	3358
12661	3359
12662	3361
12663	3361
12664	3321
12665	3362
12666	3321
12667	3360
12668	3321
12669	2781
12670	3363
12671	3321
12672	3321
12673	3364
12674	3365
12675	3366
12676	3367
12677	2776
12678	2776
12679	3368
12680	3369
12681	3369
12682	3369
12683	3370
12684	3371
12685	3371
12686	3371
12687	3371
12688	3372
12689	3372
12690	3373
12691	3373
12692	3373
12693	3373
12694	3374
12695	3375
12696	3376
12697	3377
12698	3378
12699	3379
12700	3380
12701	3381
12702	3382
12703	3384
12704	3383
12706	3386
12707	3387
12708	3388
12709	3389
12710	3391
12711	3393
12712	3395
12713	3394
12714	3390
12715	3392
12716	3392
12717	3396
12718	3398
12719	3398
12720	3398
12721	3399
12722	3397
12723	3397
12724	3405
12725	3405
12726	3405
12727	3405
12728	3405
12729	3400
12730	3407
12731	3407
12732	3407
12733	3408
12734	3408
12735	3401
12736	3409
12737	3409
12738	3409
12739	3409
12740	3402
12741	3403
12742	3411
12743	3404
12744	3411
12745	3406
12746	3406
12747	3410
12748	3412
12749	3412
12750	3413
12751	3414
12752	3417
12753	3417
12754	3417
12755	3419
12756	3415
12757	3420
12758	3420
12759	3421
12760	3421
12761	3416
12762	3422
12763	3418
12764	3423
12765	3423
12766	3424
12767	3425
12768	3426
12769	3426
12770	3426
12771	3426
12772	3432
12773	3432
12774	3432
12775	3427
12776	3427
12777	3428
12778	3433
12779	3429
12780	3433
12781	3430
12782	3431
12783	3434
12784	3436
12785	3436
12786	3435
12787	3437
12788	3438
12789	3440
12790	3439
12791	3441
12792	3441
12793	3443
12794	3443
12795	3443
12796	3442
12797	3442
12798	3444
12799	3445
12800	3446
12801	3445
12802	3447
12803	3448
12804	3449
12805	3450
12806	3452
12807	3453
12808	3454
12809	3455
12810	3456
12811	3457
12812	3458
12813	3459
12814	3460
12815	3461
12816	3463
12817	3463
12818	3467
12819	3467
12820	3464
12821	3464
12822	3468
12823	3469
12824	3470
12825	3471
12826	3472
12827	3473
12828	3474
12829	3475
12830	3476
12831	3477
12832	3479
12833	3478
12834	3480
12835	3481
12836	3078
12840	3485
12841	3485
12842	3485
12843	3489
12844	3489
12845	3482
12846	3483
12847	3486
12848	3487
12849	3488
12850	3490
12851	3491
12852	3492
12853	3493
12854	3494
12855	3495
12856	3496
12857	3497
12858	3498
12859	3499
12860	3500
12861	3501
12862	3502
12863	3503
12864	3503
12865	3504
12866	3505
12867	3505
12868	3506
12869	3507
12870	3508
12871	3509
12872	3510
12873	3511
12874	3512
12875	3513
12876	3514
12877	3515
12878	3516
12879	3517
12880	3518
12881	3521
12882	3519
12883	3520
12884	3522
12885	3523
12886	3523
12887	3524
12888	3525
12889	3525
12890	3525
12891	3526
12892	3527
12893	3528
12894	3529
12895	3530
12896	3531
12897	3532
12898	3534
12899	3534
12900	3536
12901	3537
12902	3539
12903	3540
12904	3541
12905	3546
12906	3542
12907	3547
12908	3543
12909	3544
12910	3545
12911	3549
12912	3550
12913	3551
12914	3551
12915	3552
12916	3553
12917	3554
12918	3555
12919	3556
12920	3559
12921	3560
12922	3563
12923	3564
12924	3566
12925	3567
12926	3557
12927	3558
12928	3561
12929	3562
12930	3565
12931	3568
12932	3569
12933	3569
12934	3570
12935	3571
12936	3574
12937	3572
12938	3575
12939	3572
12940	3575
12941	3572
12942	3576
12943	3577
12944	3578
12945	3579
12946	3573
12947	3573
12948	3573
12949	3580
12950	3581
12951	3582
12952	3583
12953	3584
12954	3586
12955	3585
12956	3587
12957	3588
12958	3589
12959	3590
12960	3591
12961	3592
12962	3593
12963	3594
12964	3596
12965	3597
12966	3598
12967	3599
12968	3600
12969	3601
12970	3602
12971	3603
12972	3604
12973	3605
12974	3606
12975	3607
12976	3608
12977	3608
12978	3609
12979	3610
12980	3610
12981	3611
12982	3612
12983	3612
12984	3613
12985	3613
12986	3613
12987	3614
12988	3615
12989	3616
12990	3615
12991	3617
12993	3619
12994	3618
12997	3618
12998	3618
12999	3618
13000	3621
13001	3621
13002	3622
13003	3623
13004	3623
13005	3624
13006	3625
13007	3626
13008	3627
13009	3627
13010	3628
13011	3629
13012	3630
13013	3631
13014	3632
13015	3633
13016	3634
13017	3635
13018	3636
13019	3637
13020	3638
13021	3639
13022	3640
13023	3641
13024	3642
13025	3643
13026	3644
13027	3645
13028	3646
13029	3646
13030	3646
13031	3647
13032	3648
13033	3649
13034	3650
13035	3651
13036	3652
13037	3653
13038	3654
13039	3655
13040	3656
13041	3657
13042	3658
13044	3660
13045	3661
13046	3662
13047	3663
13048	3664
13049	3665
13050	3666
13051	3667
13052	3667
13053	3668
13054	3669
13055	3670
13056	3671
13057	3672
13058	3673
13059	3674
13060	3675
13061	3676
13062	3676
13063	3677
13064	3678
13065	3679
13066	3680
13067	3680
13068	3681
13069	3682
13070	3683
13071	3684
13072	3684
13073	3685
13074	3686
13075	3687
13076	3688
13077	3689
13078	3696
13079	3693
13080	3697
13081	3698
13082	3695
13083	3694
13084	3699
13085	3699
13086	3700
13087	3701
13088	3702
13089	3703
13090	3705
13091	3704
13092	3706
13093	3707
13094	3708
13095	3710
13096	3710
13097	3693
13098	3712
13099	3713
13100	3714
13101	3711
13102	3715
13103	3709
13104	3716
13105	3691
13106	3692
13107	3690
13108	3718
13109	3717
13110	3719
13111	3720
13112	3723
13113	3721
13114	3721
13115	3722
13116	3724
13117	3725
13118	3726
13119	3726
13120	3727
13121	3728
13122	3729
13123	3730
13124	3732
13125	3731
13126	3735
13127	3733
13128	3734
13129	3736
13130	3736
13131	3737
13132	3739
13133	3738
13134	3740
13135	3744
13136	3741
13137	3742
13138	3743
13139	3745
13140	3748
13141	3746
13142	3747
13143	3750
13144	3749
13145	3751
13146	3754
13147	3752
13148	3753
13149	3753
13150	3756
13151	3755
13152	3756
13153	3757
13154	3758
13155	3759
13156	3760
13157	3761
13158	3762
13159	3762
13160	3764
13161	3763
13162	3765
13163	3766
13164	3766
13165	3767
13166	3771
13167	3768
13168	3769
13169	3770
13170	3772
13171	3773
13173	3774
13174	3776
13175	3775
13176	3777
13177	3781
13178	3784
13179	3785
13180	3787
13181	3778
13182	3779
13183	3779
13184	3788
13185	3780
13186	3782
13187	3783
13188	3789
13189	3786
13190	3790
13191	3791
13192	3792
13193	3793
13194	3794
13195	3795
13196	3796
13197	3797
13198	3798
13199	3799
13200	3800
13201	3801
13202	3802
13203	3803
13204	3804
13205	3805
13206	3806
13207	3807
13208	3807
13209	3808
13210	3809
13211	3810
13212	3811
13213	3812
13214	3816
13215	3818
13216	3813
13217	3814
13218	3815
13219	3817
13220	3819
13221	3820
13222	3822
13223	3821
13224	3821
13225	3823
13226	3824
13227	3824
13228	3825
13229	3827
13230	3830
13231	3826
13232	3826
13233	3828
13234	3829
13235	3831
13236	3832
13237	3833
13238	3833
13239	3834
13240	3834
13241	3835
13242	3836
13243	3837
13244	3837
13245	3838
13246	3839
13247	3840
13248	3842
13249	3841
13250	3843
13251	3844
13252	3845
13253	3846
13254	3847
13255	3847
13256	3847
13257	3847
13258	3848
13259	3849
13260	3850
13261	3851
13262	3852
13263	3853
13264	3854
13265	3854
13266	3856
13267	3857
13268	3858
13269	3859
13270	3860
13271	3861
13272	3862
13273	3863
13274	3864
13275	3855
13276	3865
13277	3866
13278	3867
13279	3868
13280	3869
13281	3870
13282	3871
13283	3872
13284	3874
13285	3873
13286	3876
13287	3877
13288	3875
13289	3878
13290	3880
13291	3879
13292	3881
13293	3883
13294	3882
13295	3884
13296	3885
13297	3886
13298	3887
13299	3888
13300	3889
13301	3889
13302	3890
13303	3891
13304	3894
13305	3895
13306	3896
13307	3898
13308	3899
13309	3892
13310	3893
13311	3897
13312	3900
13313	3901
13314	3902
13315	3903
13316	3903
13317	3903
13318	3904
13319	3904
13320	3904
13321	3905
13322	3905
13323	3905
13324	3906
13325	3906
13326	3907
13327	3908
13328	3909
13329	3910
13330	3911
13331	3912
13332	3913
13333	3914
13334	3915
13335	3916
13336	3917
13337	3919
13338	3919
13339	3920
13340	3918
13341	3920
13342	3921
13343	3922
13344	3923
13345	3924
13346	3925
13347	3926
13348	3927
13349	3929
13350	3930
13351	3931
13352	3931
13353	3928
13354	3932
13355	3932
13356	3933
13357	3933
13358	3933
13359	3934
13360	3935
13361	3936
13362	3937
13363	3938
13364	3941
13365	3939
13366	3940
13367	3942
13368	3942
13369	3943
13370	3944
13371	3945
13372	3946
13373	3947
13374	3948
13375	3951
13376	3949
13377	3949
13378	3949
13379	3950
13380	3952
13381	3953
13382	3954
13383	3954
13384	3955
13385	3956
13386	3957
13387	3958
13388	3959
13389	3960
13390	3961
13391	3962
13392	3963
13393	3966
13394	3965
13395	3967
13396	3967
13397	3968
13398	3964
13399	3964
13400	3969
13401	3970
13402	3971
13403	3972
13404	3973
13405	3974
13406	3975
13407	3976
13408	3978
13409	3977
13410	3979
13411	3979
13412	3980
13413	3982
13414	3981
13415	3981
13416	3983
13417	3984
13418	3985
13419	3986
13420	3987
13421	3988
13422	3989
13423	3990
13424	3991
13425	3991
13426	3992
13427	3993
13429	3996
13430	3995
13431	3994
13432	3998
13433	3999
13434	4000
13435	4001
13436	4002
13437	4003
13438	4004
13439	4007
13440	4007
13441	4005
13442	4006
13443	4009
13444	4008
13445	4010
13446	4011
13447	4012
13448	4012
13449	4013
13450	4014
13451	4014
13452	4015
13453	4016
13454	4017
13455	4018
13456	4019
13457	4020
13458	4021
13459	4022
13460	4022
13461	4023
13462	4024
13463	4024
13464	4024
13465	4025
13466	4026
13467	4027
13468	4027
13469	4027
13470	4028
13471	4029
13472	4030
13473	4031
13474	4032
13475	4033
13476	4034
13477	4035
13478	4036
13479	4037
13480	4038
13481	4039
13482	4040
13483	4041
13484	4042
13485	4043
13486	4044
13487	4045
13488	4046
13489	4047
13490	4048
13491	4049
13492	4051
13493	4052
13494	4053
13495	4054
13496	4055
13497	4056
13498	4058
13499	4061
13500	4059
13501	4060
13502	4062
13503	4057
13504	4063
13505	4065
13506	4064
13507	4066
13508	4067
13509	4069
13510	4068
13511	4070
13512	4071
13513	4072
13514	4073
13515	4073
13516	4074
13517	4074
13518	4077
13519	4077
13520	4078
13521	4078
13522	4075
13523	4076
13524	4079
13525	4080
13526	4081
13527	4083
13528	4084
13529	4082
13530	4085
13531	4086
13532	4087
13533	4089
13534	4089
13535	4090
13536	4091
13537	4092
13538	4092
13539	4093
13540	4094
13541	4095
13542	4096
13543	4097
13544	4098
13545	4099
13546	4100
13547	4101
13548	4102
13549	4102
13550	4103
13551	4103
13552	4104
13553	2481
13554	2484
13555	2481
13556	2481
13557	2481
13558	2481
13559	2481
13560	2481
13561	2481
13562	2481
13563	2481
13564	2481
13565	2481
13566	1004
13567	4105
13568	4105
13569	4106
13570	4106
13573	4108
13574	4109
13575	4110
13576	4111
13577	4112
13578	4113
13579	4114
13580	4115
13581	4115
13582	4116
13583	4116
13584	4117
13585	4118
13586	4119
13587	4120
13588	4121
13589	4122
13590	4123
13591	4123
13592	4124
13593	4125
13594	4126
13595	4127
13596	4128
13597	4129
13598	4130
13599	4131
13600	4132
13601	4133
13602	4134
13603	4135
13604	4136
13605	4137
13606	4138
13607	4138
13608	4139
13609	4140
13610	4141
13611	4142
13612	4143
13613	4144
13614	4145
13615	4145
13616	4146
13617	4147
13618	4148
13619	4149
13620	4150
13621	4151
13622	4152
13623	4153
13624	4154
13625	4155
13626	4156
13627	4156
13628	4156
13629	4156
13630	4157
13631	4158
13632	4159
13633	4159
13634	4160
13635	4166
13636	4165
13637	4164
13638	4163
13639	4162
13640	4161
13641	1006
13642	1008
13643	513
13644	4167
13645	4168
13646	4169
13647	4170
13648	514
13649	514
13650	514
13651	4171
13652	514
13653	4172
13654	514
13655	514
13656	514
13657	516
13658	4174
13659	4175
13660	4176
13661	4177
13662	4178
13663	4178
13664	4179
13665	4180
13666	4181
13667	4181
13668	4182
13669	4183
13670	4184
13671	4185
13672	4185
13673	4186
13674	4187
13675	4188
13676	4189
13677	4190
13678	4193
13679	4191
13680	4192
13681	4194
13682	4195
13683	4197
13684	4198
13685	4199
13686	1127
13687	1127
13688	4200
13689	4201
13690	4202
13691	4203
13692	517
13693	517
13694	4204
13695	4205
13696	4206
13697	4206
13698	4207
13699	4207
13700	1129
13701	4208
13702	4209
13703	4210
13704	4210
13705	4211
13706	4212
13707	4213
13708	4214
13709	4215
13710	4216
13711	4217
13712	4218
13713	4219
13714	4220
13715	4221
13716	4223
13717	4222
13718	4224
13719	4225
13720	4226
13721	4226
13722	4227
13723	4228
13724	4228
13725	4229
13726	4231
13727	4230
13728	4230
13729	4230
13730	4232
13731	4233
13732	4234
13733	4235
13734	4236
13735	4237
13736	4238
13737	4239
13738	4240
13739	4241
13740	4242
13741	4243
13742	4244
13743	4245
13744	4245
13745	4246
13746	4246
13747	4248
13748	4248
13749	4249
13750	4250
13751	4251
13752	4252
13753	4253
13754	4257
13755	4258
13756	4259
13757	4254
13758	4255
13759	4255
13760	4256
13761	4256
13762	4260
13763	4262
13764	4261
13765	4263
13766	4264
13767	4265
13768	4266
13769	4267
13770	4268
13771	4269
13772	4269
13773	4270
13774	4271
13775	4272
13776	4273
13777	4273
13778	4274
13779	4274
13780	4275
13781	4276
13782	4277
13783	4278
13784	4279
13785	4280
13786	4281
13787	4282
13788	4283
13789	4284
13790	4284
13791	4285
13792	4286
13793	4288
13794	4288
13795	4287
13796	4287
13797	4289
13798	4290
13799	4291
13800	4292
13801	4296
13802	4295
13803	4295
13804	4294
13805	4293
13806	4297
13807	4298
13808	4299
13809	4300
13810	4301
13811	4302
13812	4302
13813	4303
13814	4304
13815	4305
13816	4305
13817	4306
13818	4306
13819	4306
13820	4307
13821	4308
13822	4309
13823	4309
13824	4309
13825	4310
13826	4311
13827	4313
13828	4314
13829	4315
13830	4316
13831	4317
13832	4318
13833	4319
13834	4320
13835	4321
13836	4322
13837	4323
13838	4324
13839	4324
13840	4325
13841	4325
13842	4326
13843	4328
13844	4327
13845	4330
13846	4329
13847	4331
13848	4332
13849	4333
13850	4333
13851	4334
13852	4335
13853	4336
13854	4337
13855	4338
13856	4338
13857	4338
13858	4339
13859	4340
13860	4341
13861	4342
13862	4342
13863	4343
13864	4344
13865	4345
13866	4346
13867	4347
13868	4347
13869	4349
13870	4349
13871	4350
13872	4351
13873	4352
13874	4352
13875	4353
13876	4354
13877	4355
13878	4355
13879	4356
13880	4357
13881	4358
13882	4358
13883	4359
13884	4360
13885	4361
13886	4366
13887	4365
13888	4365
13889	4362
13890	4364
13891	4363
13892	4367
13893	4367
13894	4368
13895	4368
13896	4372
13897	4370
13898	4375
13899	4376
13900	4373
13901	4371
13902	4369
13903	4369
13904	4374
13905	4374
13906	4377
13907	4378
13908	4380
13909	4380
13910	4379
13911	4381
13912	4382
13913	4383
13914	4384
13915	4394
13916	4392
13917	4391
13918	4393
13919	4390
13920	4387
13921	4388
13922	4389
13923	4386
13924	4385
13925	4395
13926	4396
13927	4397
13928	4398
13929	4399
13930	4400
13931	4402
13932	4401
13933	4404
13934	4404
13935	4406
13936	4403
13937	4405
13938	4405
13939	4407
13940	4408
13941	4409
13942	4410
13943	4411
13944	4412
13945	4413
13946	4414
13947	4415
13948	4416
13949	4417
13950	4418
13951	4419
13952	4420
13953	4421
13954	4422
13955	4423
13956	4424
13957	4425
13958	4426
13959	4427
13960	4427
13961	4428
13962	4429
13963	4430
13964	4431
13965	4432
13966	4433
13967	4434
13968	4435
13969	4436
13970	4437
13971	4438
13972	4438
13973	4439
13974	4440
13975	4441
13976	4441
13977	4442
13978	4443
13979	4444
13980	4445
13981	4446
13982	4447
13983	4448
13984	4449
13985	4450
13986	4451
13987	4452
13988	4452
13989	4452
13990	4453
13991	4454
13992	4455
13993	4457
13994	4456
13995	4458
13996	4459
13997	4460
13998	4461
13999	4462
14000	4463
14001	4464
14002	4465
14003	4466
14004	4467
14005	4468
14006	4469
14007	4470
14008	4471
14009	4475
14010	4474
14011	4472
14012	4472
14013	4473
14014	4473
14015	4476
14016	4477
14017	4478
14018	4479
14019	4480
14020	4482
14021	4481
14022	4483
14023	4484
14024	4485
14025	4486
14026	4487
14027	4488
14028	4489
14029	4490
14030	4491
14031	4492
14032	4492
14033	4493
14034	4493
14035	4494
14036	4494
14037	4495
14038	4496
14039	4497
14040	4498
14041	4498
14042	4498
14043	4499
14044	4499
14045	4499
14046	4499
14047	4500
14048	4501
14049	4501
14050	4501
14051	4502
14052	4502
14053	4503
14054	4503
14055	4504
14056	4510
14057	4509
14058	4508
14059	4507
14060	4506
14061	4505
14062	4511
14063	4512
14064	4513
14065	4514
14066	4515
14067	4515
14068	4516
14069	4516
14070	4517
14071	4518
14072	4519
14073	4522
14074	4521
14075	4520
14076	4523
14077	4524
14078	4526
14079	4526
14080	4527
14081	4528
14082	4525
14083	4529
14084	4530
14085	4532
14086	4533
14087	4534
14088	4534
14089	4535
14090	4536
14091	4537
14092	4537
14093	4537
14094	4538
14095	4538
14096	4539
14097	4540
14098	4541
14099	4541
14100	4541
14101	4542
14102	4543
14103	4544
14104	4545
14105	4545
14106	4546
14107	4548
14108	4547
14109	4549
14110	4550
14111	4551
14112	4552
14113	4552
14114	4553
14115	4553
14116	4554
14117	4555
14118	4556
14119	4557
14120	4558
14121	4558
14122	4559
14123	4559
14124	4560
14125	4560
14126	4561
14127	4562
14128	4563
14129	4565
14130	4564
14131	4566
14132	4567
14133	4568
14134	4569
14135	4570
14136	4571
14137	4572
14138	4573
14139	4574
14140	4576
14141	4575
14142	4578
14143	4577
14144	4579
14145	4580
14146	4581
14147	4582
14148	3898
14149	3898
14150	3898
14151	3899
14153	3900
14154	3900
14155	3901
14156	3901
14157	3901
14158	3902
14159	3902
14160	3902
14161	3903
14162	3903
14163	3903
14164	3904
14165	3904
14166	3904
14167	4583
14168	4584
14169	4584
14170	4584
14171	4585
14172	4585
14173	4586
14174	4586
14175	3907
14176	3907
14177	3907
14178	3908
14179	3908
14180	3908
14181	3910
14182	3910
14183	3910
14184	3911
14195	4156
14208	4134
14209	4134
14210	4134
14211	4132
14212	4132
14213	4132
14217	4133
14218	4133
14219	4126
14220	4126
14221	4126
14222	4126
14223	4126
14224	4126
14225	4127
14226	4127
14227	4127
14228	4127
14229	4127
14230	4127
14231	4131
14232	4131
14233	4131
14234	4131
14235	4590
14236	4590
14237	4590
14238	4590
14239	4590
14240	4590
14241	4129
14242	4129
14243	4129
14244	4128
14245	4128
14246	4130
14247	4130
14248	4043
14249	4043
14250	4043
14251	4044
14252	4044
14253	4044
14254	4044
14255	4044
14256	4044
14257	4045
14258	4045
14259	4045
14260	4045
14261	4045
14262	4045
14264	4592
14265	2791
14266	2791
14267	2791
14268	2791
14269	2791
14270	2791
14271	4593
14272	4594
14273	3560
14274	3560
14275	3560
14276	3560
14277	3560
14278	3560
14279	4595
14284	2790
14285	2790
14286	2790
14287	2790
14288	2790
14289	2790
14290	2790
14291	2790
14292	2790
14293	3563
14294	3563
14295	3563
14296	3563
14297	3563
14298	3563
14299	3563
14300	3563
14301	3563
14302	2793
14303	2793
14304	2793
14305	2793
14306	2793
14307	3567
14309	3564
14310	2792
14311	2792
14312	2792
14313	2792
14314	2792
14315	2792
14316	2792
14317	3559
14318	3566
14319	2794
14320	2794
14321	2794
14322	2800
14323	2800
14324	2800
14325	2798
14326	2798
14327	2798
14328	2798
14329	2796
14330	2796
14331	2796
14332	2796
14333	2796
14334	2796
14335	2796
14336	2796
14337	2796
14338	2796
14339	2796
14340	3547
14341	3547
14342	3547
14343	3547
14344	3547
14345	3547
14346	3547
14347	3547
14348	3546
14349	3546
14350	3546
14351	3553
14352	3553
14353	3553
14354	3553
14355	3550
14356	3550
14357	3550
14358	3550
14359	3550
14360	3550
14361	2801
14362	2801
14363	2801
14364	2802
14365	2802
14366	2802
14367	2802
14368	3776
14373	3776
14378	3776
14380	4596
14383	4596
14385	3777
14386	3777
14387	3777
14388	4597
14389	4149
14390	4149
14391	4149
14392	4144
14394	3886
14395	3886
14396	3886
14397	3886
14398	4145
14399	3886
14400	4145
14401	4145
14402	3886
14403	4145
14404	4145
14405	3887
14406	3887
14407	4147
14408	4147
14409	3887
14410	4146
14412	3887
14413	4146
14414	4146
14415	3887
14416	4150
14417	4150
14418	4151
14419	4151
14420	4151
14421	4151
14422	4151
14423	4151
14424	3895
14425	3895
14426	3895
14427	3894
14428	3894
14429	3891
14430	3891
14431	3891
14432	3885
14433	4598
14440	3771
14441	3771
14442	3771
14443	3759
14444	3759
14448	3757
14449	3577
14450	3577
14451	3577
14452	3577
14453	3580
14454	3576
14455	3576
14456	3576
14457	3576
14458	3576
14459	3576
14460	3571
14461	3571
14462	3571
14463	3571
14464	3574
14465	3574
14466	3574
14467	3574
14468	3574
14469	4120
14470	4120
14471	4120
14472	4120
14473	4113
14474	4113
14476	4113
14477	4117
14478	4117
14479	4117
14480	4115
14481	4115
14482	4119
14483	4119
14484	4119
14485	4119
14486	4119
14487	4119
14490	4121
14492	4121
14493	4121
14494	4122
14495	4122
14496	4122
14497	4122
14498	4122
14499	4122
14500	4114
14501	4114
14502	4114
14503	4114
14504	4114
14505	4116
14506	4116
14507	4118
14508	4118
14510	4118
14511	4118
14512	4118
14513	4118
14514	4124
14515	4124
14516	4124
14517	4125
14518	4125
14519	4125
14520	4125
14521	4125
14522	4125
14523	4125
14524	4599
14525	4599
14526	4599
14527	4599
14528	4599
14529	4599
14530	4599
14531	4599
14532	4599
14533	4599
14534	4123
14535	4123
14536	4123
14537	4123
14538	4123
14539	4123
14540	3822
14541	3822
14542	3822
14543	4109
14544	4109
14545	4109
14546	4109
14547	4110
14548	4110
14549	4110
14550	4111
14551	4111
14552	4039
14553	4039
14554	4039
14555	4039
14556	4039
14557	4039
14558	4037
14559	4037
14560	4038
14561	4036
14566	4036
14567	4036
14568	4036
14569	4036
14570	4036
14571	3727
14572	3727
14573	3727
14574	3727
14575	3728
14576	3728
14577	3728
14578	2807
14579	2807
14580	2807
14581	3728
14582	3729
14583	3729
14584	3729
14585	3729
14586	3729
14587	3726
14588	3726
14589	3726
14590	3726
14591	3726
14592	3726
14593	3726
14594	3726
14595	3726
14596	3726
14597	3726
14598	3735
14599	3732
14600	3732
14601	3732
14602	4600
14603	4600
14604	4600
14605	4600
14606	4600
14607	4600
14620	4058
14622	4601
14623	4602
14624	4603
14625	4604
14626	3718
14627	3718
14628	3718
14629	3718
14630	3718
14631	3718
14632	4605
14633	4606
14634	3719
14635	3581
14636	3581
14637	3698
14638	3698
14639	4607
14640	3698
14641	3698
14642	4608
14643	4609
14644	4610
14645	3698
14646	3698
14647	3698
14648	3698
14649	4611
14650	3699
14651	3699
14652	4612
14653	3702
14654	3702
14655	4612
14656	4612
14659	3712
14660	3712
14661	3712
14662	3712
14663	3712
14664	3712
14665	3712
14666	4613
14667	4613
14668	4613
14669	4613
14670	4613
14671	4613
14672	4614
14673	4615
14674	4616
14675	4617
14676	4618
14677	4619
14678	4619
14679	4619
14680	4619
14681	3712
14682	3712
14683	3712
14684	3712
14685	3712
14686	3712
14687	3712
14688	3714
14689	3714
14690	3714
14691	3714
14692	3714
14693	3716
14694	3716
14696	3716
14697	3716
14698	3716
14699	3716
14700	3716
14704	3716
14705	3716
14706	3716
14707	3832
14708	3832
14709	3832
14710	3836
14711	3836
14712	3836
14713	3836
14714	3836
14715	3844
14716	3844
14717	3844
14718	3844
14719	3844
14720	3844
14721	3844
14722	3844
14723	3871
14724	3871
14725	3871
14726	3871
14727	3871
14728	3871
14729	3837
14730	3837
14731	3837
14734	3837
14735	3837
14736	3837
14737	3837
14738	3837
14739	3837
14740	3837
14741	3842
14742	3842
14743	3842
14744	3842
14745	3842
14746	3842
14747	3842
14748	3842
14749	3842
14750	3842
14751	3842
14752	3842
14753	3842
14754	3842
14755	3842
14756	3842
14757	3842
14758	3842
14759	3842
14760	3842
14761	3842
14762	4136
14763	4135
14764	4135
14765	4135
14766	4135
14767	4137
14768	4137
14769	4137
14770	4137
14771	4137
14772	4139
14773	4139
14774	4139
14775	4139
14776	4620
14777	4621
14778	4622
14779	4621
14780	4623
14781	4624
14782	4624
14783	4624
14784	4624
14785	4624
14786	4624
14787	4624
14788	4624
14789	4624
14790	4624
14791	4624
14792	4625
14793	3781
14794	4625
14795	3781
14796	4626
14797	4627
14798	3781
14799	3781
14803	3784
14804	3784
14805	3784
14806	4025
14807	3818
14808	3818
14809	3818
14810	3788
14811	3788
14812	3788
14813	3816
14814	3816
14815	3816
14816	3787
14817	3787
14818	4031
14819	4031
14820	3792
14821	4035
14822	4035
14823	4032
14824	4032
14825	3792
14826	3793
14827	3793
14828	3793
14829	3785
14830	4628
14832	4630
14834	4632
14836	4634
14838	4636
14839	4637
14840	4638
14842	4640
14843	4081
14844	4101
14846	4641
14847	4642
14848	4643
14849	4080
14850	4080
14852	4080
14853	4080
14854	4080
14855	4644
14857	4644
14858	4644
14859	4644
14860	4644
14861	4644
14862	4083
14863	4083
14864	4083
14865	4083
14866	4084
14867	4084
14868	4084
14869	4084
14870	4084
14871	4084
14872	4084
14873	4084
14874	4084
14875	4084
14876	4084
14877	4645
14878	4099
14879	4099
14880	4099
14881	4099
14882	4099
14883	4099
14884	4645
14885	4645
14886	4645
14887	4645
14888	4645
14889	4100
14890	4100
14891	4100
14892	4100
14893	4100
14894	4100
14895	4100
14896	4100
14897	4104
14898	4104
14899	4104
14900	4104
14901	4103
14903	4081
14904	4081
14905	4106
14907	4106
14908	4106
14909	4106
14910	4105
14911	4105
14912	4105
14913	4105
14914	4105
14915	4646
14916	4646
14917	4646
14918	4646
14919	4646
14920	4646
14921	4101
14922	4101
14923	4643
14924	4647
14925	4648
14926	4648
14927	4648
14928	4649
14929	4650
14930	4651
14931	4651
14932	4651
14933	4652
14934	4653
14935	4654
14936	4655
14937	4656
14938	4657
14939	4658
14940	4659
14941	4660
14942	4661
14943	4662
14944	4663
14945	4664
14946	4665
14947	4666
14948	4667
14949	4668
14950	4669
14951	4670
14952	4671
14953	4672
14954	4673
14955	4674
14956	4675
14957	4676
14958	4677
14959	4678
14960	4678
14961	4679
14962	4680
14963	4681
14964	4682
14965	4683
14966	4684
14967	4685
14968	4686
14969	4687
14970	4688
14971	4689
14972	4690
14973	4690
14974	4691
14975	4692
14976	4693
14977	4694
14978	4695
14979	4695
14980	4696
14981	4697
14982	4697
14983	4698
14984	4700
14985	4699
14986	4702
14987	4701
14988	4703
14989	4705
14990	4704
14991	4706
14992	4707
14994	4708
14995	4711
14996	4710
14997	4712
14998	4713
14999	4714
15001	4716
15002	4717
15003	4718
15004	4719
15005	4718
15006	4720
15007	4721
15008	4722
15009	4722
15010	4724
15011	4723
15012	4724
15013	4724
15014	4725
15015	4725
15016	4726
15017	4727
15018	4728
15019	4729
15020	4730
15021	4731
15022	4732
15023	4733
15024	4736
15025	4734
15026	4735
15027	4737
15028	4741
15029	4738
15030	4738
15031	4738
15032	4739
15033	4739
15034	4739
15035	4742
15036	4740
15037	4740
15038	4743
15039	4743
15040	4746
15041	4746
15042	4744
15043	4745
15044	4749
15045	4747
15046	4748
15047	4750
15048	4751
15049	4752
15050	4753
15051	4755
15052	4754
15053	4756
15054	4758
15055	4757
15056	4760
15057	4759
15058	4761
15059	4762
15060	4763
15061	4764
15062	4765
15063	4765
15064	4769
15065	4766
15066	4767
15067	4772
15068	4768
15069	4770
15070	4771
15071	4774
15072	4775
15073	4776
15074	4777
15075	4773
15076	4778
15077	4779
15078	4780
15079	4781
15080	4784
15081	4782
15082	4783
15083	4785
15084	4786
15085	4787
15086	4789
15087	4790
15088	4788
15089	4791
15090	4792
15091	4793
15092	4794
15094	4795
15096	4796
15097	4797
15098	4798
15099	4799
15100	4800
15101	4801
15102	4802
15103	4803
15104	4807
15105	4804
15106	4805
15107	4806
15108	4808
15109	4809
15110	4810
15111	4811
15112	4813
15113	4813
15114	4812
15115	4814
15116	4815
15117	4815
15118	4816
15119	4818
15120	4819
15121	4820
15122	4817
15123	4821
15124	4822
15125	4823
15126	4824
15127	4825
15128	4826
15129	4827
15130	4829
15131	4828
15132	4830
15133	4835
15134	4838
15135	4845
15136	4831
15137	4832
15138	4847
15139	4833
15140	4848
15141	4834
15142	4849
15143	4836
15144	4837
15145	4850
15146	4839
15147	4840
15148	4851
15149	4841
15150	4842
15151	4852
15152	4843
15153	4844
15154	4846
15155	4853
15156	4854
15157	4855
15158	4858
15159	4861
15160	4856
15161	4863
15164	4857
15165	4864
15166	4859
15167	4860
15168	4865
15169	4862
15170	4866
15171	4867
15172	4869
15173	4873
15174	4868
15175	4868
15176	4870
15177	4871
15178	4872
15179	4874
15180	4875
15183	4876
15186	4877
15187	4877
15188	4878
15189	4879
15190	4881
15191	4883
15192	4886
15193	4882
15194	4884
15195	4889
15196	4885
15197	4887
15198	4890
15199	4888
15200	4888
15201	4891
15202	4892
15203	4894
15204	4895
15205	4898
15206	4893
15207	4896
15208	4897
15209	4899
15210	4900
15211	4901
15212	4902
15213	4903
15214	4904
15215	4905
15216	4906
15217	4907
15218	4908
15219	4909
15220	4910
15221	4911
15222	4912
15223	4783
15224	4783
15225	4783
15226	4783
15227	4783
15228	4783
15229	4913
15230	4914
15232	4916
15235	4916
15236	4917
15237	4917
15238	4917
15239	4917
15240	4917
15241	4917
15242	4917
15243	4917
15244	4917
15245	4918
15246	4918
15247	4918
15248	4918
15249	4919
15250	4919
15251	4919
15252	4919
15253	4919
15254	4919
15255	4919
15256	4919
15257	4919
15258	4919
15259	4919
15260	4919
15261	4919
15262	4919
15263	4919
15264	4919
15265	4920
15266	4920
15267	4921
15268	4921
15269	4921
15270	4921
15271	4921
15272	4782
15273	4782
15274	4782
15275	4782
15276	4793
15277	4922
15278	4806
15279	4806
15280	4801
15281	4801
15282	4799
15283	4799
15284	4800
15285	4800
15286	4800
15287	4800
15288	4800
15289	4799
15290	4802
15291	4802
15292	4802
15293	4802
15294	4804
15295	4804
15296	4804
15297	4804
15298	4804
15299	4805
15300	4805
15301	4805
15302	4805
15303	4805
15304	4805
15305	4854
15306	4831
15307	4831
15308	4832
15309	4832
15310	4923
15311	4924
15312	4680
15313	4680
15314	4679
15315	4679
15316	4925
15317	4925
15318	4926
15319	4927
15320	4927
15321	4928
15322	4928
15323	4929
15324	4929
15325	4929
15326	4929
15327	4930
15328	4930
15329	4930
15330	4931
15333	4932
15334	4933
15335	4933
15336	4934
15337	4934
15338	4935
15339	4833
15340	4833
15341	4833
15342	4839
15343	4839
15344	4842
15345	4842
15346	4842
15347	4936
15348	4936
15349	4937
15350	4937
15351	4938
15352	4938
15353	4938
15354	4938
15355	4936
15356	4939
15357	4939
15358	4939
15359	4941
15360	4941
15361	4834
15362	4834
15363	4834
15364	4942
15365	4943
15366	4944
15367	4944
15368	4945
15369	4946
15370	4947
15371	4948
15372	4948
15373	4948
15374	4949
15375	4950
15376	4951
15377	4952
15378	4953
15379	4954
15380	4955
15381	4955
15382	4956
15383	4957
15384	4957
15385	4958
15386	4958
15387	4959
15388	4959
15389	4960
15390	4960
15391	4940
15392	4961
15393	4961
15394	4962
15395	4963
15396	4964
15397	4965
15398	4965
15399	4965
15400	4966
15401	4966
15402	4966
15403	4967
15404	4968
15405	4717
15406	4717
15409	4719
15411	4721
15413	4710
15414	4710
15415	4710
15416	4710
15417	4710
15418	4712
15419	4712
15420	4712
15421	4712
15422	4969
15423	4970
15424	4970
15425	4971
15426	4972
15427	4972
15428	4973
15429	4974
15430	4975
15431	4975
15432	4975
15433	4976
15434	4976
15435	4976
15436	4977
15437	4977
15438	4978
15439	4978
15440	4979
15441	4980
15442	2286
15443	4981
15444	4982
15445	4983
15446	4984
15447	4985
15448	4986
15449	4986
15450	4986
15451	4987
15452	4988
15453	4989
15454	4989
15455	4989
15456	4989
15457	4990
15458	4991
15459	4991
15460	4992
15461	4993
15462	4994
15463	4994
15464	4995
15465	4996
15466	4996
15467	4997
15468	4999
15469	4999
15470	5000
15471	5001
15472	5002
15473	5003
15474	5004
15475	5005
15476	5006
15477	5007
15478	5008
15479	5009
15480	5010
15481	5011
15482	5011
15483	5012
15484	5012
15485	5013
15486	5013
15487	5014
15488	5014
15489	5015
15490	5016
15491	5016
15492	5016
15493	5017
15494	5018
15495	5019
15496	5020
15497	5021
15498	5022
15499	5023
15500	5024
15501	5025
15502	5026
15503	5027
15504	5028
15505	5029
15506	5030
15507	5031
15508	5031
15509	5032
15510	5033
15511	5034
15512	5034
15513	5036
15514	5037
15515	5037
15516	5037
15517	5038
15518	5038
15519	5038
15520	5039
15521	5040
15522	5040
15523	5040
15524	5041
15525	5042
15526	5042
15527	5043
15528	5044
15529	5044
15530	5044
15531	5045
15532	5045
15533	5046
15534	5047
15535	5048
15536	5049
15537	5050
15538	5050
15539	5050
15540	5051
15541	5052
15542	5052
15543	5053
15544	5054
15545	5054
15546	4663
15547	4663
15548	4663
15549	4663
15550	4663
15551	4662
15552	4662
15553	4662
15554	4661
15555	4661
15556	4661
15557	4660
15558	4660
15559	4660
15560	4660
15561	4660
15562	4862
15563	4862
15564	4862
15565	4862
15566	4859
15567	4860
15568	4860
15569	5055
15570	5056
15571	5057
15572	4816
15573	4816
15574	4816
15575	4816
15576	4816
15577	4816
15578	4816
15579	4816
15580	4817
15581	4812
15582	4812
15583	4812
15584	4812
15585	4810
15586	4810
15587	4810
15588	4819
15589	4819
15590	4819
15591	4820
15592	4820
15593	4820
15594	5058
15595	5059
15596	5060
15597	5061
15598	5061
15600	5062
15601	5063
15602	5064
15603	5065
15604	5066
15605	5067
15606	5067
15607	5068
15608	5069
15609	5070
15610	5071
15611	5072
15612	5072
15613	5073
15614	5074
15615	5075
15616	5076
15617	5076
15618	5077
15619	5077
15620	5078
15621	5079
15622	5080
15623	5080
15624	5081
15625	5081
15626	5082
15627	5083
15628	5083
15629	5084
15630	5085
15631	5085
15632	5085
15633	5086
15634	5087
15635	5087
15636	5087
15637	5087
15638	5088
15639	5089
15640	5090
15641	5091
15642	5092
15643	5093
15644	5094
15645	5095
15646	5096
15647	5097
15648	5099
15649	5100
15650	5101
15651	5102
15652	5103
15653	5103
15654	5103
15655	5104
15656	5105
15657	5106
15658	5107
15659	5108
15660	5108
15661	5109
15662	5110
15663	5110
15664	5111
15665	4152
15666	4153
15667	4153
15668	4153
15669	4153
15670	4153
15671	4154
15672	4154
15673	4154
15674	4154
15675	4154
15676	4154
15678	4155
15679	4155
15680	4155
15681	4155
15682	4155
15683	4155
15684	5112
15685	5113
15686	5114
15687	5115
15688	5116
15689	5116
15690	5117
15691	5118
15692	5118
15693	5119
15694	5120
15695	5120
15696	5121
15697	5121
15698	3896
15699	3896
15700	3896
15701	3900
15702	3900
15703	3903
15704	3903
15705	4047
15706	4047
15707	4052
15708	4052
15709	4048
15710	4048
15711	4058
15712	4058
15713	4067
15714	4067
15715	4067
15716	4069
15717	4069
15718	4069
15719	4101
15720	4128
15721	4128
15722	4128
15723	5122
15724	5122
15725	4131
15726	4590
15727	5123
15728	5123
15729	5123
15730	5124
15731	5124
15732	4998
15733	5035
15734	4144
15736	4145
15737	4146
15738	4146
15739	4144
15740	4144
15741	4144
15742	2788
15743	2788
15744	2785
15745	2785
15746	3737
15747	3738
15748	5126
15749	5126
15750	5126
15751	5126
15752	5127
15753	5127
15754	5128
15755	5128
15756	5128
15757	5129
15758	5130
15759	5131
15760	5132
15761	5133
15762	5134
15763	5135
15764	5135
15765	5136
15766	5136
15767	5138
15768	5137
15770	5140
15771	5140
15772	5141
15773	5141
15774	5142
15775	5142
15776	5143
15777	5144
15778	5145
15779	5145
15780	5145
15781	5146
15782	5146
15783	5147
15784	5148
15785	5148
15786	5148
15787	5149
15788	5149
15789	5149
15790	5150
15791	5150
15792	5150
15793	5151
15794	5151
15795	5151
15796	5152
15797	5152
15798	5153
15799	5153
15800	5154
15801	5155
15802	5156
15803	5157
15804	5158
15805	5159
15806	5160
15807	5161
15808	5162
15809	5163
15810	5164
15811	5165
15812	5165
15813	5165
15814	5166
15815	5166
15816	5167
15817	5168
15818	5169
15819	5170
15820	5171
15821	5172
15822	5173
15823	5174
15824	5175
15825	5176
15826	5177
15827	5178
15828	5178
15829	5178
15830	5179
15831	5179
15832	5180
15833	5180
15834	5181
15835	5182
15836	5183
15837	5183
15838	5183
15839	5184
15840	5184
15841	5184
15842	5185
15843	5185
15844	5185
15845	5186
15846	5187
15847	5187
15848	5188
15849	5188
15850	5189
15851	5190
15852	5191
15853	5191
15854	5191
15855	5192
15856	5192
15857	5193
15858	5193
15859	5193
15860	5193
15861	5194
15862	5194
15863	5195
15864	5196
15865	5197
15866	5198
15867	5199
15868	5200
15869	5201
15870	5202
15871	5204
15872	5204
15873	5203
15874	5203
15875	5205
15876	5206
15877	5207
15878	5208
15879	5208
15880	5209
15881	5210
15882	5210
15883	5211
15884	5212
15885	5212
15886	5212
15887	5213
15888	5214
15889	5215
15890	5215
15891	5216
15892	5216
15893	5217
15894	5218
15895	5219
15896	5219
15897	5219
15898	5219
15899	5220
15900	5220
15901	5220
15902	5220
15903	5221
15904	5221
15905	5221
15906	5221
15907	5222
15908	5223
15909	5223
15910	5223
15911	5224
15912	5224
15913	5224
15914	5224
15915	5225
15916	5225
15917	5226
15918	5227
15919	5227
15920	5228
15921	5228
15922	5229
15923	5229
15924	5229
15925	5229
15926	5230
15927	5231
15928	5232
15929	5232
15930	5234
15931	5234
15932	5234
15933	5235
15934	5235
15935	5235
15936	5236
15937	5236
15938	5237
15939	5237
15940	5241
15941	5242
15942	5243
15943	5244
15944	5244
15945	5245
15946	5246
15947	5246
15950	5248
15951	5249
15952	5250
15953	5250
15954	5250
15955	5251
15956	5252
15957	5252
15958	5253
15959	5254
15960	5255
15961	5255
15962	5256
15963	5257
15964	5257
15965	5257
15966	5258
15967	5258
15968	5259
15969	5260
15970	5260
15971	5261
15972	5262
15973	5263
15974	5264
15975	5265
15976	5266
15977	5266
15978	5266
15979	5267
15980	5268
15981	5269
15982	5270
15983	5271
15984	5271
15985	5272
15986	5272
15987	5273
15988	5274
15989	5275
15990	5275
15991	5276
15992	5276
15993	5277
15994	5278
15995	5278
15996	5279
15997	5280
15998	5281
15999	5282
16000	5282
16001	5283
16002	5283
16003	5283
16004	5284
16005	5284
16006	5285
16007	5286
16008	5287
16009	5288
16010	5289
16011	5290
16012	5291
16013	5292
16014	5293
16015	5294
16016	5295
16017	5295
16018	5296
16019	5296
16020	5296
16021	5297
16022	5298
16023	5299
16024	5300
16025	5301
16026	5302
16027	5303
16028	5304
16029	5305
16030	5306
16031	5307
16032	5308
16033	5309
16034	409
16035	5310
16036	5311
16037	5311
16038	5312
16039	5312
16040	4868
16041	4868
16042	4868
16043	4868
16044	4868
16045	4868
16046	4870
16047	4870
16048	4871
16049	4871
16050	4871
16051	4871
16059	4875
16060	4875
16061	4875
16062	4875
16063	4875
16064	4648
16065	4648
16066	4648
16067	4648
16069	4872
16070	4872
16071	4872
16072	4649
16073	4649
16074	4650
16075	4650
16076	4650
16077	5313
16078	5314
16079	5314
16080	5315
16081	4716
16082	4716
16083	4716
16084	4716
16085	4716
16086	4716
16087	4776
16088	5316
16089	5316
16090	5316
16091	5317
16092	5317
16093	5318
16094	5319
16095	5319
16096	5320
16097	5320
16098	5321
16100	5324
16101	5323
16102	5325
16103	5326
16104	5326
16105	5327
16106	5328
16107	5329
16108	5330
16109	5331
16110	5331
16111	5332
16112	5332
16113	5332
16114	5333
16115	5333
16116	5334
16117	5335
16118	5336
16119	5337
16120	5338
16121	5339
16122	5340
16123	5341
16124	5342
16125	5343
16126	5344
16127	5345
16128	5345
16129	5346
16130	5347
16131	5348
16132	5348
16133	5349
16134	5349
16135	5350
16136	5350
16138	5233
16139	5233
16140	5233
16141	5233
16142	5351
16143	5352
16144	5353
16145	5353
16146	5354
16147	5354
16148	5355
16149	5355
16150	5356
16152	5358
16153	5359
16154	5360
16155	5360
16156	5361
16157	5362
16158	5362
16159	5362
16160	5363
16161	5363
16162	5363
16163	5364
16164	5366
16165	5367
16166	5368
16167	5369
16168	5370
16169	5371
16170	5371
16171	5372
16172	5373
16173	5374
16174	5374
16175	5374
16176	5375
16177	5376
16178	5376
16179	5377
16180	5377
16181	5378
16182	5379
16183	5379
16184	5380
16185	5380
16186	5381
16187	5381
16188	5382
16189	5383
16190	5383
16191	5383
16192	5384
16193	5385
16194	5386
16195	5386
16196	5387
16197	5388
16198	5389
16199	5390
16200	5391
16201	5392
16202	5393
16203	5394
16204	5395
16205	5396
16206	5397
16207	5398
16208	5398
16209	5399
16210	5399
16211	5400
16212	5400
16213	5401
16214	5402
16215	5403
16216	5404
16217	4986
16218	4928
16219	4930
16220	5405
16221	5406
16222	5407
16223	5407
16224	1745
16225	1745
16226	1745
16227	1745
16228	3894
16229	3894
16230	2338
16231	2338
16232	2338
16233	5408
16234	5409
16235	5410
16236	2339
16237	2339
16238	2339
16239	2339
16240	3895
16241	3895
16242	3895
16243	3895
16244	4721
16245	2331
16246	2331
16247	2331
16248	2331
16249	2331
16250	4710
16251	4710
16252	4710
16253	4712
16254	4712
16255	4712
16256	4712
16257	3887
16258	3887
16259	3887
16260	3887
16261	3887
16262	3887
16263	2330
16264	2330
16265	2330
16266	2330
16267	2330
16268	3886
16269	3886
16270	3886
16271	3886
16272	5411
16273	5412
16274	4803
16275	4803
16276	4803
16277	4803
16278	5413
16279	5413
16280	4676
16281	4676
16282	4676
16283	4676
16284	4676
16285	4676
16286	4676
16287	4676
16288	4676
16289	4676
16290	4676
16291	4677
16292	4677
16293	4677
16294	4677
16299	4677
16300	4677
16301	4677
16302	4677
16303	5414
16304	5414
16305	5414
16306	5414
16307	5414
16308	5414
16309	5414
16310	4841
16311	4841
16312	4841
16313	4697
16314	4697
16315	4695
16316	4695
16317	5415
16318	5415
16320	5188
16321	5417
16322	5418
16323	5419
16324	2459
16325	2459
16326	2665
16328	2665
16329	2665
16330	2665
16331	2665
16332	2665
16333	2665
16334	4113
16335	4113
16337	4725
16338	4723
16339	4787
16340	4789
16341	4789
16342	4790
16343	4790
16344	4790
16345	4786
16346	4774
16347	4774
16348	4774
16349	4774
16350	4774
16351	4775
16352	4775
16353	4775
16354	4775
16355	4777
16356	4777
16357	4777
16358	4777
16359	4780
16360	4780
16361	4779
16362	4779
16363	4784
16364	4784
16365	4778
16366	4778
16367	4778
16368	4778
16369	4778
16370	4778
16371	4778
16372	4778
16373	4778
16374	5421
16375	5421
16376	5422
16377	5423
16378	5424
16380	5426
16381	5427
16382	4772
16383	4772
16384	4772
16385	4772
16386	4772
16387	4772
16388	4772
16389	4772
16390	4772
16391	5430
16392	5430
16393	5430
16394	5430
16395	5430
16396	5430
16397	5430
16398	5430
16399	5430
16400	5430
16401	5430
16403	4769
16404	4769
16405	4769
16406	4769
16407	4769
16408	4741
16409	4741
16410	4741
16411	4741
16413	4742
16414	4742
16415	4742
16416	4742
16417	4749
16418	4749
16419	4749
16420	4749
16421	4750
16422	4750
16423	4750
16424	4750
16425	4750
16426	4750
16427	4755
16428	4755
16429	4755
16430	4755
16431	4755
16432	4755
16433	4702
16434	4727
16435	4727
16436	4727
16437	4713
16438	4706
16439	4706
16440	4706
16441	4706
16442	4706
16443	4707
16444	4707
16445	4707
16446	4707
16447	4705
16448	4705
16449	4705
16450	4708
16451	4708
16452	4708
16453	4708
16454	4708
16455	4708
16456	4708
16457	4813
16458	4813
16459	4813
16460	4813
16461	4813
16462	4813
16463	4814
16464	4814
16465	4814
16466	4814
16467	4818
16468	4818
16469	4818
16470	4818
16471	4818
16472	4818
16473	4818
16474	4809
16475	4809
16476	4809
16477	4809
16478	5435
16479	5435
16480	5435
16481	5435
16482	5435
16483	5435
16484	5435
16485	4808
16486	4808
16487	4808
16488	4808
16489	4851
16490	4850
16491	5436
16492	5437
16493	5437
16494	5437
16495	5437
16496	5437
16497	5437
16498	5438
16499	5439
16500	5440
16501	5440
16502	5440
16503	5440
16504	5440
16505	5440
16506	5441
16507	5442
16508	4830
16509	4830
16510	5443
16511	5444
16512	4866
16513	4866
16514	4855
16515	4855
16516	4852
16517	4865
16518	4853
16519	4853
16522	4861
16523	4863
16524	4864
16525	4858
16526	4858
16527	4858
16528	4858
16529	4827
16530	4827
16531	4827
16532	4902
16533	4902
16534	4902
16535	4903
16536	4903
16537	4903
16538	4908
16539	4908
16540	4908
16541	4908
16542	4908
16543	4908
16544	4912
16545	4910
16546	4910
16547	4905
16548	4905
16549	4905
16550	4905
16551	4907
16552	4907
16553	4907
16554	4904
16555	4904
16556	4904
16557	4906
16558	4906
16559	4906
16560	4671
16561	4671
16562	4671
16563	4671
16564	5446
16565	5447
16566	5448
16567	5449
16568	5450
16570	5452
16571	5453
16572	5454
16573	5455
16574	5456
16575	5456
16576	5457
16577	5458
16578	4819
16580	4819
16581	4728
16582	4728
16583	5459
16584	5460
16585	5461
16586	5461
16587	4898
16588	4880
16589	5462
16590	5463
16593	5464
16594	5465
16595	5466
16596	5467
16597	5468
16598	5469
16599	5470
16600	5470
16601	5471
16602	4622
16603	4690
16604	4690
16610	5472
16611	5472
16612	5473
16613	5473
16614	5473
16615	2401
16616	2401
16617	2401
16618	2401
16619	2401
16620	4616
16621	4616
16622	4616
16623	4616
16624	4616
16625	4901
16626	4901
16627	4901
16628	4901
16629	4901
16630	5474
16631	5475
16632	5475
16633	5476
16634	5476
16635	5477
16636	5477
16637	5478
16638	5478
16639	5479
16640	5479
16641	5480
16642	5480
16643	5481
16644	5481
16645	5482
16646	5482
16647	5483
16648	5483
16649	5484
16650	5485
16652	5487
16653	5488
16654	5322
16655	5489
16656	5490
16657	5490
16658	5491
16659	5492
16660	5492
16661	5493
16662	5493
16663	5494
16664	5495
16665	5496
16666	5497
16667	5497
16668	5498
16669	5499
16670	5500
16671	5500
16672	5501
16673	5501
16676	5503
16677	5504
16681	5507
16682	5508
16683	5509
16684	5097
16685	5096
16686	1572
16687	2826
16688	5510
16689	5510
16690	5512
16691	5511
16698	1496
16702	1496
16703	1496
16704	1496
16705	1496
16706	1496
16707	1496
16708	1496
16709	1496
16710	1496
16711	1497
16712	1497
16713	1497
16714	1497
16715	1497
16716	1497
16717	1497
16718	1497
16720	1495
16721	1495
16722	1495
16723	1495
16724	1495
16725	1495
16731	1210
16732	1210
16733	1488
16734	1488
16735	1488
16736	1488
16737	1488
16738	129
16743	1490
16744	132
16745	1214
16746	1492
16747	1492
16748	1492
16749	1492
16750	1492
16751	1492
16752	1492
16753	1492
16754	1492
16755	1492
16756	5513
16757	5514
16758	4681
16759	4681
16760	4681
16761	4789
16762	4749
16763	5424
16764	4718
16765	4906
16766	4906
16767	5515
16768	5515
16769	5516
16770	5517
16771	5517
16772	5518
16773	5518
16774	5519
16775	5520
16776	5521
16777	5522
16778	5522
16779	5523
16780	5524
16783	5527
16784	5528
16785	5528
16786	5529
16787	5530
16788	5531
16789	5531
16790	5532
16791	5532
16792	5533
16793	5533
16794	5534
16795	5535
16796	5535
16797	5536
16798	5537
16799	5538
16800	5538
16801	5539
16802	5540
16803	5541
16804	5542
16805	5542
16806	5543
16807	5544
16808	5544
16809	5545
16810	5546
16811	5546
16812	5547
16813	5547
16814	5548
16815	5548
16816	5549
16817	5550
16818	5551
16819	5552
16820	5553
16821	5554
16822	5555
16823	5555
16824	5556
16825	5557
16826	5558
16827	5559
16828	5560
16829	5561
16830	5562
16831	5563
16832	5563
16833	5564
16834	5565
16841	5569
16842	5570
16843	5571
16844	5572
16845	5573
16846	5574
16847	5575
16848	5576
16849	5577
16850	5578
16851	5579
16852	5580
16853	5581
16854	5582
16855	5583
16856	5584
16857	5585
16858	5586
16859	5587
16860	5588
16861	5588
16862	5589
16863	5590
16864	5591
16865	5592
16867	5594
16868	5595
16869	5596
16870	5597
16871	5597
16872	5598
16873	5599
16874	5600
16875	5601
16876	5602
16877	5603
16878	5604
16880	5606
16881	5607
16882	5608
16883	5608
16884	5609
16885	5610
16886	5610
16887	5610
16888	5611
16890	5613
16891	5613
16892	5614
16893	5614
16894	5615
16895	5616
16896	5617
16897	5618
16898	5619
16899	5619
16900	5620
16901	5621
16902	5622
16903	5623
16904	5624
16905	5625
16906	5626
16907	5627
16908	5628
16909	5628
16910	5628
16911	5629
16912	5629
16913	5629
16914	5630
16915	5631
16916	5631
16917	5631
16918	5631
16919	5632
16920	5633
16921	5634
16922	5634
16923	5635
16924	5636
16925	5637
16926	5638
16927	5639
16928	5640
16929	5640
16930	5641
16931	5642
16932	5643
16933	5644
16934	5645
16935	5646
16936	5647
16937	5648
16938	5649
16939	5650
16940	5651
16941	5651
16942	5652
16943	5653
16944	5654
16945	5655
16946	5656
16947	5656
16948	5656
16949	5657
16950	5658
16951	5658
16952	5659
16953	5660
16954	5661
16955	5662
16956	5663
16957	5663
16958	5664
16959	5665
16960	5664
16961	5664
16962	5666
16963	5666
16964	5667
16967	5668
16968	5668
16969	5669
16970	5669
16971	5669
16972	5670
16973	5671
16974	5672
16976	5673
16977	5673
16978	5674
16979	5674
16980	5675
16981	5675
16982	5676
16983	5677
16984	5678
16985	5679
16986	5679
16987	5680
16988	5681
16989	5682
16990	5683
16991	5684
16992	5685
16993	5686
16994	5687
16995	5688
16996	5689
16997	5689
16998	5688
16999	5687
17000	5690
17001	5691
17002	5692
17003	5693
17004	5694
17005	5695
17006	5696
17007	5697
17008	5698
17009	5699
17010	5700
17011	5701
17012	5702
17013	5703
17014	5704
17015	5703
17016	5705
17017	5706
17018	5707
17019	5708
17020	5709
17021	5710
17022	5711
17023	5712
17024	5712
17025	5713
17026	5713
17027	5714
17028	5715
17029	5716
17030	5717
17031	5718
17032	5719
17033	5720
17034	5721
17035	5722
17036	5723
17037	5724
17038	5725
17041	5725
17042	5725
17043	5726
17044	5727
17045	5727
17046	5727
17047	5727
17048	5727
17049	5727
17050	5728
17051	5728
17052	5728
17053	5729
17054	5730
17055	5730
17056	5730
17057	5730
17058	5730
17059	5731
17060	5731
17061	5731
17062	5731
17063	5731
17064	5731
17065	5731
17066	5732
17067	5732
17068	5732
17069	5732
17070	5733
17071	5733
17072	5734
17073	5734
17074	5735
17075	5736
17076	5736
17077	5737
17078	5737
17079	5722
17080	5722
17084	5723
17085	5723
17086	5723
17087	5723
17088	5723
17089	5716
17090	5716
17091	5716
17092	5716
17093	5716
17097	5720
17098	5720
17099	5738
17100	5739
17101	5740
17102	5741
17103	5741
17104	5742
17105	5742
17106	5743
17107	5674
17108	5674
17109	5674
17110	5674
17111	5674
17112	5674
17113	5674
17114	5674
17115	5675
17116	5675
17117	5744
17118	5745
17119	5745
17120	5745
17121	5664
17122	5664
17123	5664
17124	5664
17125	5664
17126	5669
17127	5746
17128	5746
17129	5746
17130	5746
17131	5746
17132	5746
17133	5671
17134	5671
17135	5671
17136	5671
17137	5671
17138	5673
17139	5673
17140	5673
17141	5673
17142	5673
17143	5666
17144	5666
17145	5747
17146	5748
17147	5749
17148	5750
17149	5751
17150	5752
17151	5753
17152	5753
17153	5753
17154	5754
17155	5754
17156	5754
17157	5754
17158	5755
17159	5756
17160	5757
17161	5757
17162	5757
17163	5758
17164	5759
17165	5760
17166	5759
17167	5759
17168	5759
17169	5761
17170	5762
17171	5763
17172	5763
17173	5763
17174	5764
17175	5763
17176	5763
17177	5763
17178	5765
17179	5763
17180	5766
17181	5767
17182	5768
17183	5768
17184	5768
17185	5769
17186	5769
17188	5769
17189	5769
17190	5769
17191	5770
17192	5770
17193	5771
17194	5773
17195	5773
17196	5772
17197	5772
17198	5772
17199	5772
17200	5772
17201	5772
17202	5774
17203	5775
17204	5775
17206	5775
17207	5776
17215	5777
17216	5778
17217	5778
17218	5778
17219	5779
17220	5779
17222	5569
17223	5569
17224	5569
17225	5569
17226	5780
17227	5570
17228	5570
17229	5570
17230	5570
17232	5781
17233	5782
17234	5783
17235	5784
17236	5785
17237	5529
17238	5529
17239	5529
17240	5529
17241	5529
17242	5529
17243	5529
17244	5529
17245	5529
17246	5530
17247	5530
17248	5530
17249	5530
17250	5530
17251	5530
17252	5530
17253	5530
17254	5530
17255	5574
17256	5574
17257	5574
17258	5574
17259	5575
17260	5575
17261	5575
17262	5575
17263	5786
17264	5571
17265	5571
17266	5573
17267	5573
17268	5787
17269	5788
17270	5789
17271	5790
17272	5791
17273	5791
17278	5560
17279	5560
17280	5560
17281	5560
17282	5562
17283	5562
17284	5562
17285	5562
17286	5562
17287	5562
17288	5561
17289	5561
17290	5561
17291	5561
17292	5561
17293	5561
17294	5792
17295	5792
17296	5792
17297	5792
17298	5792
17299	5792
17300	5792
17301	5792
17302	5792
17303	5792
17304	5793
17305	5793
17306	5793
17307	5793
17308	5793
17309	5794
17310	5794
17311	5794
17312	5794
17313	5795
17314	5795
17315	5795
17316	5795
17317	5796
17318	5796
17319	5796
17320	5796
17321	5796
17322	5796
17323	5796
17324	5796
17325	5796
17326	5796
17327	5796
17328	5797
17330	5799
17332	5801
17333	5802
17334	5802
17335	5539
17336	5539
17337	5539
17338	5539
17339	5539
17340	5803
17341	5804
17342	5540
17343	5540
17344	5541
17345	5541
17346	5541
17347	5549
17348	5549
17349	5549
17350	5805
17351	5543
17352	5806
17353	5806
17354	5806
17355	5806
17356	5806
17357	5806
17358	5806
17359	5806
17360	5806
17361	5806
17362	5807
17363	5807
17364	5808
17365	5808
17366	5808
17367	5808
17368	5808
17369	5808
17370	5808
17371	5809
17372	5810
17373	5811
17374	5639
17375	5639
17376	5609
17377	5609
17378	5585
17379	5585
17380	5586
17381	5586
17382	5589
17383	5589
17384	5589
17385	5645
17386	5635
17387	5635
17388	5635
17389	5636
17390	5636
17391	5636
17392	5643
17393	5643
17394	5640
17395	5640
17396	5588
17397	5588
17398	5588
17399	5588
17400	5588
17401	5588
17402	5590
17403	5590
17404	5590
17405	5590
17406	5590
17407	5590
17408	5812
17409	5600
17410	5600
17411	5813
17412	5637
17413	5637
17414	5637
17415	5814
17416	5815
17417	5815
17418	5815
17419	5815
17420	5815
17421	5815
17422	5642
17423	5642
17424	5642
17425	5638
17426	5638
17427	5638
17428	5816
17429	5817
17430	5817
17431	5817
17432	5817
17433	5818
17434	5818
17435	5818
17437	5819
17438	5819
17439	5819
17440	5819
17441	5819
17442	4853
17443	5611
17444	5820
17445	5820
17446	5820
17447	5820
17448	5820
17449	5597
17450	5597
17451	5597
17452	5821
17453	5646
17454	5646
17455	5646
17456	5621
17457	5621
17458	5619
17459	5614
17460	5614
17461	5614
17462	5614
17463	5618
17464	5616
17465	882
17466	5620
17467	882
17468	882
17469	882
17470	5610
17471	5613
17472	5613
17473	591
17474	591
17475	591
17476	591
17477	1145
17478	1145
17479	1145
17480	1145
17481	1608
17482	1608
17483	1608
17484	1608
17485	4742
17486	4742
17487	5560
17488	5560
17489	5560
17490	5560
17491	5560
17493	5565
17494	5565
17495	5565
17496	5565
17497	5565
17498	5565
17499	5565
17501	5558
17502	4749
17503	4749
17504	5823
17505	5519
17506	5519
17507	5519
17508	5519
17509	5590
17510	5565
17511	5565
17512	5553
17513	5553
17514	2824
17515	2824
17516	2824
17517	2824
17518	2824
17519	2824
17520	2824
17521	5824
17522	5824
17523	5824
17524	5824
17525	5825
17526	5825
17527	5826
17528	5826
17529	5826
17530	5827
17531	5828
17532	5829
17533	5829
17536	5830
17537	5830
17538	5830
17539	5827
17540	5831
17541	5831
17542	5832
17543	5832
17544	5832
17545	5832
17546	5833
17547	5834
17548	5834
17549	5835
17550	5835
17551	5835
17552	5836
17553	5837
17554	5838
17555	5839
17556	5840
17557	5841
17558	5842
17559	5843
17560	5844
17561	5845
17562	5845
17563	5846
17564	5848
17565	5848
17566	5849
17567	5850
17568	5851
17569	5851
17570	5852
17571	5852
17572	5853
17573	5853
17574	5854
17575	5855
17576	5855
17577	5855
17578	5855
17579	5855
17580	5855
17581	5855
17582	5628
17583	5628
17584	5628
17585	5628
17586	5632
17587	5631
17588	5631
17589	5631
17590	5631
17591	5631
17592	5625
17593	5625
17594	5625
17595	5624
17596	5624
17597	5624
17598	5624
17599	5634
17600	5634
17601	5856
17602	5856
17603	5626
17604	5626
17605	5626
17606	5856
17607	5857
17608	5857
17609	5857
17610	5858
17611	5857
17612	5859
17613	5859
17614	5859
17616	5859
17617	5859
17618	5860
17619	5860
17620	5859
17621	5861
17622	5861
17623	5861
17624	5861
17625	5861
17626	5861
17627	5861
17628	5861
17629	5862
17630	5862
17631	5862
17632	5862
17633	5863
17634	5863
17635	5864
17636	5804
17637	5804
17638	5804
17639	5865
17640	5866
17641	5867
17642	5868
17643	5869
17644	5870
17645	5870
17646	5870
17647	5871
17648	5872
17649	5873
17650	5874
17651	5874
17652	5875
17653	5876
17654	5877
17655	5878
17656	5879
17657	5880
17660	5882
17661	5883
17662	5885
17663	5885
17664	5884
17665	5886
17666	5886
17667	5886
17668	5886
17669	5887
17670	5888
17671	5889
17672	5891
17673	5892
17674	5890
17675	5895
17676	5893
17677	5894
17678	5899
17680	5900
17681	5897
17682	5898
17683	5901
17684	5902
17685	5903
17686	5904
17687	5905
17688	5906
17689	5907
17690	5907
17691	5907
17692	5907
17693	5908
17694	5909
17695	5910
17696	5911
17697	5912
17698	5913
17699	5914
17700	5915
17701	5916
17702	5918
17703	5917
17704	5919
17705	5920
17706	5922
17707	5921
17708	5923
17709	5924
17710	5925
17711	5927
17712	5928
17713	5929
17714	5926
17715	5931
17716	5930
17717	5932
17718	5933
17719	5934
17720	5935
17721	5936
17722	5937
17723	5938
17724	5939
17725	5940
17726	5941
17727	5942
17728	5943
17729	5944
17730	5945
17731	5946
17732	5947
17733	5948
17734	5949
17735	5951
17736	5952
17737	5950
17738	5953
17739	5954
17740	5955
17741	5956
17742	5957
17743	5958
17744	5959
17745	5960
17746	5961
17747	5962
17748	5963
17749	5964
17750	5965
17751	5966
17752	5967
17753	5967
17754	5968
17755	5969
17756	5970
17758	5972
17759	5973
17760	5974
17761	5975
17762	5976
17763	5977
17764	5978
17765	5979
17766	5980
17767	5981
17768	5982
17769	5983
17770	5985
17771	5984
17772	5986
17773	5987
17774	5988
17775	5989
17776	5990
17777	5991
17778	5991
17779	5992
17780	5992
17781	5993
17782	5994
17783	5995
17784	5996
17785	5997
17786	5998
17787	5999
17788	6000
17789	6001
17790	6002
17791	6003
17792	6004
17793	6005
17794	6006
17795	6007
17796	6008
17797	6009
17798	6010
17799	6011
17800	6012
17801	6013
17802	6014
17803	6015
17804	6016
17805	6017
17806	6018
17807	6019
17808	6020
17809	6021
17810	6022
17811	6023
17812	6024
17813	6025
17814	6026
17815	6027
17816	6028
17817	6029
17818	6030
17819	6030
17820	6030
17821	6030
17822	6030
17823	6030
17824	6030
17825	6031
17826	6032
17827	6033
17828	6034
17829	6035
17830	6030
17831	6030
17832	6030
17833	6030
17834	6036
17835	6037
17836	6038
17837	6037
17838	6037
17839	6037
17840	6040
17841	6040
17842	6040
17843	6040
17844	6039
17845	6041
17846	6042
17847	6043
17848	6044
17849	6045
17850	6045
17851	6046
17852	6047
17853	6047
17854	6048
17855	6049
17856	6050
17857	6051
17858	6052
17859	6053
17860	6054
17861	6055
17862	6056
17863	6057
17864	6058
17865	6059
17866	6060
17867	6061
17868	6062
17869	6063
17870	6064
17871	6065
17872	6066
17873	6067
17874	6068
17875	6069
17876	6070
17877	6070
17878	6070
17879	6071
17880	6072
17881	6073
17882	6074
17883	6075
17884	6076
17885	6077
17886	6079
17887	6080
17888	6081
17889	6078
17890	6082
17891	6083
17892	6084
17893	6085
17894	6086
17895	6087
17896	6088
17897	6088
17898	6089
17899	6090
17900	6091
17901	6092
17902	6093
17903	6093
17904	6094
17905	6095
17906	6095
17907	6096
17908	6097
17909	6098
17910	6099
17911	6101
17912	6101
17913	6100
17914	6102
17915	6103
17916	6104
17917	6105
17918	6106
17919	6107
17920	6107
17921	6107
17922	6107
17923	6108
17924	6109
17925	6110
17926	6111
17927	6112
17928	6113
17929	6114
17930	6115
17931	6116
17932	6117
17933	6118
17934	6119
17935	6120
17936	6121
17937	6122
17938	6123
17939	6124
17940	2181
17941	2181
17942	2181
17943	2181
17944	6125
17945	6126
17946	6127
17947	6128
17948	6129
17949	6130
17950	6131
17951	6132
17952	6133
17953	6134
17954	6135
17955	6136
17956	6137
17957	6138
17958	6139
17959	6139
17960	6140
17961	6141
17962	6143
17963	6144
17964	6145
17965	6146
17966	6147
17967	6148
17968	6149
17969	6150
17970	6151
17971	6152
17972	6153
17973	6155
17974	6154
17975	6156
17976	6157
17977	6158
17978	6160
17979	6159
17980	6161
17981	6162
17982	6163
17983	6164
17984	6165
17985	6166
17986	6167
17987	6168
17988	6169
17989	6170
17990	6171
17991	6172
17992	6173
17993	6174
17994	6175
17995	6176
17996	6177
17997	6178
17998	6179
17999	6180
18000	6181
18001	6182
18002	6183
18003	6184
18004	6185
18005	6186
18006	6187
18007	6188
18008	6189
18009	6190
18010	6191
18011	6192
18012	6194
18013	6193
18014	6195
18015	6196
18016	6197
18017	6198
18018	6199
18019	6200
18020	6201
18021	6202
18022	6201
18023	6201
18024	6201
18025	6201
18026	6201
18027	6203
18028	6204
18029	6205
18030	6206
18031	6207
18032	6208
18033	6209
18034	6210
18035	6210
18036	6210
18037	6210
18038	6211
18039	6212
18040	6213
18041	6214
18042	6215
18043	6216
18044	6217
18045	6217
18046	6218
18047	6219
18048	6220
18049	6221
18050	6222
18051	6223
18052	6225
18053	6224
18054	6226
18055	6228
18056	6227
18057	6229
18058	6230
18059	6231
18060	6233
18061	6232
18062	6234
18063	6234
18064	6235
18065	6236
18066	6236
18067	6236
18068	6237
18069	6237
18070	6237
18071	6238
18072	6238
18073	6238
18074	6239
18075	6239
18076	6240
18077	6241
18078	6242
18079	6242
18080	6243
18081	6244
18082	6245
18083	6246
18084	6247
18085	6248
18086	6249
18087	6250
18088	6251
18089	6252
18090	6253
18091	6253
18092	6256
18093	6256
18094	6256
18095	6256
18096	6256
18097	6256
18098	6256
18099	6256
18100	6257
18101	6258
18102	6259
18103	6260
18104	6261
18105	6262
18106	6263
18107	6264
18108	6265
18109	6266
18110	6267
18111	6268
18112	6269
18113	6270
18114	6271
18115	6272
18116	6273
18117	6274
18118	6275
18119	6276
18120	6277
18121	6278
18122	6279
18123	6280
18124	6281
18125	6282
18126	6283
18127	6284
18128	6285
18129	6286
18130	6287
18131	6288
18132	6289
18133	6290
18134	6291
18135	6292
18136	6293
18138	6295
18139	6296
18140	6297
18141	6298
18142	6299
18143	6300
18144	6301
18145	6300
18146	6302
18147	6303
18148	6304
18149	6306
18150	6307
18151	6308
18152	6309
18153	6310
18154	6305
18155	6311
18156	6312
18157	6313
18158	6314
18159	6314
18160	6315
18161	6316
18162	6317
18163	6318
18164	6319
18165	6320
18166	6321
18167	6322
18168	6323
18169	6324
18170	6325
18171	6325
18172	6326
18173	6327
18174	6326
18175	6326
18176	6326
18177	6328
18178	6327
18179	6329
18180	6327
18181	6327
18182	6327
18183	6330
18184	6328
18185	6331
18186	6328
18187	6332
18188	6328
18189	6333
18190	6334
18191	6335
18192	6335
18193	6337
18194	6337
18195	6337
18196	6337
18197	6336
18198	6338
18199	6339
18200	6340
18201	6341
18203	6342
18204	6343
18205	6337
18206	6337
18207	6337
18208	6337
18209	6337
18210	6344
18211	6345
18212	6346
18213	6347
18214	6348
18215	6349
18216	6350
18217	6351
18218	6352
18219	6353
18220	6354
18221	6355
18222	6356
18223	6357
18225	6358
18226	6359
18227	6360
18228	6361
18229	6362
18230	6363
18231	6364
18232	6365
18233	6366
18234	6367
18235	6368
18236	6369
18237	6370
18238	6371
18239	6372
18240	6373
18241	6374
18242	6375
18243	6376
18244	6377
18245	6378
18246	6379
18247	6380
18248	6381
18249	6382
18250	6383
18251	6384
18253	6385
18254	6386
18255	4668
18256	5604
18257	6387
18258	6388
18259	6389
18260	6390
18261	6391
18262	6392
18263	494
18264	494
18265	2247
18266	2196
18267	1409
18268	6393
18273	6393
18274	6393
18275	6393
18276	6393
18277	6394
18282	6394
18283	6394
18284	6394
18285	6394
18286	6395
18287	6396
18288	6397
18289	6398
18290	6399
18291	6400
18292	6401
18293	6402
18294	6403
18295	6404
18296	6404
18297	6405
18298	6405
18299	6406
18300	6406
18301	6407
18302	6408
18303	6409
18304	6410
18305	6411
18306	6412
18307	6413
18308	6414
18309	6417
18310	6416
18311	6415
18312	6418
18313	6419
18314	6420
18315	6421
18316	6422
18317	6423
18318	6424
18319	6425
18320	6426
18321	6427
18322	6428
18323	6428
18324	6429
18325	6429
18326	6430
18327	6431
18328	6432
18329	6433
18330	6434
18331	6435
18332	6436
18333	6437
18334	6453
18335	6452
18336	6451
18337	6450
18338	6449
18339	6448
18340	6447
18341	6446
18342	6443
18344	6444
18345	6443
18346	6440
18347	6442
18348	6440
18350	6441
18351	6439
18352	6438
18353	6452
18354	6452
18355	6451
18356	6451
18357	6454
18358	6455
18359	6456
18360	6457
18361	6458
18362	6459
18363	6460
18364	6461
18365	6462
18366	6463
18367	6464
18368	6465
18369	6466
18370	6467
18371	6468
18372	6469
18373	6470
18374	6471
18375	6472
18376	6473
18377	6474
18378	6475
18379	6476
18380	6477
18381	6478
18382	6479
18383	6480
18384	6481
18385	6482
18386	6483
18387	6484
18388	6484
18389	6485
18390	6486
18391	6486
18392	6487
18393	6488
18394	6489
18395	6490
18396	6491
18397	6491
18398	6492
18399	6493
18400	6493
18401	6494
18402	6494
18403	6494
18404	6495
18405	6496
18406	6497
18407	6498
18408	6499
18410	6501
18411	6502
18413	6504
18414	6505
18415	6506
18416	6507
18417	6508
18418	6508
18419	6509
18420	6510
18421	6511
18422	6511
18423	6512
18424	6513
18425	6514
18426	6515
18427	6516
18428	6517
18429	6518
18430	6519
18431	6520
18432	6521
18433	6522
18434	6522
18435	6523
18436	6524
18437	6525
18438	6526
18439	6527
18440	6528
18441	6529
18442	6530
18443	6531
18444	6532
18445	6533
18446	6533
18447	6534
18448	6535
18449	6536
18450	6537
18451	6538
18452	6539
18453	6540
18454	6541
18455	6542
18456	6543
18457	6544
18458	6545
18459	6546
18460	6547
18461	6548
18462	6549
18463	6550
18464	6551
18465	6552
18466	6553
18467	6554
18468	6555
18469	6556
18470	6557
18471	6558
18472	6559
18473	6560
18474	6561
18475	6562
18476	6563
18477	6564
18478	6565
18479	6566
18480	6567
18481	6568
18482	6569
18483	6570
18484	6571
18485	6572
18486	6573
18487	6574
18488	6575
18489	6576
18490	6577
18491	6578
18492	6579
18493	6580
18494	6581
18495	6582
18496	6583
18497	6584
18498	6585
18499	6586
18500	6587
18501	6588
18502	6588
18503	6589
18504	6590
18505	6591
18506	6591
18507	6592
18508	6592
18509	6593
18510	6594
18511	6595
18512	6596
18513	6597
18514	6597
18515	6598
18516	6599
18518	6601
18519	6602
18520	6603
18521	6604
18522	6605
18523	6606
18524	6607
18525	6608
18526	6609
18527	6610
18528	6611
18529	6612
18530	6613
18531	6614
18532	6615
18533	6616
18534	6617
18535	6618
18536	6619
18537	6620
18538	6621
18539	6622
18540	6623
18541	6624
18542	6625
18543	6626
18544	6627
18545	6628
18546	6628
18547	6629
18548	6630
18549	6631
18550	6632
18551	6633
18552	6634
18553	6635
18554	6636
18555	6637
18556	6638
18558	6638
18559	6639
18563	6640
18567	6641
18575	6642
18583	6643
18591	6644
18599	6645
18607	6646
18608	6647
18609	6648
18610	6649
18611	6650
18612	6651
18613	6652
18614	6653
18615	6654
18616	6655
18617	6656
18618	6657
18619	6658
18620	6659
18621	6660
18622	6661
18623	6662
18624	6662
18625	6663
18626	6664
18627	6665
18628	6666
18629	6667
18630	6668
18631	6669
18632	6670
18633	6671
18634	6672
18635	6673
18636	6674
18637	6675
18638	6676
18639	6677
18640	6678
18641	6679
18642	6680
18643	6681
18644	6682
18645	6683
18646	6684
18647	6685
18648	6686
18649	6687
18650	6687
18651	6688
18652	6689
18653	6690
18654	6691
18655	6692
18656	6693
18658	4312
18659	6694
18660	6694
18661	5799
18662	4632
18663	5423
18664	4638
18665	5427
18666	6501
18667	5801
18668	5426
18669	4636
18670	6695
18671	6696
18672	6697
18673	6698
18675	6699
18676	6700
18677	6701
18678	6702
18679	6703
18680	6704
18681	6705
18682	6706
18683	6706
18685	6708
18686	2034
18687	2034
18688	742
18689	6293
18690	6709
18691	6710
18692	6710
18693	6711
18694	6712
18695	6713
18696	6714
18697	6715
18698	5003
18699	6716
18700	6717
18701	6718
18702	6719
18703	6720
18704	6722
18705	6721
18706	6724
18707	6723
18708	6725
18709	6726
18710	6727
18711	6727
18712	6728
18713	6728
18714	6729
18715	6730
18716	6730
18717	6731
18718	6732
18719	6733
18720	6734
18721	6735
18722	6736
18723	6737
18724	6738
18725	6739
18726	6740
18727	6741
18728	6742
18729	6742
18730	6743
18733	6674
18734	6674
18735	6674
18736	6681
18737	6744
18738	6745
18739	6746
18740	6747
18741	6748
18742	6675
18743	6675
18744	6676
18745	6676
18746	6673
18747	6673
18748	6673
18749	6673
18750	6672
18751	6672
18752	6672
18753	6672
18754	6672
18755	6670
18756	6670
18757	6670
18759	6671
18760	6671
18761	6671
18762	6661
18763	6661
18764	6661
18765	6661
18766	6661
18767	6660
18768	6660
18769	6662
18770	6662
18771	6397
18772	6691
18773	6691
18774	6691
18775	6691
18776	6691
18777	6659
18778	6659
18779	6745
18780	6749
18781	6749
18782	6749
18783	6426
18784	6688
18785	6688
18786	6688
18787	6688
18788	6652
18789	6652
18790	6652
18791	6652
18792	6652
18793	6652
18794	6652
18795	6652
18796	6650
18797	6650
18798	6649
18799	6649
18800	6649
18801	6649
18802	6649
18803	6647
18804	6629
18805	6629
18806	6629
18807	6629
18808	6632
18809	6632
18810	6632
18811	6632
18812	6550
18813	6551
18814	6551
18818	6626
18819	6626
18820	6626
18821	6626
18822	6628
18823	6628
18824	6628
18825	6628
18826	6628
18827	6628
18828	6628
18830	6628
18831	6628
18832	6628
18833	6628
18834	6628
18835	6628
18836	6628
18837	6750
18838	6751
18839	6752
18840	6753
18841	6754
18842	6755
18843	6756
18844	6757
18845	6758
18846	6759
18847	6760
18848	6761
18849	6762
18850	6763
18851	6764
18852	6765
18853	6766
18854	6767
18855	6768
18856	6769
18857	6770
18858	6771
18859	6772
18860	6773
18861	6774
18862	6775
18863	6776
18864	6777
18865	6778
18866	6779
18867	6780
18868	6781
18869	6782
18870	6782
18871	6783
18872	6783
18873	6784
18874	6785
18875	6785
18876	6786
18877	6787
18878	6788
18879	6789
18880	6789
18881	6790
18882	6790
18883	6791
18884	6791
18885	6792
18886	6792
18887	6793
18888	6794
18889	6795
18890	6796
18891	6797
18892	6798
18893	6799
18894	6800
18895	6801
18896	6802
18897	6803
18898	6804
18899	6805
18900	6806
18901	6807
18902	6627
18903	6627
18904	6627
18905	6627
18906	6627
18907	6627
18908	6627
18909	6624
18910	6624
18911	6624
18912	6624
18913	6624
18914	6625
18915	6625
18916	6625
18917	6625
18918	6625
18919	6625
18920	6808
18921	6809
18922	6810
18923	6810
18924	6811
18925	6812
18926	6813
18927	6814
18928	6815
18929	6816
18930	6817
18931	6818
18932	6819
18933	6820
18934	6821
18935	6822
18936	6823
18937	6824
18938	6824
18940	6613
18941	6617
18942	6616
18943	6616
18944	6482
18945	6482
18946	6621
18947	6621
18948	6621
18949	6621
18950	6621
18951	6621
18952	6479
18953	6619
18954	6619
18955	6826
18956	6826
18957	6826
18958	6826
18959	6619
18960	6619
18961	6619
18962	6480
18963	6480
18964	6693
18965	6693
18966	6693
18967	6612
18968	6612
18969	6612
18970	6612
18971	6611
18972	6611
18973	6610
18974	6610
18975	6610
18976	6610
18977	6610
18978	6610
18979	6610
18980	6609
18981	6609
18982	6608
18983	6607
18984	6607
18987	6729
18988	6729
18989	6486
18990	6486
18991	6486
18992	6486
18993	6486
18994	6486
18995	6727
18996	6486
18997	6486
18998	6486
18999	6727
19000	6475
19001	6475
19002	6475
19003	6475
19004	6475
19005	6475
19006	6588
19007	6588
19008	6588
19009	6588
19010	6588
19011	6588
19012	6588
19013	6587
19014	6587
19015	6587
19016	6743
19017	6586
19018	6586
19019	6586
19020	6586
19021	6586
19022	6586
19023	6586
19024	6685
19025	6685
19026	6685
19027	6685
19028	6685
19029	6685
19030	6483
19031	6483
19032	6483
19033	6483
19034	6483
19035	6741
19036	6741
19038	6741
19039	6741
19040	6713
19041	6502
19042	6713
19043	6589
19044	6589
19045	6589
19046	6590
19047	6590
19048	6590
19049	6590
19050	6827
19051	6592
19052	6592
19053	6593
19054	6593
19055	6593
19056	6594
19057	6594
19058	6595
19059	6596
19060	6596
19061	6596
19062	6596
19063	6596
19066	6703
19067	6703
19069	6703
19070	6597
19071	6598
19072	6598
19073	6512
19074	6599
19075	6599
19076	6601
19077	6601
19078	6524
19079	6601
19080	6524
19081	6601
19082	6524
19083	6602
19084	6602
19085	6602
19086	6602
19087	6603
19088	6603
19089	6603
19090	6604
19091	6605
19092	6494
19093	6494
19101	6523
19102	6523
19103	6523
19104	6523
19105	6522
19106	6522
19107	6529
19108	6529
19109	6496
19110	6496
19111	6496
19113	6497
19114	6497
19115	6497
19116	6497
19117	6497
19118	6497
19119	6497
19120	6527
19121	6527
19122	6527
19123	6527
19124	6496
19125	6496
19126	6496
19127	6530
19128	6530
19129	6530
19130	6530
19131	6526
19132	6526
19133	6526
19134	6526
19135	6495
19136	6495
19137	6495
19138	6495
19139	6495
19140	6495
19141	6496
19142	6496
19143	6537
19144	6537
19145	6535
19146	6535
19147	6535
19148	6535
19149	6535
19150	6535
19151	6532
19152	6532
19153	6536
19154	6536
19155	6709
19156	6709
19157	6709
19158	6709
19159	6709
19160	6829
19161	6828
19162	6533
19163	6533
19164	6533
19165	6571
19166	6571
19167	6571
19168	6571
19169	6571
19170	6571
19171	6571
19172	6571
19173	6744
19174	6744
19175	6744
19176	6568
19177	6568
19178	6568
19179	6568
19180	6568
19181	6568
19182	6568
19183	6568
19184	6570
19185	6570
19186	6570
19187	6570
19188	6545
19189	6543
19190	6547
19191	6547
19192	6553
19193	6559
19194	6566
19195	6566
19196	6566
19197	6566
19198	6566
19199	6566
19200	6561
19201	6561
19202	6564
19203	6564
19204	6564
19205	6830
19206	6831
19207	6832
19208	6833
19209	6833
19210	6834
19211	6834
19212	6834
19213	6835
19214	6835
19215	6836
19216	6836
19217	6837
19218	6838
19219	6838
19220	6839
19221	6839
19222	6840
19223	6841
19224	6842
19225	6843
19226	6844
19227	6845
19228	6846
19229	6847
19230	6848
19231	6849
19232	6850
19233	6851
19234	6852
19235	6853
19236	6854
19237	6855
19238	6856
19239	6857
19240	6858
19241	6859
19242	6860
19243	6860
19244	6861
19246	6862
19247	6740
19248	6740
19249	6863
19250	6864
19251	6865
19252	6866
19253	6867
19254	6868
19255	6869
19256	6870
19257	6871
19258	6872
19259	6873
19260	6874
19261	6875
19262	6876
19263	6877
19264	6878
19265	6879
19266	6879
19267	6880
19268	6880
19269	6881
19270	6882
19271	6882
19272	6883
19273	6883
19274	6884
19275	6885
19276	6886
19277	6887
19278	6888
19279	6889
19280	6890
19281	6891
19282	6892
19283	6893
19284	6894
19285	6895
19286	6896
19289	6897
19290	6898
19291	6899
19292	6900
19293	6901
19294	6902
19295	6903
19299	6905
19300	6906
19301	6907
19302	6908
19303	6909
19304	6910
19305	6911
19306	6912
19307	6913
19308	6914
19309	6915
19310	6916
19311	6915
19312	6916
19313	6917
19314	6918
19315	6919
19316	6920
19317	6921
19318	6922
19319	6923
19320	6923
19322	6924
19323	6925
19324	6926
19325	6927
19326	6928
19327	6929
19328	6930
19329	6931
19330	6932
19331	6933
19332	6934
19333	6935
19334	6936
19335	6937
19336	6938
19337	6939
19338	6940
19339	6941
19340	6942
19341	6943
19342	6944
19343	6945
19344	6946
19345	6947
19346	6948
19347	6949
19348	6950
19349	6951
19350	6952
19351	6953
19352	6917
19353	6954
19354	6954
19355	6955
19356	6956
19358	6637
19359	5633
19360	6673
19361	6673
19362	6673
19363	6717
19364	6717
19365	6691
19366	6661
19367	6661
19368	6661
19369	6661
19370	6631
19371	6631
19372	6630
19373	6630
19374	6610
19375	6610
19377	6609
19378	6597
19379	6597
19380	6597
19381	6597
19382	6597
19383	6597
19384	6597
19385	6597
19386	6597
19387	6713
19388	6685
19389	6727
19390	5863
19391	5861
19392	5851
19393	5851
19394	5808
19395	5808
19396	5808
19397	5807
19398	5806
19400	5795
19401	5793
19402	6705
19403	6705
19404	6705
19405	6397
19406	6397
19407	6397
19408	6397
19409	6397
19410	6397
19411	6397
19412	6957
19413	6958
19414	5532
19415	5532
19416	5531
19417	5531
19418	6959
19419	6959
19420	6960
19421	6960
19422	6961
19423	6962
19425	6963
19426	6964
19427	6965
19428	6966
19429	6967
19430	6968
19431	6396
19432	6396
19433	6396
19434	6396
19435	6396
19436	6395
19437	6395
19438	6395
19439	6395
19440	6395
19441	5739
19442	5739
19443	5739
19444	5739
19445	5739
19446	5739
19447	5739
19448	5738
19449	5738
19450	5738
19451	5738
19452	5738
19453	5602
19454	5602
19455	5602
19456	5601
19457	5601
19458	5601
19459	5601
19460	5601
19461	5601
19462	5514
19463	5514
19464	4924
19465	4924
19466	4924
19467	4924
19468	4924
19469	4924
19470	4923
19471	4923
19472	4923
19473	4923
19474	4923
19475	4838
19476	4838
19477	4838
19478	4838
19479	4838
19480	4838
19481	4838
19482	4835
19483	4835
19484	4835
19485	4835
19486	5667
19487	5667
19488	4768
19489	4768
19490	4763
19491	4763
19492	4685
19493	4685
19494	5413
19495	4678
19496	4819
19497	4819
19498	4819
19499	6969
19500	6970
19501	6971
19502	6972
19503	4862
19504	4862
19505	4663
19506	4898
19507	4898
19508	4901
19509	4155
19510	4155
19511	4155
19512	4153
19513	4154
19514	4152
19515	4152
19516	2172
19517	2168
19518	2168
19519	1897
19520	1897
19521	1897
19522	1897
19523	1896
19524	1896
19525	1896
19526	1895
19527	1487
19528	1487
19529	1487
19530	2483
19531	2483
19532	2483
19533	2483
19534	2483
19535	2483
19536	2483
19537	2484
19538	2484
19539	2485
19540	2485
19541	2485
19542	2485
19543	2485
19544	1128
19545	1126
19546	513
19547	513
19548	518
19549	518
19550	4606
19551	4606
19552	1007
19553	1007
19554	1007
19555	1007
19556	1005
19557	1005
19558	1005
19559	1005
19560	1005
19561	1005
19562	1005
19563	1005
19564	1005
19565	1760
19566	1760
19567	3842
19568	3842
19570	6973
19571	1894
19572	2166
19573	2166
19574	2167
19575	4679
19576	4680
19577	5534
19578	5534
19579	5534
19580	5740
19581	5740
19582	3712
19583	6401
19584	6401
19585	6399
19586	3712
19587	3706
19588	3706
19589	3872
19590	3872
19591	1044
19592	1044
19593	1044
19594	1043
19595	1043
19596	1042
19597	1042
19598	1042
19599	6974
19600	6975
19601	82
19602	82
19603	85
19604	85
19605	1310
19606	1310
19607	1928
19608	1928
19609	1928
19610	2173
19611	4015
19612	4015
19613	4015
19614	4013
19615	4013
19616	4013
19617	4013
19618	4723
19619	4723
19620	4725
19621	4725
19622	4726
19623	4726
19624	5712
19625	5712
19626	6424
19627	6424
19628	6424
19629	6976
19630	2186
19631	2186
19632	6977
19633	6978
19634	6462
19635	6462
19636	6462
19637	6460
19638	6460
19639	6460
19640	5580
19641	5580
19642	5580
19643	5579
19644	5579
19645	5579
19646	5581
19647	5581
19648	5581
19649	5582
19650	5582
19651	4790
19652	4787
19653	4787
19654	4786
19655	4786
19656	2343
19657	2343
19658	4132
19659	4132
19660	4133
19661	2203
19662	2202
19663	2202
19664	2201
19665	2201
19666	2200
19667	2200
19668	1575
19669	1575
19670	1574
19671	1574
19672	1570
19673	1570
19674	2355
19675	250
19676	250
19677	248
19678	248
19679	922
19680	922
19681	924
19682	924
19683	1914
19684	1914
19685	1911
19686	1911
19687	1910
19688	1910
19689	1906
19690	1906
19691	1906
19692	6463
19693	6463
19694	6463
19695	6466
19696	6466
19697	6466
19698	6466
19699	6466
19700	6466
19701	6466
19702	6466
19703	6470
19704	6470
19705	6470
19706	6472
19707	6472
19708	6472
19709	6472
19710	6979
19711	6473
19712	6473
19713	6473
19714	6473
19715	6473
19716	5569
19717	5569
19718	5569
19719	5571
19720	5571
19721	5571
19722	5571
19723	5571
19724	5572
19725	5572
19726	5573
19727	5573
19728	5573
19729	5573
19730	5573
19731	5575
19732	5575
19733	4774
19734	4775
19735	4778
19736	4778
19737	4779
19738	4779
19739	4779
19740	4779
19741	4780
19742	4780
19743	4780
19744	4780
19745	4780
19746	4780
19747	4784
19748	4784
19749	4784
19750	4130
19751	4141
19752	4141
19753	6980
19754	6981
19755	6981
19756	2204
19757	2205
19758	2206
19759	2207
