#id	wmi	manufacturerid	makeid	vehicletypeid	trucktypeid	countryid	publicavailabilitydate	changedon
1995	SCF	956	440	2	\N	5	2015-01-01 00:00:00.000	2018-01-26 11:54:50.870
1996	SAJ	1079	442	2	\N	5	2015-01-01 00:00:00.000	2015-05-10 22:30:57.720
1997	SAL	1079	444	7	\N	5	2015-01-01 00:00:00.000	2015-05-10 11:45:58.983
1998	5YJ	955	441	2	\N	6	2015-01-01 00:00:00.000	2015-03-04 12:48:16.543
1999	546	961	446	1	\N	6	2015-01-01 00:00:00.000	2024-10-31 13:07:29.717
2000	ZAM	15956	443	2	\N	9	2015-01-01 00:00:00.000	2021-09-13 12:35:26.447
2001	LAA	14273	447	1	\N	8	2015-01-01 00:00:00.000	2020-06-09 14:42:04.843
2002	SCA	960	445	2	\N	5	2015-01-01 00:00:00.000	2015-03-05 14:24:52.863
2003	WDZ	964	449	5	\N	2	2015-01-01 00:00:00.000	2015-03-09 12:23:33.157
2004	WCD	1146	450	5	\N	2	2015-01-01 00:00:00.000	2021-02-10 11:34:20.710
2005	WD4	1023	449	7	\N	2	2015-01-01 00:00:00.000	2017-08-17 14:55:35.860
2006	WDR	1146	450	7	\N	2	2015-01-01 00:00:00.000	2021-02-10 13:22:26.290
2007	WD3	1023	449	3	\N	2	2015-01-01 00:00:00.000	2017-08-17 14:57:01.660
2008	WDY	1146	450	3	\N	2	2015-01-01 00:00:00.000	2021-02-10 12:07:45.393
2009	WDA	1023	449	10	\N	2	2015-01-01 00:00:00.000	2017-08-17 14:57:20.223
2010	WDP	1146	450	10	\N	2	2015-01-01 00:00:00.000	2024-11-01 18:14:49.673
2011	1F9434	965	451	1	\N	6	2015-01-01 00:00:00.000	2015-03-10 09:05:25.407
2012	WBA	966	452	2	\N	2	2015-01-01 00:00:00.000	2015-03-18 09:25:24.367
2013	WBS	967	452	2	\N	2	2015-01-01 00:00:00.000	2015-03-18 09:25:19.810
2014	WBX	966	452	7	\N	2	2015-01-01 00:00:00.000	2015-03-18 09:25:09.687
2016	4US	968	452	2	\N	6	2015-01-01 00:00:00.000	2015-03-10 10:20:28.433
2018	1M9667	969	453	1	\N	6	2015-01-01 00:00:00.000	2015-03-11 08:35:05.963
2019	5UX	968	452	7	\N	6	2015-01-01 00:00:00.000	2015-03-11 13:47:09.023
2020	5YM	968	452	7	\N	6	2015-01-01 00:00:00.000	2015-03-11 13:50:19.203
2021	1H9333	971	455	6	\N	6	2015-01-01 00:00:00.000	2015-03-17 09:15:00.470
2022	VF9795	970	454	2	\N	6	2015-01-01 00:00:00.000	2015-03-17 09:15:16.337
2023	WB1	972	452	1	\N	2	2015-01-01 00:00:00.000	2025-08-06 11:30:29.183
2024	WMW	966	456	2	\N	2	2015-01-01 00:00:00.000	2015-03-18 09:21:53.047
2025	1A9596	973	457	9	\N	6	2015-01-01 00:00:00.000	2015-03-18 11:25:47.630
2026	1M9983	974	458	1	\N	6	2015-01-01 00:00:00.000	2015-03-18 14:10:20.543
2027	4C9240	975	459	1	\N	6	2015-01-01 00:00:00.000	2015-03-18 16:27:48.980
2028	1FA	976	460	2	\N	6	2015-01-01 00:00:00.000	2015-03-18 16:56:33.937
2029	1LN	976	464	2	\N	6	2015-01-01 00:00:00.000	2015-03-19 15:52:36.350
2030	1ME	976	465	2	\N	6	2015-01-01 00:00:00.000	2015-03-19 15:52:44.947
2031	1ZV	978	460	2	\N	6	2015-01-01 00:00:00.000	2015-03-19 09:39:00.203
2032	2FA	977	460	2	\N	1	2015-01-01 00:00:00.000	2015-03-19 09:39:23.867
2033	2LN	977	464	2	\N	1	2015-01-01 00:00:00.000	2015-03-19 15:51:37.367
2034	2ME	977	465	2	\N	1	2015-01-01 00:00:00.000	2015-03-19 15:53:23.960
2035	3FA	979	460	2	\N	12	2015-01-01 00:00:00.000	2015-03-19 09:40:40.340
2036	3LN	979	464	2	\N	12	2015-01-01 00:00:00.000	2015-03-19 15:53:33.743
2037	3ME	979	465	2	\N	12	2015-01-01 00:00:00.000	2015-03-19 15:53:45.863
2038	1L9534	980	461	6	\N	6	2015-01-01 00:00:00.000	2015-03-19 10:36:00.120
2039	4C9383	981	462	5	\N	6	2015-01-01 00:00:00.000	2015-03-19 11:46:36.370
2040	2W9044	982	463	1	\N	1	2015-01-01 00:00:00.000	2015-03-19 13:57:27.143
2041	2LJ	977	464	10	\N	1	2015-01-01 00:00:00.000	2015-03-19 17:02:09.497
2042	2L1	977	464	10	\N	1	2015-01-01 00:00:00.000	2015-03-19 17:02:33.147
2043	1FB	976	460	5	\N	6	2015-01-01 00:00:00.000	2015-03-20 16:59:16.700
2044	1FC	976	460	10	\N	6	2015-01-01 00:00:00.000	2015-03-23 14:11:19.817
2045	SCC	983	466	2	\N	5	2015-01-01 00:00:00.000	2015-03-23 09:43:02.010
2046	1FD	976	460	10	\N	6	2015-01-01 00:00:00.000	2015-03-23 14:11:49.660
2047	1FM	976	460	7	\N	6	2015-01-01 00:00:00.000	2015-03-23 14:12:20.470
2048	1FT	976	460	3	\N	6	2015-01-01 00:00:00.000	2015-03-23 14:12:52.590
2049	2FM	977	460	7	\N	1	2015-01-01 00:00:00.000	2015-03-23 16:47:55.213
2051	5LD	976	460	10	\N	6	2015-01-01 00:00:00.000	2015-03-24 09:47:57.290
2052	1G1	984	467	2	\N	6	2015-01-01 00:00:00.000	2015-03-24 14:59:31.190
2053	1G4	984	468	2	\N	6	2015-01-01 00:00:00.000	2015-03-24 14:59:56.073
2054	1G6	984	469	2	\N	6	2015-01-01 00:00:00.000	2015-03-24 15:00:22.437
2055	5G8	984	470	2	\N	6	2015-01-01 00:00:00.000	2015-03-24 15:01:07.740
2056	1G0	984	471	2	\N	6	2015-01-01 00:00:00.000	2015-03-24 15:01:30.033
2057	2G1	984	467	2	\N	1	2015-01-01 00:00:00.000	2015-03-24 15:01:59.640
2058	2G4	984	468	2	\N	1	2015-01-01 00:00:00.000	2015-03-24 15:02:23.820
2059	2G6	984	469	2	\N	1	2015-01-01 00:00:00.000	2015-03-24 15:02:48.720
2060	3G1	984	467	2	\N	12	2015-01-01 00:00:00.000	2015-03-24 15:11:53.627
2061	KL8	984	467	2	\N	\N	2015-01-01 00:00:00.000	2015-03-24 15:12:32.097
2062	6G3	984	467	2	\N	\N	2015-01-01 00:00:00.000	2015-03-24 15:13:01.207
2063	1GC	984	467	3	\N	6	2015-01-01 00:00:00.000	2018-07-09 15:17:34.213
2064	1GT	984	472	3	\N	6	2015-01-01 00:00:00.000	2016-04-15 15:44:14.957
2065	3GC	984	467	3	\N	12	2015-01-01 00:00:00.000	2015-03-24 15:16:03.430
2066	3GT	984	472	3	\N	12	2015-01-01 00:00:00.000	2015-03-24 15:16:38.563
2067	5GA	984	468	7	\N	6	2015-01-01 00:00:00.000	2015-03-24 15:17:21.527
2069	KL4	984	468	7	\N	\N	2015-01-01 00:00:00.000	2015-03-24 15:19:03.893
2071	1GY	984	469	7	\N	6	2015-01-01 00:00:00.000	2015-03-24 15:19:36.357
2072	3GY	984	469	7	\N	12	2015-01-01 00:00:00.000	2015-03-24 15:20:03.343
2073	1GN	984	467	7	\N	6	2015-01-01 00:00:00.000	2015-03-24 15:20:27.243
2074	2GN	984	467	7	\N	1	2015-01-01 00:00:00.000	2015-03-24 15:20:57.180
2075	3GN	984	467	7	\N	12	2015-01-01 00:00:00.000	2015-03-24 15:21:23.233
2076	KL7	984	467	7	\N	\N	2015-01-01 00:00:00.000	2015-03-24 15:22:03.480
2077	1GK	984	472	7	\N	6	2015-01-01 00:00:00.000	2015-03-24 15:22:43.057
2078	2GK	984	472	7	\N	1	2015-01-01 00:00:00.000	2015-03-24 15:23:09.110
2079	1GB	984	467	10	\N	6	2015-01-01 00:00:00.000	2015-03-24 15:23:32.337
2080	3GB	984	467	10	\N	12	2015-01-01 00:00:00.000	2015-03-24 15:23:55.817
2081	1GD	984	472	10	\N	6	2015-01-01 00:00:00.000	2015-07-09 10:59:12.020
2082	3GD	984	472	10	\N	12	2015-01-01 00:00:00.000	2015-08-28 16:48:19.420
2083	2GE	984	469	10	\N	1	2015-01-01 00:00:00.000	2015-03-24 15:25:27.717
2084	1GA	984	467	5	\N	6	2015-01-01 00:00:00.000	2015-03-24 15:25:52.100
2085	1GJ	984	472	5	\N	6	2015-01-01 00:00:00.000	2015-03-24 15:26:15.780
2086	3FR	985	460	10	\N	\N	2015-01-01 00:00:00.000	2015-03-25 10:03:04.357
2087	NM0	986	460	3	\N	13	2015-01-01 00:00:00.000	2023-02-07 15:30:11.113
2088	2LM	977	464	7	\N	1	2015-01-01 00:00:00.000	2015-03-25 13:55:20.280
2089	5LM	976	464	7	\N	6	2015-01-01 00:00:00.000	2015-03-25 14:22:18.597
2090	4F2	976	473	7	\N	6	2015-01-01 00:00:00.000	2015-03-25 14:32:41.927
2091	4M2	976	465	7	\N	6	2015-01-01 00:00:00.000	2015-03-25 15:04:53.040
2093	JHM	987	474	2	\N	\N	2015-01-01 00:00:00.000	2015-06-04 09:53:26.160
2094	1HG	988	474	2	\N	6	2015-01-01 00:00:00.000	2015-03-26 16:53:19.737
2095	5KB	988	474	2	\N	6	2015-01-01 00:00:00.000	2021-04-14 11:43:25.837
2096	2HG	990	474	2	\N	1	2015-01-01 00:00:00.000	2015-03-26 16:57:39.147
2097	SHH	991	474	2	\N	5	2015-01-01 00:00:00.000	2015-03-26 16:58:11.673
2098	3HG	992	474	2	\N	12	2015-01-01 00:00:00.000	2015-03-26 16:58:43.543
2099	19X	988	474	2	\N	6	2015-01-01 00:00:00.000	2021-04-14 14:33:13.603
2100	JH4	987	475	2	\N	\N	2015-01-01 00:00:00.000	2015-03-27 15:28:30.540
2101	JHL	987	474	7	\N	\N	2015-01-01 00:00:00.000	2015-03-27 15:28:55.877
2102	JH1	987	474	3	\N	\N	2015-01-01 00:00:00.000	2015-03-27 15:29:28.743
2103	19U	988	475	2	\N	6	2015-01-01 00:00:00.000	2015-03-27 15:30:11.083
2104	5J6	988	474	7	\N	6	2015-01-01 00:00:00.000	2015-03-27 15:30:45.170
2105	5J8	988	475	7	\N	6	2015-01-01 00:00:00.000	2015-03-27 15:31:28.273
2106	5J7	988	474	3	\N	6	2015-01-01 00:00:00.000	2015-03-27 15:31:58.147
2108	5KC	988	475	2	\N	6	2015-01-01 00:00:00.000	2021-04-14 11:43:53.150
2109	5FN	988	474	7	\N	6	2015-01-01 00:00:00.000	2021-04-14 11:44:29.917
2110	5FR	988	475	7	\N	6	2015-01-01 00:00:00.000	2021-04-14 11:45:01.167
2111	5FP	988	474	3	\N	6	2015-01-01 00:00:00.000	2021-04-14 11:45:35.110
2112	5FS	988	475	3	\N	6	2015-01-01 00:00:00.000	2021-04-14 11:45:58.857
2113	2HH	990	475	2	\N	1	2015-01-01 00:00:00.000	2015-03-27 15:50:24.313
2114	2HK	990	474	7	\N	1	2015-01-01 00:00:00.000	2015-03-27 15:50:59.070
2115	2HN	990	475	7	\N	1	2015-01-01 00:00:00.000	2015-03-27 15:51:52.703
2116	2HJ	990	474	3	\N	1	2015-01-01 00:00:00.000	2015-03-27 15:52:18.990
2117	2HU	990	475	3	\N	1	2015-01-01 00:00:00.000	2015-03-27 15:52:42.980
2118	SHS	991	474	7	\N	5	2015-01-01 00:00:00.000	2015-03-27 15:53:20.860
2119	3CZ	992	474	7	\N	12	2015-01-01 00:00:00.000	2015-03-27 15:53:48.720
2120	1B3	994	476	2	\N	\N	2015-01-01 00:00:00.000	2015-03-31 10:45:49.770
2121	1C3	994	477	2	\N	6	2015-01-01 00:00:00.000	2015-04-15 11:16:06.693
2122	2B3	995	476	2	\N	1	2015-01-01 00:00:00.000	2015-03-31 10:48:21.763
2123	2C3	995	477	2	\N	1	2015-01-01 00:00:00.000	2015-04-15 11:13:56.060
2124	1Z9101	998	479	6	\N	6	2015-01-01 00:00:00.000	2016-03-09 14:59:56.310
2125	JN1	996	478	2	\N	3	2015-01-01 00:00:00.000	2017-01-06 12:48:07.633
2126	1N4	997	478	2	\N	6	2015-01-01 00:00:00.000	2024-11-01 18:15:28.603
2127	3N1	999	478	2	\N	12	2015-01-01 00:00:00.000	2015-04-14 11:53:09.600
2128	JN3	996	478	10	\N	3	2015-01-01 00:00:00.000	2015-04-14 11:53:47.290
2129	JN8	996	478	7	\N	3	2015-01-01 00:00:00.000	2015-05-18 20:44:13.030
2130	5N1	997	478	7	\N	6	2015-01-01 00:00:00.000	2015-05-18 20:43:50.113
2131	3N8	999	478	7	\N	12	2015-01-01 00:00:00.000	2015-04-01 15:10:19.167
2132	KNM	1000	478	7	\N	15	2015-01-01 00:00:00.000	2015-04-01 15:11:00.913
2133	JN6	996	478	3	1	3	2015-01-01 00:00:00.000	2015-04-15 10:06:53.950
2134	1N6	997	478	3	1	6	2015-01-01 00:00:00.000	2015-04-15 10:59:59.320
2135	3N6	999	478	3	\N	12	2015-01-01 00:00:00.000	2016-02-24 14:26:41.597
2136	5BZ	997	478	5	\N	6	2015-01-01 00:00:00.000	2015-04-01 15:14:48.657
2137	1D7	994	476	3	\N	6	2015-01-01 00:00:00.000	2015-04-02 15:14:19.160
2138	1D6	994	476	10	\N	6	2015-01-01 00:00:00.000	2015-04-02 15:28:52.280
2139	1Z7	994	481	3	\N	6	2015-01-01 00:00:00.000	2015-04-02 15:42:30.423
2140	3D7	1002	476	3	\N	12	2015-01-01 00:00:00.000	2015-04-02 15:47:33.483
2141	3D6	1002	476	10	\N	12	2015-01-01 00:00:00.000	2015-04-02 15:47:23.827
2142	1A4	994	477	7	\N	6	2015-01-01 00:00:00.000	2015-04-02 15:48:16.337
2143	1D4	994	476	7	\N	6	2015-01-01 00:00:00.000	2015-04-02 15:48:39.457
2144	1J4	994	483	7	\N	6	2015-01-01 00:00:00.000	2015-04-02 15:49:07.367
2145	1J6	994	483	10	\N	6	2015-01-01 00:00:00.000	2015-04-02 15:49:33.853
2146	2A4	995	477	7	\N	6	2015-01-01 00:00:00.000	2015-04-02 15:50:01.763
2147	2D4	995	476	7	\N	1	2015-01-01 00:00:00.000	2015-04-02 15:50:39.687
2148	3A4	1002	477	7	\N	12	2015-01-01 00:00:00.000	2015-04-02 15:51:12.463
2149	3D4	1002	476	7	\N	12	2015-01-01 00:00:00.000	2015-04-02 15:51:34.067
2150	2V4	995	482	7	\N	1	2015-01-01 00:00:00.000	2015-04-02 15:54:08.180
2151	JH2	987	474	1	\N	3	2015-01-01 00:00:00.000	2021-04-14 14:14:05.450
2152	1HF	988	474	1	\N	6	2015-01-01 00:00:00.000	2021-04-14 14:10:57.113
2153	YC1	988	474	1	\N	22	2015-01-01 00:00:00.000	2016-07-08 16:41:48.077
2154	3H1	992	474	1	\N	12	2015-01-01 00:00:00.000	2021-04-14 14:12:15.480
2155	5J5	1003	484	9	\N	6	2015-01-01 00:00:00.000	2015-04-03 12:57:39.040
2156	YV1	14914	485	2	\N	23	2015-01-01 00:00:00.000	2021-12-13 14:45:44.390
2157	YV4	14914	485	7	\N	23	2015-01-01 00:00:00.000	2021-12-13 11:45:28.660
2158	5UM	966	452	2	\N	2	2015-01-01 00:00:00.000	2015-04-07 11:38:56.323
2159	1G9267	1014	486	9	\N	6	2015-01-01 00:00:00.000	2015-04-08 07:39:31.650
2160	4V4	1015	487	3	\N	6	2015-01-01 00:00:00.000	2015-04-08 09:00:25.537
2161	4V5	1015	487	10	\N	6	2015-01-01 00:00:00.000	2015-04-08 09:16:57.807
2162	52M	1003	484	9	\N	6	2015-01-01 00:00:00.000	2015-04-08 13:18:41.340
2163	4UZ	1025	450	10	\N	6	2015-01-01 00:00:00.000	2018-01-17 12:33:49.900
2164	4C9152	1026	489	7	\N	6	2015-01-01 00:00:00.000	2015-04-08 20:58:26.633
2165	4C9153	1026	489	5	\N	6	2015-01-01 00:00:00.000	2015-04-08 21:00:18.910
2166	4C9154	1026	489	10	\N	6	2015-01-01 00:00:00.000	2015-04-08 21:01:18.127
2167	1M1	1027	490	3	\N	6	2015-01-01 00:00:00.000	2015-04-10 09:28:17.460
2168	1M2	1027	490	10	\N	6	2015-01-01 00:00:00.000	2015-04-10 09:28:39.377
2170	1M3	1027	490	10	\N	6	2015-01-01 00:00:00.000	2015-04-10 09:29:27.473
2172	1FU	1024	450	3	2	6	2015-01-01 00:00:00.000	2015-04-13 14:20:20.697
2173	1FV	1024	450	10	\N	6	2015-01-01 00:00:00.000	2015-04-13 14:20:44.440
2174	3AK	23472	450	3	\N	12	2015-01-01 00:00:00.000	2024-11-18 09:58:37.320
2175	3AL	23472	450	10	\N	12	2015-01-01 00:00:00.000	2024-11-18 09:59:04.800
2176	ZAR	4834	493	2	\N	9	2015-01-01 00:00:00.000	2019-10-15 12:53:59.703
2177	57L	1030	\N	9	\N	6	2015-01-01 00:00:00.000	2015-04-14 09:16:38.587
2179	ZFB	1029	\N	7	\N	9	2015-01-01 00:00:00.000	2016-02-26 18:00:06.853
2180	1XP	1033	\N	3	2	6	2015-01-01 00:00:00.000	2015-04-14 13:31:17.800
2181	1NP	1033	\N	10	\N	6	2015-01-01 00:00:00.000	2015-04-14 13:31:55.460
2182	2XP	1033	\N	3	\N	1	2015-01-01 00:00:00.000	2015-04-14 13:32:37.627
2183	2NP	1033	\N	10	\N	1	2015-01-01 00:00:00.000	2015-04-14 13:33:15.283
2184	3WP	1033	\N	3	\N	12	2015-01-01 00:00:00.000	2015-04-14 13:33:49.137
2186	3BP	1033	\N	10	\N	12	2015-01-01 00:00:00.000	2015-04-14 13:35:00.927
2187	SBV	1031	\N	10	\N	5	2015-01-01 00:00:00.000	2015-05-26 13:54:21.297
2189	3C3	1002	\N	2	\N	12	2015-01-01 00:00:00.000	2015-04-15 11:13:31.100
2190	KMH	15984	\N	2	\N	15	2015-01-01 00:00:00.000	2024-10-22 11:16:16.840
2191	KNA	21994	\N	2	\N	15	2015-01-01 00:00:00.000	2023-08-17 12:08:41.920
2192	5XX	20996	\N	2	\N	6	2015-01-01 00:00:00.000	2022-06-01 10:45:11.893
2193	U5Y	1034	\N	2	\N	6	2015-01-01 00:00:00.000	2015-05-11 17:30:29.520
2194	KND	21994	\N	7	\N	15	2015-01-01 00:00:00.000	2023-03-08 14:57:46.697
2195	5XY	20996	\N	7	\N	6	2015-01-01 00:00:00.000	2025-03-28 11:36:26.467
2196	5NP	1034	\N	2	\N	6	2015-01-01 00:00:00.000	2015-04-15 11:47:47.493
2197	KM8	15984	\N	7	\N	15	2015-01-01 00:00:00.000	2021-09-29 09:21:45.653
2198	5NM	15712	\N	7	\N	6	2015-01-01 00:00:00.000	2022-12-15 08:48:58.863
2199	1M9972	1035	\N	6	\N	6	2015-01-01 00:00:00.000	2015-04-15 12:56:30.783
2200	1M9970	1038	\N	6	\N	6	2015-01-01 00:00:00.000	2015-04-15 15:35:33.180
2201	ZHW	14379	\N	2	\N	9	2015-01-01 00:00:00.000	2021-11-23 17:15:09.473
2202	1H9261	1040	\N	6	\N	6	2015-01-01 00:00:00.000	2015-04-16 11:03:06.010
2203	1V9192	1040	\N	6	\N	6	2015-01-01 00:00:00.000	2015-04-16 11:04:03.197
2204	1M9971	1035	\N	1	\N	6	2015-01-01 00:00:00.000	2015-04-16 11:24:32.277
2205	SFZ	955	\N	2	\N	6	2015-01-01 00:00:00.000	2015-04-16 11:52:51.247
2206	JM1	1041	\N	2	\N	3	2015-01-01 00:00:00.000	2015-04-16 15:49:51.217
2207	JM2	1041	\N	3	1	3	2015-01-01 00:00:00.000	2015-04-16 15:51:20.667
2208	JM3	1041	\N	7	\N	3	2015-01-01 00:00:00.000	2015-04-16 15:54:23.640
2209	1YV	978	\N	2	\N	6	2015-01-01 00:00:00.000	2015-04-16 15:55:13.607
2211	4F3	976	\N	3	\N	6	2015-01-01 00:00:00.000	2015-04-16 15:57:07.300
2212	WDD	1042	\N	2	\N	2	2015-01-01 00:00:00.000	2015-04-17 09:38:04.303
2214	WDB	1042	\N	2	\N	2	2015-01-01 00:00:00.000	2015-05-21 11:10:05.897
2215	WME	1042	\N	2	\N	2	2015-01-01 00:00:00.000	2015-04-17 10:04:25.787
2216	55S	1042	\N	2	\N	6	2015-01-01 00:00:00.000	2015-04-17 10:05:04.647
2217	1BA	1044	\N	5	\N	6	2015-01-01 00:00:00.000	2015-04-17 12:33:17.193
2218	1BB	1044	\N	7	\N	6	2015-01-01 00:00:00.000	2015-04-17 12:33:48.690
2219	1BC	1044	\N	3	\N	6	2015-01-01 00:00:00.000	2015-04-17 12:34:26.457
2220	1BD	1044	\N	10	\N	6	2015-01-01 00:00:00.000	2015-04-17 12:34:55.973
2221	1Z9216	1045	\N	5	\N	6	2015-01-01 00:00:00.000	2015-04-20 08:49:10.950
2222	JS1	21871	\N	1	\N	3	2015-01-01 00:00:00.000	2023-11-01 09:00:41.327
2223	JSA	1048	\N	1	\N	3	2015-01-01 00:00:00.000	2016-02-17 11:02:42.437
2224	LM1	1048	\N	1	\N	4	2015-01-01 00:00:00.000	2015-04-20 09:26:24.733
2225	LM4	1048	\N	1	\N	4	2015-01-01 00:00:00.000	2016-02-17 11:02:15.403
2226	KM4	13628	\N	1	\N	15	2015-01-01 00:00:00.000	2016-07-25 15:44:32.770
2228	VTT	1048	\N	1	\N	26	2015-01-01 00:00:00.000	2015-04-20 09:34:00.160
2229	5SA	1048	\N	1	\N	6	2015-01-01 00:00:00.000	2015-04-20 09:35:09.330
2230	JKS	1048	\N	1	\N	3	2015-01-01 00:00:00.000	2015-04-20 09:44:56.423
2231	JSK	1048	\N	1	\N	3	2015-01-01 00:00:00.000	2015-04-20 09:46:01.833
2232	JSL	1048	\N	1	\N	3	2015-01-01 00:00:00.000	2015-04-20 09:46:39.897
2233	RK6	1048	\N	1	\N	4	2015-01-01 00:00:00.000	2015-04-20 09:47:21.800
2234	RK7	1048	\N	1	\N	4	2015-01-01 00:00:00.000	2015-04-20 09:48:02.920
2236	WDC	1042	\N	7	\N	2	2015-01-01 00:00:00.000	2015-04-20 13:34:57.360
2237	4JG	1043	\N	7	\N	6	2015-01-01 00:00:00.000	2015-04-20 13:35:56.670
2238	4F4	976	\N	3	\N	6	2015-01-01 00:00:00.000	2015-04-20 23:07:20.913
2239	19V	988	\N	2	\N	6	2015-01-01 00:00:00.000	2021-04-14 11:47:08.867
2240	5FY	23357	\N	5	\N	6	2015-01-01 00:00:00.000	2024-05-17 11:06:40.087
2241	2FY	19107	\N	5	\N	1	2015-01-01 00:00:00.000	2019-05-21 13:32:00.803
2242	4EN	1050	\N	3	\N	6	2015-01-01 00:00:00.000	2015-04-21 14:32:04.737
2243	JA3	1052	\N	2	\N	3	2015-01-01 00:00:00.000	2015-04-23 15:58:11.317
2244	JA4	1052	\N	7	\N	3	2015-01-01 00:00:00.000	2025-12-01 12:08:05.173
2245	1P9751	1053	\N	9	\N	6	2015-01-01 00:00:00.000	2015-04-23 16:17:30.147
2246	4A3	1054	\N	2	\N	6	2015-01-01 00:00:00.000	2015-04-23 16:30:29.133
2247	4A4	1054	\N	7	\N	6	2015-01-01 00:00:00.000	2015-04-23 16:30:13.817
2248	JHH	1109	\N	10	\N	3	2015-01-01 00:00:00.000	2015-06-23 16:46:04.760
2249	2AY	13331	\N	10	\N	1	2015-01-01 00:00:00.000	2015-06-23 16:42:08.233
2250	JHA	1109	\N	3	\N	3	2015-01-01 00:00:00.000	2015-06-23 16:38:36.167
2251	JHB	1109	\N	10	\N	3	2015-01-01 00:00:00.000	2015-06-23 16:38:53.577
2252	5PV	1056	\N	10	\N	6	2015-01-01 00:00:00.000	2015-04-29 13:57:15.823
2253	JTH	1057	\N	2	\N	3	2015-01-01 00:00:00.000	2021-09-17 10:27:47.273
2254	JTK	962	\N	2	\N	3	2015-01-01 00:00:00.000	2015-05-04 10:20:24.917
2255	JTE	1057	\N	7	\N	3	2015-01-01 00:00:00.000	2024-10-18 10:01:33.667
2256	JTL	1057	\N	7	\N	3	2015-01-01 00:00:00.000	2022-04-29 15:31:13.597
2257	JTJ	1057	\N	7	\N	3	2015-01-01 00:00:00.000	2021-12-23 12:30:22.153
2258	JTD	1057	\N	2	\N	3	2015-01-01 00:00:00.000	2022-02-03 16:01:59.880
2259	JTM	1057	\N	7	\N	3	2015-01-01 00:00:00.000	2022-05-18 11:23:03.547
2260	WBY	966	\N	2	\N	2	2015-01-01 00:00:00.000	2022-01-12 15:33:09.743
2261	10T	1058	\N	3	\N	6	2015-01-01 00:00:00.000	2017-10-20 09:13:08.777
2262	3TM	1059	\N	3	\N	12	2015-01-01 00:00:00.000	2015-05-05 15:30:59.823
2263	17J	1061	\N	1	\N	6	2015-01-01 00:00:00.000	2017-09-29 09:21:34.267
2264	1NX	1062	\N	2	\N	6	2015-01-01 00:00:00.000	2015-05-05 17:43:35.370
2265	5TE	1063	\N	3	\N	6	2015-01-01 00:00:00.000	2015-05-06 10:11:45.847
2266	1HP	1028	\N	3	\N	6	2015-01-01 00:00:00.000	2015-05-26 15:23:07.897
2267	1HS	1028	\N	3	2	6	2015-01-01 00:00:00.000	2015-05-27 13:33:37.760
2268	1HT	1028	\N	10	\N	6	2015-01-01 00:00:00.000	2024-11-08 14:32:18.760
2269	1HV	1028	\N	10	\N	6	2015-01-01 00:00:00.000	2024-11-08 14:24:12.457
2270	2HP	1074	\N	3	\N	1	2015-01-01 00:00:00.000	2015-05-27 13:35:07.367
2271	2HS	1074	\N	3	2	1	2015-01-01 00:00:00.000	2015-05-27 13:35:32.343
2272	2HT	1074	\N	10	\N	1	2015-01-01 00:00:00.000	2015-05-27 13:36:01.890
2273	2HV	1074	\N	10	\N	1	2015-01-01 00:00:00.000	2015-05-27 13:36:23.527
2274	3HA	985	\N	10	\N	12	2015-01-01 00:00:00.000	2019-11-01 13:05:11.550
2275	3HB	985	\N	10	\N	12	2015-01-01 00:00:00.000	2019-11-01 13:03:38.573
2276	3HC	985	\N	3	\N	12	2015-01-01 00:00:00.000	2019-11-01 13:04:37.073
2277	3HR	1028	\N	3	\N	12	2015-01-01 00:00:00.000	2015-05-27 13:38:51.743
2278	3HS	1028	\N	3	\N	12	2015-01-01 00:00:00.000	2015-05-27 13:39:17.107
2279	3HT	1028	\N	10	\N	12	2015-01-01 00:00:00.000	2019-11-01 13:05:27.133
2280	3HV	1028	\N	10	\N	12	2015-01-01 00:00:00.000	2015-05-27 13:40:13.063
2281	4S3	2593	\N	2	\N	6	2015-01-01 00:00:00.000	2022-06-06 12:53:11.860
2282	4S4	2593	\N	7	\N	6	2015-01-01 00:00:00.000	2022-06-06 12:22:43.637
2283	JF2	19109	\N	7	\N	3	2015-01-01 00:00:00.000	2022-05-17 12:58:43.033
2284	JF1	19109	\N	2	\N	3	2015-01-01 00:00:00.000	2022-04-18 15:02:39.130
2285	4DR	1064	\N	5	\N	6	2015-01-01 00:00:00.000	2015-05-27 13:40:50.160
2286	4KA	1064	\N	3	\N	6	2015-01-01 00:00:00.000	2015-05-27 13:41:29.817
2287	5B4	1078	\N	10	\N	6	2015-01-01 00:00:00.000	2015-05-27 13:42:00.127
2288	5T4	1078	\N	3	\N	6	2015-01-01 00:00:00.000	2015-05-27 13:42:25.277
2289	5WE	1064	\N	10	\N	6	2015-01-01 00:00:00.000	2024-11-08 14:22:06.733
2290	LB2	1080	\N	1	\N	8	2015-01-01 00:00:00.000	2023-03-21 15:30:10.380
2291	JL6	1081	\N	10	\N	3	2015-01-01 00:00:00.000	2023-11-15 09:04:49.163
2297	JLS	1081	\N	10	\N	3	2015-01-01 00:00:00.000	2018-02-28 14:48:48.873
2298	JNR	996	\N	7	\N	\N	2015-01-01 00:00:00.000	2015-05-13 12:15:26.337
2299	JNT	996	\N	3	\N	\N	2015-01-01 00:00:00.000	2015-05-13 12:16:16.630
2300	5N3	997	\N	7	\N	\N	2015-01-01 00:00:00.000	2015-05-13 12:16:54.010
2301	JNK	996	\N	2	\N	\N	2015-01-01 00:00:00.000	2016-08-11 10:54:50.533
2303	JNA	14584	\N	10	\N	3	2015-01-01 00:00:00.000	2020-03-20 08:16:02.203
2304	JNE	14584	\N	3	\N	3	2015-01-01 00:00:00.000	2020-03-20 08:16:35.690
2307	JNX	996	\N	10	\N	3	2015-01-01 00:00:00.000	2015-05-14 10:23:23.827
2309	ML3	1052	\N	2	\N	30	2015-01-01 00:00:00.000	2015-05-14 15:49:26.650
2310	1F7	976	\N	2	\N	6	2015-01-01 00:00:00.000	2022-12-08 11:44:06.143
2311	2FD	977	\N	10	\N	1	2015-01-01 00:00:00.000	2015-05-18 09:35:27.233
2312	2MH	977	\N	10	\N	1	2015-01-01 00:00:00.000	2015-05-18 10:19:20.753
2313	1LJ	976	\N	10	\N	6	2015-01-01 00:00:00.000	2015-05-18 11:00:58.020
2314	1L1	976	\N	2	\N	6	2015-01-01 00:00:00.000	2015-05-18 11:01:21.733
2315	1F1	976	\N	7	\N	6	2015-01-01 00:00:00.000	2015-05-18 15:12:30.767
2316	3FT	979	\N	3	\N	12	2015-01-01 00:00:00.000	2015-05-19 09:31:26.777
2318	3MZ	1083	\N	2	\N	12	2015-01-01 00:00:00.000	2015-05-19 10:31:48.540
2319	3FD	979	\N	10	\N	12	2015-01-01 00:00:00.000	2015-05-19 11:45:44.317
2320	3FN	985	\N	3	\N	6	2015-01-01 00:00:00.000	2015-05-19 13:46:19.560
2321	2FT	977	\N	3	\N	1	2015-01-01 00:00:00.000	2015-05-19 16:24:37.217
2322	4X4	1084	\N	6	\N	6	2015-01-01 00:00:00.000	2015-05-19 16:28:32.917
2323	2MR	977	\N	7	\N	1	2015-01-01 00:00:00.000	2015-05-20 11:41:19.130
2324	5L1	976	\N	7	\N	6	2015-01-01 00:00:00.000	2015-05-20 13:27:20.557
2325	1F6	8961	\N	10	\N	6	2015-01-01 00:00:00.000	2023-01-25 15:49:46.857
2326	2T1	1085	\N	2	\N	1	2015-01-01 00:00:00.000	2015-05-20 16:11:11.007
2327	4T1	1088	\N	2	\N	6	2015-01-01 00:00:00.000	2015-05-21 13:58:38.613
2328	5Y2	1062	\N	2	\N	6	2015-01-01 00:00:00.000	2015-05-21 13:22:41.413
2329	5TB	1087	\N	3	\N	6	2015-01-01 00:00:00.000	2015-05-21 13:57:27.073
2330	5TF	1090	\N	3	\N	6	2015-01-01 00:00:00.000	2015-05-21 14:00:14.180
2331	1XK	1032	\N	3	2	6	2015-01-01 00:00:00.000	2015-05-21 14:50:54.890
2332	2XK	1032	\N	3	2	1	2015-01-01 00:00:00.000	2015-05-21 14:51:57.743
2333	3WK	1032	\N	3	2	12	2015-01-01 00:00:00.000	2022-03-24 11:49:53.097
2334	SFN	1032	\N	3	2	5	2015-01-01 00:00:00.000	2022-03-24 11:50:56.333
2335	5TD	1087	\N	7	\N	6	2015-01-01 00:00:00.000	2023-09-29 13:35:53.360
2336	1NK	1032	\N	10	\N	6	2015-01-01 00:00:00.000	2015-05-21 15:17:48.307
2337	2NK	1032	\N	10	\N	1	2015-01-01 00:00:00.000	2015-05-21 15:18:51.003
2338	3BK	1032	\N	10	\N	12	2015-01-01 00:00:00.000	2015-05-21 15:19:23.640
2339	4T4	1091	\N	2	\N	6	2015-01-01 00:00:00.000	2015-05-21 15:21:32.060
2340	JTN	1057	\N	2	\N	3	2015-01-01 00:00:00.000	2015-05-21 15:22:47.923
2341	5LT	976	\N	3	\N	6	2015-01-01 00:00:00.000	2015-05-21 16:01:19.190
2342	2T2	1085	\N	7	\N	1	2015-01-01 00:00:00.000	2015-05-27 15:37:00.567
2343	4T3	1088	\N	7	\N	6	2015-01-01 00:00:00.000	2015-05-26 16:18:34.650
2344	93M	1055	\N	3	\N	18	2015-01-01 00:00:00.000	2015-05-27 15:24:01.640
2345	93S	1055	\N	3	\N	18	2015-01-01 00:00:00.000	2015-05-27 15:25:08.127
2346	93V	1055	\N	5	\N	18	2015-01-01 00:00:00.000	2015-05-27 15:27:17.687
2347	2T3	1085	\N	7	\N	1	2015-01-01 00:00:00.000	2015-05-27 15:35:39.633
2348	WD1	1146	\N	10	\N	6	2015-01-01 00:00:00.000	2015-06-12 15:12:47.907
2349	WDX	1023	\N	10	\N	6	2015-01-01 00:00:00.000	2015-05-28 09:41:02.713
2350	WD0	1023	\N	3	\N	6	2015-01-01 00:00:00.000	2015-05-28 10:05:27.663
2351	WD8	1023	\N	7	\N	6	2015-01-01 00:00:00.000	2015-05-28 10:05:41.877
2352	WDW	1023	\N	5	\N	6	2015-01-01 00:00:00.000	2015-05-28 10:05:53.637
2353	4B9030	7990	\N	6	\N	6	2015-01-01 00:00:00.000	2019-12-23 11:13:57.860
2354	1W9461	1157	\N	6	\N	6	2015-01-01 00:00:00.000	2015-06-04 16:07:25.553
2355	1W9419	1158	\N	6	\N	6	2015-01-01 00:00:00.000	2015-06-04 16:11:45.700
2356	4VJ	1015	\N	3	\N	6	2015-01-01 00:00:00.000	2015-05-29 09:46:43.387
2357	4VK	1015	\N	10	\N	6	2015-01-01 00:00:00.000	2015-05-29 09:47:12.403
2358	WD2	1146	\N	3	\N	6	2015-01-01 00:00:00.000	2021-06-07 18:38:33.527
2359	WD5	1146	\N	7	\N	6	2015-01-01 00:00:00.000	2015-06-12 15:13:45.487
2360	WVW	1148	\N	2	\N	2	2015-01-01 00:00:00.000	2022-08-08 10:35:04.193
2361	WVG	1148	\N	7	\N	2	2015-01-01 00:00:00.000	2022-08-08 11:19:02.687
2362	3VW	16478	\N	2	\N	12	2015-01-01 00:00:00.000	2022-08-08 10:35:42.097
2363	9BW	1147	\N	2	\N	12	2015-01-01 00:00:00.000	2015-06-01 10:01:53.357
2364	JS2	1048	\N	2	\N	\N	2015-01-01 00:00:00.000	2015-06-01 10:06:49.413
2365	JS3	1048	\N	7	\N	\N	2015-01-01 00:00:00.000	2015-06-01 12:00:56.593
2366	2S3	1048	\N	7	\N	\N	2015-01-01 00:00:00.000	2015-06-01 12:01:31.710
2368	TRU	1149	\N	2	\N	32	2015-01-01 00:00:00.000	2015-06-01 14:16:24.020
2369	WAU	1149	\N	2	\N	2	2015-01-01 00:00:00.000	2015-06-01 14:16:39.917
2370	WA1	1149	\N	7	\N	2	2015-01-01 00:00:00.000	2023-01-25 15:33:11.367
2371	WUA	1150	\N	2	\N	2	2015-01-01 00:00:00.000	2015-06-01 14:13:07.007
2372	5Z6	1048	\N	3	\N	6	2015-01-01 00:00:00.000	2015-06-02 10:36:53.043
2373	JKA	21860	\N	1	\N	6	2015-01-01 00:00:00.000	2026-04-01 14:26:21.740
2374	JKB	21860	\N	1	\N	6	2015-01-01 00:00:00.000	2026-04-01 14:26:35.120
2375	ZDM	1133	\N	1	\N	9	2015-01-01 00:00:00.000	2015-06-03 17:36:42.943
2376	LPR	1130	\N	1	\N	4	2015-01-01 00:00:00.000	2015-06-03 17:39:25.293
2380	JYA	14610	\N	1	\N	3	2015-01-01 00:00:00.000	2022-05-23 12:06:45.590
2381	5YF	1145	\N	2	\N	6	2015-01-01 00:00:00.000	2015-06-04 11:46:59.160
2382	VNK	1155	\N	2	\N	11	2015-01-01 00:00:00.000	2015-06-04 14:28:20.523
2383	ZDC	988	\N	1	\N	9	2015-01-01 00:00:00.000	2021-04-14 14:15:52.453
2384	MLH	14337	\N	1	\N	30	2015-01-01 00:00:00.000	2021-04-14 14:17:40.270
2386	LAL	14790	\N	1	\N	8	2015-01-01 00:00:00.000	2017-08-01 15:20:05.613
2387	RLH	14691	\N	1	\N	38	2015-01-01 00:00:00.000	2021-04-14 14:19:19.140
2388	VTM	15171	\N	1	\N	26	2015-01-01 00:00:00.000	2021-04-14 14:20:41.697
2389	LWB	988	\N	1	\N	8	2015-01-01 00:00:00.000	2021-04-14 14:28:45.173
2390	RKR	1153	\N	1	\N	4	2015-01-01 00:00:00.000	2015-06-04 15:35:43.690
2391	5NH	1084	\N	6	\N	6	2015-01-01 00:00:00.000	2015-06-05 09:58:58.523
2392	5ZT	1084	\N	6	\N	6	2015-01-01 00:00:00.000	2019-04-10 17:49:26.910
2393	RFD	1048	\N	1	\N	\N	2015-01-01 00:00:00.000	2015-06-05 16:19:41.940
2394	LC6	1048	\N	1	\N	8	2015-01-01 00:00:00.000	2015-08-06 11:44:48.810
2395	MLC	1048	\N	1	\N	\N	2015-01-01 00:00:00.000	2015-06-08 12:06:09.197
2398	SMT	16054	\N	1	\N	5	2015-01-01 00:00:00.000	2022-08-01 13:06:20.673
2400	9C6	1130	\N	1	\N	\N	2015-01-01 00:00:00.000	2015-06-08 14:55:35.550
2401	LBP	1130	\N	1	\N	\N	2015-01-01 00:00:00.000	2015-06-08 14:56:13.817
2403	ML0	13702	\N	1	\N	30	2015-01-01 00:00:00.000	2022-07-01 10:11:29.563
2404	2E4	995	\N	7	\N	\N	2015-01-01 00:00:00.000	2015-06-08 15:22:03.383
2405	3E4	1002	\N	7	\N	\N	2015-01-01 00:00:00.000	2015-06-08 15:24:22.737
2406	4MZ	961	\N	1	\N	6	2015-01-01 00:00:00.000	2024-10-31 13:07:00.850
2407	5MZ	961	\N	1	\N	6	2015-01-01 00:00:00.000	2024-10-31 13:08:05.130
2408	95Z	961	\N	1	\N	6	2015-01-01 00:00:00.000	2024-10-31 13:08:28.363
2409	2BV	1134	\N	1	\N	\N	2015-01-01 00:00:00.000	2015-06-09 14:17:25.937
2410	2BX	1134	\N	1	\N	1	2015-01-01 00:00:00.000	2022-08-15 10:41:47.967
2411	RFV	1135	\N	1	\N	\N	2015-01-01 00:00:00.000	2015-06-09 15:19:34.903
2412	2BW	1134	\N	13	\N	\N	2015-01-01 00:00:00.000	2025-10-13 10:26:58.517
2413	5VP	1132	\N	1	\N	\N	2015-01-01 00:00:00.000	2020-02-03 17:07:34.527
2414	52C	1132	\N	9	\N	\N	2015-01-01 00:00:00.000	2015-06-10 11:30:22.890
2415	3CE	14597	\N	5	\N	12	2015-01-01 00:00:00.000	2023-03-09 10:32:24.340
2417	57X	1132	\N	1	\N	\N	2015-01-01 00:00:00.000	2015-06-11 11:32:27.647
2418	5AS	1132	\N	9	\N	\N	2015-01-01 00:00:00.000	2015-06-11 14:39:41.290
2419	JT2	1057	\N	2	\N	3	2015-01-01 00:00:00.000	2015-06-12 11:12:47.100
2420	1G9437	1136	\N	6	\N	6	2015-01-01 00:00:00.000	2015-06-12 11:41:20.123
2421	1Y1	1062	\N	2	\N	6	2015-01-01 00:00:00.000	2016-11-08 09:36:18.843
2422	JT8	1057	\N	2	\N	3	2015-01-01 00:00:00.000	2015-06-12 13:50:22.997
2423	VBK	13885	\N	1	\N	7	2015-01-01 00:00:00.000	2021-10-27 11:36:01.400
2424	3B3	1002	\N	2	\N	\N	2015-01-01 00:00:00.000	2020-05-05 15:04:39.910
2425	JT6	1057	\N	7	\N	3	2015-01-01 00:00:00.000	2015-06-12 16:26:26.913
2426	JT3	1057	\N	7	\N	3	2015-01-01 00:00:00.000	2015-06-12 16:34:53.897
2427	94M	1166	\N	5	\N	18	2015-01-01 00:00:00.000	2015-06-15 07:41:51.503
2428	L1E	7242	\N	1	\N	8	2015-01-01 00:00:00.000	2017-03-06 11:17:34.430
2429	3CG	1168	\N	1	\N	6	2015-01-01 00:00:00.000	2016-03-02 16:15:25.370
2430	L4V	1168	\N	1	\N	\N	2015-01-01 00:00:00.000	2017-11-20 15:29:43.477
2432	JT4	1057	\N	3	1	3	2015-01-01 00:00:00.000	2015-06-15 16:23:37.890
2433	ZFF	14805	\N	2	\N	9	2015-01-01 00:00:00.000	2023-03-21 08:13:27.680
2434	YE2	1163	\N	5	\N	\N	2015-01-01 00:00:00.000	2015-06-16 11:04:49.263
2435	5WD	1096	\N	6	\N	6	2015-01-01 00:00:00.000	2015-06-16 11:05:53.457
2436	1V9155	1140	\N	6	\N	6	2015-01-01 00:00:00.000	2015-06-16 11:07:18.307
2441	ZGU	1139	\N	1	\N	9	2015-01-01 00:00:00.000	2015-06-16 13:30:07.277
2443	JAL	1171	\N	10	\N	3	2015-01-01 00:00:00.000	2021-09-01 15:21:24.267
2444	J8B	1171	\N	10	\N	3	2015-01-01 00:00:00.000	2015-06-16 13:38:46.350
2445	J8D	1171	\N	10	\N	3	2015-01-01 00:00:00.000	2015-06-16 13:44:23.437
2446	4KL	984	\N	10	\N	6	2015-01-01 00:00:00.000	2015-06-16 16:11:37.233
2447	4KB	984	\N	10	\N	6	2015-01-01 00:00:00.000	2015-06-22 13:47:08.727
2448	4KD	984	\N	10	\N	6	2015-01-01 00:00:00.000	2015-06-16 13:47:56.580
2450	5DJ	1173	\N	6	\N	\N	2015-01-01 00:00:00.000	2015-06-16 14:17:17.853
2451	YS3	1137	\N	2	\N	23	2015-01-01 00:00:00.000	2015-06-16 14:19:17.350
2452	JT5	1057	\N	2	\N	3	2015-01-01 00:00:00.000	2022-07-28 13:46:03.843
2453	1M9813	1095	\N	6	\N	6	2015-01-01 00:00:00.000	2015-06-17 10:11:11.823
2454	1T7	1086	\N	5	\N	\N	2015-01-01 00:00:00.000	2015-06-17 09:11:05.690
2455	1T8	1086	\N	5	\N	\N	2015-01-01 00:00:00.000	2015-06-17 09:11:49.290
2456	5P0	1086	\N	10	\N	\N	2015-01-01 00:00:00.000	2015-06-17 09:12:42.800
2457	1J2	994	\N	10	\N	6	2015-01-01 00:00:00.000	2015-06-17 09:39:29.570
2458	1J3	994	\N	3	\N	6	2015-01-01 00:00:00.000	2015-06-17 09:40:06.760
2459	5RX	1104	\N	6	\N	\N	2015-01-01 00:00:00.000	2025-03-13 11:33:44.377
2460	1J7	994	\N	3	\N	6	2015-01-01 00:00:00.000	2015-06-17 09:46:02.240
2461	1J8	994	\N	7	\N	6	2015-01-01 00:00:00.000	2015-06-17 09:46:42.567
2464	2J4	995	\N	7	\N	1	2015-01-01 00:00:00.000	2015-06-17 09:52:56.733
2465	2J6	995	\N	10	\N	1	2015-01-01 00:00:00.000	2015-06-17 09:53:59.553
2471	3J4	1002	\N	7	\N	12	2015-01-01 00:00:00.000	2015-06-17 10:04:07.253
2472	3J6	1002	\N	10	\N	12	2015-01-01 00:00:00.000	2015-06-17 10:04:51.090
2477	5KE	6093	\N	6	\N	6	2015-01-01 00:00:00.000	2023-07-24 17:10:25.857
2478	SA9202	22205	\N	1	\N	5	2015-01-01 00:00:00.000	2026-07-14 16:47:36.423
2479	4FV	12307	\N	6	\N	6	2015-01-01 00:00:00.000	2023-01-25 15:19:55.260
2480	57W	1174	\N	2	\N	\N	2015-01-01 00:00:00.000	2015-06-17 11:08:36.637
2486	4XT	1106	\N	6	\N	6	2015-01-01 00:00:00.000	2020-02-04 14:10:46.937
2487	1SU	1110	\N	6	\N	6	2015-01-01 00:00:00.000	2015-06-17 12:19:58.250
2488	4P1	1124	\N	3	\N	\N	2015-01-01 00:00:00.000	2017-10-20 09:18:38.560
2489	SA9A11	22205	\N	2	\N	5	2015-01-01 00:00:00.000	2026-07-14 17:07:17.230
2490	4T9076	1107	\N	6	\N	6	2015-01-01 00:00:00.000	2015-06-17 13:17:53.093
2491	1Z9283	1175	\N	6	\N	\N	2015-01-01 00:00:00.000	2015-06-17 13:22:40.090
2492	SA9J00	22205	\N	2	\N	28	2015-01-01 00:00:00.000	2026-07-14 17:07:45.910
2494	1K9274	1115	\N	6	\N	6	2015-01-01 00:00:00.000	2020-02-04 15:08:14.790
2495	1V9178	1141	\N	6	\N	6	2015-01-01 00:00:00.000	2015-06-17 15:00:11.253
2496	1N9084	8807	\N	5	\N	6	2015-01-01 00:00:00.000	2015-07-10 11:44:08.503
2497	2M9182	1196	\N	6	\N	\N	2015-01-01 00:00:00.000	2015-06-17 15:20:52.657
2498	564	16415	\N	6	\N	6	2015-01-01 00:00:00.000	2026-01-05 15:12:19.643
2499	4T9145	1127	\N	6	\N	6	2015-01-01 00:00:00.000	2015-06-17 15:31:59.760
2500	1T9958	1092	\N	6	\N	6	2015-01-01 00:00:00.000	2015-06-17 16:04:41.603
2501	1J9405	1089	\N	6	\N	6	2015-01-01 00:00:00.000	2015-06-17 16:25:35.723
2502	1Z9308	1176	\N	6	\N	6	2015-01-01 00:00:00.000	2015-06-18 08:32:07.030
2503	1A9753	1181	\N	6	\N	6	2015-01-01 00:00:00.000	2015-06-18 08:56:55.133
2504	4C9298	6062	\N	6	\N	6	2015-01-01 00:00:00.000	2021-02-23 15:51:37.887
2505	5HN	1183	\N	6	\N	6	2015-01-01 00:00:00.000	2015-06-18 09:21:44.497
2506	1R9590	1144	\N	1	\N	6	2015-01-01 00:00:00.000	2015-06-18 09:30:11.453
2507	15G	1118	\N	5	\N	6	2015-01-01 00:00:00.000	2015-06-18 09:44:09.487
2508	4C9246	1198	\N	6	\N	6	2015-01-01 00:00:00.000	2015-06-18 10:19:43.460
2509	1A9776	1189	\N	6	\N	6	2015-01-01 00:00:00.000	2015-06-18 10:18:02.340
2510	1C9555	1199	\N	6	\N	6	2015-01-01 00:00:00.000	2015-06-18 10:42:48.913
2511	4C9264	1201	\N	6	\N	6	2015-01-01 00:00:00.000	2015-06-18 10:58:11.530
2512	1P9073	1124	\N	6	\N	6	2015-01-01 00:00:00.000	2017-10-20 09:19:10.463
2513	NLT	1129	\N	5	\N	13	2015-01-01 00:00:00.000	2015-06-18 11:22:43.643
2514	1A9953	1193	\N	6	\N	\N	2015-01-01 00:00:00.000	2015-06-18 11:37:03.813
2515	4C9337	1202	\N	6	\N	6	2015-01-01 00:00:00.000	2019-12-02 15:16:06.143
2516	1A9756	1195	\N	6	\N	\N	2015-01-01 00:00:00.000	2015-06-18 11:52:55.103
2517	1A9781	1188	\N	6	\N	6	2015-01-01 00:00:00.000	2015-06-18 12:04:32.690
2518	4RK	20942	\N	5	\N	6	2015-01-01 00:00:00.000	2023-02-27 17:33:50.867
2519	1A9817	1187	\N	6	\N	6	2015-01-01 00:00:00.000	2015-06-18 12:16:51.960
2520	1A9818	1184	\N	6	\N	6	2015-01-01 00:00:00.000	2015-06-18 12:30:37.183
2521	1A9727	1186	\N	6	\N	6	2015-01-01 00:00:00.000	2015-06-18 12:45:35.480
2522	1A9799	1191	\N	1	\N	6	2015-01-01 00:00:00.000	2015-06-18 12:56:28.170
2523	1C9126	1211	\N	6	\N	6	2015-01-01 00:00:00.000	2015-06-18 13:21:49.703
2524	46G	1118	\N	10	\N	6	2015-01-01 00:00:00.000	2015-08-04 11:57:29.867
2525	2EV	1180	\N	6	\N	\N	2015-01-01 00:00:00.000	2015-06-18 14:20:44.733
2526	4C9238	1204	\N	1	\N	6	2015-01-01 00:00:00.000	2015-06-18 14:27:00.787
2528	4C9090	1234	\N	6	\N	6	2015-01-01 00:00:00.000	2015-06-18 15:42:30.473
2529	4C9121	1203	\N	1	\N	6	2015-01-01 00:00:00.000	2015-06-19 08:18:58.967
2531	1A9935	1182	\N	6	\N	6	2015-01-01 00:00:00.000	2015-06-19 08:37:47.067
2532	1K9311	1205	\N	6	\N	\N	2015-01-01 00:00:00.000	2015-06-19 08:38:26.020
2533	1C9939	1246	\N	1	\N	6	2015-01-01 00:00:00.000	2015-06-19 10:00:36.267
2534	4C9149	1206	\N	1	\N	6	2015-01-01 00:00:00.000	2015-06-19 09:04:50.140
2535	1A9815	1194	\N	6	\N	6	2015-01-01 00:00:00.000	2015-06-19 09:08:06.340
2536	1C4	994	\N	7	\N	6	2015-01-01 00:00:00.000	2016-09-13 11:35:32.073
2537	1C6	994	\N	3	\N	6	2015-01-01 00:00:00.000	2016-09-13 11:35:52.883
2538	1C7	994	\N	10	\N	6	2015-01-01 00:00:00.000	2016-09-13 11:36:02.273
2539	2C4	995	\N	7	\N	1	2015-01-01 00:00:00.000	2016-09-13 11:37:45.547
2540	2C6	995	\N	3	\N	1	2015-01-01 00:00:00.000	2016-09-13 11:37:55.170
2541	2C7	995	\N	10	\N	1	2015-01-01 00:00:00.000	2021-05-04 18:02:22.680
2542	3C4	1002	\N	7	\N	12	2015-01-01 00:00:00.000	2016-09-13 11:38:33.767
2543	3C6	1002	\N	3	\N	12	2015-01-01 00:00:00.000	2016-09-13 11:38:42.127
2544	3C7	1002	\N	10	\N	12	2015-01-01 00:00:00.000	2016-09-13 11:38:50.193
2545	4C9333	1207	\N	2	\N	6	2015-01-01 00:00:00.000	2015-06-19 09:53:53.257
2546	4C9176	1208	\N	6	\N	6	2015-01-01 00:00:00.000	2015-06-19 10:32:20.063
2547	1Z9366	1177	\N	6	\N	6	2015-01-01 00:00:00.000	2015-06-19 10:37:02.347
2548	1C9896	1247	\N	6	\N	6	2015-01-01 00:00:00.000	2015-06-19 10:37:28.710
2549	4C9060	1248	\N	1	\N	6	2015-01-01 00:00:00.000	2015-06-19 10:47:04.023
2550	1Z9462	1178	\N	6	\N	6	2015-01-01 00:00:00.000	2015-06-19 10:48:25.393
2551	431	1252	\N	6	\N	6	2015-01-01 00:00:00.000	2015-06-19 10:51:31.377
2552	4C9052	1213	\N	1	\N	6	2015-01-01 00:00:00.000	2015-06-19 14:45:37.160
2553	4C9115	1209	\N	1	\N	6	2015-01-01 00:00:00.000	2015-06-19 10:58:32.360
2554	1Z9303	1179	\N	1	\N	6	2015-01-01 00:00:00.000	2015-06-19 11:00:35.380
2556	4C9071	1250	\N	6	\N	6	2015-01-01 00:00:00.000	2015-06-19 11:08:31.587
2557	4C9224	1253	\N	6	\N	6	2015-01-01 00:00:00.000	2015-06-19 11:24:31.300
2558	4MJ	1254	\N	6	\N	6	2015-01-01 00:00:00.000	2015-06-19 11:34:43.383
2559	1M9752	1185	\N	1	\N	6	2015-01-01 00:00:00.000	2015-06-19 11:44:11.973
2564	1A9985	1255	\N	1	\N	6	2015-01-01 00:00:00.000	2015-06-19 11:49:33.227
2565	1N9175	10698	\N	6	\N	6	2015-01-01 00:00:00.000	2017-09-26 14:26:41.117
2567	5VD	1123	\N	6	\N	6	2015-01-01 00:00:00.000	2015-06-19 12:08:08.470
2568	4C9057	10041	\N	6	\N	6	2015-01-01 00:00:00.000	2016-11-22 16:53:57.620
2569	6G1	984	\N	2	\N	14	2015-01-01 00:00:00.000	2015-06-19 12:12:35.513
2570	4C9063	1260	\N	6	\N	6	2015-01-01 00:00:00.000	2015-06-19 12:16:21.120
2571	1A9668	1256	\N	6	\N	6	2015-01-01 00:00:00.000	2015-06-19 12:19:24.653
2572	4C9089	1264	\N	1	\N	6	2015-01-01 00:00:00.000	2015-06-19 12:23:38.827
2573	4C9207	1119	\N	1	\N	6	2015-01-01 00:00:00.000	2015-06-19 12:31:14.580
2574	1D9560	1268	\N	6	\N	6	2015-01-01 00:00:00.000	2015-06-19 12:32:58.367
2575	4C9119	1214	\N	1	\N	6	2015-01-01 00:00:00.000	2015-06-19 12:33:39.893
2576	1D9668	1269	\N	6	\N	6	2015-01-01 00:00:00.000	2015-06-19 12:48:49.173
2577	4C9332	1122	\N	6	\N	6	2015-01-01 00:00:00.000	2015-06-19 12:52:13.957
2578	3A9217	1258	\N	6	\N	12	2015-01-01 00:00:00.000	2015-06-19 14:06:28.637
2579	1H9055	1270	\N	6	\N	6	2015-01-01 00:00:00.000	2015-06-19 13:17:41.557
2580	4C9346	1121	\N	6	\N	6	2015-01-01 00:00:00.000	2015-06-19 13:20:16.310
2581	4C9008	1275	\N	6	\N	6	2015-01-01 00:00:00.000	2015-06-19 13:49:52.123
2582	1D9605	1271	\N	6	\N	6	2015-01-01 00:00:00.000	2015-06-19 13:56:02.653
2583	1A9646	1259	\N	6	\N	6	2015-01-01 00:00:00.000	2015-06-19 13:56:16.710
2584	57D	1120	\N	6	\N	6	2015-01-01 00:00:00.000	2015-06-19 13:57:47.033
2585	1C9791	1265	\N	6	\N	6	2015-01-01 00:00:00.000	2015-06-19 13:59:15.970
2586	1A9494	1261	\N	1	\N	6	2015-01-01 00:00:00.000	2015-06-19 14:22:58.333
2587	4C9228	1279	\N	1	\N	6	2015-01-01 00:00:00.000	2015-06-19 14:38:39.623
2588	1D9579	1272	\N	6	\N	6	2015-01-01 00:00:00.000	2015-06-19 14:39:04.710
2590	1J9338	1262	\N	1	\N	6	2015-01-01 00:00:00.000	2015-06-19 14:59:11.807
2591	4C9044	1280	\N	6	\N	6	2015-01-01 00:00:00.000	2015-06-19 15:01:51.740
2592	1D9648	1276	\N	10	\N	6	2015-01-01 00:00:00.000	2015-06-19 15:05:21.997
2594	4C9124	1281	\N	6	\N	6	2015-01-01 00:00:00.000	2015-06-19 15:20:06.830
2595	5ZK	1282	\N	1	\N	6	2015-01-01 00:00:00.000	2015-06-19 15:40:24.333
2596	4C9318	1289	\N	6	\N	6	2015-01-01 00:00:00.000	2015-06-19 15:41:28.607
2597	54C	1108	\N	6	\N	6	2015-01-01 00:00:00.000	2025-04-25 11:49:42.937
2598	4U7	981	\N	5	\N	6	2015-01-01 00:00:00.000	2017-09-26 15:31:01.283
2600	1A9851	1288	\N	6	\N	6	2015-01-01 00:00:00.000	2015-06-19 16:19:45.303
2601	4C9367	1296	\N	6	\N	6	2015-01-01 00:00:00.000	2015-06-19 16:20:29.093
2602	1A9759	1291	\N	6	\N	6	2015-01-01 00:00:00.000	2015-06-19 16:28:56.437
2604	4C9205	1285	\N	1	\N	6	2015-01-01 00:00:00.000	2015-06-22 07:43:10.980
2605	4C9187	6213	\N	1	\N	6	2015-01-01 00:00:00.000	2015-06-22 08:27:01.847
2606	5GG	1287	\N	6	\N	6	2015-01-01 00:00:00.000	2015-06-22 08:55:20.970
2607	1A9920	1292	\N	1	\N	6	2015-01-01 00:00:00.000	2015-06-22 09:08:05.620
2608	1DA	1273	\N	6	\N	6	2015-01-01 00:00:00.000	2015-06-22 16:22:31.473
2609	473	1290	\N	6	\N	6	2015-01-01 00:00:00.000	2015-06-22 09:35:27.227
2610	1A9725	1293	\N	6	\N	6	2015-01-01 00:00:00.000	2017-09-01 14:34:53.653
2611	4C9080	10509	\N	6	\N	6	2015-01-01 00:00:00.000	2015-06-22 10:13:07.033
2614	1A9970	6518	\N	6	\N	6	2015-01-01 00:00:00.000	2015-06-22 10:50:27.883
2615	4C9191	1294	\N	1	\N	6	2015-01-01 00:00:00.000	2015-06-22 10:41:43.317
2616	4C9165	1297	\N	6	\N	6	2015-01-01 00:00:00.000	2015-06-22 11:03:28.103
2617	1A9987	7167	\N	6	\N	6	2015-01-01 00:00:00.000	2015-06-22 11:20:58.890
2618	4C9106	1267	\N	6	\N	6	2015-01-01 00:00:00.000	2015-06-22 11:22:04.423
2619	1A9739	10980	\N	1	\N	6	2015-01-01 00:00:00.000	2015-06-22 12:05:31.313
2620	1T9198	9906	\N	6	\N	6	2015-01-01 00:00:00.000	2015-06-22 11:52:48.737
2621	1D9600	1274	\N	1	\N	6	2015-01-01 00:00:00.000	2015-06-22 12:28:59.467
2622	1A9893	12133	\N	1	\N	6	2015-01-01 00:00:00.000	2015-06-22 13:22:14.837
2623	3GG	984	\N	3	\N	12	2015-01-01 00:00:00.000	2015-08-27 16:06:02.023
2624	RFT	3492	\N	1	\N	4	2015-01-01 00:00:00.000	2015-06-22 14:10:30.137
2625	5YX	7020	\N	9	\N	6	2015-01-01 00:00:00.000	2015-06-22 14:51:55.050
2626	1D9689	7074	\N	6	\N	6	2015-01-01 00:00:00.000	2015-06-22 14:55:16.260
2627	4C9142	5833	\N	6	\N	6	2015-01-01 00:00:00.000	2015-06-22 14:56:14.293
2628	1D9677	1470	\N	6	\N	6	2015-01-01 00:00:00.000	2016-03-10 12:57:49.027
2629	1D9286	7755	\N	6	\N	6	2015-01-01 00:00:00.000	2015-06-22 15:11:38.267
2630	1D9672	7456	\N	6	\N	6	2015-01-01 00:00:00.000	2015-06-22 15:14:21.880
2631	5TJ	11595	\N	6	\N	6	2015-01-01 00:00:00.000	2019-10-17 12:32:21.570
2632	1D9155	13326	\N	6	\N	6	2015-01-01 00:00:00.000	2015-06-22 15:28:54.390
2635	1CY	3533	\N	10	\N	6	2015-01-01 00:00:00.000	2023-02-09 18:07:31.827
2636	1D9714	11976	\N	6	\N	6	2015-01-01 00:00:00.000	2015-06-22 15:50:06.103
2637	1D9727	1620	\N	6	\N	6	2015-01-01 00:00:00.000	2015-06-22 16:16:24.513
2638	1D9610	11561	\N	1	\N	6	2015-01-01 00:00:00.000	2015-06-22 16:44:12.733
2639	1D9590	10956	\N	1	\N	6	2015-01-01 00:00:00.000	2015-06-22 16:57:23.843
2640	1D9644	4702	\N	6	\N	6	2015-01-01 00:00:00.000	2020-01-15 16:31:01.867
2641	1D9663	6723	\N	9	\N	6	2015-01-01 00:00:00.000	2015-06-23 09:23:08.710
2642	1A9875	7073	\N	6	\N	6	2015-01-01 00:00:00.000	2015-06-23 09:36:44.700
2643	1A9822	12068	\N	6	\N	6	2015-01-01 00:00:00.000	2015-06-23 09:48:22.490
2645	1D9564	9522	\N	1	\N	6	2015-01-01 00:00:00.000	2015-06-23 10:29:15.530
2646	1D9724	7983	\N	6	\N	6	2015-01-01 00:00:00.000	2015-06-23 10:44:10.707
2647	1D9707	6314	\N	1	\N	6	2015-01-01 00:00:00.000	2015-06-23 10:45:41.767
2648	1D9615	8690	\N	6	\N	6	2015-01-01 00:00:00.000	2015-06-23 11:13:01.797
2649	54D	4368	\N	10	\N	6	2015-01-01 00:00:00.000	2020-01-13 11:56:39.847
2650	1D9595	9730	\N	1	\N	6	2015-01-01 00:00:00.000	2015-06-23 11:52:55.853
2651	1D9597	1300	\N	1	\N	6	2015-01-01 00:00:00.000	2015-06-23 12:13:53.933
2652	1D9739	7391	\N	6	\N	6	2015-01-01 00:00:00.000	2015-06-23 12:43:50.293
2653	1D9746	6751	\N	6	\N	6	2015-01-01 00:00:00.000	2015-06-23 13:40:52.393
2654	1D9549	8709	\N	1	\N	6	2015-01-01 00:00:00.000	2015-06-23 14:04:34.553
2655	5WW	7833	\N	6	\N	6	2015-01-01 00:00:00.000	2015-06-23 14:29:01.143
2656	1A9701	8654	\N	1	\N	6	2015-01-01 00:00:00.000	2015-06-23 14:46:08.157
2657	1A9941	12263	\N	6	\N	6	2015-01-01 00:00:00.000	2015-06-23 15:04:27.787
2658	1A9980	7834	\N	1	\N	6	2015-01-01 00:00:00.000	2015-06-23 15:18:46.037
2659	576	12265	\N	6	\N	6	2015-01-01 00:00:00.000	2015-06-23 15:25:47.987
2660	1D9637	11406	\N	6	\N	6	2015-01-01 00:00:00.000	2015-06-23 16:04:10.537
2661	1D9498	7892	\N	6	\N	6	2015-01-01 00:00:00.000	2015-06-23 16:23:23.627
2662	1D9583	10486	\N	1	\N	6	2015-01-01 00:00:00.000	2015-06-23 16:45:05.560
2663	1D9302	9765	\N	6	\N	6	2015-01-01 00:00:00.000	2015-06-23 16:55:02.760
2664	1D9636	11414	\N	6	\N	6	2015-01-01 00:00:00.000	2015-06-23 17:05:53.030
2665	1D9702	7430	\N	6	\N	6	2015-01-01 00:00:00.000	2015-06-23 17:09:53.893
2666	1A9423	11402	\N	1	\N	6	2015-01-01 00:00:00.000	2015-07-27 16:18:42.263
2667	1A9841	7439	\N	2	\N	\N	2015-01-01 00:00:00.000	2019-10-21 16:32:44.537
2668	1U9148	7590	\N	6	\N	\N	2015-01-01 00:00:00.000	2015-06-24 08:58:01.953
2669	1B9860	8697	\N	6	\N	6	2015-01-01 00:00:00.000	2015-06-24 09:04:16.493
2670	1A9810	6240	\N	1	\N	\N	2015-01-01 00:00:00.000	2015-06-24 09:11:49.050
2671	1B9856	11583	\N	1	\N	6	2015-01-01 00:00:00.000	2015-06-24 09:16:08.137
2672	1A9870	5177	\N	6	\N	6	2015-01-01 00:00:00.000	2015-06-24 09:42:00.993
2673	1A9833	7190	\N	1	\N	\N	2015-01-01 00:00:00.000	2015-06-24 09:22:40.757
2674	1A9816	12038	\N	6	\N	6	2015-01-01 00:00:00.000	2015-06-24 09:31:24.403
2675	1B9277	2011	\N	6	\N	6	2015-01-01 00:00:00.000	2015-06-24 09:43:42.753
2676	4LM	4523	\N	3	\N	6	2015-01-01 00:00:00.000	2015-06-24 09:45:16.977
2677	1A9811	6688	\N	1	\N	6	2015-01-01 00:00:00.000	2015-06-24 09:45:40.580
2678	1A9795	9197	\N	6	\N	6	2015-01-01 00:00:00.000	2015-06-24 09:49:49.573
2679	4L5	7261	\N	6	\N	6	2015-01-01 00:00:00.000	2015-06-24 10:09:47.840
2680	1A9898	7897	\N	6	\N	6	2015-01-01 00:00:00.000	2015-06-30 16:47:04.337
2681	1A9697	9339	\N	6	\N	6	2015-01-01 00:00:00.000	2015-06-24 10:17:06.547
2682	1A9277	10953	\N	6	\N	6	2015-01-01 00:00:00.000	2015-06-24 10:22:02.617
2683	1A9932	12209	\N	9	\N	6	2015-01-01 00:00:00.000	2015-06-24 10:23:56.840
2684	1A9809	6218	\N	6	\N	6	2015-01-01 00:00:00.000	2015-06-24 10:29:03.833
2685	LA9BFC	4274	\N	6	\N	8	2015-01-01 00:00:00.000	2015-06-24 10:35:31.213
2686	1A9695	10689	\N	6	\N	6	2015-01-01 00:00:00.000	2015-06-24 10:36:51.727
2687	1A9801	9757	\N	6	\N	6	2015-01-01 00:00:00.000	2015-06-24 10:37:01.787
2688	A5L	10019	\N	1	\N	6	2015-01-01 00:00:00.000	2017-01-20 14:38:20.243
2689	1B9728	11325	\N	6	\N	6	2015-01-01 00:00:00.000	2015-06-24 10:54:58.533
2690	1A9374	10037	\N	6	\N	6	2015-01-01 00:00:00.000	2015-06-24 11:06:21.487
2691	1A9157	10016	\N	6	\N	6	2015-01-01 00:00:00.000	2016-03-10 11:38:55.807
2692	1P9689	6195	\N	6	\N	6	2015-01-01 00:00:00.000	2015-06-24 11:23:43.880
2693	1A9720	8724	\N	6	\N	6	2015-01-01 00:00:00.000	2015-06-24 11:32:37.090
2694	2AE	5072	\N	6	\N	1	2015-01-01 00:00:00.000	2026-07-14 15:07:10.550
2695	2AP	5072	\N	6	\N	1	2015-01-01 00:00:00.000	2026-07-14 15:07:22.080
2696	4B9008	7650	\N	1	\N	6	2015-01-01 00:00:00.000	2019-10-30 17:37:12.407
2697	1B9791	9440	\N	1	\N	6	2015-01-01 00:00:00.000	2015-06-24 12:45:53.130
2698	1B9657	12565	\N	6	\N	6	2015-01-01 00:00:00.000	2015-06-24 13:07:14.843
2699	1A9843	6177	\N	6	\N	6	2015-01-01 00:00:00.000	2015-06-24 13:12:42.820
2700	16J	10945	\N	6	\N	6	2015-01-01 00:00:00.000	2015-06-24 13:16:43.153
2701	1A9718	9841	\N	6	\N	6	2015-01-01 00:00:00.000	2015-06-24 13:18:17.847
2702	1B9800	10411	\N	6	\N	6	2015-01-01 00:00:00.000	2015-06-24 13:24:46.630
2703	1A9736	9824	\N	6	\N	6	2015-01-01 00:00:00.000	2015-06-24 13:26:13.227
2704	1A9948	6580	\N	6	\N	6	2015-01-01 00:00:00.000	2015-06-24 13:32:56.970
2709	5UZ	6556	\N	6	\N	6	2015-01-01 00:00:00.000	2025-05-07 15:57:37.763
2710	KL1	984	\N	2	\N	15	2015-01-01 00:00:00.000	2016-03-08 15:19:33.190
2711	1A9872	6634	\N	6	\N	6	2015-01-01 00:00:00.000	2015-06-24 13:40:01.773
2712	1A9804	8953	\N	6	\N	6	2015-01-01 00:00:00.000	2015-06-24 13:49:24.077
2713	1D9670	7053	\N	6	\N	6	2015-01-01 00:00:00.000	2015-06-24 13:56:31.440
2714	4B9057	6521	\N	6	\N	6	2015-01-01 00:00:00.000	2015-06-24 14:02:25.357
2715	1D9548	8637	\N	1	\N	6	2015-01-01 00:00:00.000	2015-06-24 14:03:36.667
2716	1A9967	7493	\N	6	\N	6	2015-01-01 00:00:00.000	2018-08-22 13:44:34.063
2717	1A9956	6532	\N	6	\N	6	2015-01-01 00:00:00.000	2015-06-24 14:06:31.667
2718	1B9867	8857	\N	6	\N	6	2015-01-01 00:00:00.000	2015-06-24 14:25:21.857
2719	5A3	8757	\N	6	\N	6	2015-01-01 00:00:00.000	2015-06-24 14:25:28.377
2720	1D9667	7043	\N	10	\N	6	2015-01-01 00:00:00.000	2015-06-24 14:27:43.833
2721	1D9711	6072	\N	1	\N	6	2015-01-01 00:00:00.000	2015-06-24 14:35:08.170
2722	1D9568	9833	\N	1	\N	6	2015-01-01 00:00:00.000	2015-06-24 14:50:01.490
2723	4C9200	7012	\N	6	\N	6	2015-01-01 00:00:00.000	2015-06-24 15:00:36.410
2724	1D9603	11342	\N	1	\N	6	2015-01-01 00:00:00.000	2015-06-24 15:03:28.650
2725	1D9643	9129	\N	6	\N	6	2015-01-01 00:00:00.000	2015-06-24 15:10:11.443
2726	4YN	12057	\N	6	\N	6	2015-01-01 00:00:00.000	2015-06-24 15:18:35.043
2727	1D9640	8951	\N	6	\N	6	2015-01-01 00:00:00.000	2015-06-24 15:19:31.937
2728	52B	8951	\N	6	\N	6	2015-01-01 00:00:00.000	2015-06-24 15:28:14.817
2729	4C9281	7272	\N	6	\N	6	2015-01-01 00:00:00.000	2015-06-24 15:30:32.970
2730	5RJ	8450	\N	3	\N	6	2015-01-01 00:00:00.000	2019-10-22 11:04:54.190
2731	5UF	8450	\N	10	\N	6	2015-01-01 00:00:00.000	2019-10-22 11:06:56.073
2732	4C9328	6359	\N	6	\N	6	2015-01-01 00:00:00.000	2015-06-24 16:04:07.027
2733	LA8	12157	\N	5	\N	8	2015-01-01 00:00:00.000	2015-06-24 16:18:01.287
2734	3C9116	10677	\N	6	\N	12	2015-01-01 00:00:00.000	2015-06-24 16:19:29.800
2735	3A9050	6083	\N	6	\N	12	2015-01-01 00:00:00.000	2015-06-24 16:37:59.010
2736	1A9828	6663	\N	6	\N	6	2015-01-01 00:00:00.000	2015-06-24 17:10:55.737
2737	5ZL	6651	\N	6	\N	6	2015-01-01 00:00:00.000	2015-06-25 08:28:06.767
2738	1B9988	7262	\N	6	\N	6	2015-01-01 00:00:00.000	2015-06-25 08:34:39.560
2739	4C9208	8951	\N	6	\N	6	2015-01-01 00:00:00.000	2015-06-25 08:34:55.627
2740	1B9803	8710	\N	6	\N	6	2015-01-01 00:00:00.000	2015-06-25 08:35:53.253
2741	LDF	1575	\N	1	\N	\N	2015-01-01 00:00:00.000	2020-02-03 13:39:53.490
2742	5LB	12044	\N	6	\N	6	2015-01-01 00:00:00.000	2015-06-25 08:42:13.833
2743	4B9061	7637	\N	6	\N	6	2015-01-01 00:00:00.000	2015-06-25 09:03:48.150
2744	1B9435	4774	\N	6	\N	6	2015-01-01 00:00:00.000	2015-06-25 09:05:23.640
2745	4C9380	6976	\N	6	\N	6	2015-01-01 00:00:00.000	2015-06-25 09:06:12.873
2746	1E9366	10640	\N	1	\N	6	2015-01-01 00:00:00.000	2015-06-25 09:08:23.850
2747	3E9034	7905	\N	6	\N	\N	2015-01-01 00:00:00.000	2015-06-25 09:14:37.113
2748	1E9473	7226	\N	1	\N	\N	2015-01-01 00:00:00.000	2016-04-04 11:59:20.770
2749	4C9385	7162	\N	6	\N	6	2015-01-01 00:00:00.000	2015-06-25 09:29:19.670
2750	1E9286	2721	\N	6	\N	6	2015-01-01 00:00:00.000	2015-06-25 09:36:53.973
2751	1E9503	7902	\N	6	\N	6	2015-01-01 00:00:00.000	2015-06-25 09:44:41.553
2752	1E9519	6067	\N	6	\N	6	2015-01-01 00:00:00.000	2015-06-25 09:49:26.283
2753	52E	13337	\N	1	\N	6	2015-01-01 00:00:00.000	2015-06-25 10:51:26.267
2754	1A9820	7578	\N	6	\N	6	2015-01-01 00:00:00.000	2015-06-25 09:51:25.500
2755	1E9421	11137	\N	5	\N	6	2015-01-01 00:00:00.000	2015-06-25 09:54:55.990
2756	1E9064	12997	\N	6	\N	6	2015-01-01 00:00:00.000	2015-06-25 10:02:26.613
2757	1B9642	10485	\N	9	\N	6	2015-01-01 00:00:00.000	2026-04-07 13:56:28.017
2758	52T	1474	\N	6	\N	6	2015-01-01 00:00:00.000	2015-06-25 10:09:52.260
2759	1E9351	8611	\N	1	\N	6	2015-01-01 00:00:00.000	2015-06-25 10:09:53.587
2760	5XV	7453	\N	6	\N	6	2015-01-01 00:00:00.000	2015-07-31 15:16:43.183
2761	4V0	13338	\N	6	\N	6	2015-01-01 00:00:00.000	2017-09-07 11:36:21.113
2762	4C9078	11588	\N	6	\N	6	2015-01-01 00:00:00.000	2015-06-25 10:22:12.263
2763	53A	6726	\N	6	\N	6	2015-01-01 00:00:00.000	2015-06-25 10:23:19.607
2764	4B9023	6489	\N	6	\N	6	2015-01-01 00:00:00.000	2015-06-25 10:26:27.947
2765	1E9460	13336	\N	6	\N	6	2015-01-01 00:00:00.000	2015-07-31 16:33:37.313
2766	1E9222	12545	\N	6	\N	6	2015-01-01 00:00:00.000	2015-06-25 10:39:46.323
2767	1A9708	9435	\N	9	\N	6	2015-01-01 00:00:00.000	2015-06-25 10:41:14.217
2768	1E9462	12161	\N	6	\N	6	2015-01-01 00:00:00.000	2015-06-25 10:43:44.257
2769	1E9434	9157	\N	6	\N	6	2015-01-01 00:00:00.000	2015-06-25 10:48:45.773
2770	1E9506	7766	\N	6	\N	6	2015-01-01 00:00:00.000	2015-06-25 10:57:51.713
2771	5YH	6433	\N	6	\N	6	2015-01-01 00:00:00.000	2015-06-25 11:08:39.580
2772	1ZE	17411	\N	6	\N	6	2015-01-01 00:00:00.000	2018-05-30 14:57:22.017
2773	RG1	6463	\N	1	\N	6	2015-01-01 00:00:00.000	2019-10-24 11:04:52.170
2774	5YL	6463	\N	1	\N	6	2015-01-01 00:00:00.000	2019-10-24 11:09:19.273
2775	1B9947	6707	\N	6	\N	6	2015-01-01 00:00:00.000	2015-06-25 11:17:54.583
2776	ZA9K49	7438	\N	1	\N	9	2015-01-01 00:00:00.000	2015-06-25 11:38:14.413
2777	1P9677	7402	\N	6	\N	6	2015-01-01 00:00:00.000	2015-06-25 11:52:33.367
2781	11V	13339	\N	3	\N	6	2015-01-01 00:00:00.000	2015-06-25 11:57:30.827
2782	1A9751	10942	\N	6	\N	6	2015-01-01 00:00:00.000	2015-07-01 09:57:13.063
2783	ZD3	14129	\N	1	\N	9	2015-01-01 00:00:00.000	2022-04-05 16:44:51.597
2784	1A9692	9034	\N	1	\N	6	2015-01-01 00:00:00.000	2015-06-25 14:09:31.913
2785	5YN	12031	\N	9	\N	6	2015-01-01 00:00:00.000	2022-03-03 15:39:45.880
2786	1E9494	6635	\N	6	\N	6	2015-01-01 00:00:00.000	2015-06-25 13:58:45.587
2788	1A9884	7866	\N	6	\N	6	2015-01-01 00:00:00.000	2015-06-25 14:32:55.290
2789	1B9930	1433	\N	9	\N	6	2015-01-01 00:00:00.000	2015-06-25 14:38:25.713
2790	541	7483	\N	6	\N	6	2015-01-01 00:00:00.000	2015-06-25 15:02:17.937
2791	4C9214	11865	\N	6	\N	6	2015-01-01 00:00:00.000	2015-06-25 15:16:20.837
2792	53X	7970	\N	6	\N	6	2015-01-01 00:00:00.000	2015-08-07 17:03:45.727
2793	1A9939	7368	\N	6	\N	6	2015-01-01 00:00:00.000	2015-06-25 15:53:53.047
2794	1C9803	14175	\N	6	\N	6	2015-01-01 00:00:00.000	2017-08-22 09:04:46.963
2795	1A9791	11653	\N	6	\N	6	2015-01-01 00:00:00.000	2015-06-25 16:08:01.313
2796	3G0	984	\N	7	\N	12	2015-01-01 00:00:00.000	2017-03-14 15:21:48.033
2797	1A9664	10119	\N	1	\N	6	2015-01-01 00:00:00.000	2015-06-25 16:51:17.890
2798	4C9376	6778	\N	1	\N	6	2015-01-01 00:00:00.000	2015-07-23 09:44:55.473
2799	4C9271	7941	\N	1	\N	6	2015-01-01 00:00:00.000	2015-06-26 09:03:06.940
2800	10R	7721	\N	9	\N	6	2015-01-01 00:00:00.000	2026-08-21 12:39:04.600
2801	4C9381	6977	\N	6	\N	6	2015-01-01 00:00:00.000	2015-06-26 09:38:55.890
2802	1E9449	7008	\N	6	\N	6	2015-01-01 00:00:00.000	2015-06-26 09:42:41.373
2803	RK1	7691	\N	1	\N	4	2015-01-01 00:00:00.000	2022-07-21 18:18:00.617
2804	1A9909	6316	\N	1	\N	6	2015-01-01 00:00:00.000	2015-06-26 10:09:57.457
2805	1D9561	10637	\N	6	\N	6	2015-01-01 00:00:00.000	2015-06-26 10:48:48.477
2806	4C9305	12089	\N	1	\N	6	2015-01-01 00:00:00.000	2015-06-26 11:11:33.180
2807	1A9814	12045	\N	1	\N	6	2015-01-01 00:00:00.000	2015-06-26 11:20:23.193
2808	1A9788	10769	\N	6	\N	6	2015-01-01 00:00:00.000	2015-06-26 12:29:44.220
2809	5YC	9309	\N	6	\N	6	2015-01-01 00:00:00.000	2015-06-26 12:35:08.683
2810	1D9679	6715	\N	1	\N	6	2015-01-01 00:00:00.000	2015-06-26 12:53:11.200
2811	4C9100	10238	\N	6	\N	6	2015-01-01 00:00:00.000	2015-06-26 13:10:34.420
2812	1D9639	1678	\N	6	\N	6	2015-01-01 00:00:00.000	2015-06-26 13:34:04.773
2813	1D9619	9103	\N	6	\N	6	2015-01-01 00:00:00.000	2015-06-26 13:47:11.933
2814	CBC	9264	\N	6	\N	6	2015-01-01 00:00:00.000	2015-06-26 13:49:05.237
2815	4C9003	9960	\N	1	\N	5	2015-01-01 00:00:00.000	2015-06-26 14:30:07.903
2816	1D9728	12231	\N	6	\N	6	2015-01-01 00:00:00.000	2015-06-26 14:36:02.447
2817	1E9560	7836	\N	1	\N	6	2015-01-01 00:00:00.000	2024-05-02 14:45:41.017
2818	1F9317	1593	\N	1	\N	6	2015-01-01 00:00:00.000	2015-06-26 14:58:54.500
2826	1D9589	10215	\N	6	\N	6	2015-01-01 00:00:00.000	2015-06-26 15:06:45.747
2829	LSG	984	\N	2	\N	6	2015-01-01 00:00:00.000	2015-06-30 10:09:09.913
2830	W08	15139	\N	2	\N	6	2015-01-01 00:00:00.000	2020-11-13 09:29:52.597
2831	1D9593	10218	\N	1	\N	6	2015-01-01 00:00:00.000	2015-06-26 15:26:34.953
2832	1F9326	10229	\N	6	\N	6	2015-01-01 00:00:00.000	2015-06-26 15:26:41.737
2833	1F9370	6602	\N	6	\N	6	2015-01-01 00:00:00.000	2015-06-26 15:36:52.993
2834	1E9472	6887	\N	5	\N	6	2015-01-01 00:00:00.000	2015-06-26 15:46:14.593
2835	58X	6602	\N	6	\N	6	2015-01-01 00:00:00.000	2015-06-26 15:52:24.830
2836	1D9602	10319	\N	1	\N	6	2015-01-01 00:00:00.000	2015-06-26 15:48:19.987
2837	1D9601	11334	\N	6	\N	6	2015-01-01 00:00:00.000	2015-06-26 15:53:41.707
2838	3F9001	7967	\N	6	\N	\N	2015-01-01 00:00:00.000	2015-06-26 15:56:35.257
2839	4C9257	7063	\N	6	\N	6	2015-01-01 00:00:00.000	2015-06-26 16:02:37.147
2842	1D9396	2234	\N	6	\N	6	2015-01-01 00:00:00.000	2015-06-26 16:27:17.167
2843	1D9567	5861	\N	6	\N	6	2015-01-01 00:00:00.000	2015-06-26 16:33:08.060
2844	AA9HN1	11287	\N	6	\N	6	2015-01-01 00:00:00.000	2015-06-26 16:51:29.203
2845	ADM	984	\N	7	\N	10	2015-01-01 00:00:00.000	2015-06-26 17:13:42.663
2846	47C	11811	\N	6	\N	6	2015-01-01 00:00:00.000	2015-06-26 17:21:58.697
2847	1D9669	7055	\N	6	\N	6	2015-01-01 00:00:00.000	2015-06-26 17:25:19.377
2848	1D9586	11332	\N	1	\N	6	2015-01-01 00:00:00.000	2015-06-26 17:33:03.197
2849	1F9376	11898	\N	6	\N	6	2015-01-01 00:00:00.000	2015-06-29 07:46:51.080
2850	1F9349	10570	\N	6	\N	6	2015-01-01 00:00:00.000	2015-06-29 07:54:51.730
2851	1F9371	12175	\N	6	\N	6	2015-01-01 00:00:00.000	2015-06-29 08:01:46.707
2852	1F9327	11166	\N	6	\N	6	2015-01-01 00:00:00.000	2015-06-29 08:08:29.283
2853	1F9336	8869	\N	6	\N	6	2015-01-01 00:00:00.000	2015-06-29 08:20:58.583
2854	1F9396	7716	\N	6	\N	6	2015-01-01 00:00:00.000	2015-06-29 08:31:05.690
2855	515	6673	\N	9	\N	6	2015-01-01 00:00:00.000	2015-06-29 08:38:06.890
2856	1B9970	7768	\N	6	\N	6	2015-01-01 00:00:00.000	2015-06-29 08:41:40.877
2857	1C9891	13288	\N	1	\N	6	2015-01-01 00:00:00.000	2015-06-29 08:47:25.713
2858	1F9386	6387	\N	1	\N	6	2015-01-01 00:00:00.000	2015-06-29 08:50:52.117
2859	1F9204	9282	\N	6	\N	6	2015-01-01 00:00:00.000	2015-06-29 08:58:02.617
2860	1F9406	11932	\N	2	\N	6	2015-01-01 00:00:00.000	2015-06-29 08:58:58.637
2861	1D9748	7629	\N	1	\N	6	2015-01-01 00:00:00.000	2015-06-29 09:03:06.207
2862	1F9339	4270	\N	6	\N	6	2015-01-01 00:00:00.000	2015-06-29 09:12:19.603
2863	1D9625	10320	\N	6	\N	6	2015-01-01 00:00:00.000	2015-06-29 09:16:14.040
2864	1F9335	8867	\N	6	\N	6	2015-01-01 00:00:00.000	2015-06-29 09:21:03.483
2865	1F9254	5144	\N	6	\N	6	2015-01-01 00:00:00.000	2015-06-29 09:29:44.713
2866	1D9686	1696	\N	1	\N	6	2015-01-01 00:00:00.000	2015-06-29 09:30:33.370
2867	1F9364	12067	\N	9	\N	6	2015-01-01 00:00:00.000	2015-06-29 09:36:52.917
2868	LA9FCC	7371	\N	6	\N	8	2015-01-01 00:00:00.000	2015-06-29 09:42:19.207
2869	1F9385	6717	\N	1	\N	6	2015-01-01 00:00:00.000	2015-06-29 09:46:37.857
2870	1D9662	1595	\N	6	\N	6	2015-01-01 00:00:00.000	2015-06-29 09:47:39.757
2871	1F9290	10910	\N	6	\N	6	2015-01-01 00:00:00.000	2015-07-10 14:21:04.820
2872	1F9305	9852	\N	6	\N	6	2015-01-01 00:00:00.000	2015-06-29 10:00:25.280
2873	1D9693	7852	\N	6	\N	6	2015-01-01 00:00:00.000	2015-06-29 10:02:16.557
2874	1F9388	6725	\N	9	\N	6	2015-01-01 00:00:00.000	2015-06-29 10:07:05.780
2885	1F9341	7572	\N	6	\N	6	2015-01-01 00:00:00.000	2015-06-29 10:17:01.233
2886	4GB	1747	\N	6	\N	6	2015-01-01 00:00:00.000	2015-06-29 10:22:03.233
2887	1F9302	9273	\N	6	\N	6	2015-01-01 00:00:00.000	2015-06-29 10:22:41.830
2888	1F9351	1313	\N	6	\N	6	2015-01-01 00:00:00.000	2015-06-29 10:31:39.483
2889	1D9654	6661	\N	6	\N	6	2015-01-01 00:00:00.000	2015-06-29 10:35:44.700
2890	1D9655	6661	\N	6	\N	6	2015-01-01 00:00:00.000	2015-06-29 10:36:33.483
2892	1E9465	6157	\N	2	\N	6	2015-01-01 00:00:00.000	2015-06-29 12:24:59.037
2893	7DL	11202	\N	5	\N	6	2015-01-01 00:00:00.000	2015-06-29 10:46:47.297
2894	5YU	9001	\N	1	\N	6	2015-01-01 00:00:00.000	2015-06-29 10:51:24.197
2895	1F9382	6373	\N	1	\N	6	2015-01-01 00:00:00.000	2015-06-29 10:55:39.583
2896	1D9665	6478	\N	5	\N	6	2015-01-01 00:00:00.000	2015-06-29 10:59:54.537
2897	1F9264	12112	\N	6	\N	6	2015-01-01 00:00:00.000	2015-06-29 11:03:36.820
2898	1E9541	7657	\N	6	\N	6	2015-01-01 00:00:00.000	2015-06-29 11:04:51.060
2899	1F9384	6375	\N	6	\N	6	2015-01-01 00:00:00.000	2015-06-29 11:11:31.357
2900	LFP	13960	\N	2	\N	8	2015-01-01 00:00:00.000	2017-08-21 13:28:45.510
2901	2G9086	11172	\N	6	\N	1	2015-01-01 00:00:00.000	2015-06-29 11:32:34.197
2902	1F9314	9514	\N	1	\N	6	2015-01-01 00:00:00.000	2015-06-29 11:34:54.627
2903	4C9092	8445	\N	6	\N	6	2015-01-01 00:00:00.000	2015-06-29 11:35:38.200
2904	4C9145	9127	\N	6	\N	6	2015-01-01 00:00:00.000	2015-06-29 11:53:01.527
2905	4FG	13341	\N	6	\N	6	2015-01-01 00:00:00.000	2015-06-29 11:55:12.740
2906	4C9002	10399	\N	6	\N	6	2015-01-01 00:00:00.000	2015-06-29 12:09:58.120
2907	1F9414	6265	\N	6	\N	6	2015-01-01 00:00:00.000	2015-06-29 12:13:30.280
2908	1G9413	12174	\N	6	\N	6	2015-01-01 00:00:00.000	2015-06-29 12:20:05.210
2909	1F9330	9557	\N	1	\N	6	2015-01-01 00:00:00.000	2015-06-29 12:24:21.550
2910	1E9283	11418	\N	6	\N	6	2015-01-01 00:00:00.000	2015-06-29 12:24:36.307
2911	LD5	10701	\N	1	\N	6	2015-01-01 00:00:00.000	2015-06-29 12:26:00.220
2913	2C1	984	\N	2	\N	6	2015-01-01 00:00:00.000	2016-10-20 16:46:40.803
2915	1E9401	8850	\N	6	\N	6	2015-01-01 00:00:00.000	2015-06-29 12:45:29.597
2916	1G9423	6150	\N	6	\N	6	2015-01-01 00:00:00.000	2015-06-29 12:53:31.607
2917	1F9387	1488	\N	6	\N	6	2015-01-01 00:00:00.000	2015-06-29 12:57:15.343
2918	52D	6139	\N	6	\N	6	2015-01-01 00:00:00.000	2015-06-29 13:03:36.810
2919	1F9358	6432	\N	6	\N	6	2015-01-01 00:00:00.000	2015-06-29 13:12:56.663
2920	5ZW	6826	\N	6	\N	6	2015-01-01 00:00:00.000	2016-06-27 13:13:25.737
2921	1F9438	6770	\N	1	\N	6	2015-01-01 00:00:00.000	2015-06-29 13:24:35.187
2922	4C9062	9838	\N	1	\N	6	2015-01-01 00:00:00.000	2015-06-29 13:30:37.107
2923	52Y	13342	\N	6	\N	6	2015-01-01 00:00:00.000	2015-06-29 13:37:08.060
2924	4B9070	6055	\N	7	\N	6	2015-01-01 00:00:00.000	2019-04-09 08:34:35.760
2925	1D9736	1641	\N	6	\N	6	2015-01-01 00:00:00.000	2015-06-29 13:55:38.890
2926	1G9392	13343	\N	6	\N	6	2015-01-01 00:00:00.000	2015-06-29 13:57:33.363
2927	1F9377	7223	\N	6	\N	6	2015-01-01 00:00:00.000	2015-06-29 14:02:04.197
2928	3C9143	9825	\N	6	\N	12	2015-01-01 00:00:00.000	2015-06-29 14:27:16.150
2929	1B9780	10667	\N	1	\N	6	2015-01-01 00:00:00.000	2015-06-29 14:35:15.633
2930	1D9592	11124	\N	9	\N	6	2015-01-01 00:00:00.000	2015-06-29 14:47:06.743
2931	1E9377	11284	\N	6	\N	6	2015-01-01 00:00:00.000	2015-06-29 14:50:27.347
2932	4C9229	6170	\N	6	\N	6	2015-01-01 00:00:00.000	2015-06-29 14:51:25.923
2933	1G9393	8942	\N	1	\N	6	2015-01-01 00:00:00.000	2015-06-29 15:02:50.250
2934	4C9021	7697	\N	1	\N	6	2015-01-01 00:00:00.000	2015-06-29 15:16:21.123
2935	1D9628	1347	\N	9	\N	6	2015-01-01 00:00:00.000	2015-06-29 15:31:13.540
2936	2V8	1478	\N	7	\N	1	2015-01-01 00:00:00.000	2015-06-29 15:39:03.427
2937	1G9420	12971	\N	6	\N	6	2015-01-01 00:00:00.000	2015-06-29 15:55:49.770
2943	1G2	984	\N	2	\N	6	2015-01-01 00:00:00.000	2015-06-29 16:07:22.987
2944	2G2	984	\N	2	\N	6	2015-01-01 00:00:00.000	2015-06-29 16:08:36.637
2948	52G	6147	\N	1	\N	6	2015-01-01 00:00:00.000	2015-06-29 16:12:11.027
2949	3G2	984	\N	2	\N	6	2015-01-01 00:00:00.000	2015-06-29 16:13:09.700
2953	KL2	984	\N	2	\N	6	2015-01-01 00:00:00.000	2015-06-29 16:15:50.003
2954	1F9389	6617	\N	6	\N	6	2015-01-01 00:00:00.000	2015-06-30 07:43:31.790
2955	1F9301	6848	\N	1	\N	6	2015-01-01 00:00:00.000	2015-06-30 07:51:02.663
2956	1F9307	10261	\N	6	\N	6	2015-01-01 00:00:00.000	2015-06-30 08:05:22.397
2957	1F9381	6704	\N	6	\N	6	2015-01-01 00:00:00.000	2015-06-30 08:17:05.100
2958	LVW	10724	\N	1	\N	8	2015-01-01 00:00:00.000	2015-06-30 08:33:12.520
2959	1F9397	7849	\N	6	\N	6	2015-01-01 00:00:00.000	2015-06-30 08:36:29.657
2960	YH4	12144	\N	2	\N	\N	2015-01-01 00:00:00.000	2022-10-06 12:30:24.190
2961	514	12144	\N	2	\N	\N	2015-01-01 00:00:00.000	2022-10-06 12:28:12.990
2962	1UN	1739	\N	6	\N	6	2015-01-01 00:00:00.000	2018-10-26 12:28:50.903
2963	1F9424	1511	\N	6	\N	6	2015-01-01 00:00:00.000	2015-06-30 09:05:28.467
2964	3CW	8516	\N	6	\N	\N	2015-01-01 00:00:00.000	2015-06-30 09:14:03.613
2965	1E9388	9839	\N	1	\N	6	2015-01-01 00:00:00.000	2015-06-30 09:28:30.473
2966	1E9486	15170	\N	3	\N	6	2015-01-01 00:00:00.000	2020-01-28 13:01:33.873
2967	1F9432	7832	\N	6	\N	6	2015-01-01 00:00:00.000	2015-06-30 09:46:36.987
2968	1F9412	6271	\N	6	\N	6	2015-01-01 00:00:00.000	2015-06-30 09:56:10.397
2969	552	7421	\N	1	\N	6	2015-01-01 00:00:00.000	2015-06-30 09:59:10.060
2970	1F9FCL	10044	\N	6	\N	6	2015-01-01 00:00:00.000	2015-06-30 10:12:38.563
2971	1B9631	10880	\N	1	\N	6	2015-01-01 00:00:00.000	2015-06-30 10:15:48.900
2972	1E9338	6845	\N	6	\N	6	2015-01-01 00:00:00.000	2015-06-30 10:23:17.587
2973	1F9393	6627	\N	6	\N	6	2015-01-01 00:00:00.000	2015-06-30 10:32:32.200
2974	1F9415	6336	\N	6	\N	6	2015-01-01 00:00:00.000	2015-06-30 10:57:07.603
2975	1E9416	5837	\N	6	\N	6	2015-01-01 00:00:00.000	2015-06-30 11:04:38.600
2976	1F9437	7627	\N	6	\N	6	2015-01-01 00:00:00.000	2015-06-30 11:14:25.987
2977	1E9562	7818	\N	5	\N	6	2015-01-01 00:00:00.000	2015-06-30 11:23:54.140
2978	1P9640	11874	\N	6	\N	6	2015-01-01 00:00:00.000	2015-06-30 11:25:33.777
2979	1E9425	11429	\N	6	\N	6	2015-01-01 00:00:00.000	2015-06-30 11:26:26.523
2980	1G8	984	\N	2	\N	6	2015-01-01 00:00:00.000	2015-06-30 11:27:55.643
2981	4CG	6863	\N	6	\N	6	2015-01-01 00:00:00.000	2016-12-28 13:51:15.620
2982	1E9454	11885	\N	9	\N	6	2015-01-01 00:00:00.000	2015-06-30 11:33:47.270
2983	ZD4	14091	\N	1	\N	9	2015-01-01 00:00:00.000	2022-07-20 11:43:02.153
2984	1F9418	12267	\N	6	\N	6	2015-01-01 00:00:00.000	2015-06-30 12:09:31.260
2985	1F9309	9277	\N	6	\N	6	2015-01-01 00:00:00.000	2015-06-30 12:21:50.217
2986	1G9454	6545	\N	1	\N	6	2015-01-01 00:00:00.000	2015-06-30 12:22:38.467
2987	5VL	9277	\N	6	\N	6	2015-01-01 00:00:00.000	2015-06-30 12:22:42.087
2988	1F9369	6400	\N	6	\N	6	2015-01-01 00:00:00.000	2015-06-30 12:25:50.393
2989	1F9345	11773	\N	6	\N	6	2015-01-01 00:00:00.000	2015-06-30 12:42:04.273
2990	1F9319	9835	\N	6	\N	6	2015-01-01 00:00:00.000	2015-06-30 12:49:57.953
2991	1F9293	8600	\N	6	\N	6	2015-01-01 00:00:00.000	2015-06-30 13:02:10.950
2992	1F9286	11505	\N	1	\N	6	2015-01-01 00:00:00.000	2015-06-30 13:14:26.320
2993	1B9880	5845	\N	6	\N	6	2015-01-01 00:00:00.000	2015-06-30 13:25:50.303
2994	1E9504	7559	\N	6	\N	\N	2015-01-01 00:00:00.000	2015-06-30 13:27:13.077
2995	5GD	984	\N	2	\N	6	2015-01-01 00:00:00.000	2019-10-17 10:03:45.123
2996	1E9546	6306	\N	6	\N	6	2015-01-01 00:00:00.000	2015-06-30 13:39:13.067
2997	1B9899	8924	\N	6	\N	6	2015-01-01 00:00:00.000	2015-06-30 13:50:31.090
2998	1B9853	9262	\N	6	\N	6	2015-01-01 00:00:00.000	2015-06-30 13:51:50.150
2999	1B9962	6422	\N	6	\N	6	2015-01-01 00:00:00.000	2015-06-30 14:01:21.533
3000	2C2	984	\N	2	\N	6	2015-01-01 00:00:00.000	2015-09-14 14:27:48.610
3001	1F9407	13344	\N	6	\N	6	2015-01-01 00:00:00.000	2015-06-30 13:57:27.347
3002	1B9927	7037	\N	1	\N	5	2015-01-01 00:00:00.000	2015-06-30 13:58:25.003
3003	5MK	4243	\N	6	\N	6	2015-01-01 00:00:00.000	2015-06-30 13:59:19.337
3004	4G5	984	\N	2	\N	6	2015-01-01 00:00:00.000	2015-06-30 13:59:56.340
3005	1B9993	7767	\N	6	\N	6	2015-01-01 00:00:00.000	2015-06-30 14:34:58.913
3006	1B9854	8934	\N	1	\N	6	2015-01-01 00:00:00.000	2015-06-30 14:02:17.677
3007	5KD	13345	\N	6	\N	6	2015-01-01 00:00:00.000	2015-06-30 14:16:55.040
3008	5TH	10058	\N	6	\N	6	2015-01-01 00:00:00.000	2015-06-30 14:26:13.927
3009	4C9215	7054	\N	6	\N	6	2015-01-01 00:00:00.000	2015-06-30 14:28:52.297
3010	3B9022	14474	\N	6	\N	12	2015-01-01 00:00:00.000	2020-06-10 08:16:53.307
3011	4C9103	11329	\N	1	\N	6	2015-01-01 00:00:00.000	2015-06-30 15:12:19.950
3012	1E9524	9368	\N	6	\N	6	2015-01-01 00:00:00.000	2015-06-30 15:03:40.580
3013	54L	13544	\N	6	\N	6	2015-01-01 00:00:00.000	2026-07-14 16:48:22.077
3014	1B9793	9247	\N	6	\N	6	2015-01-01 00:00:00.000	2015-06-30 15:18:00.077
3015	1B9817	10264	\N	6	\N	6	2015-01-01 00:00:00.000	2015-06-30 15:21:50.630
3016	1B9903	8501	\N	6	\N	6	2015-01-01 00:00:00.000	2015-06-30 15:24:20.173
3017	1B9832	10948	\N	1	\N	6	2015-01-01 00:00:00.000	2015-06-30 15:25:23.807
3018	1E9457	7195	\N	6	\N	6	2015-01-01 00:00:00.000	2015-06-30 15:25:48.517
3019	1B9977	7411	\N	6	\N	6	2015-01-01 00:00:00.000	2015-06-30 15:27:11.353
3020	4DH	13181	\N	6	\N	6	2015-01-01 00:00:00.000	2015-06-30 15:28:24.407
3021	4B9015	12084	\N	6	\N	6	2015-01-01 00:00:00.000	2015-06-30 15:29:46.853
3022	1E9430	9119	\N	6	\N	6	2015-01-01 00:00:00.000	2015-07-06 12:32:11.080
3023	1E9495	7097	\N	6	\N	6	2015-01-01 00:00:00.000	2015-06-30 15:46:28.937
3024	5JP	13101	\N	6	\N	6	2015-01-01 00:00:00.000	2015-06-30 15:50:00.597
3025	5ZC	13101	\N	6	\N	6	2015-01-01 00:00:00.000	2015-06-30 15:50:31.063
3027	4C9196	7264	\N	6	\N	6	2015-01-01 00:00:00.000	2015-06-30 16:23:33.890
3028	1GE	984	\N	10	\N	6	2015-01-01 00:00:00.000	2016-06-16 15:18:03.073
3029	1GM	984	\N	7	\N	6	2015-01-01 00:00:00.000	2015-06-30 16:41:08.357
3030	4GL	984	\N	10	\N	6	2015-01-01 00:00:00.000	2016-11-08 15:49:08.267
3031	2CG	984	\N	7	\N	6	2015-01-01 00:00:00.000	2015-06-30 16:44:42.860
3032	1G5	984	\N	7	\N	6	2015-01-01 00:00:00.000	2017-01-23 14:50:13.323
3033	2GB	984	\N	10	\N	1	2015-01-01 00:00:00.000	2021-06-14 13:12:14.287
3034	2GC	984	\N	3	\N	6	2015-01-01 00:00:00.000	2015-07-31 16:30:22.890
3035	2GD	984	\N	10	\N	1	2015-01-01 00:00:00.000	2021-06-14 11:28:13.590
3036	2GT	984	\N	3	\N	6	2015-01-01 00:00:00.000	2016-05-23 12:07:45.270
3037	3GK	984	\N	7	\N	6	2015-01-01 00:00:00.000	2015-06-30 17:00:22.993
3038	1VW	1147	\N	2	\N	6	2015-01-01 00:00:00.000	2015-07-20 00:00:00.000
3039	3GM	984	\N	7	\N	6	2015-01-01 00:00:00.000	2015-06-30 17:07:47.110
3040	3G5	984	\N	7	\N	6	2015-01-01 00:00:00.000	2015-06-30 17:10:04.080
3041	3G7	984	\N	7	\N	6	2015-01-01 00:00:00.000	2015-06-30 17:14:22.650
3042	1GG	984	\N	3	\N	6	2015-01-01 00:00:00.000	2019-04-15 11:03:35.923
3043	2CC	13535	\N	7	\N	1	2015-01-01 00:00:00.000	2019-05-14 10:35:46.527
3044	1F9303	9959	\N	6	\N	6	2015-01-01 00:00:00.000	2015-07-01 07:42:51.703
3045	1F9380	6136	\N	1	\N	6	2015-01-01 00:00:00.000	2015-07-01 07:58:53.087
3046	13N	12268	\N	6	\N	6	2015-01-01 00:00:00.000	2015-07-01 08:14:01.570
3047	5TR	12268	\N	6	\N	6	2015-01-01 00:00:00.000	2015-07-01 08:24:37.097
3048	5SV	12270	\N	6	\N	6	2015-01-01 00:00:00.000	2024-06-21 10:25:26.810
3049	1E9523	13348	\N	6	\N	6	2015-01-01 00:00:00.000	2015-07-01 09:03:36.150
3050	1F9436	7613	\N	6	\N	6	2015-01-01 00:00:00.000	2015-07-01 09:11:37.223
3051	16V	9132	\N	6	\N	6	2015-01-01 00:00:00.000	2015-07-01 09:11:44.917
3052	1F9372	6402	\N	6	\N	6	2015-01-01 00:00:00.000	2015-07-01 09:23:50.910
3053	5J3	9303	\N	6	\N	6	2015-01-01 00:00:00.000	2015-07-01 10:16:16.780
3054	1F9348	10521	\N	6	\N	6	2015-01-01 00:00:00.000	2015-07-01 09:40:01.963
3055	1E9537	6514	\N	6	\N	6	2015-01-01 00:00:00.000	2015-07-01 09:40:09.187
3056	1F9306	10169	\N	2	\N	6	2015-01-01 00:00:00.000	2015-07-01 09:47:10.107
3057	4CS	6863	\N	6	\N	6	2015-01-01 00:00:00.000	2015-07-01 09:51:43.933
3058	1E9415	11752	\N	6	\N	6	2015-01-01 00:00:00.000	2015-07-01 09:51:51.453
3059	4C9296	11969	\N	6	\N	6	2015-01-01 00:00:00.000	2015-07-01 09:56:27.403
3060	2CT	984	\N	7	\N	6	2015-01-01 00:00:00.000	2015-07-01 10:05:45.150
3061	2CK	984	\N	7	\N	6	2015-01-01 00:00:00.000	2016-12-28 15:59:35.623
3062	5SN	11610	\N	6	\N	6	2015-01-01 00:00:00.000	2015-07-01 10:01:51.010
3063	2CN	984	\N	7	\N	6	2015-01-01 00:00:00.000	2015-07-01 10:05:14.230
3064	4GD	984	\N	7	\N	6	2015-01-01 00:00:00.000	2016-05-10 16:45:43.570
3065	1F9394	6926	\N	6	\N	6	2015-01-01 00:00:00.000	2015-07-01 10:08:00.323
3066	4NU	984	\N	7	\N	6	2015-01-01 00:00:00.000	2015-07-01 10:09:06.640
3067	1F9355	8944	\N	6	\N	6	2015-01-01 00:00:00.000	2015-07-01 10:12:42.403
3068	1F9408	6261	\N	6	\N	6	2015-01-01 00:00:00.000	2015-07-01 10:17:29.553
3069	56N	12481	\N	2	\N	6	2015-01-01 00:00:00.000	2015-07-01 10:22:43.240
3070	5S3	984	\N	7	\N	6	2015-01-01 00:00:00.000	2015-07-01 10:26:09.707
3071	5GR	984	\N	7	\N	6	2015-01-01 00:00:00.000	2015-07-01 10:27:13.853
3072	5GT	984	\N	7	\N	6	2015-01-01 00:00:00.000	2015-07-01 10:28:23.727
3073	5GZ	984	\N	7	\N	6	2015-01-01 00:00:00.000	2015-07-01 10:29:36.733
3074	1A9748	11748	\N	6	\N	6	2015-01-01 00:00:00.000	2015-07-01 10:31:41.097
3075	1B9252	13349	\N	6	\N	6	2015-01-01 00:00:00.000	2015-07-01 10:43:48.963
3076	1E9451	7579	\N	6	\N	6	2015-01-01 00:00:00.000	2015-07-01 10:50:51.800
3077	LB5	6700	\N	1	\N	8	2015-01-01 00:00:00.000	2016-03-10 14:41:27.867
3078	1B9838	11352	\N	6	\N	6	2015-01-01 00:00:00.000	2015-07-01 10:58:00.803
3079	1A9974	6773	\N	6	\N	6	2015-01-01 00:00:00.000	2015-07-01 11:06:14.997
3080	1E9209	6106	\N	6	\N	6	2015-01-01 00:00:00.000	2015-07-01 11:10:10.697
3081	2GX	6351	\N	6	\N	1	2015-01-01 00:00:00.000	2015-07-01 11:25:20.740
3082	1D9741	7355	\N	6	\N	6	2015-01-01 00:00:00.000	2015-07-01 11:17:20.947
3083	56E	12109	\N	6	\N	6	2015-01-01 00:00:00.000	2015-07-01 11:24:30.397
3084	1E9512	1450	\N	6	\N	6	2015-01-01 00:00:00.000	2015-07-01 11:27:18.847
3085	4C9043	8717	\N	6	\N	6	2015-01-01 00:00:00.000	2015-07-01 11:36:12.383
3086	RPG	7191	\N	1	\N	38	2015-01-01 00:00:00.000	2015-07-01 12:01:22.950
3087	584	13350	\N	6	\N	6	2015-01-01 00:00:00.000	2015-07-01 12:10:47.827
3088	1B9879	5835	\N	1	\N	6	2015-01-01 00:00:00.000	2015-07-01 12:26:59.630
3089	1A9752	8914	\N	6	\N	6	2015-01-01 00:00:00.000	2015-07-01 12:42:41.873
3090	56A	12227	\N	1	\N	6	2015-01-01 00:00:00.000	2019-11-01 09:16:04.103
3091	1F9403	12143	\N	6	\N	6	2015-01-01 00:00:00.000	2015-07-01 12:53:24.267
3092	1E9553	7374	\N	6	\N	6	2015-01-01 00:00:00.000	2015-07-01 13:02:07.617
3093	1F9361	8679	\N	1	\N	6	2015-01-01 00:00:00.000	2015-07-01 13:02:46.663
3094	4B9001	11942	\N	1	\N	6	2015-01-01 00:00:00.000	2015-07-01 13:12:09.170
3095	1F9356	9156	\N	6	\N	6	2015-01-01 00:00:00.000	2015-07-01 13:14:22.113
3096	1E9511	7764	\N	6	\N	6	2015-01-01 00:00:00.000	2015-07-01 13:20:07.713
3097	1F9413	12090	\N	6	\N	6	2015-01-01 00:00:00.000	2015-07-01 13:31:28.750
3098	4C9259	7715	\N	6	\N	6	2015-01-01 00:00:00.000	2015-07-01 13:44:03.917
3099	3B9007	11798	\N	6	\N	6	2015-01-01 00:00:00.000	2015-07-01 13:45:48.733
3100	1F9308	10439	\N	6	\N	6	2015-01-01 00:00:00.000	2015-07-01 13:46:36.407
3101	4B9029	6122	\N	6	\N	6	2015-01-01 00:00:00.000	2015-07-01 13:46:42.757
3102	4B9074	6973	\N	6	\N	6	2015-01-01 00:00:00.000	2015-07-01 13:48:11.333
3103	1B9864	8849	\N	6	\N	6	2015-01-01 00:00:00.000	2015-07-01 13:48:54.483
3104	1B9912	6219	\N	6	\N	6	2015-01-01 00:00:00.000	2015-07-01 13:49:31.687
3105	1A9767	8884	\N	1	\N	6	2015-01-01 00:00:00.000	2015-07-01 13:50:28.143
3106	1B9957	7445	\N	6	\N	6	2015-01-01 00:00:00.000	2015-07-01 13:54:27.027
3107	1B9772	6340	\N	6	\N	6	2015-01-01 00:00:00.000	2016-03-03 09:34:47.197
3108	5UE	11830	\N	6	\N	6	2015-01-01 00:00:00.000	2015-07-01 14:02:16.837
3109	5DE	12488	\N	6	\N	6	2015-01-01 00:00:00.000	2015-07-01 14:06:30.573
3110	2CP	10561	\N	6	\N	1	2015-01-01 00:00:00.000	2015-07-01 14:11:43.727
3111	1B9960	6899	\N	6	\N	6	2015-01-01 00:00:00.000	2015-07-01 14:14:05.563
3112	1F9332	11810	\N	1	\N	6	2015-01-01 00:00:00.000	2015-07-01 14:16:11.813
3113	1B9786	6846	\N	6	\N	6	2015-01-01 00:00:00.000	2015-07-01 14:16:26.913
3114	1A9772	8883	\N	6	\N	6	2015-01-01 00:00:00.000	2015-07-01 14:18:41.637
3115	1E9532	12252	\N	6	\N	6	2015-01-01 00:00:00.000	2016-03-14 15:06:06.790
3116	1B9939	6369	\N	6	\N	6	2015-01-01 00:00:00.000	2015-07-01 14:22:13.360
3117	1D9738	13351	\N	2	\N	6	2015-01-01 00:00:00.000	2020-02-06 13:49:54.997
3118	1B9776	10833	\N	9	\N	6	2015-01-01 00:00:00.000	2020-08-11 17:09:38.380
3119	1F9346	9313	\N	9	\N	6	2015-01-01 00:00:00.000	2015-07-01 14:28:16.497
3120	1A9891	4859	\N	6	\N	6	2015-01-01 00:00:00.000	2015-07-01 14:29:23.983
3121	1F9315	9542	\N	1	\N	6	2015-01-01 00:00:00.000	2015-07-01 14:35:07.573
3122	2C9197	7858	\N	9	\N	1	2015-01-01 00:00:00.000	2020-08-12 16:41:13.653
3123	1A9876	7072	\N	1	\N	6	2015-01-01 00:00:00.000	2015-07-01 14:50:46.400
3124	1E9362	9460	\N	6	\N	6	2015-01-01 00:00:00.000	2022-11-14 15:42:23.660
3125	1A9823	11863	\N	6	\N	6	2015-01-01 00:00:00.000	2015-07-01 15:31:40.953
3126	1E9039	2154	\N	6	\N	6	2015-01-01 00:00:00.000	2015-07-01 15:38:46.960
3127	1A9900	7761	\N	6	\N	6	2015-01-01 00:00:00.000	2015-07-01 15:44:02.580
3128	4C9047	11802	\N	6	\N	6	2015-01-01 00:00:00.000	2015-07-01 15:45:18.083
3129	1E9531	6098	\N	6	\N	6	2015-01-01 00:00:00.000	2015-07-01 15:48:24.443
3130	1E9403	10563	\N	6	\N	6	2015-01-01 00:00:00.000	2015-07-01 15:53:54.850
3131	1A9813	13352	\N	6	\N	6	2015-01-01 00:00:00.000	2016-03-11 11:01:36.643
3132	1T9718	10496	\N	6	\N	6	2015-01-01 00:00:00.000	2015-07-01 16:11:59.020
3133	LVC	11658	\N	5	\N	8	2015-01-01 00:00:00.000	2016-03-03 10:21:13.267
3134	1F9350	10776	\N	1	\N	6	2015-01-01 00:00:00.000	2015-07-02 08:07:03.443
3135	4B9009	11972	\N	6	\N	6	2015-01-01 00:00:00.000	2015-07-02 08:56:36.530
3136	1B9951	6714	\N	6	\N	6	2015-01-01 00:00:00.000	2015-07-02 08:59:27.583
3137	4C9351	7370	\N	6	\N	6	2015-01-01 00:00:00.000	2015-07-02 09:41:02.963
3138	1F9421	7792	\N	6	\N	6	2015-01-01 00:00:00.000	2015-07-02 09:49:33.880
3139	1J9286	14962	\N	6	\N	6	2015-01-01 00:00:00.000	2016-04-06 11:16:54.740
3140	1F9312	10949	\N	1	\N	6	2015-01-01 00:00:00.000	2015-07-02 10:27:32.840
3141	4B9055	13353	\N	6	\N	6	2015-01-01 00:00:00.000	2015-07-02 10:30:08.543
3142	1B9794	9255	\N	1	\N	6	2015-01-01 00:00:00.000	2017-08-25 16:19:59.390
3143	4EP	9324	\N	6	\N	6	2015-01-01 00:00:00.000	2021-02-19 15:20:38.717
3144	1F9342	11761	\N	6	\N	6	2015-01-01 00:00:00.000	2015-07-02 10:39:42.470
3145	1F9321	10501	\N	1	\N	6	2015-01-01 00:00:00.000	2015-07-02 10:55:14.323
3146	1D9358	2244	\N	6	\N	6	2015-01-01 00:00:00.000	2015-07-02 11:02:33.197
3147	4B9027	6099	\N	1	\N	6	2015-01-01 00:00:00.000	2015-07-02 11:04:30.963
3148	KLP	6909	\N	9	\N	15	2015-01-01 00:00:00.000	2020-01-15 10:41:35.590
3149	4WF	4787	\N	6	\N	6	2015-01-01 00:00:00.000	2019-07-31 14:07:21.093
3150	1G9461	13354	\N	6	\N	6	2015-01-01 00:00:00.000	2015-07-02 11:23:07.753
3151	1D9755	6802	\N	6	\N	6	2015-01-01 00:00:00.000	2015-07-02 11:23:35.707
3152	1D9750	7809	\N	6	\N	6	2015-01-01 00:00:00.000	2015-07-02 11:23:59.153
3153	5SW	9843	\N	6	\N	6	2015-01-01 00:00:00.000	2015-07-02 11:29:40.187
3154	1F9537	20526	\N	6	\N	6	2021-03-26 00:00:00.000	2021-03-30 15:54:13.073
3155	1A9951	6364	\N	6	\N	6	2015-01-01 00:00:00.000	2020-08-31 12:54:11.310
3156	1D9721	12100	\N	6	\N	6	2015-01-01 00:00:00.000	2015-07-02 11:53:24.080
3157	1A9830	6817	\N	6	\N	6	2015-01-01 00:00:00.000	2015-07-02 11:55:08.037
3158	1A9844	11884	\N	6	\N	6	2015-01-01 00:00:00.000	2015-07-02 12:03:53.180
3159	1G9442	6625	\N	6	\N	6	2015-01-01 00:00:00.000	2015-07-02 12:04:11.557
3160	XMK	10051	\N	6	\N	31	2015-01-01 00:00:00.000	2015-07-02 12:12:45.533
3161	1A9802	8929	\N	6	\N	6	2015-01-01 00:00:00.000	2015-07-02 12:12:55.377
3162	1B9923	7019	\N	1	\N	6	2015-01-01 00:00:00.000	2015-07-02 12:22:04.043
3163	4C9017	1215	\N	6	\N	6	2015-01-01 00:00:00.000	2015-07-02 12:27:11.583
3164	LGX	14611	\N	2	\N	8	2015-01-01 00:00:00.000	2020-06-10 12:46:07.807
3165	1A9762	9363	\N	1	\N	6	2015-01-01 00:00:00.000	2015-07-02 12:33:27.683
3166	5VT	9110	\N	6	\N	6	2015-01-01 00:00:00.000	2015-07-02 15:55:56.597
3167	1A9861	7064	\N	6	\N	6	2015-01-01 00:00:00.000	2015-07-02 12:40:06.390
3168	2A9177	6190	\N	6	\N	1	2015-01-01 00:00:00.000	2015-07-02 12:47:48.010
3169	1A9734	1366	\N	6	\N	6	2015-01-01 00:00:00.000	2015-07-02 12:58:03.463
3170	4C9249	6622	\N	6	\N	6	2015-01-01 00:00:00.000	2015-07-02 13:01:39.087
3171	1B9975	7541	\N	1	\N	6	2015-01-01 00:00:00.000	2015-07-02 13:06:37.123
3172	1A9585	9793	\N	6	\N	6	2015-01-01 00:00:00.000	2015-07-02 13:07:18.463
3173	1A9760	9740	\N	6	\N	6	2015-01-01 00:00:00.000	2015-07-02 13:19:23.540
3174	1B9948	6710	\N	6	\N	6	2015-01-01 00:00:00.000	2015-07-02 13:20:52.707
3175	1D9737	1634	\N	6	\N	6	2015-01-01 00:00:00.000	2015-07-02 13:22:21.677
3176	4C9219	7884	\N	6	\N	6	2015-01-01 00:00:00.000	2015-07-02 13:24:36.583
3177	1A9050	13206	\N	6	\N	6	2015-01-01 00:00:00.000	2015-07-02 13:32:01.187
3178	4C9171	9120	\N	6	\N	6	2015-01-01 00:00:00.000	2015-07-02 13:38:25.897
3179	1A9961	7365	\N	6	\N	6	2015-01-01 00:00:00.000	2015-07-02 13:40:12.837
3180	1E9500	7125	\N	6	\N	6	2015-01-01 00:00:00.000	2015-07-02 13:59:00.843
3181	1A9910	11957	\N	6	\N	6	2015-01-01 00:00:00.000	2015-07-02 14:01:46.827
3182	1C9271	13355	\N	6	\N	6	2015-01-01 00:00:00.000	2015-07-02 14:03:55.277
3183	1A9968	7394	\N	6	\N	6	2015-01-01 00:00:00.000	2015-07-02 14:04:26.477
3184	1A9685	10935	\N	6	\N	6	2015-01-01 00:00:00.000	2015-07-02 14:13:57.283
3185	1E9390	9986	\N	6	\N	6	2015-01-01 00:00:00.000	2015-07-02 14:16:02.940
3186	1A9849	11906	\N	6	\N	6	2015-01-01 00:00:00.000	2015-07-02 14:31:54.917
3187	1E9479	13356	\N	6	\N	6	2015-01-01 00:00:00.000	2015-07-02 14:33:50.467
3188	4C9258	8487	\N	6	\N	6	2015-01-01 00:00:00.000	2015-07-02 14:34:03.790
3189	4C9158	9759	\N	6	\N	6	2015-01-01 00:00:00.000	2015-07-02 14:48:19.997
3190	1E9520	11956	\N	6	\N	6	2015-01-01 00:00:00.000	2015-07-02 15:00:26.817
3191	4C9368	6779	\N	6	\N	6	2015-01-01 00:00:00.000	2022-03-15 16:54:59.837
3192	4C9026	9280	\N	1	\N	6	2015-01-01 00:00:00.000	2015-07-02 15:22:35.377
3193	51S	6159	\N	6	\N	6	2015-01-01 00:00:00.000	2015-07-02 15:23:38.370
3194	4C9324	12248	\N	6	\N	6	2015-01-01 00:00:00.000	2015-07-02 15:29:12.103
3195	4C9028	13346	\N	6	\N	6	2015-01-01 00:00:00.000	2015-07-02 15:30:03.287
3196	1E9402	11130	\N	6	\N	6	2015-01-01 00:00:00.000	2015-07-02 15:30:08.573
3197	4C9275	7939	\N	6	\N	6	2015-01-01 00:00:00.000	2015-07-02 15:34:34.680
3198	3A9220	14284	\N	6	\N	12	2015-01-01 00:00:00.000	2023-02-01 08:41:15.907
3199	1E9440	7009	\N	6	\N	6	2015-01-01 00:00:00.000	2015-07-02 15:51:37.777
3200	1E9369	10434	\N	6	\N	6	2015-01-01 00:00:00.000	2015-07-02 16:34:16.057
3201	1E9127	2158	\N	6	\N	6	2015-01-01 00:00:00.000	2015-07-02 16:52:48.260
3202	4NT	984	\N	7	\N	6	2015-01-01 00:00:00.000	2015-07-02 17:01:10.267
3203	4C9180	7733	\N	6	\N	6	2015-01-01 00:00:00.000	2015-07-02 17:04:35.737
3204	4C9313	13347	\N	6	\N	6	2015-01-01 00:00:00.000	2015-07-02 17:06:26.123
3205	4C9366	6791	\N	6	\N	6	2015-01-01 00:00:00.000	2015-07-02 17:07:04.983
3206	4C9202	12041	\N	6	\N	6	2015-01-01 00:00:00.000	2019-11-04 18:51:28.277
3207	572	1494	\N	6	\N	6	2015-01-01 00:00:00.000	2025-03-25 11:18:34.907
3208	1E9380	8702	\N	6	\N	6	2015-01-01 00:00:00.000	2015-07-02 17:13:54.733
3209	4JU	12173	\N	6	\N	6	2015-01-01 00:00:00.000	2025-05-05 18:16:40.867
3210	4C9146	10323	\N	6	\N	6	2015-01-01 00:00:00.000	2015-07-02 17:27:50.690
3211	1E9195	13357	\N	6	\N	6	2015-01-01 00:00:00.000	2015-07-02 17:28:34.293
3212	4C9241	6895	\N	6	\N	6	2015-01-01 00:00:00.000	2015-07-02 17:28:49.690
3213	1W9531	1519	\N	6	\N	6	2015-01-01 00:00:00.000	2015-07-02 17:29:33.073
3214	4C9266	7104	\N	6	\N	6	2015-01-01 00:00:00.000	2015-07-02 17:30:16.690
3215	1E9550	13358	\N	6	\N	6	2015-01-01 00:00:00.000	2015-07-02 17:55:10.113
3216	1E9505	7751	\N	6	\N	6	2015-01-01 00:00:00.000	2015-07-02 18:06:49.040
3217	1E9375	11237	\N	1	\N	6	2015-01-01 00:00:00.000	2015-07-02 21:13:38.223
3218	1E9478	12708	\N	6	\N	6	2015-01-01 00:00:00.000	2015-07-10 08:41:31.153
3219	1E9407	8856	\N	6	\N	6	2015-01-01 00:00:00.000	2015-07-02 21:07:33.837
3220	1E9409	8877	\N	6	\N	6	2015-01-01 00:00:00.000	2015-07-02 21:18:17.197
3221	1F9395	6938	\N	6	\N	6	2015-01-01 00:00:00.000	2015-07-06 07:39:52.330
3222	1E9428	8522	\N	6	\N	6	2015-01-01 00:00:00.000	2015-07-06 07:47:05.823
3223	1F9353	8526	\N	6	\N	6	2015-01-01 00:00:00.000	2015-07-06 07:53:18.430
3224	51Y	19808	\N	6	\N	6	2015-01-01 00:00:00.000	2020-06-15 15:04:40.317
3225	1F9373	6411	\N	6	\N	6	2015-01-01 00:00:00.000	2015-07-06 08:16:12.637
3226	5WK	9286	\N	6	\N	6	2015-01-01 00:00:00.000	2015-07-06 08:24:24.550
3227	SBD	6046	\N	6	\N	6	2015-01-01 00:00:00.000	2015-07-06 08:31:18.607
3228	1A9890	7867	\N	6	\N	6	2015-01-01 00:00:00.000	2015-07-06 08:31:54.970
3229	1B9915	7743	\N	6	\N	6	2015-01-01 00:00:00.000	2015-07-06 08:40:27.837
3230	4C9260	4523	\N	6	\N	6	2015-01-01 00:00:00.000	2015-07-06 08:49:53.277
3231	1B9814	10266	\N	6	\N	6	2015-01-01 00:00:00.000	2015-07-06 08:50:41.650
3232	1P9654	6934	\N	2	\N	6	2015-01-01 00:00:00.000	2015-07-06 08:54:27.197
3233	1B9932	12154	\N	6	\N	6	2015-01-01 00:00:00.000	2015-07-06 08:59:23.347
3234	1B9810	10043	\N	1	\N	6	2015-01-01 00:00:00.000	2015-07-06 09:08:22.827
3235	1A9901	12121	\N	6	\N	6	2015-01-01 00:00:00.000	2015-07-06 09:13:50.443
3236	1D9587	10055	\N	9	\N	6	2015-01-01 00:00:00.000	2015-07-06 09:18:14.630
3237	1E9360	9470	\N	6	\N	6	2015-01-01 00:00:00.000	2015-07-06 09:20:47.447
3238	WBK	14158	\N	6	\N	2	2015-01-01 00:00:00.000	2019-05-06 14:16:21.053
3239	52S	6706	\N	2	\N	6	2015-01-01 00:00:00.000	2015-07-06 09:33:34.253
3240	1A9730	9828	\N	1	\N	6	2015-01-01 00:00:00.000	2015-07-06 09:39:30.603
3241	1D9612	4277	\N	6	\N	6	2015-01-01 00:00:00.000	2015-07-06 09:44:54.240
3242	1A9698	8902	\N	6	\N	6	2015-01-01 00:00:00.000	2015-07-06 09:47:00.680
3243	1D9664	6653	\N	6	\N	6	2015-01-01 00:00:00.000	2015-07-06 09:52:51.993
3244	1A9726	11136	\N	6	\N	6	2015-01-01 00:00:00.000	2015-07-06 10:03:58.893
3245	5WF	11136	\N	6	\N	6	2015-01-01 00:00:00.000	2015-07-06 10:07:17.123
3246	5V4	12279	\N	3	\N	6	2015-01-01 00:00:00.000	2015-07-06 10:14:11.240
3247	1E9521	6259	\N	6	\N	6	2015-01-01 00:00:00.000	2015-07-06 10:19:24.723
3248	1J9167	13360	\N	6	\N	6	2015-01-01 00:00:00.000	2015-07-06 10:28:14.750
3249	4GT	984	\N	3	\N	6	2015-01-01 00:00:00.000	2015-07-06 10:31:43.620
3250	1E9474	6888	\N	6	\N	6	2015-01-01 00:00:00.000	2015-07-06 10:36:09.443
3251	1D9627	10753	\N	6	\N	6	2015-01-01 00:00:00.000	2015-07-06 10:36:30.520
3252	1A9963	13361	\N	6	\N	6	2015-01-01 00:00:00.000	2015-07-06 10:41:20.773
3253	1A9855	9665	\N	6	\N	6	2015-01-01 00:00:00.000	2015-07-06 10:48:31.413
3254	5T0	9987	\N	6	\N	6	2015-01-01 00:00:00.000	2015-07-06 10:54:29.277
3255	1E9393	11594	\N	6	\N	6	2015-01-01 00:00:00.000	2015-07-06 10:54:43.597
3256	1D9680	12191	\N	1	\N	6	2015-01-01 00:00:00.000	2015-07-06 10:57:09.177
3257	5VC	12279	\N	10	\N	6	2015-01-01 00:00:00.000	2021-11-01 14:37:18.683
3258	1A9702	9911	\N	1	\N	6	2015-01-01 00:00:00.000	2015-07-06 11:00:27.767
3259	1D9720	1629	\N	6	\N	6	2015-01-01 00:00:00.000	2015-07-06 11:07:44.253
3260	4ET	9758	\N	6	\N	6	2015-01-01 00:00:00.000	2015-07-06 11:08:14.783
3261	1A9757	19484	\N	1	\N	6	2015-01-01 00:00:00.000	2019-10-22 15:30:43.737
3262	ZCH	9503	\N	1	\N	9	2015-01-01 00:00:00.000	2020-01-16 10:38:52.860
3263	1D9611	10969	\N	1	\N	6	2015-01-01 00:00:00.000	2015-07-06 11:53:08.470
3264	1D9715	11981	\N	6	\N	6	2015-01-01 00:00:00.000	2015-07-06 12:02:37.357
3265	184	11613	\N	6	\N	6	2015-01-01 00:00:00.000	2015-07-06 12:06:09.050
3267	53N	6556	\N	6	\N	6	2015-01-01 00:00:00.000	2025-05-07 16:03:18.193
3268	1E9123	12539	\N	6	\N	6	2015-01-01 00:00:00.000	2015-07-06 12:22:52.490
3269	1E9133	13362	\N	6	\N	6	2015-01-01 00:00:00.000	2015-07-06 12:28:14.677
3270	1D9607	11376	\N	6	\N	6	2015-01-01 00:00:00.000	2015-07-06 12:53:17.973
3271	1D9594	9144	\N	1	\N	6	2015-01-01 00:00:00.000	2015-07-06 13:31:24.690
3272	1E9412	9098	\N	6	\N	6	2015-01-01 00:00:00.000	2015-07-06 13:35:12.777
3273	1D9674	6616	\N	1	\N	6	2015-01-01 00:00:00.000	2015-07-06 13:38:00.243
3274	VS9031	6724	\N	5	\N	26	2015-01-01 00:00:00.000	2017-08-24 09:31:01.137
3275	1D9678	1466	\N	6	\N	6	2015-01-01 00:00:00.000	2015-07-06 13:47:31.470
3276	516	6164	\N	3	\N	6	2015-01-01 00:00:00.000	2015-07-06 13:54:51.437
3277	1D9582	9193	\N	6	\N	6	2015-01-01 00:00:00.000	2015-07-06 13:56:19.250
3278	1D9718	6260	\N	6	\N	6	2015-01-01 00:00:00.000	2015-07-06 14:01:48.520
3279	597	6986	\N	6	\N	6	2015-01-01 00:00:00.000	2015-07-06 14:08:47.147
3280	1E1	5338	\N	6	\N	6	2015-01-01 00:00:00.000	2015-07-06 14:31:17.140
3281	573	12235	\N	6	\N	6	2015-01-01 00:00:00.000	2015-07-06 14:55:30.923
3282	1D9609	11391	\N	6	\N	6	2015-01-01 00:00:00.000	2015-07-06 14:56:22.933
3283	1G9433	7234	\N	6	\N	6	2015-01-01 00:00:00.000	2015-07-06 14:59:06.407
3284	1S9895	7440	\N	6	\N	6	2015-01-01 00:00:00.000	2015-07-06 15:20:24.627
3285	1E9408	10978	\N	6	\N	6	2015-01-01 00:00:00.000	2015-07-06 15:32:33.473
3286	1D9646	9359	\N	6	\N	6	2015-01-01 00:00:00.000	2015-07-07 07:32:26.450
3287	2D9007	1572	\N	6	\N	1	2015-01-01 00:00:00.000	2015-07-07 08:20:12.287
3288	5CU	10634	\N	6	\N	6	2015-01-01 00:00:00.000	2015-07-07 08:36:18.770
3289	1G9446	1457	\N	6	\N	6	2015-01-01 00:00:00.000	2015-07-07 09:15:52.330
3290	4B9006	1645	\N	1	\N	6	2015-01-01 00:00:00.000	2015-07-07 09:19:39.513
3291	1B9762	8727	\N	1	\N	6	2015-01-01 00:00:00.000	2015-07-07 09:20:38.480
3292	4C9378	13363	\N	6	\N	6	2015-01-01 00:00:00.000	2015-07-07 09:25:19.860
3293	1G9412	6678	\N	6	\N	6	2015-01-01 00:00:00.000	2015-07-07 09:31:05.430
3294	1B9815	10253	\N	6	\N	6	2015-01-01 00:00:00.000	2015-07-07 09:44:28.363
3295	1G9503	7318	\N	6	\N	6	2015-01-01 00:00:00.000	2015-07-07 09:44:33.480
3296	1B9824	9534	\N	1	\N	6	2015-01-01 00:00:00.000	2015-07-07 09:45:53.273
3297	1E9397	9506	\N	6	\N	6	2015-01-01 00:00:00.000	2015-07-07 09:54:00.480
3298	4C9169	8680	\N	1	\N	6	2015-01-01 00:00:00.000	2015-07-07 09:59:51.307
3299	1G9356	10173	\N	6	\N	6	2015-01-01 00:00:00.000	2015-07-07 10:02:02.130
3300	5P5	8642	\N	6	\N	6	2015-01-01 00:00:00.000	2015-07-07 10:04:02.517
3301	1E9441	9506	\N	1	\N	6	2015-01-01 00:00:00.000	2015-07-07 10:04:11.720
3302	1B9818	9529	\N	1	\N	6	2015-01-01 00:00:00.000	2015-07-07 10:04:57.083
3303	1B9946	11920	\N	6	\N	6	2015-01-01 00:00:00.000	2015-07-07 10:05:56.957
3304	1E9445	1509	\N	6	\N	6	2015-01-01 00:00:00.000	2015-07-07 10:08:26.810
3305	1E9563	6801	\N	6	\N	6	2015-01-01 00:00:00.000	2015-07-07 10:10:12.500
3306	1G9500	7152	\N	6	\N	6	2015-01-01 00:00:00.000	2015-07-07 10:15:11.100
3307	4C9094	9502	\N	1	\N	6	2015-01-01 00:00:00.000	2015-07-07 10:20:30.013
3308	1E9370	13364	\N	1	\N	6	2015-01-01 00:00:00.000	2015-07-07 10:27:19.310
3309	1E9530	7159	\N	6	\N	6	2015-01-01 00:00:00.000	2015-07-07 10:37:31.160
3310	1D9363	13365	\N	6	\N	6	2015-01-01 00:00:00.000	2025-04-07 12:08:40.367
3311	4TE	24009	\N	6	\N	6	2015-01-01 00:00:00.000	2026-07-14 17:04:50.750
3312	1G9358	11116	\N	1	\N	6	2015-01-01 00:00:00.000	2015-07-07 10:53:11.297
3313	1B9796	8653	\N	6	\N	6	2015-01-01 00:00:00.000	2015-07-07 10:55:41.803
3314	1B9825	9827	\N	6	\N	6	2015-01-01 00:00:00.000	2015-07-07 10:59:07.133
3315	1E9498	7423	\N	1	\N	6	2015-01-01 00:00:00.000	2015-07-07 11:02:44.550
3316	LRY	12142	\N	1	\N	8	2015-01-01 00:00:00.000	2019-11-06 15:44:16.800
3317	2DM	11199	\N	6	\N	1	2015-01-01 00:00:00.000	2015-07-07 12:05:41.457
3318	1D9688	1717	\N	6	\N	6	2015-01-01 00:00:00.000	2015-07-07 11:22:57.670
3319	1E9458	7428	\N	1	\N	6	2015-01-01 00:00:00.000	2020-01-15 11:18:40.433
3320	1E9443	7026	\N	6	\N	6	2015-01-01 00:00:00.000	2015-07-07 12:32:02.457
3321	PF9001	11566	\N	6	\N	46	2015-01-01 00:00:00.000	2015-07-07 11:43:17.497
3322	1GR	1073	\N	6	\N	6	2015-01-01 00:00:00.000	2015-07-07 11:59:51.517
3323	1E9444	7026	\N	1	\N	6	2015-01-01 00:00:00.000	2021-05-24 12:47:27.697
3324	5RK	9279	\N	6	\N	6	2015-01-01 00:00:00.000	2015-07-07 11:52:44.340
3325	4C9111	11289	\N	1	\N	6	2015-01-01 00:00:00.000	2015-07-07 11:58:10.880
3326	1D9588	11832	\N	1	\N	6	2015-01-01 00:00:00.000	2015-07-07 11:59:48.473
3327	LSR	11163	\N	1	\N	8	2015-01-01 00:00:00.000	2015-07-07 12:01:33.040
3328	4C9302	6173	\N	6	\N	6	2015-01-01 00:00:00.000	2015-07-07 12:07:49.203
3329	1D9638	7731	\N	6	\N	6	2015-01-01 00:00:00.000	2015-07-07 12:08:49.343
3330	4C9105	1220	\N	6	\N	6	2015-01-01 00:00:00.000	2015-07-07 12:13:11.783
3331	1D9657	6870	\N	1	\N	6	2015-01-01 00:00:00.000	2015-07-07 12:14:54.087
3332	2C9005	10775	\N	6	\N	1	2015-01-01 00:00:00.000	2015-07-07 12:17:39.417
3334	1VH	19178	\N	5	\N	6	2015-01-01 00:00:00.000	2019-05-17 09:46:46.040
3335	2B1	11634	\N	5	\N	1	2015-01-01 00:00:00.000	2019-05-17 10:07:52.513
3336	57V	7668	\N	6	\N	6	2015-01-01 00:00:00.000	2015-07-07 12:28:45.647
3337	2BA	11634	\N	7	\N	1	2015-01-01 00:00:00.000	2019-05-17 10:07:38.583
3339	5XB	6643	\N	9	\N	6	2015-01-01 00:00:00.000	2015-07-07 12:31:49.150
3340	1G9372	10785	\N	1	\N	6	2015-01-01 00:00:00.000	2015-07-07 13:01:14.590
3341	1E9466	6675	\N	2	\N	6	2015-01-01 00:00:00.000	2015-07-07 13:02:19.500
3342	LYE	12294	\N	1	\N	8	2015-01-01 00:00:00.000	2015-07-07 13:20:31.720
3343	1E9267	5496	\N	6	\N	6	2015-01-01 00:00:00.000	2015-07-07 13:22:40.920
3344	1B9607	13048	\N	9	\N	6	2015-01-01 00:00:00.000	2015-07-07 13:30:56.283
3345	1B9934	6924	\N	1	\N	6	2015-01-01 00:00:00.000	2015-07-07 13:31:49.213
3346	4B9036	6118	\N	9	\N	6	2015-01-01 00:00:00.000	2015-07-07 13:33:05.530
3347	1D9558	10438	\N	1	\N	6	2015-01-01 00:00:00.000	2015-07-07 13:36:28.283
3348	1E9456	12069	\N	1	\N	6	2015-01-01 00:00:00.000	2015-07-07 13:59:20.260
3349	1E9477	1574	\N	6	\N	6	2015-01-01 00:00:00.000	2015-07-07 13:57:54.863
3350	1G9497	7170	\N	6	\N	6	2015-01-01 00:00:00.000	2015-07-07 13:59:06.187
3351	LLC	7058	\N	1	\N	8	2015-01-01 00:00:00.000	2024-05-01 14:48:56.370
3352	1E9373	9961	\N	6	\N	6	2015-01-01 00:00:00.000	2015-07-07 14:18:18.280
3353	513	13367	\N	6	\N	6	2015-01-01 00:00:00.000	2015-07-07 14:47:03.910
3354	1E9487	1700	\N	6	\N	6	2015-01-01 00:00:00.000	2015-07-07 14:40:00.523
3356	1G9348	9902	\N	6	\N	6	2015-01-01 00:00:00.000	2015-07-07 14:59:22.290
3357	LWG	11366	\N	1	\N	8	2015-01-01 00:00:00.000	2015-07-07 15:02:33.343
3358	1G9444	7410	\N	1	\N	6	2015-01-01 00:00:00.000	2015-07-07 15:05:42.790
3359	5VK	11571	\N	6	\N	6	2015-01-01 00:00:00.000	2015-07-07 15:08:04.297
3360	1G9427	1463	\N	6	\N	6	2015-01-01 00:00:00.000	2015-07-07 15:19:05.257
3361	1E9394	10947	\N	1	\N	6	2015-01-01 00:00:00.000	2015-07-07 15:30:30.440
3362	1G9389	8987	\N	6	\N	6	2015-01-01 00:00:00.000	2015-07-07 15:31:31.763
3363	1G9377	11346	\N	6	\N	6	2015-01-01 00:00:00.000	2015-07-07 15:37:19.333
3364	3G9031	14726	\N	6	\N	12	2015-01-01 00:00:00.000	2021-06-11 11:03:57.633
3365	5UJ	11565	\N	6	\N	6	2015-01-01 00:00:00.000	2015-07-07 15:54:50.213
3366	5PS	8930	\N	6	\N	6	2015-01-01 00:00:00.000	2015-07-07 15:55:36.640
3367	1G9402	11857	\N	1	\N	6	2015-01-01 00:00:00.000	2015-07-07 15:57:40.643
3368	1G9426	7758	\N	6	\N	6	2015-01-01 00:00:00.000	2015-07-24 09:18:32.027
3369	1E9400	8985	\N	6	\N	6	2015-01-01 00:00:00.000	2015-07-07 16:13:00.843
3370	1D9027	5533	\N	6	\N	6	2015-01-01 00:00:00.000	2015-07-07 16:15:13.677
3371	5LZ	8911	\N	6	\N	6	2015-01-01 00:00:00.000	2015-07-07 16:29:04.643
3372	51D	12146	\N	1	\N	6	2015-01-01 00:00:00.000	2015-07-07 16:51:55.137
3373	LTB	7968	\N	1	\N	8	2015-01-01 00:00:00.000	2015-07-07 16:54:10.247
3374	1E9551	7380	\N	6	\N	6	2015-01-01 00:00:00.000	2015-07-07 16:58:24.840
3375	LRP	1471	\N	1	\N	8	2015-01-01 00:00:00.000	2015-07-07 17:07:44.740
3376	LB4	6877	\N	1	\N	8	2015-01-01 00:00:00.000	2015-09-15 15:34:22.283
3377	LP6	9090	\N	1	\N	8	2015-01-01 00:00:00.000	2015-07-07 17:21:41.073
3378	42E	4600	\N	6	\N	6	2015-01-01 00:00:00.000	2015-07-07 17:29:03.833
3379	W0L	15139	\N	2	\N	6	2015-01-01 00:00:00.000	2020-11-13 09:31:32.287
3380	1B9811	10781	\N	1	\N	6	2015-01-01 00:00:00.000	2015-07-08 07:44:42.090
3381	1B9808	9244	\N	6	\N	6	2015-01-01 00:00:00.000	2015-07-08 07:49:23.450
3382	1B9848	11156	\N	6	\N	6	2015-01-01 00:00:00.000	2015-07-08 07:51:12.340
3383	1B9858	11574	\N	1	\N	6	2015-01-01 00:00:00.000	2015-07-08 07:52:38.700
3384	1A9714	10418	\N	6	\N	6	2015-01-01 00:00:00.000	2015-07-08 07:57:31.497
3385	1A9779	11777	\N	6	\N	6	2015-01-01 00:00:00.000	2015-07-08 08:01:39.883
3386	1A9852	6705	\N	6	\N	6	2015-01-01 00:00:00.000	2015-07-08 08:07:07.827
3387	1A9869	1688	\N	6	\N	6	2015-01-01 00:00:00.000	2015-07-08 08:28:13.440
3388	1A9871	7075	\N	6	\N	6	2015-01-01 00:00:00.000	2015-07-08 08:31:46.100
3389	1A9877	7409	\N	6	\N	6	2015-01-01 00:00:00.000	2015-07-08 08:35:46.013
3390	1A9773	9068	\N	6	\N	6	2015-01-01 00:00:00.000	2015-07-08 08:42:07.543
3391	1A9857	7442	\N	6	\N	6	2015-01-01 00:00:00.000	2015-07-08 08:47:28.920
3392	1B9908	11864	\N	6	\N	6	2015-01-01 00:00:00.000	2015-07-08 08:50:25.650
3393	1A9438	1639	\N	6	\N	6	2015-01-01 00:00:00.000	2015-07-08 08:52:32.137
3394	1D9717	7965	\N	6	\N	6	2015-01-01 00:00:00.000	2015-07-08 08:53:13.803
3395	1A9798	11403	\N	6	\N	6	2015-01-01 00:00:00.000	2015-07-08 08:59:26.817
3396	1A9840	12168	\N	6	\N	6	2015-01-01 00:00:00.000	2015-07-08 09:03:24.687
3397	1A9895	7426	\N	6	\N	6	2015-01-01 00:00:00.000	2015-07-08 09:10:37.167
3398	LE8	6658	\N	1	\N	8	2015-01-01 00:00:00.000	2019-05-15 13:23:15.537
3399	1A9917	12087	\N	6	\N	6	2015-01-01 00:00:00.000	2015-07-08 09:19:14.370
3400	1A9766	10777	\N	6	\N	6	2015-01-01 00:00:00.000	2015-07-08 09:25:50.500
3401	1G9373	11829	\N	1	\N	6	2015-01-01 00:00:00.000	2015-07-08 09:31:51.017
3402	1A9836	12158	\N	1	\N	6	2015-01-01 00:00:00.000	2015-07-08 09:32:56.223
3403	4B9026	12260	\N	6	\N	6	2015-01-01 00:00:00.000	2015-07-08 09:34:26.643
3404	4C9268	7855	\N	6	\N	6	2015-01-01 00:00:00.000	2015-07-08 09:35:33.550
3405	5A7	13068	\N	6	\N	6	2015-01-01 00:00:00.000	2015-07-08 09:36:52.003
3406	1B9882	12259	\N	6	\N	6	2015-01-01 00:00:00.000	2015-07-08 09:38:49.410
3407	1A9845	6178	\N	1	\N	6	2015-01-01 00:00:00.000	2015-07-08 09:40:03.167
3408	1E9368	8900	\N	1	\N	6	2015-01-01 00:00:00.000	2015-07-08 09:40:13.290
3409	1D9614	9283	\N	6	\N	6	2015-01-01 00:00:00.000	2015-07-08 09:43:02.270
3410	UJG	7452	\N	9	\N	25	2015-01-01 00:00:00.000	2015-07-08 09:46:39.983
3411	1J9172	11575	\N	3	\N	6	2015-01-01 00:00:00.000	2019-10-22 15:49:24.957
3412	1G9000	11829	\N	1	\N	6	2015-01-01 00:00:00.000	2015-07-08 09:48:18.437
3413	1E9540	1530	\N	6	\N	6	2015-01-01 00:00:00.000	2015-07-08 09:53:15.930
3414	1G9485	7362	\N	6	\N	6	2015-01-01 00:00:00.000	2015-07-08 09:56:47.230
3415	1A9854	12189	\N	6	\N	6	2015-01-01 00:00:00.000	2015-07-08 09:57:47.103
3416	1E9385	10955	\N	6	\N	6	2015-01-01 00:00:00.000	2015-07-08 10:01:25.737
3417	4C9058	1221	\N	6	\N	6	2015-01-01 00:00:00.000	2015-07-27 10:24:44.607
3418	54R	11900	\N	5	\N	6	2015-01-01 00:00:00.000	2015-07-08 10:06:44.087
3419	1E9533	6546	\N	6	\N	6	2015-01-01 00:00:00.000	2015-07-08 10:10:47.887
3420	LP5	14235	\N	1	\N	8	2015-01-01 00:00:00.000	2016-02-12 12:01:48.613
3421	53W	7069	\N	6	\N	6	2015-01-01 00:00:00.000	2015-07-08 10:15:37.047
3422	4C9117	1222	\N	6	\N	6	2015-01-01 00:00:00.000	2015-07-08 10:28:13.447
3423	1A9829	1685	\N	9	\N	6	2015-01-01 00:00:00.000	2015-07-08 10:33:32.717
3424	1G9410	6666	\N	6	\N	6	2015-01-01 00:00:00.000	2015-07-08 10:41:27.190
3425	5XW	1685	\N	1	\N	6	2015-01-01 00:00:00.000	2019-10-22 16:24:23.853
3426	1G9269	5049	\N	9	\N	6	2015-01-01 00:00:00.000	2017-09-08 14:14:24.883
3427	X89AC5	10959	\N	7	\N	37	2015-01-01 00:00:00.000	2015-07-08 10:54:59.687
3428	1B9806	8633	\N	6	\N	6	2015-01-01 00:00:00.000	2015-07-08 10:59:25.933
3429	1B9919	6483	\N	6	\N	6	2015-01-01 00:00:00.000	2015-07-08 11:00:19.643
3430	1G9404	11927	\N	6	\N	6	2015-01-01 00:00:00.000	2015-07-08 11:01:29.470
3431	1B9953	6390	\N	6	\N	6	2015-01-01 00:00:00.000	2015-07-08 11:01:49.733
3432	5RL	9263	\N	6	\N	6	2015-01-01 00:00:00.000	2015-07-08 11:03:56.750
3433	4C9221	1223	\N	6	\N	6	2015-01-01 00:00:00.000	2015-07-08 11:04:50.040
3434	1A9825	6669	\N	1	\N	6	2015-01-01 00:00:00.000	2015-07-08 11:05:19.243
3435	5SJ	8444	\N	1	\N	8	2015-01-01 00:00:00.000	2015-07-08 11:08:21.403
3436	1G9381	11750	\N	6	\N	6	2015-01-01 00:00:00.000	2015-07-08 11:12:14.827
3437	1D9385	12081	\N	6	\N	6	2015-01-01 00:00:00.000	2015-07-08 11:12:54.903
3438	1D9585	10022	\N	6	\N	6	2015-01-01 00:00:00.000	2015-07-08 11:19:20.223
3439	1A9731	10460	\N	6	\N	6	2015-01-01 00:00:00.000	2015-07-08 11:20:08.490
3440	4C9181	6224	\N	6	\N	6	2015-01-01 00:00:00.000	2015-07-08 11:21:07.770
3441	1G9424	11909	\N	6	\N	6	2015-01-01 00:00:00.000	2015-07-08 11:23:41.417
3442	1A9729	9531	\N	6	\N	6	2015-01-01 00:00:00.000	2015-07-08 11:34:11.563
3443	4C9155	1225	\N	6	\N	6	2015-01-01 00:00:00.000	2015-07-08 11:39:10.960
3444	1G9425	11909	\N	1	\N	6	2015-01-01 00:00:00.000	2015-07-08 11:53:44.637
3445	1A9850	6686	\N	9	\N	6	2015-01-01 00:00:00.000	2015-07-08 11:41:50.297
3446	LC2	2806	\N	1	\N	8	2015-01-01 00:00:00.000	2016-02-12 13:32:38.703
3447	4C9199	1226	\N	6	\N	6	2015-01-01 00:00:00.000	2015-07-08 11:49:22.900
3448	53J	12205	\N	2	\N	6	2015-01-01 00:00:00.000	2015-07-08 11:53:54.683
3449	522	11893	\N	9	\N	6	2015-01-01 00:00:00.000	2015-07-08 11:56:10.437
3450	1D9573	10011	\N	6	\N	6	2015-01-01 00:00:00.000	2015-07-08 11:56:47.517
3451	1D9596	8918	\N	6	\N	6	2015-01-01 00:00:00.000	2015-07-08 12:01:43.467
3452	4C9110	9751	\N	1	\N	6	2015-01-01 00:00:00.000	2015-07-08 12:03:38.483
3453	1A9650	11783	\N	6	\N	6	2015-01-01 00:00:00.000	2015-07-08 12:04:30.573
3454	5JX	2205	\N	6	\N	6	2015-01-01 00:00:00.000	2015-07-08 12:11:59.743
3455	4C9226	1227	\N	6	\N	6	2015-01-01 00:00:00.000	2015-07-08 12:12:08.403
3456	1A9747	11606	\N	6	\N	6	2015-01-01 00:00:00.000	2015-07-08 12:20:02.533
3457	1C9943	9771	\N	1	\N	6	2015-01-01 00:00:00.000	2015-07-08 12:28:02.220
3458	1A9241	2197	\N	6	\N	6	2015-01-01 00:00:00.000	2015-07-08 12:35:13.700
3459	1A9793	1669	\N	6	\N	6	2015-01-01 00:00:00.000	2015-07-08 12:39:45.733
3460	1B9943	1837	\N	6	\N	6	2015-01-01 00:00:00.000	2015-07-08 12:40:38.523
3461	4C9068	10484	\N	1	\N	6	2015-01-01 00:00:00.000	2015-07-08 12:41:03.437
3462	1B9742	9036	\N	1	\N	6	2015-01-01 00:00:00.000	2015-07-08 12:42:11.237
3463	1A9949	6348	\N	6	\N	6	2015-01-01 00:00:00.000	2015-07-08 12:42:20.673
3464	1B9892	11218	\N	1	\N	6	2015-01-01 00:00:00.000	2015-07-08 12:43:56.833
3465	1A9940	6513	\N	1	\N	6	2015-01-01 00:00:00.000	2015-07-08 12:44:01.683
3466	5ZU	6406	\N	3	\N	6	2015-01-01 00:00:00.000	2015-07-08 12:46:21.507
3467	4DJ	1968	\N	6	\N	6	2015-01-01 00:00:00.000	2015-07-08 12:48:17.523
3468	1A9710	9439	\N	6	\N	6	2015-01-01 00:00:00.000	2015-07-08 12:53:21.147
3469	4C9151	8509	\N	1	\N	6	2015-01-01 00:00:00.000	2015-07-08 12:54:13.267
3470	1A9896	7267	\N	6	\N	6	2015-01-01 00:00:00.000	2015-07-08 12:59:45.220
3471	1A9837	12147	\N	6	\N	6	2015-01-01 00:00:00.000	2015-07-08 13:06:58.743
3472	4C9072	10031	\N	6	\N	6	2015-01-01 00:00:00.000	2015-07-08 13:07:10.290
3473	1F9715	11804	\N	6	\N	6	2015-01-01 00:00:00.000	2015-07-08 13:29:52.217
3474	4B9043	7479	\N	6	\N	6	2015-01-01 00:00:00.000	2015-07-08 13:30:03.527
3475	1B9893	8665	\N	6	\N	6	2015-01-01 00:00:00.000	2015-07-08 13:31:00.110
3476	4C9290	1228	\N	6	\N	6	2015-01-01 00:00:00.000	2015-07-08 13:37:01.687
3477	4C9272	7278	\N	1	\N	6	2015-01-01 00:00:00.000	2015-07-08 13:37:09.800
3478	1G9445	12108	\N	6	\N	6	2015-01-01 00:00:00.000	2015-07-08 13:43:19.410
3479	1G9233	12513	\N	6	\N	6	2015-01-01 00:00:00.000	2015-07-08 13:46:43.067
3480	3B9021	14249	\N	6	\N	12	2015-01-01 00:00:00.000	2020-06-09 14:18:05.607
3481	1B9952	7221	\N	1	\N	6	2015-01-01 00:00:00.000	2015-07-08 13:53:31.930
3482	1B9285	12610	\N	1	\N	6	2015-01-01 00:00:00.000	2015-07-08 13:54:36.297
3483	53Y	7467	\N	9	\N	6	2015-01-01 00:00:00.000	2020-02-03 16:45:15.780
3484	1B9829	9846	\N	6	\N	6	2015-01-01 00:00:00.000	2015-07-08 14:00:20.150
3485	1DS	12855	\N	6	\N	6	2015-01-01 00:00:00.000	2015-07-08 14:10:01.050
3486	1G9378	11369	\N	1	\N	6	2015-01-01 00:00:00.000	2015-07-08 14:12:43.867
3487	537	1705	\N	3	\N	6	2015-01-01 00:00:00.000	2019-10-28 14:59:18.367
3488	4C9020	9196	\N	6	\N	6	2015-01-01 00:00:00.000	2015-07-08 14:18:31.450
3489	5UL	8453	\N	6	\N	6	2015-01-01 00:00:00.000	2015-07-08 14:28:27.763
3490	4C9364	7482	\N	6	\N	6	2015-01-01 00:00:00.000	2015-07-08 14:37:36.320
3491	5R6	9664	\N	3	\N	6	2015-01-01 00:00:00.000	2019-10-28 15:27:42.450
3492	LCE	22051	\N	1	\N	8	2015-01-01 00:00:00.000	2023-01-24 09:00:01.267
3493	1H9631	12214	\N	6	\N	6	2015-01-01 00:00:00.000	2015-07-08 14:54:56.187
3494	3BZ	13368	\N	6	\N	12	2015-01-01 00:00:00.000	2015-07-08 14:57:03.530
3495	1B9781	5035	\N	6	\N	6	2015-01-01 00:00:00.000	2015-07-08 15:11:04.793
3496	4C9136	11148	\N	6	\N	6	2015-01-01 00:00:00.000	2015-07-08 15:13:27.050
3497	1G9334	11092	\N	6	\N	6	2015-01-01 00:00:00.000	2015-07-08 15:14:07.890
3498	1G9350	9707	\N	1	\N	6	2015-01-01 00:00:00.000	2015-07-08 15:20:46.427
3499	1Z9361	7233	\N	6	\N	6	2015-01-01 00:00:00.000	2015-07-08 15:30:27.260
3500	4C9345	6979	\N	6	\N	6	2015-01-01 00:00:00.000	2015-07-08 15:37:01.550
3501	1F9682	1552	\N	6	\N	6	2015-01-01 00:00:00.000	2015-07-08 15:44:19.087
3502	1H9613	6317	\N	1	\N	6	2015-01-01 00:00:00.000	2015-07-08 15:54:01.030
3503	4C9032	10623	\N	6	\N	6	2015-01-01 00:00:00.000	2015-07-08 15:57:10.710
3504	5PA	8824	\N	6	\N	6	2015-01-01 00:00:00.000	2015-07-08 16:05:36.930
3505	527	6703	\N	6	\N	6	2015-01-01 00:00:00.000	2015-07-08 16:16:51.257
3506	1D9661	7719	\N	6	\N	6	2015-01-01 00:00:00.000	2015-07-08 16:24:18.743
3507	1E9419	10547	\N	6	\N	6	2015-01-01 00:00:00.000	2015-07-08 16:27:17.457
3508	2C9201	14151	\N	1	\N	1	2015-01-01 00:00:00.000	2016-08-05 16:14:20.703
3509	1H9523	11127	\N	6	\N	6	2015-01-01 00:00:00.000	2015-07-08 16:39:26.587
3510	1H9616	11961	\N	6	\N	6	2015-01-01 00:00:00.000	2015-07-08 17:04:00.040
3511	3G4	984	\N	2	\N	6	2015-01-01 00:00:00.000	2015-07-08 17:12:09.150
3512	4C9102	9507	\N	6	\N	6	2015-01-01 00:00:00.000	2015-07-08 17:14:23.810
3513	1G7	984	\N	2	\N	6	2015-01-01 00:00:00.000	2019-04-09 08:20:22.847
3514	RF4	9497	\N	1	\N	4	2015-01-01 00:00:00.000	2015-07-08 17:22:26.863
3515	5GN	984	\N	3	\N	6	2015-01-01 00:00:00.000	2015-07-08 17:29:44.723
3516	3GS	984	\N	7	\N	6	2015-01-01 00:00:00.000	2015-07-08 17:41:30.347
3517	5HA	12754	\N	6	\N	6	2015-01-01 00:00:00.000	2015-07-09 06:35:22.050
3518	1H9529	9685	\N	1	\N	6	2015-01-01 00:00:00.000	2015-07-09 07:07:20.960
3519	1H9765	9685	\N	6	\N	6	2015-01-01 00:00:00.000	2015-07-09 07:07:50.663
3520	1H9642	6032	\N	1	\N	6	2015-01-01 00:00:00.000	2015-07-09 07:31:20.983
3521	1B9924	1440	\N	1	\N	6	2015-01-01 00:00:00.000	2019-11-04 10:13:20.870
3522	1B9956	7864	\N	6	\N	6	2015-01-01 00:00:00.000	2015-07-09 08:40:30.140
3523	1D9692	7091	\N	1	\N	6	2015-01-01 00:00:00.000	2015-07-09 09:02:00.463
3524	4B9034	1655	\N	6	\N	6	2015-01-01 00:00:00.000	2022-02-08 15:03:41.970
3525	1A9873	6741	\N	6	\N	6	2015-01-01 00:00:00.000	2015-07-09 09:33:24.777
3526	ZKH	9754	\N	1	\N	9	2015-01-01 00:00:00.000	2016-01-21 14:46:55.040
3527	19B	13369	\N	6	\N	6	2015-01-01 00:00:00.000	2015-07-09 09:43:11.773
3528	1D9651	9314	\N	1	\N	6	2015-01-01 00:00:00.000	2018-02-28 11:40:56.433
3529	1D9705	7773	\N	6	\N	6	2015-01-01 00:00:00.000	2015-07-09 09:52:22.127
3530	1B9963	6632	\N	1	\N	6	2015-01-01 00:00:00.000	2015-07-09 10:03:38.730
3531	1D9757	6807	\N	6	\N	6	2015-01-01 00:00:00.000	2015-07-09 10:24:29.930
3532	1B9859	11580	\N	6	\N	6	2015-01-01 00:00:00.000	2015-07-09 10:29:41.480
3533	1D9571	12872	\N	1	\N	6	2015-01-01 00:00:00.000	2015-07-09 10:30:17.313
3534	1B9909	8688	\N	6	\N	6	2015-01-01 00:00:00.000	2015-07-09 10:50:01.107
3535	4C9347	1229	\N	6	\N	6	2015-01-01 00:00:00.000	2015-07-09 10:48:53.043
3536	1B9872	9088	\N	6	\N	6	2015-01-01 00:00:00.000	2015-07-09 10:50:01.403
3537	4B9046	7656	\N	1	\N	6	2015-01-01 00:00:00.000	2015-07-09 10:56:14.977
3538	1G9365	9990	\N	1	\N	6	2015-01-01 00:00:00.000	2015-07-09 10:57:04.507
3539	LWE	11375	\N	5	\N	8	2015-01-01 00:00:00.000	2015-07-09 10:59:35.390
3540	4C9177	1230	\N	1	\N	6	2015-01-01 00:00:00.000	2015-07-09 11:00:32.393
3541	1B9821	11646	\N	3	\N	6	2015-01-01 00:00:00.000	2019-11-04 10:45:56.083
3542	1A2	994	\N	10	\N	6	2015-01-01 00:00:00.000	2015-07-09 11:03:25.507
3543	4B9042	1667	\N	6	\N	6	2015-01-01 00:00:00.000	2015-07-09 11:03:35.847
3544	1A3	994	\N	3	\N	6	2015-01-01 00:00:00.000	2015-07-09 11:07:14.107
3545	1A6	994	\N	10	\N	6	2015-01-01 00:00:00.000	2015-07-09 11:09:40.420
3546	1A7	994	\N	3	\N	6	2015-01-01 00:00:00.000	2015-07-09 11:10:16.770
3547	1A8	994	\N	7	\N	6	2015-01-01 00:00:00.000	2015-07-09 11:10:40.933
3548	1D2	994	\N	10	\N	6	2015-01-01 00:00:00.000	2015-07-09 11:15:57.723
3549	1B9778	9267	\N	1	\N	6	2015-01-01 00:00:00.000	2015-07-09 11:17:38.967
3550	LDW	7799	\N	6	\N	6	2015-01-01 00:00:00.000	2015-07-09 11:20:17.527
3551	1B9874	6408	\N	1	\N	6	2015-01-01 00:00:00.000	2019-11-04 11:26:41.137
3552	1D3	994	\N	3	\N	6	2015-01-01 00:00:00.000	2015-07-09 11:28:45.807
3553	1D9653	6214	\N	6	\N	6	2015-01-01 00:00:00.000	2015-07-09 11:33:18.027
3554	1D8	994	\N	7	\N	6	2015-01-01 00:00:00.000	2015-07-09 11:33:52.363
3555	1Z2	994	\N	10	\N	6	2015-01-01 00:00:00.000	2015-07-09 11:34:52.267
3556	1Z3	994	\N	3	\N	6	2015-01-01 00:00:00.000	2015-07-09 11:36:17.130
3557	1Z4	994	\N	7	\N	6	2015-01-01 00:00:00.000	2015-07-09 11:36:42.450
3558	1Z6	994	\N	7	\N	6	2015-01-01 00:00:00.000	2015-07-09 11:39:41.973
3559	1Z8	994	\N	7	\N	6	2015-01-01 00:00:00.000	2015-07-09 11:41:33.593
3560	4C9295	1231	\N	6	\N	6	2015-01-01 00:00:00.000	2015-07-09 11:45:21.370
3561	1C9977	1232	\N	6	\N	6	2015-01-01 00:00:00.000	2015-07-09 12:00:46.293
3562	4C9006	11171	\N	1	\N	6	2015-01-01 00:00:00.000	2015-07-09 12:05:19.997
3563	4B9072	6981	\N	1	\N	6	2015-01-01 00:00:00.000	2015-07-09 12:47:17.200
3564	1B9958	1493	\N	9	\N	6	2015-01-01 00:00:00.000	2018-01-05 13:22:46.787
3565	1B9835	10693	\N	6	\N	6	2015-01-01 00:00:00.000	2015-07-09 12:58:43.073
3566	1B9798	10675	\N	1	\N	6	2015-01-01 00:00:00.000	2015-07-09 13:03:19.223
3567	1B9275	12618	\N	6	\N	6	2015-01-01 00:00:00.000	2015-07-09 13:25:10.187
3568	1B9849	9555	\N	1	\N	6	2015-01-01 00:00:00.000	2015-07-09 13:27:25.487
3569	4B9062	6768	\N	6	\N	6	2015-01-01 00:00:00.000	2015-07-09 13:34:46.157
3570	51R	6408	\N	1	\N	6	2015-01-01 00:00:00.000	2015-07-09 13:44:12.657
3571	52P	6699	\N	9	\N	6	2015-01-01 00:00:00.000	2015-07-09 13:41:48.340
3572	1B9823	4268	\N	1	\N	6	2015-01-01 00:00:00.000	2015-07-09 13:45:29.157
3573	1G9367	10005	\N	1	\N	6	2015-01-01 00:00:00.000	2015-07-09 13:50:16.010
3574	1D9716	7972	\N	6	\N	6	2015-01-01 00:00:00.000	2015-07-09 14:18:28.287
3575	1G9484	1643	\N	6	\N	6	2015-01-01 00:00:00.000	2015-07-09 14:35:44.037
3576	4C9323	1233	\N	1	\N	6	2015-01-01 00:00:00.000	2015-07-09 14:41:23.303
3577	1B9779	9966	\N	6	\N	6	2015-01-01 00:00:00.000	2015-07-09 14:48:09.077
3578	4C9113	10748	\N	9	\N	6	2015-01-01 00:00:00.000	2015-07-09 15:01:22.137
3579	16S	4720	\N	6	\N	6	2015-01-01 00:00:00.000	2015-07-09 15:09:51.210
3580	1M9897	10779	\N	1	\N	6	2015-01-01 00:00:00.000	2015-07-09 15:21:56.050
3581	RL7	14271	\N	1	\N	38	2015-01-01 00:00:00.000	2020-06-09 14:33:59.860
3582	3BY	7900	\N	6	\N	12	2015-01-01 00:00:00.000	2022-09-22 13:23:08.880
3583	1B9774	10154	\N	1	\N	6	2015-01-01 00:00:00.000	2015-07-09 15:39:41.033
3584	3C9039	11177	\N	6	\N	12	2015-01-01 00:00:00.000	2015-07-09 15:53:59.597
3585	4C9042	10064	\N	1	\N	6	2015-01-01 00:00:00.000	2015-07-09 16:35:55.163
3586	1B9982	5705	\N	6	\N	6	2015-01-01 00:00:00.000	2015-07-10 07:26:26.817
3587	542	7843	\N	6	\N	6	2015-01-01 00:00:00.000	2015-07-10 07:41:03.413
3588	1A9805	9118	\N	1	\N	6	2015-01-01 00:00:00.000	2015-07-10 07:46:23.947
3589	1A9758	11344	\N	6	\N	6	2015-01-01 00:00:00.000	2015-07-10 07:56:42.410
3590	1B9833	10710	\N	6	\N	6	2015-01-01 00:00:00.000	2015-07-10 08:04:52.003
3591	1M9596	12353	\N	6	\N	6	2015-01-01 00:00:00.000	2016-03-10 12:51:31.350
3592	10B	5083	\N	6	\N	6	2015-01-01 00:00:00.000	2023-09-28 11:04:03.653
3593	1A9754	13370	\N	6	\N	6	2015-01-01 00:00:00.000	2015-07-10 08:43:10.090
3594	4B9025	12239	\N	6	\N	6	2015-01-01 00:00:00.000	2015-07-10 08:45:12.020
3595	4B9058	7378	\N	1	\N	6	2015-01-01 00:00:00.000	2015-07-10 08:45:52.517
3596	4C0	12746	\N	6	\N	6	2015-01-01 00:00:00.000	2023-01-30 15:41:12.380
3597	5VF	10729	\N	9	\N	6	2015-01-01 00:00:00.000	2015-07-10 10:20:16.637
3598	5TA	10482	\N	6	\N	6	2015-01-01 00:00:00.000	2024-03-06 11:48:22.203
3599	1H9621	6486	\N	6	\N	6	2015-01-01 00:00:00.000	2015-07-10 10:32:25.953
3600	1B9955	6381	\N	6	\N	6	2015-01-01 00:00:00.000	2015-07-10 10:33:43.970
3601	1G9471	12120	\N	6	\N	6	2015-01-01 00:00:00.000	2015-08-18 15:27:22.960
3602	1B9857	11379	\N	1	\N	6	2015-01-01 00:00:00.000	2015-07-10 10:37:59.810
3603	1A9737	11585	\N	1	\N	6	2015-01-01 00:00:00.000	2015-07-10 10:40:44.017
3604	1V9116	10797	\N	1	\N	6	2015-01-01 00:00:00.000	2016-09-28 10:52:39.053
3605	1B9940	6176	\N	1	\N	6	2015-01-01 00:00:00.000	2015-07-10 10:48:46.853
3606	51P	6183	\N	6	\N	6	2015-01-01 00:00:00.000	2015-07-10 10:49:15.277
3607	5L5	4475	\N	1	\N	6	2015-01-01 00:00:00.000	2015-07-10 10:56:55.553
3608	4C9082	11165	\N	1	\N	6	2015-01-01 00:00:00.000	2015-07-10 10:59:23.037
3609	4B9031	6035	\N	1	\N	6	2015-01-01 00:00:00.000	2015-07-10 11:02:38.507
3610	5R3	16559	\N	6	\N	6	2017-06-09 00:00:00.000	2017-06-09 11:32:51.120
3611	4B9032	6035	\N	6	\N	6	2015-01-01 00:00:00.000	2015-07-10 11:08:17.760
3612	1B9941	11883	\N	6	\N	6	2015-01-01 00:00:00.000	2019-11-04 15:24:45.130
3613	1H9667	7823	\N	1	\N	6	2015-01-01 00:00:00.000	2015-07-10 11:13:18.090
3614	1H9573	6145	\N	6	\N	6	2015-01-01 00:00:00.000	2015-07-10 11:36:59.003
3615	4C9128	10970	\N	1	\N	6	2015-01-01 00:00:00.000	2015-07-10 11:46:46.063
3616	4C9322	6500	\N	6	\N	6	2015-01-01 00:00:00.000	2015-07-10 11:47:33.317
3617	4C9256	1693	\N	6	\N	6	2015-01-01 00:00:00.000	2015-07-10 11:47:57.573
3618	1B9979	13371	\N	3	\N	6	2015-01-01 00:00:00.000	2019-10-28 17:21:01.333
3619	4C9242	1579	\N	6	\N	6	2015-01-01 00:00:00.000	2015-07-10 11:48:32.707
3620	1H9560	7705	\N	6	\N	6	2015-01-01 00:00:00.000	2015-07-10 11:55:05.967
3621	2GL	1846	\N	6	\N	6	2015-01-01 00:00:00.000	2023-04-10 15:48:56.520
3622	L5X	17279	\N	1	\N	6	2015-01-01 00:00:00.000	2021-03-03 19:36:37.467
3623	5BS	5378	\N	6	\N	6	2015-01-01 00:00:00.000	2015-07-10 12:21:22.520
3624	4C9247	7444	\N	6	\N	6	2015-01-01 00:00:00.000	2015-07-10 12:27:23.817
3625	1B9945	6897	\N	6	\N	6	2015-01-01 00:00:00.000	2016-08-25 11:30:35.663
3626	5UU	10239	\N	6	\N	6	2015-01-01 00:00:00.000	2015-07-10 12:38:24.213
3627	1H9620	12085	\N	6	\N	6	2015-01-01 00:00:00.000	2015-07-10 12:48:06.563
3628	1B9950	1484	\N	1	\N	6	2015-01-01 00:00:00.000	2015-07-10 12:50:05.530
3629	4B9041	1528	\N	6	\N	6	2015-01-01 00:00:00.000	2015-07-10 12:57:52.983
3630	1B9900	8668	\N	6	\N	6	2015-01-01 00:00:00.000	2015-07-10 13:05:18.503
3631	5BX	1712	\N	6	\N	6	2015-01-01 00:00:00.000	2024-02-01 13:58:49.997
3632	1B9799	9319	\N	6	\N	6	2015-01-01 00:00:00.000	2015-07-10 13:18:02.920
3633	4C9027	13373	\N	6	\N	6	2015-01-01 00:00:00.000	2015-07-10 13:22:34.813
3634	1H9600	7405	\N	6	\N	6	2015-01-01 00:00:00.000	2015-07-10 13:29:25.203
3635	1CD	1622	\N	6	\N	6	2015-01-01 00:00:00.000	2015-07-10 13:29:29.447
3636	4C9053	5866	\N	6	\N	6	2015-01-01 00:00:00.000	2015-07-10 13:38:30.737
3637	1B9929	1434	\N	1	\N	6	2015-01-01 00:00:00.000	2015-07-10 13:42:47.140
3638	1A9860	1556	\N	6	\N	6	2015-01-01 00:00:00.000	2015-07-10 13:44:40.893
3639	1B9788	8708	\N	6	\N	6	2015-01-01 00:00:00.000	2015-07-10 13:51:57.447
3640	4C9350	7609	\N	6	\N	6	2015-01-01 00:00:00.000	2015-07-10 13:53:31.280
3641	1H9629	12123	\N	6	\N	6	2015-01-01 00:00:00.000	2015-07-10 13:55:13.117
3642	520	7885	\N	2	\N	6	2015-01-01 00:00:00.000	2015-07-10 14:00:42.807
3643	1H9648	6564	\N	6	\N	6	2015-01-01 00:00:00.000	2018-01-25 09:20:14.587
3644	1H9658	13375	\N	6	\N	6	2015-01-01 00:00:00.000	2015-07-10 14:45:22.283
3645	56L	6338	\N	6	\N	6	2015-01-01 00:00:00.000	2015-07-10 14:52:54.047
3646	19L	13376	\N	6	\N	6	2015-01-01 00:00:00.000	2015-07-11 05:49:17.683
3647	1H9601	7065	\N	6	\N	6	2015-01-01 00:00:00.000	2015-07-11 06:34:58.500
3648	1Z9383	7102	\N	6	\N	6	2015-01-01 00:00:00.000	2015-07-11 07:08:25.707
3649	2TX	7938	\N	6	\N	1	2015-01-01 00:00:00.000	2015-07-11 19:22:20.387
3650	1Z9312	6806	\N	6	\N	6	2015-01-01 00:00:00.000	2015-07-11 20:23:25.023
3651	1Z9426	12104	\N	6	\N	6	2015-01-01 00:00:00.000	2015-07-12 09:29:32.107
3652	1Z9372	7528	\N	1	\N	6	2015-01-01 00:00:00.000	2015-07-12 09:48:35.790
3653	1Z9259	10430	\N	6	\N	6	2015-01-01 00:00:00.000	2015-07-12 10:16:29.703
3654	3A9205	12266	\N	6	\N	12	2015-01-01 00:00:00.000	2015-07-12 10:48:21.207
3655	1Z9406	7249	\N	6	\N	6	2015-01-01 00:00:00.000	2015-07-12 10:47:36.263
3656	3A9019	14103	\N	6	\N	12	2015-01-01 00:00:00.000	2024-12-09 10:34:18.520
3657	3A9216	7658	\N	6	\N	12	2015-01-01 00:00:00.000	2015-07-12 11:24:19.643
3658	1H9530	11776	\N	6	\N	6	2015-01-01 00:00:00.000	2015-07-12 12:03:36.043
3659	1H9544	9162	\N	6	\N	6	2015-01-01 00:00:00.000	2015-07-12 12:17:00.457
3660	1Z9334	10001	\N	6	\N	6	2015-01-01 00:00:00.000	2015-07-12 12:49:29.243
3661	1Z9385	7457	\N	6	\N	5	2015-01-01 00:00:00.000	2015-07-12 13:20:39.063
3662	2C9212	7784	\N	6	\N	1	2015-01-01 00:00:00.000	2015-07-12 13:34:02.777
3663	1Z9370	1477	\N	1	\N	6	2015-01-01 00:00:00.000	2015-07-12 13:53:08.193
3664	1Z9014	13377	\N	1	\N	6	2015-01-01 00:00:00.000	2015-07-12 14:15:15.990
3665	1Z9159	1813	\N	1	\N	6	2015-01-01 00:00:00.000	2015-07-12 14:39:27.400
3666	1Z9352	6416	\N	9	\N	6	2015-01-01 00:00:00.000	2015-07-12 14:59:13.317
3667	1Z9321	1352	\N	6	\N	6	2015-01-01 00:00:00.000	2015-07-13 07:20:54.730
3668	1B9769	1363	\N	1	\N	6	2015-01-01 00:00:00.000	2015-07-13 07:35:51.403
3669	4C9170	8935	\N	6	\N	6	2015-01-01 00:00:00.000	2015-07-13 09:47:08.980
3670	4C9175	6735	\N	6	\N	6	2015-01-01 00:00:00.000	2015-07-13 09:48:23.330
3671	4C9065	11288	\N	1	\N	6	2015-01-01 00:00:00.000	2015-07-13 09:49:06.947
3672	1B9755	5865	\N	6	\N	26	2015-01-01 00:00:00.000	2015-07-13 10:00:33.240
3673	4C9253	6921	\N	6	\N	6	2015-01-01 00:00:00.000	2015-07-13 10:07:23.177
3674	55J	6921	\N	6	\N	6	2015-01-01 00:00:00.000	2015-07-13 10:13:22.210
3675	4C9183	7740	\N	1	\N	6	2015-01-01 00:00:00.000	2015-07-13 10:19:50.510
3676	1B9976	1718	\N	6	\N	6	2015-01-01 00:00:00.000	2015-07-13 10:29:28.163
3677	1F9420	13378	\N	6	\N	6	2015-01-01 00:00:00.000	2015-07-13 10:34:26.703
3678	1B9750	10462	\N	1	\N	6	2015-01-01 00:00:00.000	2015-07-13 10:41:07.733
3679	4C9204	8673	\N	6	\N	6	2015-01-01 00:00:00.000	2015-07-13 10:49:53.313
3680	4C9051	9768	\N	6	\N	6	2015-01-01 00:00:00.000	2015-07-13 10:50:24.950
3681	4C9167	8922	\N	6	\N	6	2015-01-01 00:00:00.000	2015-07-13 10:50:54.700
3682	1B9789	10661	\N	1	\N	6	2015-01-01 00:00:00.000	2015-07-13 11:10:12.313
3683	1A9975	7514	\N	6	\N	6	2015-01-01 00:00:00.000	2016-03-11 14:04:18.503
3684	5UC	11341	\N	6	\N	6	2015-01-01 00:00:00.000	2015-07-13 11:49:26.110
3685	1Z9278	11358	\N	6	\N	6	2015-01-01 00:00:00.000	2015-07-13 11:56:48.010
3686	4C9030	10440	\N	9	\N	6	2015-01-01 00:00:00.000	2017-10-10 13:46:28.010
3687	1C9257	1787	\N	6	\N	6	2015-01-01 00:00:00.000	2015-07-13 12:31:05.000
3688	LA9ATC	11511	\N	6	\N	6	2015-01-01 00:00:00.000	2015-07-13 12:31:46.450
3689	5RH	11233	\N	6	\N	6	2015-01-01 00:00:00.000	2015-07-13 12:34:12.340
3690	4C9233	6696	\N	6	\N	6	2015-01-01 00:00:00.000	2015-07-13 12:35:35.053
3691	1Z9377	6383	\N	1	\N	6	2015-01-01 00:00:00.000	2015-07-13 12:41:34.803
3692	4C9162	8535	\N	6	\N	6	2015-01-01 00:00:00.000	2015-07-13 12:47:25.803
3693	4C9227	6156	\N	1	\N	6	2015-01-01 00:00:00.000	2015-07-13 12:52:59.457
3694	1B9280	1895	\N	6	\N	6	2015-01-01 00:00:00.000	2015-07-13 13:12:00.163
3695	1B9928	11859	\N	6	\N	6	2015-01-01 00:00:00.000	2015-07-13 13:20:00.957
3696	1Z9427	7183	\N	6	\N	6	2015-01-01 00:00:00.000	2015-07-13 13:27:06.167
3697	4C9064	10694	\N	1	\N	6	2015-01-01 00:00:00.000	2015-07-13 13:36:09.703
3698	4C9251	12202	\N	6	\N	6	2015-01-01 00:00:00.000	2015-07-13 13:28:21.203
3699	4C9201	6642	\N	6	\N	6	2015-01-01 00:00:00.000	2015-07-13 13:29:25.177
3700	4C9245	1099	\N	6	\N	6	2015-01-01 00:00:00.000	2015-07-13 13:40:42.733
3701	1B9729	13379	\N	6	\N	6	2015-01-01 00:00:00.000	2015-07-13 13:41:27.897
3702	4C9156	1348	\N	6	\N	6	2015-01-01 00:00:00.000	2015-07-13 13:50:34.567
3703	4C9107	9086	\N	6	\N	6	2015-01-01 00:00:00.000	2015-07-13 13:56:11.653
3704	4C9194	12032	\N	6	\N	6	2015-01-01 00:00:00.000	2015-07-13 14:17:25.160
3705	1C9077	13720	\N	6	\N	6	2015-01-01 00:00:00.000	2019-06-26 15:50:36.643
3706	4C9289	1449	\N	6	\N	6	2015-01-01 00:00:00.000	2015-07-13 14:18:58.807
3707	1C9895	13380	\N	6	\N	6	2015-01-01 00:00:00.000	2015-07-13 14:21:24.670
3708	4C9203	6476	\N	6	\N	6	2015-01-01 00:00:00.000	2015-07-13 14:29:18.363
3709	4C9109	11381	\N	6	\N	6	2015-01-01 00:00:00.000	2015-07-13 14:36:58.703
3710	1B9965	1692	\N	6	\N	6	2015-01-01 00:00:00.000	2015-07-13 14:37:39.827
3711	4TA	13383	\N	3	\N	6	2015-01-01 00:00:00.000	2015-07-13 14:40:12.580
3712	5RS	12703	\N	6	\N	6	2015-01-01 00:00:00.000	2015-07-13 14:47:02.380
3713	1ZW	978	\N	2	\N	6	2015-01-01 00:00:00.000	2015-07-13 15:03:50.453
3714	YYC	13384	\N	2	\N	47	2015-01-01 00:00:00.000	2015-07-13 15:08:00.100
3715	4C9387	7312	\N	6	\N	6	2015-01-01 00:00:00.000	2015-07-13 15:21:39.460
3716	4C9056	10713	\N	1	\N	6	2015-01-01 00:00:00.000	2015-07-13 15:30:42.717
3717	1H9664	16326	\N	1	\N	6	2015-01-01 00:00:00.000	2017-03-17 15:14:03.383
3718	1H9484	11234	\N	6	\N	6	2015-01-01 00:00:00.000	2017-11-14 14:39:09.557
3719	1H9598	1690	\N	1	\N	6	2015-01-01 00:00:00.000	2020-02-05 11:43:31.060
3720	53M	6397	\N	6	\N	6	2015-01-01 00:00:00.000	2015-07-13 16:35:46.217
3721	1H9572	10759	\N	6	\N	6	2015-01-01 00:00:00.000	2015-07-13 16:44:49.580
3722	1H9575	6153	\N	6	\N	6	2015-01-01 00:00:00.000	2015-07-13 17:07:35.300
3723	1H9646	6301	\N	1	\N	6	2015-01-01 00:00:00.000	2015-07-13 17:23:07.667
3724	1Z9430	9885	\N	6	\N	6	2015-01-01 00:00:00.000	2015-07-13 19:36:51.213
3725	1Z9247	8892	\N	1	\N	6	2015-01-01 00:00:00.000	2015-07-13 20:00:00.583
3726	1Z9399	7108	\N	6	\N	6	2015-01-01 00:00:00.000	2015-07-13 20:14:51.360
3727	1Z9429	12098	\N	6	\N	6	2015-01-01 00:00:00.000	2015-07-13 20:26:35.860
3728	1Z9270	9778	\N	6	\N	6	2015-01-01 00:00:00.000	2015-07-13 20:40:58.120
3729	1B9890	13385	\N	6	\N	6	2015-01-01 00:00:00.000	2015-07-14 07:26:12.737
3730	5YA	8937	\N	1	\N	6	2015-01-01 00:00:00.000	2015-07-14 08:04:54.490
3731	4C9013	9915	\N	6	\N	6	2015-01-01 00:00:00.000	2015-07-14 08:34:21.380
3732	56K	25173	\N	1	\N	6	2015-01-01 00:00:00.000	2026-01-22 11:25:05.587
3733	4C9120	10752	\N	1	\N	6	2015-01-01 00:00:00.000	2015-07-14 08:39:04.240
3734	4C9284	6444	\N	6	\N	6	2015-01-01 00:00:00.000	2015-07-14 08:39:53.707
3735	1W9488	2208	\N	6	\N	6	2015-01-01 00:00:00.000	2015-07-14 08:40:59.197
3736	555	13386	\N	6	\N	6	2015-01-01 00:00:00.000	2015-07-14 08:53:49.090
3737	1MH	976	\N	10	\N	6	2015-01-01 00:00:00.000	2015-07-14 09:10:47.443
3738	4C9356	7517	\N	6	\N	6	2015-01-01 00:00:00.000	2015-07-14 09:31:15.913
3739	4C9363	6761	\N	6	\N	6	2015-01-01 00:00:00.000	2015-07-14 09:31:43.527
3740	53G	1564	\N	2	\N	6	2015-01-01 00:00:00.000	2020-03-16 11:33:16.770
3741	2FB	977	\N	5	\N	6	2015-01-01 00:00:00.000	2023-03-13 16:18:40.890
3742	1B9656	10156	\N	6	\N	6	2015-01-01 00:00:00.000	2015-07-14 09:55:55.203
3743	1H9593	6902	\N	1	\N	6	2015-01-01 00:00:00.000	2015-07-14 10:04:48.410
3744	3FB	979	\N	5	\N	12	2015-01-01 00:00:00.000	2023-03-13 16:21:26.650
3745	4B9065	7791	\N	6	\N	6	2015-01-01 00:00:00.000	2015-07-14 10:15:57.433
3746	3FE	979	\N	10	\N	12	2015-01-01 00:00:00.000	2023-03-13 16:21:51.617
3747	3FM	979	\N	7	\N	12	2015-01-01 00:00:00.000	2022-03-02 14:23:43.623
3748	1H9513	11373	\N	6	\N	6	2015-01-01 00:00:00.000	2015-07-14 10:29:28.510
3749	4M3	976	\N	10	\N	6	2015-01-01 00:00:00.000	2015-07-14 10:31:29.693
3750	4N2	976	\N	7	\N	6	2015-01-01 00:00:00.000	2015-07-14 10:40:41.963
3751	4B9024	12228	\N	6	\N	6	2015-01-01 00:00:00.000	2015-07-14 10:54:04.930
3752	4N3	976	\N	10	\N	6	2015-01-01 00:00:00.000	2015-07-14 10:56:24.703
3753	4C9045	8712	\N	6	\N	6	2015-01-01 00:00:00.000	2015-07-14 10:58:05.263
3754	1B9944	1907	\N	6	\N	6	2015-01-01 00:00:00.000	2015-07-14 11:01:11.167
3755	4C9319	12247	\N	6	\N	6	2015-01-01 00:00:00.000	2015-07-14 11:06:52.060
3756	1B9752	9688	\N	1	\N	6	2015-01-01 00:00:00.000	2015-07-14 11:07:36.443
3757	4C9143	7584	\N	1	\N	6	2015-01-01 00:00:00.000	2015-07-14 11:11:14.890
3758	1C9725	2211	\N	6	\N	6	2015-01-01 00:00:00.000	2015-07-14 11:16:42.147
3759	4C9096	9336	\N	6	\N	6	2015-01-01 00:00:00.000	2015-07-14 11:19:37.100
3760	4B9021	6333	\N	6	\N	6	2015-01-01 00:00:00.000	2015-07-14 11:31:03.580
3761	4C9123	9454	\N	1	\N	6	2015-01-01 00:00:00.000	2015-07-14 11:35:20.043
3762	4C9147	1116	\N	6	\N	6	2015-01-01 00:00:00.000	2015-07-14 11:45:40.753
3763	1B9984	7556	\N	6	\N	6	2015-01-01 00:00:00.000	2015-07-14 12:09:17.797
3764	4C9329	7376	\N	6	\N	6	2015-01-01 00:00:00.000	2015-07-14 12:27:35.010
3765	1B9974	1716	\N	6	\N	6	2015-01-01 00:00:00.000	2015-07-14 12:42:40.640
3766	1C9237	5256	\N	6	\N	6	2015-01-01 00:00:00.000	2026-08-18 11:21:57.793
3767	1H9668	7326	\N	1	\N	6	2015-01-01 00:00:00.000	2015-07-14 13:13:27.510
3768	1Z9265	9541	\N	1	\N	6	2015-01-01 00:00:00.000	2015-07-14 13:14:53.543
3769	1Z9374	1492	\N	6	\N	6	2015-01-01 00:00:00.000	2021-02-23 16:50:22.620
3770	5FC	17600	\N	9	\N	6	2015-01-01 00:00:00.000	2020-01-02 14:40:14.337
3771	1Z9417	12118	\N	6	\N	6	2015-01-01 00:00:00.000	2015-07-14 13:51:11.747
3772	3A9168	6305	\N	6	\N	12	2015-01-01 00:00:00.000	2015-07-14 13:57:30.700
3773	1Z9398	1719	\N	6	\N	6	2015-01-01 00:00:00.000	2015-07-14 13:58:10.107
3774	1Z9436	6360	\N	6	\N	6	2015-01-01 00:00:00.000	2015-07-14 13:59:08.247
3775	4C9287	6060	\N	6	\N	6	2015-01-01 00:00:00.000	2015-07-14 13:59:17.733
3776	1B9913	6480	\N	6	\N	6	2015-01-01 00:00:00.000	2015-07-14 14:02:21.033
3777	4B9051	6050	\N	6	\N	6	2015-01-01 00:00:00.000	2015-07-14 14:19:39.480
3778	L37	7256	\N	1	\N	8	2015-01-01 00:00:00.000	2015-07-14 15:48:02.210
3779	4N4	976	\N	3	\N	6	2015-01-01 00:00:00.000	2015-07-14 15:08:32.003
3780	4M4	976	\N	3	\N	6	2015-01-01 00:00:00.000	2015-07-14 15:09:04.860
3781	544	7547	\N	9	\N	6	2015-01-01 00:00:00.000	2015-07-14 15:14:19.933
3782	4C9081	8486	\N	6	\N	6	2015-01-01 00:00:00.000	2015-07-14 15:17:34.527
3783	55N	12099	\N	6	\N	6	2015-01-01 00:00:00.000	2015-07-15 07:53:32.537
3784	1Z9275	10449	\N	1	\N	6	2015-01-01 00:00:00.000	2015-07-15 07:55:09.320
3785	1Z9281	5830	\N	6	\N	6	2015-01-01 00:00:00.000	2015-07-15 07:55:59.303
3786	1Z9104	12509	\N	6	\N	6	2015-01-01 00:00:00.000	2015-07-15 07:56:35.137
3787	1G9397	12077	\N	6	\N	6	2015-01-01 00:00:00.000	2015-07-15 08:04:10.673
3788	1G9391	7564	\N	6	\N	6	2015-01-01 00:00:00.000	2015-07-15 08:24:19.580
3789	1Z9274	12330	\N	1	\N	6	2015-01-01 00:00:00.000	2015-07-15 08:42:10.633
3790	YST	9374	\N	1	\N	\N	2015-01-01 00:00:00.000	2020-01-10 15:01:33.673
3791	4C9274	6557	\N	6	\N	6	2015-01-01 00:00:00.000	2015-07-15 09:11:36.040
3792	4C9036	10861	\N	6	\N	6	2015-01-01 00:00:00.000	2015-07-15 09:43:53.843
3793	AAW	14250	\N	6	\N	10	2015-01-01 00:00:00.000	2023-04-14 14:31:02.423
3794	5WR	11769	\N	1	\N	6	2015-01-01 00:00:00.000	2015-07-15 09:55:18.717
3795	1Z9450	6759	\N	6	\N	6	2015-01-01 00:00:00.000	2015-07-15 09:55:47.437
3796	1Z9448	1529	\N	6	\N	6	2015-01-01 00:00:00.000	2015-07-15 09:56:13.130
3797	4C9282	7962	\N	9	\N	6	2015-01-01 00:00:00.000	2020-01-02 15:08:04.037
3798	4C9087	4279	\N	6	\N	6	2015-01-01 00:00:00.000	2015-07-15 10:15:21.387
3799	4C9076	11361	\N	6	\N	6	2015-01-01 00:00:00.000	2015-07-15 10:52:52.907
3800	4C9041	10870	\N	1	\N	6	2015-01-01 00:00:00.000	2015-07-15 10:58:20.927
3801	1Z9348	8159	\N	6	\N	6	2015-01-01 00:00:00.000	2025-05-21 13:19:52.143
3802	4C9018	10663	\N	1	\N	6	2015-01-01 00:00:00.000	2015-07-15 11:03:09.373
3803	4C9276	7781	\N	6	\N	6	2015-01-01 00:00:00.000	2015-07-15 11:07:23.030
3805	4C9095	9490	\N	6	\N	6	2015-01-01 00:00:00.000	2015-07-15 12:22:13.763
3806	4C9211	6652	\N	6	\N	6	2015-01-01 00:00:00.000	2015-07-15 12:35:04.013
3807	4C9384	7325	\N	6	\N	6	2015-01-01 00:00:00.000	2015-07-15 12:40:50.397
3808	4C9197	7000	\N	6	\N	6	2015-01-01 00:00:00.000	2015-07-15 12:47:48.197
3809	4C9127	8878	\N	6	\N	6	2015-01-01 00:00:00.000	2015-07-15 12:53:10.663
3810	4C9386	7319	\N	6	\N	6	2015-01-01 00:00:00.000	2015-07-15 13:00:33.940
3811	4C9049	6900	\N	6	\N	6	2015-01-01 00:00:00.000	2015-07-15 13:06:54.207
3812	1G9460	6256	\N	6	\N	6	2015-01-01 00:00:00.000	2015-07-15 13:12:12.057
3813	1M9284	21434	\N	6	\N	6	2015-01-01 00:00:00.000	2026-07-14 16:48:56.590
3814	LKK	10938	\N	1	\N	8	2015-01-01 00:00:00.000	2015-07-15 13:16:07.570
3815	LL8	5774	\N	1	\N	8	2015-01-01 00:00:00.000	2019-12-30 12:19:22.940
3816	L3J	1570	\N	1	\N	8	2015-01-01 00:00:00.000	2021-02-24 09:35:25.300
3817	LYX	9836	\N	1	\N	8	2015-01-01 00:00:00.000	2015-07-15 13:18:17.127
3818	LXE	6820	\N	1	\N	8	2015-01-01 00:00:00.000	2022-12-08 09:04:58.973
3819	1G9409	6377	\N	6	\N	6	2015-01-01 00:00:00.000	2015-07-15 15:42:19.433
3820	JR2	987	\N	7	\N	3	2015-01-01 00:00:00.000	2021-04-14 14:22:49.373
3821	WAP	957	\N	2	\N	2	2015-01-01 00:00:00.000	2015-07-15 17:45:29.870
3822	LXR	6798	\N	1	\N	8	2015-01-01 00:00:00.000	2019-02-20 16:18:18.197
3823	LA9JXK	6175	\N	5	\N	8	2015-01-01 00:00:00.000	2018-03-23 11:09:11.240
3824	1J9267	10569	\N	1	\N	6	2015-01-01 00:00:00.000	2015-07-16 08:19:04.353
3825	44L	11933	\N	6	\N	6	2015-01-01 00:00:00.000	2015-07-16 08:20:36.037
3826	1J944L	11933	\N	6	\N	6	2015-01-01 00:00:00.000	2015-07-16 08:21:06.050
3827	JCB	10155	\N	6	\N	6	2015-01-01 00:00:00.000	2015-07-16 08:22:06.000
3828	1J9418	6341	\N	6	\N	6	2015-01-01 00:00:00.000	2015-07-16 08:27:33.757
3829	1J9434	6772	\N	6	\N	6	2015-01-01 00:00:00.000	2015-07-16 08:28:18.467
3830	LAE	12164	\N	1	\N	8	2015-01-01 00:00:00.000	2017-08-24 10:57:08.100
3831	LV7	7203	\N	1	\N	8	2015-01-01 00:00:00.000	2021-02-23 17:15:26.050
3832	LJC	8463	\N	1	\N	8	2015-01-01 00:00:00.000	2015-07-16 08:30:53.407
3833	1J9432	6762	\N	6	\N	6	2015-01-01 00:00:00.000	2015-07-16 08:33:10.610
3834	1J9354	10652	\N	6	\N	6	2015-01-01 00:00:00.000	2015-07-16 08:33:34.337
3835	L5N	13387	\N	1	\N	8	2015-01-01 00:00:00.000	2017-02-22 10:49:08.530
3836	LC3	10754	\N	1	\N	8	2015-01-01 00:00:00.000	2017-08-22 16:13:47.820
3837	A5T	13388	\N	1	\N	8	2015-01-01 00:00:00.000	2020-02-07 13:19:23.143
3838	4C9255	7535	\N	6	\N	6	2015-01-01 00:00:00.000	2015-07-16 09:08:08.953
3839	1C9770	10170	\N	6	\N	6	2015-01-01 00:00:00.000	2015-07-16 09:14:26.880
3840	55Y	1235	\N	6	\N	6	2015-01-01 00:00:00.000	2015-07-16 09:49:54.333
3841	4C9237	1483	\N	6	\N	6	2015-01-01 00:00:00.000	2015-07-16 09:40:18.833
3842	49T	3943	\N	6	\N	6	2015-01-01 00:00:00.000	2020-01-21 14:19:53.963
3843	4C9070	1237	\N	6	\N	6	2015-01-01 00:00:00.000	2015-07-16 10:03:11.760
3844	4C9231	6185	\N	6	\N	6	2015-01-01 00:00:00.000	2015-07-16 10:18:49.680
3845	4C9067	10480	\N	6	\N	6	2015-01-01 00:00:00.000	2015-07-16 10:26:15.513
3846	4AP	23277	\N	6	\N	6	2015-01-01 00:00:00.000	2026-07-14 16:50:00.980
3847	58M	7489	\N	2	\N	6	2015-01-01 00:00:00.000	2015-07-16 10:31:24.800
3848	1T9473	6152	\N	6	\N	6	2015-01-01 00:00:00.000	2015-07-16 10:40:13.047
3849	5RR	10658	\N	6	\N	6	2015-01-01 00:00:00.000	2015-07-16 10:51:04.990
3850	1K9347	7329	\N	6	\N	6	2015-01-01 00:00:00.000	2015-07-16 10:58:01.087
3851	JW6	1052	\N	10	\N	3	2015-01-01 00:00:00.000	2015-07-16 11:09:50.577
3852	1RZ	6992	\N	6	\N	6	2015-01-01 00:00:00.000	2015-07-16 12:12:58.170
3853	1K9277	4269	\N	6	\N	6	2015-01-01 00:00:00.000	2015-07-16 12:27:22.817
3854	1K9240	9623	\N	1	\N	6	2015-01-01 00:00:00.000	2015-07-16 12:40:02.117
3855	4C9193	6438	\N	6	\N	6	2015-01-01 00:00:00.000	2015-07-16 12:42:16.417
3856	1K9291	7587	\N	6	\N	6	2015-01-01 00:00:00.000	2015-07-16 12:52:40.030
3857	4C9014	9377	\N	7	\N	6	2015-01-01 00:00:00.000	2015-07-16 13:02:24.017
3858	1J9378	10519	\N	6	\N	6	2015-01-01 00:00:00.000	2015-07-16 13:04:18.067
3859	1J9357	10221	\N	6	\N	6	2015-01-01 00:00:00.000	2015-07-16 13:24:54.963
3860	1L9199	9868	\N	6	\N	6	2015-01-01 00:00:00.000	2015-07-16 13:37:03.000
3861	1K9341	13397	\N	6	\N	6	2015-01-01 00:00:00.000	2021-02-23 14:36:12.643
3862	1K9317	11938	\N	6	\N	5	2015-01-01 00:00:00.000	2015-07-16 13:55:49.823
3863	4C9179	9377	\N	1	\N	6	2015-01-01 00:00:00.000	2015-07-16 14:04:12.110
3864	1L9245	5956	\N	6	\N	6	2015-01-01 00:00:00.000	2015-07-16 14:27:10.233
3865	1D9616	1238	\N	1	\N	6	2015-01-01 00:00:00.000	2015-09-03 17:38:34.997
3866	1L9524	7366	\N	1	\N	6	2015-01-01 00:00:00.000	2015-07-16 14:33:03.323
3867	5WL	9301	\N	6	\N	6	2015-01-01 00:00:00.000	2015-07-16 14:44:16.513
3868	1L9455	11902	\N	6	\N	6	2015-01-01 00:00:00.000	2015-07-16 15:04:16.607
3869	JA7	1052	\N	3	\N	3	2015-01-01 00:00:00.000	2015-07-16 16:35:54.277
3870	YT9007	1344	\N	2	\N	23	2015-01-01 00:00:00.000	2015-07-16 18:21:26.873
3871	1K5	2936	\N	6	\N	6	2015-01-01 00:00:00.000	2015-07-16 18:39:31.387
3872	1B9804	8715	\N	6	\N	6	2015-01-01 00:00:00.000	2015-07-16 18:48:13.940
3873	1K9281	11657	\N	1	\N	6	2015-01-01 00:00:00.000	2015-07-16 18:54:48.123
3874	1J9404	6384	\N	6	\N	6	2015-01-01 00:00:00.000	2015-07-17 07:36:23.783
3875	1J9297	1444	\N	6	\N	6	2015-01-01 00:00:00.000	2015-07-17 07:48:51.540
3876	1J9374	9306	\N	6	\N	6	2015-01-01 00:00:00.000	2015-07-17 07:57:43.937
3877	1J9411	7909	\N	6	\N	6	2015-01-01 00:00:00.000	2015-07-17 08:03:40.057
3878	1J9386	9128	\N	6	\N	6	2015-01-01 00:00:00.000	2015-07-17 08:04:39.740
3879	1G9012	3800	\N	6	\N	6	2015-01-01 00:00:00.000	2015-07-17 08:05:25.107
3880	1J9210	1684	\N	6	\N	6	2015-01-01 00:00:00.000	2015-07-17 08:06:57.350
3881	1J9087	11925	\N	6	\N	6	2015-01-01 00:00:00.000	2015-07-17 08:07:40.140
3882	3J9049	7369	\N	6	\N	12	2015-01-01 00:00:00.000	2015-07-17 08:08:30.903
3883	JNM	10309	\N	6	\N	6	2015-01-01 00:00:00.000	2015-07-17 08:09:06.127
3884	1J9416	6330	\N	6	\N	6	2015-01-01 00:00:00.000	2015-07-17 08:09:53.177
3885	1J9328	10506	\N	1	\N	6	2015-01-01 00:00:00.000	2015-07-17 08:11:19.150
3886	1J9407	6640	\N	6	\N	6	2015-01-01 00:00:00.000	2015-07-17 08:12:47.367
3887	5DY	5784	\N	6	\N	6	2015-01-01 00:00:00.000	2017-10-24 14:26:27.820
3888	VME	14501	\N	6	\N	11	2015-01-01 00:00:00.000	2020-06-10 08:57:19.137
3889	53B	6339	\N	6	\N	6	2015-01-01 00:00:00.000	2018-09-12 10:43:04.047
3890	45J	1853	\N	6	\N	6	2015-01-01 00:00:00.000	2015-07-17 08:30:42.957
3891	5F0	2139	\N	1	\N	\N	2015-01-01 00:00:00.000	2016-04-19 14:04:56.817
3892	1G9239	13404	\N	6	\N	6	2015-01-01 00:00:00.000	2015-07-17 09:53:16.467
3893	MD9101	14016	\N	6	\N	6	2015-01-01 00:00:00.000	2019-12-31 15:58:33.860
3894	1K9279	10522	\N	1	\N	6	2015-01-01 00:00:00.000	2015-07-17 10:07:36.510
3895	1K9339	7492	\N	1	\N	6	2015-01-01 00:00:00.000	2015-07-17 10:28:07.977
3896	1K9289	12058	\N	6	\N	6	2015-01-01 00:00:00.000	2015-07-17 10:37:54.490
3897	4DK	1602	\N	6	\N	6	2015-01-01 00:00:00.000	2015-07-17 10:42:29.160
3898	LUV	1336	\N	6	\N	8	2015-01-01 00:00:00.000	2015-07-17 10:43:09.673
3899	1J9425	6119	\N	6	\N	6	2015-01-01 00:00:00.000	2015-07-17 10:49:41.827
3900	1K9313	7865	\N	1	\N	6	2015-01-01 00:00:00.000	2015-07-17 11:02:40.207
3901	1G9190	13405	\N	6	\N	6	2015-01-01 00:00:00.000	2015-07-17 11:03:19.767
3902	1K9276	1361	\N	1	\N	6	2015-01-01 00:00:00.000	2015-07-17 11:11:21.607
3903	1K9307	7714	\N	6	\N	6	2015-01-01 00:00:00.000	2015-07-17 11:12:21.697
3904	4ZH	8950	\N	6	\N	6	2015-01-01 00:00:00.000	2015-07-17 11:19:16.423
3905	1G9418	4348	\N	6	\N	6	2015-01-01 00:00:00.000	2015-07-17 11:53:30.247
3906	1L9517	7602	\N	1	\N	6	2015-01-01 00:00:00.000	2015-07-17 12:07:42.960
3907	4DY	13407	\N	6	\N	6	2015-01-01 00:00:00.000	2021-02-22 15:18:52.570
3908	1J9358	6621	\N	6	\N	6	2015-01-01 00:00:00.000	2015-07-17 12:37:51.533
3909	1L9419	12051	\N	1	\N	6	2015-01-01 00:00:00.000	2015-07-17 12:43:22.940
3910	5VS	8692	\N	6	\N	6	2015-01-01 00:00:00.000	2015-07-17 12:56:21.553
3911	1K9284	6215	\N	6	\N	6	2015-01-01 00:00:00.000	2015-07-17 13:45:15.980
3912	1L9433	6462	\N	1	\N	6	2015-01-01 00:00:00.000	2015-07-17 13:49:59.103
3913	LF3	13239	\N	1	\N	8	2015-01-01 00:00:00.000	2015-08-21 16:08:41.490
3914	1G9398	6430	\N	6	\N	6	2015-01-01 00:00:00.000	2015-07-17 14:11:20.413
3915	5VR	10738	\N	1	\N	6	2015-01-01 00:00:00.000	2015-07-17 14:17:40.540
3916	RL8	10555	\N	1	\N	8	2015-01-01 00:00:00.000	2015-07-17 14:25:04.813
3917	1G9475	12139	\N	9	\N	6	2015-01-01 00:00:00.000	2015-07-17 14:35:24.243
3918	586	6826	\N	6	\N	6	2015-01-01 00:00:00.000	2015-07-17 14:38:41.270
3919	1A9771	12026	\N	6	\N	6	2015-01-01 00:00:00.000	2015-07-20 08:05:09.297
3920	1L9468	6930	\N	6	\N	6	2015-01-01 00:00:00.000	2015-07-20 08:13:24.130
3921	1J9377	1310	\N	6	\N	6	2015-01-01 00:00:00.000	2015-07-20 08:15:19.257
3922	1J9350	10018	\N	1	\N	6	2015-01-01 00:00:00.000	2015-07-20 08:15:51.520
3923	3J9059	6795	\N	6	\N	12	2015-01-01 00:00:00.000	2015-07-20 08:16:34.560
3924	1J9380	11662	\N	6	\N	6	2015-01-01 00:00:00.000	2015-07-20 08:17:17.520
3925	1J9390	6460	\N	6	\N	6	2015-01-01 00:00:00.000	2015-07-20 08:17:59.830
3926	1J9397	6468	\N	6	\N	6	2015-01-01 00:00:00.000	2015-07-20 08:19:00.823
3927	1J9428	1630	\N	6	\N	6	2015-01-01 00:00:00.000	2015-07-20 08:19:38.297
3928	1J9361	9338	\N	6	\N	6	2015-01-01 00:00:00.000	2015-07-20 08:20:19.417
3929	1J9391	12030	\N	1	\N	6	2015-01-01 00:00:00.000	2015-07-20 08:20:48.777
3930	1J9402	12169	\N	6	\N	6	2015-01-01 00:00:00.000	2015-07-20 08:21:45.047
3931	1A9768	12025	\N	1	\N	6	2015-01-01 00:00:00.000	2015-07-20 08:21:48.620
3932	1J9326	1424	\N	6	\N	6	2015-01-01 00:00:00.000	2015-07-20 08:32:43.337
3933	1J9371	11770	\N	6	\N	6	2015-01-01 00:00:00.000	2015-07-20 08:33:20.573
3934	1J9332	11556	\N	1	\N	6	2015-01-01 00:00:00.000	2015-07-20 08:34:04.283
3935	1J9408	7538	\N	6	\N	6	2015-01-01 00:00:00.000	2015-07-20 08:34:34.067
3936	1J9400	6646	\N	1	\N	6	2015-01-01 00:00:00.000	2015-07-20 08:35:10.583
3937	1J9376	11203	\N	6	\N	6	2015-01-01 00:00:00.000	2015-07-20 08:35:52.003
3938	1J9339	10678	\N	9	\N	6	2015-01-01 00:00:00.000	2015-07-20 08:36:34.047
3939	1J9401	11858	\N	6	\N	6	2015-01-01 00:00:00.000	2015-07-20 08:37:17.240
3940	1J9319	11087	\N	6	\N	6	2015-01-01 00:00:00.000	2015-07-20 08:38:21.123
3941	1J9351	9767	\N	6	\N	6	2015-01-01 00:00:00.000	2015-07-20 08:38:52.450
3942	1J9398	6481	\N	6	\N	6	2015-01-01 00:00:00.000	2015-07-20 08:39:33.290
3943	4Z3	11914	\N	3	\N	6	2015-01-01 00:00:00.000	2015-07-20 08:42:44.280
3944	1L9458	1482	\N	6	\N	6	2015-01-01 00:00:00.000	2015-07-20 08:53:01.917
3945	5YB	9148	\N	6	\N	6	2015-01-01 00:00:00.000	2015-07-20 09:10:20.880
3946	52H	1561	\N	6	\N	6	2015-01-01 00:00:00.000	2015-07-20 09:17:57.053
3947	1AF	11914	\N	3	2	6	2015-01-01 00:00:00.000	2016-06-27 12:05:07.127
3948	5SX	11914	\N	10	\N	6	2015-01-01 00:00:00.000	2020-05-01 17:09:39.290
3949	1L9426	8685	\N	1	\N	6	2015-01-01 00:00:00.000	2015-07-20 09:38:31.657
3950	X8J	7726	\N	1	\N	37	2015-01-01 00:00:00.000	2021-08-05 12:46:26.007
3951	RFB	2806	\N	1	\N	4	2015-01-01 00:00:00.000	2026-07-20 13:16:50.570
3952	1L9413	9288	\N	6	\N	6	2015-01-01 00:00:00.000	2015-07-20 10:05:27.977
3953	1A9749	11914	\N	6	\N	6	2015-01-01 00:00:00.000	2015-07-20 11:23:32.197
3954	4EZ	7522	\N	6	\N	6	2015-01-01 00:00:00.000	2025-09-10 11:41:16.093
3955	1L9421	1367	\N	6	\N	6	2015-01-01 00:00:00.000	2015-07-20 12:18:01.243
3956	LC0	7330	\N	5	\N	8	2015-01-01 00:00:00.000	2015-07-20 12:25:07.263
3957	1L9482	7554	\N	6	\N	6	2015-01-01 00:00:00.000	2015-07-20 12:27:57.087
3958	1L9473	7067	\N	6	\N	6	2015-01-01 00:00:00.000	2015-07-20 12:43:22.230
3959	1L9428	6449	\N	6	\N	6	2015-01-01 00:00:00.000	2015-07-20 12:49:49.407
3960	6MM	13526	\N	2	\N	14	2015-01-01 00:00:00.000	2015-08-19 13:01:44.700
3961	1L9496	1661	\N	6	\N	6	2015-01-01 00:00:00.000	2015-07-20 13:09:58.333
3962	LA9CJC	12103	\N	9	\N	8	2015-01-01 00:00:00.000	2019-11-06 11:35:46.043
3963	1J9325	13408	\N	1	\N	6	2015-01-01 00:00:00.000	2015-07-20 13:34:37.603
3964	1K9304	7708	\N	6	\N	6	2015-01-01 00:00:00.000	2015-07-20 13:35:43.280
3965	1N9310	7540	\N	6	\N	6	2015-01-01 00:00:00.000	2015-07-20 13:36:15.853
3966	1L9453	1588	\N	6	\N	6	2015-01-01 00:00:00.000	2015-07-20 13:38:58.297
3967	L0H	6108	\N	6	\N	8	2015-01-01 00:00:00.000	2015-07-20 13:53:12.680
3968	1C9951	11150	\N	6	\N	6	2015-01-01 00:00:00.000	2015-07-20 14:02:45.183
3969	1L9401	7193	\N	5	\N	6	2015-01-01 00:00:00.000	2015-07-20 14:05:39.593
3970	1C9158	13411	\N	6	\N	6	2015-01-01 00:00:00.000	2015-07-20 14:10:04.527
3971	4C9303	6324	\N	6	\N	6	2015-01-01 00:00:00.000	2015-07-20 14:15:17.993
3972	4RY	11934	\N	6	\N	6	2015-01-01 00:00:00.000	2015-07-20 14:23:20.473
3973	1L9444	11867	\N	6	\N	6	2015-01-01 00:00:00.000	2015-07-20 14:23:34.403
3974	1L9488	1516	\N	5	\N	6	2015-01-01 00:00:00.000	2015-07-20 14:23:47.243
3975	1L9486	1516	\N	5	\N	6	2015-01-01 00:00:00.000	2015-07-20 14:29:35.513
3976	1L9487	1516	\N	5	\N	6	2015-01-01 00:00:00.000	2015-07-20 14:34:39.683
3977	2SS	15837	\N	6	\N	1	2015-01-01 00:00:00.000	2016-12-05 11:00:27.883
3978	5Z7	9107	\N	6	\N	1	2015-01-01 00:00:00.000	2015-07-20 14:52:43.713
3979	1L9376	8650	\N	9	\N	6	2015-01-01 00:00:00.000	2020-01-08 08:37:13.443
3980	1L9438	6999	\N	6	\N	6	2015-01-01 00:00:00.000	2015-07-20 15:01:37.297
3981	JW7	1052	\N	3	\N	3	2015-01-01 00:00:00.000	2015-07-20 15:07:34.317
3982	WD6	1146	\N	3	\N	2	2015-01-01 00:00:00.000	2015-07-20 17:17:18.263
3983	WD7	1146	\N	10	\N	6	2015-01-01 00:00:00.000	2015-07-20 17:21:09.470
3984	1D9514	9111	\N	3	\N	6	2015-01-01 00:00:00.000	2015-07-21 07:50:08.803
3985	587	7390	\N	1	\N	6	2015-01-01 00:00:00.000	2015-07-21 08:12:10.187
3986	X8H	13416	\N	9	\N	37	2015-01-01 00:00:00.000	2020-02-10 11:45:41.020
3987	1K9288	7003	\N	1	\N	6	2015-01-01 00:00:00.000	2015-07-21 08:16:18.820
3988	1K9327	12136	\N	1	\N	6	2015-01-01 00:00:00.000	2015-07-21 08:17:14.187
3989	1K9246	1359	\N	6	\N	6	2015-01-01 00:00:00.000	2015-07-21 08:18:12.513
3990	1L9521	7520	\N	1	\N	6	2015-01-01 00:00:00.000	2015-07-21 08:18:38.643
3991	1K9323	12115	\N	6	\N	6	2015-01-01 00:00:00.000	2015-07-21 08:19:05.913
3992	5Z8	13414	\N	9	\N	6	2015-01-01 00:00:00.000	2015-07-21 08:19:48.597
3993	1K9263	10868	\N	6	\N	6	2015-01-01 00:00:00.000	2015-07-21 08:20:48.030
3994	1L9041	13415	\N	6	\N	6	2015-01-01 00:00:00.000	2015-07-21 08:22:49.837
3995	3K9003	7364	\N	6	\N	12	2015-01-01 00:00:00.000	2015-07-21 08:23:58.740
3996	1AB	7436	\N	6	\N	6	2015-01-01 00:00:00.000	2015-07-21 08:25:18.007
3997	2L9139	7525	\N	1	\N	1	2015-01-01 00:00:00.000	2015-07-21 08:28:56.453
3998	1L9312	9355	\N	6	\N	6	2015-01-01 00:00:00.000	2015-07-21 08:37:21.393
3999	1L9394	11593	\N	6	\N	6	2015-01-01 00:00:00.000	2015-07-21 08:41:09.107
4000	1L9518	6365	\N	6	\N	6	2015-01-01 00:00:00.000	2015-07-21 08:47:10.530
4001	1L9437	12055	\N	6	\N	6	2015-01-01 00:00:00.000	2015-07-21 08:51:54.060
4002	5XJ	11660	\N	6	\N	6	2015-01-01 00:00:00.000	2015-07-21 09:17:51.457
4003	1L9513	1498	\N	6	\N	6	2015-01-01 00:00:00.000	2015-07-21 09:34:57.893
4004	1ST	7436	\N	6	\N	6	2015-01-01 00:00:00.000	2021-01-20 14:59:17.383
4005	1SC	7436	\N	6	\N	6	2015-01-01 00:00:00.000	2021-01-20 14:57:21.460
4006	45Z	7436	\N	6	\N	6	2015-01-01 00:00:00.000	2015-07-21 09:45:05.997
4007	4UJ	7436	\N	6	\N	6	2015-01-01 00:00:00.000	2015-07-21 09:49:22.553
4008	1FL	976	\N	2	\N	47	2015-01-01 00:00:00.000	2015-07-21 09:50:11.960
4009	1L9371	9968	\N	6	\N	6	2015-01-01 00:00:00.000	2015-07-21 09:52:16.260
4010	1SM	7436	\N	6	\N	6	2015-01-01 00:00:00.000	2021-01-20 14:57:47.600
4011	4C9073	11828	\N	1	\N	6	2015-01-01 00:00:00.000	2015-07-21 10:11:50.133
4012	1L9388	8893	\N	6	\N	6	2015-01-01 00:00:00.000	2015-07-21 10:17:14.097
4013	1L9408	8851	\N	1	\N	6	2015-01-01 00:00:00.000	2015-07-21 10:32:55.310
4014	4C9023	11280	\N	1	\N	6	2015-01-01 00:00:00.000	2015-07-21 10:35:45.833
4015	1C9792	11746	\N	6	\N	6	2015-01-01 00:00:00.000	2015-07-21 10:41:06.977
4016	1L9479	7862	\N	1	\N	6	2015-01-01 00:00:00.000	2015-07-21 10:42:46.053
4017	5YE	6203	\N	6	\N	6	2015-01-01 00:00:00.000	2015-07-21 10:46:56.277
4018	4C9086	10220	\N	6	\N	6	2015-01-01 00:00:00.000	2015-07-21 10:54:05.760
4019	1K9312	1456	\N	6	\N	6	2015-01-01 00:00:00.000	2015-07-21 11:11:10.260
4020	1K9338	7472	\N	9	\N	6	2015-01-01 00:00:00.000	2015-07-21 11:11:58.090
4021	1K9243	10976	\N	1	\N	6	2015-01-01 00:00:00.000	2015-07-21 11:12:42.347
4022	1K9299	6144	\N	6	\N	6	2015-01-01 00:00:00.000	2015-07-21 11:13:48.320
4023	1K9292	7689	\N	6	\N	6	2015-01-01 00:00:00.000	2015-07-21 11:14:33.547
4024	1K9303	7710	\N	2	\N	6	2015-01-01 00:00:00.000	2015-07-21 11:15:31.920
4025	1KK	2340	\N	6	\N	6	2015-01-01 00:00:00.000	2015-07-21 11:16:13.480
4026	4G4	10551	\N	6	\N	6	2015-01-01 00:00:00.000	2015-07-21 11:17:17.330
4027	1K9260	8705	\N	6	\N	6	2015-01-01 00:00:00.000	2021-04-05 10:46:59.353
4028	1L9379	8641	\N	6	\N	6	2015-01-01 00:00:00.000	2015-07-21 11:33:40.287
4029	1L9375	9432	\N	6	\N	6	2015-01-01 00:00:00.000	2015-07-21 12:12:01.713
4030	56D	7510	\N	6	\N	6	2015-01-01 00:00:00.000	2015-07-21 12:21:05.857
4031	1L9511	13424	\N	6	\N	6	2015-01-01 00:00:00.000	2015-07-21 12:29:44.137
4032	4C9317	12211	\N	6	\N	6	2015-01-01 00:00:00.000	2015-07-21 12:31:55.020
4033	57C	15925	\N	6	\N	6	2015-01-01 00:00:00.000	2018-11-12 16:01:03.257
4034	4C9054	8912	\N	1	\N	6	2015-01-01 00:00:00.000	2015-07-21 12:50:30.517
4035	1C9680	10209	\N	1	\N	6	2015-01-01 00:00:00.000	2015-07-21 12:55:17.743
4036	14D	13425	\N	6	\N	6	2015-01-01 00:00:00.000	2015-07-21 13:01:47.357
4037	1L9381	10682	\N	6	\N	6	2015-01-01 00:00:00.000	2015-07-21 13:23:24.793
4038	4C9339	1520	\N	6	\N	6	2015-01-01 00:00:00.000	2015-07-21 13:27:29.153
4039	4C9338	1520	\N	9	\N	6	2015-01-01 00:00:00.000	2015-07-21 13:27:52.897
4040	4C9340	1520	\N	1	\N	6	2015-01-01 00:00:00.000	2015-07-21 13:28:28.323
4041	1L9094	6901	\N	6	\N	6	2015-01-01 00:00:00.000	2015-07-21 13:29:27.433
4042	1L9407	11117	\N	6	\N	6	2015-01-01 00:00:00.000	2015-07-21 13:35:31.473
4043	1L9441	6647	\N	6	\N	6	2015-01-01 00:00:00.000	2015-07-21 13:39:52.587
4044	1L9476	7101	\N	6	\N	6	2015-01-01 00:00:00.000	2015-07-21 13:48:00.963
4045	1L9282	3082	\N	6	\N	6	2015-01-01 00:00:00.000	2015-07-21 13:58:53.557
4046	1L9387	9532	\N	6	\N	6	2015-01-01 00:00:00.000	2015-07-21 14:16:10.447
4047	LHJ	12293	\N	1	\N	8	2015-01-01 00:00:00.000	2023-12-13 16:13:02.887
4048	6J4	10057	\N	6	\N	6	2015-01-01 00:00:00.000	2015-07-21 14:19:28.423
4049	1K9269	10707	\N	6	\N	6	2015-01-01 00:00:00.000	2015-07-21 14:19:58.673
4050	1K9310	7921	\N	6	\N	6	2015-01-01 00:00:00.000	2015-07-21 14:20:27.517
4051	1K9286	6441	\N	6	\N	6	2015-01-01 00:00:00.000	2015-07-21 14:21:00.450
4052	JL7	1081	\N	10	\N	3	2015-01-01 00:00:00.000	2015-07-21 15:17:53.127
4053	1L9494	11971	\N	6	\N	6	2015-01-01 00:00:00.000	2015-07-21 15:59:51.673
4054	LBX	7046	\N	1	\N	8	2015-01-01 00:00:00.000	2015-07-22 07:33:37.020
4055	1K9283	9999	\N	1	\N	6	2015-01-01 00:00:00.000	2015-07-22 08:06:22.497
4056	5YW	9999	\N	1	\N	6	2015-01-01 00:00:00.000	2015-07-22 08:31:22.457
4057	1L9447	6839	\N	6	\N	6	2015-01-01 00:00:00.000	2015-07-22 09:05:08.493
4058	1L9336	10699	\N	6	\N	6	2015-01-01 00:00:00.000	2015-07-22 09:37:04.503
4059	1K9268	3495	\N	6	\N	6	2015-01-01 00:00:00.000	2015-07-22 09:37:34.113
4060	4XB	6531	\N	6	\N	6	2015-01-01 00:00:00.000	2015-07-22 09:38:05.110
4061	517	7044	\N	6	\N	6	2015-01-01 00:00:00.000	2015-07-22 09:38:52.100
4062	1K9308	6638	\N	1	\N	6	2015-01-01 00:00:00.000	2015-07-22 09:39:37.730
4063	1K9266	10493	\N	6	\N	6	2015-01-01 00:00:00.000	2015-07-22 09:41:19.567
4064	1K9331	6552	\N	1	\N	6	2015-01-01 00:00:00.000	2015-07-22 09:42:00.203
4065	1K9278	8864	\N	6	\N	6	2015-01-01 00:00:00.000	2015-07-22 09:49:24.243
4066	1K9336	6589	\N	6	\N	6	2015-01-01 00:00:00.000	2015-07-22 09:49:54.040
4067	1K9271	11157	\N	6	\N	6	2015-01-01 00:00:00.000	2015-07-22 09:50:33.943
4068	1K9293	11926	\N	1	\N	6	2015-01-01 00:00:00.000	2020-02-10 08:30:33.500
4069	1K9309	7088	\N	6	\N	6	2015-01-01 00:00:00.000	2015-07-22 09:51:44.283
4070	1K9330	12230	\N	6	\N	6	2015-01-01 00:00:00.000	2015-07-22 09:52:44.577
4071	1K9345	6990	\N	9	\N	6	2015-01-01 00:00:00.000	2017-03-06 15:43:47.080
4072	1L9432	6469	\N	6	\N	6	2015-01-01 00:00:00.000	2015-07-22 10:11:47.640
4073	56Y	6469	\N	6	\N	6	2015-01-01 00:00:00.000	2015-07-22 10:18:29.183
4074	1K9342	6990	\N	1	\N	6	2015-01-01 00:00:00.000	2017-03-06 15:36:53.943
4075	52J	1467	\N	6	\N	6	2015-01-01 00:00:00.000	2015-07-22 10:35:19.927
4076	1L9448	7052	\N	6	\N	6	2015-01-01 00:00:00.000	2015-07-22 10:46:07.047
4077	1L9410	9350	\N	6	\N	6	2015-01-01 00:00:00.000	2015-07-22 11:26:37.263
4078	4ZE	3684	\N	6	\N	6	2015-01-01 00:00:00.000	2015-07-22 11:33:40.947
4079	1L9483	7923	\N	6	\N	6	2015-01-01 00:00:00.000	2015-07-22 11:58:07.630
4080	1L9510	12251	\N	6	\N	6	2015-01-01 00:00:00.000	2015-07-22 12:10:37.787
4081	1L9472	6629	\N	6	\N	6	2015-01-01 00:00:00.000	2015-07-22 12:22:50.630
4082	1L9489	7301	\N	6	\N	6	2015-01-01 00:00:00.000	2015-07-22 12:33:25.893
4083	1L9449	7209	\N	6	\N	6	2015-01-01 00:00:00.000	2019-11-18 09:01:26.930
4084	1L9493	6084	\N	6	\N	6	2015-01-01 00:00:00.000	2015-07-22 12:55:42.113
4085	1H9628	6272	\N	6	\N	6	2015-01-01 00:00:00.000	2015-07-22 13:27:25.397
4086	1L9345	10700	\N	6	\N	6	2015-01-01 00:00:00.000	2015-07-22 13:39:05.010
4087	1L9509	6503	\N	6	\N	6	2015-01-01 00:00:00.000	2015-07-22 13:43:31.863
4088	5VY	9453	\N	6	\N	6	2015-01-01 00:00:00.000	2015-07-22 13:53:38.830
4089	1L9497	6322	\N	6	\N	6	2015-01-01 00:00:00.000	2015-07-22 14:10:20.820
4090	1L9440	12171	\N	1	\N	6	2015-01-01 00:00:00.000	2015-07-22 14:54:49.610
4091	1LH	3729	\N	6	\N	6	2015-01-01 00:00:00.000	2015-07-22 15:02:34.460
4092	1M9753	11145	\N	1	\N	6	2015-01-01 00:00:00.000	2015-07-22 15:14:16.307
4093	1M9768	5194	\N	6	\N	6	2015-01-01 00:00:00.000	2015-07-22 15:22:58.750
4094	1M9735	10164	\N	6	\N	6	2015-01-01 00:00:00.000	2015-07-22 15:34:06.837
4095	1M9991	7314	\N	6	\N	6	2015-01-01 00:00:00.000	2015-07-22 15:41:49.767
4096	JAA	1171	\N	3	1	3	2015-01-01 00:00:00.000	2015-07-22 15:44:15.893
4097	JAB	1171	\N	2	\N	3	2015-01-01 00:00:00.000	2015-07-22 15:44:42.633
4098	JAC	1171	\N	7	\N	3	2015-01-01 00:00:00.000	2015-07-22 15:45:32.520
4099	JAM	1171	\N	10	\N	3	2015-01-01 00:00:00.000	2015-07-22 15:46:31.020
4100	J81	1171	\N	2	\N	3	2015-01-01 00:00:00.000	2016-11-08 09:31:54.283
4101	J87	1171	\N	2	\N	1	2015-01-01 00:00:00.000	2016-11-09 10:47:47.137
4102	4S1	1171	\N	3	\N	6	2015-01-01 00:00:00.000	2015-07-22 15:51:03.287
4103	4S2	1171	\N	7	\N	6	2015-01-01 00:00:00.000	2015-07-22 15:51:28.093
4104	MCU	7451	\N	3	\N	6	2015-01-01 00:00:00.000	2015-07-23 07:43:26.673
4105	MCV	7451	\N	7	\N	6	2015-01-01 00:00:00.000	2015-07-23 07:43:42.663
4106	5VA	11374	\N	6	\N	6	2015-01-01 00:00:00.000	2015-07-23 08:01:41.543
4107	1M9906	7783	\N	6	\N	6	2015-01-01 00:00:00.000	2015-07-23 08:02:25.800
4108	1M9805	10307	\N	6	\N	6	2015-01-01 00:00:00.000	2015-07-23 08:02:52.307
4109	1M9842	7700	\N	2	\N	6	2015-01-01 00:00:00.000	2020-02-10 16:07:57.970
4110	1M9750	10692	\N	1	\N	6	2015-01-01 00:00:00.000	2015-07-23 08:04:34.797
4111	1M9748	9831	\N	1	\N	6	2015-01-01 00:00:00.000	2015-07-23 08:04:58.510
4112	3A1	14244	\N	6	\N	12	2015-01-01 00:00:00.000	2020-06-09 13:56:55.200
4113	1M9822	11400	\N	6	\N	6	2015-01-01 00:00:00.000	2015-07-23 08:06:48.240
4114	1M9896	7912	\N	1	\N	6	2015-01-01 00:00:00.000	2015-07-23 08:07:42.607
4116	1M9831	8936	\N	1	\N	6	2015-01-01 00:00:00.000	2015-07-23 08:09:22.760
4117	1C9878	8455	\N	6	\N	6	2015-01-01 00:00:00.000	2015-07-23 08:10:25.610
4118	1M9861	11910	\N	9	\N	6	2015-01-01 00:00:00.000	2015-07-23 08:11:19.963
4119	1M9830	8943	\N	1	\N	6	2015-01-01 00:00:00.000	2015-07-23 08:11:51.630
4120	1M9782	10960	\N	1	\N	6	2015-01-01 00:00:00.000	2015-07-23 08:13:32.423
4121	1M9912	13443	\N	6	\N	6	2015-01-01 00:00:00.000	2015-07-23 08:14:02.890
4122	1M9887	7534	\N	6	\N	6	2015-01-01 00:00:00.000	2015-07-23 08:14:53.683
4123	1M9867	1553	\N	6	\N	6	2015-01-01 00:00:00.000	2015-07-23 08:16:07.797
4124	1M9687	11732	\N	6	\N	6	2015-01-01 00:00:00.000	2015-07-23 08:17:30.773
4125	1M9874	1698	\N	6	\N	6	2015-01-01 00:00:00.000	2015-07-23 08:18:08.557
4126	LZP	10195	\N	1	\N	8	2015-01-01 00:00:00.000	2015-07-23 08:22:48.483
4127	5XK	1312	\N	6	\N	6	2015-01-01 00:00:00.000	2015-07-23 08:36:27.283
4128	1L9399	13430	\N	6	\N	6	2015-01-01 00:00:00.000	2015-07-23 08:46:09.790
4129	1M9907	13852	\N	6	\N	6	2015-01-01 00:00:00.000	2020-06-23 12:18:48.403
4130	1C9883	11870	\N	6	\N	6	2015-01-01 00:00:00.000	2017-04-10 14:52:43.360
4131	1L9416	10321	\N	1	\N	6	2015-01-01 00:00:00.000	2015-07-23 09:09:41.670
4132	52K	11905	\N	6	\N	6	2015-01-01 00:00:00.000	2015-07-23 09:40:06.437
4133	1H9627	7986	\N	6	\N	6	2015-01-01 00:00:00.000	2015-07-23 09:53:47.620
4134	4S5	1098	\N	10	\N	6	2015-01-01 00:00:00.000	2015-07-23 09:55:55.587
4135	4S6	1098	\N	7	\N	6	2015-01-01 00:00:00.000	2015-07-23 11:33:04.290
4136	533	6728	\N	6	\N	6	2015-01-01 00:00:00.000	2015-07-23 10:00:27.077
4137	1H9558	6470	\N	6	\N	6	2015-01-01 00:00:00.000	2015-07-23 10:17:13.480
4138	1H9524	8520	\N	1	\N	6	2015-01-01 00:00:00.000	2015-07-23 10:24:03.590
4139	1H9666	6780	\N	9	\N	6	2015-01-01 00:00:00.000	2015-07-23 10:32:54.037
4140	1L9383	10873	\N	6	\N	6	2015-01-01 00:00:00.000	2015-07-23 10:35:38.693
4141	1L9389	9830	\N	1	\N	6	2015-01-01 00:00:00.000	2015-07-23 10:41:57.073
4142	LCA	9721	\N	6	\N	4	2015-01-01 00:00:00.000	2015-07-23 10:54:02.023
4143	1H9543	9134	\N	6	\N	6	2015-01-01 00:00:00.000	2015-07-23 10:51:41.670
4144	1H9602	7539	\N	6	\N	6	2015-01-01 00:00:00.000	2015-07-23 10:56:39.223
4145	1H9512	8938	\N	6	\N	6	2015-01-01 00:00:00.000	2015-08-04 08:32:32.723
4146	1H9582	12187	\N	9	\N	6	2015-01-01 00:00:00.000	2015-07-23 11:06:19.013
4147	1H9542	9358	\N	1	\N	6	2015-01-01 00:00:00.000	2015-07-23 11:08:13.330
4148	1H9550	6208	\N	6	\N	6	2015-01-01 00:00:00.000	2015-07-23 11:13:01.807
4149	1H9490	5862	\N	6	\N	6	2015-01-01 00:00:00.000	2015-07-23 11:20:07.050
4150	1H9503	10716	\N	6	\N	6	2015-01-01 00:00:00.000	2015-07-23 11:26:07.223
4151	1L9418	10562	\N	6	\N	6	2015-01-01 00:00:00.000	2015-07-23 11:26:31.777
4152	1H9655	6568	\N	6	\N	6	2015-01-01 00:00:00.000	2015-07-23 11:30:56.617
4153	1H9637	6515	\N	1	\N	6	2015-01-01 00:00:00.000	2015-07-23 11:38:22.077
4154	1H9507	10469	\N	6	\N	6	2015-01-01 00:00:00.000	2015-07-23 11:45:05.370
4155	1N9334	6565	\N	5	\N	6	2015-01-01 00:00:00.000	2015-07-23 11:48:03.037
4156	1H9139	2531	\N	6	\N	6	2015-01-01 00:00:00.000	2015-07-23 11:50:40.630
4157	1H9525	6223	\N	6	\N	6	2015-01-01 00:00:00.000	2015-07-23 11:59:18.130
4158	1H9591	12201	\N	6	\N	6	2015-01-01 00:00:00.000	2015-07-23 12:04:03.983
4159	1N9240	9318	\N	6	\N	6	2015-01-01 00:00:00.000	2015-07-23 12:07:08.423
4160	1L9463	12193	\N	6	\N	6	2015-01-01 00:00:00.000	2015-07-23 13:45:04.813
4161	1N9253	8634	\N	6	\N	6	2015-01-01 00:00:00.000	2023-12-21 12:29:49.753
4162	1H9508	11820	\N	1	\N	6	2015-01-01 00:00:00.000	2015-07-23 13:59:13.157
4163	1L9515	1501	\N	6	\N	6	2015-01-01 00:00:00.000	2015-07-23 14:00:42.703
4164	1H9495	10007	\N	1	\N	6	2015-01-01 00:00:00.000	2015-07-23 14:07:20.563
4165	1H9614	7989	\N	6	\N	6	2015-01-01 00:00:00.000	2015-07-23 14:16:05.367
4166	1L9492	11960	\N	6	\N	6	2015-01-01 00:00:00.000	2015-07-23 14:21:40.017
4167	1N9305	6892	\N	6	\N	6	2015-01-01 00:00:00.000	2015-07-23 14:23:42.930
4168	1L9372	1299	\N	1	\N	6	2015-01-01 00:00:00.000	2015-07-23 14:29:32.167
4169	1H9020	4252	\N	6	\N	6	2015-01-01 00:00:00.000	2015-07-23 14:29:54.773
4170	1L9485	13445	\N	6	\N	6	2015-01-01 00:00:00.000	2015-07-23 14:33:26.713
4171	1H9496	8470	\N	1	\N	6	2015-01-01 00:00:00.000	2015-07-23 14:34:38.740
4172	1L9393	10065	\N	6	\N	6	2015-01-01 00:00:00.000	2015-07-23 14:35:25.260
4173	1P9452	7475	\N	6	\N	6	2015-01-01 00:00:00.000	2015-07-23 14:38:05.143
4174	1H9626	12114	\N	6	\N	6	2015-01-01 00:00:00.000	2015-07-23 14:41:20.220
4175	1L9423	8949	\N	6	\N	6	2015-01-01 00:00:00.000	2015-07-23 14:46:38.103
4176	1H9570	12172	\N	6	\N	6	2015-01-01 00:00:00.000	2015-07-23 14:49:47.473
4177	57T	1626	\N	6	\N	6	2015-01-01 00:00:00.000	2015-07-23 14:55:55.243
4178	1H9619	6086	\N	6	\N	6	2015-01-01 00:00:00.000	2015-07-23 15:00:53.860
4179	1H9645	7344	\N	6	\N	6	2015-01-01 00:00:00.000	2015-07-23 15:13:38.883
4180	1L9501	7979	\N	1	\N	6	2015-01-01 00:00:00.000	2015-07-23 15:17:59.200
4181	5RT	8704	\N	6	\N	6	2015-01-01 00:00:00.000	2015-07-23 15:19:04.877
4182	1H9355	6448	\N	6	\N	6	2015-01-01 00:00:00.000	2015-07-23 15:20:19.320
4183	1E9353	7744	\N	6	\N	6	2015-01-01 00:00:00.000	2015-07-23 15:24:34.740
4184	1L9256	4163	\N	6	\N	6	2015-01-01 00:00:00.000	2015-07-23 15:27:28.493
4185	1H9545	9155	\N	6	\N	6	2015-01-01 00:00:00.000	2015-07-23 15:29:04.120
4186	1N9344	7146	\N	6	\N	6	2015-01-01 00:00:00.000	2015-07-23 15:29:30.610
4187	1L9464	4163	\N	6	\N	6	2015-01-01 00:00:00.000	2015-07-23 15:31:23.353
4188	5UP	9495	\N	6	\N	6	2015-01-01 00:00:00.000	2015-07-23 15:33:13.677
4189	JAE	1171	\N	7	\N	3	2015-01-01 00:00:00.000	2015-07-23 15:40:50.740
4190	1G9453	7955	\N	6	\N	6	2015-01-01 00:00:00.000	2015-07-23 15:43:28.690
4191	4S9059	11587	\N	6	\N	6	2015-01-01 00:00:00.000	2017-09-29 10:58:30.143
4192	1N9209	7735	\N	1	\N	6	2015-01-01 00:00:00.000	2015-07-23 16:10:15.027
4193	1N9271	11337	\N	6	\N	6	2015-01-01 00:00:00.000	2015-07-23 16:40:00.183
4194	1N9250	10671	\N	6	\N	6	2015-01-01 00:00:00.000	2015-07-23 16:52:11.107
4195	1N9NRH	10060	\N	6	\N	6	2015-01-01 00:00:00.000	2015-07-23 17:17:12.080
4196	1H9494	6860	\N	1	\N	6	2015-01-01 00:00:00.000	2015-07-24 07:50:39.263
4197	1M9680	11523	\N	6	\N	6	2015-01-01 00:00:00.000	2015-07-24 08:09:39.970
4198	1M9736	10167	\N	6	\N	6	2015-01-01 00:00:00.000	2015-07-24 08:10:19.547
4199	3M9054	14341	\N	6	\N	12	2015-01-01 00:00:00.000	2020-06-09 15:36:27.710
4200	1M9982	6975	\N	6	\N	6	2015-01-01 00:00:00.000	2015-07-24 08:12:13.037
4201	1M9921	1534	\N	6	\N	6	2015-01-01 00:00:00.000	2015-07-24 08:12:55.203
4202	1M9349	3833	\N	6	\N	6	2015-01-01 00:00:00.000	2015-07-24 08:14:16.153
4203	1M9926	6252	\N	6	\N	6	2015-01-01 00:00:00.000	2015-07-24 08:15:32.170
4204	59G	13658	\N	9	\N	6	2015-01-01 00:00:00.000	2016-04-18 12:16:34.800
4205	1M9770	9510	\N	6	\N	6	2015-01-01 00:00:00.000	2015-07-24 08:17:20.590
4206	55D	6452	\N	6	\N	6	2015-01-01 00:00:00.000	2015-07-24 08:18:01.027
4207	1M9104	4188	\N	6	\N	6	2015-01-01 00:00:00.000	2015-07-24 08:19:42.847
4208	1M9878	6615	\N	6	\N	6	2015-01-01 00:00:00.000	2015-07-24 08:20:35.717
4209	1M9860	6135	\N	6	\N	6	2015-01-01 00:00:00.000	2015-07-24 08:21:17.617
4210	1L9380	8643	\N	1	\N	6	2015-01-01 00:00:00.000	2015-07-24 08:26:57.947
4211	1L9398	10470	\N	6	\N	6	2015-01-01 00:00:00.000	2015-07-24 08:35:36.493
4212	1L9422	11405	\N	6	\N	6	2015-01-01 00:00:00.000	2015-07-24 08:56:11.623
4213	LAT	5803	\N	1	\N	8	2015-01-01 00:00:00.000	2017-04-24 13:44:18.230
4214	1L9498	11975	\N	6	\N	6	2015-01-01 00:00:00.000	2015-07-24 09:14:18.293
4215	1L9439	6474	\N	6	\N	6	2015-01-01 00:00:00.000	2015-07-24 09:17:57.910
4216	1L9507	6347	\N	6	\N	6	2015-01-01 00:00:00.000	2015-07-24 09:23:22.093
4217	1L9397	8447	\N	1	\N	6	2015-01-01 00:00:00.000	2015-07-24 09:30:18.067
4218	1H9521	8696	\N	6	\N	6	2015-01-01 00:00:00.000	2015-07-24 09:34:46.967
4219	1L9391	10050	\N	6	\N	6	2015-01-01 00:00:00.000	2015-07-24 09:35:38.273
4220	1H9635	12222	\N	6	\N	6	2015-01-01 00:00:00.000	2015-07-24 09:41:34.907
4221	5XR	9311	\N	1	\N	6	2015-01-01 00:00:00.000	2015-07-24 09:42:10.770
4222	1L9519	6047	\N	6	\N	6	2015-01-01 00:00:00.000	2015-07-24 09:53:36.907
4223	1M9733	10165	\N	6	\N	6	2015-01-01 00:00:00.000	2015-07-24 10:03:38.147
4224	1M9870	6391	\N	6	\N	6	2015-01-01 00:00:00.000	2015-07-24 10:11:46.990
4225	1M9965	6579	\N	6	\N	6	2015-01-01 00:00:00.000	2015-07-24 10:16:34.250
4226	1N9268	9342	\N	6	\N	6	2015-01-01 00:00:00.000	2015-07-24 10:16:50.393
4227	1H9510	9739	\N	6	\N	6	2015-01-01 00:00:00.000	2015-07-24 10:16:58.677
4228	1H9441	8533	\N	6	\N	6	2015-01-01 00:00:00.000	2015-07-24 10:23:20.020
4229	1M9846	6543	\N	1	\N	6	2015-01-01 00:00:00.000	2015-07-24 10:24:34.260
4230	1N9298	12180	\N	6	\N	6	2015-01-01 00:00:00.000	2015-07-24 10:28:12.880
4231	1H9472	8651	\N	1	\N	6	2015-01-01 00:00:00.000	2015-07-24 10:31:36.633
4232	1L9356	9251	\N	1	\N	6	2015-01-01 00:00:00.000	2015-07-24 10:34:56.373
4233	1H9492	8889	\N	1	\N	6	2015-01-01 00:00:00.000	2015-07-24 10:41:09.823
4234	1J9409	7546	\N	1	\N	6	2015-01-01 00:00:00.000	2015-07-24 10:51:36.260
4235	1H9622	7051	\N	6	\N	6	2015-01-01 00:00:00.000	2015-07-24 10:58:27.583
4236	1H9568	11887	\N	9	\N	6	2015-01-01 00:00:00.000	2015-07-24 11:07:12.977
4237	1N9339	6509	\N	6	\N	6	2015-01-01 00:00:00.000	2015-07-24 11:12:35.757
4238	1L9465	6879	\N	6	\N	6	2015-01-01 00:00:00.000	2015-07-24 11:23:44.173
4239	5SF	10254	\N	6	\N	6	2015-01-01 00:00:00.000	2024-02-06 12:15:49.470
4240	5WU	10304	\N	6	\N	6	2015-01-01 00:00:00.000	2015-07-24 11:29:01.040
4241	1L9445	6822	\N	6	\N	\N	2015-01-01 00:00:00.000	2015-07-24 11:32:42.013
4242	1L9999	7586	\N	9	\N	6	2015-01-01 00:00:00.000	2015-07-24 11:39:35.087
4243	SBM	7775	\N	2	\N	28	2015-01-01 00:00:00.000	2015-07-24 11:48:46.330
4244	1L9414	6211	\N	6	\N	6	2015-01-01 00:00:00.000	2015-07-24 11:51:12.720
4245	1M9806	7736	\N	1	\N	6	2015-01-01 00:00:00.000	2015-07-24 11:51:46.543
4246	1M9984	6056	\N	6	\N	6	2015-01-01 00:00:00.000	2015-07-24 11:52:34.467
4247	1M9843	7693	\N	1	\N	6	2015-01-01 00:00:00.000	2015-07-24 11:53:30.203
4248	1N9326	11955	\N	6	\N	6	2015-01-01 00:00:00.000	2015-07-24 11:56:08.933
4249	1H9536	11398	\N	6	\N	6	2015-01-01 00:00:00.000	2015-07-24 11:57:03.643
4250	1H9608	13452	\N	6	\N	6	2015-01-01 00:00:00.000	2015-07-24 12:23:10.247
4251	SLN	11193	\N	6	\N	6	2015-01-01 00:00:00.000	2015-07-24 12:36:49.543
4252	1N9318	13453	\N	6	\N	6	2015-01-01 00:00:00.000	2015-07-24 12:53:05.543
4253	1D9151	6912	\N	6	\N	6	2015-01-01 00:00:00.000	2015-07-24 12:58:57.963
4254	1L9459	6718	\N	6	\N	6	2015-01-01 00:00:00.000	2015-07-24 13:06:31.003
4255	2L9069	7893	\N	6	\N	6	2015-01-01 00:00:00.000	2015-07-24 13:12:03.410
4256	1L9484	7432	\N	6	\N	6	2015-01-01 00:00:00.000	2015-07-24 13:28:07.723
4257	1H9539	1672	\N	6	\N	6	2015-01-01 00:00:00.000	2015-07-24 13:29:39.250
4258	1H9486	8648	\N	1	\N	6	2015-01-01 00:00:00.000	2015-07-24 13:57:37.407
4259	1N9314	7408	\N	1	\N	6	2015-01-01 00:00:00.000	2015-07-24 14:07:28.553
4260	1H9502	11144	\N	6	\N	6	2015-01-01 00:00:00.000	2015-07-24 14:12:45.297
4261	KLA	12902	\N	2	\N	15	2015-01-01 00:00:00.000	2016-03-08 13:44:34.267
4262	KL5	1048	\N	2	\N	15	2015-01-01 00:00:00.000	2016-03-08 14:36:42.057
4263	1N9323	6069	\N	6	\N	6	2015-01-01 00:00:00.000	2015-07-24 14:25:48.420
4264	1N9329	7975	\N	6	\N	6	2015-01-01 00:00:00.000	2015-07-24 14:42:59.237
4265	1J9343	9521	\N	1	\N	6	2015-01-01 00:00:00.000	2015-07-24 15:53:16.800
4266	1J9330	11115	\N	1	\N	6	2015-01-01 00:00:00.000	2015-07-24 16:07:43.817
4267	LXD	7300	\N	1	\N	6	2015-01-01 00:00:00.000	2015-07-24 17:26:04.027
4268	SAY	14186	\N	1	\N	5	2015-01-01 00:00:00.000	2020-06-23 14:04:39.750
4269	1M9838	6245	\N	6	\N	6	2015-07-27 00:15:47.000	2015-07-27 00:15:56.737
4270	1M9791	4282	\N	6	\N	6	2015-07-27 00:25:57.710	2015-07-27 00:25:57.710
4271	1M9568	9315	\N	6	\N	6	2015-07-27 00:41:19.347	2015-07-27 00:41:19.347
4273	1M9931	12122	\N	6	\N	6	2015-10-27 00:00:00.000	2015-07-27 08:22:39.627
4274	1M9764	9334	\N	1	\N	6	2015-10-27 00:00:00.000	2021-05-25 12:10:37.473
4275	1M9718	9250	\N	1	\N	6	2015-10-27 00:00:00.000	2015-07-27 08:24:03.837
4276	1M9974	6743	\N	6	\N	6	2015-10-27 00:00:00.000	2015-07-27 08:24:46.113
4277	1M9880	11946	\N	6	\N	6	2015-10-27 00:00:00.000	2015-07-27 11:45:19.380
4278	1M9747	9544	\N	6	\N	6	2015-10-27 00:00:00.000	2015-07-27 08:28:06.900
4279	1M9913	1454	\N	6	\N	6	2015-10-27 00:00:00.000	2015-07-27 08:33:58.340
4280	58L	8234	\N	6	\N	6	2015-10-27 00:00:00.000	2018-06-21 14:55:44.140
4281	1M9211	8901	\N	6	\N	6	2015-10-27 00:00:00.000	2017-11-21 11:10:41.313
4282	1MT	8092	\N	6	\N	6	2015-10-27 00:00:00.000	2015-07-27 08:36:45.680
4283	525	11921	\N	9	\N	6	2015-10-27 00:00:00.000	2020-02-10 16:58:48.383
4284	1M9762	10214	\N	6	\N	6	2015-10-27 00:00:00.000	2015-07-27 08:39:31.773
4285	1M9613	7567	\N	1	\N	6	2015-10-27 00:00:00.000	2015-07-27 08:40:14.627
4286	1M9815	1360	\N	6	\N	6	2015-10-27 00:00:00.000	2015-07-27 08:41:48.070
4287	1M9022	17107	\N	6	\N	6	2015-10-27 00:00:00.000	2017-08-14 16:08:35.717
4288	LA9HBC	7351	\N	6	\N	6	2015-10-27 00:00:00.000	2015-07-27 08:44:57.330
4289	1M9839	13454	\N	6	\N	6	2015-10-27 00:00:00.000	2015-07-27 08:51:52.917
4290	1H9483	6853	\N	6	\N	6	2015-10-27 00:00:00.000	2015-07-27 09:21:46.730
4291	8C9287	10256	\N	6	\N	17	2015-10-27 00:00:00.000	2015-07-27 09:51:06.697
4292	1N9317	7121	\N	6	\N	6	2015-10-27 00:00:00.000	2015-07-27 10:20:05.070
4293	5HT	5564	\N	6	\N	6	2015-10-27 00:00:00.000	2016-11-07 11:34:31.267
4294	1M9872	6898	\N	1	\N	6	2015-07-27 10:37:25.433	2015-07-27 10:37:25.433
4295	L5M	10219	\N	1	\N	6	2015-07-27 10:39:15.103	2015-07-27 10:39:15.103
4296	4S9136	1349	\N	6	\N	6	2015-07-27 10:52:38.833	2015-07-27 10:52:38.833
4297	1M9829	9114	\N	6	\N	6	2015-07-27 10:56:22.380	2015-07-27 10:56:22.380
4298	1M9739	8655	\N	6	\N	6	2015-07-27 11:05:03.140	2015-07-27 11:05:03.140
4299	1M9886	7066	\N	6	\N	6	2015-07-27 11:10:34.140	2015-07-27 11:10:34.140
4300	1H9561	13456	\N	6	\N	6	2015-10-27 00:00:00.000	2015-07-27 11:16:11.133
4301	ZAC	1029	\N	7	\N	6	2015-10-27 00:00:00.000	2022-08-22 12:32:59.563
4302	1L9434	6729	\N	1	\N	6	2015-10-27 00:00:00.000	2015-07-27 11:34:23.743
4303	1Z9305	10311	\N	6	\N	6	2015-10-27 00:00:00.000	2015-07-27 11:37:36.123
4305	580	7353	\N	6	\N	6	2015-10-27 00:00:00.000	2015-07-27 11:43:53.987
4306	XZ1	6619	\N	2	\N	10	2015-07-27 11:49:01.900	2015-07-27 11:49:01.900
4307	1Z9332	11877	\N	6	\N	6	2015-10-27 00:00:00.000	2015-07-27 14:54:18.620
4308	1H9576	1468	\N	1	\N	6	2015-10-27 00:00:00.000	2015-07-27 12:06:17.087
4309	1L9469	6628	\N	6	\N	6	2015-10-27 00:00:00.000	2015-07-27 12:14:57.287
4310	1H9654	7345	\N	1	\N	6	2015-10-27 00:00:00.000	2015-08-03 09:56:31.267
4311	1L9400	11371	\N	6	\N	6	2015-10-27 00:00:00.000	2015-07-27 12:22:02.417
4312	LVN	6823	\N	1	\N	6	2015-07-27 12:22:49.343	2015-07-27 12:22:49.343
4313	1D9749	7631	\N	6	\N	6	2015-10-27 00:00:00.000	2015-07-27 12:23:38.327
4314	2NV	14596	\N	5	\N	1	2015-10-27 00:00:00.000	2021-10-07 15:17:14.407
4315	1R0	11772	\N	6	\N	6	2015-10-27 00:00:00.000	2015-07-27 12:34:04.683
4316	4S9034	13458	\N	1	\N	6	2015-07-27 12:36:45.000	2015-08-10 16:58:57.377
4317	1L9406	8870	\N	6	\N	6	2015-10-27 00:00:00.000	2015-07-27 12:43:41.713
4318	1L9395	11803	\N	1	\N	6	2015-10-27 00:00:00.000	2015-07-27 12:49:37.970
4319	1L9451	6676	\N	6	\N	6	2015-07-27 00:00:00.000	2015-07-27 13:12:08.730
4320	1H9399	5569	\N	1	\N	6	2015-07-27 00:00:00.000	2020-02-06 10:07:01.890
4321	1L9477	7089	\N	1	\N	6	2015-07-27 00:00:00.000	2015-07-27 13:21:34.963
4322	1H9657	13461	\N	6	\N	6	2015-07-27 00:00:00.000	2015-07-27 13:29:13.527
4323	1H9517	10747	\N	6	\N	6	2015-07-27 00:00:00.000	2015-07-27 13:38:38.997
4324	1L9478	7089	\N	6	\N	6	2015-07-27 00:00:00.000	2015-07-27 13:39:16.797
4326	1L9528	6776	\N	6	\N	6	2015-07-27 00:00:00.000	2015-07-27 13:46:46.530
4327	3A9116	14451	\N	6	\N	12	2015-07-27 00:00:00.000	2020-06-23 13:52:02.467
4328	1L9369	11238	\N	1	\N	6	2015-07-27 00:00:00.000	2015-07-27 13:57:02.293
4329	1Z9466	6747	\N	6	\N	6	2015-07-27 00:00:00.000	2015-07-27 14:09:33.357
4330	1N9306	7068	\N	6	\N	6	2015-07-27 00:00:00.000	2023-06-29 15:10:09.277
4331	5JW	9916	\N	6	\N	6	2015-07-27 00:00:00.000	2025-07-21 11:23:59.767
4332	4B3	994	\N	2	\N	6	2015-07-27 00:00:00.000	2015-07-27 14:25:30.607
4333	JB3	994	\N	2	\N	3	2015-07-27 00:00:00.000	2015-07-27 14:26:45.563
4335	4C3	994	\N	2	\N	6	2015-07-27 00:00:00.000	2015-07-27 14:29:08.320
4336	1Z9485	13401	\N	1	\N	6	2015-07-27 00:00:00.000	2015-07-27 14:29:35.400
4339	4E3	994	\N	2	\N	6	2015-07-27 00:00:00.000	2015-07-27 14:46:06.830
4340	1H9552	7588	\N	6	\N	6	2015-07-27 00:00:00.000	2015-07-27 14:45:14.180
4341	JE3	994	\N	2	\N	3	2015-07-27 00:00:00.000	2015-07-27 14:47:03.537
4342	ME3	11422	\N	1	\N	36	2015-07-27 00:00:00.000	2021-02-16 11:47:32.423
4343	MN3	994	\N	2	\N	30	2015-07-27 00:00:00.000	2015-07-27 14:49:28.133
4344	LUA	11152	\N	1	\N	8	2015-07-27 00:00:00.000	2015-07-27 14:54:33.520
4345	MP3	25559	\N	2	\N	30	2015-07-27 00:00:00.000	2026-05-08 12:49:03.313
4346	1Z9378	1565	\N	6	\N	6	2015-07-27 00:00:00.000	2015-07-27 15:08:03.207
4347	51W	6409	\N	6	\N	6	2015-07-27 00:00:00.000	2015-07-27 15:10:35.167
4348	1N9311	7856	\N	6	\N	6	2015-07-27 15:16:17.000	2015-07-27 17:00:49.407
4349	1Z9359	12165	\N	6	\N	6	2015-07-27 00:00:00.000	2015-07-27 15:27:19.200
4350	1N9322	6890	\N	6	\N	6	2015-07-27 15:31:11.250	2015-07-27 15:31:11.250
4351	1N9269	10727	\N	6	\N	6	2015-07-27 15:34:20.137	2015-07-27 15:34:20.137
4352	5V0	8874	\N	1	\N	6	2015-07-27 15:43:47.447	2015-07-27 15:43:47.447
4353	59H	7336	\N	6	\N	6	2015-07-27 00:00:00.000	2015-07-27 16:08:32.523
4354	1NW	3427	\N	6	\N	6	2015-07-27 16:11:48.990	2015-07-27 16:11:48.990
4355	1Z9469	7788	\N	6	\N	6	2015-07-27 00:00:00.000	2015-07-27 16:21:44.427
4356	1N9244	6241	\N	1	\N	6	2015-07-27 16:36:11.617	2015-07-27 16:36:11.617
4357	5WV	13463	\N	6	\N	6	2015-07-27 16:43:13.317	2015-07-27 16:43:13.317
4358	1Z9331	9123	\N	6	\N	6	2015-07-27 00:00:00.000	2015-07-27 16:48:24.770
4359	1Z9342	9370	\N	6	\N	6	2015-07-27 17:15:38.047	2015-07-27 17:15:38.047
4360	1N9285	6227	\N	6	\N	6	2015-07-27 17:15:46.003	2015-07-27 17:15:46.003
4361	1Z9432	6352	\N	6	\N	6	2015-07-27 17:24:42.817	2015-07-27 17:24:42.817
4362	5SM	9527	\N	6	\N	6	2015-07-27 17:34:11.810	2015-07-27 17:34:11.810
4363	1N9251	10679	\N	6	\N	6	2015-07-27 17:54:31.047	2015-07-27 17:54:31.047
4364	1M9818	1351	\N	6	\N	6	2015-07-28 00:00:00.000	2015-07-28 07:56:27.633
4365	4PG	8923	\N	6	\N	6	2015-07-28 00:00:00.000	2018-03-16 16:14:55.553
4366	1M9835	6233	\N	6	\N	6	2015-07-28 00:00:00.000	2015-07-28 07:58:17.003
4367	1M9641	8988	\N	6	\N	6	2015-07-28 00:00:00.000	2015-07-28 07:59:05.643
4368	1M9987	7163	\N	9	\N	6	2015-07-28 00:00:00.000	2015-07-28 08:00:01.460
4369	1M9866	6873	\N	6	\N	6	2015-07-28 00:00:00.000	2015-07-28 08:01:08.153
4370	1M9763	8440	\N	1	\N	6	2015-07-28 00:00:00.000	2015-07-28 08:01:51.503
4371	1M9746	8626	\N	6	\N	6	2015-07-28 00:00:00.000	2015-07-28 08:02:51.377
4372	1M9821	1676	\N	6	\N	6	2015-07-28 00:00:00.000	2015-07-28 08:03:59.753
4373	109135	10977	\N	6	\N	6	2015-07-28 00:00:00.000	2015-07-28 08:05:44.023
4374	1M9684	10212	\N	6	\N	6	2015-07-28 00:00:00.000	2015-07-28 08:09:59.067
4375	1M9756	10023	\N	6	\N	6	2015-07-28 00:00:00.000	2015-07-28 08:12:55.893
4376	1M9888	7845	\N	1	\N	6	2015-07-28 00:00:00.000	2015-07-28 08:14:26.047
4377	1Z9379	11628	\N	6	\N	6	2015-07-28 00:00:00.000	2015-07-28 09:12:08.660
4378	1Z9280	9508	\N	6	\N	6	2015-07-28 00:00:00.000	2015-07-30 10:12:01.507
4379	1Z9243	1412	\N	1	\N	6	2015-07-28 00:00:00.000	2015-07-30 10:12:17.950
4380	1Z9412	11954	\N	6	\N	6	2015-07-28 00:00:00.000	2015-07-28 09:56:22.193
4381	1Z9230	10685	\N	1	\N	6	2015-07-28 00:00:00.000	2015-07-28 10:04:06.607
4382	1K9248	10442	\N	1	\N	6	2015-07-28 00:00:00.000	2015-07-28 10:07:58.080
4383	3N9005	7299	\N	6	\N	6	2015-07-28 10:19:35.103	2015-07-28 10:19:35.103
4384	1Z9232	8629	\N	1	\N	6	2015-07-28 00:00:00.000	2021-06-15 15:16:16.830
4385	RFL	5580	\N	1	\N	4	2015-07-28 00:00:00.000	2020-01-08 16:51:47.270
4386	1Z9250	9713	\N	1	\N	6	2015-07-28 10:38:09.977	2015-07-28 10:38:09.977
4387	1Z9369	13467	\N	6	\N	6	2015-07-28 00:00:00.000	2015-07-28 10:43:20.680
4388	1A9960	7360	\N	6	\N	6	2015-07-28 00:00:00.000	2015-07-28 11:00:42.653
4389	1Z9341	8496	\N	6	\N	6	2015-07-28 10:55:55.067	2015-07-28 10:55:55.067
4390	1KB	5156	\N	6	\N	6	2015-07-28 00:00:00.000	2017-05-30 10:39:05.830
4391	5XM	8531	\N	6	\N	6	2015-07-28 00:00:00.000	2015-07-28 11:07:48.143
4392	1Z9389	1699	\N	6	\N	6	2015-07-28 11:10:15.487	2015-07-28 11:10:15.487
4393	1Z9257	9437	\N	1	\N	6	2015-07-28 00:00:00.000	2015-07-28 11:28:15.337
4394	1N9273	10962	\N	6	\N	6	2015-07-28 11:32:38.073	2015-07-28 11:32:38.073
4395	3P9000	11213	\N	6	\N	6	2015-07-28 00:00:00.000	2015-07-28 11:51:18.700
4396	55C	1448	\N	6	\N	6	2015-07-28 11:55:54.727	2015-07-28 11:55:54.727
4397	1N9279	1319	\N	6	\N	6	2015-07-28 11:58:58.043	2015-07-28 11:58:58.043
4398	57N	6560	\N	6	\N	6	2015-07-28 00:00:00.000	2015-07-28 12:06:22.223
4399	1B4	994	\N	7	\N	6	2015-07-28 00:00:00.000	2015-07-28 12:11:16.377
4400	4S9309	5011	\N	6	\N	6	2015-07-28 00:00:00.000	2015-07-28 12:16:27.270
4401	1B5	994	\N	5	\N	6	2015-07-28 00:00:00.000	2015-07-28 12:16:40.357
4402	4K0	2643	\N	6	\N	6	2015-07-28 00:00:00.000	2017-05-30 10:59:20.540
4403	1B6	994	\N	10	\N	6	2015-07-28 00:00:00.000	2015-07-28 12:17:31.073
4404	1B7	994	\N	3	\N	6	2015-07-28 00:00:00.000	2015-07-28 12:17:56.220
4406	1H9566	6368	\N	6	\N	6	2015-07-28 00:00:00.000	2015-07-28 12:22:24.387
4407	1Z9368	11904	\N	6	\N	6	2015-07-28 12:26:23.707	2015-07-28 12:26:23.707
4408	1J5	994	\N	5	\N	6	2015-07-28 00:00:00.000	2015-07-28 12:29:40.610
4409	1P4	994	\N	7	\N	6	2015-07-28 00:00:00.000	2015-07-28 12:30:48.423
4410	1P5	994	\N	5	\N	6	2015-07-28 00:00:00.000	2015-07-28 12:31:22.447
4411	1P6	994	\N	10	\N	6	2015-07-28 00:00:00.000	2015-07-28 12:31:42.303
4412	1P7	994	\N	3	\N	6	2015-07-28 00:00:00.000	2015-07-28 12:32:03.037
4414	2J5	995	\N	5	\N	1	2015-07-28 00:00:00.000	2015-07-28 12:36:36.613
4415	2P4	995	\N	7	\N	1	2015-07-28 00:00:00.000	2015-07-28 12:39:23.520
4416	LBB	10550	\N	1	\N	8	2015-07-28 00:00:00.000	2025-05-22 15:42:47.247
4417	2P5	995	\N	5	\N	1	2015-07-28 00:00:00.000	2015-07-28 12:43:16.990
4418	2P6	995	\N	10	\N	1	2015-07-28 00:00:00.000	2015-07-28 12:43:43.167
4419	1Z9168	1584	\N	6	\N	6	2015-07-28 12:44:01.090	2015-07-28 12:44:01.090
4420	2P7	995	\N	3	\N	1	2015-07-28 00:00:00.000	2015-07-28 12:46:29.400
4421	1RF	2642	\N	10	\N	6	2015-07-28 00:00:00.000	2015-07-28 12:48:30.253
4422	3B4	1002	\N	7	\N	12	2015-07-28 00:00:00.000	2015-07-28 12:48:52.313
4423	3B5	1002	\N	5	\N	12	2015-07-28 00:00:00.000	2015-07-28 12:49:15.883
4424	3B6	1002	\N	10	\N	12	2015-07-28 00:00:00.000	2015-07-28 12:49:37.257
4425	3B7	1002	\N	3	\N	12	2015-07-28 00:00:00.000	2015-07-28 12:53:32.643
4427	1H9597	6623	\N	6	\N	6	2015-07-28 00:00:00.000	2015-07-28 12:54:17.120
4428	3J5	1002	\N	5	\N	12	2015-07-28 00:00:00.000	2015-07-28 12:55:08.007
4429	3P4	1002	\N	7	\N	12	2015-07-28 00:00:00.000	2015-07-28 12:56:29.580
4430	3P5	1002	\N	5	\N	12	2015-07-28 00:00:00.000	2015-07-28 12:56:46.677
4431	3P6	1002	\N	10	\N	12	2015-07-28 00:00:00.000	2015-07-28 12:57:04.447
4432	3P7	1002	\N	3	\N	12	2015-07-28 00:00:00.000	2015-07-28 12:57:27.863
4433	1M9900	1439	\N	9	\N	6	2015-07-28 00:00:00.000	2016-04-22 15:25:04.193
4434	1M9954	7346	\N	6	\N	6	2015-07-28 00:00:00.000	2016-09-07 15:52:22.960
4435	5BB	2605	\N	1	\N	6	2015-07-28 00:00:00.000	2015-07-28 13:00:30.117
4436	1H9519	11560	\N	6	\N	6	2015-07-28 00:00:00.000	2015-07-28 13:00:41.363
4437	1M9795	9938	\N	6	\N	6	2015-07-28 00:00:00.000	2015-07-28 13:01:44.717
4438	1M9715	9528	\N	5	\N	6	2015-07-28 00:00:00.000	2016-04-22 13:48:51.217
4439	1H9592	7454	\N	6	\N	6	2015-07-28 00:00:00.000	2015-07-28 13:08:28.243
4440	1Z9170	10350	\N	1	\N	6	2015-07-28 00:00:00.000	2015-07-28 13:10:30.937
4441	1N9266	11336	\N	6	\N	6	2015-07-28 13:22:52.407	2015-07-28 13:22:52.407
4442	1H9515	9451	\N	6	\N	6	2015-07-28 00:00:00.000	2015-07-28 13:24:01.530
4443	1N9243	1278	\N	1	\N	6	2015-07-28 13:44:18.970	2015-07-28 13:44:18.970
4444	1Z9353	12065	\N	6	\N	6	2015-07-28 00:00:00.000	2015-07-28 13:51:40.950
4445	2B4	995	\N	7	\N	1	2015-07-28 00:00:00.000	2015-07-28 13:51:53.820
4446	2B5	995	\N	5	\N	1	2015-07-28 00:00:00.000	2026-06-11 21:55:14.897
4447	2B6	995	\N	10	\N	1	2015-07-28 00:00:00.000	2019-03-18 16:36:43.060
4448	2B7	995	\N	3	\N	1	2015-07-28 00:00:00.000	2019-03-19 08:15:22.000
4449	1Z9288	9512	\N	6	\N	6	2015-07-28 14:02:11.160	2015-07-28 14:02:11.160
4450	1Z9397	1711	\N	6	\N	6	2015-07-28 00:00:00.000	2015-07-28 14:04:57.783
4451	1H9670	7157	\N	6	\N	6	2015-07-28 00:00:00.000	2015-07-28 14:07:57.700
4452	58T	7639	\N	6	\N	6	2015-07-28 00:00:00.000	2024-06-04 16:07:35.803
4453	1H9599	7062	\N	6	\N	6	2015-07-28 00:00:00.000	2015-07-28 14:24:54.090
4454	1N9NPM	11118	\N	6	\N	6	2015-07-28 14:26:03.150	2015-07-28 14:26:03.150
4455	1Z9453	1656	\N	1	\N	6	2015-07-28 14:28:06.827	2015-07-28 14:28:06.827
4456	1Z9258	11283	\N	6	\N	6	2015-07-28 00:00:00.000	2015-07-28 14:34:26.827
4457	545	7246	\N	6	\N	6	2015-07-28 14:42:45.467	2015-07-28 14:42:45.467
4458	1Z9269	9984	\N	1	\N	6	2015-07-28 14:53:38.140	2015-07-28 14:53:38.140
4459	1H9482	10150	\N	6	\N	6	2015-07-28 00:00:00.000	2015-07-28 14:55:13.567
4460	1H9661	7509	\N	1	\N	6	2015-07-28 00:00:00.000	2015-07-28 15:04:09.927
4461	1Z9279	10009	\N	6	\N	6	2015-07-28 00:00:00.000	2015-07-28 15:08:34.473
4462	1N9261	10054	\N	1	\N	6	2015-07-28 15:10:28.727	2015-07-28 15:10:28.727
4463	1H9578	6698	\N	9	\N	6	2015-07-28 00:00:00.000	2015-07-28 15:11:16.137
4464	40L	5732	\N	6	\N	6	2015-07-28 15:45:02.827	2015-07-28 15:45:02.827
4465	1Z9306	10310	\N	1	\N	6	2015-07-28 00:00:00.000	2015-07-28 16:27:03.997
4466	179446	1517	\N	6	\N	6	2015-07-28 00:00:00.000	2015-07-28 16:27:24.183
4467	4FP	1489	\N	6	\N	6	2015-07-28 16:28:01.170	2015-07-28 16:28:01.170
4468	1Z9446	1517	\N	6	\N	6	2015-07-28 00:00:00.000	2015-07-28 16:28:10.747
4469	1Z9404	1650	\N	9	\N	6	2015-07-28 00:00:00.000	2019-10-16 16:34:26.517
4470	1Z9285	11786	\N	6	\N	6	2015-07-28 00:00:00.000	2015-07-28 16:44:26.513
4471	1P9684	7260	\N	6	\N	6	2015-07-28 00:00:00.000	2015-07-28 16:57:13.363
4472	1P9631	7582	\N	6	\N	6	2015-07-28 00:00:00.000	2015-07-28 17:17:56.517
4473	1M9903	7913	\N	6	\N	6	2015-07-29 00:00:00.000	2015-07-29 08:09:47.433
4474	1M9942	6097	\N	6	\N	6	2015-07-29 00:00:00.000	2024-04-24 12:08:44.623
4475	1M9832	6217	\N	6	\N	6	2015-07-29 00:00:00.000	2015-07-29 08:12:48.627
4476	1M9918	11935	\N	1	\N	6	2015-07-29 00:00:00.000	2015-07-29 08:13:19.407
4477	1M9856	11879	\N	1	\N	6	2015-07-29 00:00:00.000	2015-07-29 08:14:33.083
4478	1M9853	12170	\N	1	\N	6	2015-07-29 00:00:00.000	2015-07-29 08:15:08.107
4479	1M9814	11661	\N	6	\N	6	2015-07-29 00:00:00.000	2015-07-29 08:15:43.770
4480	511	6840	\N	1	\N	6	2015-07-29 00:00:00.000	2015-07-29 08:17:00.410
4481	5MH	10024	\N	6	\N	6	2015-07-29 00:00:00.000	2015-07-29 08:17:29.863
4482	563	6073	\N	6	\N	6	2015-07-29 00:00:00.000	2015-07-29 08:22:35.733
4483	1M9774	9733	\N	6	\N	6	2015-07-29 00:00:00.000	2015-07-29 08:24:09.303
4484	101	11778	\N	6	\N	6	2015-07-29 00:00:00.000	2015-07-29 08:24:40.130
4485	1M9851	7219	\N	6	\N	6	2015-07-29 00:00:00.000	2015-07-29 08:25:21.220
4486	1M9809	7383	\N	6	\N	6	2015-07-29 00:00:00.000	2018-08-23 09:55:14.370
4487	1M9816	1674	\N	5	\N	6	2015-07-29 00:00:00.000	2017-09-12 16:38:39.840
4488	1M9909	12095	\N	6	\N	6	2015-07-29 00:00:00.000	2015-07-29 08:28:51.617
4489	1M9455	1609	\N	6	\N	6	2015-07-29 00:00:00.000	2015-07-29 08:29:27.590
4490	1M9883	7459	\N	6	\N	6	2015-07-29 00:00:00.000	2015-07-29 08:30:02.737
4491	1P9687	1455	\N	6	\N	6	2015-07-29 00:00:00.000	2015-07-29 09:01:15.223
4492	57R	1650	\N	9	\N	6	2015-07-29 00:00:00.000	2019-10-29 14:55:52.603
4493	1Z9407	7944	\N	6	\N	6	2015-07-29 00:00:00.000	2015-07-29 09:39:56.697
4494	1Z9328	8512	\N	6	\N	6	2015-07-29 00:00:00.000	2015-07-29 09:50:03.397
4495	1Z9384	7230	\N	6	\N	6	2015-07-29 00:00:00.000	2015-07-29 10:03:25.410
4496	ZGZ	14455	\N	1	\N	9	2015-07-29 00:00:00.000	2020-06-09 17:12:10.473
4497	1Z9292	11388	\N	1	\N	6	2015-07-29 00:00:00.000	2015-07-29 10:31:52.880
4498	4P2	1491	\N	6	\N	6	2015-07-29 10:37:59.043	2015-07-29 10:37:59.043
4499	47Z	1490	\N	6	\N	6	2015-07-29 10:46:38.243	2015-07-29 10:46:38.243
4500	1N9275	8880	\N	6	\N	6	2015-07-29 10:50:54.257	2015-07-29 10:50:54.257
4501	5VZ	10517	\N	6	\N	6	2015-07-29 10:52:42.333	2015-07-29 10:52:42.333
4502	1P9700	12086	\N	1	\N	6	2015-07-29 00:00:00.000	2015-07-29 11:09:40.623
4503	1N9260	10706	\N	1	\N	6	2015-07-29 11:09:50.373	2015-07-29 11:09:50.373
4504	1P9587	10708	\N	6	\N	6	2015-07-29 00:00:00.000	2015-07-29 11:18:30.713
4505	1N9346	7164	\N	9	\N	6	2015-07-29 11:25:58.870	2015-07-29 11:25:58.870
4506	1P9563	10872	\N	6	\N	6	2015-07-29 00:00:00.000	2015-07-29 11:32:30.430
4507	ZCG	2907	\N	1	\N	6	2015-07-29 00:00:00.000	2017-01-30 15:09:08.510
4508	1P9489	8159	\N	6	\N	6	2015-07-29 00:00:00.000	2015-07-29 11:43:12.917
4509	2P9009	8906	\N	6	\N	1	2015-07-29 00:00:00.000	2015-07-29 12:02:54.510
4510	2N9038	11809	\N	6	\N	6	2015-07-29 12:03:44.603	2015-07-29 12:03:44.603
4512	1N9309	7542	\N	6	\N	6	2015-07-29 12:28:05.297	2015-07-29 12:28:05.297
4513	53P	5731	\N	6	\N	6	2015-07-29 12:31:44.273	2015-07-29 12:31:44.273
4514	1P9427	3155	\N	1	\N	6	2015-07-29 00:00:00.000	2015-07-29 12:34:06.063
4515	4K1	10554	\N	6	\N	6	2015-07-29 00:00:00.000	2018-02-28 11:13:35.730
4516	1P9522	8832	\N	1	\N	6	2015-07-29 00:00:00.000	2015-07-29 12:48:23.597
4517	1N9324	11943	\N	6	\N	6	2015-07-29 12:49:41.237	2015-07-29 12:49:41.237
4518	1P9618	9365	\N	1	\N	6	2015-07-29 00:00:00.000	2015-07-29 12:56:52.843
4519	5UG	9492	\N	6	\N	6	2015-07-29 00:00:00.000	2015-07-29 12:57:42.107
4520	1P9624	6235	\N	1	\N	6	2015-07-29 13:07:29.323	2015-07-29 13:07:29.323
4521	1P9679	7863	\N	6	\N	6	2015-07-29 00:00:00.000	2015-07-29 13:10:30.097
4522	1P9597	11201	\N	6	\N	6	2015-07-29 00:00:00.000	2015-07-29 13:12:32.323
4523	558	7785	\N	6	\N	6	2015-07-29 00:00:00.000	2018-06-07 09:15:41.363
4524	1N9288	12064	\N	6	\N	6	2015-07-29 13:26:17.300	2015-07-29 13:26:17.300
4525	1P9607	11417	\N	1	\N	6	2015-07-29 00:00:00.000	2015-07-29 13:28:15.907
4526	1P9676	7916	\N	1	\N	6	2015-07-29 00:00:00.000	2015-07-29 13:33:10.560
4527	51Z	2644	\N	10	\N	6	2015-07-29 00:00:00.000	2015-07-29 13:38:22.513
4528	1N9331	6995	\N	6	\N	6	2015-07-29 13:38:44.323	2015-07-29 13:38:44.323
4529	1P9603	10745	\N	3	\N	6	2015-07-29 00:00:00.000	2015-07-29 13:55:42.817
4530	1P9644	6132	\N	6	\N	6	2015-07-29 00:00:00.000	2015-07-29 14:01:56.860
4531	51T	2644	\N	6	\N	6	2015-07-29 00:00:00.000	2015-07-29 14:06:23.260
4532	1P9610	11780	\N	6	\N	6	2015-07-29 00:00:00.000	2015-07-29 14:09:00.073
4533	1P9667	7468	\N	6	\N	6	2015-07-29 00:00:00.000	2015-07-29 14:09:11.443
4534	1M9794	9096	\N	6	\N	6	2015-07-29 00:00:00.000	2015-07-29 14:21:04.817
4535	1P9590	1309	\N	3	\N	6	2015-07-29 00:00:00.000	2015-07-29 14:24:19.163
4536	1M9766	11617	\N	6	\N	6	2015-07-29 00:00:00.000	2015-07-29 14:34:16.753
4537	2P9039	9784	\N	6	\N	1	2015-07-29 00:00:00.000	2015-07-29 14:35:59.400
4538	1M9989	7313	\N	6	\N	6	2015-07-29 00:00:00.000	2015-07-29 14:41:30.543
4539	1N9299	6146	\N	6	\N	6	2015-07-29 14:42:09.730	2015-07-29 14:42:09.730
4540	1N9248	9242	\N	6	\N	6	2015-07-29 14:47:55.817	2015-07-29 14:47:55.817
4541	1M9828	9161	\N	6	\N	6	2015-07-29 00:00:00.000	2015-07-29 14:52:24.683
4542	1J9352	10062	\N	1	\N	6	2015-07-29 00:00:00.000	2015-07-29 14:54:51.963
4543	5UY	9737	\N	6	\N	6	2015-07-29 14:56:45.610	2015-07-29 14:56:45.610
4544	1P9569	10718	\N	1	\N	6	2015-07-29 00:00:00.000	2015-07-29 14:59:21.877
4546	55T	6044	\N	6	\N	6	2015-07-29 15:02:33.520	2015-07-29 15:02:33.520
4547	1M9796	5838	\N	6	\N	6	2015-07-29 15:11:31.737	2015-07-29 15:11:31.737
4548	4AJ	4226	\N	6	\N	6	2015-07-29 00:00:00.000	2015-07-29 15:11:53.920
4549	1M9890	13471	\N	6	\N	6	2015-07-29 15:20:43.013	2015-07-29 15:20:43.013
4550	3P9034	6355	\N	6	\N	12	2015-07-29 00:00:00.000	2015-07-29 15:21:47.907
4551	1N9286	12029	\N	6	\N	6	2015-07-29 15:22:50.293	2015-07-29 15:22:50.293
4552	1M9981	7811	\N	6	\N	6	2015-07-29 15:29:08.110	2015-07-29 15:29:08.110
4553	1J9406	13472	\N	6	\N	6	2015-07-29 00:00:00.000	2015-07-29 15:35:35.270
4554	SNZ	10594	\N	1	\N	6	2015-07-29 15:38:43.783	2015-07-29 15:38:43.783
4555	1P9685	7757	\N	6	\N	6	2015-07-29 15:39:21.503	2015-07-29 15:39:21.503
4556	1P9417	8714	\N	1	\N	6	2015-07-29 00:00:00.000	2015-07-29 15:45:48.663
4557	1M9618	12223	\N	6	\N	6	2015-07-29 15:46:19.363	2015-07-29 15:46:19.363
4558	1E9490	1708	\N	1	\N	6	2015-07-29 00:00:00.000	2015-07-29 15:47:30.097
4559	L81	10497	\N	6	\N	8	2015-07-29 00:00:00.000	2015-07-29 15:48:07.147
4560	8A90ME	7076	\N	6	\N	17	2015-07-29 00:00:00.000	2015-07-29 15:53:14.263
4561	1E3	994	\N	2	\N	6	2015-07-29 00:00:00.000	2015-07-29 15:53:48.037
4562	1P3	994	\N	2	\N	6	2015-07-29 00:00:00.000	2015-07-29 15:54:12.967
4563	1P9650	1485	\N	6	\N	6	2015-07-29 15:57:35.783	2015-07-29 15:57:35.783
4564	2E3	995	\N	2	\N	1	2015-07-29 00:00:00.000	2015-07-29 15:58:13.877
4565	2P3	995	\N	2	\N	1	2015-07-29 00:00:00.000	2015-07-29 16:03:49.077
4566	5SB	10894	\N	6	\N	6	2015-07-29 00:00:00.000	2021-02-23 17:33:34.643
4567	3E3	1002	\N	2	\N	12	2015-07-29 00:00:00.000	2015-07-29 16:06:34.153
4568	3P3	1002	\N	2	\N	12	2015-07-29 00:00:00.000	2015-07-29 16:06:51.313
4569	1P9662	7446	\N	1	\N	6	2015-07-29 00:00:00.000	2015-07-29 16:08:58.440
4570	1P9472	6001	\N	1	\N	6	2015-07-29 00:00:00.000	2015-07-29 16:26:45.060
4571	1Z9409	7282	\N	6	\N	6	2015-07-29 00:00:00.000	2015-07-29 16:53:01.147
4572	1P9719	6592	\N	9	\N	6	2015-07-29 17:27:17.010	2015-07-29 17:27:17.010
4573	1P9594	10728	\N	6	\N	6	2015-07-29 17:52:58.513	2015-07-29 17:52:58.513
4574	1P9657	1486	\N	1	\N	6	2015-07-29 18:00:13.130	2015-07-29 18:00:13.130
4575	1P9636	7029	\N	6	\N	6	2015-07-29 18:20:13.490	2015-07-29 18:20:13.490
4576	1N9257	10446	\N	6	\N	6	2015-07-29 00:00:00.000	2018-01-11 15:49:28.677
4577	2P9088	12107	\N	6	\N	\N	2015-07-29 00:00:00.000	2024-04-09 15:15:13.957
4578	1M9781	11383	\N	6	\N	6	2015-07-30 08:51:35.467	2015-07-30 08:51:35.467
4579	1M9947	6107	\N	6	\N	6	2015-07-30 08:57:50.820	2015-07-30 08:57:50.820
4580	1Z9380	7228	\N	6	\N	6	2015-07-30 00:00:00.000	2015-07-30 09:02:14.257
4581	L0E	12075	\N	13	\N	8	2015-07-30 00:00:00.000	2022-03-29 12:15:39.553
4582	LYS	14588	\N	1	\N	8	2015-07-30 00:00:00.000	2020-06-10 12:25:17.810
4583	TDM	6249	\N	1	\N	50	2015-07-30 00:00:00.000	2015-07-30 09:27:57.723
4584	1P9593	9347	\N	6	\N	6	2015-07-30 00:00:00.000	2015-07-30 09:33:40.427
4585	LAY	11212	\N	1	\N	6	2015-07-30 09:36:31.277	2015-07-30 09:36:31.277
4586	1Z9413	13475	\N	6	\N	6	2015-07-30 00:00:00.000	2015-07-30 09:44:47.123
4587	1N9179	4054	\N	6	\N	6	2015-07-30 09:46:46.557	2015-07-30 09:46:46.557
4588	1N9287	6866	\N	6	\N	6	2015-07-30 09:51:24.770	2015-07-30 09:51:24.770
4589	1F9245	10464	\N	6	\N	6	2015-07-30 09:57:54.927	2015-07-30 09:57:54.927
4590	1N9254	9517	\N	6	\N	6	2015-07-30 09:58:52.660	2015-07-30 09:58:52.660
4591	1H9595	5021	\N	6	\N	6	2015-07-30 00:00:00.000	2015-07-30 10:00:30.567
4592	1N9264	10033	\N	1	\N	6	2015-07-30 10:07:58.817	2015-07-30 10:07:58.817
4593	1N9307	12199	\N	6	\N	6	2015-07-30 10:14:46.150	2015-07-30 10:14:46.150
4594	1NF	10436	\N	6	\N	6	2015-07-30 00:00:00.000	2017-02-15 11:09:26.763
4595	1N9300	7222	\N	9	\N	6	2015-07-30 00:00:00.000	2015-07-30 10:27:22.173
4596	1P9726	7373	\N	1	\N	6	2015-07-30 00:00:00.000	2015-07-30 10:26:44.377
4597	1P9477	3139	\N	6	\N	6	2015-07-30 10:28:18.273	2015-07-30 10:28:18.273
4598	1J9049	7542	\N	3	\N	6	2015-07-30 00:00:00.000	2020-02-07 12:24:19.807
4599	1Z9477	6952	\N	6	\N	6	2015-07-30 00:00:00.000	2015-07-30 10:41:03.640
4600	L4H	9149	\N	1	\N	8	2015-07-30 00:00:00.000	2017-07-19 14:13:28.913
4601	1N9328	7977	\N	6	\N	6	2015-07-30 00:00:00.000	2015-07-30 11:03:37.410
4602	L4G	6708	\N	1	\N	8	2015-07-30 00:00:00.000	2015-07-30 10:57:59.170
4603	1N9265	10784	\N	1	\N	6	2015-07-30 00:00:00.000	2015-07-30 11:07:54.297
4604	1M9717	7779	\N	1	\N	6	2015-07-30 00:00:00.000	2015-07-30 11:14:37.510
4605	5D0	3974	\N	6	\N	6	2015-07-30 00:00:00.000	2015-07-30 11:19:33.303
4606	1B9906	8494	\N	6	\N	6	2015-07-30 00:00:00.000	2015-07-30 11:25:01.370
4607	1M9817	2908	\N	6	\N	6	2015-07-30 00:00:00.000	2015-07-30 11:30:50.953
4608	1R9683	6609	\N	6	\N	6	2015-07-30 00:00:00.000	2015-07-30 11:33:20.183
4609	LYH	6356	\N	1	\N	8	2015-07-30 11:42:14.110	2015-07-30 11:42:14.110
4610	4A0	4507	\N	6	\N	6	2015-07-30 00:00:00.000	2015-07-30 11:43:56.460
4611	1R9562	8640	\N	6	\N	6	2015-07-30 00:00:00.000	2015-07-30 11:46:02.807
4612	1N9283	9998	\N	6	\N	6	2015-07-30 00:00:00.000	2015-07-30 11:51:59.530
4613	4MA	2121	\N	1	\N	6	2015-07-30 00:00:00.000	2021-07-09 15:01:48.320
4614	1N9290	6677	\N	6	\N	6	2015-07-30 00:00:00.000	2015-07-30 11:58:22.433
4615	1N9272	9752	\N	6	\N	6	2015-07-30 00:00:00.000	2015-07-30 12:04:11.093
4616	1R9600	10468	\N	6	\N	6	2015-07-30 00:00:00.000	2015-07-30 12:05:44.803
4617	1Z9263	9785	\N	1	\N	6	2015-07-30 00:00:00.000	2015-07-30 12:14:03.240
4618	1R9625	9934	\N	6	\N	6	2015-07-30 00:00:00.000	2015-07-30 12:25:50.950
4619	1R9318	9747	\N	6	\N	6	2015-07-30 00:00:00.000	2015-07-30 12:40:46.813
4620	5KG	11513	\N	6	\N	6	2015-07-30 00:00:00.000	2015-07-30 13:11:03.517
4621	56C	7652	\N	6	\N	6	2015-07-30 00:00:00.000	2015-07-30 13:12:37.897
4622	1P9336	8732	\N	1	\N	6	2015-07-30 00:00:00.000	2015-07-30 13:38:02.377
4623	1P9727	6587	\N	6	\N	6	2015-07-30 00:00:00.000	2015-07-30 13:44:05.170
4624	1N9292	6410	\N	1	\N	6	2015-07-30 13:54:44.867	2015-07-30 13:54:44.867
4625	1P9696	12117	\N	6	\N	6	2015-07-30 00:00:00.000	2015-07-30 14:02:56.767
4626	1P9682	7914	\N	6	\N	6	2015-07-30 00:00:00.000	2015-07-30 14:17:23.533
4627	1J9395	12074	\N	6	\N	6	2015-07-30 00:00:00.000	2015-07-30 14:35:27.347
4628	1N9295	13476	\N	2	\N	6	2015-07-30 00:00:00.000	2020-02-13 12:01:19.320
4629	5R0	10021	\N	6	\N	6	2015-07-30 00:00:00.000	2015-07-30 14:44:07.217
4630	1P9670	7527	\N	6	\N	6	2015-07-30 00:00:00.000	2015-07-30 14:46:42.157
4631	1J9362	8459	\N	6	\N	6	2015-07-30 00:00:00.000	2015-07-30 14:57:36.033
4632	1P9708	12216	\N	1	\N	6	2015-07-30 00:00:00.000	2015-07-30 15:07:42.780
4633	1J9372	11759	\N	6	\N	6	2015-07-30 00:00:00.000	2015-07-30 15:08:12.670
4634	1J9393	12027	\N	3	\N	6	2015-07-30 00:00:00.000	2015-07-30 15:27:28.163
4635	1Z9335	9151	\N	6	\N	6	2015-07-30 00:00:00.000	2015-07-30 15:27:21.627
4636	SA9231	6551	\N	1	\N	5	2015-07-30 00:00:00.000	2015-07-30 15:37:25.973
4637	1N9336	6565	\N	5	\N	6	2015-07-30 16:06:25.920	2015-07-30 16:06:25.920
4638	1N9335	6565	\N	5	\N	6	2015-07-30 16:06:40.240	2015-07-30 16:06:40.240
4639	1P9626	7004	\N	6	\N	6	2015-07-30 00:00:00.000	2015-07-30 16:19:08.573
4640	2PL	1707	\N	6	\N	1	2015-07-30 00:00:00.000	2015-07-30 16:26:58.307
4641	53U	1707	\N	6	\N	6	2015-07-30 00:00:00.000	2015-07-30 16:27:18.150
4642	1P9675	7085	\N	1	\N	6	2015-07-30 00:00:00.000	2015-07-30 16:37:56.020
4643	1R9621	9683	\N	6	\N	6	2015-07-30 00:00:00.000	2015-07-30 16:53:59.057
4644	ZAP	14462	\N	1	\N	9	2015-07-30 00:00:00.000	2024-02-06 11:21:31.033
4645	1R9640	11397	\N	6	\N	6	2015-07-30 00:00:00.000	2015-11-30 15:51:13.797
4646	1J9221	4623	\N	6	\N	6	2015-07-31 00:00:00.000	2020-08-11 17:10:47.897
4647	1J9403	11890	\N	6	\N	6	2015-07-31 00:00:00.000	2015-07-31 07:37:28.433
4648	1M9859	6154	\N	6	\N	6	2015-07-31 00:00:00.000	2015-07-31 07:56:45.050
4649	1M9850	7201	\N	6	\N	6	2015-07-31 00:00:00.000	2015-07-31 07:57:43.003
4650	1J9410	13479	\N	6	\N	6	2015-07-31 00:00:00.000	2015-07-31 07:58:25.640
4651	1M9759	10056	\N	6	\N	6	2015-07-31 00:00:00.000	2017-09-13 14:27:59.050
4652	1M9924	13478	\N	6	\N	6	2015-07-31 00:00:00.000	2015-07-31 08:01:36.710
4653	1M9778	11372	\N	9	\N	6	2015-07-31 00:00:00.000	2015-07-31 08:02:18.143
4654	1M9833	6212	\N	6	\N	6	2015-07-31 00:00:00.000	2015-07-31 08:03:46.330
4655	1M9943	12238	\N	6	\N	6	2015-07-31 00:00:00.000	2018-02-22 12:48:31.660
4656	1Z9408	7940	\N	1	\N	6	2015-07-31 00:00:00.000	2015-07-31 08:32:45.623
4657	LAW	3911	\N	1	\N	8	2015-07-31 00:00:00.000	2016-10-07 10:23:33.407
4658	1H9489	10265	\N	1	\N	6	2015-07-31 00:00:00.000	2015-07-31 08:39:42.753
4659	1H9518	9285	\N	6	\N	6	2015-07-31 00:00:00.000	2015-07-31 08:47:45.807
4660	1M9527	6988	\N	6	\N	6	2015-07-31 00:00:00.000	2015-07-31 08:57:57.233
4661	1H9535	1316	\N	6	\N	6	2015-07-31 00:00:00.000	2015-07-31 09:11:23.617
4662	1H9498	10443	\N	1	\N	6	2015-07-31 00:00:00.000	2015-07-31 09:22:51.373
4663	1P9098	10213	\N	6	\N	6	2015-07-31 00:00:00.000	2015-07-31 09:23:39.453
4664	1P9746	7306	\N	6	\N	6	2015-07-31 00:00:00.000	2015-07-31 09:34:10.303
4665	1H9676	7334	\N	6	\N	6	2015-07-31 00:00:00.000	2015-07-31 09:35:09.083
4666	51U	2644	\N	6	\N	6	2015-07-31 00:00:00.000	2015-07-31 09:35:33.327
4667	51V	2644	\N	6	\N	6	2015-07-31 00:00:00.000	2015-07-31 09:44:02.013
4668	1P9663	6925	\N	6	\N	6	2015-07-31 00:00:00.000	2015-07-31 09:45:45.660
4669	51X	2644	\N	6	\N	6	2015-07-31 00:00:00.000	2015-07-31 09:47:02.770
4670	1H9674	7334	\N	10	\N	6	2015-07-31 00:00:00.000	2015-10-29 13:35:13.527
4671	1P9712	6346	\N	1	\N	6	2015-07-31 00:00:00.000	2015-07-31 09:55:31.330
4672	1P9581	10651	\N	6	\N	6	2015-07-31 00:00:00.000	2015-07-31 10:05:23.617
4673	L4Y	19324	\N	1	\N	8	2015-07-31 00:00:00.000	2019-09-11 10:42:22.467
4674	1M9808	10524	\N	6	\N	6	2015-07-31 00:00:00.000	2020-02-11 10:13:12.870
4675	1M9732	10869	\N	6	\N	6	2015-07-31 00:00:00.000	2015-07-31 10:17:09.517
4676	1P9678	7926	\N	1	\N	6	2015-07-31 00:00:00.000	2015-07-31 10:18:10.997
4677	1F9797	10300	\N	6	\N	6	2015-07-31 00:00:00.000	2015-07-31 10:21:19.587
4678	1P9668	7036	\N	6	\N	5	2015-07-31 00:00:00.000	2015-07-31 10:44:46.740
4679	1Z9362	6844	\N	6	\N	6	2015-07-31 00:00:00.000	2015-07-31 10:46:25.333
4680	1Z9311	5844	\N	6	\N	6	2015-07-31 00:00:00.000	2015-07-31 10:54:31.053
4681	4S8	4756	\N	6	\N	6	2015-07-31 00:00:00.000	2015-07-31 11:11:31.810
4682	1Z9356	7875	\N	6	\N	6	2015-07-31 00:00:00.000	2015-07-31 11:14:54.207
4683	1P9688	6193	\N	6	\N	6	2015-07-31 00:00:00.000	2015-07-31 11:17:26.430
4684	5P7	9222	\N	6	\N	6	2015-07-31 00:00:00.000	2015-07-31 11:18:57.487
4685	1H9662	6744	\N	6	\N	6	2015-07-31 00:00:00.000	2015-07-31 11:22:33.360
4686	1Z9319	10778	\N	6	\N	6	2015-07-31 00:00:00.000	2015-07-31 11:23:41.860
4687	1P9620	9316	\N	6	\N	6	2015-07-31 00:00:00.000	2015-07-31 11:27:30.400
4688	1H9564	6654	\N	6	\N	6	2015-07-31 00:00:00.000	2015-07-31 11:29:14.827
4689	1Z9472	6601	\N	6	\N	6	2015-07-31 00:00:00.000	2015-07-31 11:32:14.650
4690	1P9665	12204	\N	6	\N	6	2015-07-31 00:00:00.000	2015-07-31 11:33:30.327
4691	1P9706	7987	\N	6	\N	6	2015-07-31 00:00:00.000	2015-07-31 11:39:13.090
4692	1Z9322	1324	\N	6	\N	6	2015-07-31 00:00:00.000	2015-07-31 11:40:06.503
4693	1P9742	6994	\N	6	\N	6	2015-07-31 00:00:00.000	2015-07-31 11:46:34.943
4694	5LE	8695	\N	6	\N	6	2015-07-31 00:00:00.000	2026-07-14 16:48:00.060
4695	4S9146	9753	\N	6	\N	6	2015-07-31 11:50:13.173	2015-07-31 11:50:13.173
4696	1M9751	10714	\N	1	\N	6	2015-07-31 00:00:00.000	2015-07-31 11:52:18.363
4697	550	7908	\N	6	\N	6	2015-07-31 00:00:00.000	2015-07-31 11:58:10.190
4698	1P9566	10250	\N	1	\N	6	2015-07-31 00:00:00.000	2015-07-31 11:59:18.177
4699	1H9594	12632	\N	6	\N	6	2015-07-31 00:00:00.000	2015-07-31 12:05:54.167
4700	4S9171	1481	\N	6	\N	6	2015-07-31 12:06:15.587	2015-07-31 12:06:15.587
4701	1P9535	9671	\N	1	\N	6	2015-07-31 00:00:00.000	2015-07-31 12:08:25.860
4702	1H9479	9256	\N	1	\N	6	2015-07-31 00:00:00.000	2015-07-31 12:18:27.257
4703	1Z9422	6274	\N	6	\N	6	2015-07-31 00:00:00.000	2015-07-31 12:21:18.140
4704	1H9511	10499	\N	6	\N	6	2015-07-31 00:00:00.000	2015-07-31 12:24:12.737
4705	1P9741	6991	\N	6	\N	6	2015-07-31 00:00:00.000	2015-07-31 12:25:37.897
4706	4WX	4618	\N	6	\N	6	2015-07-31 00:00:00.000	2015-07-31 12:26:33.747
4707	1H9589	6886	\N	1	\N	6	2015-07-31 00:00:00.000	2015-07-31 12:30:37.167
4708	1M9772	9741	\N	6	\N	6	2015-07-31 00:00:00.000	2015-07-31 12:32:07.757
4709	1Z9475	6789	\N	6	\N	6	2015-07-31 00:00:00.000	2015-07-31 12:35:44.177
4710	1H9588	6886	\N	6	\N	6	2015-07-31 00:00:00.000	2015-07-31 12:36:28.497
4711	1M9862	11923	\N	6	\N	6	2015-07-31 00:00:00.000	2015-07-31 12:37:38.197
4712	1P9466	8358	\N	3	\N	6	2015-07-31 00:00:00.000	2015-08-10 11:02:29.910
4713	1P9635	6656	\N	6	\N	6	2015-07-31 00:00:00.000	2015-07-31 12:57:59.117
4714	1M9793	9293	\N	1	\N	6	2015-07-31 00:00:00.000	2015-07-31 13:01:10.873
4715	5VW	1682	\N	6	\N	6	2015-07-31 00:00:00.000	2015-07-31 13:10:35.953
4716	1Z9438	6558	\N	6	\N	6	2015-07-31 00:00:00.000	2015-07-31 13:15:31.480
4717	1P9608	13481	\N	6	\N	6	2015-07-31 00:00:00.000	2015-07-31 13:22:16.190
4718	1R9767	1649	\N	6	\N	6	2015-07-31 00:00:00.000	2015-07-31 13:35:43.743
4719	1P9681	7918	\N	6	\N	6	2015-07-31 00:00:00.000	2015-07-31 13:38:49.007
4720	4S9084	10726	\N	6	\N	6	2015-07-31 13:47:31.623	2015-07-31 13:47:31.623
4721	1R9593	9341	\N	6	\N	6	2015-07-31 00:00:00.000	2015-07-31 13:47:52.060
4722	5XH	10726	\N	6	\N	6	2015-07-31 14:03:57.843	2015-07-31 14:03:57.843
4723	1H9607	7936	\N	6	\N	6	2015-07-31 00:00:00.000	2015-07-31 14:13:41.987
4724	1S9971	9246	\N	1	\N	6	2015-07-31 14:18:44.783	2015-07-31 14:18:44.783
4725	1H9475	9479	\N	1	\N	6	2015-07-31 00:00:00.000	2015-07-31 14:21:47.863
4726	1P9543	9901	\N	6	\N	6	2015-07-31 00:00:00.000	2015-07-31 14:22:52.213
4727	1H9643	6358	\N	6	\N	6	2015-07-31 00:00:00.000	2015-07-31 14:26:58.210
4728	1P9699	11968	\N	6	\N	6	2015-07-31 00:00:00.000	2015-07-31 14:33:52.407
4729	42X	1658	\N	6	\N	6	2015-07-31 00:00:00.000	2015-07-31 14:34:14.030
4730	1R9734	11973	\N	6	\N	6	2015-07-31 00:00:00.000	2015-07-31 14:36:20.653
4731	1P9695	11937	\N	6	\N	6	2015-07-31 00:00:00.000	2015-07-31 14:47:31.613
4732	1J9316	10914	\N	6	\N	6	2015-07-31 00:00:00.000	2015-07-31 14:48:58.613
4733	4S9085	10467	\N	6	\N	6	2015-07-31 14:50:08.610	2015-07-31 14:50:08.610
4734	1H9531	5841	\N	6	\N	6	2015-07-31 00:00:00.000	2015-07-31 14:51:16.220
4735	55Z	6327	\N	6	\N	6	2015-07-31 00:00:00.000	2015-07-31 14:56:15.350
4736	1J9341	8722	\N	6	\N	6	2015-07-31 00:00:00.000	2015-07-31 14:58:20.980
4737	1R9608	10927	\N	6	\N	6	2015-07-31 00:00:00.000	2015-07-31 15:04:13.990
4738	5L4	9712	\N	6	\N	6	2015-07-31 00:00:00.000	2015-07-31 15:07:36.947
4739	1J9419	6497	\N	6	\N	6	2015-07-31 00:00:00.000	2015-07-31 15:07:57.447
4740	1R9637	9194	\N	6	\N	6	2015-07-31 00:00:00.000	2015-07-31 15:11:29.217
4741	1H9554	7001	\N	6	\N	6	2015-07-31 00:00:00.000	2015-07-31 15:15:53.327
4742	1R9689	6423	\N	6	\N	6	2015-07-31 00:00:00.000	2015-07-31 15:17:53.523
4743	4S9370	7161	\N	1	\N	6	2015-07-31 15:18:47.297	2015-07-31 15:18:47.297
4744	1R9652	7034	\N	1	\N	6	2015-07-31 00:00:00.000	2015-07-31 15:24:59.827
4745	1J9345	9104	\N	6	\N	6	2015-07-31 00:00:00.000	2015-07-31 15:27:19.633
4746	1R9550	9955	\N	1	\N	6	2015-07-31 00:00:00.000	2015-07-31 15:33:23.770
4747	1S9959	10703	\N	1	\N	6	2015-07-31 15:36:12.280	2015-07-31 15:36:12.280
4748	1R9487	4370	\N	6	\N	6	2015-07-31 00:00:00.000	2015-07-31 15:42:17.180
4749	1P9634	7704	\N	6	\N	6	2015-07-31 00:00:00.000	2015-07-31 15:49:10.223
4750	1R9628	8540	\N	6	\N	6	2015-07-31 00:00:00.000	2015-07-31 15:51:56.940
4751	LA9SAN	1355	\N	6	\N	8	2015-07-31 15:58:01.840	2015-07-31 15:58:01.840
4752	1R9534	6847	\N	1	\N	6	2015-07-31 00:00:00.000	2015-07-31 16:02:09.740
4753	1P9738	6948	\N	9	\N	6	2015-07-31 00:00:00.000	2015-07-31 16:07:55.217
4754	1R9774	6788	\N	1	\N	6	2015-07-31 00:00:00.000	2019-11-05 16:21:08.343
4755	56B	12106	\N	6	\N	6	2015-07-31 00:00:00.000	2015-07-31 16:23:39.097
4756	1P9600	11394	\N	6	\N	6	2015-07-31 00:00:00.000	2015-07-31 16:40:37.530
4757	1L9460	6720	\N	6	\N	6	2015-07-31 16:45:38.470	2015-07-31 16:45:38.470
4758	1S9994	10410	\N	1	\N	6	2015-07-31 16:54:14.097	2015-07-31 16:54:14.097
4759	4S9045	9136	\N	1	\N	6	2015-07-31 17:00:50.027	2015-07-31 17:00:50.027
4760	1P9622	8485	\N	6	\N	6	2015-08-03 00:00:00.000	2015-08-03 08:59:34.343
4761	1R9601	11348	\N	1	\N	6	2015-08-03 00:00:00.000	2015-08-03 09:05:40.010
4762	1H9477	9695	\N	1	\N	6	2015-08-03 00:00:00.000	2015-08-03 09:07:28.680
4763	1R9610	10931	\N	6	\N	6	2015-08-03 00:00:00.000	2015-08-03 09:15:26.243
4764	1H9516	11562	\N	1	\N	6	2015-08-03 00:00:00.000	2015-08-03 09:17:04.023
4765	1R9629	11644	\N	6	\N	6	2015-08-03 00:00:00.000	2015-08-03 09:18:11.963
4766	4C6	17312	\N	6	\N	6	2015-08-03 00:00:00.000	2021-12-16 14:38:45.433
4767	5PM	8436	\N	6	\N	6	2015-08-03 00:00:00.000	2015-08-03 09:29:51.717
4768	1R9704	7418	\N	6	\N	6	2015-08-03 00:00:00.000	2015-08-03 09:32:22.630
4769	3H9008	8990	\N	6	\N	12	2015-08-03 00:00:00.000	2015-08-03 09:33:20.820
4770	3E9030	11579	\N	6	\N	12	2015-08-03 00:00:00.000	2015-08-03 09:34:16.463
4771	1R9573	9504	\N	1	\N	6	2015-08-03 00:00:00.000	2015-08-03 09:34:59.753
4772	1R9577	10478	\N	1	\N	6	2015-08-03 00:00:00.000	2015-08-03 09:35:34.917
4773	3R9001	7295	\N	6	\N	12	2015-08-03 00:00:00.000	2015-08-03 09:37:57.843
4774	4JM	9361	\N	6	\N	6	2015-08-03 00:00:00.000	2015-08-03 09:39:03.240
4775	2RG	19091	\N	6	\N	1	2020-04-29 00:00:00.000	2022-12-14 11:59:06.837
4776	W09R38	6758	\N	1	\N	2	2015-08-03 00:00:00.000	2015-08-03 09:40:14.267
4777	1P9717	13482	\N	6	\N	6	2015-08-03 00:00:00.000	2015-08-03 09:40:54.157
4778	1R9603	8863	\N	5	\N	6	2015-08-03 00:00:00.000	2020-02-05 17:50:15.100
4779	TK9SD7	14536	\N	6	\N	48	2015-08-03 00:00:00.000	2023-04-18 16:04:48.167
4780	1R9546	8652	\N	1	\N	6	2015-08-03 00:00:00.000	2015-08-03 09:45:56.733
4781	1R9614	9082	\N	6	\N	6	2015-08-03 00:00:00.000	2015-08-03 09:46:45.890
4782	3R9075	14260	\N	6	\N	12	2015-08-03 00:00:00.000	2017-04-17 15:25:29.280
4783	1R9558	10168	\N	6	\N	6	2015-08-03 00:00:00.000	2015-08-03 09:56:37.910
4784	1H9656	7597	\N	6	\N	6	2015-08-03 00:00:00.000	2015-08-03 09:56:49.503
4785	1H9651	7310	\N	6	\N	6	2015-08-03 00:00:00.000	2015-08-03 10:06:09.620
4786	1P9521	13484	\N	6	\N	6	2015-08-03 00:00:00.000	2015-08-03 10:10:36.973
4787	5LV	12741	\N	6	\N	6	2015-08-03 00:00:00.000	2015-08-03 10:13:10.773
4788	58W	6603	\N	3	\N	6	2015-08-03 00:00:00.000	2015-08-03 10:16:51.780
4789	5JY	2290	\N	6	\N	6	2015-08-03 00:00:00.000	2015-08-03 10:34:39.227
4790	1R9586	11787	\N	6	\N	6	2015-08-03 00:00:00.000	2015-08-03 11:01:40.883
4791	1R9705	7096	\N	1	\N	6	2015-08-03 00:00:00.000	2015-08-03 11:13:38.030
4792	2SW	10656	\N	6	\N	1	2015-08-03 00:00:00.000	2015-08-03 11:20:04.177
4793	1S9966	10403	\N	6	\N	6	2015-08-03 00:00:00.000	2015-08-03 11:23:38.350
4794	1P9609	9296	\N	6	\N	6	2015-08-03 00:00:00.000	2015-08-03 11:28:10.837
4795	1R9713	7424	\N	6	\N	6	2015-08-03 00:00:00.000	2015-08-03 11:30:20.270
4796	4S9226	6611	\N	6	\N	6	2015-08-03 00:00:00.000	2015-08-03 11:38:06.867
4797	4WR	11762	\N	6	\N	6	2015-08-03 00:00:00.000	2015-08-03 11:39:18.987
4798	1N9239	9929	\N	1	\N	6	2015-08-03 00:00:00.000	2015-08-03 11:42:04.080
4799	4S9054	10059	\N	6	\N	6	2015-08-03 00:00:00.000	2015-08-03 11:44:05.417
4800	536	6874	\N	6	\N	6	2015-08-03 00:00:00.000	2015-08-03 11:50:13.500
4801	4S9202	6694	\N	6	\N	6	2015-08-03 00:00:00.000	2015-08-03 11:51:04.653
4802	1S9929	9919	\N	1	\N	6	2015-08-03 00:00:00.000	2015-08-03 11:54:59.683
4803	4S9225	12206	\N	6	\N	6	2015-08-03 11:58:00.457	2015-08-03 11:58:00.457
4804	1N9301	6884	\N	6	\N	6	2015-08-03 00:00:00.000	2015-08-03 12:15:04.677
4805	4S9316	6733	\N	1	\N	6	2015-08-03 00:00:00.000	2015-08-03 12:05:37.537
4806	54B	7084	\N	6	\N	6	2015-08-03 00:00:00.000	2015-08-03 12:05:54.743
4807	1R9714	7942	\N	6	\N	6	2015-08-03 00:00:00.000	2015-08-03 12:08:30.057
4808	1N9343	7835	\N	6	\N	6	2015-08-03 00:00:00.000	2015-08-03 12:22:54.830
4809	1S9977	10147	\N	6	\N	6	2015-08-03 00:00:00.000	2015-08-03 12:23:02.740
4810	4S9018	9320	\N	1	\N	6	2015-08-03 00:00:00.000	2015-08-03 12:27:58.360
4811	1N9267	11817	\N	6	\N	6	2015-08-03 00:00:00.000	2015-08-03 12:29:28.760
4812	1P9723	6567	\N	6	\N	6	2015-08-03 00:00:00.000	2015-08-03 12:32:10.393
4813	1G9438	6907	\N	6	\N	6	2015-08-03 00:00:00.000	2015-08-03 12:37:59.430
4814	4S9048	10008	\N	6	\N	6	2015-08-03 12:40:14.760	2015-08-03 12:40:14.760
4815	1G9441	7461	\N	6	\N	6	2015-08-03 00:00:00.000	2015-08-03 12:42:51.540
4816	1R9553	9326	\N	1	\N	6	2015-08-03 00:00:00.000	2015-08-03 12:45:15.013
4817	1G9408	7056	\N	6	\N	6	2015-08-03 00:00:00.000	2015-08-03 12:49:36.813
4818	57H	10644	\N	6	\N	6	2015-08-03 00:00:00.000	2025-11-05 15:18:25.843
4819	1R9612	10966	\N	6	\N	6	2015-08-03 00:00:00.000	2015-08-03 12:53:03.077
4820	1G9376	11168	\N	6	\N	6	2015-08-03 00:00:00.000	2015-08-03 12:56:49.277
4821	1G9452	6264	\N	6	\N	6	2015-08-03 00:00:00.000	2015-08-03 13:01:29.827
4822	1R9491	8711	\N	1	\N	6	2015-08-03 00:00:00.000	2015-08-03 13:02:47.093
4823	4S9323	1518	\N	6	\N	6	2015-08-03 00:00:00.000	2018-11-09 08:53:53.977
4824	1G9371	10029	\N	6	\N	6	2015-08-03 00:00:00.000	2015-08-03 13:07:04.010
4825	1R9721	7952	\N	6	\N	6	2015-08-03 00:00:00.000	2015-08-03 13:10:34.877
4826	1G9309	11592	\N	1	\N	6	2015-08-03 00:00:00.000	2015-08-03 13:12:30.533
4827	1G9380	10974	\N	6	\N	6	2015-08-03 00:00:00.000	2015-08-03 13:20:54.510
4828	4S9027	10171	\N	1	\N	6	2015-08-03 00:00:00.000	2015-08-03 13:22:24.910
4829	1S9964	9723	\N	1	\N	6	2015-08-03 13:32:01.270	2015-08-03 13:32:01.270
4830	1G9384	10533	\N	6	\N	6	2015-08-03 00:00:00.000	2015-08-03 13:38:22.830
4831	1P9545	10644	\N	6	\N	6	2015-08-03 00:00:00.000	2015-08-03 13:47:05.150
4832	1R9616	7027	\N	6	\N	6	2015-08-03 00:00:00.000	2015-08-03 13:49:12.870
4833	1G9474	12213	\N	6	\N	6	2015-08-03 00:00:00.000	2015-08-03 13:52:30.583
4834	4S9273	1452	\N	1	\N	6	2015-08-03 13:55:13.573	2015-08-03 13:55:13.573
4835	4S9219	13485	\N	6	\N	6	2015-08-03 00:00:00.000	2015-08-03 14:00:38.147
4836	1R9615	7027	\N	1	\N	6	2015-08-03 00:00:00.000	2015-08-03 14:02:17.520
4837	1P9471	9356	\N	1	\N	6	2015-08-03 00:00:00.000	2015-08-03 14:08:37.567
4838	1G9502	7187	\N	6	\N	6	2015-08-03 00:00:00.000	2015-08-03 14:09:45.270
4839	1B9462	1563	\N	6	\N	6	2015-08-03 00:00:00.000	2015-08-03 14:13:46.680
4840	1R9658	7749	\N	1	\N	6	2015-08-03 00:00:00.000	2015-08-03 14:25:56.950
4841	WGG	14706	\N	1	\N	6	2015-08-03 00:00:00.000	2023-01-31 13:26:39.263
4842	1R9775	7473	\N	1	\N	6	2015-08-03 00:00:00.000	2015-08-03 14:43:11.013
4843	2GR	13486	\N	6	\N	1	2015-08-03 00:00:00.000	2015-08-03 14:44:51.803
4844	1R9695	7465	\N	6	\N	6	2015-08-03 00:00:00.000	2015-08-03 14:56:17.020
4845	4S9138	7577	\N	1	\N	6	2015-08-03 00:00:00.000	2015-08-03 15:17:59.153
4846	5ZR	7033	\N	1	\N	6	2015-08-03 00:00:00.000	2015-08-03 15:01:41.110
4847	1P9854	2569	\N	6	\N	6	2015-08-03 00:00:00.000	2015-08-03 15:05:50.570
4848	1R9732	6254	\N	6	\N	6	2015-08-03 00:00:00.000	2015-08-03 15:10:29.187
4849	1M9728	13487	\N	1	\N	6	2015-08-03 00:00:00.000	2015-08-03 15:11:38.920
4850	4S9022	9783	\N	1	\N	6	2015-08-03 00:00:00.000	2015-08-03 15:18:26.597
4851	1M9852	11788	\N	6	\N	6	2015-08-03 00:00:00.000	2015-08-10 15:13:48.817
4852	4S9249	7105	\N	6	\N	6	2015-08-03 00:00:00.000	2015-08-03 15:22:29.660
4853	1M9911	7274	\N	6	\N	6	2015-08-03 00:00:00.000	2015-08-03 15:25:02.400
4854	4S9247	7851	\N	6	\N	6	2015-08-03 00:00:00.000	2015-08-03 15:28:18.443
4855	1M9927	6077	\N	6	\N	6	2015-08-03 00:00:00.000	2015-08-03 15:33:03.177
4856	1G9369	10030	\N	6	\N	6	2015-08-03 00:00:00.000	2015-08-03 15:33:47.777
4857	1R9676	6134	\N	6	\N	6	2015-08-03 00:00:00.000	2015-08-03 15:38:08.797
4858	1M9810	10520	\N	6	\N	6	2015-08-03 00:00:00.000	2015-08-03 15:42:14.233
4859	1G9419	6168	\N	6	\N	6	2015-08-03 00:00:00.000	2015-08-03 15:43:41.060
4860	1R9855	9074	\N	6	\N	6	2015-08-03 00:00:00.000	2015-08-03 15:50:54.070
4861	4B7	9488	\N	1	\N	6	2015-08-03 00:00:00.000	2015-08-03 15:51:28.687
4862	1M9820	13488	\N	6	\N	6	2015-08-03 00:00:00.000	2015-08-03 15:53:57.217
4863	5SL	8699	\N	6	\N	6	2015-08-03 00:00:00.000	2016-06-27 12:14:10.817
4864	1M9948	1497	\N	1	\N	6	2015-08-03 00:00:00.000	2015-08-03 16:06:49.010
4865	1S9716	8108	\N	6	\N	6	2015-08-03 16:08:23.283	2015-08-03 16:08:23.283
4866	1R9674	6126	\N	6	\N	6	2015-08-03 00:00:00.000	2015-08-03 16:08:46.543
4867	4S9001	10863	\N	1	\N	6	2015-08-03 00:00:00.000	2015-08-03 16:10:44.073
4868	1M9949	1497	\N	6	\N	6	2015-08-03 00:00:00.000	2015-08-03 16:12:50.557
4869	4S9129	11649	\N	6	\N	6	2015-08-03 00:00:00.000	2015-08-03 16:14:51.397
4870	1P9653	6885	\N	6	\N	6	2015-08-03 00:00:00.000	2015-08-03 16:15:51.800
4871	1M9848	13489	\N	6	\N	6	2015-08-03 00:00:00.000	2015-08-03 16:28:20.927
4872	1M9612	9153	\N	6	\N	6	2015-08-03 00:00:00.000	2015-08-03 16:37:03.920
4873	1CA	8772	\N	6	\N	6	2015-08-03 00:00:00.000	2017-06-06 09:58:51.483
4874	1C8	994	\N	7	\N	6	2015-08-03 00:00:00.000	2015-08-03 16:40:57.950
4875	2CA	995	\N	7	\N	1	2015-08-03 00:00:00.000	2015-08-03 16:42:32.033
4876	1M9780	10471	\N	6	\N	6	2015-08-03 00:00:00.000	2023-01-30 14:45:45.383
4877	2C8	995	\N	7	\N	1	2015-08-03 00:00:00.000	2015-08-03 16:41:57.247
4878	3CA	1002	\N	7	\N	12	2015-08-03 00:00:00.000	2015-08-03 16:43:16.760
4879	3C8	1002	\N	7	\N	12	2015-08-03 00:00:00.000	2015-08-03 16:43:31.237
4880	1M9899	7286	\N	6	\N	6	2015-08-03 00:00:00.000	2015-08-03 16:48:49.103
4881	1M9873	6894	\N	6	\N	6	2015-08-03 00:00:00.000	2015-08-03 16:55:30.757
4882	1R9660	6437	\N	6	\N	6	2015-08-04 00:00:00.000	2015-08-04 07:56:53.010
4883	1R9737	6771	\N	6	\N	6	2015-08-04 00:00:00.000	2015-08-04 07:57:54.053
4884	1R9622	9080	\N	6	\N	6	2015-08-04 00:00:00.000	2015-08-04 07:58:30.993
4885	1R9RSC	11607	\N	6	\N	6	2015-08-04 00:00:00.000	2015-08-04 07:59:28.730
4886	1R9667	6827	\N	6	\N	6	2015-08-04 00:00:00.000	2015-08-04 08:00:13.080
4887	1R9754	1632	\N	6	\N	6	2015-08-04 00:00:00.000	2015-08-04 08:01:16.680
4888	1R9571	9579	\N	3	\N	6	2015-08-04 00:00:00.000	2015-08-04 08:01:53.153
4889	1S9970	10683	\N	6	\N	6	2015-08-04 00:00:00.000	2015-08-04 08:52:29.293
4890	4S9270	7763	\N	6	\N	6	2015-08-04 00:00:00.000	2015-08-04 08:58:42.493
4891	1PM	6179	\N	6	\N	6	2015-08-04 00:00:00.000	2015-08-04 09:00:34.050
4892	1R9712	7935	\N	6	\N	6	2015-08-04 00:00:00.000	2015-08-04 09:03:51.357
4893	1R9596	9513	\N	6	\N	6	2015-08-04 00:00:00.000	2015-08-04 09:10:39.813
4894	1R9639	7580	\N	6	\N	6	2015-08-04 00:00:00.000	2015-08-04 09:15:47.023
4895	1R9688	6613	\N	1	\N	6	2015-08-04 00:00:00.000	2015-08-04 09:23:29.440
4896	1P9579	10027	\N	6	\N	6	2015-08-04 00:00:00.000	2015-08-04 09:31:29.627
4897	1R9692	12200	\N	6	\N	6	2015-08-04 00:00:00.000	2015-08-04 09:35:28.803
4898	4GJ	2622	\N	6	\N	6	2015-08-04 00:00:00.000	2015-08-04 09:44:37.940
4899	1R9567	9981	\N	6	\N	6	2015-08-04 00:00:00.000	2015-08-04 09:59:02.697
4900	598	6993	\N	6	\N	6	2015-08-04 00:00:00.000	2015-08-04 09:59:09.530
4901	1M9940	7158	\N	6	\N	6	2015-08-04 00:00:00.000	2021-05-14 09:04:58.207
4902	1M9895	1721	\N	6	\N	6	2015-08-04 00:00:00.000	2015-08-04 10:14:22.087
4903	1P9589	10227	\N	1	\N	6	2015-08-04 00:00:00.000	2015-08-04 10:14:23.693
4904	1M9801	5831	\N	6	\N	6	2015-08-04 00:00:00.000	2015-08-04 10:18:21.937
4905	1H9610	13490	\N	7	\N	6	2015-08-04 00:00:00.000	2015-08-04 10:22:03.970
4906	1M9932	6562	\N	1	\N	6	2015-08-04 00:00:00.000	2015-08-04 10:23:26.293
4907	1P9718	7356	\N	6	\N	6	2015-08-04 00:00:00.000	2015-08-04 10:25:33.527
4908	1S9402	13429	\N	6	\N	6	2015-08-04 10:25:43.323	2015-08-04 10:25:43.323
4909	4GN	8699	\N	6	\N	6	2015-08-04 00:00:00.000	2016-06-27 12:14:26.433
4910	1P9552	10684	\N	6	\N	6	2015-08-04 00:00:00.000	2015-08-04 10:37:21.720
4911	566	7500	\N	6	\N	6	2015-08-04 00:00:00.000	2019-08-26 14:56:12.453
4912	1R9606	11378	\N	6	\N	6	2015-08-04 00:00:00.000	2015-08-04 10:44:50.113
4913	1R9675	7529	\N	9	\N	6	2015-08-04 00:00:00.000	2015-08-04 10:46:04.523
4914	1R9664	7889	\N	6	\N	6	2015-08-04 00:00:00.000	2015-08-04 10:47:08.720
4915	521	6167	\N	6	\N	6	2015-08-04 00:00:00.000	2015-08-04 10:47:34.223
4916	1R9653	8491	\N	6	\N	6	2015-08-04 00:00:00.000	2015-08-04 10:48:13.957
4917	1R9783	7173	\N	9	\N	6	2015-08-04 00:00:00.000	2026-04-08 12:21:25.533
4918	1R9650	8941	\N	6	\N	6	2015-08-04 00:00:00.000	2015-08-04 10:50:30.160
4919	1R9672	7880	\N	6	\N	6	2015-08-04 00:00:00.000	2015-08-04 10:51:25.900
4920	1M9273	7118	\N	6	\N	6	2015-08-04 00:00:00.000	2015-08-04 10:51:49.673
4921	1R9542	9254	\N	6	\N	6	2015-08-04 00:00:00.000	2015-08-04 10:52:52.903
4922	1R9563	8468	\N	1	\N	6	2015-08-04 00:00:00.000	2015-08-04 10:53:27.330
4923	4S9079	11155	\N	6	\N	6	2015-08-04 10:54:03.493	2015-08-04 10:54:03.493
4924	1V9143	10926	\N	1	\N	6	2015-08-04 00:00:00.000	2015-08-04 10:54:10.340
4925	1R9575	11147	\N	6	\N	6	2015-08-04 00:00:00.000	2015-08-04 10:54:42.553
4926	1R9046	11033	\N	6	\N	6	2015-08-04 00:00:00.000	2015-08-04 10:55:18.980
4927	1R9733	6078	\N	6	\N	6	2015-08-04 00:00:00.000	2015-08-04 10:56:03.363
4928	1R9751	1651	\N	6	\N	6	2015-08-04 00:00:00.000	2015-08-04 10:58:14.870
4929	1R9742	12215	\N	6	\N	6	2015-08-04 00:00:00.000	2015-08-04 11:13:44.383
4930	4S9232	7709	\N	6	\N	6	2015-08-04 11:19:01.110	2015-08-04 11:19:01.110
4931	4S9012	9241	\N	6	\N	6	2015-08-04 00:00:00.000	2015-08-04 11:19:18.253
4932	1R9663	1462	\N	1	\N	6	2015-08-04 00:00:00.000	2015-08-04 11:19:42.763
4933	4S9267	7752	\N	6	\N	6	2015-08-04 00:00:00.000	2015-08-04 11:25:36.977
4934	5XE	1325	\N	9	\N	6	2015-08-04 00:00:00.000	2020-02-24 15:21:48.303
4935	4S9296	6080	\N	6	\N	6	2015-08-04 00:00:00.000	2024-09-12 07:37:11.363
4936	1B2	994	\N	10	\N	6	2015-08-04 00:00:00.000	2015-08-04 11:34:30.043
4937	1B8	994	\N	7	\N	6	2015-08-04 00:00:00.000	2015-08-04 11:34:54.240
4938	1C2	994	\N	10	\N	6	2015-08-04 00:00:00.000	2015-08-04 11:35:18.140
4939	4S9028	10715	\N	6	\N	6	2015-08-04 11:35:27.390	2015-08-04 11:35:27.390
4940	1D5	994	\N	5	\N	6	2015-08-04 00:00:00.000	2015-08-04 11:35:48.000
4941	2B2	995	\N	10	\N	1	2015-08-04 00:00:00.000	2015-08-04 11:38:12.953
4942	2B8	995	\N	7	\N	1	2015-08-04 00:00:00.000	2015-08-04 11:38:29.943
4943	2D2	995	\N	10	\N	1	2015-08-04 00:00:00.000	2015-08-04 11:38:52.687
4944	5U0	10228	\N	6	\N	6	2015-08-04 00:00:00.000	2015-08-04 11:39:19.707
4945	2D3	995	\N	3	\N	1	2015-08-04 00:00:00.000	2015-08-04 11:39:24.463
4946	2D5	995	\N	5	\N	1	2015-08-04 00:00:00.000	2015-08-04 11:39:52.683
4947	2D6	995	\N	10	\N	1	2015-08-04 00:00:00.000	2015-08-04 11:44:28.760
4948	2D7	995	\N	3	\N	1	2015-08-04 00:00:00.000	2015-08-04 11:44:45.950
4949	2D8	995	\N	7	\N	1	2015-08-04 00:00:00.000	2015-08-04 11:45:07.103
4950	3B2	1002	\N	10	\N	12	2015-08-04 00:00:00.000	2015-08-04 11:45:31.423
4951	1R9785	6803	\N	1	\N	6	2015-08-04 00:00:00.000	2015-08-04 11:46:28.270
4952	3B8	1002	\N	7	\N	12	2015-08-04 00:00:00.000	2015-08-04 11:48:40.513
4953	1R9718	7279	\N	1	\N	6	2015-08-04 00:00:00.000	2015-08-04 11:48:54.020
4954	3C2	1002	\N	10	\N	12	2015-08-04 00:00:00.000	2015-08-04 11:49:24.643
4955	3D2	1002	\N	10	\N	12	2015-08-04 00:00:00.000	2015-08-04 11:49:53.677
4956	3D3	1002	\N	3	\N	12	2015-08-04 00:00:00.000	2015-08-04 11:50:25.187
4957	3D5	1002	\N	5	\N	12	2015-08-04 00:00:00.000	2015-08-04 11:50:45.280
4958	3D8	1002	\N	7	\N	12	2015-08-04 00:00:00.000	2015-08-04 11:51:04.390
4959	1P9737	7819	\N	6	\N	6	2015-08-04 00:00:00.000	2015-08-04 11:51:54.530
4960	1R9717	7958	\N	6	\N	6	2015-08-04 00:00:00.000	2015-08-04 11:52:52.217
4961	4S9106	9302	\N	6	\N	6	2015-08-04 00:00:00.000	2015-08-04 11:53:51.327
4962	4S9276	7284	\N	6	\N	6	2015-08-04 11:56:40.977	2015-08-04 11:56:40.977
4963	1G9478	1496	\N	6	\N	6	2015-08-04 00:00:00.000	2015-08-04 12:00:29.360
4964	1R9719	7281	\N	6	\N	6	2015-08-04 00:00:00.000	2015-08-04 12:04:03.957
4965	1P9725	7666	\N	6	\N	6	2015-08-04 00:00:00.000	2015-08-04 12:10:20.743
4966	1M9919	7963	\N	6	\N	6	2015-08-04 12:11:06.560	2015-08-04 12:11:06.560
4967	4S9005	10722	\N	6	\N	6	2015-08-04 00:00:00.000	2015-08-04 12:11:59.210
4968	1G9395	9366	\N	6	\N	6	2015-08-04 00:00:00.000	2015-08-04 12:15:44.070
4969	4S9260	7899	\N	6	\N	6	2015-08-04 12:19:09.100	2015-08-04 12:19:09.100
4970	1G9458	6079	\N	6	\N	6	2015-08-04 00:00:00.000	2015-08-04 12:20:27.037
4971	1G9448	7898	\N	6	\N	6	2015-08-04 00:00:00.000	2015-08-04 12:27:39.703
4972	1P9585	11355	\N	1	\N	6	2015-08-04 00:00:00.000	2021-05-24 12:48:11.647
4973	1R9720	7280	\N	9	\N	6	2015-08-04 00:00:00.000	2018-06-12 11:01:25.657
4974	1P9562	10871	\N	6	\N	6	2015-08-04 00:00:00.000	2015-08-04 12:42:37.767
4975	1P9646	11903	\N	6	\N	6	2015-08-04 00:00:00.000	2015-08-04 13:00:29.927
4976	1P9602	10930	\N	6	\N	6	2015-08-04 00:00:00.000	2015-08-04 13:20:44.060
4977	1R9390	8632	\N	1	\N	6	2015-08-04 00:00:00.000	2015-08-04 13:30:07.737
4978	1P9555	9278	\N	1	\N	6	2015-08-04 00:00:00.000	2015-08-04 13:32:34.440
4979	2L9110	6110	\N	6	\N	1	2015-08-04 00:00:00.000	2025-10-24 12:25:32.647
4980	1R9564	10672	\N	6	\N	6	2015-08-04 00:00:00.000	2015-08-04 13:37:00.107
4981	1H9118	11800	\N	6	\N	6	2015-08-04 00:00:00.000	2018-03-05 14:40:43.697
4982	4S9051	11614	\N	6	\N	6	2015-08-04 00:00:00.000	2015-08-04 13:49:03.590
4983	1R9578	13410	\N	6	\N	6	2015-08-04 00:00:00.000	2015-08-04 13:51:36.813
4984	1P9534	1401	\N	6	\N	6	2015-08-04 00:00:00.000	2015-08-04 13:58:41.913
4986	4S9097	9452	\N	6	\N	6	2015-08-04 00:00:00.000	2015-08-04 14:05:02.553
4987	1R9602	11390	\N	6	\N	6	2015-08-04 00:00:00.000	2015-08-04 14:10:14.570
4988	1S9928	9777	\N	6	\N	6	2015-08-04 00:00:00.000	2015-08-04 14:12:01.523
4989	1R9626	10316	\N	6	\N	6	2015-08-04 00:00:00.000	2015-08-04 14:18:42.850
4990	4S9147	8946	\N	6	\N	6	2015-08-04 00:00:00.000	2015-08-04 14:20:46.823
4991	1P9664	12198	\N	6	\N	6	2015-08-04 00:00:00.000	2015-08-04 14:21:14.810
4992	1R9776	7611	\N	6	\N	6	2015-08-04 00:00:00.000	2015-08-04 14:22:45.947
4993	4S9348	6585	\N	6	\N	6	2015-08-04 00:00:00.000	2015-08-04 14:25:40.400
4994	1S9786	3335	\N	6	\N	6	2015-08-04 14:30:41.187	2015-08-04 14:30:41.187
4995	1R9631	10515	\N	6	\N	6	2015-08-04 00:00:00.000	2015-08-04 14:31:58.920
4996	1P9649	6916	\N	6	\N	6	2015-08-04 00:00:00.000	2015-08-04 14:32:08.123
4997	52W	12183	\N	6	\N	6	2015-08-04 00:00:00.000	2015-08-04 14:40:15.873
4998	1P9343	8027	\N	6	\N	6	2015-08-04 00:00:00.000	2015-08-04 14:45:55.423
4999	1S9875	10417	\N	1	\N	6	2015-08-04 14:45:57.577	2015-08-04 14:45:57.577
5000	1R9597	19235	\N	1	\N	6	2015-08-04 00:00:00.000	2019-06-07 10:33:38.780
5001	4S9211	7225	\N	6	\N	6	2015-08-04 14:59:19.373	2015-08-04 14:59:19.373
5002	4S9078	11153	\N	1	\N	6	2015-08-04 15:10:52.670	2015-08-04 15:10:52.670
5003	1S9931	9945	\N	1	\N	6	2015-08-04 00:00:00.000	2015-08-04 15:17:44.680
5004	1P9651	6722	\N	6	\N	6	2015-08-04 00:00:00.000	2015-08-04 15:22:16.980
5005	1S9918	11095	\N	1	\N	6	2015-08-04 00:00:00.000	2020-01-13 11:21:33.437
5006	1S9616	3865	\N	6	\N	6	2015-08-04 00:00:00.000	2015-08-04 15:28:33.207
5007	1P9683	11930	\N	6	\N	6	2015-08-04 00:00:00.000	2015-08-04 15:35:01.100
5008	4C9235	1217	\N	6	\N	6	2015-08-04 00:00:00.000	2015-08-04 15:38:46.287
5009	4S9190	1686	\N	1	\N	6	2015-08-04 15:39:09.030	2015-08-04 15:39:09.030
5010	1P9642	6407	\N	6	\N	6	2015-08-04 00:00:00.000	2015-08-04 15:46:16.160
5011	4S9038	9847	\N	6	\N	6	2015-08-04 00:00:00.000	2020-02-05 14:47:50.730
5012	4S9052	10702	\N	6	\N	6	2015-08-04 15:51:34.650	2015-08-04 15:51:34.650
5013	1P9570	10267	\N	6	\N	6	2015-08-04 00:00:00.000	2015-08-04 15:55:09.883
5014	1J9367	9553	\N	6	\N	6	2015-08-04 00:00:00.000	2015-08-04 15:56:08.213
5015	1S9430	12162	\N	6	\N	6	2015-08-04 00:00:00.000	2015-08-04 15:56:58.757
5016	1P9630	1590	\N	6	\N	6	2015-08-04 00:00:00.000	2015-08-04 16:03:09.287
5017	3S9078	6321	\N	6	\N	12	2015-08-04 00:00:00.000	2015-08-04 16:03:10.053
5018	4S9113	11768	\N	6	\N	6	2015-08-04 00:00:00.000	2015-08-04 16:11:20.220
5019	4S9277	11940	\N	1	\N	6	2015-08-04 16:16:40.053	2015-08-04 16:16:40.053
5020	4S9071	10217	\N	1	\N	6	2015-08-04 00:00:00.000	2015-08-04 16:16:48.103
5021	1P9437	8030	\N	1	\N	6	2015-08-04 00:00:00.000	2015-08-04 16:22:21.630
5022	1W9472	8498	\N	6	\N	6	2015-08-04 16:29:49.913	2015-08-04 16:29:49.913
5023	4S9353	7491	\N	1	\N	6	2015-08-04 00:00:00.000	2015-08-04 16:29:55.403
5024	1P9554	9693	\N	6	\N	6	2015-08-04 00:00:00.000	2015-08-04 16:35:40.900
5025	45L	10944	\N	6	\N	6	2015-08-04 16:38:33.247	2015-08-04 16:38:33.247
5026	1P9705	12113	\N	6	\N	6	2015-08-04 00:00:00.000	2015-08-04 16:43:14.267
5027	4S9126	10560	\N	1	\N	6	2015-08-04 00:00:00.000	2015-08-04 16:43:56.527
5028	4S9327	7822	\N	6	\N	6	2015-08-04 16:53:20.903	2015-08-04 16:53:20.903
5029	4S9366	15922	\N	6	\N	6	2015-08-04 00:00:00.000	2023-09-26 12:27:05.177
5030	1S9766	5878	\N	6	\N	6	2015-08-04 17:27:17.300	2015-08-04 17:27:17.300
5031	5JN	9287	\N	6	\N	6	2015-08-05 00:00:00.000	2015-08-05 06:41:23.293
5032	1J9420	12131	\N	6	\N	6	2015-08-05 00:00:00.000	2015-08-05 06:53:38.633
5033	1J9412	7934	\N	6	\N	6	2015-08-05 00:00:00.000	2015-08-05 07:06:18.043
5034	1J9342	8661	\N	9	\N	6	2015-08-05 00:00:00.000	2015-08-05 07:24:23.337
5035	4S9342	7359	\N	6	\N	6	2015-08-05 00:00:00.000	2015-08-05 07:59:38.997
5036	1P9588	8446	\N	1	\N	6	2015-08-05 00:00:00.000	2015-08-05 08:04:38.737
5037	1S9901	11131	\N	1	\N	6	2015-08-05 00:00:00.000	2015-08-05 08:06:29.777
5038	4S9298	7651	\N	6	\N	6	2015-08-05 00:00:00.000	2015-08-05 08:13:55.080
5039	LX6	7576	\N	1	\N	8	2015-08-05 00:00:00.000	2015-08-05 08:16:05.387
5040	1R9446	3896	\N	6	\N	6	2015-08-05 00:00:00.000	2015-08-05 08:19:43.163
5041	1R9669	7060	\N	1	\N	6	2015-08-05 00:00:00.000	2015-08-05 08:20:18.077
5042	1P9538	10633	\N	1	\N	6	2015-08-05 00:00:00.000	2015-08-05 08:21:08.167
5043	1R9700	7124	\N	6	\N	6	2015-08-05 00:00:00.000	2015-08-05 08:22:50.690
5044	1R9655	8481	\N	6	\N	6	2015-08-05 00:00:00.000	2015-08-05 08:23:43.590
5045	4S9061	10783	\N	1	\N	6	2015-08-05 00:00:00.000	2015-08-05 08:25:01.997
5046	1R9587	11605	\N	6	\N	6	2015-08-05 00:00:00.000	2015-08-05 08:27:34.597
5047	1R9701	7087	\N	6	\N	6	2015-08-05 00:00:00.000	2015-08-05 08:28:19.773
5048	1R9685	7229	\N	6	\N	6	2015-08-05 00:00:00.000	2015-08-05 08:29:08.150
5049	5MU	2544	\N	6	\N	6	2015-08-05 00:00:00.000	2015-08-05 08:29:50.473
5050	5KZ	3883	\N	6	\N	6	2015-08-05 00:00:00.000	2015-08-05 08:30:18.943
5052	4S9165	7742	\N	6	\N	6	2015-08-05 00:00:00.000	2015-08-05 08:34:56.217
5053	4S9014	9781	\N	1	\N	6	2015-08-05 00:00:00.000	2015-08-05 08:37:37.193
5054	1P9743	7136	\N	6	\N	6	2015-08-05 00:00:00.000	2015-08-05 08:38:15.180
5055	4S9311	12219	\N	6	\N	6	2015-08-05 00:00:00.000	2015-08-05 08:48:29.040
5056	4S9297	7648	\N	6	\N	6	2015-08-05 00:00:00.000	2015-08-05 08:48:39.383
5057	4S9338	7523	\N	6	\N	6	2015-08-05 00:00:00.000	2015-08-05 08:51:33.027
5058	4S9337	1662	\N	6	\N	6	2015-08-05 00:00:00.000	2015-08-05 08:54:04.940
5059	1P9619	9109	\N	6	\N	6	2015-08-05 00:00:00.000	2015-08-05 08:57:51.313
5060	4S9108	11755	\N	6	\N	6	2015-08-05 00:00:00.000	2015-08-05 08:59:16.830
5061	4S9135	12060	\N	5	\N	6	2015-08-05 00:00:00.000	2015-08-05 09:01:33.237
5062	4S9149	12385	\N	1	\N	6	2015-08-05 00:00:00.000	2015-08-05 09:07:54.627
5063	5Z0	6467	\N	6	\N	6	2015-08-05 00:00:00.000	2015-08-05 09:11:33.513
5064	1P9629	7699	\N	6	\N	6	2015-08-05 00:00:00.000	2015-08-05 09:15:57.260
5065	4S9315	13491	\N	6	\N	6	2015-08-05 00:00:00.000	2015-08-05 09:20:08.250
5066	1P9673	7078	\N	6	\N	6	2015-08-05 00:00:00.000	2015-08-05 09:25:05.650
5067	4S9188	12163	\N	6	\N	6	2015-08-05 00:00:00.000	2015-08-05 09:26:35.333
5068	4S9042	9071	\N	1	\N	6	2015-08-05 00:00:00.000	2015-08-05 09:31:12.640
5069	1P9591	7790	\N	6	\N	6	2015-08-05 00:00:00.000	2015-08-05 09:34:35.330
5070	4S9072	8443	\N	6	\N	6	2015-08-05 00:00:00.000	2015-08-05 09:38:27.990
5071	1S9999	8644	\N	6	\N	6	2015-08-05 00:00:00.000	2015-08-05 09:44:04.437
5072	4S9167	7585	\N	6	\N	6	2015-08-05 00:00:00.000	2015-08-05 09:50:15.123
5073	1P9617	7563	\N	6	\N	6	2015-08-05 00:00:00.000	2015-08-05 09:54:08.623
5074	4S9324	6041	\N	6	\N	6	2015-08-05 00:00:00.000	2015-08-05 09:56:39.477
5075	1P9652	13492	\N	6	\N	6	2015-08-05 00:00:00.000	2015-08-05 10:05:08.710
5076	4M8	10400	\N	6	\N	6	2015-08-05 00:00:00.000	2015-08-05 10:08:04.100
5077	L82	13493	\N	1	\N	8	2015-08-05 00:00:00.000	2015-08-05 10:09:41.460
5078	1P9655	1555	\N	6	\N	6	2015-08-05 00:00:00.000	2015-08-05 10:11:49.833
5079	1P9733	15701	\N	6	\N	6	2015-08-05 00:00:00.000	2020-11-30 12:19:59.527
5080	1P9558	13494	\N	1	\N	6	2015-08-05 00:00:00.000	2015-08-05 10:31:07.183
5081	1P9692	6538	\N	1	\N	6	2015-08-05 00:00:00.000	2015-08-05 10:39:42.920
5082	4S9218	1573	\N	6	\N	6	2015-08-05 00:00:00.000	2015-08-05 10:41:58.047
5083	4S9119	13495	\N	6	\N	6	2015-08-05 00:00:00.000	2015-08-05 10:46:56.570
5084	4S9023	9763	\N	6	\N	6	2015-08-05 00:00:00.000	2015-08-05 10:49:32.053
5085	1P9556	8647	\N	6	\N	6	2015-08-05 00:00:00.000	2015-08-05 10:50:00.213
5086	4S9263	7945	\N	7	\N	6	2015-08-05 00:00:00.000	2015-08-05 10:52:58.350
5087	4S9091	8859	\N	6	\N	6	2015-08-05 00:00:00.000	2015-08-05 10:55:47.437
5088	1P9601	11563	\N	6	\N	6	2015-08-05 00:00:00.000	2015-08-05 11:04:35.857
5089	1P9714	6033	\N	6	\N	6	2015-08-05 00:00:00.000	2015-08-05 11:12:34.047
5090	535	6376	\N	6	\N	6	2015-08-05 00:00:00.000	2015-08-05 11:18:29.540
5091	1P9611	8529	\N	6	\N	6	2015-08-05 00:00:00.000	2015-08-05 11:21:37.503
5092	4S9291	11959	\N	6	\N	6	2015-08-05 00:00:00.000	2015-08-05 11:26:37.663
5093	L2B	8876	\N	1	\N	8	2015-08-05 00:00:00.000	2017-02-10 14:34:00.667
5094	3P9026	14211	\N	6	\N	12	2015-08-05 00:00:00.000	2020-06-09 13:05:25.533
5095	4W8	13496	\N	6	\N	6	2015-08-05 00:00:00.000	2015-08-05 11:49:58.763
5096	3P9033	14286	\N	6	\N	12	2015-08-05 00:00:00.000	2020-06-09 15:24:05.203
5097	1S9867	10047	\N	1	\N	6	2015-08-05 00:00:00.000	2016-03-09 15:32:24.050
5098	1P9632	12043	\N	6	\N	6	2015-08-05 00:00:00.000	2015-08-05 12:09:55.740
5099	4S9065	11789	\N	6	\N	6	2015-08-05 00:00:00.000	2015-08-05 12:12:00.367
5100	RFG	9850	\N	1	\N	4	2015-01-01 00:00:00.000	2019-09-17 15:40:25.927
5101	4S9239	7077	\N	6	\N	6	2015-08-05 00:00:00.000	2015-08-05 12:24:04.410
5102	1P9691	11964	\N	6	\N	6	2015-08-05 00:00:00.000	2015-08-05 12:24:58.467
5103	1R9591	9511	\N	1	\N	\N	2015-08-05 00:00:00.000	2016-06-30 17:28:38.620
5104	1R9696	7844	\N	6	\N	6	2015-08-05 00:00:00.000	2015-08-05 12:37:15.613
5105	L4F	10566	\N	9	\N	8	2015-08-05 00:00:00.000	2015-08-05 12:45:08.873
5106	1P9572	10458	\N	6	\N	6	2015-08-05 00:00:00.000	2015-08-05 12:49:13.073
5107	4S9261	7115	\N	1	\N	6	2015-08-05 00:00:00.000	2015-08-05 12:51:45.767
5108	1R9741	12127	\N	6	\N	6	2015-08-05 00:00:00.000	2015-08-05 12:52:29.683
5109	9UH	9290	\N	1	\N	51	2015-08-05 00:00:00.000	2015-08-05 12:59:11.227
5110	4S9030	10786	\N	1	\N	6	2015-08-05 00:00:00.000	2015-08-05 12:59:37.823
5111	1P9592	6583	\N	6	\N	6	2015-08-05 00:00:00.000	2015-08-05 13:00:39.273
5112	1P9661	12196	\N	6	\N	6	2015-08-05 00:00:00.000	2015-08-05 13:15:48.067
5113	5UH	1604	\N	9	\N	6	2015-08-05 00:00:00.000	2015-08-05 13:29:50.720
5114	1R9707	7901	\N	6	\N	6	2015-08-05 00:00:00.000	2015-08-05 13:46:02.600
5115	4S9SPB	5846	\N	6	\N	6	2015-08-05 00:00:00.000	2015-08-05 13:51:07.877
5116	1P9301	8099	\N	6	\N	6	2015-08-05 00:00:00.000	2015-08-05 13:51:26.397
5117	1R9659	12028	\N	1	\N	6	2015-08-05 00:00:00.000	2015-08-05 13:58:10.793
5118	4S9062	10782	\N	1	\N	6	2015-08-05 00:00:00.000	2015-08-05 14:02:25.107
5119	1R9749	6103	\N	6	\N	6	2015-08-05 00:00:00.000	2015-08-05 14:04:12.450
5120	1R9644	1607	\N	6	\N	6	2015-08-05 00:00:00.000	2015-08-05 14:10:57.740
5121	5WH	9308	\N	6	\N	6	2015-08-05 00:00:00.000	2015-08-05 14:18:34.477
5122	1R9510	5863	\N	1	\N	6	2015-08-05 00:00:00.000	2015-08-05 14:21:12.927
5123	4S9317	6114	\N	6	\N	6	2015-08-05 00:00:00.000	2015-08-05 14:24:44.213
5124	1R9599	8469	\N	1	\N	6	2015-08-05 00:00:00.000	2015-08-05 14:30:49.533
5125	4S9243	7100	\N	6	\N	6	2015-08-05 00:00:00.000	2015-08-05 14:37:49.720
5126	1R9588	11796	\N	6	\N	6	2015-08-05 00:00:00.000	2015-08-05 14:38:25.693
5127	1R9744	12257	\N	6	\N	6	2015-08-05 00:00:00.000	2015-08-05 14:42:27.027
5128	5UR	2407	\N	6	\N	6	2015-08-05 00:00:00.000	2015-08-05 14:56:23.267
5129	4S9046	8464	\N	6	\N	6	2015-08-05 00:00:00.000	2015-08-05 15:04:44.120
5130	1T9925	9075	\N	6	\N	6	2015-08-05 00:00:00.000	2015-08-05 15:18:23.950
5131	1T9883	10695	\N	1	\N	6	2015-08-05 00:00:00.000	2015-08-05 15:24:53.980
5132	4S9081	9556	\N	1	\N	6	2015-08-05 00:00:00.000	2015-08-05 15:28:01.977
5133	4S9169	6435	\N	6	\N	6	2015-08-05 00:00:00.000	2025-09-16 11:58:48.400
5134	1T9939	5843	\N	6	\N	6	2015-08-05 00:00:00.000	2015-08-05 15:38:33.967
5135	4S9240	4728	\N	6	\N	6	2015-08-05 00:00:00.000	2015-08-05 15:46:01.453
5136	1G9480	1503	\N	6	\N	6	2015-08-06 00:00:00.000	2015-08-06 01:50:57.613
5137	1G9487	6051	\N	6	\N	6	2015-08-06 00:00:00.000	2015-08-06 01:58:01.123
5138	1G9470	6493	\N	6	\N	6	2015-08-06 00:00:00.000	2015-08-06 02:09:03.657
5139	1G9336	5872	\N	6	\N	6	2015-08-06 00:00:00.000	2015-08-06 02:20:42.103
5140	4S9162	6237	\N	1	\N	6	2015-08-06 00:00:00.000	2015-08-06 02:39:54.383
5141	3S9092	7512	\N	6	\N	6	2015-08-06 00:00:00.000	2015-08-06 02:48:47.747
5142	3T9138	14547	\N	6	\N	12	2015-08-06 00:00:00.000	2020-06-11 11:38:25.480
5143	1T9984	6228	\N	6	\N	6	2015-08-06 00:00:00.000	2015-08-06 09:01:25.800
5144	1T9921	8858	\N	6	\N	6	2015-08-06 00:00:00.000	2015-08-06 09:13:30.657
5145	4T9084	7302	\N	6	\N	6	2015-08-06 00:00:00.000	2015-08-06 09:19:18.677
5146	1R9668	7042	\N	6	\N	6	2015-08-06 00:00:00.000	2015-08-06 09:20:38.597
5147	1R9568	9533	\N	1	\N	6	2015-08-06 00:00:00.000	2015-08-06 09:21:30.950
5148	1R9715	7275	\N	6	\N	6	2015-08-06 00:00:00.000	2015-08-06 09:22:10.697
5149	1R9595	11333	\N	2	\N	6	2015-08-06 00:00:00.000	2015-08-06 09:24:00.227
5150	4T9009	11875	\N	6	\N	6	2015-08-06 00:00:00.000	2015-08-06 09:24:28.850
5151	1R9693	6923	\N	6	\N	6	2015-08-06 00:00:00.000	2015-08-06 09:27:36.787
5152	1R9747	6548	\N	6	\N	6	2015-08-06 00:00:00.000	2015-08-06 09:28:21.697
5153	1R9726	7288	\N	6	\N	6	2015-08-06 00:00:00.000	2015-08-06 09:28:52.837
5154	1R9638	1670	\N	1	\N	6	2015-08-06 00:00:00.000	2015-08-06 09:30:22.130
5155	1R9716	7266	\N	6	\N	6	2015-08-06 00:00:00.000	2015-08-06 09:31:08.320
5156	1R9296	1515	\N	6	\N	6	2015-08-06 00:00:00.000	2015-08-06 09:33:06.570
5157	1T9971	7032	\N	6	\N	6	2015-08-06 00:00:00.000	2015-08-06 09:33:32.043
5158	1R9702	7098	\N	6	\N	6	2015-08-06 00:00:00.000	2015-08-06 09:33:45.693
5159	1R9698	1694	\N	6	\N	6	2015-08-06 00:00:00.000	2015-08-06 09:35:41.930
5160	1T9852	9963	\N	6	\N	6	2015-08-06 00:00:00.000	2015-08-06 09:38:51.067
5161	1T9895	11347	\N	6	\N	6	2015-08-06 00:00:00.000	2015-08-06 09:43:17.513
5162	1S9976	9431	\N	3	\N	6	2015-08-06 00:00:00.000	2015-08-06 09:54:55.007
5163	2P9004	7145	\N	6	\N	1	2015-08-06 00:00:00.000	2015-08-06 10:08:00.233
5164	4S9152	9310	\N	1	\N	6	2015-08-06 00:00:00.000	2015-08-06 10:11:56.887
5165	RKZ	10063	\N	1	\N	4	2015-08-06 00:00:00.000	2017-03-20 13:52:02.417
5166	4S9221	7448	\N	6	\N	6	2015-08-06 00:00:00.000	2015-08-06 10:20:21.703
5167	1S9724	4301	\N	6	\N	6	2015-08-06 00:00:00.000	2015-08-06 10:25:53.140
5168	LTD	3625	\N	1	\N	8	2015-08-06 00:00:00.000	2015-08-06 10:31:37.747
5169	4S9244	7239	\N	6	\N	6	2015-08-06 00:00:00.000	2015-08-06 10:35:04.663
5170	1T9902	1601	\N	1	\N	6	2015-08-06 10:37:23.553	2015-08-06 10:37:23.553
5171	1SE	10600	\N	6	\N	6	2015-08-06 00:00:00.000	2015-08-06 10:39:28.897
5172	1SV	10600	\N	6	\N	6	2015-08-06 00:00:00.000	2015-08-06 10:39:54.483
5173	4S9128	11425	\N	6	\N	6	2015-08-06 00:00:00.000	2015-08-06 10:43:55.987
5175	LT4	10441	\N	1	\N	8	2015-08-06 00:00:00.000	2017-07-17 15:27:35.460
5176	2A2	995	\N	10	\N	1	2015-08-06 00:00:00.000	2015-08-06 10:58:35.563
5177	2A3	995	\N	2	\N	1	2015-08-06 00:00:00.000	2019-03-28 11:44:04.440
5178	2A6	995	\N	10	\N	1	2015-08-06 00:00:00.000	2015-08-06 10:59:39.443
5179	2A7	995	\N	3	\N	1	2015-08-06 00:00:00.000	2015-08-06 10:59:58.693
5180	2A8	995	\N	7	\N	1	2015-08-06 00:00:00.000	2015-08-06 11:00:16.853
5181	1T9982	9376	\N	6	\N	6	2015-08-06 11:06:07.963	2015-08-06 11:06:07.963
5190	3T9208	11947	\N	6	\N	12	2015-08-06 11:22:36.647	2015-08-06 11:22:36.647
5192	1T9540	3629	\N	6	\N	6	2015-08-06 00:00:00.000	2015-08-06 11:27:27.307
5196	3T9014	6066	\N	6	\N	12	2015-08-06 00:00:00.000	2015-08-06 11:34:29.067
5197	3A2	1002	\N	10	\N	12	2015-08-06 00:00:00.000	2015-08-06 11:39:28.230
5198	3A3	1002	\N	3	\N	12	2015-08-06 00:00:00.000	2015-08-06 11:39:48.090
5199	3A6	1002	\N	10	\N	12	2015-08-06 00:00:00.000	2015-08-06 11:40:08.180
5200	3A7	1002	\N	3	\N	12	2015-08-06 00:00:00.000	2015-08-06 11:40:26.853
5201	3A8	1002	\N	7	\N	12	2015-08-06 00:00:00.000	2015-08-06 11:40:47.947
5202	3T9021	11589	\N	6	\N	12	2015-08-06 00:00:00.000	2015-08-06 11:49:04.043
5203	1R9556	9257	\N	6	\N	6	2015-08-06 00:00:00.000	2015-08-06 11:51:09.437
5204	1R9723	1446	\N	6	\N	6	2015-08-06 00:00:00.000	2015-08-06 12:02:21.033
5205	4T9043	6631	\N	1	\N	6	2015-08-06 00:00:00.000	2015-08-06 12:03:03.747
5206	3T9054	14340	\N	6	\N	12	2015-08-06 00:00:00.000	2023-02-01 08:23:54.190
5207	1R9729	11948	\N	6	\N	6	2015-08-06 00:00:00.000	2015-08-06 12:19:48.513
5208	4T9027	6633	\N	6	\N	6	2015-08-06 00:00:00.000	2018-01-23 15:37:47.397
5209	1R9757	1636	\N	6	\N	6	2015-08-06 00:00:00.000	2015-08-06 12:26:18.793
5210	1T9893	11826	\N	6	\N	6	2015-08-06 12:27:25.077	2015-08-06 12:27:25.077
5211	1T9938	10308	\N	6	\N	6	2015-08-06 00:00:00.000	2015-08-06 12:31:26.380
5212	1R9764	1526	\N	6	\N	6	2015-08-06 00:00:00.000	2015-08-06 12:34:24.343
5213	1T9956	8542	\N	6	\N	6	2015-08-06 00:00:00.000	2015-08-06 12:37:24.150
5214	4T9046	7251	\N	6	\N	6	2015-08-06 12:39:29.527	2015-08-06 12:39:29.527
5215	1T9955	11214	\N	6	\N	6	2015-08-06 00:00:00.000	2015-08-06 12:42:00.753
5216	L4T	6689	\N	1	\N	6	2015-08-06 00:00:00.000	2015-08-06 12:50:56.177
5217	1R9743	1533	\N	6	\N	6	2015-08-06 00:00:00.000	2015-08-06 12:52:18.250
5218	KNJ	2350	\N	2	\N	15	2015-08-06 00:00:00.000	2016-03-08 15:24:57.373
5219	5BE	11785	\N	6	\N	6	2015-08-06 12:56:46.400	2015-08-06 12:56:46.400
5220	4S9200	12178	\N	6	\N	6	2015-08-06 00:00:00.000	2015-08-06 12:57:28.580
5221	4T9121	6349	\N	6	\N	6	2015-08-06 00:00:00.000	2015-08-06 13:09:28.413
5222	5VM	11648	\N	6	\N	6	2015-08-06 00:00:00.000	2015-08-06 13:10:19.237
5223	5J1	13155	\N	1	\N	6	2015-08-06 00:00:00.000	2015-08-06 13:13:14.473
5224	3T9026	6319	\N	6	\N	12	2015-08-06 00:00:00.000	2015-08-06 13:17:03.030
5225	3T9081	14214	\N	6	\N	12	2015-08-06 00:00:00.000	2020-06-09 13:45:40.337
5226	4S9067	11615	\N	6	\N	6	2015-08-06 00:00:00.000	2015-08-06 13:28:40.350
5227	1TK	13498	\N	6	\N	6	2015-08-06 13:34:18.013	2015-08-06 13:34:18.013
5228	1R9651	9126	\N	6	\N	6	2015-08-06 00:00:00.000	2015-08-06 13:34:32.927
5229	1R9779	6745	\N	6	\N	6	2015-08-06 00:00:00.000	2015-08-06 13:35:04.190
5230	1R9687	6427	\N	6	\N	6	2015-08-06 00:00:00.000	2015-08-06 13:35:58.650
5231	1R9699	1704	\N	1	\N	6	2015-08-06 00:00:00.000	2015-08-06 13:38:55.960
5232	1R9648	1591	\N	1	\N	6	2015-08-06 00:00:00.000	2015-08-06 13:39:47.830
5233	1R9569	10223	\N	6	\N	6	2015-08-06 00:00:00.000	2015-08-06 13:40:29.230
5234	4S9214	1566	\N	6	\N	6	2015-08-06 00:00:00.000	2015-08-06 13:40:34.003
5235	1R9646	7727	\N	6	\N	6	2015-08-06 00:00:00.000	2015-08-06 13:41:13.490
5236	1R9624	10313	\N	6	\N	6	2015-08-06 00:00:00.000	2015-08-06 13:41:43.767
5237	3MA	979	\N	2	\N	12	2015-08-06 00:00:00.000	2015-08-06 13:49:14.890
5238	4S9055	8438	\N	1	\N	6	2015-08-06 00:00:00.000	2015-08-06 13:52:56.927
5239	3T9206	14210	\N	6	\N	12	2015-08-06 00:00:00.000	2019-01-29 09:24:56.087
5240	4C9220	11878	\N	6	\N	6	2015-08-06 00:00:00.000	2015-08-06 14:08:02.663
5241	3TK	13498	\N	6	\N	12	2015-08-06 14:09:13.377	2015-08-06 14:09:13.377
5242	4T9002	6662	\N	6	\N	6	2015-08-06 00:00:00.000	2015-08-06 14:16:16.670
5243	4T9102	6536	\N	6	\N	6	2015-08-06 00:00:00.000	2015-08-06 14:21:15.410
5244	57F	6536	\N	6	\N	6	2015-08-06 00:00:00.000	2015-08-06 14:24:17.493
5245	4T9040	6914	\N	6	\N	6	2015-08-06 00:00:00.000	2015-08-06 14:28:56.483
5246	4T9120	7504	\N	6	\N	6	2015-08-06 00:00:00.000	2015-08-06 14:37:04.640
5247	530	12192	\N	6	\N	6	2015-08-06 14:39:58.750	2015-08-06 14:39:58.750
5248	4S9121	10306	\N	6	\N	6	2015-08-06 00:00:00.000	2015-08-06 14:44:53.670
5249	3T9064	9736	\N	6	\N	12	2015-08-06 00:00:00.000	2015-08-06 14:45:48.787
5250	4S9286	12134	\N	6	\N	6	2015-08-06 00:00:00.000	2015-08-06 14:49:23.893
5251	5ZY	1476	\N	9	\N	6	2015-08-06 00:00:00.000	2015-08-06 14:51:56.557
5252	4T9016	6140	\N	6	\N	6	2015-08-06 00:00:00.000	2015-08-06 15:06:03.263
5253	4T9038	6428	\N	6	\N	6	2015-08-06 15:10:20.617	2015-08-06 15:10:20.617
5254	4T9073	7769	\N	6	\N	6	2015-08-06 00:00:00.000	2015-08-06 15:12:05.463
5255	1T9906	11377	\N	6	\N	6	2015-08-06 00:00:00.000	2015-08-06 15:18:13.267
5256	4C9213	7928	\N	6	\N	6	2015-08-06 00:00:00.000	2015-08-06 15:23:31.677
5257	4T9080	11951	\N	6	\N	6	2015-08-06 00:00:00.000	2020-02-05 14:30:17.340
5258	1T9831	5855	\N	1	\N	6	2015-08-06 00:00:00.000	2015-08-06 15:28:25.550
5259	1T9930	9097	\N	6	\N	6	2015-08-06 00:00:00.000	2015-08-06 15:35:42.993
5260	4T9152	7630	\N	1	\N	6	2015-08-06 00:00:00.000	2015-08-07 14:10:54.953
5261	4ZP	10973	\N	6	\N	6	2015-08-06 00:00:00.000	2015-08-06 15:47:32.963
5262	5TP	8678	\N	6	\N	6	2015-08-06 15:55:05.397	2015-08-06 15:55:05.397
5263	532	7227	\N	6	\N	6	2015-08-06 16:02:50.590	2015-08-06 16:02:50.590
5264	1T9922	11128	\N	6	\N	6	2015-08-06 16:25:10.990	2015-08-06 16:25:10.990
5265	1T9838	11360	\N	6	\N	6	2015-08-06 16:38:58.603	2015-08-06 16:38:58.603
5266	1T9987	6239	\N	6	\N	6	2015-08-06 16:47:32.577	2015-08-06 16:47:32.577
5267	4T9041	6913	\N	6	\N	6	2015-08-06 16:51:05.767	2015-08-06 16:51:05.767
5268	1T9934	11751	\N	6	\N	6	2015-08-06 17:02:35.803	2015-08-06 17:02:35.803
5270	1S9791	5911	\N	6	\N	6	2015-08-07 00:00:00.000	2015-08-07 07:13:51.697
5271	1R9295	6303	\N	6	\N	6	2015-08-07 00:00:00.000	2020-06-23 16:36:43.470
5272	5RY	13499	\N	1	\N	6	2015-08-07 00:00:00.000	2015-08-07 07:45:50.453
5273	1R9769	13501	\N	6	\N	6	2015-08-07 00:00:00.000	2015-08-07 08:11:30.893
5274	1R9580	10061	\N	1	\N	6	2015-08-07 00:00:00.000	2015-08-07 08:35:15.207
5275	1T9888	11784	\N	6	\N	6	2015-08-07 00:00:00.000	2015-08-07 08:56:10.683
5276	1R9632	10559	\N	6	\N	6	2015-08-07 00:00:00.000	2015-08-07 09:00:01.283
5277	1R9710	7872	\N	6	\N	6	2015-08-07 00:00:00.000	2015-08-07 09:00:27.147
5278	1R9520	9006	\N	6	\N	6	2015-08-07 00:00:00.000	2015-08-07 09:01:33.820
5279	4T9005	6824	\N	6	\N	6	2015-08-07 00:00:00.000	2015-08-07 09:01:59.997
5280	1R9620	11642	\N	6	\N	6	2015-08-07 00:00:00.000	2015-08-07 09:02:11.013
5281	1R9703	7415	\N	6	\N	6	2015-08-07 00:00:00.000	2015-08-07 09:03:00.073
5282	1R9731	6250	\N	6	\N	6	2015-08-07 00:00:00.000	2015-08-07 09:03:28.450
5283	1P9206	10432	\N	6	\N	6	2015-08-07 00:00:00.000	2015-08-07 09:03:36.873
5284	SA9173	11918	\N	6	\N	5	2015-08-07 00:00:00.000	2015-08-07 09:16:01.837
5285	4T9100	6325	\N	6	\N	6	2015-08-07 00:00:00.000	2015-08-07 09:06:12.657
5286	1T9697	2955	\N	6	\N	6	2015-08-07 00:00:00.000	2015-08-07 09:12:37.133
5287	1T9923	11120	\N	6	\N	6	2015-08-07 00:00:00.000	2015-08-07 09:13:00.520
5288	4T9092	6320	\N	6	\N	6	2015-08-07 00:00:00.000	2015-08-07 09:16:50.777
5289	4ZJ	13502	\N	6	\N	6	2015-08-07 00:00:00.000	2015-08-07 09:34:01.937
5290	4T9035	7083	\N	6	\N	6	2015-08-07 00:00:00.000	2015-08-07 09:42:55.660
5291	4T9154	7628	\N	6	\N	6	2015-08-07 00:00:00.000	2015-08-07 09:43:30.153
5292	1T9908	7562	\N	6	\N	6	2015-08-07 00:00:00.000	2015-08-07 09:52:06.170
5293	1T9391	1605	\N	6	\N	6	2015-08-07 00:00:00.000	2015-08-07 09:55:28.177
5294	5ER	11292	\N	6	\N	6	2015-08-07 00:00:00.000	2015-08-07 09:57:40.557
5295	4T9007	7057	\N	6	\N	6	2015-08-07 00:00:00.000	2015-08-07 10:03:41.527
5296	4T9069	7933	\N	6	\N	6	2015-08-07 10:07:04.107	2015-08-07 10:07:04.107
5297	1T9918	10971	\N	6	\N	6	2015-08-07 00:00:00.000	2015-08-07 10:21:49.627
5298	4T9162	7830	\N	6	\N	6	2015-08-07 00:00:00.000	2015-08-07 10:25:53.783
5299	4S9275	11963	\N	6	\N	6	2015-08-07 00:00:00.000	2015-08-07 10:29:18.597
5300	4T9130	6361	\N	6	\N	6	2015-08-07 00:00:00.000	2015-08-07 10:42:39.800
5301	4S9100	7480	\N	6	\N	6	2015-08-07 00:00:00.000	2015-08-07 10:50:20.640
5302	4T9096	11974	\N	6	\N	6	2015-08-07 10:56:20.063	2015-08-07 10:56:20.063
5303	4S9133	7480	\N	6	\N	6	2015-08-07 00:00:00.000	2015-08-07 10:58:08.670
5304	RFC	11521	\N	1	\N	4	2015-08-07 00:00:00.000	2015-08-07 11:01:00.847
5305	585	7480	\N	6	\N	6	2015-08-07 00:00:00.000	2015-08-07 11:06:02.397
5306	4S9336	13400	\N	6	\N	6	2015-08-07 00:00:00.000	2015-08-07 11:22:33.060
5307	1T9931	1675	\N	6	\N	6	2015-08-07 11:35:41.737	2015-08-07 11:35:41.737
5308	1T9965	13504	\N	6	\N	6	2015-08-07 00:00:00.000	2015-08-07 11:37:44.337
5309	4S9250	7109	\N	6	\N	6	2015-08-07 00:00:00.000	2015-08-07 11:40:52.957
5310	1S9890	11742	\N	1	\N	6	2015-08-07 00:00:00.000	2015-08-07 11:49:06.417
5311	4S9066	9328	\N	1	\N	6	2015-08-07 00:00:00.000	2016-06-29 07:49:58.857
5312	1LP	3057	\N	6	\N	6	2015-08-07 00:00:00.000	2015-08-07 11:58:26.113
5313	1S9991	9446	\N	1	\N	6	2015-08-07 00:00:00.000	2015-08-07 12:01:37.357
5314	1S9771	9944	\N	1	\N	6	2015-08-07 00:00:00.000	2015-08-07 12:07:28.403
5315	4T9021	1465	\N	6	\N	6	2015-08-07 12:12:50.917	2015-08-07 12:12:50.917
5316	1A9274	19427	\N	6	\N	6	2015-08-07 00:00:00.000	2019-09-17 13:21:13.033
5317	55H	6199	\N	6	\N	6	2015-08-07 00:00:00.000	2015-08-07 12:32:47.907
5318	L69FYK	7575	\N	9	\N	8	2015-08-07 00:00:00.000	2021-03-30 10:36:02.137
5319	1P9139	2562	\N	6	\N	6	2015-08-07 00:00:00.000	2015-08-07 12:33:51.837
5320	4T9163	7816	\N	6	\N	6	2015-08-07 00:00:00.000	2015-08-07 12:38:04.510
5321	L6K	7531	\N	1	\N	6	2015-08-07 00:00:00.000	2015-08-07 12:48:24.517
5322	4T9037	6398	\N	6	\N	6	2015-08-07 00:00:00.000	2015-08-07 12:54:04.863
5323	4T9139	6731	\N	1	\N	6	2015-08-07 00:00:00.000	2015-08-07 13:20:34.477
5324	4T9062	1500	\N	1	\N	6	2015-08-07 00:00:00.000	2015-08-07 14:28:55.223
5325	1T9716	3077	\N	6	\N	6	2015-08-07 00:00:00.000	2015-08-07 13:38:30.673
5326	55G	6199	\N	1	\N	6	2015-08-07 00:00:00.000	2015-08-07 13:42:03.787
5327	4S9251	7109	\N	5	\N	6	2015-08-07 00:00:00.000	2015-08-07 14:00:36.770
5328	1D9033	13423	\N	6	\N	6	2015-08-07 00:00:00.000	2015-08-07 14:01:19.420
5329	4S9074	8917	\N	6	\N	6	2015-08-07 00:00:00.000	2015-08-07 14:14:18.690
5330	1S9981	9433	\N	6	\N	6	2015-08-07 00:00:00.000	2015-08-07 14:19:26.070
5331	5DG	9501	\N	3	\N	6	2015-08-07 00:00:00.000	2015-08-07 14:21:34.553
5332	4S9089	15140	\N	6	\N	6	2015-08-07 00:00:00.000	2016-06-28 16:21:13.733
5333	4S9109	9932	\N	6	\N	6	2015-08-07 00:00:00.000	2015-08-07 14:30:12.660
5334	1S9974	11282	\N	6	\N	6	2015-08-07 00:00:00.000	2015-08-07 14:36:19.123
5335	SA9204	7269	\N	6	\N	28	2015-08-07 14:47:59.000	2015-08-07 14:54:13.340
5336	3T9200	6068	\N	6	\N	12	2015-08-07 00:00:00.000	2015-08-07 14:51:27.620
5337	1T9905	11367	\N	6	\N	6	2015-08-07 14:56:35.910	2015-08-07 14:56:35.910
5338	4T9125	1505	\N	6	\N	6	2015-08-07 00:00:00.000	2015-08-07 15:02:26.473
5339	5XG	11367	\N	6	\N	6	2015-08-07 15:03:55.797	2015-08-07 15:03:55.797
5340	4T9049	1691	\N	6	\N	6	2015-08-07 00:00:00.000	2015-08-07 15:05:32.410
5341	1E9417	5849	\N	1	\N	6	2015-08-07 00:00:00.000	2015-08-07 15:13:50.563
5342	2FC	977	\N	10	\N	1	2015-08-07 00:00:00.000	2015-08-07 15:15:27.830
5343	3FC	979	\N	10	\N	12	2015-08-07 00:00:00.000	2015-08-07 15:16:50.480
5344	ZLF	1479	\N	9	\N	9	2015-08-07 00:00:00.000	2015-08-07 15:23:06.613
5345	5L3	3259	\N	6	\N	6	2015-08-07 15:24:15.503	2015-08-07 15:24:15.503
5346	4T9056	7122	\N	6	\N	6	2015-08-07 00:00:00.000	2015-08-07 15:28:45.943
5347	1T9968	7745	\N	6	\N	6	2015-08-07 00:00:00.000	2015-08-07 15:34:01.877
5348	4T9055	7122	\N	1	\N	6	2015-08-07 00:00:00.000	2015-08-07 15:38:32.210
5349	4T9031	1576	\N	6	\N	6	2015-08-07 15:44:57.483	2015-08-07 15:44:57.483
5350	3T9179	10736	\N	6	\N	6	2015-08-07 16:03:42.540	2015-08-07 16:03:42.540
5351	1G9379	11385	\N	6	\N	6	2015-08-07 00:00:00.000	2015-08-07 16:10:42.273
5352	3T1	14248	\N	6	\N	12	2015-08-07 00:00:00.000	2024-09-12 12:58:36.563
5353	L9N	7414	\N	1	\N	8	2015-08-07 00:00:00.000	2024-01-16 12:47:50.927
5354	4S9099	10924	\N	1	\N	6	2015-08-07 00:00:00.000	2023-06-29 17:44:58.133
5355	4T9013	12179	\N	1	\N	6	2015-08-07 00:00:00.000	2015-08-07 16:23:14.337
5356	4T9026	6727	\N	6	\N	6	2015-08-07 00:00:00.000	2015-08-07 16:37:15.817
5357	1XT	3231	\N	6	\N	6	2015-08-07 16:57:27.567	2015-08-07 16:57:27.567
5358	1T9904	11382	\N	6	\N	6	2015-08-07 17:08:53.717	2015-08-07 17:08:53.717
5359	2FW	2496	\N	3	2	6	2015-08-20 00:00:00.000	2018-02-28 14:49:43.487
5360	2FZ	2496	\N	10	\N	6	2015-08-20 00:00:00.000	2020-08-12 09:34:41.233
5361	1T9848	9958	\N	6	\N	6	2015-08-07 17:13:06.063	2015-08-07 17:13:06.063
5362	1V9190	12126	\N	1	\N	6	2015-08-10 00:00:00.000	2015-08-10 08:55:43.383
5363	1V9VMM	11178	\N	6	\N	6	2015-08-10 00:00:00.000	2015-08-10 08:56:21.633
5365	4E7	10534	\N	6	\N	6	2015-08-10 00:00:00.000	2015-08-10 09:02:19.873
5366	1V9113	6229	\N	9	\N	6	2015-08-10 00:00:00.000	2017-12-08 13:24:19.960
5367	1V9195	1514	\N	6	\N	6	2015-08-10 00:00:00.000	2015-08-10 09:04:10.820
5368	4T9097	7501	\N	6	\N	6	2015-08-10 00:00:00.000	2015-08-10 09:06:00.270
5369	1V9183	1453	\N	6	\N	6	2015-08-10 00:00:00.000	2015-08-10 09:10:08.967
5370	SZC	1345	\N	1	\N	5	2015-08-10 00:00:00.000	2015-08-10 09:11:32.393
5371	1T9979	8514	\N	7	\N	6	2015-08-10 00:00:00.000	2015-08-10 09:13:48.927
5372	1V9167	6142	\N	6	\N	6	2015-08-10 00:00:00.000	2015-08-10 09:15:20.763
5373	47G	11315	\N	6	\N	6	2015-08-10 00:00:00.000	2015-08-10 09:17:07.700
5374	1R9926	10518	\N	6	\N	6	2015-08-10 00:00:00.000	2015-08-10 09:19:24.250
5375	1V9188	7988	\N	6	\N	6	2015-08-10 00:00:00.000	2015-08-10 09:19:56.667
5376	56S	10796	\N	6	\N	6	2015-08-10 00:00:00.000	2021-11-03 16:39:09.213
5377	1V9148	11609	\N	6	\N	6	2015-08-10 00:00:00.000	2015-08-10 09:24:02.133
5378	1G9455	6446	\N	6	\N	6	2015-08-10 00:00:00.000	2015-08-10 09:24:45.250
5379	4T9171	6799	\N	6	\N	6	2015-08-10 00:00:00.000	2015-08-10 09:29:09.017
5380	4T9006	15688	\N	6	\N	6	2015-08-10 00:00:00.000	2025-05-22 18:16:52.780
5381	1T9825	10650	\N	3	\N	6	2015-08-10 00:00:00.000	2024-01-19 09:13:27.327
5382	1T9054	2931	\N	6	\N	6	2015-08-10 00:00:00.000	2017-03-07 10:42:40.223
5383	4T9023	3529	\N	6	\N	6	2015-08-10 00:00:00.000	2015-08-10 09:57:43.850
5384	1TP	2952	\N	6	\N	6	2015-08-10 00:00:00.000	2015-08-10 10:05:04.207
5385	LYD	8890	\N	1	\N	8	2015-08-10 00:00:00.000	2017-01-27 09:08:40.280
5386	1P9481	8358	\N	2	\N	6	2015-08-10 00:00:00.000	2015-08-10 11:03:03.747
5387	1T9937	11756	\N	6	\N	6	2015-08-10 00:00:00.000	2015-08-10 11:25:35.457
5388	4S9122	10564	\N	9	\N	6	2015-08-10 00:00:00.000	2015-08-10 11:40:51.863
5389	4FB	10629	\N	6	\N	6	2015-08-10 00:00:00.000	2015-08-10 11:52:03.087
5390	4T9172	6804	\N	6	\N	6	2015-08-10 00:00:00.000	2015-08-10 11:48:21.410
5391	5KK	1024	\N	10	\N	6	2015-08-10 00:00:00.000	2022-06-17 08:56:54.990
5392	4S9041	13422	\N	6	\N	6	2015-08-10 00:00:00.000	2015-08-10 11:54:15.063
5393	1T9879	9979	\N	6	\N	6	2015-08-10 00:00:00.000	2015-08-10 11:55:15.827
5394	MBF	11422	\N	1	\N	36	2015-08-10 00:00:00.000	2015-08-10 11:55:16.840
5395	5KJ	1024	\N	3	\N	6	2015-08-10 00:00:00.000	2016-03-07 14:13:20.437
5396	523	1562	\N	7	\N	6	2015-08-10 00:00:00.000	2015-08-10 12:03:57.723
5397	L5Y	9274	\N	1	\N	8	2015-08-10 00:00:00.000	2015-08-10 12:32:49.420
5398	4T9088	6063	\N	6	\N	6	2015-08-10 00:00:00.000	2015-08-10 12:33:22.320
5399	1L9470	6394	\N	1	\N	6	2015-08-10 00:00:00.000	2015-08-10 12:43:08.460
5400	1T9499	9307	\N	6	\N	6	2015-08-10 00:00:00.000	2016-08-25 13:29:40.617
5401	1T9926	11812	\N	6	\N	6	2015-08-10 00:00:00.000	2015-08-10 12:52:49.470
5402	4S9231	6395	\N	6	\N	6	2015-08-10 00:00:00.000	2015-08-10 12:56:16.997
5403	53T	7458	\N	2	\N	6	2015-08-10 00:00:00.000	2020-01-13 13:25:51.403
5404	4S9176	7017	\N	6	\N	6	2015-08-10 00:00:00.000	2015-08-10 13:04:00.550
5405	4S9209	6719	\N	1	\N	6	2015-08-10 00:00:00.000	2015-08-10 13:31:53.810
5406	1T9954	11216	\N	6	\N	6	2015-08-10 00:00:00.000	2015-08-10 13:42:07.827
5407	6G2	984	\N	2	\N	14	2015-08-10 13:51:42.237	2015-08-10 13:51:42.237
5408	4T9033	6917	\N	1	\N	6	2015-08-10 00:00:00.000	2015-08-10 14:16:40.993
5409	W04	15139	\N	2	\N	5	2015-08-10 00:00:00.000	2017-05-18 14:19:37.640
5410	5TY	11788	\N	1	\N	6	2015-08-10 00:00:00.000	2015-08-10 14:39:18.053
5411	1DW	13506	\N	6	\N	6	2015-08-10 14:56:25.097	2015-08-10 14:56:25.097
5412	4S9163	9375	\N	6	\N	6	2015-08-10 00:00:00.000	2015-08-10 14:58:42.660
5413	4WY	13420	\N	6	\N	6	2015-08-10 00:00:00.000	2015-08-10 15:30:53.803
5414	1T9846	9518	\N	6	\N	6	2015-08-10 00:00:00.000	2015-08-10 15:49:31.590
5415	4S9037	10451	\N	1	\N	6	2015-08-10 00:00:00.000	2015-08-10 16:04:10.357
5416	4S9060	10433	\N	6	\N	6	2015-08-10 00:00:00.000	2015-08-10 16:10:06.940
5417	1T9989	1587	\N	6	\N	6	2015-08-10 00:00:00.000	2015-08-10 16:10:30.187
5418	4S9025	10406	\N	6	\N	6	2015-08-10 00:00:00.000	2015-08-10 16:15:42.060
5419	1T9970	7015	\N	1	\N	6	2015-08-10 00:00:00.000	2015-08-10 16:22:53.400
5420	1T9845	10397	\N	6	\N	6	2015-08-10 00:00:00.000	2015-08-10 16:33:54.687
5421	2T9011	9438	\N	6	\N	1	2015-08-10 00:00:00.000	2015-08-10 16:41:15.917
5422	L13	6931	\N	1	\N	8	2015-08-11 00:00:00.000	2015-08-11 00:28:07.983
5423	LSB	1327	\N	6	\N	8	2015-08-11 00:00:00.000	2015-08-11 00:43:20.693
5424	LJ4	8564	\N	1	\N	8	2015-08-11 00:00:00.000	2015-08-11 00:58:34.230
5425	4S9305	12130	\N	6	\N	6	2015-08-11 00:00:00.000	2015-08-11 01:26:46.817
5426	4S9172	12080	\N	6	\N	6	2015-08-11 00:00:00.000	2015-08-11 01:34:50.810
5427	4S9272	6597	\N	6	\N	6	2015-08-11 00:00:00.000	2015-08-11 01:44:53.983
5428	1V9179	13507	\N	2	\N	6	2015-08-11 00:00:00.000	2015-08-11 08:18:44.033
5429	1V9122	11005	\N	1	\N	6	2015-08-11 00:00:00.000	2015-08-11 08:19:20.223
5430	1V9160	11034	\N	1	\N	6	2015-08-11 00:00:00.000	2015-08-11 08:19:59.677
5431	1V9156	9102	\N	6	\N	6	2015-08-11 00:00:00.000	2015-08-11 08:20:46.617
5432	1V9180	7103	\N	6	\N	6	2015-08-11 00:00:00.000	2015-08-11 08:21:48.067
5433	1V9161	1680	\N	1	\N	6	2015-08-11 00:00:00.000	2015-08-11 08:25:08.260
5434	4T9022	6385	\N	6	\N	6	2015-08-11 00:00:00.000	2015-08-11 08:49:15.723
5435	1T9892	10631	\N	1	\N	6	2015-08-11 00:00:00.000	2015-08-11 08:56:18.297
5436	UH2	16077	\N	6	\N	54	2015-08-11 00:00:00.000	2017-01-31 09:27:15.413
5437	4S9096	6927	\N	1	\N	6	2015-08-11 00:00:00.000	2015-08-11 09:22:44.993
5438	1T9910	10730	\N	1	\N	6	2015-08-11 00:00:00.000	2015-08-11 09:24:43.397
5439	RFR	6903	\N	1	\N	4	2015-08-11 00:00:00.000	2015-08-11 09:32:06.483
5440	4S9373	7315	\N	6	\N	6	2015-08-11 00:00:00.000	2015-08-11 09:36:18.970
5441	LEC	8733	\N	9	\N	8	2015-08-11 00:00:00.000	2015-08-11 10:04:35.600
5442	4S9189	6401	\N	6	\N	6	2015-08-11 00:00:00.000	2015-08-11 09:57:35.880
5443	5NZ	8649	\N	6	\N	6	2015-08-11 09:58:46.407	2015-08-11 09:58:46.407
5444	4S9177	11917	\N	6	\N	6	2015-08-11 00:00:00.000	2015-08-11 10:22:54.090
5445	1T9271	7455	\N	6	\N	6	2015-08-11 00:00:00.000	2015-08-11 10:37:09.783
5446	4T9085	7296	\N	6	\N	6	2015-08-11 10:43:31.047	2015-08-11 10:43:31.047
5447	1T9952	4276	\N	6	\N	6	2015-08-11 00:00:00.000	2015-08-11 10:44:18.473
5448	5LF	7729	\N	6	\N	6	2015-08-11 00:00:00.000	2015-08-11 10:46:27.030
5449	4F7	9294	\N	6	\N	6	2015-08-11 00:00:00.000	2015-08-11 10:46:35.050
5450	1V9149	8467	\N	1	\N	6	2015-08-11 00:00:00.000	2015-08-11 10:57:36.350
5451	1V9174	6378	\N	6	\N	6	2015-08-11 00:00:00.000	2015-08-11 10:58:08.610
5452	1V9136	9416	\N	1	\N	6	2015-08-11 00:00:00.000	2015-08-11 10:58:37.080
5453	1T9941	10768	\N	6	\N	6	2015-08-11 00:00:00.000	2015-08-11 10:59:09.093
5454	1V9177	13768	\N	6	\N	6	2015-08-11 00:00:00.000	2022-04-13 09:35:01.823
5455	4JV	8931	\N	6	\N	6	2015-08-11 00:00:00.000	2015-08-11 11:04:20.593
5456	52L	11917	\N	6	\N	6	2015-08-11 00:00:00.000	2021-06-03 10:39:23.147
5457	4T9034	7126	\N	6	\N	6	2015-08-11 00:00:00.000	2015-08-11 11:09:34.373
5458	1T9649	2261	\N	6	\N	6	2015-08-11 00:00:00.000	2015-08-11 11:14:20.930
5459	4S9105	6436	\N	1	\N	6	2015-08-11 00:00:00.000	2024-09-11 15:03:38.803
5460	4T9140	6793	\N	6	\N	6	2015-08-11 00:00:00.000	2015-08-11 11:19:58.967
5461	1Z9293	12366	\N	6	\N	6	2015-08-11 00:00:00.000	2015-08-11 11:25:05.990
5462	5VV	8848	\N	6	\N	6	2015-08-11 11:25:22.323	2015-08-11 11:25:22.323
5463	4T9105	13508	\N	6	\N	6	2015-08-11 00:00:00.000	2015-08-11 11:26:00.637
5464	1T9988	6244	\N	6	\N	6	2015-08-11 00:00:00.000	2015-08-11 11:34:20.743
5465	5VB	12392	\N	10	\N	6	2015-08-11 00:00:00.000	2016-12-13 15:38:30.460
5466	4T9058	1447	\N	6	\N	6	2015-08-11 11:50:29.223	2015-08-11 11:50:29.223
5467	W09F57	11596	\N	1	\N	2	2015-08-11 00:00:00.000	2015-08-11 11:54:48.607
5468	4T9133	7372	\N	6	\N	6	2015-08-11 00:00:00.000	2015-08-11 12:03:18.370
5469	WT9136	7367	\N	1	\N	6	2015-08-11 00:00:00.000	2015-08-11 12:09:22.847
5470	4T9048	7532	\N	6	\N	6	2015-08-11 12:28:31.087	2015-08-11 12:28:31.087
5471	4T9144	6736	\N	1	\N	6	2015-08-11 00:00:00.000	2015-08-11 12:35:01.900
5472	MLP	13509	\N	1	\N	30	2015-08-11 00:00:00.000	2015-08-11 12:45:01.627
5473	1V9162	9163	\N	6	\N	6	2015-08-11 00:00:00.000	2015-08-11 13:09:08.373
5474	5KN	5793	\N	6	\N	6	2015-08-11 12:55:26.470	2015-08-11 12:55:26.470
5475	4T9128	6120	\N	1	\N	6	2015-08-11 00:00:00.000	2015-08-11 13:02:06.457
5476	1T9726	1427	\N	3	\N	6	2015-08-11 00:00:00.000	2015-08-11 13:10:27.730
5477	1T9203	9160	\N	6	\N	6	2015-08-11 13:21:20.140	2015-08-11 13:21:20.140
5478	LLA	8915	\N	1	\N	8	2015-08-11 00:00:00.000	2015-08-11 13:34:47.597
5479	4T9065	7119	\N	6	\N	6	2015-08-11 00:00:00.000	2015-08-11 13:37:43.753
5480	1T9951	11208	\N	1	\N	6	2015-08-11 00:00:00.000	2015-08-11 13:40:37.193
5481	1T9882	10049	\N	1	\N	6	2015-08-11 00:00:00.000	2015-08-11 13:47:49.643
5482	1T9884	9989	\N	6	\N	6	2015-08-11 00:00:00.000	2015-08-11 13:48:30.937
5483	1T9915	8691	\N	6	\N	6	2015-08-11 00:00:00.000	2015-08-11 13:56:07.313
5484	1T9890	12393	\N	6	\N	6	2015-08-11 00:00:00.000	2015-08-11 14:13:30.877
5485	1T9900	9494	\N	6	\N	6	2015-08-11 00:00:00.000	2023-01-06 12:18:13.357
5486	WP0	13510	\N	2	\N	2	2015-08-11 00:00:00.000	2015-08-11 14:41:14.607
5487	1T9949	8523	\N	6	\N	6	2015-08-11 14:43:50.090	2015-08-11 14:43:50.090
5488	5RZ	8719	\N	6	\N	6	2015-08-11 00:00:00.000	2015-08-11 14:45:15.517
5489	LHA	6246	\N	1	\N	8	2015-08-11 00:00:00.000	2015-08-11 15:08:43.607
5490	4T9112	12245	\N	6	\N	6	2015-08-11 00:00:00.000	2015-08-11 15:11:25.767
5491	4T9078	7957	\N	6	\N	6	2015-08-11 15:15:03.700	2015-08-11 15:15:03.700
5492	1T9967	11871	\N	6	\N	6	2015-08-11 00:00:00.000	2015-08-11 15:24:56.783
5493	4T9010	7881	\N	6	\N	6	2015-08-11 15:37:36.817	2015-08-11 15:37:36.817
5494	4T9119	6113	\N	6	\N	6	2015-08-11 00:00:00.000	2015-08-11 15:40:05.313
5495	4T9153	7616	\N	6	\N	6	2015-08-11 00:00:00.000	2015-08-11 15:55:22.860
5496	55M	11936	\N	6	\N	6	2015-08-11 00:00:00.000	2022-11-23 14:16:17.750
5497	1T9881	9076	\N	1	\N	6	2015-08-11 00:00:00.000	2015-08-11 15:58:01.120
5498	1T9891	10151	\N	6	\N	6	2015-08-11 16:16:34.000	2015-08-11 16:27:04.567
5499	4T9086	11924	\N	6	\N	6	2015-08-11 00:00:00.000	2015-08-11 16:18:25.630
5500	1T9849	10151	\N	6	\N	6	2015-08-11 16:26:38.967	2015-08-11 16:26:38.967
5501	1T9919	10773	\N	6	\N	6	2015-08-11 00:00:00.000	2015-08-11 16:30:32.933
5502	1T9050	8258	\N	6	\N	6	2015-08-11 16:33:20.400	2015-08-11 16:33:20.400
5503	52A	6893	\N	6	\N	6	2015-08-11 16:38:02.450	2015-08-11 16:38:02.450
5504	1T9889	8853	\N	1	\N	6	2015-08-11 00:00:00.000	2020-01-14 11:08:29.640
5505	48X	10839	\N	6	\N	6	2015-08-11 16:57:49.783	2015-08-11 16:57:49.783
5506	55K	13511	\N	6	\N	6	2015-08-11 17:11:55.070	2015-08-11 17:11:55.070
5507	1T9960	6388	\N	6	\N	6	2015-08-11 17:28:09.120	2015-08-11 17:28:09.120
5508	4T9165	6987	\N	6	\N	6	2015-08-11 17:38:47.800	2015-08-11 17:38:47.800
5509	1T9977	8500	\N	1	\N	6	2015-08-11 17:53:29.983	2015-08-11 17:53:29.983
5510	1T9013	8275	\N	6	\N	6	2015-08-11 17:59:40.123	2015-08-11 17:59:40.123
5511	4T9017	6149	\N	6	\N	6	2015-08-11 18:05:17.240	2015-08-11 18:05:17.240
5512	1T9917	8861	\N	1	\N	6	2015-08-11 18:09:28.403	2015-08-11 18:09:28.403
5513	1V9146	10466	\N	1	\N	6	2015-08-12 00:00:00.000	2015-08-17 16:13:31.243
5514	1B9831	10465	\N	1	\N	6	2015-08-12 00:00:00.000	2015-08-12 07:22:20.000
5515	1W9530	6089	\N	6	\N	6	2015-08-12 00:00:00.000	2015-08-12 07:23:36.393
5516	1W9534	13512	\N	6	\N	6	2015-08-12 00:00:00.000	2015-08-12 07:48:41.187
5517	4S9210	3762	\N	6	\N	6	2015-08-12 00:00:00.000	2015-08-12 09:26:05.753
5518	531	12194	\N	6	\N	6	2015-08-12 00:00:00.000	2015-08-12 09:33:47.980
5519	1S9954	9580	\N	6	\N	6	2015-08-12 00:00:00.000	2015-08-12 09:40:53.393
5520	4S9064	10034	\N	6	\N	6	2015-08-12 00:00:00.000	2015-08-12 09:51:24.320
5521	1T9997	7690	\N	6	\N	6	2015-08-12 09:51:39.813	2015-08-12 09:51:39.813
5522	4S9285	6326	\N	6	\N	6	2015-08-12 00:00:00.000	2015-08-12 09:58:00.280
5523	5YP	6201	\N	1	\N	6	2015-08-12 10:12:03.120	2015-08-12 10:12:03.120
5524	1W9493	7441	\N	3	\N	6	2015-08-12 00:00:00.000	2015-08-12 10:19:24.350
5525	1W9492	7441	\N	2	\N	6	2015-08-12 00:00:00.000	2015-08-12 10:20:06.440
5526	1W9491	7441	\N	6	\N	6	2015-08-12 00:00:00.000	2015-08-12 10:20:50.323
5527	1W9399	5847	\N	1	\N	6	2015-08-12 00:00:00.000	2015-08-12 10:22:01.443
5528	1W9450	11558	\N	1	\N	6	2015-08-12 00:00:00.000	2017-12-13 10:34:55.323
5529	1W9429	9582	\N	1	\N	5	2015-08-12 00:00:00.000	2015-08-12 10:28:07.437
5530	1W9555	10325	\N	6	\N	6	2015-08-12 00:00:00.000	2015-08-12 10:28:44.347
5531	1W9518	1458	\N	6	\N	6	2015-08-12 00:00:00.000	2015-08-12 10:29:53.907
5532	1W9457	9284	\N	6	\N	6	2015-08-12 00:00:00.000	2015-08-12 10:30:23.390
5533	1W9507	6318	\N	6	\N	6	2015-08-12 00:00:00.000	2015-08-12 10:31:06.553
5534	1W9529	12093	\N	6	\N	6	2015-08-12 00:00:00.000	2015-08-12 10:31:51.607
5535	1W9519	7250	\N	6	\N	6	2015-08-12 00:00:00.000	2015-08-12 10:32:51.620
5536	5XF	6220	\N	6	\N	6	2015-08-12 00:00:00.000	2015-08-12 10:33:21.697
5537	WP1	13510	\N	7	\N	2	2015-08-12 00:00:00.000	2015-08-12 10:35:32.380
5538	3T9210	14454	\N	6	\N	12	2015-08-12 00:00:00.000	2020-06-09 16:46:04.780
5539	1T9913	7907	\N	1	\N	6	2015-08-12 11:07:25.987	2015-08-12 11:07:25.987
5540	1T9948	6495	\N	6	\N	6	2015-08-12 11:39:18.597	2015-08-12 11:39:18.597
5541	4S9341	6570	\N	6	\N	6	2015-08-12 00:00:00.000	2015-08-12 12:51:16.547
5542	4S9193	6412	\N	6	\N	6	2015-08-12 00:00:00.000	2015-08-12 12:59:41.877
5543	1T9656	2304	\N	6	\N	6	2015-08-12 13:04:12.273	2015-08-12 13:04:12.273
5544	4S9333	1638	\N	1	\N	6	2015-08-12 00:00:00.000	2015-08-12 13:08:27.643
5545	4S9082	9509	\N	6	\N	6	2015-08-12 00:00:00.000	2015-08-12 13:18:33.940
5546	4S9145	11423	\N	6	\N	6	2015-08-12 00:00:00.000	2015-08-12 13:27:44.137
5547	1T9936	11754	\N	6	\N	6	2015-08-12 13:33:57.837	2015-08-12 13:33:57.837
5548	58N	7474	\N	1	\N	6	2015-08-12 00:00:00.000	2015-08-12 13:36:09.657
5549	1L9430	9364	\N	6	\N	6	2015-08-12 00:00:00.000	2015-08-12 13:43:41.590
5550	1T9966	8667	\N	6	\N	6	2015-08-12 13:43:43.977	2015-08-12 13:43:43.977
5551	1S9969	11368	\N	6	\N	6	2015-08-12 00:00:00.000	2015-08-12 13:49:46.207
5552	1S9984	6858	\N	6	\N	6	2015-08-12 00:00:00.000	2015-08-12 13:57:41.883
5553	4S9020	9515	\N	1	\N	6	2015-08-12 00:00:00.000	2015-08-12 14:04:46.907
5554	4S9241	7922	\N	6	\N	6	2015-08-12 00:00:00.000	2015-08-12 14:09:46.757
5555	1T9962	9130	\N	6	\N	6	2015-08-12 14:16:10.813	2015-08-12 14:16:10.813
5556	1S9949	9471	\N	1	\N	6	2015-08-12 00:00:00.000	2015-08-12 14:19:24.953
5557	4S9002	10632	\N	1	\N	6	2015-08-12 00:00:00.000	2015-08-12 14:26:01.960
5558	4T9004	1532	\N	1	\N	6	2015-08-12 14:32:17.157	2015-08-12 14:32:17.157
5559	4S9224	6906	\N	6	\N	6	2015-08-12 00:00:00.000	2015-08-12 14:33:03.067
5560	4S9354	7634	\N	1	\N	6	2015-08-12 00:00:00.000	2015-08-12 14:40:58.663
5561	1T9572	10085	\N	6	\N	6	2015-08-12 00:00:00.000	2015-08-12 14:41:04.857
5562	4T9030	7903	\N	1	\N	6	2015-08-12 14:47:50.850	2015-08-12 14:47:50.850
5563	4T9066	7927	\N	6	\N	6	2015-08-12 00:00:00.000	2015-08-12 14:55:42.063
5564	1U9116	11647	\N	1	\N	6	2015-08-12 00:00:00.000	2015-08-12 15:04:53.243
5565	4T9036	6396	\N	6	\N	6	2015-08-12 15:36:08.007	2015-08-12 15:36:08.007
5566	1T9957	12056	\N	6	\N	6	2015-08-12 15:58:36.070	2015-08-12 15:58:36.070
5567	4T9131	6039	\N	6	\N	6	2015-08-12 16:09:51.830	2015-08-12 16:09:51.830
5568	1T9978	8682	\N	6	\N	6	2015-08-12 16:13:50.370	2015-08-12 16:13:50.370
5569	4T9149	6785	\N	6	\N	6	2015-08-12 16:20:04.413	2015-08-12 16:20:04.413
5570	4T9138	6506	\N	6	\N	6	2015-08-12 16:29:35.140	2015-08-12 16:29:35.140
5571	1U9126	7217	\N	1	\N	6	2015-08-12 00:00:00.000	2015-08-12 16:33:26.940
5572	54S	7217	\N	1	\N	6	2015-08-12 00:00:00.000	2015-08-12 16:41:16.610
5573	1T9969	6473	\N	6	\N	6	2015-08-12 16:44:53.340	2015-08-12 16:44:53.340
5574	1T9940	11191	\N	6	\N	6	2015-08-12 16:55:04.533	2015-08-12 16:55:04.533
5575	1T9991	7018	\N	1	\N	6	2015-08-12 17:26:08.000	2015-08-12 17:28:22.197
5576	4T9115	7594	\N	1	\N	6	2015-08-12 17:38:31.050	2015-08-12 17:38:31.050
5577	3T9049	2303	\N	6	\N	12	2015-08-12 17:53:02.000	2015-08-12 18:09:20.730
5578	4S9141	13514	\N	6	\N	6	2015-08-13 00:00:00.000	2016-07-11 13:51:53.643
5579	4S9112	9295	\N	6	\N	6	2015-08-13 00:00:00.000	2015-08-13 00:16:15.770
5580	4S9204	11913	\N	6	\N	6	2015-08-13 00:00:00.000	2015-08-13 00:22:47.970
5581	4S9053	11808	\N	1	\N	6	2015-08-13 00:00:00.000	2015-08-13 00:27:23.340
5582	4S9199	6169	\N	6	\N	6	2015-08-13 00:00:00.000	2015-08-13 00:32:55.950
5583	4S9284	11931	\N	6	\N	6	2015-08-13 00:00:00.000	2015-08-13 00:38:02.693
5584	3S9088	14209	\N	6	\N	12	2015-08-13 00:00:00.000	2020-06-09 12:57:13.200
5585	1S9080	11161	\N	5	\N	6	2015-08-13 00:00:00.000	2015-08-13 00:56:42.027
5586	4S9140	1364	\N	6	\N	6	2015-08-13 00:00:00.000	2015-08-13 01:06:40.770
5587	1U3	3197	\N	6	\N	6	2015-08-13 00:00:00.000	2015-08-13 01:13:40.597
5588	4S9352	6588	\N	6	\N	6	2015-08-13 00:00:00.000	2015-08-13 01:17:50.277
5589	4S9015	9327	\N	6	\N	6	2015-08-13 00:00:00.000	2015-08-13 01:27:10.553
5590	4S9004	8631	\N	1	\N	6	2015-08-13 00:00:00.000	2015-08-13 01:34:54.013
5591	1ZJ	9373	\N	6	\N	6	2015-08-13 00:00:00.000	2015-08-13 08:13:26.763
5592	1W9474	12034	\N	6	\N	6	2015-08-13 00:00:00.000	2015-08-13 08:14:18.807
5593	1W9447	17284	\N	6	\N	6	2015-08-13 00:00:00.000	2025-02-27 08:52:40.663
5594	1W9525	7960	\N	6	\N	6	2015-08-13 00:00:00.000	2015-08-13 08:15:47.570
5595	5UW	11515	\N	6	\N	6	2015-08-13 00:00:00.000	2015-08-13 08:16:53.107
5596	1W9148	11025	\N	6	\N	6	2015-08-13 00:00:00.000	2015-08-13 09:17:51.517
5597	1W9455	11806	\N	1	\N	6	2015-08-13 00:00:00.000	2015-08-13 08:18:46.190
5598	1W9423	8635	\N	6	\N	6	2015-08-13 00:00:00.000	2015-08-13 08:19:50.073
5599	5UV	12160	\N	1	\N	6	2015-08-13 00:00:00.000	2015-08-13 09:00:06.063
5600	1M9374	7810	\N	6	\N	6	2015-08-13 00:00:00.000	2015-08-13 09:16:48.290
5601	51L	6484	\N	6	\N	6	2015-08-13 00:00:00.000	2015-08-13 09:19:23.260
5602	4T9157	7633	\N	6	\N	6	2015-08-13 00:00:00.000	2015-08-13 09:27:48.823
5603	4TG	3694	\N	6	\N	6	2015-08-13 00:00:00.000	2015-08-13 09:45:05.947
5604	1T9981	6216	\N	6	\N	6	2015-08-13 00:00:00.000	2015-08-13 09:56:19.150
5605	4T9044	6905	\N	9	\N	6	2015-08-13 00:00:00.000	2015-08-13 10:15:35.470
5606	1W9515	7911	\N	3	\N	6	2015-08-13 00:00:00.000	2015-08-13 10:18:46.400
5607	1W9451	10937	\N	6	\N	6	2015-08-13 00:00:00.000	2015-08-13 10:21:28.513
5608	1W9273	11908	\N	6	\N	6	2015-08-13 00:00:00.000	2015-08-13 10:22:29.790
5609	1M9771	9117	\N	6	\N	6	2015-08-13 00:00:00.000	2015-08-13 10:23:19.337
5610	1W9459	10312	\N	6	\N	6	2015-08-13 00:00:00.000	2015-08-13 10:24:19.333
5611	5HR	11483	\N	6	\N	6	2015-08-13 00:00:00.000	2015-08-13 10:24:55.310
5612	1W9494	7232	\N	6	\N	6	2015-08-13 00:00:00.000	2015-08-13 10:25:50.580
5613	1W9548	7361	\N	6	\N	6	2015-08-13 00:00:00.000	2015-08-13 10:26:25.773
5614	1W9537	13515	\N	6	\N	6	2015-08-13 00:00:00.000	2015-08-13 10:27:08.877
5615	1W9470	7883	\N	1	\N	6	2015-08-13 00:00:00.000	2015-08-13 10:28:24.007
5616	1W9411	9272	\N	6	\N	6	2015-08-13 00:00:00.000	2015-08-13 10:29:49.930
5617	1W9478	1428	\N	6	\N	6	2015-08-13 00:00:00.000	2015-08-13 10:33:55.943
5618	4T9083	6198	\N	6	\N	6	2015-08-13 00:00:00.000	2015-08-13 10:39:36.880
5619	1T9873	11339	\N	6	\N	6	2015-08-13 00:00:00.000	2015-08-13 10:51:21.347
5620	1S9979	10149	\N	6	\N	6	2015-08-13 00:00:00.000	2015-08-13 11:03:52.597
5621	1T9980	8675	\N	6	\N	6	2015-08-13 00:00:00.000	2015-08-13 11:13:33.620
5622	4T9011	7877	\N	1	\N	6	2015-08-13 00:00:00.000	2015-08-13 11:27:54.663
5623	1U9100	9663	\N	6	\N	6	2015-08-13 00:00:00.000	2015-08-13 11:42:05.927
5624	4T9018	6133	\N	1	\N	6	2015-08-13 00:00:00.000	2015-08-13 11:44:22.880
5625	1U9105	9523	\N	1	\N	6	2015-08-13 00:00:00.000	2015-08-13 11:47:28.333
5626	1U9131	6236	\N	6	\N	6	2015-08-13 00:00:00.000	2015-08-13 11:59:33.860
5627	1T9796	11078	\N	1	\N	6	2015-08-13 00:00:00.000	2015-08-13 12:02:03.167
5628	1U9143	6911	\N	6	\N	6	2015-08-13 00:00:00.000	2015-08-13 12:05:16.327
5629	1U9101	10162	\N	1	\N	6	2015-08-13 00:00:00.000	2015-08-13 12:09:10.123
5630	1U9134	6835	\N	6	\N	6	2015-08-13 00:00:00.000	2015-08-13 12:15:20.360
5631	5WB	10957	\N	6	\N	6	2015-08-13 00:00:00.000	2015-08-13 12:24:14.987
5632	1U9111	10042	\N	1	\N	6	2015-08-13 00:00:00.000	2015-08-13 12:30:21.540
5633	48B	9389	\N	6	\N	6	2015-08-13 00:00:00.000	2015-08-13 12:37:00.823
5634	4T9071	7270	\N	6	\N	6	2015-08-13 00:00:00.000	2015-08-13 12:39:09.417
5635	1W9010	9773	\N	6	\N	6	2015-08-13 00:00:00.000	2015-08-13 12:42:55.553
5636	1U9124	13516	\N	6	\N	6	2015-08-13 00:00:00.000	2015-08-13 12:44:10.620
5637	1U9110	9844	\N	6	\N	6	2015-08-13 00:00:00.000	2015-08-13 12:58:52.350
5638	1U9150	6197	\N	6	\N	6	2015-08-13 00:00:00.000	2015-08-13 13:08:08.023
5639	1T9840	9476	\N	1	\N	6	2015-08-13 00:00:00.000	2017-07-25 13:54:47.333
5640	1U9137	6160	\N	6	\N	6	2015-08-13 00:00:00.000	2015-08-13 13:18:16.377
5641	5TS	10725	\N	9	\N	6	2015-08-13 00:00:00.000	2015-08-13 13:21:27.790
5642	1T9973	9351	\N	1	\N	6	2015-08-13 00:00:00.000	2015-08-13 13:41:46.433
5643	1U9122	10070	\N	6	\N	6	2015-08-13 00:00:00.000	2023-01-30 14:54:30.237
5644	56J	12137	\N	6	\N	6	2015-08-13 00:00:00.000	2015-08-13 13:58:07.173
5645	1T9899	9496	\N	9	\N	6	2015-08-13 00:00:00.000	2015-08-13 13:59:05.817
5646	1U9090	9394	\N	1	\N	6	2015-08-13 00:00:00.000	2015-08-13 14:02:04.000
5647	1U9146	7123	\N	6	\N	6	2015-08-13 00:00:00.000	2015-08-13 14:06:57.357
5648	WV2	1147	\N	7	\N	2	2015-08-13 00:00:00.000	2015-08-20 10:39:05.123
5649	1T9853	5848	\N	6	\N	6	2015-08-13 00:00:00.000	2015-08-13 14:51:37.630
5650	4S9073	9329	\N	6	\N	6	2015-08-13 00:00:00.000	2015-08-13 14:56:30.083
5651	4S9043	10068	\N	1	\N	6	2015-08-13 00:00:00.000	2015-08-13 15:04:54.837
5652	1T9851	8646	\N	1	\N	6	2015-08-13 00:00:00.000	2015-08-13 15:09:16.107
5653	4S9302	12125	\N	6	\N	6	2015-08-13 00:00:00.000	2015-08-13 15:10:05.060
5654	1S9980	10867	\N	1	\N	6	2015-08-13 00:00:00.000	2015-08-13 15:13:39.373
5655	4T9032	6618	\N	6	\N	6	2015-08-13 00:00:00.000	2015-08-13 15:20:15.193
5656	ZZ1	1689	\N	1	\N	27	2015-08-13 00:00:00.000	2015-08-13 15:41:23.663
5657	4T9087	6092	\N	1	\N	6	2015-08-13 00:00:00.000	2015-08-13 16:02:31.303
5658	4LA	13517	\N	6	\N	6	2015-08-13 00:00:00.000	2016-06-17 15:53:47.667
5659	4T9072	6445	\N	3	2	6	2015-08-13 00:00:00.000	2020-02-10 17:04:17.857
5660	V69011	6243	\N	6	\N	55	2015-08-13 22:31:00.413	2015-08-13 22:31:00.413
5661	4S9306	6088	\N	1	\N	6	2015-08-14 00:00:00.000	2015-08-14 00:05:06.407
5662	1S9609	3199	\N	6	\N	6	2015-08-14 00:00:00.000	2015-08-14 00:24:09.543
5663	4S9245	7238	\N	1	\N	6	2015-08-14 00:00:00.000	2015-08-14 00:46:21.803
5664	1S9972	10117	\N	1	\N	6	2015-08-14 00:00:00.000	2015-08-14 00:53:27.513
5665	4S9314	6555	\N	1	\N	6	2015-08-14 00:00:00.000	2015-08-14 01:02:21.220
5666	1S9640	8639	\N	1	\N	6	2015-08-14 00:00:00.000	2015-08-14 01:11:03.150
5667	4S9300	6328	\N	6	\N	6	2015-08-14 00:00:00.000	2015-08-14 01:19:41.430
5668	1S9SJP	4281	\N	6	\N	6	2015-08-14 00:00:00.000	2015-08-14 01:24:31.950
5669	4S9058	11601	\N	6	\N	6	2015-08-14 00:00:00.000	2015-08-14 01:28:25.420
5670	4S9160	7028	\N	1	\N	6	2015-08-14 00:00:00.000	2015-08-14 01:33:01.977
5671	4S9132	8506	\N	6	\N	6	2015-08-14 00:00:00.000	2015-08-14 01:39:55.847
5672	4S9361	7817	\N	1	\N	6	2015-08-14 00:00:00.000	2015-08-14 01:43:44.697
5673	4S9178	6475	\N	6	\N	6	2015-08-14 00:00:00.000	2015-08-14 01:48:55.183
5674	4S9118	11194	\N	6	\N	6	2015-08-14 00:00:00.000	2015-08-14 01:52:47.190
5675	5E3	8145	\N	6	\N	6	2015-08-14 00:00:00.000	2015-08-14 01:57:07.553
5676	1T9992	7014	\N	6	\N	6	2015-08-14 00:00:00.000	2015-08-14 09:06:54.227
5677	1T9506	1305	\N	6	\N	6	2015-08-14 00:00:00.000	2015-08-14 09:18:14.420
5678	1V5	13521	\N	6	\N	6	2015-08-14 00:00:00.000	2019-10-18 11:13:38.680
5679	4T9075	7760	\N	6	\N	6	2015-08-14 00:00:00.000	2015-08-14 10:04:22.707
5680	1T9924	4285	\N	1	\N	6	2015-08-14 00:00:00.000	2015-08-14 10:30:19.697
5681	1W9442	9135	\N	1	\N	6	2015-08-14 00:00:00.000	2015-08-14 10:51:10.337
5682	4T9101	11984	\N	6	\N	6	2015-08-14 00:00:00.000	2015-08-14 10:54:23.247
5683	4T9015	11897	\N	2	\N	6	2015-08-14 00:00:00.000	2021-05-24 13:32:48.203
5684	1W9527	12264	\N	6	\N	6	2015-08-14 00:00:00.000	2015-08-14 11:13:57.040
5685	1U9119	7263	\N	1	\N	6	2015-08-14 00:00:00.000	2015-08-14 11:20:33.297
5686	1W9498	6630	\N	6	\N	6	2015-08-14 00:00:00.000	2015-08-14 11:25:16.607
5687	1U9158	6774	\N	6	\N	6	2015-08-14 00:00:00.000	2016-12-05 13:48:37.043
5688	1T9850	10421	\N	6	\N	6	2015-08-14 00:00:00.000	2015-08-14 11:32:22.927
5689	1U9032	10166	\N	6	\N	6	2015-08-14 00:00:00.000	2015-08-14 11:36:55.067
5690	4T9014	6184	\N	6	\N	6	2015-08-14 00:00:00.000	2015-08-14 11:42:04.777
5691	1W9412	8462	\N	6	\N	6	2015-08-14 00:00:00.000	2015-08-14 11:42:41.310
5692	1U9160	7812	\N	6	\N	6	2015-08-14 00:00:00.000	2015-08-14 11:44:53.083
5693	4T9109	6496	\N	6	\N	6	2015-08-14 00:00:00.000	2015-08-14 11:49:04.930
5694	1U9152	12119	\N	6	\N	6	2015-08-14 00:00:00.000	2015-08-14 11:50:13.710
5695	1U9153	12250	\N	6	\N	6	2015-08-14 00:00:00.000	2015-08-14 11:58:04.303
5696	1W9422	9321	\N	1	\N	6	2015-08-14 00:00:00.000	2015-08-14 11:59:06.937
5697	1T9964	8940	\N	6	\N	6	2015-08-14 00:00:00.000	2015-08-14 12:00:24.173
5698	1U9114	9937	\N	6	\N	6	2015-08-14 00:00:00.000	2015-08-14 12:02:47.833
5699	1U9120	8539	\N	1	\N	6	2015-08-14 00:00:00.000	2015-08-14 12:07:18.510
5700	1W9046	9779	\N	6	\N	6	2015-08-14 00:00:00.000	2015-08-14 12:14:05.873
5701	A2B	11591	\N	13	\N	6	2015-08-14 00:00:00.000	2025-04-18 16:10:10.693
5702	4T9156	7526	\N	9	\N	6	2015-08-14 00:00:00.000	2015-08-14 12:24:35.660
5703	1U9133	11591	\N	1	\N	6	2015-08-14 00:00:00.000	2015-08-14 12:30:34.197
5704	4T9103	6263	\N	6	\N	6	2015-08-14 00:00:00.000	2015-08-14 12:42:47.897
5705	1U9138	6186	\N	6	\N	6	2015-08-14 00:00:00.000	2015-08-14 12:43:44.197
5706	1U9102	10622	\N	6	\N	6	2015-08-14 00:00:00.000	2015-08-14 12:48:06.713
5707	1T9466	10771	\N	6	\N	6	2015-08-14 00:00:00.000	2015-08-14 12:53:23.957
5708	52Z	12186	\N	6	\N	6	2015-08-14 00:00:00.000	2023-11-09 13:28:44.220
5709	1T9990	7214	\N	6	\N	6	2015-08-14 00:00:00.000	2015-08-14 13:07:59.413
5710	4BA	9191	\N	6	\N	6	2015-08-14 00:00:00.000	2015-08-14 13:20:19.137
5711	1T9961	9726	\N	6	\N	6	2015-08-14 00:00:00.000	2015-08-14 13:29:37.850
5712	5NW	2545	\N	6	\N	6	2015-08-14 00:00:00.000	2015-08-14 13:40:22.243
5713	4C9361	7795	\N	6	\N	6	2015-08-14 00:00:00.000	2015-08-14 13:58:45.320
5714	1W9045	9779	\N	6	\N	6	2015-08-14 00:00:00.000	2015-08-14 14:04:59.020
5715	1T9858	9444	\N	6	\N	6	2015-08-14 00:00:00.000	2015-08-14 14:35:25.127
5716	1T9929	11757	\N	6	\N	6	2015-08-14 00:00:00.000	2015-08-14 14:45:02.827
5717	1T9946	8982	\N	6	\N	6	2015-08-14 00:00:00.000	2015-08-14 14:52:18.597
5718	1T9878	8894	\N	6	\N	6	2015-08-14 00:00:00.000	2015-08-14 15:02:45.720
5719	4S9295	5809	\N	1	\N	6	2015-08-14 00:00:00.000	2015-08-14 15:46:10.237
5720	4S9364	6950	\N	6	\N	6	2015-08-14 00:00:00.000	2015-08-14 16:23:37.937
5721	4S9320	1627	\N	6	\N	6	2015-08-14 00:00:00.000	2015-08-14 16:38:19.323
5722	1W9514	1443	\N	6	\N	6	2015-08-17 00:00:00.000	2015-08-17 07:52:18.573
5723	1W9503	7241	\N	1	\N	6	2015-08-17 00:00:00.000	2015-08-17 07:52:48.197
5724	1W9538	7599	\N	6	\N	6	2015-08-17 00:00:00.000	2015-08-17 07:53:39.210
5725	1W9479	7086	\N	6	\N	6	2015-08-17 00:00:00.000	2015-08-17 07:54:20.610
5726	1W9403	11235	\N	6	\N	6	2015-08-17 00:00:00.000	2015-08-17 07:54:54.977
5727	1W9481	12159	\N	1	\N	6	2015-08-17 00:00:00.000	2015-08-17 07:55:29.267
5728	1W9456	9304	\N	1	\N	6	2015-08-17 00:00:00.000	2015-08-17 07:56:11.637
5729	1W9543	1522	\N	6	\N	6	2015-08-17 00:00:00.000	2015-08-17 07:56:50.200
5730	1W9314	4267	\N	1	\N	6	2015-08-17 00:00:00.000	2015-08-17 07:57:22.383
5731	1W9510	7417	\N	6	\N	6	2015-08-17 00:00:00.000	2015-08-17 07:58:22.053
5732	4S9044	10705	\N	6	\N	6	2015-08-17 00:00:00.000	2015-08-17 08:13:56.073
5733	5TG	9851	\N	6	\N	6	2015-08-17 00:00:00.000	2015-08-17 08:19:10.803
5734	1F9164	8677	\N	6	\N	6	2015-08-17 00:00:00.000	2015-08-17 08:25:26.547
5735	5YT	6998	\N	6	\N	6	2015-08-17 00:00:00.000	2015-08-17 08:31:17.873
5736	4S9182	6668	\N	6	\N	6	2015-08-17 00:00:00.000	2015-08-17 08:38:41.273
5737	4VZ	4368	\N	10	\N	6	2015-08-17 00:00:00.000	2020-11-16 17:02:28.190
5738	4S7	4368	\N	10	\N	6	2015-08-17 00:00:00.000	2022-04-06 19:11:34.133
5739	526	1445	\N	6	\N	6	2015-08-17 00:00:00.000	2015-08-17 10:52:30.297
5740	4S9197	7954	\N	3	\N	6	2015-08-17 00:00:00.000	2015-08-17 11:08:15.220
5741	1S9961	9903	\N	6	\N	6	2015-08-17 00:00:00.000	2015-08-17 11:20:17.207
5742	4S9237	7464	\N	6	\N	6	2015-08-17 00:00:00.000	2015-08-17 11:24:12.733
5743	1S9983	10657	\N	1	\N	6	2015-08-17 00:00:00.000	2015-08-17 11:28:04.350
5744	5PT	10641	\N	6	\N	6	2015-08-17 00:00:00.000	2015-10-19 16:00:41.437
5745	4S9008	10222	\N	6	\N	6	2015-08-17 00:00:00.000	2015-08-17 11:40:20.793
5747	XL9363	17280	\N	2	\N	31	2015-08-17 00:00:00.000	2023-04-17 14:12:04.753
5748	XL9486	17280	\N	2	\N	31	2015-08-17 00:00:00.000	2023-04-17 14:12:18.323
5749	1M9951	13524	\N	6	\N	6	2015-08-17 00:00:00.000	2015-08-18 12:46:29.507
5750	4S9011	10875	\N	9	\N	6	2015-08-17 00:00:00.000	2015-08-17 15:56:18.367
5751	1U9117	8511	\N	6	\N	6	2015-08-17 00:00:00.000	2015-08-17 16:05:24.977
5752	1V9640	1469	\N	6	\N	6	2015-08-17 00:00:00.000	2015-08-17 16:11:13.263
5753	1V9172	1469	\N	1	\N	6	2015-08-17 00:00:00.000	2015-08-17 16:14:38.543
5754	5AG	10475	\N	6	\N	6	2015-08-17 00:00:00.000	2015-08-17 16:19:56.847
5755	1VM	9590	\N	6	\N	6	2015-08-17 00:00:00.000	2015-08-17 16:30:52.610
5756	1V9153	11126	\N	6	\N	6	2015-08-17 00:00:00.000	2015-08-17 16:34:23.910
5757	4S9242	1713	\N	6	\N	6	2015-08-17 00:00:00.000	2015-08-17 16:37:32.890
5758	1V9VAS	9687	\N	6	\N	6	2015-08-17 00:00:00.000	2015-08-17 16:38:25.430
5759	5HZ	10020	\N	6	\N	6	2015-08-17 00:00:00.000	2015-08-17 16:49:36.107
5760	1V9151	10742	\N	1	\N	6	2015-08-17 00:00:00.000	2015-08-17 16:54:53.380
5761	1V9201	7794	\N	6	\N	6	2015-08-17 00:00:00.000	2015-08-17 17:01:43.333
5762	1V9150	11825	\N	6	\N	6	2015-08-17 00:00:00.000	2015-08-17 17:06:52.370
5763	1W9163	8686	\N	6	\N	6	2015-08-17 00:00:00.000	2015-08-17 17:12:27.897
5764	1V9159	1610	\N	6	\N	6	2015-08-17 00:00:00.000	2015-08-17 17:17:15.763
5765	1Z9196	10719	\N	1	\N	6	2015-08-18 00:00:00.000	2015-08-18 08:15:44.200
5766	1Z9299	4280	\N	1	\N	6	2015-08-18 00:00:00.000	2015-08-18 15:20:44.300
5767	1Z9471	6599	\N	6	\N	6	2015-08-18 00:00:00.000	2015-08-18 08:30:21.000
5768	1Z9454	1660	\N	1	\N	6	2015-08-18 00:00:00.000	2015-08-18 08:34:33.627
5769	1Z9217	2546	\N	9	\N	6	2015-08-18 00:00:00.000	2015-08-18 08:38:58.547
5770	538	8947	\N	1	\N	6	2015-08-18 00:00:00.000	2015-08-18 08:41:30.380
5771	LZL	7692	\N	1	\N	45	2015-08-18 00:00:00.000	2015-08-18 08:44:28.347
5772	L8X	10302	\N	1	\N	8	2015-08-18 00:00:00.000	2017-02-02 16:14:47.340
5773	4S9127	11430	\N	6	\N	6	2015-08-18 00:00:00.000	2015-08-18 08:56:44.700
5774	5DN	8543	\N	6	\N	6	2015-08-18 00:00:00.000	2015-08-18 09:26:24.957
5775	1W9350	11452	\N	6	\N	6	2015-08-18 00:00:00.000	2015-08-18 09:27:17.890
5776	1W9414	13525	\N	1	\N	6	2015-08-18 00:00:00.000	2015-08-18 09:28:17.357
5777	1W9547	7382	\N	3	\N	6	2015-08-18 00:00:00.000	2015-08-18 09:29:02.847
5778	1W9485	11880	\N	9	\N	6	2015-08-18 00:00:00.000	2020-02-05 12:44:15.413
5779	1W9556	7618	\N	6	\N	6	2015-08-18 00:00:00.000	2015-08-18 09:30:54.013
5780	1W9427	9980	\N	1	\N	6	2015-08-18 00:00:00.000	2015-08-18 09:32:14.600
5781	1W9500	7950	\N	6	\N	6	2015-08-18 00:00:00.000	2015-08-18 09:32:57.283
5782	1W9466	8495	\N	6	\N	6	2015-08-18 00:00:00.000	2015-08-18 09:34:05.970
5783	1W9110	13399	\N	6	\N	6	2015-08-18 00:00:00.000	2024-09-12 16:19:26.370
5784	1W9436	9116	\N	1	\N	6	2015-08-18 00:00:00.000	2015-08-18 09:35:12.893
5785	1W9432	10014	\N	1	\N	6	2015-08-18 00:00:00.000	2015-08-18 09:36:21.817
5786	1W9424	9545	\N	1	\N	6	2015-08-18 00:00:00.000	2015-08-18 09:36:55.793
5787	1W9437	9505	\N	1	\N	6	2015-08-18 00:00:00.000	2015-08-18 09:37:35.290
5788	1W9517	7255	\N	1	\N	6	2015-08-18 00:00:00.000	2015-08-18 09:38:26.087
5789	1W9513	7117	\N	6	\N	6	2015-08-18 00:00:00.000	2015-08-18 09:39:18.330
5790	1W9410	9248	\N	6	\N	6	2015-08-18 00:00:00.000	2015-08-18 09:40:12.977
5791	1W9431	10505	\N	6	\N	6	2015-08-18 00:00:00.000	2015-08-18 09:41:09.403
5792	1W9433	11793	\N	6	\N	6	2015-08-18 00:00:00.000	2015-08-18 09:41:50.773
5793	4S9070	11821	\N	1	\N	6	2015-08-18 00:00:00.000	2015-08-18 09:42:10.570
5794	4S9248	7081	\N	6	\N	6	2015-08-18 00:00:00.000	2015-08-18 09:52:56.473
5795	4S9310	12218	\N	6	\N	6	2015-08-18 00:00:00.000	2015-08-18 10:19:06.973
5796	1V9171	6424	\N	9	\N	6	2015-08-18 00:00:00.000	2015-08-18 10:45:14.933
5797	1Z9364	6043	\N	9	\N	6	2015-08-18 00:00:00.000	2015-08-18 12:21:53.447
5798	1Z9358	12148	\N	6	\N	6	2015-08-18 00:00:00.000	2015-08-18 12:34:21.033
5799	4S9098	10943	\N	1	\N	6	2015-08-18 00:00:00.000	2015-08-18 12:54:58.207
5800	5XS	9055	\N	1	\N	6	2015-08-18 00:00:00.000	2015-08-18 13:21:16.260
5801	5GV	11404	\N	6	\N	6	2015-08-18 00:00:00.000	2017-08-22 09:48:11.263
5802	1M9836	12037	\N	6	\N	6	2015-08-18 00:00:00.000	2015-08-18 13:49:36.180
5803	1V9193	6111	\N	6	\N	6	2015-08-18 00:00:00.000	2015-08-18 14:30:59.830
5804	1A9796	8515	\N	6	\N	6	2015-08-18 00:00:00.000	2015-08-18 14:52:09.780
5805	1A9085	4422	\N	6	\N	6	2015-08-18 00:00:00.000	2015-08-18 15:00:14.503
5806	1A9507	4661	\N	6	\N	6	2015-08-18 00:00:00.000	2015-08-18 15:11:05.103
5807	5A0	11210	\N	6	\N	6	2015-08-18 00:00:00.000	2015-08-18 15:35:16.170
5808	1A9505	5491	\N	6	\N	6	2015-08-18 00:00:00.000	2015-08-18 15:41:47.293
5809	1A9256	10572	\N	6	\N	6	2015-08-18 00:00:00.000	2015-08-18 15:46:15.087
5810	2A9167	10553	\N	6	\N	6	2015-08-18 00:00:00.000	2015-08-18 16:06:45.817
5811	54T	7217	\N	2	\N	6	2015-08-18 00:00:00.000	2015-08-18 16:24:58.663
5812	54W	7217	\N	7	\N	6	2015-08-18 00:00:00.000	2015-08-18 16:49:41.617
5813	1M8	1126	\N	5	\N	6	2015-08-19 00:00:00.000	2016-09-12 10:36:13.890
5814	1TU	15380	\N	5	\N	6	2015-08-19 00:00:00.000	2016-09-07 17:00:58.980
5815	2M9058	14430	\N	5	\N	1	2015-08-19 00:00:00.000	2016-09-07 17:04:42.903
5816	3BM	1126	\N	5	\N	12	2015-08-19 00:00:00.000	2016-09-12 10:36:32.097
5817	1W9453	10749	\N	6	\N	6	2015-08-19 00:00:00.000	2015-08-19 09:28:49.543
5818	1W9415	11327	\N	1	\N	6	2015-08-19 00:00:00.000	2015-08-19 09:30:14.470
5819	1W9231	6937	\N	1	\N	6	2015-08-19 00:00:00.000	2015-08-19 09:31:06.447
5820	1W9438	11794	\N	6	\N	6	2015-08-19 00:00:00.000	2015-08-19 09:33:42.697
5821	1W9351	1374	\N	6	\N	6	2015-08-19 00:00:00.000	2015-08-19 09:35:12.430
5822	1W9413	7212	\N	1	\N	6	2015-08-19 00:00:00.000	2015-08-19 09:36:31.553
5823	1W9484	6404	\N	6	\N	6	2015-08-19 00:00:00.000	2015-08-19 09:37:49.460
5824	1W9408	9249	\N	6	\N	6	2015-08-19 00:00:00.000	2015-08-19 09:39:13.340
5825	L08	7434	\N	1	\N	8	2015-08-19 00:00:00.000	2026-05-12 09:27:50.913
5826	109021	1677	\N	6	\N	6	2015-08-19 00:00:00.000	2015-08-19 09:40:04.803
5827	1W9012	11713	\N	6	\N	6	2015-08-19 00:00:00.000	2015-08-19 09:40:39.030
5828	1W9462	9755	\N	6	\N	6	2015-08-19 00:00:00.000	2015-08-19 09:41:47.470
5829	1W9480	7045	\N	6	\N	6	2015-08-19 00:00:00.000	2015-08-19 09:42:21.413
5830	1W1	11681	\N	6	\N	6	2015-08-19 00:00:00.000	2020-06-04 14:54:52.990
5831	1W9521	7780	\N	6	\N	6	2015-08-19 00:00:00.000	2015-08-19 09:43:57.307
5832	1W9528	7985	\N	6	\N	6	2015-08-19 00:00:00.000	2021-01-13 09:27:58.700
5833	1W9561	6814	\N	6	\N	6	2015-08-19 00:00:00.000	2018-02-22 12:24:37.377
5834	LLP	7207	\N	1	\N	8	2015-08-19 00:00:00.000	2015-08-19 09:50:52.720
5835	L8Y	6691	\N	1	\N	6	2015-08-19 00:00:00.000	2016-03-31 14:32:23.330
5837	LFE	6659	\N	1	\N	8	2015-08-19 00:00:00.000	2022-12-13 15:11:28.713
5838	1G9415	11881	\N	6	\N	6	2015-08-19 00:00:00.000	2015-08-19 11:27:49.923
5839	LA9ZKD	12047	\N	9	\N	8	2015-08-19 00:00:00.000	2021-03-23 14:57:19.617
5840	WV3	1147	\N	10	\N	2	2015-08-19 00:00:00.000	2015-08-19 13:08:19.583
5841	54U	7217	\N	3	\N	6	2015-08-19 00:00:00.000	2015-08-19 13:41:13.753
5842	54V	7217	\N	3	\N	6	2015-08-19 00:00:00.000	2015-08-19 22:30:24.923
5843	1W9489	6713	\N	6	\N	6	2015-08-20 00:00:00.000	2015-08-20 07:53:18.657
5844	1W9516	7557	\N	1	\N	6	2015-08-20 00:00:00.000	2015-08-20 07:54:34.160
5845	1W9511	1436	\N	6	\N	6	2015-08-20 00:00:00.000	2017-03-08 14:50:58.517
5846	1W9552	7635	\N	6	\N	6	2015-08-20 00:00:00.000	2015-08-20 07:58:36.727
5847	1Z9267	10252	\N	6	\N	6	2015-08-20 00:00:00.000	2017-08-25 10:26:14.227
5848	LZ9373	1487	\N	1	\N	6	2015-08-20 00:00:00.000	2015-08-20 08:50:36.513
5849	LZS	13838	\N	1	\N	8	2015-08-20 00:00:00.000	2022-05-19 10:45:03.377
5850	1Z9410	7290	\N	6	\N	6	2015-08-20 00:00:00.000	2015-08-20 09:07:33.667
5851	11W	17473	\N	6	\N	6	2015-08-20 00:00:00.000	2024-03-15 11:59:37.177
5852	1Z9388	1697	\N	6	\N	5	2015-08-20 00:00:00.000	2015-08-20 09:16:53.567
5853	1Z9026	12042	\N	6	\N	6	2015-08-20 00:00:00.000	2015-08-20 09:21:28.690
5854	1W9465	7728	\N	6	\N	6	2015-08-20 00:00:00.000	2015-08-20 09:27:33.543
5855	1R9559	10015	\N	6	\N	6	2015-08-20 00:00:00.000	2015-08-20 09:37:12.070
5856	3F6	14190	\N	3	\N	12	2015-08-20 00:00:00.000	2018-02-28 14:51:58.553
5857	49H	2496	\N	3	2	6	2015-08-20 00:00:00.000	2018-02-28 14:50:06.093
5858	1HD	4249	\N	1	\N	6	2015-08-20 00:00:00.000	2021-06-16 15:40:17.880
5859	1A9686	9465	\N	6	\N	6	2015-08-20 00:00:00.000	2015-08-20 12:37:53.277
5860	1A9653	11545	\N	6	\N	6	2015-08-20 00:00:00.000	2015-08-20 12:44:52.107
5861	1A9671	9234	\N	6	\N	6	2015-08-20 00:00:00.000	2015-08-20 12:48:57.963
5862	1A9806	8681	\N	6	\N	6	2015-08-20 00:00:00.000	2015-08-20 13:39:35.287
5863	1A9679	8837	\N	6	\N	6	2015-08-20 00:00:00.000	2015-08-20 13:52:06.663
5864	5MC	5772	\N	6	\N	6	2015-08-21 00:00:00.000	2015-08-21 09:17:00.933
5865	1M9745	10592	\N	6	\N	6	2015-08-21 00:00:00.000	2017-12-14 15:55:37.353
5866	3M9009	7868	\N	6	\N	12	2015-08-21 00:00:00.000	2015-08-21 09:21:59.253
5867	1M9834	6684	\N	6	\N	6	2015-08-21 00:00:00.000	2015-08-21 09:23:51.463
5868	1M9854	12177	\N	6	\N	6	2015-08-21 00:00:00.000	2015-08-21 09:24:35.407
5869	1M9929	6329	\N	6	\N	6	2015-08-21 00:00:00.000	2015-08-21 09:27:08.663
5870	1M9819	7568	\N	6	\N	6	2015-08-21 00:00:00.000	2015-08-21 09:28:11.297
5871	1M9742	10681	\N	6	\N	6	2015-08-21 00:00:00.000	2015-08-21 09:29:17.050
5872	560	6269	\N	6	\N	6	2015-08-21 00:00:00.000	2015-08-21 09:37:37.360
5873	1M9902	6094	\N	6	\N	6	2015-08-21 00:00:00.000	2015-08-21 09:39:41.473
5874	1G9449	13468	\N	6	\N	6	2015-08-21 00:00:00.000	2015-08-21 09:40:40.707
5875	1B9721	8568	\N	1	\N	6	2015-08-21 00:00:00.000	2015-08-21 09:41:16.773
5876	1B9584	2005	\N	6	\N	6	2015-08-21 00:00:00.000	2015-08-21 09:42:13.637
5877	1B9843	1304	\N	6	\N	6	2015-08-21 00:00:00.000	2015-08-21 09:43:07.567
5878	1M9784	10739	\N	6	\N	6	2015-08-21 00:00:00.000	2015-08-21 09:58:46.623
5879	WV1	1147	\N	3	\N	2	2015-08-21 00:00:00.000	2015-08-21 11:53:58.720
5880	1A9684	6856	\N	6	\N	6	2015-08-21 00:00:00.000	2015-08-21 14:32:47.700
5881	1A9590	1963	\N	6	\N	6	2015-08-21 00:00:00.000	2015-08-21 14:37:31.497
5882	1A9522	1972	\N	6	\N	6	2015-08-21 00:00:00.000	2015-08-21 14:49:59.033
5883	1A9827	13527	\N	6	\N	6	2015-08-21 00:00:00.000	2015-08-21 15:01:31.100
5884	5N6	7831	\N	6	\N	6	2015-08-21 00:00:00.000	2025-05-21 14:17:40.190
5885	1A9513	12530	\N	1	\N	6	2015-08-21 00:00:00.000	2015-08-21 16:27:41.213
5886	1A9682	1417	\N	6	\N	6	2015-08-21 00:00:00.000	2015-08-21 16:38:39.923
5887	1A9493	5186	\N	6	\N	6	2015-08-21 00:00:00.000	2015-08-21 16:43:26.030
5888	L5C	12047	\N	1	\N	8	2015-08-23 00:00:00.000	2015-08-23 15:20:12.040
5889	1B9RWC	9091	\N	6	\N	6	2015-08-24 00:00:00.000	2015-08-24 08:21:13.707
5890	1B9886	10568	\N	1	\N	6	2015-08-24 00:00:00.000	2015-08-24 08:23:06.493
5891	1B9766	9706	\N	1	\N	6	2015-08-24 00:00:00.000	2015-08-24 08:23:37.850
5892	5F7	13153	\N	6	\N	6	2015-08-24 00:00:00.000	2015-08-24 08:24:21.343
5893	1B9699	13151	\N	1	\N	6	2015-08-24 00:00:00.000	2015-08-24 08:25:10.920
5894	1B9763	9475	\N	6	\N	6	2015-08-24 00:00:00.000	2015-08-24 08:26:06.753
5895	ZBN	10757	\N	1	\N	9	2015-08-24 00:00:00.000	2015-08-24 08:27:39.293
5896	1B9552	13528	\N	6	\N	6	2015-08-24 00:00:00.000	2015-08-24 08:33:30.853
5897	1E9256	5649	\N	1	\N	6	2015-08-24 00:00:00.000	2015-08-24 08:43:56.150
5898	2S2	1048	\N	2	\N	3	2015-08-24 00:00:00.000	2015-08-24 15:05:46.443
5899	1A9858	1577	\N	6	\N	6	2015-08-24 00:00:00.000	2015-08-24 15:15:50.227
5900	1A9689	9697	\N	1	\N	6	2015-08-24 00:00:00.000	2015-08-24 15:22:35.593
5901	4XV	5130	\N	6	\N	6	2015-08-24 00:00:00.000	2015-08-24 15:35:06.783
5902	5WT	6834	\N	1	\N	6	2015-08-24 00:00:00.000	2015-08-24 15:45:53.327
5903	1A9894	7254	\N	1	\N	6	2015-08-24 00:00:00.000	2015-08-24 16:13:46.287
5904	1A9687	1400	\N	6	\N	6	2015-08-24 00:00:00.000	2015-08-24 16:23:05.237
5905	1A9785	11215	\N	6	\N	6	2015-08-24 00:00:00.000	2015-08-24 16:28:32.587
5906	LD6	13530	\N	1	\N	8	2015-08-24 00:00:00.000	2015-08-24 18:51:51.777
5907	LJL	8670	\N	1	\N	8	2015-08-24 00:00:00.000	2015-08-24 19:00:32.113
5908	L43	7197	\N	9	\N	8	2015-08-24 00:00:00.000	2016-06-29 14:31:28.293
5909	1B9541	13050	\N	6	\N	6	2015-08-25 00:00:00.000	2015-08-25 10:03:21.853
5910	1B9668	13058	\N	6	\N	6	2015-08-25 00:00:00.000	2015-08-25 10:04:13.613
5911	1B9565	13062	\N	1	\N	6	2015-08-25 00:00:00.000	2015-08-25 10:05:06.310
5912	1B9542	13070	\N	6	\N	6	2015-08-25 00:00:00.000	2015-08-25 10:06:05.340
5913	1B9931	7189	\N	1	\N	6	2015-08-25 00:00:00.000	2015-08-25 10:06:42.407
5914	1B9942	7937	\N	3	\N	6	2015-08-25 00:00:00.000	2019-11-04 09:49:32.123
5915	1B9528	12614	\N	6	\N	6	2015-08-25 00:00:00.000	2015-08-25 10:09:13.913
5916	1B9887	9994	\N	6	\N	6	2015-08-25 00:00:00.000	2015-08-25 10:10:15.470
5917	LN1	1048	\N	1	\N	3	2015-08-25 00:00:00.000	2015-08-25 12:10:57.317
5918	L4S	9276	\N	1	\N	8	2015-08-25 00:00:00.000	2015-08-25 12:14:03.097
5919	1D9660	1239	\N	6	\N	6	2015-08-25 00:00:00.000	2015-08-25 12:41:18.340
5920	LFF	13728	\N	1	\N	8	2015-08-25 00:00:00.000	2025-02-25 14:40:48.667
5921	1D9574	1240	\N	6	\N	6	2015-08-25 00:00:00.000	2015-08-25 14:48:58.077
5922	1D9652	1241	\N	6	\N	6	2015-08-25 00:00:00.000	2015-08-25 15:14:14.697
5923	1D9575	1242	\N	6	\N	6	2015-08-25 00:00:00.000	2020-01-15 12:22:46.260
5924	13K	1243	\N	6	\N	6	2015-08-25 00:00:00.000	2015-08-25 15:30:17.373
5925	1D9731	1244	\N	6	\N	6	2015-08-25 00:00:00.000	2020-05-26 09:34:28.520
5926	1A9245	5198	\N	6	\N	6	2015-08-25 00:00:00.000	2015-08-25 15:46:51.487
5927	1D9675	1245	\N	6	\N	6	2015-08-25 00:00:00.000	2015-08-25 16:01:58.797
5928	1K9162	9756	\N	6	\N	6	2015-08-25 00:00:00.000	2015-08-25 16:16:05.210
5929	1B9539	5031	\N	6	\N	6	2015-08-25 00:00:00.000	2017-09-15 13:17:23.397
5930	1B9770	9485	\N	1	\N	6	2015-08-25 00:00:00.000	2015-08-25 18:21:22.067
5931	1B9901	8674	\N	6	\N	6	2015-08-25 00:00:00.000	2015-08-25 18:27:10.477
5932	1B9586	5039	\N	6	\N	6	2015-08-25 00:00:00.000	2015-08-25 18:33:00.603
5933	ZA9A12	14379	\N	2	\N	9	2015-08-25 00:00:00.000	2023-03-16 12:00:27.703
5934	BCA	13409	\N	6	\N	6	2015-08-26 00:00:00.000	2015-08-26 13:07:02.620
5935	1B9274	13531	\N	6	\N	6	2015-08-26 00:00:00.000	2015-08-26 13:07:43.443
5936	1B9698	5622	\N	1	\N	6	2015-08-26 00:00:00.000	2015-08-26 13:08:20.400
5937	1B9534	13301	\N	6	\N	6	2015-08-26 00:00:00.000	2015-08-26 13:10:58.087
5938	5F8	9178	\N	9	\N	6	2015-08-26 00:00:00.000	2015-08-26 13:33:19.203
5939	LEH	7807	\N	1	\N	8	2015-08-26 00:00:00.000	2020-09-03 10:27:27.650
5940	1M9685	9345	\N	6	\N	6	2015-08-26 00:00:00.000	2015-08-26 14:26:39.770
5941	1B9935	6670	\N	6	\N	6	2015-08-26 00:00:00.000	2015-08-26 14:44:10.603
5942	5HE	9738	\N	6	\N	6	2015-08-26 00:00:00.000	2015-08-26 16:13:05.517
5943	52F	6141	\N	9	\N	6	2015-08-26 00:00:00.000	2019-10-18 16:41:17.273
5944	1B9756	9472	\N	1	\N	6	2015-08-26 00:00:00.000	2015-08-26 16:38:10.747
5945	5WP	6238	\N	6	\N	6	2015-08-26 00:00:00.000	2015-08-26 17:17:08.927
5946	1M9776	9748	\N	6	\N	6	2015-08-27 00:00:00.000	2015-08-27 08:27:01.550
5947	1C9643	11735	\N	6	\N	6	2015-08-27 00:00:00.000	2015-08-27 10:46:37.470
5948	4C9135	10317	\N	6	\N	6	2015-08-27 00:00:00.000	2015-08-27 10:47:26.670
5949	4KF	9159	\N	6	\N	6	2015-08-27 00:00:00.000	2017-09-28 11:57:16.823
5950	5SR	13532	\N	6	\N	6	2015-08-27 00:00:00.000	2015-08-27 11:16:13.250
5951	4C9174	7701	\N	6	\N	6	2015-08-27 00:00:00.000	2015-08-27 11:20:34.973
5952	1C9986	4026	\N	6	\N	6	2015-08-27 00:00:00.000	2015-08-27 11:23:04.560
5953	4GA	4026	\N	6	\N	6	2015-08-27 00:00:00.000	2015-08-27 11:23:56.323
5954	1C9768	4030	\N	6	\N	6	2015-08-27 00:00:00.000	2015-08-27 11:24:49.300
5955	5B6	4521	\N	1	\N	6	2015-08-27 00:00:00.000	2015-08-27 11:26:32.853
5956	1C9997	9473	\N	6	\N	6	2015-08-27 00:00:00.000	2015-08-27 11:27:53.363
5957	1Z9209	4802	\N	6	\N	6	2015-08-27 00:00:00.000	2015-08-27 11:28:07.747
5958	1C9750	9095	\N	1	\N	6	2015-08-27 00:00:00.000	2015-08-27 11:28:52.817
5959	5LL	4539	\N	6	\N	6	2015-08-27 00:00:00.000	2015-08-27 11:29:53.907
5960	4C9019	9264	\N	6	\N	6	2015-08-27 00:00:00.000	2015-08-27 11:30:56.710
5961	4B9355	7694	\N	6	\N	6	2015-08-27 00:00:00.000	2015-08-27 11:33:31.980
5962	1Z9289	9349	\N	6	\N	6	2015-08-27 00:00:00.000	2015-08-27 11:49:30.880
5963	1Z9048	10318	\N	6	\N	6	2015-08-27 00:00:00.000	2015-08-27 11:57:33.187
5964	Y69001	13533	\N	6	\N	6	2015-08-27 00:00:00.000	2015-08-27 12:11:15.153
5965	5D6	2216	\N	6	\N	6	2015-08-27 00:00:00.000	2015-08-27 12:17:48.930
5966	MD2	13034	\N	1	\N	36	2015-08-27 00:00:00.000	2022-08-11 10:04:06.407
5967	1C9844	12711	\N	1	\N	6	2015-08-27 00:00:00.000	2015-08-27 18:17:20.023
5968	1C9910	12712	\N	6	\N	6	2015-08-27 00:00:00.000	2015-08-27 18:25:34.653
5969	1C9915	12713	\N	1	\N	6	2015-08-27 00:00:00.000	2015-08-27 18:30:08.573
5970	1C9658	9139	\N	6	\N	6	2015-08-27 00:00:00.000	2015-08-27 18:36:10.697
5971	1C9762	12727	\N	6	\N	6	2015-08-27 00:00:00.000	2018-04-04 12:16:57.203
5972	1C9769	12731	\N	6	\N	6	2015-08-27 00:00:00.000	2015-08-27 19:04:42.427
5973	4VN	11395	\N	6	\N	6	2015-08-27 00:00:00.000	2015-08-27 19:21:38.643
5974	4C9248	13534	\N	6	\N	6	2015-08-27 00:00:00.000	2015-08-27 19:47:07.790
5975	4MF	8567	\N	6	\N	6	2015-08-28 00:00:00.000	2017-07-20 07:37:35.213
5976	1C9911	2100	\N	6	\N	6	2015-08-28 00:00:00.000	2015-08-28 09:36:58.927
5977	1C9992	9487	\N	6	\N	6	2015-08-28 00:00:00.000	2015-08-28 09:37:57.083
5978	1C9924	11101	\N	1	\N	6	2015-08-28 00:00:00.000	2015-08-28 09:38:36.583
5979	1C9775	5220	\N	6	\N	6	2015-08-28 00:00:00.000	2015-08-28 09:40:01.790
5980	4C9009	5267	\N	6	\N	1	2015-08-28 00:00:00.000	2015-08-28 13:38:34.283
5981	2C0	13535	\N	3	\N	1	2015-08-28 00:00:00.000	2019-11-05 10:47:25.087
5982	1C9913	9261	\N	6	\N	6	2015-08-28 00:00:00.000	2015-08-28 18:44:42.210
5983	1C9930	5690	\N	6	\N	6	2015-08-28 00:00:00.000	2015-08-28 19:03:25.147
5984	5DS	5694	\N	6	\N	6	2015-08-28 00:00:00.000	2015-08-28 19:08:15.307
5985	1C9988	9660	\N	1	\N	6	2015-08-28 00:00:00.000	2015-08-28 19:14:00.847
5986	4C9059	10494	\N	1	\N	6	2015-08-29 00:00:00.000	2015-08-29 12:32:57.840
5987	4C9439	7738	\N	1	\N	6	2015-08-29 00:00:00.000	2015-08-29 12:40:02.300
5988	LFY	22773	\N	1	\N	8	2015-08-29 00:00:00.000	2023-10-18 08:22:03.210
5989	5D7	9410	\N	6	\N	6	2015-08-29 00:00:00.000	2015-08-29 13:00:34.280
5990	5EF	4094	\N	6	\N	6	2015-08-29 00:00:00.000	2015-08-29 13:09:16.133
5991	LFG	7888	\N	1	\N	8	2015-08-29 00:00:00.000	2021-04-14 12:45:41.733
5992	1L9287	7879	\N	6	\N	6	2015-08-29 00:00:00.000	2015-08-29 17:53:34.637
5993	1C9577	10148	\N	6	\N	6	2015-08-31 00:00:00.000	2015-08-31 12:38:50.343
5994	LKX	18814	\N	1	\N	8	2015-08-31 00:00:00.000	2023-11-29 09:10:16.463
5995	1Z9391	7071	\N	1	\N	6	2015-08-31 00:00:00.000	2015-08-31 13:31:58.440
5996	1Z9233	9899	\N	6	\N	6	2015-08-31 00:00:00.000	2015-08-31 13:32:55.460
5997	1Z9254	9429	\N	1	\N	6	2015-08-31 00:00:00.000	2015-08-31 13:33:35.753
5998	4WN	11499	\N	6	\N	6	2015-08-31 00:00:00.000	2015-08-31 13:34:08.873
5999	1H9547	12326	\N	6	\N	6	2015-08-31 00:00:00.000	2015-08-31 13:34:43.583
6000	1H9538	8541	\N	6	\N	6	2015-08-31 00:00:00.000	2015-08-31 13:36:02.097
6001	1H9500	9840	\N	6	\N	6	2015-08-31 00:00:00.000	2015-08-31 13:36:38.757
6002	1H9634	6755	\N	1	\N	6	2015-08-31 00:00:00.000	2015-08-31 13:37:11.830
6003	1H9528	9081	\N	6	\N	6	2015-08-31 00:00:00.000	2015-08-31 13:38:10.470
6004	1G9401	7030	\N	6	\N	6	2015-08-31 00:00:00.000	2015-08-31 13:38:54.057
6005	4Z1	9165	\N	6	\N	6	2015-08-31 00:00:00.000	2015-08-31 13:39:59.937
6006	1G9411	15002	\N	9	\N	6	2015-08-31 00:00:00.000	2016-04-22 16:59:41.730
6007	1D9543	11465	\N	6	\N	6	2015-08-31 00:00:00.000	2015-08-31 13:54:47.390
6008	1D9233	5398	\N	6	\N	6	2015-08-31 00:00:00.000	2015-08-31 14:04:43.420
6009	1D9540	1393	\N	6	\N	6	2015-08-31 00:00:00.000	2015-08-31 14:37:33.627
6010	1D9412	4697	\N	6	\N	6	2015-08-31 00:00:00.000	2015-08-31 14:54:08.067
6011	1D9503	4710	\N	6	\N	6	2015-08-31 00:00:00.000	2015-08-31 16:05:12.880
6012	1D9633	8991	\N	1	\N	6	2015-08-31 00:00:00.000	2015-08-31 16:10:30.480
6013	1D9209	13538	\N	6	\N	6	2015-08-31 00:00:00.000	2015-08-31 16:26:40.117
6014	1D9645	8477	\N	6	\N	6	2015-08-31 00:00:00.000	2015-08-31 20:21:11.277
6015	1D9499	2186	\N	6	\N	6	2015-08-31 00:00:00.000	2015-08-31 20:27:58.640
6016	1D9539	1404	\N	6	\N	6	2015-08-31 00:00:00.000	2015-08-31 20:31:27.730
6017	1D9389	2189	\N	6	\N	6	2015-08-31 00:00:00.000	2015-08-31 20:35:00.793
6018	1D9513	9464	\N	6	\N	6	2015-08-31 00:00:00.000	2015-08-31 20:59:56.180
6020	1E9242	12532	\N	6	\N	6	2015-09-03 00:00:00.000	2015-09-03 07:02:45.193
6021	1E9253	12539	\N	6	\N	6	2015-09-03 00:00:00.000	2015-09-03 07:03:41.633
6022	1E9413	9299	\N	1	\N	6	2015-09-03 00:00:00.000	2015-09-03 08:06:54.297
6023	1E9459	12181	\N	6	\N	6	2015-09-03 00:00:00.000	2015-09-03 08:07:55.607
6024	1E9280	10788	\N	6	\N	6	2015-09-03 00:00:00.000	2015-09-03 08:08:49.300
6025	5EH	13540	\N	1	\N	6	2015-09-03 00:00:00.000	2015-09-03 08:09:32.327
6026	1X9008	5724	\N	1	\N	6	2015-09-03 00:00:00.000	2016-04-12 13:23:13.023
6027	1E9410	13541	\N	6	\N	6	2015-09-03 00:00:00.000	2015-09-03 08:11:17.610
6028	1E9442	1472	\N	1	\N	6	2015-09-03 00:00:00.000	2015-09-03 08:11:56.080
6029	1F9200	4861	\N	6	\N	6	2015-09-03 00:00:00.000	2015-09-03 08:13:24.813
6030	1F9334	8852	\N	6	\N	6	2015-09-03 00:00:00.000	2015-09-03 08:15:00.050
6031	1D9480	8971	\N	6	\N	6	2015-09-03 00:00:00.000	2015-09-03 08:30:45.350
6032	1F9375	11882	\N	6	\N	6	2015-09-03 00:00:00.000	2015-09-03 10:55:40.103
6033	1F9199	13543	\N	5	\N	6	2015-09-03 00:00:00.000	2017-10-17 15:50:38.633
6034	2FH	7560	\N	9	\N	1	2015-09-03 00:00:00.000	2020-06-02 15:47:57.170
6035	1F9329	9732	\N	6	\N	6	2015-09-03 00:00:00.000	2015-09-03 10:59:04.840
6036	2F9073	9631	\N	6	\N	1	2015-09-03 00:00:00.000	2015-09-03 10:59:53.230
6037	159001	13542	\N	6	\N	6	2015-09-03 00:00:00.000	2015-09-03 11:02:50.447
6038	1C9969	1416	\N	1	\N	6	2015-09-03 00:00:00.000	2015-09-03 13:59:44.847
6039	1D9541	1405	\N	6	\N	6	2015-09-03 00:00:00.000	2015-09-03 22:43:05.283
6040	1D9393	4919	\N	6	\N	6	2015-09-03 00:00:00.000	2015-09-03 22:47:39.593
6041	1E9272	10243	\N	6	\N	6	2015-09-03 00:00:00.000	2015-09-03 22:59:10.020
6042	1E9363	11737	\N	9	\N	6	2015-09-03 00:00:00.000	2015-09-03 23:06:08.647
6043	LZX	10038	\N	1	\N	8	2015-09-03 00:00:00.000	2016-06-24 11:18:13.477
6044	1E9254	12429	\N	6	\N	6	2015-09-03 00:00:00.000	2015-09-03 23:24:21.427
6045	4L4	9636	\N	6	\N	6	2015-09-04 00:00:00.000	2015-09-04 09:15:13.597
6046	4S9142	11220	\N	6	\N	6	2015-09-04 00:00:00.000	2015-09-04 09:16:50.863
6047	1G9385	10529	\N	6	\N	6	2015-09-04 00:00:00.000	2015-09-04 11:18:40.413
6048	1G9009	5480	\N	6	\N	6	2015-09-04 00:00:00.000	2015-09-04 11:19:21.893
6049	5L0	12877	\N	6	\N	6	2015-09-04 00:00:00.000	2015-09-04 11:20:19.893
6050	1G9324	1758	\N	6	\N	6	2015-09-04 00:00:00.000	2015-09-04 11:21:14.353
6051	1C9959	4266	\N	1	\N	6	2015-09-04 00:00:00.000	2015-09-04 14:05:11.683
6052	LJR	9950	\N	6	\N	8	2015-09-04 00:00:00.000	2015-09-04 14:13:00.107
6053	1C9987	1406	\N	6	\N	6	2015-09-04 00:00:00.000	2015-09-04 14:39:48.470
6054	1C9889	10913	\N	1	\N	6	2015-09-04 00:00:00.000	2015-09-04 15:25:05.730
6055	L1P	9554	\N	1	\N	8	2015-09-04 00:00:00.000	2019-11-07 08:07:01.430
6056	1C9946	9463	\N	6	\N	6	2015-09-04 00:00:00.000	2015-09-04 15:45:49.673
6057	1C9759	4590	\N	6	\N	6	2015-09-04 00:00:00.000	2015-09-04 15:52:04.153
6058	1C9780	4597	\N	6	\N	6	2015-09-04 00:00:00.000	2015-09-04 16:00:44.540
6059	1E9429	8473	\N	1	\N	6	2015-09-04 00:00:00.000	2015-09-04 22:21:07.737
6060	1E9260	5447	\N	6	\N	6	2015-09-04 00:00:00.000	2015-09-04 22:27:47.067
6061	1E9337	5502	\N	1	\N	6	2015-09-04 00:00:00.000	2015-09-04 22:32:24.903
6062	1E9497	7548	\N	6	\N	6	2015-09-04 00:00:00.000	2015-09-04 22:44:24.440
6063	1E9230	4244	\N	6	\N	6	2015-09-04 00:00:00.000	2015-09-04 22:53:22.377
6064	1E9258	4245	\N	6	\N	6	2015-09-04 00:00:00.000	2015-09-04 22:59:31.177
6065	1E9507	7774	\N	1	\N	6	2015-09-04 00:00:00.000	2015-09-04 23:16:45.317
6066	1E9252	3967	\N	6	\N	6	2015-09-04 00:00:00.000	2015-09-04 23:29:59.267
6067	1G9345	9469	\N	6	\N	6	2015-09-08 00:00:00.000	2015-09-08 13:13:57.850
6068	1W9395	1420	\N	1	\N	6	2015-09-08 00:00:00.000	2015-09-08 13:14:39.457
6069	1G9262	12956	\N	9	\N	6	2015-09-08 00:00:00.000	2015-09-08 13:15:42.637
6070	1F9285	13426	\N	6	\N	6	2015-09-08 00:00:00.000	2015-09-08 13:16:23.417
6071	1F9211	5413	\N	6	\N	6	2015-09-08 00:00:00.000	2015-09-08 13:17:37.577
6072	LJ5	9909	\N	1	\N	8	2015-09-08 00:00:00.000	2015-09-08 13:18:55.173
6073	2DN	10459	\N	9	\N	1	2015-09-08 00:00:00.000	2015-09-08 17:02:33.427
6074	5MB	1761	\N	6	\N	6	2015-09-08 00:00:00.000	2015-09-08 17:50:11.163
6075	1G9323	12447	\N	1	\N	6	2015-09-08 00:00:00.000	2015-09-08 17:54:21.513
6076	1G9359	8888	\N	1	\N	6	2015-09-08 00:00:00.000	2015-09-08 18:01:41.997
6077	3E9003	12419	\N	6	\N	12	2015-09-08 00:00:00.000	2015-09-08 18:09:07.547
6078	1E9276	10244	\N	6	\N	6	2015-09-08 00:00:00.000	2015-09-08 18:17:54.300
6079	1E9463	7059	\N	1	\N	6	2015-09-08 00:00:00.000	2015-09-08 18:51:57.950
6080	5LY	9895	\N	1	\N	6	2015-09-09 00:00:00.000	2015-09-09 10:00:43.290
6081	1B9511	13045	\N	6	\N	6	2015-09-09 00:00:00.000	2015-09-09 10:12:07.583
6082	1C9718	9585	\N	6	\N	6	2015-09-09 00:00:00.000	2015-09-09 15:18:03.637
6083	1C9778	3946	\N	6	\N	6	2015-09-09 00:00:00.000	2015-09-09 15:27:42.540
6084	1H9485	10628	\N	6	\N	6	2015-09-09 00:00:00.000	2015-09-09 22:34:54.600
6085	1H9428	5522	\N	6	\N	6	2015-09-09 00:00:00.000	2015-09-09 22:39:37.117
6086	1H9522	7703	\N	6	\N	6	2015-09-09 00:00:00.000	2015-09-09 22:45:31.143
6087	1H9467	6855	\N	6	\N	6	2015-09-09 00:00:00.000	2015-09-09 22:50:53.020
6088	1H9579	1475	\N	6	\N	6	2015-09-09 00:00:00.000	2015-09-09 22:57:45.593
6089	1H9366	4255	\N	6	\N	6	2015-09-09 00:00:00.000	2015-09-09 23:04:53.877
6090	1H9332	4258	\N	6	\N	6	2015-09-09 00:00:00.000	2015-09-09 23:11:35.470
6091	1H9474	9480	\N	6	\N	6	2015-09-09 00:00:00.000	2015-09-09 23:23:31.353
6092	2PC	13545	\N	5	\N	1	2015-09-10 00:00:00.000	2021-10-07 15:26:57.713
6093	1H9450	10901	\N	1	\N	6	2015-09-10 00:00:00.000	2015-09-10 13:29:38.397
6094	1H9466	1396	\N	6	\N	6	2015-09-10 00:00:00.000	2015-09-10 13:40:54.550
6095	1H9112	13546	\N	6	\N	6	2015-09-10 00:00:00.000	2015-09-10 13:47:08.827
6096	1C9973	1409	\N	1	\N	6	2015-09-10 00:00:00.000	2015-09-10 15:01:32.883
6097	1C9993	4265	\N	1	\N	6	2015-09-10 00:00:00.000	2015-09-10 15:27:09.547
6098	1H9359	5011	\N	6	\N	6	2015-09-10 00:00:00.000	2015-09-10 15:35:47.687
6099	1H9368	5017	\N	9	\N	6	2015-09-10 00:00:00.000	2015-09-10 15:42:14.520
6100	1C9032	2025	\N	6	\N	6	2015-09-10 00:00:00.000	2015-09-10 15:42:47.530
6101	1H9491	8723	\N	6	\N	6	2015-09-10 00:00:00.000	2015-09-10 15:54:54.743
6102	1H9449	12651	\N	6	\N	6	2015-09-10 00:00:00.000	2015-09-10 15:59:40.473
6103	1H9532	10322	\N	6	\N	6	2015-09-10 00:00:00.000	2015-09-10 16:04:55.217
6104	5RD	9925	\N	1	\N	6	2015-09-10 00:00:00.000	2015-09-10 16:51:25.313
6105	1B9870	13548	\N	6	\N	6	2015-09-11 00:00:00.000	2015-09-11 07:43:11.470
6106	1W9460	10305	\N	1	\N	6	2015-09-11 00:00:00.000	2015-09-11 09:27:07.927
6107	1F9344	9933	\N	6	\N	6	2015-09-11 00:00:00.000	2015-09-11 09:53:33.153
6108	1GH	984	\N	7	\N	6	2015-09-11 00:00:00.000	2018-06-29 15:53:33.577
6109	4G3	984	\N	2	\N	6	2015-09-11 00:00:00.000	2015-09-11 15:20:48.643
6110	1H9470	9659	\N	6	\N	6	2015-09-11 00:00:00.000	2015-09-11 18:47:31.523
6111	1H9504	11599	\N	1	\N	6	2015-09-11 00:00:00.000	2015-09-11 18:52:51.247
6112	1H9488	10461	\N	1	\N	6	2015-09-11 00:00:00.000	2015-09-11 18:58:55.473
6113	1H9349	13549	\N	6	\N	6	2015-09-11 00:00:00.000	2015-09-11 19:12:47.830
6114	1H9194	12465	\N	6	\N	6	2015-09-11 00:00:00.000	2015-09-11 20:35:26.237
6115	KM1	4934	\N	1	\N	15	2015-09-11 00:00:00.000	2016-03-08 15:27:10.990
6116	1Z9307	9936	\N	6	\N	6	2015-09-11 00:00:00.000	2015-09-11 20:57:35.873
6117	1W9544	7659	\N	6	\N	6	2015-09-13 16:35:45.000	2015-09-13 17:13:47.743
6118	1W9477	7007	\N	6	\N	6	2015-09-13 17:02:08.000	2015-09-13 17:12:45.797
6119	1W9425	9974	\N	6	\N	6	2015-09-13 17:22:27.380	2015-09-13 17:22:27.380
6120	1W9495	6910	\N	6	\N	6	2015-09-13 18:06:29.447	2015-09-13 18:06:29.447
6121	582	7662	\N	6	\N	6	2015-09-13 18:21:08.650	2015-09-13 18:21:08.650
6122	4MV	7024	\N	6	\N	6	2015-09-13 18:50:32.000	2015-09-13 19:02:01.537
6123	1W9520	7759	\N	6	\N	6	2015-09-13 19:23:10.067	2015-09-13 19:23:10.067
6124	1A9270	1969	\N	6	\N	6	2015-09-14 00:00:00.000	2017-06-30 10:04:50.847
6125	1G3	984	\N	2	\N	6	2015-09-14 00:00:00.000	2015-09-14 09:23:58.997
6126	2G3	984	\N	2	\N	6	2015-09-14 00:00:00.000	2015-09-14 09:24:46.937
6127	1J9301	13439	\N	6	\N	6	2015-09-14 00:00:00.000	2015-09-14 09:24:57.683
6128	1J9303	9939	\N	6	\N	6	2015-09-14 00:00:00.000	2015-09-14 09:25:32.533
6129	1Z9246	9709	\N	9	\N	6	2015-09-14 00:00:00.000	2015-09-14 10:38:49.450
6130	1Z9141	12974	\N	1	\N	6	2015-09-14 00:00:00.000	2015-09-14 10:41:29.020
6131	5L6	12604	\N	6	\N	6	2015-09-14 00:00:00.000	2015-09-14 10:42:07.663
6132	1Z9272	9769	\N	1	\N	6	2015-09-14 00:00:00.000	2015-09-14 10:42:58.207
6133	1Z9273	9842	\N	6	\N	6	2015-09-14 00:00:00.000	2015-09-14 10:43:30.717
6134	420	4819	\N	6	\N	6	2015-09-14 00:00:00.000	2015-09-14 10:44:41.900
6135	1J9291	12982	\N	6	\N	6	2015-09-14 00:00:00.000	2015-09-14 10:45:23.037
6136	1J9234	4957	\N	6	\N	6	2015-09-14 00:00:00.000	2015-09-14 10:46:08.700
6137	1J9385	8952	\N	1	\N	6	2015-09-14 00:00:00.000	2015-09-14 10:46:56.543
6138	1J9394	6447	\N	1	\N	6	2015-09-14 00:00:00.000	2015-09-14 10:47:31.627
6139	LXA	9371	\N	1	\N	45	2015-09-14 00:00:00.000	2019-12-30 14:02:45.573
6140	4C9309	1219	\N	6	\N	6	2015-09-14 00:00:00.000	2015-09-14 12:01:20.413
6141	4C9374	1218	\N	1	\N	6	2015-09-14 00:00:00.000	2015-09-14 12:02:36.247
6142	4C9343	1216	\N	6	\N	6	2015-09-14 00:00:00.000	2015-09-14 12:03:23.310
6143	4G1	984	\N	2	\N	6	2015-09-14 00:00:00.000	2015-09-14 13:41:17.627
6144	4G2	984	\N	2	\N	6	2015-09-14 00:00:00.000	2015-09-14 13:54:34.647
6145	1F9000	9940	\N	6	\N	6	2015-09-14 00:00:00.000	2015-09-14 20:16:04.053
6146	1Z9133	13135	\N	6	\N	6	2015-09-14 00:00:00.000	2015-09-14 20:19:52.233
6147	1Z9140	5286	\N	6	\N	6	2015-09-14 00:00:00.000	2017-08-22 08:09:37.930
6148	1Z9295	11386	\N	6	\N	6	2015-09-14 00:00:00.000	2015-09-14 20:54:14.027
6149	1Z9222	1397	\N	6	\N	6	2015-09-14 00:00:00.000	2015-09-14 20:59:49.850
6150	5PD	9669	\N	6	\N	6	2015-09-14 00:00:00.000	2015-09-14 21:10:05.067
6151	1T9AAA	12499	\N	6	\N	6	2015-09-14 00:00:00.000	2015-09-14 21:18:23.660
6152	1J9273	9895	\N	1	\N	6	2015-09-15 00:00:00.000	2015-09-15 10:17:54.383
6153	1J9101	4002	\N	6	\N	6	2015-09-15 00:00:00.000	2015-09-15 10:19:36.750
6154	1J9311	8578	\N	6	\N	6	2015-09-15 00:00:00.000	2015-09-15 10:20:47.060
6155	1J9327	9700	\N	1	\N	6	2015-09-15 00:00:00.000	2015-09-15 10:22:02.360
6156	1J9270	3654	\N	6	\N	6	2015-09-15 00:00:00.000	2015-09-15 10:22:50.893
6157	2J9038	3655	\N	1	\N	1	2015-09-15 00:00:00.000	2015-09-15 10:24:43.930
6158	1K9251	3661	\N	6	\N	6	2015-09-15 00:00:00.000	2015-09-15 10:26:49.947
6159	1K9298	3661	\N	6	\N	6	2015-09-15 00:00:00.000	2015-09-15 13:26:28.397
6160	1C9980	1421	\N	1	\N	6	2015-09-15 00:00:00.000	2015-09-15 13:50:29.153
6161	1C9772	3488	\N	6	\N	6	2015-09-15 00:00:00.000	2018-09-07 13:34:46.770
6162	1K9189	10820	\N	6	\N	6	2015-09-15 00:00:00.000	2016-04-27 15:49:42.653
6163	1P9412	3140	\N	6	\N	6	2015-09-15 00:00:00.000	2015-09-15 14:24:14.660
6164	1P9405	3142	\N	6	\N	6	2015-09-15 00:00:00.000	2015-09-15 14:35:39.143
6165	1P9213	3146	\N	2	\N	6	2015-09-15 00:00:00.000	2015-09-15 14:43:50.293
6166	2H9092	11619	\N	6	\N	1	2015-09-15 00:00:00.000	2015-09-15 21:44:06.317
6167	1M5	13552	\N	6	\N	6	2015-09-15 00:00:00.000	2015-09-15 22:05:54.223
6168	5AJ	13553	\N	6	\N	6	2015-09-15 00:00:00.000	2017-03-22 16:16:38.833
6169	1M9611	9422	\N	6	\N	6	2015-09-15 00:00:00.000	2018-01-31 15:39:38.170
6170	1M9495	4199	\N	6	\N	6	2015-09-15 00:00:00.000	2015-09-15 22:25:50.403
6171	1K9009	13554	\N	6	\N	6	2015-09-16 00:00:00.000	2015-09-16 09:04:55.613
6172	4S9068	10224	\N	6	\N	6	2015-09-16 00:00:00.000	2015-09-16 09:05:25.083
6173	1K9253	9668	\N	6	\N	6	2015-09-16 00:00:00.000	2015-09-16 09:06:23.753
6174	1K9190	3499	\N	1	\N	6	2015-09-16 00:00:00.000	2021-05-24 13:33:37.980
6175	1K9194	4126	\N	1	\N	6	2015-09-16 00:00:00.000	2015-09-16 09:08:22.547
6176	1K9188	2326	\N	6	\N	6	2015-09-16 00:00:00.000	2015-09-16 09:19:14.660
6177	1P9369	6000	\N	6	\N	6	2015-09-16 00:00:00.000	2015-09-16 13:43:17.627
6178	1P9645	3457	\N	6	\N	6	2015-09-16 00:00:00.000	2015-09-16 13:48:40.003
6179	TCP	8131	\N	1	\N	50	2015-09-16 00:00:00.000	2015-09-16 13:52:52.923
6180	1P9090	2444	\N	6	\N	6	2015-09-16 00:00:00.000	2015-09-16 13:56:01.543
6181	1P9612	9760	\N	1	\N	6	2015-09-16 00:00:00.000	2015-09-16 14:01:43.793
6182	1E9426	6165	\N	1	\N	6	2015-09-16 00:00:00.000	2015-09-16 14:15:55.557
6183	1M9019	1695	\N	6	\N	6	2015-09-16 00:00:00.000	2015-09-16 20:57:24.167
6184	SA9159	6660	\N	1	\N	5	2015-09-16 00:00:00.000	2015-09-16 21:08:02.800
6185	1M9517	13555	\N	6	\N	6	2015-09-16 00:00:00.000	2015-09-16 21:17:46.677
6186	1M9692	8475	\N	6	\N	6	2015-09-16 00:00:00.000	2015-09-16 21:26:04.413
6187	1M9507	8307	\N	1	\N	6	2015-09-16 00:00:00.000	2015-09-16 21:33:32.460
6188	4LY	8309	\N	6	\N	6	2015-09-16 00:00:00.000	2017-08-22 14:02:49.133
6189	1M9658	1419	\N	6	\N	6	2015-09-16 00:00:00.000	2015-09-16 21:42:10.553
6190	1L9392	11354	\N	6	\N	6	2015-09-17 00:00:00.000	2015-09-17 10:22:32.177
6191	1L9249	13556	\N	6	\N	6	2015-09-17 00:00:00.000	2015-09-17 10:22:58.013
6192	1L9417	9354	\N	6	\N	6	2015-09-17 00:00:00.000	2015-09-17 10:27:00.263
6193	1K9254	9477	\N	6	\N	6	2015-09-17 00:00:00.000	2015-09-17 10:28:01.730
6194	1K9236	2800	\N	6	\N	6	2015-09-17 00:00:00.000	2015-09-17 10:28:36.347
6195	1K9226	2796	\N	6	\N	6	2015-09-17 00:00:00.000	2015-09-17 10:29:13.427
6196	1P9411	13559	\N	6	\N	6	2015-09-17 00:00:00.000	2015-09-17 12:56:03.837
6197	1M9518	6010	\N	6	\N	6	2015-09-17 00:00:00.000	2015-09-17 20:36:02.940
6198	1M9525	4189	\N	6	\N	6	2015-09-17 00:00:00.000	2015-09-17 20:41:28.073
6199	1M9893	7860	\N	6	\N	6	2015-09-17 00:00:00.000	2015-09-17 20:46:36.470
6200	1M9500	2884	\N	1	\N	6	2015-09-17 00:00:00.000	2015-09-17 20:50:38.490
6201	5M3	2888	\N	6	\N	6	2015-09-17 00:00:00.000	2015-09-17 20:55:06.077
6202	1M9743	11353	\N	6	\N	6	2015-09-17 00:00:00.000	2015-09-17 20:58:53.527
6203	2M9137	13560	\N	6	\N	1	2015-09-18 00:00:00.000	2015-09-18 00:01:44.417
6204	1P9549	11316	\N	1	\N	6	2015-09-18 00:00:00.000	2015-09-18 00:08:54.727
6205	1P9480	2356	\N	6	\N	6	2015-09-18 00:00:00.000	2015-09-18 00:14:36.713
6206	1P9523	13561	\N	6	\N	6	2015-09-18 00:00:00.000	2015-09-18 00:30:22.883
6207	1L9332	3409	\N	1	\N	6	2015-09-18 00:00:00.000	2015-09-18 11:11:31.007
6208	1L9435	7510	\N	6	\N	6	2015-09-18 00:00:00.000	2015-09-18 11:12:54.843
6209	5G0	2978	\N	6	\N	6	2015-09-18 00:00:00.000	2015-09-18 11:13:44.387
6210	1L9361	8565	\N	1	\N	6	2015-09-18 00:00:00.000	2015-09-18 11:14:42.000
6211	1L9272	2969	\N	6	\N	6	2015-09-18 00:00:00.000	2015-09-18 11:16:12.103
6212	1L9275	5961	\N	1	\N	6	2015-09-18 00:00:00.000	2015-09-18 11:16:50.153
6213	1L9362	9231	\N	1	\N	6	2015-09-18 00:00:00.000	2015-09-18 11:17:35.737
6214	5D3	2712	\N	6	\N	6	2015-09-18 00:00:00.000	2015-09-18 11:18:32.410
6215	1Z9119	13562	\N	6	\N	6	2015-09-18 00:00:00.000	2015-09-18 11:22:12.323
6216	1M9504	4615	\N	6	\N	6	2015-09-18 00:00:00.000	2015-09-18 21:51:37.527
6217	1M9483	3296	\N	6	\N	6	2015-09-20 00:00:00.000	2015-09-20 12:53:06.260
6218	1M9804	11196	\N	6	\N	6	2015-09-20 00:00:00.000	2015-09-20 13:10:33.007
6219	1M9512	2891	\N	6	\N	6	2015-09-20 00:00:00.000	2015-09-20 21:36:02.423
6220	1N9263	13563	\N	6	\N	6	2015-09-20 00:00:00.000	2015-09-20 21:43:29.380
6221	1N9282	9195	\N	6	\N	6	2015-09-20 00:00:00.000	2015-09-20 21:49:47.400
6222	1N9173	3368	\N	6	\N	6	2015-09-20 00:00:00.000	2015-09-20 21:57:43.483
6223	1L9411	9084	\N	1	\N	6	2015-09-21 00:00:00.000	2015-09-21 08:27:04.767
6224	4P7	9372	\N	6	\N	6	2015-09-21 00:00:00.000	2015-09-21 08:27:46.263
6225	1L9273	3417	\N	6	\N	6	2015-09-21 00:00:00.000	2015-09-21 08:30:01.080
6226	1M9513	3825	\N	6	\N	6	2015-09-21 00:00:00.000	2015-09-21 08:30:53.683
6227	1M9798	10298	\N	6	\N	6	2015-09-21 00:00:00.000	2015-09-21 08:31:35.990
6228	1P9539	9482	\N	6	\N	6	2015-09-21 00:00:00.000	2015-09-21 14:53:35.333
6229	L3Y	9690	\N	1	\N	8	2015-09-21 00:00:00.000	2015-09-21 20:12:16.113
6230	1N9259	10235	\N	1	\N	6	2015-09-21 00:00:00.000	2015-09-21 20:17:37.537
6231	1N9274	8694	\N	6	\N	6	2015-09-21 00:00:00.000	2015-09-21 20:25:13.307
6232	1N9284	8489	\N	9	\N	6	2015-09-21 00:00:00.000	2015-09-21 20:31:00.720
6233	4ZL	4515	\N	9	\N	6	2015-09-21 00:00:00.000	2015-09-21 20:40:56.720
6234	512	11894	\N	6	\N	6	2015-09-22 00:00:00.000	2015-09-22 09:50:17.513
6235	1R9533	9483	\N	1	\N	6	2015-09-22 00:00:00.000	2015-09-22 09:51:15.123
6236	1R9539	11141	\N	5	\N	6	2015-09-22 00:00:00.000	2015-09-22 09:53:08.723
6237	1R9535	9667	\N	6	\N	6	2015-09-22 00:00:00.000	2015-09-22 09:57:01.180
6238	1R9333	3028	\N	6	\N	6	2015-09-22 00:00:00.000	2015-09-22 10:00:08.723
6239	1R9579	11359	\N	1	\N	6	2015-09-22 00:00:00.000	2015-09-22 10:03:10.620
6240	1P9528	13436	\N	6	\N	6	2015-09-22 00:00:00.000	2015-09-22 12:21:28.787
6241	1P9530	9474	\N	1	\N	6	2015-09-22 00:00:00.000	2015-09-22 12:32:20.167
6242	5BN	13565	\N	6	\N	6	2015-09-22 00:00:00.000	2015-09-22 12:44:59.123
6243	1P9407	8165	\N	6	\N	6	2015-09-22 00:00:00.000	2015-09-22 12:52:34.583
6244	1P9542	11782	\N	6	\N	6	2015-09-22 00:00:00.000	2015-09-22 12:59:21.103
6245	JG1	984	\N	2	\N	6	2015-09-22 00:00:00.000	2016-11-08 09:24:22.053
6246	JG2	984	\N	2	\N	6	2015-09-22 00:00:00.000	2015-09-22 13:55:36.670
6247	1G9346	9672	\N	6	\N	6	2015-09-22 00:00:00.000	2015-09-22 19:43:06.603
6248	1N9220	3316	\N	1	\N	6	2015-09-22 00:00:00.000	2015-09-22 19:47:09.560
6249	1N9163	3431	\N	6	\N	6	2015-09-22 00:00:00.000	2015-09-22 20:07:57.077
6250	1F9109	3475	\N	6	\N	6	2015-09-22 00:00:00.000	2015-09-22 20:13:38.190
6251	1Z9236	8767	\N	1	\N	6	2015-09-22 00:00:00.000	2015-09-22 20:49:35.297
6252	1Z9130	3970	\N	6	\N	6	2015-09-23 00:00:00.000	2015-09-23 14:23:48.277
6253	1Z9136	13575	\N	6	\N	6	2015-09-23 00:00:00.000	2015-09-23 21:28:59.890
6254	1P9110	13576	\N	6	\N	6	2015-09-23 00:00:00.000	2015-09-23 21:39:01.350
6255	1P9470	13413	\N	6	\N	6	2015-09-23 00:00:00.000	2015-09-23 21:44:37.123
6256	1S9942	13577	\N	6	\N	6	2015-09-23 00:00:00.000	2015-09-23 21:55:41.437
6257	1S9719	10611	\N	6	\N	6	2015-09-23 00:00:00.000	2015-09-23 21:58:12.273
6258	JGC	984	\N	3	\N	6	2015-09-24 00:00:00.000	2015-09-24 08:57:35.800
6259	JGT	984	\N	3	\N	6	2015-09-24 00:00:00.000	2017-01-03 10:57:23.337
6260	J8C	984	\N	3	\N	6	2015-09-24 00:00:00.000	2015-09-24 09:37:57.890
6261	J8T	984	\N	3	\N	6	2015-09-24 00:00:00.000	2015-09-24 09:38:38.793
6262	1R9540	9698	\N	1	\N	6	2015-09-24 00:00:00.000	2015-09-24 11:44:23.327
6263	1R9526	9012	\N	6	\N	6	2015-09-24 00:00:00.000	2015-09-24 11:53:11.013
6264	1S9478	4362	\N	6	\N	6	2015-09-24 00:00:00.000	2015-09-24 19:45:26.013
6265	1S9813	8839	\N	1	\N	6	2015-09-24 00:00:00.000	2015-09-24 19:50:04.863
6266	1S9950	9235	\N	1	\N	6	2015-09-24 00:00:00.000	2015-09-24 20:26:26.137
6267	1S9303	13596	\N	6	\N	6	2015-09-24 00:00:00.000	2015-09-24 20:36:59.013
6268	1S9721	3003	\N	9	\N	6	2015-09-24 00:00:00.000	2015-09-24 20:43:50.637
6269	13S	3005	\N	6	\N	6	2015-09-24 00:00:00.000	2021-02-22 15:48:51.657
6270	1S4	3000	\N	6	\N	6	2015-09-24 00:00:00.000	2015-09-24 20:56:16.240
6271	1R9361	2747	\N	6	\N	6	2015-09-25 00:00:00.000	2015-09-25 09:24:58.033
6272	534	6875	\N	6	\N	6	2015-09-25 00:00:00.000	2015-09-25 09:26:26.267
6273	4SL	3110	\N	5	\N	6	1993-05-25 00:00:00.000	2025-10-21 10:58:36.790
6274	4S9216	6389	\N	6	\N	6	2015-09-25 00:00:00.000	2015-09-25 09:29:23.263
6276	1F9048	13598	\N	6	\N	6	2015-09-25 00:00:00.000	2020-02-05 15:24:56.043
6277	1S9861	9489	\N	1	\N	6	2015-09-25 00:00:00.000	2015-09-25 09:46:42.180
6278	4S9039	11143	\N	6	\N	6	2015-09-25 00:00:00.000	2015-09-25 09:48:08.087
6279	1S9943	11167	\N	1	\N	6	2015-09-25 00:00:00.000	2015-09-25 09:48:53.093
6280	1S9893	13597	\N	6	\N	6	2015-09-25 00:00:00.000	2015-09-25 09:49:28.397
6281	5X0	11198	\N	6	\N	6	2015-09-25 00:00:00.000	2015-09-25 11:48:42.430
6282	1R9389	13610	\N	6	\N	6	2015-09-25 00:00:00.000	2015-09-25 11:49:27.903
6283	1R9613	11121	\N	6	\N	6	2015-09-25 00:00:00.000	2015-09-25 11:50:09.557
6284	5K6	11762	\N	6	\N	6	2015-09-25 00:00:00.000	2015-09-25 13:56:29.797
6285	2RD	10697	\N	6	\N	1	2015-09-25 00:00:00.000	2017-09-29 10:21:05.097
6286	1R9396	4984	\N	6	\N	6	2015-09-25 00:00:00.000	2015-09-25 15:33:59.103
6287	11R	10931	\N	6	\N	6	2015-09-25 00:00:00.000	2015-09-25 15:41:51.473
6288	5P8	13627	\N	1	\N	6	2015-09-25 00:00:00.000	2015-09-25 15:53:04.490
6289	1S9723	10617	\N	6	\N	6	2015-09-27 00:00:00.000	2015-09-27 22:17:36.787
6290	1T9847	10163	\N	6	\N	6	2015-09-27 00:00:00.000	2015-09-27 22:25:06.923
6291	1R9670	13638	\N	6	\N	6	2015-09-28 00:00:00.000	2015-09-28 11:42:09.027
6292	1T9880	11351	\N	1	\N	6	2015-09-28 00:00:00.000	2015-09-28 20:05:37.577
6293	1T9700	2857	\N	6	\N	6	2015-09-28 00:00:00.000	2015-09-28 20:08:58.207
6294	1T9789	5899	\N	6	\N	6	2015-09-28 00:00:00.000	2015-09-28 20:20:13.593
6295	1T9835	1423	\N	6	\N	6	2015-09-28 00:00:00.000	2015-09-28 20:23:27.987
6296	1T9583	2867	\N	6	\N	6	2015-09-28 00:00:00.000	2015-09-28 20:28:55.167
6297	5H3	8841	\N	6	\N	6	2015-09-28 00:00:00.000	2015-09-28 22:18:10.387
6298	1T9695	8842	\N	6	\N	6	2015-09-28 00:00:00.000	2015-09-28 22:23:51.077
6299	1T9617	2863	\N	6	\N	6	2015-09-28 00:00:00.000	2015-09-28 22:28:01.427
6300	LXK	5915	\N	1	\N	8	2015-09-29 00:00:00.000	2015-09-29 12:48:41.103
6301	1S9870	5917	\N	6	\N	6	2015-09-29 00:00:00.000	2015-09-29 12:51:44.747
6302	4S9205	6687	\N	1	\N	6	2015-09-29 00:00:00.000	2015-09-29 12:52:44.887
6303	4S9131	11655	\N	6	\N	6	2015-09-29 00:00:00.000	2015-09-29 12:53:29.877
6304	1S9SC8	9461	\N	6	\N	6	2015-09-29 00:00:00.000	2015-09-29 12:54:38.690
6305	1S9996	10680	\N	6	\N	6	2015-09-29 00:00:00.000	2015-09-29 12:57:39.820
6306	1F9948	9673	\N	6	\N	6	2015-09-29 00:00:00.000	2015-09-29 12:58:37.430
6307	5H0	1425	\N	6	\N	6	2015-09-29 00:00:00.000	2023-01-30 15:42:01.447
6308	1C9990	9658	\N	6	\N	6	2015-09-29 00:00:00.000	2015-09-29 22:17:17.133
6309	1T9622	10817	\N	6	\N	6	2015-09-29 00:00:00.000	2015-09-29 22:20:21.617
6310	1T9623	3185	\N	6	\N	6	2015-09-29 00:00:00.000	2015-09-29 22:23:48.460
6311	1T9578	13660	\N	6	\N	6	2015-09-30 00:00:00.000	2015-09-30 10:53:56.643
6312	14Y	13661	\N	6	\N	6	2015-09-30 00:00:00.000	2017-03-01 16:14:02.660
6313	1T9785	13662	\N	6	\N	6	2015-09-30 00:00:00.000	2015-09-30 11:08:12.663
6314	1R9581	2642	\N	6	\N	6	2015-09-30 00:00:00.000	2015-09-30 11:13:16.473
6315	5DT	10579	\N	6	\N	6	2015-09-30 00:00:00.000	2015-09-30 11:22:53.003
6316	W09T45	3890	\N	1	\N	6	2015-09-30 00:00:00.000	2015-09-30 12:23:42.367
6317	4S9173	7581	\N	6	\N	6	2015-10-02 00:00:00.000	2015-10-02 08:59:45.890
6318	1B9748	1403	\N	1	\N	6	2015-10-02 00:00:00.000	2015-10-02 09:19:44.177
6320	1S9952	1403	\N	1	\N	6	2015-10-02 00:00:00.000	2015-10-02 09:23:19.470
6321	1HU	8137	\N	6	\N	6	2015-10-05 00:00:00.000	2015-10-05 09:24:40.953
6322	459034	9907	\N	1	\N	5	2015-10-05 00:00:00.000	2015-10-05 10:17:50.223
6323	4S9187	7873	\N	6	\N	6	2015-10-05 00:00:00.000	2015-10-05 11:49:49.920
6324	1S9623	2323	\N	6	\N	6	2015-10-05 00:00:00.000	2015-10-05 11:54:56.880
6325	5NY	8050	\N	6	\N	6	2015-10-06 00:00:00.000	2015-10-06 10:30:01.960
6326	2S9123	8071	\N	6	\N	1	2015-10-06 00:00:00.000	2015-10-06 10:31:08.027
6327	1S9907	11604	\N	1	\N	6	2015-10-06 00:00:00.000	2015-10-06 10:31:59.227
6328	5EC	3756	\N	6	\N	6	2015-10-06 00:00:00.000	2015-10-06 10:32:40.130
6329	1S9188	1464	\N	6	\N	6	2015-10-07 00:00:00.000	2015-10-07 09:43:26.323
6330	5BP	8371	\N	2	\N	6	2015-10-07 00:00:00.000	2015-10-07 10:05:49.953
6331	1S9727	8376	\N	9	\N	6	2015-10-07 00:00:00.000	2015-10-07 10:30:40.130
6332	1T9582	8250	\N	5	\N	6	2015-10-08 00:00:00.000	2015-10-08 11:24:25.483
6333	5DL	9459	\N	6	\N	6	2015-10-08 00:00:00.000	2015-10-08 11:25:15.747
6336	1T9580	4202	\N	6	\N	6	2015-10-08 00:00:00.000	2015-10-08 11:29:38.920
6337	1T9976	8488	\N	6	\N	6	2015-10-08 00:00:00.000	2015-10-08 11:30:17.343
6338	1T9626	13823	\N	6	\N	6	2015-10-08 00:00:00.000	2015-10-08 11:32:50.520
6339	1T9631	4223	\N	6	\N	6	2015-10-08 00:00:00.000	2015-10-08 11:33:39.347
6340	1T9841	9675	\N	1	\N	6	2015-10-09 00:00:00.000	2015-10-09 14:23:26.933
6342	1U9095	9924	\N	6	\N	6	2015-10-09 00:00:00.000	2015-10-09 14:25:05.603
6343	1U9136	6679	\N	1	\N	6	2015-10-09 00:00:00.000	2015-10-09 14:25:53.030
6344	1U9073	9391	\N	6	\N	6	2015-10-09 00:00:00.000	2015-10-09 14:27:02.560
6345	1U9123	8499	\N	6	\N	6	2015-10-09 00:00:00.000	2015-10-09 14:27:45.317
6346	1U9069	9387	\N	6	\N	6	2015-10-09 00:00:00.000	2015-10-09 14:31:30.410
6347	1V9069	9387	\N	6	\N	6	2015-10-09 00:00:00.000	2015-10-09 14:32:08.803
6348	1V9090	13828	\N	6	\N	6	2015-10-09 00:00:00.000	2015-10-09 20:38:42.347
6349	1V9097	9607	\N	6	\N	6	2015-10-09 00:00:00.000	2015-10-09 20:40:08.613
6350	1V9134	9927	\N	1	\N	6	2015-10-09 00:00:00.000	2015-10-09 20:40:56.770
6351	5BU	10791	\N	6	\N	6	2015-10-09 00:00:00.000	2015-10-09 20:41:40.590
6352	1VR	10796	\N	6	\N	6	2015-10-12 00:00:00.000	2017-03-02 17:08:40.243
6353	1V9175	1142	\N	6	\N	6	2015-10-12 00:00:00.000	2015-10-12 15:34:30.653
6354	1V9137	3824	\N	6	\N	6	2015-10-12 00:00:00.000	2015-10-12 15:35:27.627
6355	1V9038	9458	\N	6	\N	6	2015-10-12 00:00:00.000	2015-10-12 15:36:18.233
6356	5PR	11084	\N	6	\N	6	2015-10-12 00:00:00.000	2015-10-12 15:37:10.570
6357	1W9458	11771	\N	6	\N	6	2015-10-12 00:00:00.000	2015-10-12 15:37:54.203
6358	1W9WS7	9661	\N	6	\N	6	2015-10-12 00:00:00.000	2015-10-12 15:39:43.420
6359	1W9321	11489	\N	6	\N	6	2015-10-13 00:00:00.000	2015-10-13 08:49:45.663
6360	LW0	10915	\N	1	\N	8	2015-10-13 00:00:00.000	2015-10-13 08:50:55.533
6361	1W9404	9218	\N	1	\N	6	2015-10-13 00:00:00.000	2015-10-13 08:53:35.887
6362	1W9393	11739	\N	1	\N	6	2015-10-13 00:00:00.000	2015-10-13 08:54:52.873
6363	1W9323	1372	\N	6	\N	6	2015-10-13 00:00:00.000	2015-10-13 08:55:46.490
6364	5R4	9849	\N	1	\N	6	2015-10-13 00:00:00.000	2015-10-13 10:40:02.040
6365	L6M	1589	\N	1	\N	8	2015-10-13 00:00:00.000	2015-10-13 10:40:50.523
6366	1W9303	10071	\N	7	\N	6	2015-10-13 00:00:00.000	2017-09-05 12:55:15.140
6367	1W9398	9928	\N	6	\N	6	2015-10-13 00:00:00.000	2015-10-13 10:44:34.760
6368	1W9482	6413	\N	6	\N	6	2015-10-13 00:00:00.000	2015-10-13 10:45:40.560
6369	1W9439	11805	\N	6	\N	6	2015-10-13 00:00:00.000	2015-10-13 10:46:22.070
6370	1W9271	9538	\N	6	\N	6	2015-10-13 00:00:00.000	2015-10-13 10:47:34.207
6371	1W9077	1379	\N	6	\N	6	2015-10-13 00:00:00.000	2015-10-13 10:50:35.527
6372	1X9009	9404	\N	6	\N	6	2015-10-13 00:00:00.000	2015-10-13 14:28:51.653
6373	LT1	9862	\N	6	\N	8	2015-10-13 00:00:00.000	2015-10-13 14:29:21.683
6374	1Y9018	9867	\N	2	\N	6	2015-10-13 00:00:00.000	2015-10-13 14:29:52.993
6375	19D	10600	\N	6	\N	6	2015-10-14 00:00:00.000	2015-10-14 10:25:41.840
6376	1SD	10600	\N	6	\N	6	2015-10-14 00:00:00.000	2015-10-14 10:26:31.230
6377	1SH	10600	\N	6	\N	6	2015-10-14 00:00:00.000	2015-10-14 10:37:06.590
6378	1SJ	10600	\N	6	\N	6	2015-10-14 00:00:00.000	2015-10-14 10:37:52.907
6379	1SL	10600	\N	6	\N	6	2015-10-14 00:00:00.000	2015-10-14 10:40:49.233
6380	1SN	10600	\N	6	\N	6	2015-10-14 00:00:00.000	2015-10-14 10:42:07.153
6381	1SY	10600	\N	6	\N	6	2015-10-14 00:00:00.000	2015-10-14 10:42:43.813
6382	49E	10600	\N	6	\N	6	2015-10-14 00:00:00.000	2015-10-14 10:43:14.827
6383	4BV	10600	\N	6	\N	6	2015-10-14 00:00:00.000	2015-10-14 10:46:46.177
6384	4N6	10600	\N	6	\N	6	2015-10-14 00:00:00.000	2015-10-14 10:47:14.927
6385	4SW	10600	\N	6	\N	6	2015-10-14 00:00:00.000	2015-10-14 10:47:45.190
6386	5JJ	10600	\N	6	\N	6	2015-10-14 00:00:00.000	2015-10-14 10:48:40.900
6387	5JK	10600	\N	6	\N	6	2015-10-14 00:00:00.000	2015-10-14 10:49:21.943
6388	5KH	10600	\N	6	\N	6	2015-10-14 00:00:00.000	2015-10-14 10:49:53.703
6389	2JA	11819	\N	6	\N	6	2015-10-14 00:00:00.000	2015-10-14 12:51:47.857
6390	1C9227	7552	\N	6	\N	6	2015-10-14 00:00:00.000	2015-10-14 12:53:10.987
6391	4C9131	10557	\N	6	\N	6	2015-10-14 00:00:00.000	2015-10-14 12:57:02.743
6392	2M9116	2017	\N	6	\N	6	2015-10-14 00:00:00.000	2015-10-14 12:58:20.307
6393	1P9550	11236	\N	1	\N	6	2015-10-14 00:00:00.000	2015-10-14 13:00:27.103
6394	1T9944	8524	\N	6	\N	6	2015-10-15 00:00:00.000	2015-10-15 07:58:06.443
6395	1T9998	7023	\N	6	\N	6	2015-10-15 00:00:00.000	2015-10-15 07:58:53.600
6396	1T9621	2316	\N	6	\N	6	2015-10-15 00:00:00.000	2015-10-15 07:59:25.470
6397	1T9614	5964	\N	6	\N	6	2015-10-15 00:00:00.000	2015-10-15 08:01:06.670
6398	54H	7765	\N	6	\N	6	2015-10-15 00:00:00.000	2015-10-15 08:01:42.597
6399	1T9615	3237	\N	6	\N	6	2015-10-15 00:00:00.000	2015-10-15 08:02:29.257
6400	1T9920	8881	\N	6	\N	6	2015-10-15 00:00:00.000	2015-10-15 12:38:15.080
6401	5P4	13843	\N	1	\N	6	2015-10-15 00:00:00.000	2015-10-15 12:42:54.587
6402	1P9616	13844	\N	6	\N	6	2015-10-15 00:00:00.000	2015-10-15 12:43:27.033
6403	1C9754	13846	\N	6	\N	6	2015-10-15 00:00:00.000	2015-10-15 12:44:48.093
6404	3G3	984	\N	2	\N	6	2015-10-15 00:00:00.000	2015-10-15 14:22:34.373
6405	LAN	11823	\N	1	\N	3	2015-10-16 00:00:00.000	2015-10-16 11:39:10.337
6406	5ZA	13414	\N	9	\N	6	2015-10-16 00:00:00.000	2021-03-24 11:19:37.430
6407	1U9115	13850	\N	6	\N	6	2015-10-16 00:00:00.000	2015-10-16 12:25:53.787
6408	JK1	21860	\N	1	\N	\N	2015-10-19 00:00:00.000	2026-04-01 14:26:48.653
6410	5AD	5935	\N	6	\N	6	2015-10-19 00:00:00.000	2015-10-19 12:29:25.213
6411	L5T	6372	\N	1	\N	8	2015-10-19 00:00:00.000	2015-10-19 12:37:38.283
6412	4VA	1015	\N	3	\N	\N	2015-10-26 00:00:00.000	2015-10-26 11:54:19.087
6413	4VB	1015	\N	10	\N	\N	2015-10-26 00:00:00.000	2015-10-26 11:51:57.563
6414	4VC	1015	\N	10	\N	\N	2015-10-26 00:00:00.000	2015-10-26 11:58:57.377
6415	4VD	1015	\N	3	\N	\N	2015-10-26 00:00:00.000	2015-10-26 11:59:32.773
6416	4VE	1015	\N	10	\N	\N	2015-10-26 00:00:00.000	2015-10-26 12:00:03.940
6417	4VG	1015	\N	3	\N	\N	2015-10-26 00:00:00.000	2015-10-26 12:14:29.120
6418	4VH	1015	\N	10	\N	\N	2015-10-26 00:00:00.000	2015-10-26 12:20:50.960
6419	4VL	10799	\N	6	\N	6	2017-07-05 00:00:00.000	2017-07-05 11:12:19.100
6420	4VM	1015	\N	10	\N	\N	2015-10-26 00:00:00.000	2015-10-26 12:35:29.867
6421	1T9232	11977	\N	6	\N	6	2015-10-27 00:00:00.000	2015-10-27 08:32:48.383
6422	4V1	1015	\N	3	\N	\N	2015-10-27 00:00:00.000	2016-10-31 10:46:35.147
6423	4V2	1015	\N	10	\N	\N	2015-10-27 00:00:00.000	2016-10-31 10:46:45.143
6424	1H9675	7334	\N	3	\N	6	2015-10-29 00:00:00.000	2015-10-29 13:35:57.237
6425	SA9141	6200	\N	5	\N	118	2015-11-06 00:00:00.000	2015-11-06 09:33:09.880
6426	1W9440	8448	\N	6	\N	6	2015-11-06 00:00:00.000	2015-11-06 09:34:05.197
6427	1W9553	7614	\N	6	\N	6	2015-11-06 00:00:00.000	2015-11-06 09:35:19.313
6428	L5Z	13435	\N	1	\N	6	2015-11-06 00:00:00.000	2015-11-06 09:39:36.400
6429	1W9539	1499	\N	6	\N	6	2015-11-06 00:00:00.000	2015-11-06 09:40:47.070
6430	1W9448	11392	\N	1	\N	6	2015-11-06 00:00:00.000	2015-11-06 09:44:38.713
6431	1W9342	9208	\N	6	\N	6	2015-11-06 00:00:00.000	2015-11-06 09:47:53.310
6432	5VU	9208	\N	6	\N	6	2015-11-06 00:00:00.000	2015-11-06 09:49:10.247
6433	1W9467	1335	\N	6	\N	6	2015-11-06 00:00:00.000	2015-11-06 09:50:02.337
6434	1X9019	10491	\N	1	\N	6	2015-11-06 00:00:00.000	2015-11-06 09:52:48.977
6435	LA9XWS	6418	\N	6	\N	8	2015-11-06 00:00:00.000	2015-11-06 09:56:41.977
6436	LXM	10295	\N	1	\N	8	2015-11-06 00:00:00.000	2015-11-06 09:57:11.273
6437	R12	7363	\N	1	\N	8	2015-11-06 00:00:00.000	2015-11-06 09:58:25.327
6438	1X9020	8860	\N	6	\N	6	2015-11-10 00:00:00.000	2015-11-10 14:03:50.597
6439	5ZZ	7199	\N	1	\N	6	2015-11-10 00:00:00.000	2015-11-10 14:04:40.033
6440	1X9026	7756	\N	6	\N	6	2015-11-10 00:00:00.000	2015-11-10 14:06:01.993
6441	1Y9020	13434	\N	6	\N	6	2015-11-10 00:00:00.000	2015-11-10 14:13:07.440
6442	510	6832	\N	6	\N	6	2015-11-10 00:00:00.000	2015-11-10 14:15:19.320
6443	LA9YHD	9070	\N	6	\N	8	2015-11-10 00:00:00.000	2015-11-10 14:18:55.333
6444	1HC	1028	\N	6	\N	6	2015-11-10 00:00:00.000	2015-11-10 15:22:38.900
6445	1Y9036	6600	\N	6	\N	6	2015-11-10 00:00:00.000	2017-05-08 10:00:09.893
6446	1Y9029	1582	\N	6	\N	6	2015-11-10 00:00:00.000	2015-11-10 16:16:48.637
6447	1Y9034	6563	\N	1	\N	6	2015-11-10 00:00:00.000	2015-11-10 16:17:41.817
6448	LA9JRR	7640	\N	6	\N	8	2015-11-10 00:00:00.000	2015-11-10 16:18:55.183
6450	1Y9024	10744	\N	6	\N	6	2015-11-13 00:00:00.000	2015-11-13 06:53:42.230
6451	1Z9354	7724	\N	1	\N	6	2015-11-13 00:00:00.000	2015-11-13 06:55:07.610
6452	1Z9336	10002	\N	6	\N	6	2015-11-13 00:00:00.000	2015-11-13 06:56:18.357
6453	2WL	11248	\N	10	\N	1	2015-11-20 00:00:00.000	2017-08-08 11:30:24.223
6454	2WK	11248	\N	3	\N	1	2015-11-20 00:00:00.000	2017-08-08 11:29:53.803
6455	2WM	11248	\N	10	\N	1	2015-11-20 00:00:00.000	2020-03-17 12:25:34.033
6456	4C9334	1298	\N	6	\N	6	2015-11-23 00:00:00.000	2015-11-23 12:04:10.540
6457	1M9461	1721	\N	6	\N	6	2015-11-23 00:00:00.000	2015-11-23 12:05:14.907
6458	1T9639	3522	\N	6	\N	6	2015-11-23 00:00:00.000	2015-11-23 12:06:39.177
6459	16M	4461	\N	6	\N	6	2015-11-23 00:00:00.000	2015-11-23 12:08:54.743
6460	1UJ	9892	\N	6	\N	6	2015-11-23 00:00:00.000	2025-07-28 10:37:45.203
6461	1C9971	9377	\N	5	\N	6	2015-11-24 00:00:00.000	2020-01-06 12:20:18.197
6462	1E9396	9491	\N	1	\N	6	2015-11-24 00:00:00.000	2015-11-24 14:33:28.640
6463	1U9103	9270	\N	6	\N	6	2015-11-24 00:00:00.000	2015-11-24 14:34:10.450
6464	1M9799	10299	\N	6	\N	6	2015-11-25 00:00:00.000	2015-11-25 09:09:27.547
6465	2FU	5443	\N	3	2	1	2015-11-25 00:00:00.000	2015-11-25 10:37:29.403
6466	2FV	5443	\N	10	\N	1	2015-11-25 00:00:00.000	2015-11-25 10:38:33.067
6467	3FF	5443	\N	10	\N	12	2015-11-25 00:00:00.000	2015-11-25 10:40:26.450
6468	AFV	5443	\N	3	\N	10	2015-11-25 00:00:00.000	2015-11-25 10:44:07.517
6469	KFB	5443	\N	3	\N	21	2015-11-25 00:00:00.000	2015-11-25 10:50:51.527
6470	RSA	5443	\N	10	\N	181	2015-11-25 00:00:00.000	2015-11-25 10:52:29.527
6471	RSB	5443	\N	3	\N	181	2015-11-25 00:00:00.000	2015-11-25 10:53:39.600
6472	480	2496	\N	3	2	6	2015-11-25 00:00:00.000	2018-02-28 14:50:35.983
6473	1W9568	11030	\N	6	\N	6	2015-11-25 00:00:00.000	2015-11-25 13:01:06.610
6474	5XD	10770	\N	6	\N	6	2015-11-25 00:00:00.000	2015-11-25 13:13:10.280
6475	1H9499	11557	\N	1	\N	6	2015-11-27 00:00:00.000	2015-11-27 09:04:14.633
6476	1D9756	11836	\N	6	\N	6	2015-11-27 00:00:00.000	2015-11-27 09:23:13.747
6477	1R9789	11843	\N	6	\N	6	2015-11-27 00:00:00.000	2015-11-27 09:43:15.917
6478	1J9435	17870	\N	6	\N	6	2015-11-27 00:00:00.000	2023-01-09 14:21:52.463
6479	4C9379	11837	\N	6	\N	6	2015-11-27 00:00:00.000	2015-11-27 09:45:05.850
6482	1G9507	11991	\N	6	\N	6	2015-11-30 00:00:00.000	2015-11-30 11:27:35.230
6483	1F9368	11989	\N	6	\N	6	2015-11-30 00:00:00.000	2015-11-30 11:28:29.300
6484	1F9441	11988	\N	1	\N	6	2015-11-30 00:00:00.000	2019-12-02 12:05:11.760
6485	LL0	11987	\N	1	\N	8	2015-11-30 00:00:00.000	2015-11-30 11:31:30.167
6486	1H9678	11854	\N	1	\N	6	2015-11-30 00:00:00.000	2015-11-30 11:32:31.427
6487	4B9085	11853	\N	9	\N	6	2015-11-30 00:00:00.000	2015-11-30 11:33:50.473
6488	3R9173	11852	\N	6	\N	12	2015-11-30 00:00:00.000	2015-11-30 11:35:30.517
6489	1L9533	11850	\N	1	\N	6	2015-11-30 00:00:00.000	2015-11-30 11:36:59.123
6490	4C9358	11846	\N	1	\N	6	2015-11-30 00:00:00.000	2020-04-20 13:41:47.650
6491	1Z9483	11844	\N	6	\N	6	2015-11-30 00:00:00.000	2015-11-30 11:39:09.587
6492	JHC	1109	\N	5	\N	3	2015-11-30 00:00:00.000	2015-11-30 12:39:20.277
6493	JH8	1109	\N	10	\N	3	2015-11-30 00:00:00.000	2015-11-30 12:39:53.537
6494	1L9364	9237	\N	6	\N	6	2015-12-01 00:00:00.000	2015-12-01 08:15:04.303
6495	389006	10211	\N	1	\N	45	2015-12-01 00:00:00.000	2015-12-01 08:19:42.857
6496	1WV	11039	\N	7	\N	6	2015-12-01 00:00:00.000	2015-12-01 09:26:33.560
6497	4B9038	11992	\N	5	\N	6	2015-12-01 00:00:00.000	2023-10-11 09:52:36.920
6498	ADC	11994	\N	6	\N	10	2015-12-01 00:00:00.000	2015-12-01 10:13:24.733
6499	4B9083	11995	\N	6	\N	6	2015-12-01 00:00:00.000	2015-12-01 10:14:40.860
6500	1N9347	11997	\N	6	\N	6	2015-12-01 00:00:00.000	2015-12-01 10:15:16.210
6501	1H9679	11999	\N	1	\N	6	2015-12-01 00:00:00.000	2015-12-01 10:16:14.007
6502	ZNN	12006	\N	1	\N	9	2015-12-01 00:00:00.000	2015-12-01 10:19:41.597
6503	1V9206	17856	\N	6	\N	6	2015-12-01 00:00:00.000	2018-02-22 11:34:47.693
6504	1Z9490	12011	\N	6	\N	6	2015-12-01 00:00:00.000	2019-08-12 12:24:49.060
6505	1T9450	3268	\N	6	\N	6	2015-12-01 00:00:00.000	2020-02-04 14:18:25.547
6506	1K9351	12016	\N	6	\N	6	2015-12-01 00:00:00.000	2015-12-01 10:23:44.163
6507	4R8	1173	\N	6	\N	6	2015-12-01 00:00:00.000	2015-12-01 11:15:09.677
6508	ZHK	12017	\N	9	\N	9	2015-12-01 00:00:00.000	2020-02-04 15:00:41.393
6509	1M9988	12018	\N	6	\N	6	2015-12-01 00:00:00.000	2015-12-01 14:08:22.353
6510	1P9002	2274	\N	6	\N	6	2015-12-01 00:00:00.000	2015-12-08 08:49:00.800
6511	1M9999	12022	\N	6	\N	6	2015-12-01 00:00:00.000	2015-12-01 14:09:10.073
6512	4C9396	12023	\N	6	\N	6	2015-12-01 00:00:00.000	2015-12-01 14:10:15.017
6513	1G9493	12156	\N	9	\N	6	2015-12-01 00:00:00.000	2015-12-01 14:12:35.260
6514	1C9873	12590	\N	6	\N	6	2015-12-02 00:00:00.000	2015-12-02 10:33:31.027
6515	3EB	12936	\N	6	\N	6	2015-12-02 00:00:00.000	2015-12-02 10:34:36.047
6516	1V9207	13522	\N	1	\N	6	2015-12-02 00:00:00.000	2015-12-02 10:37:47.303
6517	1W9575	13566	\N	6	\N	6	2015-12-02 00:00:00.000	2015-12-02 10:38:31.280
6518	4A9007	13567	\N	6	\N	6	2015-12-02 00:00:00.000	2015-12-02 10:39:28.237
6519	1L9281	13589	\N	6	\N	6	2015-12-03 00:00:00.000	2015-12-03 10:01:39.777
6520	4S9390	13588	\N	6	\N	6	2015-12-03 00:00:00.000	2015-12-03 10:02:29.167
6521	4M9008	13586	\N	6	\N	6	2015-12-03 00:00:00.000	2015-12-03 10:04:41.627
6522	1N9338	13579	\N	6	\N	6	2015-12-03 00:00:00.000	2015-12-03 10:07:39.560
6523	1Z9502	13578	\N	6	\N	6	2015-12-03 00:00:00.000	2015-12-03 10:08:48.247
6524	1G9512	13574	\N	6	\N	6	2015-12-03 00:00:00.000	2024-09-13 16:19:57.420
6525	1V9210	13571	\N	6	\N	6	2015-12-03 00:00:00.000	2015-12-03 10:10:23.390
6526	1P9759	13570	\N	6	\N	6	2015-12-03 00:00:00.000	2015-12-03 10:11:43.810
6527	1J9439	13605	\N	6	\N	6	2015-12-03 00:00:00.000	2015-12-03 14:06:19.760
6528	1Z9488	13606	\N	6	\N	6	2015-12-03 00:00:00.000	2015-12-03 12:57:45.707
6529	59X	13607	\N	6	\N	6	2015-12-03 00:00:00.000	2015-12-03 12:58:29.103
6530	1W9570	13604	\N	1	\N	6	2015-12-03 00:00:00.000	2015-12-03 12:59:07.513
6533	4T9168	13592	\N	6	\N	6	2015-12-03 00:00:00.000	2015-12-03 13:02:23.043
6534	4T9184	13590	\N	6	\N	6	2015-12-03 00:00:00.000	2024-09-13 16:35:50.313
6535	50H	13594	\N	6	\N	6	2015-12-03 00:00:00.000	2015-12-03 13:31:30.167
6536	50F	13601	\N	6	\N	6	2015-12-03 00:00:00.000	2015-12-03 13:37:15.677
6537	1W9157	16951	\N	6	\N	6	2015-12-03 00:00:00.000	2020-02-04 10:03:34.047
6538	4S9395	13608	\N	6	\N	6	2015-12-04 00:00:00.000	2015-12-04 08:16:13.297
6539	1A9998	13615	\N	6	\N	6	2015-12-04 00:00:00.000	2015-12-04 08:17:02.733
6540	1R9800	13616	\N	6	\N	6	2015-12-04 00:00:00.000	2015-12-04 08:17:59.160
6541	1Z9499	13619	\N	6	\N	6	2015-12-04 00:00:00.000	2021-12-29 14:08:53.630
6544	4S9379	13612	\N	6	\N	6	2015-12-04 00:00:00.000	2015-12-04 10:54:37.893
6545	1G9510	13611	\N	6	\N	6	2015-12-04 00:00:00.000	2015-12-04 10:55:38.673
6546	4A9008	13644	\N	6	\N	6	2015-12-04 00:00:00.000	2015-12-04 11:40:56.493
6547	4T9191	13643	\N	6	\N	6	2015-12-04 00:00:00.000	2015-12-04 11:41:36.693
6548	4C9404	13636	\N	6	\N	6	2015-12-04 00:00:00.000	2015-12-04 11:42:20.140
6549	4B9079	13635	\N	2	\N	6	2015-12-04 00:00:00.000	2019-11-04 17:02:43.953
6550	4C9409	13634	\N	6	\N	6	2015-12-04 00:00:00.000	2015-12-04 11:44:23.927
6551	4T9197	13633	\N	6	\N	6	2015-12-04 00:00:00.000	2015-12-04 11:45:01.290
6552	59U	13631	\N	1	\N	6	2015-12-04 00:00:00.000	2015-12-04 11:46:15.530
6553	1C9540	13981	\N	6	\N	6	2015-12-04 00:00:00.000	2015-12-04 14:12:07.597
6554	1A9087	10763	\N	6	\N	6	2015-12-04 00:00:00.000	2015-12-04 15:56:57.543
6555	1F9447	13665	\N	6	\N	6	2015-12-07 00:00:00.000	2015-12-07 09:05:44.440
6556	1F9440	13664	\N	6	\N	6	2015-12-07 00:00:00.000	2015-12-07 09:06:28.027
6557	1E9574	13663	\N	6	\N	6	2015-12-07 00:00:00.000	2015-12-07 09:07:44.810
6558	1A9999	13659	\N	6	\N	6	2015-12-07 00:00:00.000	2015-12-07 09:09:16.600
6559	4S9393	13652	\N	6	\N	6	2015-12-07 00:00:00.000	2015-12-07 09:10:52.573
6560	1N9348	13650	\N	6	\N	6	2015-12-07 00:00:00.000	2015-12-07 09:12:13.070
6561	1P9750	13649	\N	6	\N	6	2015-12-07 00:00:00.000	2015-12-07 09:13:39.493
6562	1A9902	13648	\N	6	\N	6	2015-12-07 00:00:00.000	2015-12-07 09:14:45.013
6563	1R9799	13647	\N	6	\N	6	2015-12-07 00:00:00.000	2015-12-07 09:16:26.040
6564	1RW	5744	\N	6	\N	6	2015-12-07 00:00:00.000	2015-12-07 12:53:14.060
6565	505	13682	\N	6	\N	6	2015-12-07 00:00:00.000	2015-12-07 13:37:59.073
6566	4C9394	13681	\N	6	\N	6	2015-12-07 00:00:00.000	2015-12-07 13:39:46.340
6567	1H9680	13670	\N	6	\N	6	2015-12-07 00:00:00.000	2015-12-07 13:40:55.183
6568	1F9452	13669	\N	6	\N	6	2015-12-07 00:00:00.000	2015-12-07 13:42:19.110
6569	1V9145	13667	\N	1	\N	6	2015-12-07 00:00:00.000	2015-12-07 13:43:11.917
6570	4M9011	13666	\N	6	\N	6	2015-12-07 00:00:00.000	2015-12-07 13:47:58.677
6571	SCB	13983	\N	2	\N	5	2015-12-07 00:00:00.000	2015-12-07 15:01:13.220
6572	1V9202	13714	\N	6	\N	6	2015-12-08 00:00:00.000	2015-12-08 09:56:49.850
6573	1R9801	13713	\N	6	\N	6	2015-12-08 00:00:00.000	2015-12-08 09:59:05.633
6574	502	13712	\N	6	\N	6	2015-12-08 00:00:00.000	2015-12-08 10:59:17.570
6575	4B9090	13710	\N	6	\N	6	2015-12-08 00:00:00.000	2015-12-08 11:07:28.563
6576	1D9765	13708	\N	6	\N	6	2015-12-08 00:00:00.000	2015-12-08 11:20:15.150
6577	4C9406	13707	\N	6	\N	6	2015-12-08 00:00:00.000	2015-12-08 11:20:50.000
6578	1P9756	13704	\N	6	\N	6	2015-12-08 00:00:00.000	2015-12-08 11:46:26.307
6579	1W9569	13701	\N	6	\N	6	2015-12-08 00:00:00.000	2015-12-08 11:48:38.250
6580	1E9568	13683	\N	6	\N	6	2015-12-08 00:00:00.000	2015-12-08 12:15:47.720
6581	4B9088	13700	\N	6	\N	6	2015-12-08 00:00:00.000	2015-12-08 12:16:22.447
6582	4B9066	16368	\N	6	\N	6	2015-12-08 00:00:00.000	2020-06-16 12:31:06.660
6583	1Z9495	13724	\N	6	\N	6	2015-12-08 00:00:00.000	2015-12-08 14:13:31.960
6584	1D9770	13729	\N	6	\N	6	2015-12-08 00:00:00.000	2015-12-08 14:16:43.713
6585	1W9564	13731	\N	6	\N	6	2015-12-08 00:00:00.000	2015-12-08 14:19:08.280
6586	1E9333	2157	\N	2	\N	6	2015-12-08 00:00:00.000	2015-12-08 14:59:02.010
6587	VL4	13755	\N	2	\N	9	2015-12-09 00:00:00.000	2015-12-09 09:12:52.230
6588	LK8	13753	\N	9	\N	8	2015-12-09 00:00:00.000	2021-09-20 10:18:27.550
6589	1V9208	13752	\N	6	\N	6	2015-12-09 00:00:00.000	2015-12-09 09:19:00.923
6590	4T9169	13750	\N	6	\N	6	2015-12-09 00:00:00.000	2015-12-09 09:22:59.557
6591	1U9081	13749	\N	6	\N	6	2015-12-09 00:00:00.000	2015-12-09 09:23:42.067
6592	1R9773	13748	\N	6	\N	6	2015-12-09 00:00:00.000	2015-12-09 09:25:20.080
6593	1W9565	13740	\N	6	\N	6	2015-12-09 00:00:00.000	2015-12-09 09:28:49.107
6594	L6F	13736	\N	9	\N	8	2015-12-09 00:00:00.000	2015-12-09 09:32:20.050
6595	1P9754	13735	\N	6	\N	6	2015-12-09 00:00:00.000	2015-12-09 09:33:22.513
6596	1K9357	13733	\N	9	\N	6	2015-12-09 00:00:00.000	2026-04-08 12:57:03.040
6597	1C9998	17591	\N	6	\N	6	2015-12-09 00:00:00.000	2018-01-03 15:10:33.583
6598	1N9242	8573	\N	1	\N	6	2015-12-09 00:00:00.000	2015-12-09 13:18:01.340
6599	1R9462	4970	\N	6	\N	6	2015-12-09 00:00:00.000	2015-12-09 13:32:28.717
6600	1Y9037	13766	\N	6	\N	6	2015-12-09 00:00:00.000	2015-12-09 13:38:25.617
6601	1G9509	13767	\N	6	\N	6	2015-12-09 00:00:00.000	2015-12-09 13:39:27.453
6602	L0X	13771	\N	9	\N	8	2015-12-09 00:00:00.000	2015-12-09 13:41:49.117
6603	1N9345	13772	\N	6	\N	6	2015-12-09 00:00:00.000	2015-12-09 13:42:32.487
6604	1T9717	3273	\N	1	\N	6	2015-12-09 00:00:00.000	2015-12-09 13:59:34.803
6605	4M7	5032	\N	6	\N	6	2015-12-09 00:00:00.000	2015-12-09 16:37:03.177
6606	4C9398	13785	\N	6	\N	6	2015-12-10 00:00:00.000	2015-12-10 08:20:40.093
6607	1L9538	13784	\N	6	\N	6	2015-12-10 00:00:00.000	2015-12-10 08:21:17.033
6608	1H9673	13783	\N	6	\N	6	2015-12-10 00:00:00.000	2015-12-10 08:21:47.780
6609	1L9512	13779	\N	6	\N	6	2015-12-10 00:00:00.000	2015-12-10 08:24:07.137
6610	1L9541	13778	\N	6	\N	6	2015-12-10 00:00:00.000	2015-12-10 08:26:32.420
6611	1R9798	13777	\N	6	\N	6	2015-12-10 00:00:00.000	2015-12-10 08:28:07.157
6612	1F9445	13774	\N	6	\N	6	2015-12-10 00:00:00.000	2015-12-10 08:29:15.237
6613	4B9020	13797	\N	6	\N	6	2015-12-10 00:00:00.000	2015-12-10 10:28:07.210
6614	1A9994	13794	\N	6	\N	6	2015-12-10 00:00:00.000	2015-12-10 10:29:16.753
6615	59L	13793	\N	6	\N	6	2015-12-10 00:00:00.000	2015-12-10 10:29:50.467
6616	58D	13792	\N	1	\N	6	2015-12-10 00:00:00.000	2015-12-10 10:31:54.253
6617	1Z9493	13790	\N	6	\N	6	2015-12-10 00:00:00.000	2015-12-10 10:32:34.970
6618	1A9971	13788	\N	6	\N	6	2015-12-10 00:00:00.000	2015-12-10 10:33:33.890
6619	4A9003	13787	\N	6	\N	6	2015-12-10 00:00:00.000	2015-12-10 10:34:27.633
6620	1A9991	13786	\N	6	\N	6	2015-12-10 00:00:00.000	2015-12-10 10:35:03.917
6621	4B9082	13812	\N	6	\N	6	2015-12-11 00:00:00.000	2015-12-11 08:34:11.937
6622	1E9572	13810	\N	9	\N	6	2015-12-11 00:00:00.000	2015-12-11 08:35:42.027
6623	1A9997	13808	\N	7	\N	6	2015-12-11 00:00:00.000	2019-10-22 09:35:23.303
6624	1E9570	13807	\N	6	\N	6	2015-12-11 00:00:00.000	2015-12-11 08:38:28.680
6625	4B9084	13806	\N	6	\N	6	2015-12-11 00:00:00.000	2015-12-11 08:39:04.203
6626	4T9183	13805	\N	6	\N	6	2015-12-11 00:00:00.000	2015-12-11 08:40:39.160
6627	4S9360	13804	\N	6	\N	6	2015-12-11 00:00:00.000	2015-12-11 08:42:50.370
6628	1E9569	13802	\N	6	\N	6	2015-12-11 00:00:00.000	2015-12-11 08:45:23.220
6629	4T9173	13801	\N	6	\N	6	2015-12-11 00:00:00.000	2015-12-11 08:49:35.677
6630	3R9038	13800	\N	6	\N	12	2015-12-11 00:00:00.000	2021-10-05 10:51:36.390
6631	2S9134	13822	\N	6	\N	1	2015-12-11 00:00:00.000	2015-12-11 11:29:38.413
6632	1K9354	13821	\N	6	\N	6	2015-12-11 00:00:00.000	2015-12-11 11:30:30.877
6633	1W9542	13820	\N	6	\N	6	2015-12-11 00:00:00.000	2015-12-11 11:31:16.553
6634	4M9003	13818	\N	6	\N	6	2015-12-11 00:00:00.000	2015-12-11 11:32:17.160
6635	1D9772	13817	\N	6	\N	6	2015-12-11 00:00:00.000	2015-12-11 11:33:14.380
6636	1P9704	13816	\N	6	\N	6	2015-12-11 00:00:00.000	2015-12-11 11:33:56.080
6637	1W9523	13814	\N	6	\N	6	2015-12-11 00:00:00.000	2015-12-11 11:35:15.983
6638	1R9804	13813	\N	6	\N	6	2015-12-11 00:00:00.000	2015-12-11 11:37:33.277
6639	4B9100	13839	\N	6	\N	6	2015-12-14 00:00:00.000	2015-12-14 08:20:23.567
6640	1G9508	13835	\N	6	\N	6	2015-12-14 00:00:00.000	2015-12-14 08:21:25.717
6641	4B9097	13834	\N	6	\N	6	2015-12-14 00:00:00.000	2015-12-14 08:22:41.830
6642	50P	13832	\N	6	\N	6	2015-12-14 00:00:00.000	2015-12-14 08:24:30.563
6643	4C9410	13831	\N	9	\N	6	2015-12-14 00:00:00.000	2015-12-14 08:25:56.847
6644	4M9006	13829	\N	6	\N	6	2015-12-14 00:00:00.000	2015-12-14 08:26:50.497
6645	1E9577	13827	\N	1	\N	6	2015-12-14 00:00:00.000	2020-01-08 15:00:38.180
6646	1L9547	13879	\N	6	\N	6	2015-12-14 00:00:00.000	2015-12-14 09:50:48.400
6647	1Z9503	13861	\N	6	\N	6	2015-12-14 00:00:00.000	2018-04-19 15:50:18.040
6648	4B9098	13860	\N	6	\N	6	2015-12-14 00:00:00.000	2015-12-14 09:52:38.287
6649	1T9894	13859	\N	6	\N	6	2015-12-14 00:00:00.000	2015-12-14 09:54:11.947
6650	1G9141	13857	\N	6	\N	6	2015-12-14 00:00:00.000	2015-12-14 09:55:35.987
6651	4B9101	13855	\N	6	\N	6	2015-12-14 00:00:00.000	2015-12-14 09:56:31.380
6652	1L9548	13853	\N	6	\N	6	2015-12-14 00:00:00.000	2015-12-14 09:58:50.830
6653	4A9010	13848	\N	6	\N	6	2015-12-14 00:00:00.000	2015-12-14 10:00:04.133
6654	4A9012	13912	\N	3	\N	6	2015-12-15 00:00:00.000	2019-10-23 09:37:28.830
6655	1L9546	13897	\N	6	\N	6	2015-12-15 00:00:00.000	2015-12-15 08:49:08.980
6656	4S9377	13891	\N	6	\N	6	2015-12-15 00:00:00.000	2015-12-15 08:50:08.057
6657	4T9190	13888	\N	1	\N	6	2015-12-15 00:00:00.000	2015-12-15 08:52:15.057
6658	50V	13881	\N	9	\N	6	2015-12-15 00:00:00.000	2015-12-15 08:53:12.747
6659	4T9178	11842	\N	6	\N	6	2015-12-15 00:00:00.000	2015-12-15 12:28:13.970
6660	1M9995	13994	\N	6	\N	6	2015-12-15 00:00:00.000	2015-12-15 12:46:04.413
6661	1J9442	13995	\N	6	\N	6	2015-12-15 00:00:00.000	2015-12-15 13:01:43.050
6662	1H9672	12019	\N	6	\N	6	2015-12-15 00:00:00.000	2015-12-15 13:29:33.923
6663	2J9057	13675	\N	6	\N	1	2015-12-16 00:00:00.000	2023-01-25 16:21:05.287
6664	1L9540	14000	\N	6	\N	6	2015-12-16 00:00:00.000	2015-12-16 09:13:57.230
6665	1F9449	13999	\N	6	\N	6	2015-12-16 00:00:00.000	2015-12-16 09:16:24.573
6666	1G9015	13998	\N	6	\N	6	2015-12-16 00:00:00.000	2015-12-16 09:17:01.637
6667	1Z9479	13997	\N	6	\N	6	2015-12-16 00:00:00.000	2015-12-16 09:19:20.447
6668	4S9394	13996	\N	6	\N	6	2015-12-16 00:00:00.000	2021-06-21 12:49:48.950
6669	50L	13749	\N	6	\N	6	2015-12-16 00:00:00.000	2015-12-16 10:59:25.693
6670	4M9005	14012	\N	6	\N	6	2015-12-16 00:00:00.000	2015-12-16 13:03:44.550
6671	1F9446	14011	\N	6	\N	6	2015-12-16 00:00:00.000	2015-12-16 13:04:27.123
6672	1J9438	14010	\N	6	\N	6	2015-12-16 00:00:00.000	2015-12-16 13:04:57.933
6673	1H9686	14009	\N	6	\N	6	2015-12-16 00:00:00.000	2015-12-16 13:05:31.707
6674	1L9539	14007	\N	6	\N	6	2015-12-16 00:00:00.000	2015-12-16 13:07:33.013
6675	1P9736	14006	\N	6	\N	6	2015-12-16 00:00:00.000	2015-12-16 13:08:27.113
6676	LXY	14236	\N	1	\N	8	2015-12-17 00:00:00.000	2026-06-18 09:34:45.337
6677	4C9397	13759	\N	6	\N	6	2015-12-17 00:00:00.000	2015-12-17 13:44:21.330
6678	4B9092	13928	\N	6	\N	6	2015-12-17 00:00:00.000	2015-12-17 13:45:04.590
6679	50Y	13918	\N	1	\N	6	2015-12-17 00:00:00.000	2015-12-17 14:15:16.767
6680	SJJ	13946	\N	9	\N	5	2015-12-18 00:00:00.000	2020-02-05 12:23:53.807
6681	1F9448	5368	\N	6	\N	6	2015-12-18 00:00:00.000	2015-12-18 08:12:02.190
6682	50M	13768	\N	6	\N	6	2015-12-18 00:00:00.000	2015-12-18 08:37:05.907
6683	58C	7342	\N	6	\N	6	2015-12-18 00:00:00.000	2015-12-18 10:54:38.090
6684	1D9591	7337	\N	6	\N	6	2015-12-18 00:00:00.000	2015-12-18 10:55:22.657
6685	4C9357	6815	\N	6	\N	6	2015-12-18 00:00:00.000	2015-12-18 10:56:54.760
6686	1M9990	7341	\N	6	\N	6	2015-12-18 00:00:00.000	2015-12-18 10:57:38.457
6687	1M9994	7340	\N	6	\N	6	2015-12-18 00:00:00.000	2015-12-18 10:58:16.520
6688	4M9010	13868	\N	6	\N	6	2015-12-18 00:00:00.000	2015-12-18 11:50:32.797
6689	50G	13992	\N	2	\N	6	2015-11-23 00:00:00.000	2024-08-02 15:43:46.653
6690	9C2	14782	\N	1	\N	18	1988-12-30 00:00:00.000	2021-04-14 14:24:38.647
6691	1L9550	13864	\N	6	\N	6	2016-01-06 00:00:00.000	2016-01-06 11:50:16.950
6692	1A9652	14098	\N	6	\N	6	2016-01-06 00:00:00.000	2016-01-06 12:42:16.443
6693	1N9013	3837	\N	5	\N	6	2016-01-13 00:00:00.000	2016-01-13 09:52:23.410
6694	3SD	2496	\N	3	2	12	2016-01-19 00:00:00.000	2018-02-28 14:50:46.620
6695	1A9329	14225	\N	1	\N	6	1994-01-01 00:00:00.000	2016-01-22 18:30:17.090
6696	7F7	12045	\N	1	\N	6	2016-02-08 00:00:00.000	2016-02-08 09:44:25.983
6697	1R9450	14333	\N	1	\N	6	2016-02-09 00:00:00.000	2016-02-09 11:17:06.523
6698	LYV	16477	\N	7	\N	8	2016-02-10 00:00:00.000	2023-07-18 15:44:43.547
6699	4XA	1132	\N	1	\N	\N	2000-01-01 00:00:00.000	2016-02-18 08:31:47.810
6700	ABT	6986	\N	6	\N	6	\N	2016-03-07 09:27:31.733
6701	1M9682	11105	\N	2	\N	6	2016-02-16 00:00:00.000	2016-02-16 16:46:29.587
6702	JY4	1130	\N	1	\N	3	2016-02-19 00:00:00.000	2016-02-19 13:31:53.597
6703	5Y4	1130	\N	1	\N	6	2016-02-19 00:00:00.000	2016-02-19 13:33:47.820
6704	WF0	14678	\N	2	\N	2	2016-02-26 00:00:00.000	2016-02-26 15:48:14.067
6705	1E9579	13827	\N	5	\N	6	2016-02-29 00:00:00.000	2020-01-08 15:10:03.493
6706	1G9495	1151	\N	9	\N	6	2016-03-01 00:00:00.000	2016-03-01 09:17:04.383
6707	ZA9F76	7176	\N	2	\N	9	2016-03-02 00:00:00.000	2016-03-02 09:49:35.647
6709	50X	14146	\N	6	\N	6	2016-03-02 00:00:00.000	2016-03-02 14:26:46.367
6710	4S9397	13914	\N	6	\N	6	2016-03-02 00:00:00.000	2016-03-02 15:15:14.273
6711	1C9947	11728	\N	1	\N	6	2016-03-02 00:00:00.000	2016-03-02 16:46:33.317
6712	5FT	6919	\N	6	\N	6	2016-03-02 00:00:00.000	2016-03-02 16:50:23.527
6713	1D9523	10918	\N	6	\N	6	2016-03-03 00:00:00.000	2016-03-03 09:19:11.973
6714	4T9207	13989	\N	1	\N	6	2016-03-03 00:00:00.000	2016-03-03 09:24:56.220
6715	1N9226	2522	\N	1	\N	6	2016-03-03 00:00:00.000	2016-03-03 09:52:09.183
6716	LVE	11658	\N	5	\N	8	2016-03-03 00:00:00.000	2022-01-31 17:08:39.933
6717	4M9016	14042	\N	6	\N	6	2016-03-03 00:00:00.000	2016-03-03 12:03:08.807
6718	42K	9642	\N	6	\N	6	2016-03-03 00:00:00.000	2016-03-03 12:42:17.250
6719	4S9148	9113	\N	6	\N	6	2016-03-03 00:00:00.000	2016-03-03 14:23:24.663
6720	4B9104	14139	\N	6	\N	6	2016-03-03 00:00:00.000	2016-03-03 16:41:10.103
6721	1P9641	14002	\N	6	\N	6	2016-03-03 00:00:00.000	2016-03-03 16:58:41.590
6722	1K9353	13941	\N	1	\N	6	2016-03-04 00:00:00.000	2022-08-01 11:27:49.113
6723	1K9352	13657	\N	6	\N	6	2016-03-04 00:00:00.000	2016-03-04 10:20:07.487
6724	1A9574	5183	\N	6	\N	6	2016-03-04 00:00:00.000	2016-03-04 10:40:04.927
6725	1Z9418	6520	\N	6	\N	6	2016-03-04 00:00:00.000	2016-03-04 11:09:27.403
6726	1P9764	14013	\N	9	\N	6	2016-03-04 00:00:00.000	2016-03-04 12:24:54.547
6727	4S9290	14005	\N	6	\N	6	2016-03-04 00:00:00.000	2016-03-04 13:12:45.637
6728	1A9618	1958	\N	6	\N	6	2016-03-04 00:00:00.000	2016-03-04 13:43:21.903
6729	4M9015	13966	\N	6	\N	6	2016-03-04 00:00:00.000	2016-03-04 13:52:16.670
6730	1G9511	13935	\N	6	\N	6	2016-03-04 00:00:00.000	2016-03-04 13:55:25.290
6731	1A9605	4839	\N	1	\N	6	2016-03-04 00:00:00.000	2016-03-04 14:12:36.250
6732	1H9687	13916	\N	1	\N	6	2016-03-04 00:00:00.000	2016-03-04 14:14:19.350
6733	1H9681	13917	\N	6	\N	6	2016-03-04 00:00:00.000	2016-03-04 14:33:52.037
6734	1A9617	4825	\N	6	\N	6	2016-03-04 00:00:00.000	2016-03-04 14:46:51.397
6735	1F9455	14023	\N	6	\N	6	2016-03-04 00:00:00.000	2016-03-04 14:47:43.737
6736	4M9012	13952	\N	6	\N	6	2016-03-04 00:00:00.000	2016-03-04 14:49:21.453
6737	2S9135	9789	\N	6	\N	1	2016-03-07 00:00:00.000	2016-03-07 10:02:36.147
6738	1A9593	13089	\N	6	\N	6	2016-03-07 00:00:00.000	2016-03-07 10:16:15.100
6739	1A9614	5058	\N	6	\N	6	2016-03-07 00:00:00.000	2016-03-07 10:49:22.637
6740	139003	1941	\N	6	\N	6	2016-03-07 00:00:00.000	2016-03-07 11:24:13.790
6741	1T9604	2417	\N	6	\N	6	2016-03-07 00:00:00.000	2016-03-07 12:07:44.737
6742	1T9627	3277	\N	6	\N	6	2016-03-07 00:00:00.000	2016-03-07 12:34:35.813
6743	1Z9486	12021	\N	6	\N	6	2016-03-08 00:00:00.000	2016-03-08 14:03:42.133
6744	4T9176	14447	\N	6	\N	6	2016-03-08 00:00:00.000	2016-03-08 14:20:27.693
6745	2T9196	14421	\N	6	\N	1	2016-03-08 00:00:00.000	2016-03-08 15:05:31.820
6746	7FB	14420	\N	9	\N	6	2016-03-08 00:00:00.000	2016-03-08 15:20:00.973
6747	4S9400	11349	\N	6	\N	6	2016-03-08 00:00:00.000	2016-03-08 16:06:33.817
6748	4C9417	14367	\N	6	\N	6	2016-03-09 00:00:00.000	2016-03-09 09:31:14.383
6749	57E	13583	\N	1	\N	6	2016-03-09 00:00:00.000	2016-03-09 09:56:03.483
6750	1P9765	14202	\N	6	\N	6	2016-03-09 00:00:00.000	2016-03-09 10:22:26.477
6751	7F8	14275	\N	6	\N	6	2016-03-09 00:00:00.000	2016-03-09 11:34:29.247
6752	1P9766	14318	\N	6	\N	6	2016-03-09 00:00:00.000	2016-06-27 14:22:53.283
6753	1J9441	14227	\N	6	\N	6	2016-03-09 00:00:00.000	2016-03-09 12:04:36.727
6754	1H9689	14219	\N	6	\N	6	2016-03-09 00:00:00.000	2016-03-09 14:14:17.443
6755	4T9211	14201	\N	6	\N	6	2016-03-09 00:00:00.000	2016-03-09 14:27:33.527
6756	4A9015	14213	\N	6	\N	6	2016-03-09 00:00:00.000	2016-03-09 15:14:25.667
6757	13T	4720	\N	6	\N	6	2016-03-09 00:00:00.000	2016-03-09 16:13:14.627
6758	19T	4720	\N	6	\N	6	2016-03-09 00:00:00.000	2016-03-09 16:14:08.480
6759	16F	4720	\N	6	\N	6	2016-03-09 00:00:00.000	2016-03-09 16:16:11.483
6760	19F	4720	\N	6	\N	6	2016-03-09 00:00:00.000	2016-03-09 16:16:41.407
6761	1A9640	5066	\N	6	\N	6	2016-03-10 00:00:00.000	2016-03-10 13:03:33.070
6762	4B9103	13991	\N	6	\N	6	2016-03-11 00:00:00.000	2016-03-11 17:06:53.480
6763	7F2	13986	\N	6	\N	6	2016-03-14 00:00:00.000	2016-03-14 09:08:38.047
6764	1E9578	13985	\N	6	\N	6	2016-03-14 00:00:00.000	2016-03-14 09:28:26.880
6765	4T9205	14003	\N	6	\N	6	2016-03-14 00:00:00.000	2016-03-14 11:47:19.540
6766	4C9411	5045	\N	6	\N	6	2016-03-14 00:00:00.000	2016-03-14 12:34:52.317
6767	50B	13923	\N	6	\N	6	2016-03-14 00:00:00.000	2016-03-14 13:19:35.287
6768	2H9097	13930	\N	6	\N	1	2016-03-14 00:00:00.000	2016-03-14 13:37:32.890
6769	4T9206	13938	\N	6	\N	6	2016-03-14 00:00:00.000	2016-03-14 13:55:22.460
6770	4T9203	13909	\N	9	\N	6	2016-03-14 00:00:00.000	2016-03-14 14:28:19.420
6771	4T9196	14090	\N	6	\N	6	2016-03-14 00:00:00.000	2016-03-14 15:31:45.733
6772	1F9456	14122	\N	6	\N	6	2016-03-15 00:00:00.000	2016-03-15 09:12:34.187
6773	L1T	14057	\N	1	\N	6	2016-03-15 00:00:00.000	2016-09-14 16:04:04.890
6774	1H9688	14119	\N	9	\N	6	2016-03-15 00:00:00.000	2016-03-15 14:26:00.567
6775	1M9966	14192	\N	6	\N	6	2016-03-15 00:00:00.000	2016-03-15 16:04:17.020
6776	1W9576	12243	\N	6	\N	6	2016-03-15 00:00:00.000	2016-03-15 16:11:48.797
6777	4T9198	13982	\N	9	\N	6	2016-03-16 00:00:00.000	2026-04-08 13:35:09.050
6778	1P9763	13972	\N	9	\N	6	2016-03-17 00:00:00.000	2016-03-17 12:13:35.480
6779	KLM	13081	\N	9	\N	15	2016-03-17 00:00:00.000	2016-03-17 15:32:35.367
6780	1JJ	14508	\N	6	\N	6	2016-03-18 00:00:00.000	2023-05-24 08:51:08.990
6781	WKK	14460	\N	5	\N	6	2016-03-18 00:00:00.000	2016-03-21 14:55:52.560
6782	1G9515	14916	\N	6	\N	6	2016-03-23 00:00:00.000	2016-03-23 08:48:58.583
6783	4T9204	14605	\N	6	\N	6	2016-03-23 00:00:00.000	2016-03-23 09:46:29.170
6784	4M9018	14627	\N	6	\N	6	2016-03-23 00:00:00.000	2016-03-23 10:47:44.820
6785	50S	7156	\N	1	\N	6	2016-03-23 00:00:00.000	2016-03-23 12:03:18.390
6786	1R9792	14711	\N	1	\N	6	2016-03-23 00:00:00.000	2016-03-23 13:03:20.467
6787	4A9014	14716	\N	6	\N	6	2016-03-23 00:00:00.000	2016-03-23 13:53:05.453
6788	4M9017	14718	\N	6	\N	6	2016-03-23 00:00:00.000	2016-03-23 14:23:58.537
6789	4M9027	14862	\N	6	\N	6	2016-03-30 00:00:00.000	2016-03-30 11:16:43.963
6790	3BJ	23472	\N	10	\N	12	2016-04-05 00:00:00.000	2026-04-01 10:26:29.117
6791	1R9788	14951	\N	2	\N	6	2016-04-05 00:00:00.000	2016-04-05 15:09:50.130
6792	3E1	11798	\N	6	\N	12	2016-04-08 00:00:00.000	2023-09-28 11:04:24.240
6793	1BN	4571	\N	6	\N	6	2016-04-08 00:00:00.000	2016-04-08 14:55:17.277
6794	5HD	4249	\N	1	\N	\N	2016-04-11 00:00:00.000	2016-04-11 09:58:11.150
6795	932	14971	\N	1	\N	18	2016-04-11 00:00:00.000	2016-04-11 10:51:58.627
6797	4M9020	14939	\N	9	\N	6	2016-04-26 00:00:00.000	2016-04-26 10:08:48.427
6798	LRB	16300	\N	7	\N	8	2016-04-27 00:00:00.000	2024-05-30 12:36:36.213
6799	SAD	1079	\N	7	\N	5	2016-04-28 00:00:00.000	2016-04-28 11:44:51.067
6800	ZN6	15956	\N	7	\N	9	2016-04-29 00:00:00.000	2021-09-13 12:34:07.637
6801	SJA	13983	\N	7	\N	5	2016-04-29 00:00:00.000	2016-04-29 13:10:46.503
6802	HDR	15022	\N	1	\N	\N	2016-05-02 00:00:00.000	2016-05-02 10:02:21.860
6803	JC1	1041	\N	2	\N	3	2016-05-02 00:00:00.000	2016-05-02 16:28:13.843
6804	4B9112	14885	\N	1	\N	6	2016-05-03 00:00:00.000	2016-05-03 09:23:19.243
6805	8BT	964	\N	7	\N	17	2016-05-03 00:00:00.000	2016-05-04 14:49:46.983
6806	8BR	964	\N	5	\N	17	2016-05-03 00:00:00.000	2016-05-04 14:50:14.020
6807	8BU	964	\N	3	\N	17	2016-05-03 00:00:00.000	2016-05-03 15:49:29.090
6808	8BN	964	\N	10	\N	17	2016-05-04 00:00:00.000	2016-05-04 11:04:06.333
6809	AA9KY1	15066	\N	6	\N	10	2016-05-10 00:00:00.000	2016-05-10 11:00:01.947
6810	ZFJ	15082	\N	6	\N	9	2016-05-12 00:00:00.000	2016-05-12 12:50:13.593
6811	4C9430	15092	\N	6	\N	6	2016-05-18 00:00:00.000	2016-05-18 10:42:40.723
6812	58A	1088	\N	2	\N	6	2016-05-19 00:00:00.000	2016-05-19 10:47:51.760
6813	3H3	14282	\N	6	\N	12	2016-05-19 00:00:00.000	2016-05-19 12:36:11.433
6814	4NS	984	\N	10	\N	6	2016-05-27 00:00:00.000	2016-05-27 12:35:55.350
6815	1Z9521	15126	\N	1	\N	6	2016-06-01 00:00:00.000	2016-06-01 13:49:46.267
6816	W06	15139	\N	2	\N	2	2016-06-06 00:00:00.000	2016-06-06 13:45:22.627
6817	JH3	987	\N	1	\N	3	2016-06-08 00:00:00.000	2016-06-08 09:21:12.147
6818	478	988	\N	1	\N	6	2016-06-08 00:00:00.000	2023-07-18 13:25:07.653
6819	JF4	1075	\N	2	\N	3	2016-06-09 00:00:00.000	2016-06-09 11:18:29.300
6820	JS4	1048	\N	3	\N	3	2016-06-09 00:00:00.000	2016-06-09 15:13:11.787
6821	1Z9496	14659	\N	6	\N	6	2016-06-15 00:00:00.000	2016-06-15 11:53:31.820
6822	4C9424	14965	\N	6	\N	6	2016-06-17 00:00:00.000	2016-06-17 09:12:51.300
6823	4B9115	15168	\N	6	\N	6	2016-06-17 00:00:00.000	2016-06-17 09:36:45.130
6824	1F9054	9639	\N	5	\N	6	2016-06-17 00:00:00.000	2016-06-17 09:56:18.067
6825	1N9361	15137	\N	6	\N	6	2016-06-17 00:00:00.000	2016-06-17 10:42:23.747
6826	1F9468	15162	\N	6	\N	6	2016-06-17 00:00:00.000	2016-06-17 11:03:13.530
6827	1F9465	15068	\N	6	\N	6	2016-06-17 00:00:00.000	2016-06-17 11:08:43.110
6828	1L9317	10828	\N	6	\N	6	2016-06-17 00:00:00.000	2016-06-17 11:13:59.323
6829	1W9579	14698	\N	6	\N	6	2016-06-17 00:00:00.000	2016-06-17 11:20:13.507
6830	VTD	15171	\N	1	\N	26	2016-06-17 00:00:00.000	2016-06-17 12:06:07.567
6831	1D9441	15160	\N	6	\N	6	2016-06-17 00:00:00.000	2016-06-17 12:20:01.090
6832	4C9422	15014	\N	1	\N	6	2016-06-17 00:00:00.000	2016-06-17 12:27:31.010
6833	1D9778	13602	\N	6	\N	6	2016-06-17 00:00:00.000	2016-06-17 13:33:34.260
6834	1D9776	15150	\N	6	\N	6	2016-06-17 00:00:00.000	2016-06-17 13:42:17.533
6835	1W9586	15133	\N	6	\N	6	2016-06-17 00:00:00.000	2016-06-17 14:42:23.353
6836	4C9431	15153	\N	9	\N	6	2016-06-17 00:00:00.000	2016-06-17 14:59:39.273
6837	7FK	15143	\N	6	\N	6	2016-06-17 00:00:00.000	2016-06-17 15:16:31.810
6838	1A9995	15135	\N	6	\N	6	2016-06-17 00:00:00.000	2016-06-17 15:58:17.640
6839	50W	14756	\N	6	\N	6	2016-06-20 00:00:00.000	2016-06-20 08:13:35.853
6840	4B9111	15134	\N	6	\N	6	2016-06-20 00:00:00.000	2016-06-20 08:29:07.423
6841	1D9775	15128	\N	6	\N	6	2016-06-20 00:00:00.000	2016-06-20 12:01:27.047
6842	4M9009	14915	\N	6	\N	6	2016-06-20 00:00:00.000	2016-06-20 12:07:16.703
6843	1R9805	15131	\N	6	\N	6	2016-06-20 00:00:00.000	2016-06-20 12:15:18.230
6844	4T9213	14159	\N	6	\N	6	2016-06-20 00:00:00.000	2016-06-20 12:21:37.903
6845	4TC	7793	\N	6	\N	6	2016-06-20 00:00:00.000	2016-06-20 12:43:31.910
6846	1P9747	15123	\N	6	\N	6	2016-06-20 00:00:00.000	2016-06-20 12:53:41.607
6847	58E	14985	\N	6	\N	6	2016-06-20 00:00:00.000	2016-06-20 13:00:41.513
6848	1R9814	15112	\N	6	\N	6	2016-06-20 00:00:00.000	2016-06-20 13:18:08.353
6849	LPK	13677	\N	5	\N	8	2016-06-20 00:00:00.000	2016-06-20 13:24:32.033
6850	4B9113	15109	\N	6	\N	6	2016-06-20 00:00:00.000	2018-10-11 16:15:56.800
6851	1W9583	15108	\N	6	\N	6	2016-06-20 00:00:00.000	2018-10-04 15:04:36.643
6852	1J9447	14828	\N	3	2	6	2016-06-20 00:00:00.000	2016-06-20 14:19:40.753
6853	4T9223	15096	\N	6	\N	6	2016-06-21 00:00:00.000	2016-06-21 08:01:34.917
6854	4S9409	15095	\N	6	\N	6	2016-06-21 00:00:00.000	2016-06-21 08:15:00.563
6855	1F9467	15086	\N	6	\N	6	2016-06-21 00:00:00.000	2016-06-21 08:43:54.693
6856	4HA	5719	\N	6	\N	6	2016-06-21 00:00:00.000	2016-06-21 08:54:31.410
6857	1K9361	2354	\N	6	\N	6	2016-06-21 00:00:00.000	2016-06-21 09:09:40.843
6858	4M9029	15070	\N	6	\N	6	2016-06-21 00:00:00.000	2016-06-21 09:30:05.477
6859	1Z9458	15063	\N	9	\N	6	2016-06-21 00:00:00.000	2016-06-21 09:47:49.977
6860	4S9403	15064	\N	6	\N	6	2016-06-21 00:00:00.000	2016-06-21 10:48:14.457
6861	4YM	13315	\N	6	\N	6	2016-06-21 00:00:00.000	2026-04-02 09:25:46.633
6862	4C9428	15057	\N	1	\N	6	2016-06-21 00:00:00.000	2016-06-21 11:22:43.847
6863	58J	9532	\N	6	\N	6	2016-06-21 00:00:00.000	2026-03-17 08:24:45.337
6864	4T9222	15056	\N	1	\N	6	2016-06-21 00:00:00.000	2016-06-21 14:19:02.507
6865	1N9362	15016	\N	6	\N	6	2016-06-21 00:00:00.000	2022-03-30 08:49:54.827
6866	5VJ	11577	\N	6	\N	6	2016-06-21 00:00:00.000	2016-06-21 14:43:38.067
6867	YA9284	14981	\N	6	\N	22	2016-06-22 00:00:00.000	2016-06-22 07:16:12.947
6868	1N9364	15021	\N	6	\N	6	2016-06-22 00:00:00.000	2016-06-22 07:22:40.703
6869	1G9492	15007	\N	5	\N	6	2016-06-22 00:00:00.000	2016-06-22 07:37:33.023
6870	4B9056	15009	\N	6	\N	6	2016-06-22 00:00:00.000	2016-06-22 08:40:16.467
6871	1G9529	15015	\N	6	\N	6	2016-06-22 00:00:00.000	2016-06-22 08:48:40.880
6872	1G9528	15015	\N	1	\N	6	2016-06-22 00:00:00.000	2016-06-22 08:53:26.500
6873	1P9772	13803	\N	6	\N	6	2016-06-22 00:00:00.000	2016-06-22 09:29:12.690
6874	1R9813	14979	\N	6	\N	6	2016-06-22 00:00:00.000	2016-06-22 09:53:38.343
6875	4C9426	15006	\N	6	\N	6	2016-06-22 00:00:00.000	2016-06-22 10:00:20.620
6876	4M9001	15005	\N	6	\N	6	2016-06-22 00:00:00.000	2016-06-22 10:10:42.860
6877	4S9411	15013	\N	6	\N	6	2016-06-22 00:00:00.000	2016-06-22 10:17:52.733
6878	4M9031	15008	\N	6	\N	6	2016-06-22 00:00:00.000	2016-06-22 11:03:10.727
6879	4B9106	14212	\N	1	\N	6	2016-06-22 00:00:00.000	2016-06-22 11:41:15.303
6880	4B9054	15004	\N	6	\N	6	2016-06-22 00:00:00.000	2016-06-22 12:07:30.487
6881	3AW	14859	\N	6	\N	12	2016-06-22 00:00:00.000	2023-10-25 09:25:20.737
6882	4A9021	15001	\N	6	\N	6	2016-06-22 00:00:00.000	2016-06-22 12:51:57.217
6883	4M9030	14998	\N	6	\N	6	2016-06-22 00:00:00.000	2016-06-22 13:28:12.733
6884	4C9420	14992	\N	6	\N	6	2016-06-22 00:00:00.000	2016-06-22 13:35:36.213
6885	R1S	14817	\N	9	\N	8	2016-06-22 00:00:00.000	2016-06-22 13:56:44.137
6886	3A9261	14983	\N	6	\N	12	2016-06-23 00:00:00.000	2016-06-23 08:40:14.287
6887	4A9020	14968	\N	6	\N	213	2016-06-23 00:00:00.000	2016-06-23 08:52:56.053
6888	1Z9437	14964	\N	6	\N	6	2016-06-23 00:00:00.000	2016-06-23 09:00:58.373
6889	1E9583	14961	\N	6	\N	6	2016-06-23 00:00:00.000	2016-06-23 09:10:32.877
6890	1S1	14956	\N	6	\N	6	2016-06-23 00:00:00.000	2016-06-23 09:21:11.743
6891	3BD	14956	\N	6	\N	12	2016-06-23 00:00:00.000	2016-06-23 09:48:28.873
6892	1J9003	14946	\N	6	\N	6	2016-06-23 00:00:00.000	2016-06-23 10:47:51.780
6893	1Z9515	14952	\N	6	\N	6	2016-06-23 00:00:00.000	2016-06-23 12:26:19.150
6894	1H9663	14950	\N	6	\N	6	2016-06-23 00:00:00.000	2016-06-23 13:30:23.560
6895	4M9013	14937	\N	6	\N	6	2016-06-23 00:00:00.000	2016-06-23 13:58:38.160
6896	1Z9510	14679	\N	6	\N	6	2016-06-23 00:00:00.000	2016-06-23 14:21:41.677
6897	1E9582	14938	\N	6	\N	6	2016-06-24 00:00:00.000	2016-06-24 07:52:56.973
6898	1Z9514	14919	\N	9	\N	6	2016-06-24 00:00:00.000	2016-06-24 08:30:58.243
6899	1E9566	14871	\N	1	\N	6	2016-06-24 00:00:00.000	2016-06-24 09:22:12.960
6900	1Z9487	14854	\N	6	\N	6	2016-06-24 00:00:00.000	2016-06-24 09:42:04.007
6901	4C9419	14863	\N	1	\N	6	2016-06-24 00:00:00.000	2016-06-24 09:55:17.083
6902	1D9774	14793	\N	6	\N	6	2016-06-24 00:00:00.000	2016-06-24 10:29:35.037
6903	1F9462	14827	\N	6	\N	6	2016-06-24 00:00:00.000	2016-06-24 12:23:33.917
6904	3P9038	14842	\N	6	\N	12	2016-06-24 00:00:00.000	2016-06-24 12:41:49.180
6905	1Z9512	14825	\N	1	\N	6	2016-06-24 00:00:00.000	2016-06-24 13:24:45.743
6906	4B9110	14778	\N	6	\N	6	2016-06-24 00:00:00.000	2016-06-24 14:00:20.780
6907	4BF	4144	\N	6	\N	6	2016-06-24 00:00:00.000	2016-06-24 14:11:08.977
6908	4S9405	14664	\N	6	\N	6	2016-06-27 00:00:00.000	2016-06-27 07:45:49.937
6909	1R9808	14700	\N	6	\N	6	2016-06-27 00:00:00.000	2016-06-27 08:10:05.763
6910	4C9421	14661	\N	6	\N	6	2016-06-27 00:00:00.000	2016-06-27 08:42:07.530
6911	1G9518	14652	\N	6	\N	6	2016-06-27 00:00:00.000	2016-06-27 09:02:03.957
6912	LA9LC0	7330	\N	3	2	8	2016-06-27 00:00:00.000	2016-06-27 09:57:46.343
6913	3AU	8699	\N	6	\N	12	2016-06-27 00:00:00.000	2016-06-27 12:35:21.363
6914	1G9519	14625	\N	6	\N	6	2016-06-27 00:00:00.000	2016-06-27 14:12:27.647
6915	1P9768	2357	\N	6	\N	6	2016-06-27 00:00:00.000	2016-06-27 14:25:02.187
6916	1E9581	13827	\N	2	\N	6	2016-06-27 00:00:00.000	2016-06-27 14:33:08.190
6917	4M9023	14485	\N	6	\N	6	2016-06-28 00:00:00.000	2016-06-28 07:42:30.290
6918	1D9495	6854	\N	6	\N	6	2016-06-28 00:00:00.000	2016-06-28 09:06:58.723
6919	1N9359	14486	\N	6	\N	6	2016-06-28 00:00:00.000	2016-06-28 10:13:09.587
6920	1F9457	14688	\N	6	\N	6	2016-06-28 00:00:00.000	2016-06-28 10:29:20.343
6921	1Z9508	14646	\N	6	\N	6	2016-06-28 00:00:00.000	2016-06-28 10:45:44.300
6922	5XA	6174	\N	6	\N	6	2016-06-28 00:00:00.000	2016-06-28 15:05:47.230
6923	1G9417	12156	\N	1	\N	6	2016-06-28 00:00:00.000	2016-06-28 15:13:45.650
6924	4C9066	10503	\N	6	\N	6	2016-06-29 00:00:00.000	2017-09-13 13:34:38.923
6925	1L9318	2984	\N	1	\N	6	2016-06-29 00:00:00.000	2016-06-29 08:20:34.590
6926	1B9704	12756	\N	1	\N	6	2016-06-29 00:00:00.000	2016-06-29 08:42:08.300
6927	LZE	13311	\N	1	\N	6	2016-06-29 00:00:00.000	2016-06-29 08:59:14.343
6928	1H9424	4248	\N	6	\N	6	2016-06-29 00:00:00.000	2016-06-29 09:06:29.400
6929	1E9279	5725	\N	1	\N	6	2016-06-29 00:00:00.000	2016-06-29 09:16:41.357
6930	1T9204	2856	\N	6	\N	6	2016-06-29 00:00:00.000	2016-06-29 12:37:22.113
6931	1U9030	9392	\N	6	\N	6	2016-06-29 00:00:00.000	2016-06-29 12:50:35.233
6932	1M9255	4200	\N	6	\N	6	2016-06-29 00:00:00.000	2016-06-29 13:19:35.293
6933	40M	4750	\N	6	\N	6	2016-06-29 00:00:00.000	2016-06-29 14:08:27.597
6934	LTS	12502	\N	5	\N	6	2016-06-30 00:00:00.000	2021-05-24 13:37:43.957
6935	VTH	14463	\N	1	\N	26	2016-06-30 00:00:00.000	2020-06-09 16:26:05.340
6936	1C9290	20449	\N	6	\N	6	2016-06-30 00:00:00.000	2021-02-22 13:28:49.477
6937	1S9187	3191	\N	6	\N	6	2016-06-30 00:00:00.000	2016-06-30 08:58:03.723
6938	405	12546	\N	6	\N	6	2016-06-30 00:00:00.000	2016-06-30 09:22:26.040
6939	1SF	10600	\N	6	\N	6	2016-06-30 00:00:00.000	2016-06-30 13:23:25.080
6940	1SG	10600	\N	6	\N	6	2016-06-30 00:00:00.000	2016-06-30 13:43:11.167
6941	19E	10600	\N	6	\N	6	2016-06-30 00:00:00.000	2016-06-30 13:43:31.010
6944	1W9074	11472	\N	6	\N	6	2016-06-30 00:00:00.000	2016-06-30 14:14:01.423
6945	TMC	10887	\N	2	\N	118	2016-06-30 00:00:00.000	2016-06-30 14:32:27.777
6946	1J9001	4822	\N	6	\N	6	2016-07-01 00:00:00.000	2016-07-01 09:45:40.683
6947	186	10097	\N	6	\N	6	2016-07-01 00:00:00.000	2016-07-01 10:13:40.777
6948	1Z9108	13393	\N	6	\N	6	2016-07-01 00:00:00.000	2016-07-01 10:39:08.690
6949	1A9125	4561	\N	6	\N	6	2016-07-01 00:00:00.000	2016-07-01 11:32:50.127
6950	1B9131	1947	\N	6	\N	6	2016-07-01 00:00:00.000	2016-07-01 13:16:24.053
6951	1R9108	3578	\N	6	\N	6	2016-07-05 00:00:00.000	2016-07-05 10:48:01.017
6952	2BC	4479	\N	7	\N	6	2016-07-05 00:00:00.000	2016-07-05 10:56:15.723
6953	145	15105	\N	6	\N	6	2016-07-05 00:00:00.000	2016-07-05 11:35:14.840
6954	1M9217	9420	\N	6	\N	6	2016-07-05 00:00:00.000	2016-07-05 11:43:00.017
6955	109024	8288	\N	3	\N	6	2016-07-05 00:00:00.000	2019-11-27 11:19:48.133
6956	1XU	6629	\N	6	\N	6	2016-07-05 00:00:00.000	2016-07-05 12:39:00.713
6957	1U6	8028	\N	10	\N	6	2016-07-05 00:00:00.000	2016-07-05 13:33:21.963
6958	1LX	12933	\N	6	\N	6	2016-07-06 00:00:00.000	2016-07-06 07:56:36.577
6959	1JU	8387	\N	3	2	6	2016-07-06 00:00:00.000	2016-07-06 08:45:06.807
6960	1LU	1793	\N	6	\N	6	2016-07-06 00:00:00.000	2016-07-06 08:57:31.647
6961	1F9047	3934	\N	6	\N	6	2016-07-06 00:00:00.000	2016-07-06 10:06:03.877
6962	14K	12507	\N	6	\N	6	2016-07-06 00:00:00.000	2016-07-06 11:14:10.227
6963	1B9110	4575	\N	6	\N	6	2016-07-06 00:00:00.000	2016-07-06 11:44:41.963
6964	1K9023	2333	\N	6	\N	6	2016-07-07 00:00:00.000	2016-07-07 09:07:09.053
6965	1S9146	17048	\N	6	\N	6	2016-07-07 00:00:00.000	2017-08-04 14:02:27.013
6966	1S9141	8141	\N	6	\N	6	2016-07-07 00:00:00.000	2016-07-07 13:33:06.557
6967	1M9195	8901	\N	6	\N	6	2016-07-07 00:00:00.000	2017-11-21 11:05:45.583
6968	1S9142	3329	\N	6	\N	6	2016-07-07 00:00:00.000	2016-07-07 14:04:42.207
6969	1H9084	13446	\N	6	\N	6	2016-07-07 00:00:00.000	2016-07-07 14:16:11.107
6970	1B9100	13448	\N	6	\N	6	2016-07-08 00:00:00.000	2016-07-08 08:43:06.413
6971	1GX	12446	\N	6	\N	6	2016-07-08 00:00:00.000	2016-07-08 12:05:52.220
6972	1C9232	13450	\N	6	\N	6	2016-07-08 00:00:00.000	2016-07-08 13:05:22.190
6973	1S9130	4729	\N	6	\N	6	2016-07-08 00:00:00.000	2016-07-08 13:21:20.330
6974	1L9060	3407	\N	6	\N	6	2016-07-08 00:00:00.000	2016-07-08 13:27:25.417
6975	1M9188	13449	\N	6	\N	6	2016-07-08 00:00:00.000	2016-07-08 13:48:28.537
6976	1P9086	13451	\N	6	\N	6	2016-07-08 00:00:00.000	2016-07-08 14:03:55.940
6977	1B9014	1897	\N	6	\N	6	2016-07-08 00:00:00.000	2016-07-08 14:09:01.530
6978	1D9088	2231	\N	6	\N	6	2016-07-08 00:00:00.000	2016-07-08 14:17:30.170
6980	1N9360	14941	\N	6	\N	6	2016-07-11 00:00:00.000	2016-07-11 13:08:57.907
6981	4T9225	15300	\N	6	\N	6	2016-07-12 00:00:00.000	2016-07-12 12:02:41.620
6982	1M9516	15320	\N	6	\N	6	2016-07-12 00:00:00.000	2016-07-12 16:43:11.193
6983	1W9587	15188	\N	6	\N	6	2016-07-12 00:00:00.000	2016-07-12 17:03:50.867
6984	1E9058	12779	\N	6	\N	6	2016-07-13 00:00:00.000	2016-07-13 07:34:28.147
6985	JH6	1109	\N	10	\N	3	2016-07-13 00:00:00.000	2016-07-13 07:46:36.870
6986	JH7	1109	\N	3	2	3	2016-07-13 00:00:00.000	2016-07-13 07:47:04.730
6987	1GW	12446	\N	3	2	6	2016-07-13 00:00:00.000	2016-07-13 10:24:08.427
6988	1J9444	15172	\N	6	\N	6	2016-07-13 00:00:00.000	2016-07-13 10:03:01.923
6989	1D9780	15178	\N	6	\N	6	2016-07-13 00:00:00.000	2016-07-13 10:41:47.623
6990	1S9097	4300	\N	6	\N	6	2016-07-13 00:00:00.000	2016-07-13 10:45:21.513
6991	1S9123	5735	\N	1	\N	6	2016-07-13 00:00:00.000	2016-07-13 12:19:54.527
6992	14J	2303	\N	6	\N	6	2016-07-13 00:00:00.000	2016-07-13 12:57:27.543
6993	KL9CGA	14955	\N	9	\N	15	2016-07-13 00:00:00.000	2025-12-01 13:44:23.343
6994	1C9216	11934	\N	6	\N	6	2016-07-13 00:00:00.000	2016-07-13 13:45:21.303
6995	1B9094	13442	\N	6	\N	6	2016-07-14 00:00:00.000	2016-07-14 07:26:58.400
6996	11Z	13444	\N	1	\N	6	2016-07-14 00:00:00.000	2016-07-14 07:54:46.947
6997	1D9075	12856	\N	6	\N	6	2016-07-14 00:00:00.000	2016-07-14 08:09:58.957
6998	1FY	13390	\N	6	\N	6	2016-07-14 00:00:00.000	2016-07-14 10:06:44.930
6999	1H9059	9857	\N	6	\N	6	2016-07-14 00:00:00.000	2016-07-14 11:43:18.920
7000	55L	15169	\N	6	\N	6	2016-07-14 00:00:00.000	2016-07-14 11:53:32.267
7001	7FD	15190	\N	6	\N	6	2016-07-14 00:00:00.000	2016-07-14 12:56:10.640
7002	MH3	1130	\N	1	\N	6	2016-07-14 00:00:00.000	2016-07-14 13:22:16.773
7003	1B9730	15185	\N	6	\N	6	2016-07-14 00:00:00.000	2016-07-14 13:44:59.373
7004	1K9049	3049	\N	6	\N	6	2016-07-14 00:00:00.000	2016-07-14 13:54:27.713
7005	1E9588	15165	\N	6	\N	6	2016-07-14 00:00:00.000	2016-07-14 16:04:42.437
7006	7FJ	7652	\N	6	\N	6	2016-07-14 00:00:00.000	2016-07-14 17:34:56.223
7007	1S9098	2832	\N	5	\N	6	2016-07-15 00:00:00.000	2016-07-15 09:10:12.363
7008	1R9778	7332	\N	6	\N	6	2016-07-15 00:00:00.000	2016-07-15 12:17:56.567
7009	4HZ	4251	\N	6	\N	6	2016-07-15 00:00:00.000	2016-07-15 12:39:52.600
7011	567	15530	\N	6	\N	6	2016-07-15 00:00:00.000	2016-07-15 15:55:28.017
7012	1J9031	5004	\N	6	\N	6	2016-07-18 00:00:00.000	2017-12-12 12:27:26.093
7013	1C9188	5124	\N	10	\N	6	2016-07-18 00:00:00.000	2016-07-18 09:13:35.060
7014	1G9038	15532	\N	6	\N	6	2016-07-18 00:00:00.000	2016-07-18 09:46:40.240
7015	ZLV	2376	\N	1	\N	9	2016-07-18 00:00:00.000	2017-02-08 15:17:30.500
7016	1WW	11039	\N	7	\N	6	2016-07-18 00:00:00.000	2021-06-30 18:31:00.277
7017	1H9021	5519	\N	6	\N	6	2016-07-18 00:00:00.000	2016-07-18 11:47:21.383
7018	1D9028	9905	\N	6	\N	6	2016-07-18 00:00:00.000	2016-07-18 12:17:01.863
7019	1K9365	15187	\N	6	\N	6	2016-07-18 00:00:00.000	2016-07-19 13:39:48.090
7020	1L9061	3728	\N	6	\N	6	2016-07-18 00:00:00.000	2016-07-18 12:34:30.793
7021	18G	5925	\N	6	\N	6	2016-07-18 00:00:00.000	2016-07-18 12:47:37.657
7022	RGS	2806	\N	1	\N	4	2016-07-18 00:00:00.000	2016-07-18 17:19:18.380
7023	11H	17262	\N	10	\N	6	2016-07-19 00:00:00.000	2023-04-11 15:15:56.550
7024	1F9017	13016	\N	6	\N	6	2016-07-19 00:00:00.000	2016-07-19 12:17:45.860
7025	1HH	5518	\N	6	\N	6	2016-07-19 00:00:00.000	2016-07-19 12:31:53.813
7026	1H9699	15427	\N	6	\N	6	2016-07-19 00:00:00.000	2016-07-19 12:41:01.437
7027	1A9613	13234	\N	6	\N	6	2016-07-19 00:00:00.000	2016-07-19 12:51:23.317
7028	1A9601	4549	\N	6	\N	6	2016-07-19 00:00:00.000	2016-07-19 13:01:05.447
7029	1B9654	5029	\N	6	\N	6	2016-07-19 00:00:00.000	2016-07-19 13:41:46.993
7030	7F6	6040	\N	6	\N	6	2016-07-19 00:00:00.000	2016-07-19 14:15:10.630
7031	1B9629	1894	\N	6	\N	6	2016-07-19 00:00:00.000	2016-07-19 14:34:31.677
7032	1B9648	4569	\N	6	\N	6	2016-07-19 00:00:00.000	2016-07-19 14:48:55.527
7033	1R9393	5642	\N	6	\N	6	2016-07-19 00:00:00.000	2016-07-19 15:18:16.023
7034	1R9812	15509	\N	6	\N	6	2016-07-19 00:00:00.000	2016-07-19 15:50:20.410
7035	1B9684	1919	\N	6	\N	6	2016-07-19 00:00:00.000	2016-07-19 15:59:15.493
7036	1W9590	15513	\N	6	\N	6	2016-07-19 00:00:00.000	2016-07-19 16:46:56.007
7037	1B9678	13054	\N	1	\N	6	2016-07-20 00:00:00.000	2016-07-20 08:08:34.250
7038	1B9664	5624	\N	6	\N	6	2016-07-20 00:00:00.000	2016-07-20 08:33:31.667
7039	1B9682	4634	\N	6	\N	6	2016-07-20 00:00:00.000	2016-07-20 09:04:07.757
7040	1C9871	4644	\N	6	\N	6	2016-07-20 00:00:00.000	2016-07-20 09:10:21.083
7041	1C9893	9952	\N	6	\N	6	2016-07-20 00:00:00.000	2016-07-20 09:17:07.290
7042	1D9486	11802	\N	6	\N	6	2016-07-20 00:00:00.000	2016-07-20 09:27:56.173
7043	1C9902	4532	\N	1	\N	6	2016-07-20 00:00:00.000	2016-07-20 09:41:31.963
7044	1C9829	13290	\N	6	\N	6	2016-07-20 00:00:00.000	2016-07-20 09:53:58.110
7045	1C9864	4722	\N	6	\N	6	2016-07-20 00:00:00.000	2016-07-20 09:59:34.900
7046	1C9673	2098	\N	6	\N	6	2016-07-20 00:00:00.000	2016-07-20 10:11:48.197
7047	1H9698	5018	\N	6	\N	6	2016-07-20 00:00:00.000	2016-07-20 10:46:06.837
7048	1C9826	2106	\N	6	\N	6	2016-07-20 00:00:00.000	2016-07-20 10:51:25.297
7049	1C9837	12662	\N	6	\N	6	2016-07-20 00:00:00.000	2016-07-20 11:43:14.460
7050	1C9CEW	4086	\N	6	\N	6	2016-07-20 00:00:00.000	2016-07-20 13:25:47.843
7051	1C9578	4589	\N	6	\N	6	2016-07-21 00:00:00.000	2016-07-21 07:22:30.863
7052	1C9773	2138	\N	1	\N	6	2016-07-21 00:00:00.000	2016-07-21 07:44:16.477
7053	1C9746	3956	\N	6	\N	6	2016-07-21 00:00:00.000	2016-07-21 09:25:18.507
7054	1C9898	5259	\N	6	\N	6	2016-07-21 00:00:00.000	2016-07-21 09:42:19.013
7055	1C9737	8776	\N	1	\N	6	2016-07-21 00:00:00.000	2016-07-21 14:11:44.637
7056	1C9899	5651	\N	6	\N	6	2016-07-21 00:00:00.000	2016-07-21 14:30:41.707
7057	1C9905	5681	\N	1	\N	6	2016-07-21 00:00:00.000	2016-07-21 15:21:29.297
7058	1C9875	5686	\N	10	\N	6	2016-07-22 00:00:00.000	2018-01-25 11:28:33.107
7059	JD1	2163	\N	2	\N	3	2016-07-22 00:00:00.000	2016-07-22 08:09:38.557
7060	JD2	2163	\N	7	\N	3	2016-07-22 00:00:00.000	2016-07-22 08:38:06.167
7061	1D9440	5391	\N	1	\N	6	2016-07-22 00:00:00.000	2016-07-22 08:56:51.523
7062	1D9439	5399	\N	6	\N	6	2016-07-22 00:00:00.000	2016-07-22 09:07:42.933
7063	1D9487	4779	\N	6	\N	6	2016-07-22 00:00:00.000	2016-07-22 10:08:48.173
7064	1D9438	13308	\N	1	\N	6	2016-07-22 00:00:00.000	2016-07-22 13:29:05.373
7065	1D9485	4690	\N	6	\N	6	2016-07-22 00:00:00.000	2016-07-22 13:46:17.130
7066	44X	12856	\N	6	\N	6	2016-07-22 00:00:00.000	2016-07-22 14:00:05.803
7067	VG5	1130	\N	1	\N	6	2016-07-22 00:00:00.000	2016-07-22 16:13:43.577
7068	1D9443	5536	\N	6	\N	6	2016-07-25 00:00:00.000	2016-07-25 08:07:54.630
7069	1D9470	5538	\N	1	\N	6	2016-07-25 00:00:00.000	2016-07-25 08:40:22.230
7070	1D9451	13318	\N	6	\N	6	2016-07-25 00:00:00.000	2016-07-25 09:13:53.790
7071	2D9100	5237	\N	6	\N	1	2016-07-25 00:00:00.000	2016-07-25 10:03:49.667
7072	1D9479	5240	\N	6	\N	6	2016-07-25 00:00:00.000	2016-07-25 10:14:49.033
7073	591	7719	\N	6	\N	6	2016-07-25 00:00:00.000	2016-07-25 10:25:54.953
7074	1D9446	2238	\N	6	\N	6	2016-07-25 00:00:00.000	2016-07-25 10:34:28.380
7075	1D9475	2247	\N	6	\N	6	2016-07-25 00:00:00.000	2016-07-25 11:03:17.207
7076	1E9324	5331	\N	6	\N	6	2016-07-25 00:00:00.000	2016-07-25 12:01:35.480
7077	1L9559	15519	\N	6	\N	6	2016-07-25 00:00:00.000	2016-07-25 12:09:43.123
7078	1E9319	5337	\N	6	\N	6	2016-07-25 00:00:00.000	2016-07-25 12:29:51.190
7079	1E9309	13244	\N	1	\N	6	2016-07-25 00:00:00.000	2016-07-25 13:23:45.933
7080	1E9325	13263	\N	6	\N	6	2016-07-25 00:00:00.000	2016-07-25 13:56:57.447
7081	KF9003	13269	\N	6	\N	21	2016-07-25 00:00:00.000	2016-07-25 14:22:49.167
7082	3M9082	15205	\N	6	\N	12	2016-07-26 00:00:00.000	2016-07-26 09:27:12.267
7083	1E9317	12421	\N	6	\N	6	2016-07-26 00:00:00.000	2016-07-26 10:09:41.683
7084	1F9238	1764	\N	6	\N	6	2016-07-26 00:00:00.000	2016-07-26 10:17:18.000
7085	1F9262	5153	\N	1	\N	6	2016-07-26 00:00:00.000	2016-07-26 10:49:40.127
7086	1F9256	9635	\N	6	\N	6	2016-07-26 00:00:00.000	2016-07-26 11:03:23.823
7087	14X	1838	\N	10	\N	6	2016-07-26 00:00:00.000	2016-07-26 11:47:37.077
7088	1G9298	12890	\N	6	\N	6	2016-07-26 00:00:00.000	2016-07-26 12:19:07.283
7089	1G9285	1948	\N	6	\N	6	2016-07-26 00:00:00.000	2016-07-26 14:07:03.013
7090	1H9440	1876	\N	6	\N	6	2016-07-26 00:00:00.000	2016-07-26 14:39:31.487
7091	5LP	9858	\N	6	\N	6	2016-07-26 00:00:00.000	2016-07-26 15:20:26.120
7092	1H9393	5190	\N	6	\N	6	2016-07-26 00:00:00.000	2016-07-26 15:30:12.277
7093	1H9443	12459	\N	6	\N	6	2016-07-26 00:00:00.000	2016-07-26 15:56:15.977
7094	1Z9211	13215	\N	6	\N	6	2016-07-26 00:00:00.000	2016-07-26 16:27:19.773
7095	1Z9201	12489	\N	6	\N	6	2016-07-27 00:00:00.000	2016-07-27 08:43:17.377
7096	VNE	12600	\N	5	\N	11	2016-07-27 00:00:00.000	2016-07-27 12:25:20.067
7097	1J9283	1859	\N	6	\N	6	2016-07-27 00:00:00.000	2016-07-27 13:51:24.843
7098	1J9265	1865	\N	6	\N	6	2016-07-27 00:00:00.000	2016-07-27 14:09:30.933
7099	1J9277	12423	\N	6	\N	6	2016-07-27 00:00:00.000	2016-07-27 14:17:33.147
7100	1J9268	5781	\N	6	\N	6	2016-07-27 00:00:00.000	2016-07-27 14:26:06.700
7101	1J9284	3997	\N	6	\N	6	2016-07-27 00:00:00.000	2016-07-27 14:36:30.747
7102	1K9220	2940	\N	6	\N	6	2016-07-27 00:00:00.000	2016-07-27 14:41:57.210
7103	1K9223	4122	\N	6	\N	6	2016-07-28 00:00:00.000	2016-07-28 07:41:03.447
7104	1M9602	3834	\N	6	\N	6	2016-07-28 00:00:00.000	2016-07-28 09:02:04.777
7105	1M9629	8112	\N	6	\N	6	2016-07-29 00:00:00.000	2016-07-29 08:37:52.120
7106	1M9630	8130	\N	6	\N	6	2016-07-29 00:00:00.000	2016-07-29 08:49:45.260
7107	1M9606	2252	\N	2	\N	6	2016-07-29 00:00:00.000	2016-07-29 09:50:31.017
7108	1M9609	2457	\N	6	\N	6	2016-07-29 00:00:00.000	2016-07-29 09:57:56.443
7109	1M9628	7684	\N	6	\N	6	2016-07-29 00:00:00.000	2016-07-29 11:48:44.053
7110	1M9587	3754	\N	6	\N	6	2016-07-29 00:00:00.000	2016-07-29 13:13:06.947
7111	N51	4506	\N	6	\N	6	2016-07-29 00:00:00.000	2016-07-29 13:22:42.340
7112	1N9214	3376	\N	1	\N	6	2016-07-29 00:00:00.000	2021-05-24 13:38:17.993
7113	1Z9215	5754	\N	6	\N	6	2016-07-29 00:00:00.000	2016-07-29 14:10:08.923
7114	1P9458	3293	\N	1	\N	6	2016-08-02 00:00:00.000	2016-08-02 11:44:45.727
7115	2PE	3449	\N	6	\N	1	2016-08-02 00:00:00.000	2016-08-02 11:52:09.657
7116	1P9459	10369	\N	6	\N	6	2016-08-02 00:00:00.000	2016-08-02 12:49:33.283
7117	1P9473	8170	\N	6	\N	6	2016-08-02 00:00:00.000	2016-08-02 12:57:06.417
7118	2R9011	4384	\N	6	\N	1	2016-08-02 00:00:00.000	2016-08-02 13:14:23.460
7119	1R9366	2649	\N	6	\N	6	2016-08-02 00:00:00.000	2016-08-02 13:21:10.950
7120	1R9468	3174	\N	6	\N	6	2016-08-02 00:00:00.000	2016-08-02 13:39:56.227
7121	1R9470	3133	\N	6	\N	6	2016-08-02 00:00:00.000	2016-08-02 13:55:02.447
7122	1R9473	2739	\N	6	\N	6	2016-08-03 00:00:00.000	2016-08-03 08:16:22.947
7123	1S9772	4302	\N	6	\N	6	2016-08-03 00:00:00.000	2016-08-03 09:00:19.787
7124	LA9SZJ	5927	\N	6	\N	8	2016-08-03 00:00:00.000	2016-08-03 11:21:43.800
7125	JK8	21860	\N	1	\N	3	2016-08-03 00:00:00.000	2026-04-01 14:27:00.060
7126	1S9811	8731	\N	6	\N	6	2016-08-03 00:00:00.000	2016-08-03 12:18:05.480
7127	1S9814	8199	\N	6	\N	6	2016-08-03 00:00:00.000	2016-08-03 13:07:06.897
7128	1S9803	8373	\N	6	\N	6	2016-08-03 00:00:00.000	2016-08-03 13:28:49.467
7129	1S9843	2572	\N	1	\N	6	2016-08-03 00:00:00.000	2016-08-03 14:10:18.390
7130	1S9840	4431	\N	6	\N	6	2016-08-04 00:00:00.000	2019-08-12 09:25:47.873
7131	1S9839	4434	\N	6	\N	6	2016-08-04 00:00:00.000	2016-08-04 09:52:34.647
7132	1S9838	8050	\N	6	\N	6	2016-08-04 00:00:00.000	2016-08-04 10:08:34.190
7133	1S9407	8734	\N	6	\N	6	2016-08-04 00:00:00.000	2016-08-04 10:44:11.067
7134	5KR	2505	\N	6	\N	6	2016-08-04 00:00:00.000	2016-08-04 11:42:08.017
7135	1S9855	2506	\N	6	\N	6	2016-08-04 00:00:00.000	2016-08-04 11:52:33.640
7136	5A6	4360	\N	6	\N	6	2016-08-04 00:00:00.000	2017-06-08 10:32:48.417
7137	1S9847	2728	\N	6	\N	6	2016-08-04 00:00:00.000	2016-08-04 13:03:28.657
7138	1T9751	2407	\N	6	\N	6	2016-08-04 00:00:00.000	2016-08-04 13:20:54.247
7139	1T9761	3624	\N	6	\N	6	2016-08-04 00:00:00.000	2016-08-04 13:49:33.543
7140	1T9781	2864	\N	6	\N	6	2016-08-04 00:00:00.000	2016-08-04 14:40:35.767
7141	1T9750	2866	\N	6	\N	6	2016-08-05 00:00:00.000	2016-08-05 09:22:10.073
7142	1C9909	3071	\N	1	\N	6	2016-08-05 00:00:00.000	2016-08-05 10:39:02.360
7143	1L9698	3511	\N	6	\N	6	2016-08-05 00:00:00.000	2016-08-05 10:49:17.237
7144	1T9667	3518	\N	6	\N	6	2016-08-05 00:00:00.000	2016-08-05 10:55:34.943
7145	1T9744	3521	\N	6	\N	6	2016-08-05 00:00:00.000	2016-08-05 11:41:58.223
7146	1T9764	3272	\N	6	\N	6	2016-08-05 00:00:00.000	2016-08-05 12:02:25.023
7147	1T9757	3700	\N	6	\N	6	2016-08-05 00:00:00.000	2016-08-05 12:46:56.967
7148	5H5	5939	\N	6	\N	6	2016-08-05 00:00:00.000	2016-08-05 13:24:45.083
7149	1T9731	10837	\N	6	\N	6	2016-08-05 00:00:00.000	2016-08-05 13:30:55.913
7150	1T9268	4220	\N	6	\N	6	2016-08-05 00:00:00.000	2016-08-05 13:56:12.330
7151	1T9720	2257	\N	6	\N	6	2016-08-05 00:00:00.000	2016-08-05 14:18:51.777
7152	1U9085	10281	\N	1	\N	6	2016-08-05 00:00:00.000	2016-08-05 14:32:01.763
7153	1U9016	9396	\N	6	\N	6	2016-08-08 00:00:00.000	2016-08-08 10:43:06.137
7154	1V9107	10996	\N	6	\N	6	2016-08-08 00:00:00.000	2016-08-08 12:27:21.717
7155	1W9357	10136	\N	6	\N	6	2016-08-08 00:00:00.000	2016-08-08 12:44:33.580
7156	2W9081	10328	\N	6	\N	1	2016-08-08 00:00:00.000	2016-08-08 13:53:46.417
7158	1W9334	11036	\N	6	\N	6	2016-08-09 00:00:00.000	2016-08-09 09:21:27.093
7159	SVS	15184	\N	6	\N	39	2016-08-09 00:00:00.000	2016-08-09 10:09:29.103
7160	4A9022	15551	\N	6	\N	6	2016-08-09 00:00:00.000	2016-08-09 10:30:06.297
7161	5AE	4853	\N	6	\N	6	2016-08-09 00:00:00.000	2018-12-18 15:15:47.327
7162	4A9033	15576	\N	9	\N	6	2016-08-09 00:00:00.000	2016-08-09 13:41:45.170
7163	4B9118	15570	\N	6	\N	6	2016-08-09 00:00:00.000	2016-08-09 15:12:37.863
7164	2E9068	15617	\N	6	\N	1	2016-08-10 00:00:00.000	2016-08-10 11:39:54.920
7165	4B9073	15113	\N	9	\N	6	2016-08-10 00:00:00.000	2016-08-10 13:14:58.587
7166	4B9123	15531	\N	6	\N	6	2016-08-10 00:00:00.000	2016-08-10 13:30:47.020
7167	4C9437	15521	\N	6	\N	6	2016-08-10 00:00:00.000	2016-08-10 13:42:38.727
7168	3A9266	15540	\N	6	\N	12	2016-08-10 00:00:00.000	2016-08-10 14:14:20.883
7169	1T9372	15618	\N	6	\N	6	2016-08-11 00:00:00.000	2016-08-11 16:09:44.087
7170	1YJ	14333	\N	1	\N	6	2016-08-19 00:00:00.000	2016-08-19 15:14:19.200
7171	1E9593	15660	\N	9	\N	6	2016-08-25 00:00:00.000	2016-08-25 09:00:14.540
7172	7FM	13514	\N	6	\N	6	2016-08-25 00:00:00.000	2016-08-25 09:59:10.910
7173	1R9820	15535	\N	6	\N	6	2016-08-25 00:00:00.000	2016-08-25 14:53:02.890
7174	4C9441	15652	\N	6	\N	6	2016-08-25 00:00:00.000	2016-08-25 15:27:49.877
7175	1R9815	15587	\N	6	\N	6	2016-08-25 00:00:00.000	2016-08-25 16:17:55.923
7176	1Z9520	15634	\N	6	\N	6	2016-08-26 00:00:00.000	2016-08-26 09:37:08.890
7177	4S9420	15584	\N	6	\N	6	2016-08-26 00:00:00.000	2016-08-26 10:10:39.857
7178	1Z9513	4948	\N	6	\N	6	2016-08-26 00:00:00.000	2016-08-26 11:00:21.087
7179	4M9034	15555	\N	6	\N	6	2016-08-26 00:00:00.000	2016-08-26 11:47:26.657
7180	1D9784	15654	\N	6	\N	6	2016-08-26 00:00:00.000	2016-08-26 13:30:15.563
7181	4S9422	15672	\N	6	\N	6	2016-08-26 00:00:00.000	2016-08-26 14:15:48.673
7182	1U9044	10091	\N	6	\N	6	2016-08-26 00:00:00.000	2016-08-26 15:24:15.020
7183	4T9231	15173	\N	6	\N	6	2016-08-26 00:00:00.000	2016-08-26 16:00:07.700
7184	1R9822	15597	\N	6	\N	6	2016-08-29 00:00:00.000	2016-08-29 10:19:14.690
7185	4H1	15657	\N	6	\N	6	2016-08-29 00:00:00.000	2016-08-29 10:37:15.990
7186	1B9133	961	\N	1	\N	6	2016-08-29 00:00:00.000	2024-10-31 13:08:43.723
7187	1R9825	15659	\N	6	\N	6	2016-08-29 00:00:00.000	2016-08-29 11:32:16.300
7188	RF3	9718	\N	1	\N	4	2016-08-29 00:00:00.000	2024-08-28 07:34:15.300
7189	1L9558	15528	\N	6	\N	6	2016-08-30 00:00:00.000	2019-07-26 13:11:07.557
7190	2C9145	14151	\N	1	\N	1	2016-08-31 00:00:00.000	2016-08-31 14:39:00.193
7191	LY4	15538	\N	1	\N	8	2016-08-31 00:00:00.000	2026-06-24 15:40:25.810
7192	4C9407	14934	\N	9	\N	6	2016-09-01 00:00:00.000	2016-09-01 14:42:31.280
7193	1G9531	15547	\N	6	\N	6	2016-09-01 00:00:00.000	2016-09-01 15:31:11.963
7194	5JL	5564	\N	6	\N	6	2016-09-02 00:00:00.000	2016-11-07 11:35:40.610
7195	3H4	5564	\N	6	\N	12	2016-09-02 00:00:00.000	2016-11-07 11:36:35.710
7196	5HL	5891	\N	6	\N	6	2016-09-02 00:00:00.000	2016-11-10 09:08:17.947
7197	57S	14773	\N	1	\N	6	2016-09-02 00:00:00.000	2016-09-02 12:29:05.270
7198	1L9543	15557	\N	6	\N	6	2016-09-07 00:00:00.000	2016-09-07 10:03:51.060
7199	4M9035	15546	\N	6	\N	6	2016-09-07 00:00:00.000	2016-09-07 15:06:13.907
7200	2MG	14430	\N	5	\N	1	2016-09-07 00:00:00.000	2016-09-07 16:52:06.690
7201	3H6	6179	\N	6	\N	12	2016-09-08 00:00:00.000	2017-06-21 14:54:59.430
7202	2G9098	14861	\N	5	\N	1	2016-09-09 00:00:00.000	2016-09-09 09:21:47.390
7203	1B9358	13159	\N	6	\N	6	2016-09-09 00:00:00.000	2016-09-09 09:25:57.553
7204	3MY	1083	\N	2	\N	12	2016-09-09 00:00:00.000	2016-09-09 13:21:00.680
7205	3MD	1083	\N	2	\N	12	2016-09-12 00:00:00.000	2016-09-12 10:02:37.977
7206	LZB	15093	\N	1	\N	8	2016-09-12 00:00:00.000	2016-09-12 10:14:55.123
7207	3S9104	15098	\N	6	\N	12	2016-09-12 00:00:00.000	2016-09-12 13:29:43.633
7208	3KP	21364	\N	2	\N	12	2016-09-12 00:00:00.000	2022-11-28 10:52:05.350
7209	1V9074	6040	\N	6	\N	6	2016-09-12 00:00:00.000	2025-07-08 16:24:20.980
7210	4T9224	15549	\N	6	\N	6	2016-09-12 00:00:00.000	2016-09-12 16:10:40.347
7211	3C9127	14911	\N	6	\N	12	2016-09-12 00:00:00.000	2016-09-12 16:41:37.543
7212	1V9215	15527	\N	6	\N	6	2016-09-12 00:00:00.000	2016-09-12 17:40:40.530
7213	1F9474	15598	\N	6	\N	6	2016-09-13 00:00:00.000	2016-09-13 11:55:17.690
7214	1Z9106	9000	\N	3	\N	6	2016-09-13 00:00:00.000	2016-09-13 15:28:24.487
7215	1GF	3212	\N	5	\N	6	2016-09-14 00:00:00.000	2016-09-14 09:44:39.443
7216	1DV	2353	\N	6	\N	6	2016-09-14 00:00:00.000	2016-09-14 14:34:37.670
7217	1H9097	4260	\N	6	\N	6	2016-09-14 00:00:00.000	2016-09-14 16:02:37.203
7218	1TD	8330	\N	6	\N	6	2016-09-15 00:00:00.000	2016-09-15 09:36:08.053
7219	1P9092	2283	\N	6	\N	6	2016-09-15 00:00:00.000	2016-09-15 12:14:22.573
7220	173	11513	\N	6	\N	6	2016-09-15 00:00:00.000	2019-04-10 16:31:02.173
7221	6K9337	15102	\N	6	\N	14	2016-09-15 00:00:00.000	2016-09-15 14:38:38.483
7222	1MW	12698	\N	6	\N	6	2016-09-16 00:00:00.000	2016-09-16 13:53:03.037
7223	1TC	9166	\N	6	\N	6	2016-09-16 00:00:00.000	2019-04-11 12:07:09.833
7224	1TS	1159	\N	6	\N	6	2016-09-16 00:00:00.000	2019-04-11 09:45:17.820
7225	1TV	10997	\N	6	\N	6	2016-09-16 00:00:00.000	2016-09-16 13:58:15.287
7226	1TE	12698	\N	6	\N	6	2016-09-16 00:00:00.000	2016-09-28 14:19:47.750
7227	1TX	12698	\N	6	\N	6	2016-09-16 00:00:00.000	2021-02-23 17:49:16.003
7228	1L8	13008	\N	6	\N	6	2016-09-16 00:00:00.000	2016-09-16 15:30:28.787
7229	1M9001	8091	\N	6	\N	6	2016-09-16 00:00:00.000	2016-09-16 17:39:10.973
7230	1PH	3087	\N	6	\N	6	2016-09-19 00:00:00.000	2016-09-19 10:49:17.137
7232	1C9747	2142	\N	6	\N	6	2016-09-19 00:00:00.000	2016-09-19 15:08:50.193
7233	1C9748	2142	\N	6	\N	6	2016-09-19 00:00:00.000	2016-09-19 15:15:34.467
7234	1P9064	8150	\N	6	\N	6	2016-09-20 00:00:00.000	2016-09-20 11:06:09.960
7235	1HN	12743	\N	6	\N	6	2016-09-20 00:00:00.000	2016-09-20 12:19:13.567
7236	1C9535	4079	\N	5	\N	\N	2016-09-20 00:00:00.000	2020-01-10 17:40:20.563
7237	1G9073	13875	\N	6	\N	6	2016-09-20 00:00:00.000	2016-09-20 15:42:40.900
7238	1G9176	13875	\N	3	\N	6	2016-09-20 00:00:00.000	2019-10-17 14:01:06.840
7239	4C9372	15689	\N	6	\N	6	2016-09-21 00:00:00.000	2016-09-21 09:07:51.420
7240	3DB	6440	\N	6	\N	12	2016-09-21 00:00:00.000	2016-09-21 10:15:54.010
7241	5CD	8937	\N	1	\N	6	2016-09-21 00:00:00.000	2016-09-21 10:30:13.760
7242	1Z9207	2179	\N	1	\N	6	2016-09-21 00:00:00.000	2016-09-21 11:28:12.597
7243	1Z9123	4805	\N	5	\N	6	2016-09-21 00:00:00.000	2016-09-21 11:57:42.637
7244	1J9204	3620	\N	6	\N	6	2016-09-21 00:00:00.000	2016-09-21 14:26:12.110
7245	1V9200	13655	\N	6	\N	6	2016-09-21 00:00:00.000	2016-09-21 14:52:32.923
7246	1K9210	3669	\N	1	\N	6	2016-09-21 00:00:00.000	2016-09-21 14:57:46.077
7247	1K9208	3495	\N	3	\N	6	2016-09-21 00:00:00.000	2016-09-21 15:57:01.557
7248	1R9490	11071	\N	10	\N	6	2016-09-21 00:00:00.000	2016-09-21 15:41:59.423
7249	1M9634	8111	\N	6	\N	6	2016-09-22 00:00:00.000	2016-09-22 09:41:47.303
7250	56P	13819	\N	1	\N	6	2016-09-22 00:00:00.000	2016-09-22 10:14:53.157
7251	4B9077	14120	\N	1	\N	6	2016-09-22 00:00:00.000	2016-09-22 11:14:35.470
7252	4CD	1058	\N	10	\N	6	2016-09-22 00:00:00.000	2025-05-13 15:13:11.517
7253	1K9058	9617	\N	3	\N	6	2016-09-22 00:00:00.000	2016-09-22 13:17:24.860
7254	17N	15751	\N	10	\N	6	2016-09-22 00:00:00.000	2019-08-09 14:18:04.713
7255	1G9532	15748	\N	6	\N	6	2016-09-23 00:00:00.000	2016-09-23 08:11:43.863
7256	1N9140	1047	\N	5	\N	6	2016-09-23 00:00:00.000	2020-12-14 11:44:16.227
7257	1A9347	4974	\N	6	\N	6	2016-09-27 00:00:00.000	2016-09-27 10:27:14.647
7258	1S9208	15761	\N	2	\N	6	2016-09-27 00:00:00.000	2016-09-27 12:24:42.677
7259	41S	4734	\N	3	\N	6	2016-09-27 00:00:00.000	2018-04-13 14:27:42.283
7260	1T9663	1341	\N	6	\N	6	2016-09-27 00:00:00.000	2016-09-27 17:16:58.183
7261	48S	5794	\N	10	\N	6	2016-09-28 00:00:00.000	2016-09-28 09:35:06.220
7262	1G9527	15669	\N	6	\N	6	2016-09-28 00:00:00.000	2016-09-28 09:44:46.790
7263	2W9075	10324	\N	6	\N	1	2016-09-28 00:00:00.000	2016-09-28 10:58:56.853
7264	1Z9092	15585	\N	6	\N	6	2016-09-28 00:00:00.000	2016-09-28 16:51:56.527
7265	2TM	2947	\N	6	\N	1	2016-09-29 00:00:00.000	2016-09-29 09:32:29.303
7266	ABV	15076	\N	6	\N	10	2016-09-29 00:00:00.000	2016-09-29 14:54:55.490
7267	SJK	15795	\N	2	\N	5	2016-10-03 00:00:00.000	2024-10-24 14:13:48.810
7268	2TU	13841	\N	5	\N	1	2016-10-03 00:00:00.000	2016-10-03 12:29:08.830
7269	1D9783	15633	\N	6	\N	6	2016-10-05 00:00:00.000	2016-10-05 13:40:57.690
7270	50R	15726	\N	6	\N	6	2016-10-06 00:00:00.000	2016-10-06 15:29:36.943
7271	V61	15836	\N	6	\N	55	2016-10-11 00:00:00.000	2016-10-19 12:10:55.253
7272	SKP	15667	\N	9	\N	5	2016-10-13 00:00:00.000	2016-10-13 10:17:53.920
7273	4A9031	15593	\N	6	\N	6	2016-10-19 00:00:00.000	2016-10-19 11:32:04.407
7274	4T9228	15624	\N	2	\N	6	2016-10-19 00:00:00.000	2016-10-19 13:47:38.277
7275	59K	15842	\N	6	\N	6	2016-10-19 00:00:00.000	2016-10-19 13:56:07.087
7276	4M9037	15664	\N	6	\N	6	2016-10-19 00:00:00.000	2016-10-19 14:34:25.160
7277	6K9299	15213	\N	6	\N	14	2016-10-19 00:00:00.000	2016-10-19 17:01:51.670
7278	4A9035	15722	\N	6	\N	6	2016-10-20 00:00:00.000	2016-10-20 11:11:14.410
7279	1Z9516	15724	\N	1	\N	6	2016-10-20 00:00:00.000	2016-10-20 14:39:23.323
7280	1R9828	15710	\N	6	\N	6	2016-10-20 00:00:00.000	2016-10-20 15:05:38.880
7281	1W9572	15687	\N	6	\N	6	2016-10-21 00:00:00.000	2016-10-21 09:31:35.437
7282	4C9433	15470	\N	6	\N	6	2016-10-21 00:00:00.000	2016-10-21 09:45:04.080
7283	1P9338	15650	\N	6	\N	6	2016-10-21 00:00:00.000	2016-10-21 10:52:54.987
7284	47S	12368	\N	6	\N	6	2016-10-21 00:00:00.000	2016-10-21 12:30:15.840
7285	4S9425	15696	\N	6	\N	6	2016-10-21 00:00:00.000	2016-10-21 12:48:57.497
7286	1F9454	15697	\N	6	\N	6	2016-10-21 00:00:00.000	2016-10-21 13:00:48.140
7287	1WA	15846	\N	3	\N	6	2016-10-21 00:00:00.000	2016-10-21 13:26:59.593
7288	1WB	15846	\N	10	\N	6	2016-10-21 00:00:00.000	2016-10-21 13:27:25.350
7289	1WU	15846	\N	3	\N	6	2016-10-21 00:00:00.000	2016-10-21 13:28:05.317
7290	1WX	15846	\N	10	\N	6	2016-10-21 00:00:00.000	2016-10-21 13:28:28.187
7291	1E9371	15680	\N	6	\N	6	2016-10-21 00:00:00.000	2016-10-21 14:20:02.593
7292	1G9136	1915	\N	6	\N	6	2016-10-21 00:00:00.000	2017-03-27 15:11:55.150
7293	1WD	15846	\N	10	\N	6	2016-10-21 00:00:00.000	2016-10-21 14:58:50.133
7294	1WY	15846	\N	10	\N	6	2016-10-21 00:00:00.000	2016-10-21 14:59:15.577
7295	1AL	4855	\N	6	\N	6	2016-10-21 00:00:00.000	2016-10-21 15:12:51.783
7296	1L9321	15622	\N	6	\N	6	2016-10-21 00:00:00.000	2016-10-21 16:01:41.890
7297	1L9561	15678	\N	6	\N	6	2016-10-21 00:00:00.000	2016-10-21 17:00:20.603
7298	4A9037	15719	\N	1	\N	6	2016-10-24 00:00:00.000	2016-10-24 09:32:57.947
7299	1D9788	15704	\N	9	\N	6	2016-10-24 00:00:00.000	2016-10-24 11:54:26.730
7300	4C9413	15725	\N	6	\N	6	2016-10-24 00:00:00.000	2016-10-24 12:22:21.533
7301	5C2	15683	\N	6	\N	6	2016-10-24 00:00:00.000	2016-10-24 13:22:16.530
7302	6MP	15857	\N	2	\N	14	2016-10-24 00:00:00.000	2016-10-24 13:37:14.983
7303	4C9442	15730	\N	6	\N	6	2016-10-24 00:00:00.000	2016-10-24 14:08:50.853
7304	4C9429	15699	\N	6	\N	6	2016-10-24 00:00:00.000	2016-10-24 14:33:55.397
7305	5M7	15715	\N	6	\N	6	2016-10-24 00:00:00.000	2016-10-24 14:55:46.800
7306	4T9233	15749	\N	6	\N	6	2016-10-24 00:00:00.000	2016-10-24 16:10:46.423
7307	4T9234	15749	\N	1	\N	6	2016-10-24 00:00:00.000	2016-10-24 16:11:36.657
7308	4B9128	15746	\N	6	\N	6	2016-10-24 00:00:00.000	2016-10-24 17:30:07.507
7309	4M9036	10447	\N	6	\N	6	2016-10-25 00:00:00.000	2016-10-25 10:29:50.347
7310	1S9933	9413	\N	6	\N	6	2016-10-25 00:00:00.000	2016-10-25 11:04:29.953
7311	1V9216	15760	\N	9	\N	6	2016-10-25 00:00:00.000	2016-10-25 13:57:27.170
7312	1H9283	15779	\N	6	\N	6	2016-10-25 00:00:00.000	2016-10-25 15:56:25.633
7313	557	15755	\N	6	\N	6	2016-10-25 00:00:00.000	2016-10-25 17:12:21.667
7314	1P9776	15759	\N	6	\N	6	2016-10-26 00:00:00.000	2016-10-26 09:03:10.140
7315	4S9292	15801	\N	6	\N	6	2016-10-26 00:00:00.000	2016-10-26 10:05:04.587
7316	1H9702	15804	\N	6	\N	6	2016-10-26 00:00:00.000	2016-10-26 10:54:29.510
7317	4B9132	15728	\N	6	\N	6	2016-10-26 00:00:00.000	2016-10-26 11:12:24.290
7318	1G9059	15810	\N	6	\N	6	2016-10-26 00:00:00.000	2016-10-26 11:42:33.137
7319	1G9119	15810	\N	6	\N	6	2016-10-26 00:00:00.000	2016-10-26 11:42:56.850
7320	R1V	15739	\N	6	\N	57	2016-10-26 00:00:00.000	2016-10-26 12:02:47.600
7321	5D1	15845	\N	6	\N	6	2016-10-28 00:00:00.000	2016-10-28 11:04:46.897
7322	4V6	1015	\N	3	2	6	2016-10-28 00:00:00.000	2016-10-28 11:13:10.747
7323	1MB	15880	\N	3	\N	6	2016-10-31 00:00:00.000	2016-10-31 11:24:53.967
7324	9DB	15880	\N	3	\N	18	2016-10-31 00:00:00.000	2016-10-31 16:00:58.293
7325	1D9789	15822	\N	6	\N	6	2016-10-31 00:00:00.000	2016-10-31 13:53:37.073
7326	51H	15806	\N	6	\N	6	2016-10-31 00:00:00.000	2016-10-31 14:58:01.153
7327	1F9464	14953	\N	6	\N	6	2016-10-31 00:00:00.000	2016-10-31 15:47:05.377
7328	4A9040	15780	\N	6	\N	6	2016-10-31 00:00:00.000	2016-10-31 16:00:02.053
7329	1R9830	15832	\N	9	\N	6	2016-10-31 00:00:00.000	2016-10-31 16:31:33.807
7330	YV3	14914	\N	5	\N	23	2016-11-01 00:00:00.000	2016-11-01 17:22:13.383
7331	YV5	14914	\N	10	\N	23	2016-11-02 00:00:00.000	2016-11-02 09:40:33.133
7332	YV2	14914	\N	10	\N	23	2016-11-02 00:00:00.000	2016-11-02 09:41:16.127
7333	YB3	15886	\N	10	\N	22	2016-11-02 00:00:00.000	2016-11-02 09:46:12.310
7334	YB1	15886	\N	10	\N	22	2016-11-02 00:00:00.000	2016-11-02 09:46:41.933
7335	9BV	15887	\N	3	\N	18	2016-11-02 00:00:00.000	2016-11-02 09:51:21.190
7336	YT1	15888	\N	6	\N	23	2016-11-02 00:00:00.000	2016-11-02 15:11:46.617
7337	YV6	14914	\N	6	\N	23	2016-11-02 00:00:00.000	2016-11-02 15:22:33.380
7338	1L9564	15882	\N	6	\N	6	2016-11-02 00:00:00.000	2016-11-02 16:43:08.483
7339	1N9368	15863	\N	6	\N	6	2016-11-03 00:00:00.000	2016-11-03 09:56:49.123
7340	2C9207	14844	\N	6	\N	1	2016-11-03 00:00:00.000	2016-11-03 13:21:31.117
7341	2R9144	15890	\N	6	\N	1	2016-11-03 00:00:00.000	2016-11-03 14:39:05.680
7342	2A9138	15890	\N	6	\N	1	2016-11-03 00:00:00.000	2016-11-03 15:09:25.003
7343	5VN	15894	\N	6	\N	6	2016-11-07 00:00:00.000	2016-11-07 10:19:36.930
7344	4S9432	15892	\N	6	\N	6	2016-11-07 00:00:00.000	2024-12-19 09:19:54.110
7345	7G5	5256	\N	6	\N	6	2016-11-07 00:00:00.000	2016-11-07 11:14:35.650
7346	1R9827	15831	\N	6	\N	6	2016-11-07 00:00:00.000	2016-11-07 14:13:20.483
7347	4TM	15828	\N	6	\N	6	2016-11-07 00:00:00.000	2021-03-11 09:34:12.130
7348	1Z9527	15885	\N	6	\N	6	2016-11-07 00:00:00.000	2016-11-07 17:36:48.580
7349	4B9130	15119	\N	6	\N	6	2016-11-08 00:00:00.000	2016-11-08 10:38:22.040
7350	4T9238	15833	\N	6	\N	6	2016-11-08 00:00:00.000	2016-11-08 10:50:23.477
7351	1G9302	7035	\N	6	\N	6	2016-11-08 00:00:00.000	2016-11-08 11:13:59.680
7352	1P9449	15803	\N	6	\N	6	2016-11-08 00:00:00.000	2016-11-08 11:27:03.877
7353	4B9131	15756	\N	6	\N	6	2016-11-08 00:00:00.000	2016-11-08 11:47:11.460
7354	1H9660	15825	\N	6	\N	6	2016-11-08 00:00:00.000	2016-11-08 11:56:31.797
7355	1XN	15744	\N	6	\N	6	2016-11-08 00:00:00.000	2016-11-08 12:29:49.910
7356	58G	15872	\N	6	\N	6	2016-11-08 00:00:00.000	2016-11-08 14:00:14.447
7357	1Z9526	15732	\N	6	\N	6	2016-11-08 00:00:00.000	2016-11-08 14:49:43.273
7358	1G9535	15903	\N	9	\N	6	2016-11-10 00:00:00.000	2016-11-10 09:15:51.737
7359	1Z9524	15877	\N	6	\N	6	2016-11-10 00:00:00.000	2016-11-10 12:45:16.090
7360	WF1	14678	\N	2	\N	2	2016-11-10 00:00:00.000	2016-11-10 13:50:56.893
7361	1T9247	10839	\N	6	\N	6	2016-11-11 00:00:00.000	2016-11-11 10:58:47.040
7362	4T9241	15902	\N	6	\N	6	2016-11-14 00:00:00.000	2016-11-14 08:59:56.900
7363	LSE	15835	\N	6	\N	8	2016-11-14 00:00:00.000	2016-11-14 09:18:31.383
7365	7G7	15913	\N	6	\N	6	2016-11-14 00:00:00.000	2016-11-14 10:39:26.627
7366	4A9043	15904	\N	7	\N	6	2016-11-14 00:00:00.000	2016-11-14 10:57:24.277
7367	4S9434	15898	\N	6	\N	6	2016-11-14 00:00:00.000	2016-11-14 11:51:59.250
7368	4B9075	15868	\N	6	\N	6	2016-11-14 00:00:00.000	2016-11-14 13:24:03.347
7369	7FR	15899	\N	6	\N	6	2016-11-14 00:00:00.000	2016-11-14 13:44:14.877
7370	1MR	976	\N	2	\N	6	2016-11-14 00:00:00.000	2019-10-16 12:19:48.677
7371	1S9842	2841	\N	2	\N	6	2016-11-14 00:00:00.000	2016-11-14 14:40:48.490
7372	58F	6156	\N	1	\N	6	2016-11-14 00:00:00.000	2016-11-14 16:16:02.047
7373	5MY	15919	\N	6	\N	6	2016-11-14 00:00:00.000	2016-11-14 17:18:19.703
7374	4T9242	15194	\N	6	\N	6	2016-11-14 00:00:00.000	2016-11-14 17:42:11.723
7375	1H9696	15900	\N	6	\N	6	2016-11-14 00:00:00.000	2016-11-14 17:48:50.570
7376	7FS	13979	\N	6	\N	6	2016-11-15 00:00:00.000	2016-11-15 09:01:59.660
7377	1F9471	15363	\N	6	\N	6	2016-11-15 00:00:00.000	2016-11-15 10:03:54.713
7378	1J9445	5007	\N	6	\N	6	2016-11-15 00:00:00.000	2016-11-15 10:52:02.543
7379	1L9536	1661	\N	6	\N	6	2016-11-15 00:00:00.000	2016-11-15 12:10:41.817
7380	JF3	1075	\N	3	1	3	2016-11-15 00:00:00.000	2016-11-15 14:21:14.420
7381	1S9381	7999	\N	6	\N	6	2016-11-15 00:00:00.000	2016-11-15 14:56:59.877
7382	1W9591	15812	\N	6	\N	6	2016-11-15 00:00:00.000	2016-11-15 17:16:16.153
7383	4M9040	15823	\N	6	\N	6	2016-11-16 00:00:00.000	2016-11-16 10:02:17.153
7384	1B9474	15775	\N	6	\N	6	2016-11-16 00:00:00.000	2016-11-16 11:33:11.687
7385	4C9448	15861	\N	6	\N	6	2016-11-16 00:00:00.000	2016-11-16 11:52:20.100
7386	59W	15917	\N	6	\N	6	2016-11-16 00:00:00.000	2016-11-16 12:00:55.227
7387	4T9214	15908	\N	6	\N	6	2016-11-17 00:00:00.000	2016-11-17 14:01:19.713
7388	1V1	1147	\N	3	1	6	2016-11-17 00:00:00.000	2016-11-17 16:07:18.377
7389	1V2	1147	\N	7	\N	6	2016-11-17 00:00:00.000	2016-11-17 16:10:47.217
7390	1J9452	15931	\N	6	\N	6	2016-11-17 00:00:00.000	2016-11-17 16:45:40.520
7391	1W9592	15911	\N	6	\N	6	2016-11-17 00:00:00.000	2016-11-17 16:58:52.143
7392	4S9430	15912	\N	6	\N	6	2016-11-17 00:00:00.000	2016-11-17 17:24:14.770
7393	1N9369	15858	\N	6	\N	6	2016-11-21 00:00:00.000	2016-11-21 10:12:05.387
7394	1R9832	15932	\N	1	\N	6	2016-11-21 00:00:00.000	2016-11-21 10:40:09.987
7395	1E9591	15906	\N	6	\N	6	2016-11-21 00:00:00.000	2016-11-21 10:56:46.517
7396	1E9330	12998	\N	6	\N	6	2016-11-21 00:00:00.000	2016-11-21 12:02:15.853
7397	1D9493	5380	\N	1	\N	6	2016-11-21 00:00:00.000	2016-11-21 12:15:00.193
7398	1M9582	4069	\N	6	\N	6	2016-11-21 00:00:00.000	2016-11-21 12:24:02.963
7399	1F9252	6852	\N	1	\N	6	2016-11-21 00:00:00.000	2016-11-21 13:42:20.867
7400	1C9881	17488	\N	6	\N	6	2016-11-21 00:00:00.000	2017-11-21 15:29:30.923
7401	1C9879	9473	\N	6	\N	6	2016-11-21 00:00:00.000	2016-11-21 14:11:05.823
7402	1P9453	15177	\N	6	\N	6	2016-11-21 00:00:00.000	2016-11-21 14:33:32.527
7403	1D9472	1742	\N	6	\N	6	2016-11-21 00:00:00.000	2016-11-21 14:43:29.057
7404	1S9841	2600	\N	6	\N	6	2016-11-21 00:00:00.000	2016-11-21 14:53:17.567
7405	1M9632	2466	\N	6	\N	6	2016-11-21 00:00:00.000	2016-11-21 15:23:12.583
7406	1T9746	4007	\N	6	\N	6	2016-11-21 00:00:00.000	2016-11-21 15:41:36.567
7407	1L9311	4159	\N	6	\N	6	2016-11-21 00:00:00.000	2016-11-21 15:48:59.263
7408	1G9314	4876	\N	6	\N	6	2016-11-22 00:00:00.000	2016-11-22 09:15:35.753
7409	1L9201	4648	\N	6	\N	6	2016-11-22 00:00:00.000	2016-11-22 09:48:40.123
7410	1B9662	13194	\N	6	\N	6	2016-11-22 00:00:00.000	2016-11-22 10:08:17.007
7411	1D9464	13579	\N	6	\N	6	2016-11-22 00:00:00.000	2016-11-22 10:44:45.020
7412	1G9313	5558	\N	6	\N	6	2016-11-22 00:00:00.000	2016-11-22 11:06:00.947
7413	1B9659	8557	\N	6	\N	6	2016-11-22 00:00:00.000	2016-11-22 11:28:52.657
7414	1Z9200	6490	\N	6	\N	6	2016-11-22 00:00:00.000	2016-11-22 11:40:31.163
7415	1V9115	11305	\N	6	\N	6	2016-11-22 00:00:00.000	2016-11-22 11:51:35.180
7416	1E9320	13005	\N	6	\N	6	2016-11-22 00:00:00.000	2016-11-22 12:03:01.500
7417	1T9694	15176	\N	6	\N	6	2016-11-22 00:00:00.000	2016-11-22 13:26:52.447
7418	1H9394	2067	\N	6	\N	6	2016-11-22 00:00:00.000	2016-11-22 13:38:14.730
7419	1C9839	5677	\N	6	\N	6	2016-11-22 00:00:00.000	2016-11-22 16:56:54.227
7420	7G8	15584	\N	6	\N	6	2016-11-22 00:00:00.000	2016-11-22 17:06:40.413
7421	9F9371	15938	\N	6	\N	34	2016-11-23 00:00:00.000	2016-11-23 09:02:35.053
7422	16W	2208	\N	6	\N	6	2016-11-23 00:00:00.000	2016-11-23 09:44:30.357
7423	1S9646	8009	\N	6	\N	6	2016-11-23 00:00:00.000	2016-11-23 11:12:39.450
7424	1M7	15422	\N	6	\N	6	2016-11-23 00:00:00.000	2016-11-23 11:29:36.730
7425	4YB	3119	\N	6	\N	6	2016-11-23 00:00:00.000	2016-11-23 16:03:43.777
7426	1C9880	15945	\N	1	\N	6	2016-11-25 00:00:00.000	2016-11-25 10:22:39.573
7427	1W9359	15946	\N	6	\N	6	2016-11-25 00:00:00.000	2016-11-25 10:45:02.093
7428	1S9812	15947	\N	6	\N	6	2016-11-25 00:00:00.000	2016-11-25 11:02:57.903
7429	1E9101	15948	\N	7	\N	6	2016-11-25 00:00:00.000	2016-11-25 11:39:23.437
7430	1W9204	15949	\N	6	\N	6	2016-11-25 00:00:00.000	2016-11-25 11:56:59.777
7431	1B9072	15444	\N	6	\N	6	2016-11-25 00:00:00.000	2016-11-25 14:00:42.677
7432	1L9055	4048	\N	6	\N	6	2016-11-28 00:00:00.000	2016-11-25 14:47:54.783
7433	1B9134	15446	\N	6	\N	6	2016-11-28 00:00:00.000	2016-11-28 08:54:26.833
7434	1C9208	15459	\N	6	\N	6	2016-11-28 00:00:00.000	2016-11-28 09:21:29.347
7435	YK1	15952	\N	2	\N	25	2016-11-28 00:00:00.000	2016-11-28 15:30:11.123
7436	1J9044	15950	\N	6	\N	6	2016-11-28 00:00:00.000	2016-11-28 17:19:12.103
7437	4S9417	15141	\N	9	\N	6	2016-11-28 00:00:00.000	2016-11-28 17:37:16.900
7438	12A	13131	\N	2	\N	6	2016-11-29 00:00:00.000	2016-11-29 16:10:47.863
7439	VX1	15416	\N	2	\N	24	2016-11-30 00:00:00.000	2016-11-30 10:31:29.753
7440	ZC2	15956	\N	2	\N	9	2016-11-30 00:00:00.000	2016-11-30 12:11:53.207
7442	VF3	15959	\N	2	\N	11	2016-11-30 00:00:00.000	2016-11-30 14:23:46.990
7443	SAX	5201	\N	2	\N	5	2016-12-01 00:00:00.000	2016-12-01 15:17:27.573
7444	1V9213	15943	\N	6	\N	6	2016-12-06 00:00:00.000	2016-12-01 18:02:20.657
7445	JP3	1052	\N	2	\N	3	2016-12-01 00:00:00.000	2016-12-01 17:06:37.400
7446	43C	2036	\N	2	\N	6	2016-12-05 00:00:00.000	2016-12-05 10:13:33.230
7447	1H9692	15958	\N	6	\N	6	2016-12-05 00:00:00.000	2016-12-05 13:29:21.487
7448	1R9826	15957	\N	6	\N	6	2016-12-05 00:00:00.000	2016-12-05 13:39:33.303
7449	4P3	1054	\N	2	\N	6	2016-12-05 00:00:00.000	2026-05-19 17:33:05.590
7450	4T9247	15944	\N	6	\N	6	2016-12-05 00:00:00.000	2016-12-05 17:06:54.827
7451	1F9475	15970	\N	6	\N	6	2016-12-05 00:00:00.000	2016-12-05 17:21:14.370
7452	1J9456	15936	\N	9	\N	6	2016-12-05 00:00:00.000	2016-12-05 17:46:49.040
7453	4A9009	15969	\N	1	\N	6	2016-12-13 00:00:00.000	2016-12-06 14:11:12.843
7454	4B9129	13854	\N	6	\N	6	2016-12-07 00:00:00.000	2016-12-06 14:27:13.433
7455	4C9451	15965	\N	9	\N	6	2016-12-06 00:00:00.000	2016-12-06 14:42:49.713
7456	4C9307	15960	\N	6	\N	6	2016-12-06 00:00:00.000	2016-12-06 15:45:45.403
7457	5A4	3087	\N	6	\N	6	2016-12-08 00:00:00.000	2016-12-06 16:18:44.143
7458	4S9435	15976	\N	13	\N	6	2016-12-07 00:00:00.000	2020-02-05 14:40:10.717
7459	4M9046	15934	\N	6	\N	6	2016-12-08 00:00:00.000	2016-12-07 14:19:17.150
7460	1G9533	15973	\N	6	\N	6	2016-12-08 00:00:00.000	2016-12-07 14:23:04.630
7461	5GL	15975	\N	6	\N	6	2016-12-07 00:00:00.000	2016-12-07 14:41:29.533
7462	1G9014	4923	\N	6	\N	6	2016-12-08 00:00:00.000	2016-12-08 08:55:44.963
7463	JP9003	13333	\N	9	\N	3	2016-12-08 00:00:00.000	2016-12-08 14:55:23.497
7464	JB4	1052	\N	7	\N	3	2016-12-08 00:00:00.000	2017-02-02 15:26:30.023
7465	1JZ	15438	\N	6	\N	6	2016-12-09 00:00:00.000	2016-12-08 15:39:57.607
7466	5BF	15977	\N	6	\N	6	2016-12-09 00:00:00.000	2016-12-09 09:11:43.930
7467	4M9044	15963	\N	1	\N	6	2016-12-09 00:00:00.000	2016-12-09 09:56:27.587
7468	1H9706	15966	\N	6	\N	6	2016-12-09 00:00:00.000	2016-12-09 10:18:12.857
7469	1C9207	2220	\N	6	\N	6	2016-12-09 00:00:00.000	2016-12-09 10:44:02.800
7470	1C9294	15457	\N	6	\N	6	2016-12-09 00:00:00.000	2016-12-09 11:09:05.363
7471	KPH	15984	\N	2	\N	15	2016-12-13 00:00:00.000	2016-12-12 12:02:19.207
7472	JP4	1052	\N	2	\N	3	2016-12-12 00:00:00.000	2016-12-12 16:29:20.030
7473	4B9136	15964	\N	1	\N	6	2016-12-12 00:00:00.000	2016-12-12 17:53:59.930
7474	1P9518	9015	\N	1	\N	6	2016-12-13 00:00:00.000	2016-12-13 11:31:03.447
7475	4T9132	15985	\N	6	\N	6	2016-12-13 00:00:00.000	2016-12-13 11:58:09.703
7476	JJ3	1052	\N	2	\N	3	2016-12-13 00:00:00.000	2016-12-13 16:05:33.177
7477	1H9630	6087	\N	6	\N	6	2016-12-14 00:00:00.000	2016-12-14 11:18:29.673
7478	2XM	1478	\N	2	\N	1	2016-12-14 00:00:00.000	2016-12-14 17:02:25.700
7479	VF1	1001	\N	2	\N	11	2016-12-14 00:00:00.000	2025-06-25 13:50:52.027
7480	1W9218	10129	\N	6	\N	6	2016-12-15 00:00:00.000	2016-12-15 10:44:59.923
7481	137	1174	\N	7	\N	6	2016-12-19 00:00:00.000	2016-12-19 14:01:42.463
7482	1S9241	15921	\N	6	\N	6	2016-12-20 00:00:00.000	2016-12-20 11:13:49.717
7483	1H9708	15996	\N	1	\N	6	2016-12-20 00:00:00.000	2016-12-20 11:33:41.323
7484	4B9137	15978	\N	6	\N	6	2016-12-20 00:00:00.000	2016-12-20 14:56:27.317
7485	1Z9531	15997	\N	1	\N	6	2016-12-21 00:00:00.000	2016-12-20 15:27:00.913
7486	4T9248	15995	\N	6	\N	6	2016-12-22 00:00:00.000	2016-12-21 09:10:51.577
7487	1E9597	15983	\N	6	\N	6	2016-12-21 00:00:00.000	2016-12-21 10:48:24.580
7488	1P9779	15994	\N	6	\N	6	2016-12-21 00:00:00.000	2016-12-21 11:00:42.433
7489	2GJ	984	\N	5	\N	1	2016-12-21 00:00:00.000	2016-12-21 11:16:31.240
7490	1H9705	15993	\N	6	\N	6	2016-12-21 00:00:00.000	2016-12-21 14:31:01.950
7491	1RN	3579	\N	6	\N	6	2016-12-21 00:00:00.000	2016-12-21 14:47:36.357
7492	4T9059	11978	\N	5	\N	6	2016-12-22 00:00:00.000	2016-12-22 11:07:52.183
7493	2GA	984	\N	5	\N	1	2016-12-22 00:00:00.000	2016-12-22 14:21:44.377
7494	LM5	16004	\N	7	\N	4	2016-12-22 00:00:00.000	2016-12-22 16:01:30.917
7495	LES	16004	\N	7	\N	4	2016-12-22 00:00:00.000	2016-12-22 16:02:44.707
7496	1H9051	16003	\N	6	\N	6	2016-12-23 00:00:00.000	2016-12-23 09:24:55.963
7497	2R9710	16000	\N	6	\N	1	2016-12-28 00:00:00.000	2016-12-27 09:54:30.417
7498	1D9083	15493	\N	6	\N	6	2016-12-27 00:00:00.000	2016-12-27 11:10:28.870
7499	1M9219	8291	\N	6	\N	6	2016-12-27 00:00:00.000	2016-12-27 11:40:13.963
7500	2R9625	13483	\N	6	\N	1	2016-12-27 00:00:00.000	2016-12-27 11:56:38.203
7501	1M9450	5982	\N	6	\N	6	2016-12-27 00:00:00.000	2016-12-27 12:13:56.133
7502	1H9014	12831	\N	6	\N	6	2016-12-27 00:00:00.000	2016-12-27 13:32:23.333
7503	1B9339	4318	\N	6	\N	6	2016-12-27 00:00:00.000	2016-12-27 13:43:02.420
7504	1G9160	5345	\N	6	\N	6	2016-12-27 00:00:00.000	2016-12-27 14:25:57.267
7505	4HV	12473	\N	6	\N	6	2016-12-27 00:00:00.000	2016-12-27 15:03:46.947
7506	1L9159	3713	\N	6	\N	6	2016-12-27 00:00:00.000	2016-12-27 15:15:18.790
7507	4MG	4176	\N	6	\N	6	2016-12-27 00:00:00.000	2016-12-27 16:15:26.873
7508	4JF	2908	\N	6	\N	6	2016-12-27 00:00:00.000	2016-12-27 16:24:59.457
7509	1H9246	12558	\N	6	\N	6	2016-12-28 00:00:00.000	2016-12-28 09:17:35.903
7510	1T9016	8279	\N	6	\N	6	2016-12-28 00:00:00.000	2016-12-28 10:18:31.580
7511	1P9224	4609	\N	6	\N	6	2016-12-28 00:00:00.000	2016-12-28 11:41:43.140
7512	4CA	12937	\N	6	\N	6	2016-12-28 00:00:00.000	2016-12-28 14:07:14.537
7513	4CB	12937	\N	6	\N	6	2016-12-28 00:00:00.000	2016-12-28 13:39:42.620
7514	4CC	12937	\N	6	\N	6	2016-12-28 00:00:00.000	2016-12-28 13:40:09.140
7515	4CE	12937	\N	6	\N	6	2016-12-28 00:00:00.000	2016-12-28 13:40:40.840
7516	4CF	12937	\N	6	\N	6	2016-12-28 00:00:00.000	2016-12-28 14:16:08.700
7517	4CJ	12937	\N	6	\N	6	2016-12-28 00:00:00.000	2016-12-28 13:41:58.513
7518	4CK	12937	\N	6	\N	6	2016-12-28 00:00:00.000	2016-12-28 13:48:13.567
7519	4CL	12937	\N	6	\N	6	2016-12-28 00:00:00.000	2016-12-28 13:48:36.280
7520	4CM	12937	\N	6	\N	6	2016-12-28 00:00:00.000	2016-12-28 13:49:14.017
7521	4CN	12937	\N	6	\N	6	2016-12-28 00:00:00.000	2016-12-28 13:49:35.297
7522	4CP	12937	\N	6	\N	6	2016-12-28 00:00:00.000	2016-12-28 13:50:07.837
7523	4CT	12937	\N	6	\N	6	2016-12-28 00:00:00.000	2016-12-28 13:50:43.717
7524	4CU	12937	\N	6	\N	6	2016-12-28 00:00:00.000	2016-12-28 13:51:53.670
7525	4CV	12937	\N	6	\N	6	2016-12-28 00:00:00.000	2016-12-28 13:52:21.250
7526	4CW	12937	\N	6	\N	6	2016-12-28 00:00:00.000	2016-12-28 13:52:43.120
7527	4CX	12937	\N	6	\N	6	2016-12-28 00:00:00.000	2016-12-28 13:53:09.377
7528	4CY	12937	\N	6	\N	6	2016-12-28 00:00:00.000	2016-12-28 13:53:35.520
7529	1T9352	3598	\N	6	\N	6	2016-12-28 00:00:00.000	2016-12-28 14:50:54.843
7530	1EA	12936	\N	6	\N	6	2016-12-28 00:00:00.000	2016-12-28 15:32:21.160
7531	2EA	12936	\N	6	\N	1	2016-12-28 00:00:00.000	2016-12-28 15:32:48.960
7532	1EC	12936	\N	6	\N	6	2016-12-28 00:00:00.000	2016-12-28 15:33:35.167
7533	2EC	12936	\N	6	\N	1	2016-12-28 00:00:00.000	2016-12-28 15:34:09.610
7534	1ED	12936	\N	6	\N	6	2016-12-28 00:00:00.000	2016-12-28 15:35:55.160
7535	2ED	12936	\N	6	\N	1	2016-12-28 00:00:00.000	2016-12-28 15:36:34.753
7536	1EE	12936	\N	6	\N	6	2016-12-28 00:00:00.000	2016-12-28 15:37:13.257
7537	2EE	12936	\N	6	\N	1	2016-12-28 00:00:00.000	2016-12-28 15:37:39.010
7538	1EF	12936	\N	6	\N	6	2016-12-28 00:00:00.000	2016-12-28 17:11:10.763
7539	2EF	12936	\N	6	\N	1	2016-12-28 00:00:00.000	2016-12-28 17:12:48.027
7540	1EG	12936	\N	6	\N	6	2016-12-28 00:00:00.000	2018-05-03 12:49:05.910
7541	2EG	12936	\N	6	\N	1	2016-12-28 00:00:00.000	2016-12-28 17:13:23.317
7542	1EH	12936	\N	6	\N	6	2016-12-28 00:00:00.000	2016-12-28 17:14:14.577
7543	2EH	12936	\N	6	\N	1	2016-12-28 00:00:00.000	2017-04-11 13:51:04.347
7544	1EJ	12936	\N	6	\N	6	2016-12-28 00:00:00.000	2016-12-28 17:15:51.873
7545	2EJ	12936	\N	6	\N	1	2016-12-28 00:00:00.000	2016-12-28 17:16:28.457
7546	1EK	12936	\N	6	\N	6	2016-12-28 00:00:00.000	2016-12-28 17:17:21.247
7547	2EK	12936	\N	6	\N	1	2016-12-28 00:00:00.000	2017-04-11 13:50:50.383
7548	1N9145	4512	\N	6	\N	6	2016-12-29 00:00:00.000	2016-12-29 09:39:04.923
7549	1J9192	4820	\N	6	\N	6	2016-12-29 00:00:00.000	2016-12-29 09:52:38.510
7550	1P9340	8101	\N	6	\N	6	2016-12-29 00:00:00.000	2016-12-29 10:08:24.060
7551	1D9355	4780	\N	6	\N	6	2016-12-29 00:00:00.000	2016-12-29 10:15:30.597
7552	6K9230	16009	\N	6	\N	14	2017-01-03 00:00:00.000	2017-01-03 09:03:47.280
7553	SVE	14671	\N	1	\N	39	2017-01-04 00:00:00.000	2017-01-04 10:10:02.030
7554	389018	16022	\N	6	\N	45	2017-01-05 00:00:00.000	2017-01-05 09:20:46.373
7555	1B9216	15915	\N	6	\N	6	2017-01-06 00:00:00.000	2017-01-06 11:11:32.223
7556	ZFD	1169	\N	2	\N	\N	2017-01-12 00:00:00.000	2017-01-12 10:38:14.047
7557	ZFA	1029	\N	2	\N	9	2017-01-12 00:00:00.000	2017-01-12 12:12:30.133
7558	2GH	984	\N	5	\N	1	2017-01-13 00:00:00.000	2017-01-13 15:00:46.100
7559	4R7	7387	\N	6	\N	6	2017-01-17 00:00:00.000	2017-01-17 10:11:46.917
7560	ZFR	16053	\N	2	\N	9	2017-01-18 00:00:00.000	2017-01-18 10:32:56.310
7561	SAT	16054	\N	2	\N	5	2017-01-18 00:00:00.000	2020-02-04 08:58:15.757
7562	A4Z	8947	\N	1	\N	6	2017-01-18 00:00:00.000	2025-07-17 14:18:28.840
7563	1W9594	16055	\N	1	\N	6	2017-01-19 00:00:00.000	2017-01-19 11:59:11.667
7564	7GC	15005	\N	6	\N	6	2017-01-23 00:00:00.000	2017-01-23 13:17:17.500
7565	2B9124	1134	\N	6	\N	1	2017-01-23 00:00:00.000	2017-01-23 13:39:58.117
7566	2BZ	1134	\N	6	\N	1	2017-01-23 00:00:00.000	2017-01-23 13:40:23.670
7567	4S9419	4368	\N	3	\N	6	2017-01-24 00:00:00.000	2017-01-24 10:51:53.607
7568	2G5	984	\N	3	\N	1	2017-01-23 00:00:00.000	2024-09-03 15:45:54.717
7569	2G0	984	\N	5	\N	1	2017-01-23 00:00:00.000	2017-01-24 10:57:39.803
7570	5CL	5386	\N	6	\N	6	2017-01-23 00:00:00.000	2017-01-23 16:51:39.580
7571	4C9022	16024	\N	6	\N	6	2017-01-25 00:00:00.000	2017-01-23 17:41:01.700
7572	5RF	16024	\N	6	\N	6	2017-01-25 00:00:00.000	2020-01-15 12:06:54.597
7573	7G3	9123	\N	6	\N	6	2017-01-24 00:00:00.000	2017-01-24 09:32:54.833
7574	1X9031	16064	\N	6	\N	6	2017-01-24 00:00:00.000	2017-01-24 09:59:35.100
7575	1W9161	15816	\N	6	\N	6	2017-01-24 00:00:00.000	2017-01-24 10:11:50.720
7576	2G8	984	\N	7	\N	1	2017-01-24 00:00:00.000	2017-01-24 10:34:52.430
7577	4S9415	16026	\N	6	\N	6	2017-01-24 00:00:00.000	2017-01-24 14:24:22.027
7578	6ZF	15713	\N	6	\N	56	2017-01-24 00:00:00.000	2017-01-24 17:09:01.790
7579	4FK	4395	\N	6	\N	6	2017-01-26 00:00:00.000	2017-01-24 18:37:40.463
7580	JG7	1048	\N	2	\N	3	2017-01-27 00:00:00.000	2017-01-27 16:28:50.770
7581	JB7	1052	\N	3	1	3	2017-01-27 00:00:00.000	2017-01-27 17:23:56.353
7582	1A9471	5065	\N	6	\N	6	2017-01-30 00:00:00.000	2017-01-30 11:32:35.560
7583	1L9248	8197	\N	6	\N	6	2017-01-30 00:00:00.000	2017-01-30 15:53:52.357
7584	2M1	3247	\N	3	\N	1	2017-01-30 00:00:00.000	2017-01-30 17:16:09.967
7585	2M2	3247	\N	10	\N	1	2017-01-30 00:00:00.000	2017-01-30 17:16:23.367
7586	2M3	3247	\N	10	\N	1	2017-01-30 00:00:00.000	2017-01-30 17:16:32.913
7587	VG6	1001	\N	10	\N	11	2017-01-30 00:00:00.000	2017-01-30 17:16:46.907
7588	VG8	1001	\N	5	\N	11	2017-01-30 00:00:00.000	2017-01-30 17:16:57.173
7589	4A2	5943	\N	6	\N	6	2017-01-31 00:00:00.000	2017-01-31 10:34:53.013
7590	1B9123	16078	\N	6	\N	6	2017-01-31 00:00:00.000	2017-01-31 10:45:27.667
7591	40B	16079	\N	6	\N	6	2017-01-31 00:00:00.000	2017-01-31 11:03:05.413
7592	1B9101	16081	\N	6	\N	6	2017-01-31 00:00:00.000	2017-01-31 12:25:23.790
7593	1V9062	10999	\N	6	\N	6	2017-01-31 00:00:00.000	2017-01-31 14:33:13.887
7594	1C9211	16082	\N	6	\N	6	2017-01-31 00:00:00.000	2017-01-31 15:26:17.087
7595	1B9089	16083	\N	6	\N	6	2017-01-31 00:00:00.000	2017-01-31 15:47:58.330
7596	1C9175	16084	\N	6	\N	6	2017-01-31 00:00:00.000	2017-01-31 16:08:22.340
7597	13U	16086	\N	6	\N	6	2017-01-31 00:00:00.000	2017-01-31 16:34:50.953
7598	1B9140	16087	\N	6	\N	6	2017-01-31 00:00:00.000	2017-01-31 17:50:17.597
7599	1A9130	16103	\N	6	\N	6	2017-02-01 00:00:00.000	2017-02-01 09:21:20.453
7600	1UF	16104	\N	6	\N	6	2017-02-01 00:00:00.000	2017-02-01 09:39:45.123
7601	1A9064	16105	\N	6	\N	6	2017-02-01 00:00:00.000	2017-02-01 09:55:26.880
7602	1A9131	16106	\N	6	\N	6	2017-02-01 00:00:00.000	2017-02-01 11:03:37.630
7603	1A9110	16108	\N	6	\N	6	2017-02-01 00:00:00.000	2017-02-01 11:41:42.160
7604	2A9053	16109	\N	6	\N	1	2017-02-01 00:00:00.000	2017-02-01 12:55:10.913
7605	SA9149	16094	\N	6	\N	5	2017-02-01 00:00:00.000	2017-02-01 13:21:01.963
7606	1B9125	16110	\N	6	\N	6	2017-02-01 00:00:00.000	2017-02-01 13:42:41.367
7607	1C9189	16112	\N	6	\N	6	2017-02-01 00:00:00.000	2017-02-01 13:59:20.020
7608	1A0	16114	\N	6	\N	6	2017-02-01 00:00:00.000	2017-02-01 14:52:51.270
7609	1F9029	16115	\N	6	\N	6	2017-02-01 00:00:00.000	2017-02-01 15:36:45.240
7610	1G9064	16116	\N	6	\N	6	2017-02-01 00:00:00.000	2017-02-01 16:21:43.233
7611	1G9061	16117	\N	6	\N	6	2017-02-01 00:00:00.000	2017-02-01 17:14:29.820
7612	1G9039	16118	\N	6	\N	6	2017-02-02 00:00:00.000	2017-02-02 09:07:51.377
7613	177	16123	\N	2	\N	6	2017-02-02 00:00:00.000	2017-02-02 10:04:30.343
7614	1G9074	16130	\N	6	\N	6	2017-02-02 00:00:00.000	2017-02-02 11:13:02.760
7615	1G9057	16131	\N	6	\N	6	2017-02-02 00:00:00.000	2017-02-02 11:31:57.537
7616	1E9038	16132	\N	6	\N	6	2017-02-02 00:00:00.000	2017-02-02 11:53:58.563
7617	KMF	15984	\N	3	2	15	2017-02-02 00:00:00.000	2017-03-10 14:04:21.590
7618	1H9095	16134	\N	6	\N	6	2017-02-02 00:00:00.000	2017-02-02 13:12:09.287
7619	1H9068	16135	\N	6	\N	6	2017-02-02 00:00:00.000	2017-02-02 14:48:13.357
7620	1H9094	16136	\N	6	\N	6	2017-02-02 00:00:00.000	2017-02-02 17:28:15.597
7621	1H9086	16138	\N	6	\N	6	2017-02-03 00:00:00.000	2017-02-03 09:15:03.330
7622	1H9111	16139	\N	6	\N	6	2017-02-03 00:00:00.000	2017-02-03 09:30:35.243
7623	1H9066	16140	\N	6	\N	6	2017-02-03 00:00:00.000	2017-02-03 10:03:07.040
7624	1VF	16145	\N	6	\N	6	2017-02-03 00:00:00.000	2017-02-03 10:59:19.797
7625	1H9062	16148	\N	6	\N	6	2017-02-03 00:00:00.000	2017-02-03 11:45:48.617
7626	1H9104	16149	\N	6	\N	6	2017-02-03 00:00:00.000	2017-02-03 11:53:42.060
7627	1VB	16150	\N	6	\N	6	2017-02-03 00:00:00.000	2017-02-03 13:18:48.353
7628	1H9073	16151	\N	6	\N	6	2017-02-03 00:00:00.000	2017-02-03 13:43:53.010
7629	1M9203	16152	\N	6	\N	6	2017-02-03 00:00:00.000	2017-02-03 14:17:13.277
7630	1U5	16154	\N	6	\N	6	2017-02-03 00:00:00.000	2017-02-03 14:29:48.537
7631	1JC	994	\N	7	\N	6	2017-02-03 00:00:00.000	2017-02-03 14:44:14.320
7632	1W9061	16155	\N	6	\N	6	2017-02-03 00:00:00.000	2017-02-03 15:52:57.360
7633	1JT	994	\N	3	1	6	2017-02-03 00:00:00.000	2017-02-03 16:06:13.633
7634	127	16159	\N	6	\N	6	2017-02-06 00:00:00.000	2017-02-06 07:56:26.107
7635	1L9074	16160	\N	6	\N	6	2017-02-06 00:00:00.000	2017-02-06 08:47:59.220
7636	1T9097	16161	\N	6	\N	6	2017-02-06 00:00:00.000	2017-02-06 09:14:45.710
7637	1H9105	16163	\N	6	\N	6	2017-02-06 00:00:00.000	2017-02-06 09:34:31.623
7638	1T9060	16168	\N	6	\N	6	2017-02-06 00:00:00.000	2017-02-06 11:02:56.257
7639	1ZF	16169	\N	6	\N	6	2017-02-06 00:00:00.000	2017-02-06 11:20:44.500
7640	141	16170	\N	6	\N	6	2017-02-06 00:00:00.000	2017-02-06 11:52:27.127
7641	1C9250	16172	\N	6	\N	6	2017-02-06 00:00:00.000	2017-02-06 12:12:25.020
7642	1S9112	16174	\N	6	\N	6	2017-02-06 00:00:00.000	2017-02-06 13:34:06.487
7643	1J9047	16175	\N	6	\N	6	2017-02-06 00:00:00.000	2017-02-06 14:03:45.123
7644	ZCF	16176	\N	10	\N	9	2017-02-06 00:00:00.000	2017-02-06 14:40:57.800
7645	1J9033	16178	\N	6	\N	6	2017-02-06 00:00:00.000	2017-02-06 15:21:17.630
7646	1J9046	16181	\N	6	\N	6	2017-02-06 00:00:00.000	2017-02-06 16:09:12.543
7647	1OY	16182	\N	6	\N	6	2017-02-06 00:00:00.000	2017-02-06 16:37:59.483
7648	1J9022	16183	\N	6	\N	6	2017-02-07 00:00:00.000	2017-08-02 16:11:13.893
7649	1F9033	16186	\N	6	\N	6	2017-02-07 00:00:00.000	2017-02-07 09:39:35.547
7650	1W9047	16188	\N	6	\N	6	2017-02-07 00:00:00.000	2017-02-07 09:51:58.390
7651	1W9073	16190	\N	6	\N	6	2017-02-07 00:00:00.000	2017-02-07 11:06:33.927
7652	7A9005	16191	\N	6	\N	56	2017-02-07 00:00:00.000	2017-02-07 11:22:36.527
7653	2W9080	16192	\N	6	\N	6	2017-02-07 00:00:00.000	2017-02-07 12:03:39.507
7654	1D9092	16193	\N	1	\N	6	2017-02-07 00:00:00.000	2017-02-07 13:16:46.047
7655	1JD	994	\N	10	\N	6	2017-02-07 00:00:00.000	2017-02-07 13:38:53.780
7656	1A9143	16194	\N	6	\N	6	2017-02-07 00:00:00.000	2017-02-07 14:34:40.423
7657	1S9253	16195	\N	6	\N	6	2017-02-07 00:00:00.000	2017-02-07 14:48:32.280
7658	2BD	16196	\N	10	\N	1	2017-02-07 00:00:00.000	2017-02-07 15:09:24.417
7659	1V9045	16198	\N	2	\N	6	2017-02-07 00:00:00.000	2017-02-07 16:02:45.307
7660	97N	1131	\N	1	\N	18	2017-02-08 00:00:00.000	2017-02-08 14:07:15.247
7661	1D9102	1173	\N	6	\N	6	2017-02-08 00:00:00.000	2017-02-08 14:46:44.313
7662	1M9003	7681	\N	6	\N	6	2017-02-08 00:00:00.000	2017-11-08 12:22:49.713
7663	1L9064	2692	\N	6	\N	6	2017-02-08 00:00:00.000	2017-02-08 16:27:24.257
7664	1N9034	2813	\N	6	\N	6	2017-02-08 00:00:00.000	2017-02-08 17:13:45.617
7665	11Y	2847	\N	6	\N	6	2017-02-09 00:00:00.000	2017-02-09 09:56:11.707
7666	1R9082	3029	\N	6	\N	6	2017-02-09 00:00:00.000	2017-02-09 10:18:14.950
7667	18L	3410	\N	2	\N	6	2017-02-09 00:00:00.000	2017-02-09 11:47:12.157
7668	1S6	3524	\N	6	\N	6	2017-02-09 00:00:00.000	2017-02-09 12:20:47.023
7669	1VG	3664	\N	6	\N	6	2017-02-09 00:00:00.000	2017-02-09 13:40:06.717
7670	1L9067	4049	\N	3	1	6	2017-02-09 00:00:00.000	2017-02-09 15:05:08.970
7671	1C9275	4079	\N	6	\N	6	2017-02-09 00:00:00.000	2019-11-06 10:28:48.283
7672	JP7	1052	\N	3	1	3	2017-02-10 00:00:00.000	2017-02-10 10:58:25.047
7673	1R9085	4142	\N	6	\N	6	2017-02-13 00:00:00.000	2017-02-13 10:33:51.283
7674	1R9083	4380	\N	6	\N	6	2017-02-13 00:00:00.000	2017-02-13 11:48:39.960
7675	1E9046	4600	\N	6	\N	6	2017-02-13 00:00:00.000	2017-02-13 12:17:59.673
7676	1C9251	11532	\N	3	\N	6	2017-02-13 00:00:00.000	2017-02-13 13:46:21.203
7677	40K	5193	\N	6	\N	6	2017-02-13 00:00:00.000	2017-02-13 16:44:55.003
7678	1P9124	5542	\N	6	\N	6	2017-02-14 00:00:00.000	2017-02-14 09:32:52.847
7679	45W	7099	\N	10	\N	6	2017-02-14 00:00:00.000	2017-02-14 09:52:16.343
7680	45V	7099	\N	3	\N	6	2017-02-14 00:00:00.000	2017-02-14 09:52:39.463
7681	1S9017	19475	\N	6	\N	6	2017-02-14 00:00:00.000	2019-10-16 10:36:54.513
7682	1J9253	8083	\N	6	\N	6	2017-02-14 00:00:00.000	2017-02-14 11:12:39.030
7683	1S9136	8105	\N	3	\N	6	2017-02-14 00:00:00.000	2017-03-02 10:16:09.710
7684	1SA	8181	\N	6	\N	6	2017-02-14 00:00:00.000	2024-09-13 09:32:53.127
7685	2SA	8181	\N	6	\N	1	2017-02-14 00:00:00.000	2017-02-14 14:22:14.710
7686	1P9044	8279	\N	6	\N	6	2017-02-14 00:00:00.000	2017-02-14 16:07:42.707
7687	9BF	16225	\N	3	2	18	2017-02-14 00:00:00.000	2017-02-14 16:45:08.453
7688	VGY	8607	\N	6	\N	11	2017-02-14 00:00:00.000	2017-02-14 16:46:53.303
7689	1R9069	9080	\N	6	\N	6	2017-02-14 00:00:00.000	2017-02-14 17:03:14.433
7690	1E9043	9216	\N	6	\N	6	2017-02-14 00:00:00.000	2017-02-14 17:40:08.390
7691	1T9125	10081	\N	6	\N	6	2017-02-15 00:00:00.000	2017-02-15 09:22:37.490
7692	1L3	16228	\N	6	\N	6	2017-02-15 00:00:00.000	2017-02-15 10:47:17.297
7693	1NE	10436	\N	6	\N	6	2017-02-15 00:00:00.000	2017-02-15 11:48:26.907
7694	1L2	10436	\N	6	\N	6	2017-02-15 00:00:00.000	2017-02-15 11:48:53.677
7695	1N7	10436	\N	6	\N	6	2017-02-15 00:00:00.000	2017-02-15 11:48:41.773
7696	1LF	10436	\N	6	\N	6	2017-02-15 00:00:00.000	2017-02-15 11:07:52.693
7697	1N8	10436	\N	6	\N	6	2017-02-15 00:00:00.000	2017-02-15 11:08:52.927
7698	407	10831	\N	6	\N	6	2017-02-15 00:00:00.000	2017-02-15 13:26:51.097
7699	1WT	11039	\N	7	\N	6	2017-02-15 00:00:00.000	2021-06-30 16:57:02.827
7700	1J946L	11933	\N	6	\N	6	2017-02-15 00:00:00.000	2017-02-15 15:09:04.887
7701	1G9088	12445	\N	3	\N	6	2017-02-15 00:00:00.000	2017-07-13 11:51:56.100
7702	1B9073	12608	\N	6	\N	6	2017-02-16 00:00:00.000	2017-02-16 09:04:31.593
7703	455	4410	\N	6	\N	6	2017-02-16 00:00:00.000	2017-02-16 10:15:59.040
7704	1B9066	16235	\N	6	\N	6	2017-02-16 00:00:00.000	2017-02-16 14:07:22.583
7705	7A5	16237	\N	6	\N	56	2017-02-16 00:00:00.000	2017-02-16 14:32:35.660
7706	1A9082	16236	\N	6	\N	6	2017-02-16 00:00:00.000	2017-02-16 14:33:34.207
7707	1C9599	16234	\N	6	\N	6	2017-02-16 00:00:00.000	2017-02-16 14:37:31.110
7708	1TH	13547	\N	6	\N	6	2017-02-22 00:00:00.000	2017-02-16 17:32:33.907
7709	JC2	1041	\N	3	\N	3	2017-02-17 00:00:00.000	2017-02-17 13:10:21.703
7710	1K9059	15198	\N	6	\N	6	2017-02-21 00:00:00.000	2017-02-21 10:06:49.483
7711	XL9003	15200	\N	5	\N	31	2017-02-21 00:00:00.000	2017-02-21 10:38:41.187
7712	1K9053	15199	\N	6	\N	6	2017-02-21 00:00:00.000	2017-02-21 10:59:03.137
7713	197	15204	\N	6	\N	6	2017-02-21 00:00:00.000	2017-02-21 11:15:33.570
7714	1L9046	15209	\N	6	\N	6	2017-02-21 00:00:00.000	2017-02-21 12:13:59.863
7715	1E9599	16240	\N	6	\N	6	2017-02-21 00:00:00.000	2017-02-21 12:29:57.190
7716	1L9049	15212	\N	6	\N	6	2017-02-21 00:00:00.000	2017-02-21 13:14:24.480
7717	1L9070	15214	\N	6	\N	6	2017-02-21 00:00:00.000	2017-02-21 13:23:32.103
7718	1Z9530	16233	\N	3	\N	6	2017-02-21 00:00:00.000	2017-02-21 13:50:51.370
7719	2L9012	15215	\N	6	\N	1	2017-02-21 00:00:00.000	2017-02-21 13:58:31.337
7720	15V	15216	\N	6	\N	6	2017-02-21 00:00:00.000	2017-02-21 14:13:56.123
7721	1A9117	15219	\N	1	\N	6	2017-02-21 00:00:00.000	2017-02-21 15:01:01.913
7722	1ZL	15222	\N	6	\N	6	2017-02-21 00:00:00.000	2017-02-21 15:15:07.573
7723	1L9054	15223	\N	6	\N	6	2017-02-21 00:00:00.000	2017-02-21 15:31:01.750
7724	1L9063	15224	\N	6	\N	6	2017-02-21 00:00:00.000	2017-02-21 16:28:52.897
7725	11X	15225	\N	6	\N	6	2017-02-21 00:00:00.000	2017-02-21 16:50:57.073
7726	1L9026	15228	\N	6	\N	6	2017-02-21 00:00:00.000	2017-02-21 17:49:33.677
7727	1L9056	15229	\N	6	\N	6	2017-02-21 00:00:00.000	2017-02-21 18:11:30.943
7728	SA9020	15230	\N	6	\N	28	2017-02-21 00:00:00.000	2017-02-21 18:21:18.300
7729	1M9246	15231	\N	6	\N	6	2017-02-21 00:00:00.000	2017-02-21 18:30:09.310
7730	1M9064	15232	\N	6	\N	6	2017-02-22 00:00:00.000	2017-02-22 09:02:38.823
7731	1M9210	15236	\N	6	\N	6	2017-02-22 00:00:00.000	2017-02-22 09:55:43.787
7732	1M9196	15237	\N	6	\N	6	2017-02-22 00:00:00.000	2017-02-22 11:43:32.867
7733	2M9004	15238	\N	6	\N	1	2017-02-22 00:00:00.000	2017-04-11 13:48:17.270
7734	ZB2	15423	\N	1	\N	9	2017-02-22 00:00:00.000	2017-02-22 13:44:39.937
7735	1YA	15243	\N	6	\N	6	2017-02-22 00:00:00.000	2017-02-22 14:04:47.800
7736	1M9231	15250	\N	6	\N	6	2017-02-22 00:00:00.000	2017-02-22 14:40:52.757
7737	1M9191	15251	\N	6	\N	6	2017-02-22 00:00:00.000	2017-02-22 14:48:48.933
7738	1M9206	15252	\N	6	\N	6	2017-02-22 00:00:00.000	2017-02-22 15:00:00.280
7739	1M9209	15253	\N	6	\N	6	2017-02-22 00:00:00.000	2017-02-22 15:15:03.990
7740	1K9369	16071	\N	6	\N	6	2017-02-22 00:00:00.000	2017-02-22 15:33:10.157
7741	166	15255	\N	6	\N	6	2017-02-22 00:00:00.000	2017-02-22 15:47:01.107
7742	1M9037	15257	\N	5	\N	6	2017-02-22 00:00:00.000	2017-02-22 16:05:12.033
7743	1M9248	15258	\N	6	\N	6	2017-02-22 00:00:00.000	2017-02-22 16:29:32.837
7744	1M9069	15259	\N	6	\N	6	2017-02-23 00:00:00.000	2017-02-23 09:17:19.227
7745	1M9227	15263	\N	2	\N	6	2017-02-23 00:00:00.000	2017-02-23 09:43:21.727
7746	1M9193	15264	\N	6	\N	6	2017-02-23 00:00:00.000	2017-02-23 09:58:45.280
7747	1M9200	15265	\N	3	\N	6	2017-02-23 00:00:00.000	2017-02-23 10:41:57.457
7748	1M9247	15266	\N	6	\N	6	2017-02-23 00:00:00.000	2017-02-23 11:36:10.703
7749	ZB0	15268	\N	1	\N	9	2017-02-23 00:00:00.000	2017-02-23 11:46:52.830
7750	1M9201	15271	\N	6	\N	6	2017-02-23 00:00:00.000	2017-02-23 14:03:24.810
7751	1M9237	15272	\N	6	\N	6	2017-02-23 00:00:00.000	2017-02-23 15:45:20.380
7752	1M9245	15273	\N	6	\N	6	2017-02-23 00:00:00.000	2017-02-23 16:05:15.610
7753	1M9240	15274	\N	10	\N	6	2017-02-23 00:00:00.000	2017-02-23 16:57:59.717
7754	1N9021	15275	\N	6	\N	6	2017-02-23 00:00:00.000	2017-02-23 17:21:21.363
7755	1DP	15277	\N	6	\N	6	2017-02-23 00:00:00.000	2017-02-23 17:41:29.897
7756	109016	15278	\N	6	\N	6	2017-02-23 00:00:00.000	2017-02-23 17:54:07.700
7757	10Z	15280	\N	6	\N	6	2017-02-23 00:00:00.000	2017-02-23 17:56:53.747
7758	109013	15279	\N	6	\N	6	2017-02-23 00:00:00.000	2017-02-23 17:59:11.040
7759	109022	15281	\N	6	\N	6	2017-02-27 00:00:00.000	2017-02-27 10:24:00.760
7760	109015	15285	\N	6	\N	6	2017-02-27 00:00:00.000	2017-02-27 10:43:25.380
7761	10W	15288	\N	6	\N	6	2017-02-27 00:00:00.000	2017-02-27 10:56:03.197
7762	1P9103	15289	\N	6	\N	6	2017-02-27 00:00:00.000	2017-02-27 11:26:07.357
7763	154	15290	\N	6	\N	6	2017-02-27 00:00:00.000	2017-02-27 11:37:26.550
7764	12Z	15291	\N	6	\N	6	2017-02-27 00:00:00.000	2017-02-27 11:45:08.327
7765	1P9084	15292	\N	6	\N	6	2017-02-27 00:00:00.000	2017-02-27 11:59:41.740
7766	1P9048	15293	\N	6	\N	6	2017-02-27 00:00:00.000	2017-02-27 12:15:54.277
7767	1P9079	15294	\N	6	\N	6	2017-02-27 00:00:00.000	2017-02-27 12:25:24.240
7768	1P9096	15295	\N	6	\N	6	2017-02-27 00:00:00.000	2017-02-27 13:26:50.730
7769	1P9071	15296	\N	6	\N	6	2017-02-27 00:00:00.000	2017-02-27 13:36:39.833
7770	1P9074	15298	\N	6	\N	6	2017-02-27 00:00:00.000	2020-01-13 10:15:54.410
7771	1P9075	15299	\N	6	\N	6	2017-02-27 00:00:00.000	2017-02-27 14:10:47.633
7772	1P9068	15302	\N	6	\N	6	2017-02-27 00:00:00.000	2017-02-27 14:40:43.943
7773	11P	15303	\N	6	\N	6	2017-02-27 00:00:00.000	2017-02-27 15:00:47.673
7774	1P9091	15304	\N	6	\N	6	2017-02-27 00:00:00.000	2017-02-27 15:26:14.323
7775	1R9074	15306	\N	6	\N	6	2017-02-27 00:00:00.000	2017-02-27 16:23:45.767
7776	1P9082	15307	\N	6	\N	6	2017-02-27 00:00:00.000	2017-02-27 16:38:27.170
7777	16R	15308	\N	6	\N	6	2017-02-27 00:00:00.000	2017-02-27 16:55:58.113
7778	1R9059	15309	\N	3	1	6	2017-03-01 00:00:00.000	2017-02-28 10:33:41.020
7779	1R9052	15310	\N	6	\N	6	2017-02-27 00:00:00.000	2017-02-27 17:48:35.743
7780	1XL	15312	\N	6	\N	6	2017-02-27 00:00:00.000	2017-02-27 17:56:28.863
7781	12J	15313	\N	6	\N	6	2017-02-28 00:00:00.000	2017-02-28 09:22:11.637
7782	1R9051	15314	\N	6	\N	6	2017-02-28 00:00:00.000	2017-02-28 09:54:30.190
7783	1R9045	15316	\N	6	\N	6	2017-02-28 00:00:00.000	2017-02-28 10:41:01.720
7784	1R9086	15317	\N	6	\N	6	2017-02-28 00:00:00.000	2017-02-28 10:48:13.560
7785	1R9068	15318	\N	6	\N	6	2017-02-28 00:00:00.000	2017-02-28 11:06:40.320
7786	1R9033	15321	\N	6	\N	6	2017-02-28 00:00:00.000	2017-02-28 11:17:48.703
7787	1R9055	15322	\N	6	\N	6	2017-02-28 00:00:00.000	2017-02-28 11:32:32.883
7788	1VN	15323	\N	6	\N	6	2017-02-28 00:00:00.000	2017-02-28 13:34:28.873
7789	1S9168	15324	\N	6	\N	6	2017-02-28 00:00:00.000	2017-02-28 13:41:00.170
7790	SBS	15325	\N	3	\N	5	2017-02-28 00:00:00.000	2017-02-28 13:55:24.287
7791	1S9178	15326	\N	6	\N	6	2017-02-28 00:00:00.000	2017-02-28 15:26:41.410
7792	1S9100	15327	\N	6	\N	6	2017-02-28 00:00:00.000	2017-02-28 15:44:33.147
7793	1S9161	15328	\N	6	\N	6	2017-02-28 00:00:00.000	2017-02-28 16:02:12.637
7794	1S9194	15329	\N	6	\N	6	2017-02-28 00:00:00.000	2017-02-28 16:19:06.390
7795	1S9095	15330	\N	6	\N	6	2017-02-28 00:00:00.000	2017-02-28 17:17:07.257
7796	1J9029	15331	\N	6	\N	6	2017-02-28 00:00:00.000	2017-02-28 18:01:53.783
7797	1S9181	15332	\N	6	\N	6	2017-02-28 00:00:00.000	2017-02-28 18:18:31.390
7798	1S9111	15333	\N	6	\N	6	2017-03-01 00:00:00.000	2017-03-01 09:54:14.857
7799	1S9117	15334	\N	6	\N	6	2017-03-01 00:00:00.000	2017-03-01 10:03:40.373
7800	1S9114	15336	\N	6	\N	6	2017-03-01 00:00:00.000	2017-03-01 11:03:46.790
7801	1S9103	15337	\N	6	\N	6	2017-03-01 00:00:00.000	2017-03-01 11:16:08.913
7802	1S9143	15340	\N	6	\N	6	2017-03-01 00:00:00.000	2017-03-01 12:05:02.513
7803	1S9169	15342	\N	6	\N	6	2017-03-01 00:00:00.000	2017-03-01 15:16:26.270
7804	1S9082	15343	\N	6	\N	6	2017-03-01 00:00:00.000	2017-03-01 15:25:32.397
7805	1S9078	15344	\N	6	\N	6	2017-03-01 00:00:00.000	2017-03-01 15:35:06.307
7806	1S9030	15345	\N	6	\N	6	2017-03-01 00:00:00.000	2017-03-01 16:05:14.507
7807	1S9165	15347	\N	6	\N	6	2017-03-01 00:00:00.000	2017-03-01 16:40:50.570
7808	1S9159	15348	\N	6	\N	6	2017-03-02 00:00:00.000	2017-03-02 09:12:33.427
7809	1S9174	17356	\N	6	\N	6	2017-03-02 00:00:00.000	2017-10-06 12:50:32.240
7810	1S9129	15350	\N	6	\N	6	2017-03-02 00:00:00.000	2017-03-02 10:11:39.797
7811	1S9410	8105	\N	10	\N	6	2017-03-02 00:00:00.000	2017-03-02 10:17:40.593
7812	1S9175	15352	\N	6	\N	6	2017-03-02 00:00:00.000	2017-03-02 10:34:57.683
7813	1S9096	15351	\N	6	\N	6	2017-03-02 00:00:00.000	2017-03-02 10:35:43.610
7814	1S9101	15353	\N	6	\N	6	2017-03-02 00:00:00.000	2017-03-02 11:59:34.683
7815	1A9055	16107	\N	6	\N	6	2017-03-02 00:00:00.000	2017-03-02 13:40:03.267
7816	1A9122	16273	\N	6	\N	6	2017-03-02 00:00:00.000	2017-03-02 14:21:53.373
7817	17E	16274	\N	6	\N	6	2017-03-02 00:00:00.000	2017-03-02 15:17:35.617
7818	1W9011	8579	\N	6	\N	6	2017-03-02 00:00:00.000	2017-03-02 15:36:51.140
7819	1V9034	9170	\N	6	\N	6	2017-03-02 00:00:00.000	2017-03-02 16:13:59.183
7820	1V9035	9170	\N	6	\N	6	2017-03-02 00:00:00.000	2017-03-02 16:13:47.000
7821	1V9033	16275	\N	6	\N	6	2017-03-03 00:00:00.000	2017-03-03 11:41:46.380
7822	4S9443	16229	\N	6	\N	6	2017-03-03 00:00:00.000	2017-03-03 14:20:45.517
7823	1S9089	15355	\N	3	2	6	2017-03-03 00:00:00.000	2017-03-03 16:03:29.647
7824	1S9158	15356	\N	6	\N	6	2017-03-03 00:00:00.000	2017-03-03 16:30:25.107
7825	1T9079	15357	\N	6	\N	6	2017-03-03 00:00:00.000	2017-03-03 16:38:57.740
7827	1T9135	15362	\N	6	\N	6	2017-03-06 00:00:00.000	2017-03-06 09:21:52.883
7828	3VD	15365	\N	6	\N	12	2017-03-06 00:00:00.000	2017-03-06 10:16:37.643
7829	1T9092	15366	\N	6	\N	6	2017-03-06 00:00:00.000	2017-03-06 10:35:12.390
7830	12R	15368	\N	6	\N	6	2017-03-06 00:00:00.000	2017-03-06 10:46:39.553
7831	1XV	15369	\N	6	\N	6	2017-03-06 00:00:00.000	2017-03-06 10:57:00.687
7832	SA9005	15370	\N	2	\N	28	2017-03-06 00:00:00.000	2017-03-06 11:23:06.913
7833	188	15372	\N	6	\N	6	2017-03-06 00:00:00.000	2017-03-06 13:23:02.207
7835	1T9106	15373	\N	6	\N	6	2017-03-06 00:00:00.000	2017-03-06 14:59:51.127
7836	J8Z	1171	\N	3	1	3	2017-03-06 00:00:00.000	2017-03-06 15:15:29.500
7837	1L9144	15374	\N	6	\N	6	2017-03-06 00:00:00.000	2017-03-06 15:27:28.643
7838	1T9118	15375	\N	6	\N	6	2017-03-06 00:00:00.000	2017-03-06 15:44:23.940
7839	15U	15376	\N	6	\N	6	2017-03-06 00:00:00.000	2017-03-06 15:54:57.927
7840	1UV	15377	\N	6	\N	6	2017-03-06 00:00:00.000	2017-03-06 16:22:26.240
7841	1T9066	15378	\N	6	\N	6	2017-03-06 00:00:00.000	2017-03-06 16:45:06.143
7842	148	15379	\N	6	\N	6	2017-03-06 00:00:00.000	2017-03-06 17:09:04.450
7843	1T9114	15381	\N	6	\N	6	2017-03-08 00:00:00.000	2017-03-06 18:01:49.740
7844	138	15382	\N	6	\N	6	2017-03-07 00:00:00.000	2017-03-07 09:24:05.583
7845	1T9130	15383	\N	6	\N	6	2017-03-07 00:00:00.000	2017-03-07 10:13:35.593
7846	1T9055	15384	\N	6	\N	6	2017-03-07 00:00:00.000	2017-03-07 10:37:32.997
7847	1S9107	11614	\N	6	\N	\N	2017-03-07 00:00:00.000	2017-03-07 10:42:58.507
7848	1RG	15385	\N	3	\N	6	2017-03-07 00:00:00.000	2017-03-07 11:35:26.060
7849	1P9038	15386	\N	1	\N	6	2017-03-07 00:00:00.000	2021-05-24 16:29:25.020
7850	SA9022	15387	\N	1	\N	28	2017-03-07 00:00:00.000	2017-03-07 12:28:19.933
7851	1T9084	15389	\N	6	\N	6	2017-03-07 00:00:00.000	2017-03-07 15:02:13.060
7852	1T9071	15390	\N	6	\N	6	2017-03-07 00:00:00.000	2017-03-07 15:14:32.203
7853	1T9123	15391	\N	6	\N	6	2017-03-07 00:00:00.000	2017-03-07 15:52:52.523
7854	1HA	1028	\N	10	\N	6	2017-03-07 00:00:00.000	2024-11-08 14:37:34.097
7855	1U9012	15393	\N	6	\N	6	2017-03-07 00:00:00.000	2017-03-07 16:24:30.873
7856	1U9010	15394	\N	6	\N	6	2017-03-07 00:00:00.000	2017-03-07 16:35:04.470
7857	1V9021	15395	\N	6	\N	6	2017-03-07 00:00:00.000	2017-03-07 17:14:54.317
7858	1V9025	15396	\N	6	\N	6	2017-03-07 00:00:00.000	2017-03-07 17:35:05.267
7859	1V9030	10795	\N	6	\N	6	2017-03-07 00:00:00.000	2018-03-15 15:51:03.343
7860	1B9113	15398	\N	3	\N	6	2017-03-09 00:00:00.000	2017-03-08 09:34:14.017
7861	1W9067	15399	\N	6	\N	6	2017-03-08 00:00:00.000	2017-03-08 10:29:07.900
7862	1W9064	17708	\N	6	\N	6	2017-03-08 00:00:00.000	2020-06-24 14:06:06.530
7863	1J9026	16202	\N	6	\N	6	2017-03-08 00:00:00.000	2017-03-08 11:14:00.950
7864	1W9071	15402	\N	6	\N	6	2017-03-08 00:00:00.000	2017-03-08 11:15:55.330
7865	1W9051	15403	\N	6	\N	6	2017-03-08 00:00:00.000	2021-02-24 09:44:20.953
7866	1W9049	15404	\N	6	\N	6	2017-03-08 00:00:00.000	2017-03-08 11:58:53.547
7867	1W9052	15405	\N	6	\N	6	2017-03-08 00:00:00.000	2017-03-08 12:16:45.143
7868	1W9020	15406	\N	6	\N	6	2017-03-08 00:00:00.000	2017-03-08 13:42:56.537
7869	1W9065	15407	\N	6	\N	6	2017-03-08 00:00:00.000	2017-03-08 14:05:28.263
7870	1W9079	15408	\N	6	\N	6	2017-03-08 00:00:00.000	2017-03-08 14:23:51.123
7871	1W9080	15410	\N	6	\N	6	2017-03-08 00:00:00.000	2017-03-08 14:31:26.253
7872	1W9081	1436	\N	6	\N	6	2017-03-08 00:00:00.000	2017-03-08 14:50:11.297
7873	13W	15412	\N	10	\N	6	2017-03-08 00:00:00.000	2017-03-08 15:59:10.280
7874	1W9062	15413	\N	6	\N	6	2017-03-08 00:00:00.000	2017-03-08 16:20:26.020
7875	LLF	15415	\N	6	\N	8	2017-03-08 00:00:00.000	2017-03-08 17:09:12.227
7876	LLE	15419	\N	6	\N	4	2017-03-08 00:00:00.000	2017-03-08 17:19:29.253
7877	1A9123	15420	\N	6	\N	6	2017-03-08 00:00:00.000	2017-03-08 17:32:48.847
7878	SC0	15421	\N	6	\N	28	2017-03-08 00:00:00.000	2017-03-08 17:49:36.407
7879	185	15424	\N	6	\N	6	2017-03-09 00:00:00.000	2017-03-09 09:09:43.530
7880	1A9090	15425	\N	6	\N	6	2017-03-09 00:00:00.000	2017-03-09 09:33:05.723
7881	7FA	988	\N	7	\N	6	2017-03-09 00:00:00.000	2021-04-14 11:47:39.310
7882	TLJ	15428	\N	1	\N	48	2017-03-09 00:00:00.000	2017-03-09 09:51:19.707
7883	1A9084	15430	\N	6	\N	6	2017-03-09 00:00:00.000	2017-03-09 10:00:59.637
7884	4M9045	15847	\N	6	\N	6	2017-03-09 00:00:00.000	2017-03-09 10:25:52.000
7885	1EZ	15431	\N	6	\N	6	2017-03-09 00:00:00.000	2017-03-09 10:36:01.197
7886	1V8	15432	\N	6	\N	6	2017-03-09 00:00:00.000	2017-03-09 10:51:31.817
7887	1A9100	15433	\N	6	\N	6	2017-03-09 00:00:00.000	2017-03-09 11:32:47.227
7888	1A9097	15434	\N	3	2	6	2017-03-09 00:00:00.000	2017-03-09 11:45:14.920
7889	1A9103	15435	\N	6	\N	6	2017-03-09 00:00:00.000	2017-03-09 13:05:27.873
7890	408	15436	\N	6	\N	6	2017-03-09 00:00:00.000	2017-03-09 13:33:24.440
7891	1B9091	15437	\N	6	\N	6	2017-03-09 00:00:00.000	2017-03-09 14:10:29.953
7892	1A9121	15439	\N	6	\N	6	2017-03-09 00:00:00.000	2017-03-09 14:34:53.707
7893	1B9124	15440	\N	6	\N	6	2017-03-09 00:00:00.000	2017-03-09 14:44:13.810
7894	44Y	15443	\N	6	\N	6	2017-03-09 00:00:00.000	2017-03-09 14:56:55.963
7895	16D	15445	\N	6	\N	6	2017-03-09 00:00:00.000	2017-03-09 15:08:41.710
7896	1B9079	15447	\N	6	\N	6	2017-03-09 00:00:00.000	2017-03-09 15:56:00.570
7897	LRE	16300	\N	2	\N	8	2017-03-09 00:00:00.000	2017-03-09 16:00:27.720
7898	1B9127	15448	\N	6	\N	6	2017-03-09 00:00:00.000	2017-03-09 16:12:44.400
7899	18F	15451	\N	6	\N	6	2017-03-09 00:00:00.000	2017-03-09 16:24:39.960
7900	1W9035	15452	\N	6	\N	6	2017-03-09 00:00:00.000	2017-03-09 16:42:11.760
7901	3WM	15763	\N	3	\N	12	2017-03-10 00:00:00.000	2017-03-10 10:25:11.093
7902	3NM	15763	\N	3	\N	\N	2017-03-10 00:00:00.000	2017-03-10 10:28:40.227
7903	1L9566	16298	\N	6	\N	6	2017-03-10 00:00:00.000	2017-03-10 11:13:58.750
7904	2B9028	15282	\N	6	\N	1	2017-03-10 00:00:00.000	2017-03-10 13:34:15.077
7905	1C9191	15454	\N	6	\N	6	2017-03-13 00:00:00.000	2017-03-13 09:06:45.567
7906	1C9248	15455	\N	6	\N	6	2017-03-13 00:00:00.000	2017-03-13 09:14:38.200
7907	1C9199	15456	\N	6	\N	6	2017-03-13 00:00:00.000	2017-03-13 09:28:18.560
7908	1C9234	15458	\N	6	\N	6	2017-03-13 00:00:00.000	2017-03-13 09:33:23.133
7909	176	15460	\N	6	\N	6	2017-03-13 00:00:00.000	2017-03-13 09:43:32.550
7910	4S9440	16158	\N	6	\N	6	2017-03-13 00:00:00.000	2017-03-13 10:27:01.077
7911	40Z	15461	\N	6	\N	6	2017-03-13 00:00:00.000	2017-03-13 10:56:15.283
7912	1D9078	15462	\N	6	\N	6	2017-03-13 00:00:00.000	2017-03-13 11:08:38.377
7913	1ZG	15463	\N	6	\N	6	2017-03-13 00:00:00.000	2017-03-13 11:19:21.190
7914	1P9065	15464	\N	2	\N	6	2017-03-13 00:00:00.000	2017-03-13 11:54:40.267
7915	1D9104	15465	\N	6	\N	6	2017-03-13 00:00:00.000	2017-03-13 12:34:45.090
7916	1D9097	15466	\N	5	\N	6	2017-03-13 00:00:00.000	2017-03-13 14:03:36.040
7917	1NN	15472	\N	6	\N	6	2017-03-13 00:00:00.000	2017-03-13 15:36:18.353
7918	1F9037	15474	\N	3	\N	6	2017-03-13 00:00:00.000	2017-03-13 16:52:02.907
7919	1D9076	15475	\N	6	\N	6	2017-03-14 00:00:00.000	2017-03-14 11:27:57.057
7920	AA9001	11994	\N	6	\N	10	2017-03-14 00:00:00.000	2017-03-14 11:52:55.487
7921	18D	15476	\N	6	\N	6	2017-03-14 00:00:00.000	2017-03-14 12:22:22.313
7922	1G9046	15478	\N	6	\N	6	2017-03-14 00:00:00.000	2017-03-14 12:37:52.403
7923	1S9102	15480	\N	6	\N	6	2017-03-14 00:00:00.000	2017-03-14 13:56:21.613
7924	1G9036	15479	\N	6	\N	6	2017-03-15 00:00:00.000	2017-03-15 09:18:01.413
7925	1E9071	15482	\N	6	\N	6	2017-03-15 00:00:00.000	2017-03-15 10:51:12.323
7926	1E9037	15481	\N	6	\N	6	2017-03-15 00:00:00.000	2017-03-15 11:01:36.183
7927	1C9264	15483	\N	6	\N	6	2017-03-15 00:00:00.000	2017-03-15 11:10:18.503
7928	1YU	15484	\N	6	\N	6	2017-03-15 00:00:00.000	2017-03-15 11:26:07.390
7929	1E9073	15485	\N	6	\N	6	2017-03-15 00:00:00.000	2017-03-15 11:36:46.743
7930	1C9222	15486	\N	6	\N	6	2017-03-15 00:00:00.000	2017-03-15 11:59:10.653
7931	1A9289	16280	\N	6	\N	6	2017-03-15 00:00:00.000	2017-03-15 12:05:09.093
7932	1D9058	15487	\N	6	\N	6	2017-03-15 00:00:00.000	2017-03-15 12:09:15.483
7933	198	15488	\N	6	\N	6	2017-03-15 00:00:00.000	2017-03-15 12:17:47.023
7934	1D9063	15489	\N	6	\N	6	2017-03-15 00:00:00.000	2017-03-15 12:29:19.413
7935	11N	15490	\N	6	\N	6	2017-03-15 00:00:00.000	2017-03-15 12:37:19.660
7936	1E9069	15491	\N	6	\N	6	2017-03-15 00:00:00.000	2017-03-15 13:50:18.400
7937	1C9138	15492	\N	6	\N	6	2017-03-15 00:00:00.000	2017-03-15 14:03:01.820
7938	1D9084	15494	\N	6	\N	6	2017-03-15 00:00:00.000	2017-03-15 14:14:46.020
7939	1C9236	15495	\N	6	\N	6	2017-03-15 00:00:00.000	2017-03-15 14:49:02.073
7940	UHL	15496	\N	6	\N	54	2017-03-15 00:00:00.000	2017-03-15 15:25:34.440
7941	1C9195	15497	\N	6	\N	6	2017-03-15 00:00:00.000	2017-03-15 15:42:02.013
7942	1H9334	12983	\N	6	\N	6	2017-03-15 00:00:00.000	2017-03-15 15:52:16.157
7943	1C9193	15498	\N	6	\N	6	2017-03-15 00:00:00.000	2017-03-15 15:59:59.757
7944	3B9001	13033	\N	6	\N	6	2017-03-15 00:00:00.000	2017-03-15 16:25:54.317
7945	1C9235	15499	\N	6	\N	6	2017-03-15 00:00:00.000	2017-03-15 17:03:51.967
7946	1C9272	15500	\N	6	\N	6	2017-03-15 00:00:00.000	2017-03-15 17:12:19.357
7947	1C9265	15504	\N	6	\N	6	2017-03-16 00:00:00.000	2017-03-16 08:54:40.210
7948	15R	15505	\N	6	\N	6	2017-03-16 00:00:00.000	2017-03-16 09:39:13.743
7949	1B9086	15506	\N	6	\N	6	2017-03-16 00:00:00.000	2017-03-16 09:55:13.847
7950	1B9038	15507	\N	6	\N	6	2017-03-16 00:00:00.000	2017-03-16 10:01:11.320
7951	1B9064	15508	\N	6	\N	6	2017-03-16 00:00:00.000	2017-03-16 10:24:57.413
7953	143	15662	\N	1	\N	6	2017-03-16 00:00:00.000	2017-03-16 10:48:25.627
7954	1B9099	15663	\N	6	\N	6	2017-03-16 00:00:00.000	2017-03-16 11:25:48.163
7955	2S9023	16005	\N	6	\N	1	2017-03-16 00:00:00.000	2017-03-16 12:32:58.290
7956	4P5	16013	\N	6	\N	6	2017-03-16 00:00:00.000	2017-03-16 14:23:08.880
7957	575	22033	\N	6	\N	6	2017-03-16 00:00:00.000	2025-05-20 16:25:53.963
7958	4C9455	16023	\N	6	\N	6	2017-03-16 00:00:00.000	2017-03-16 15:22:21.647
7959	4C9452	16027	\N	6	\N	6	2017-03-16 00:00:00.000	2017-03-16 15:32:14.900
7960	4M0	10556	\N	1	\N	6	2017-03-16 00:00:00.000	2017-06-08 11:49:18.100
7961	4S9438	16029	\N	6	\N	6	2017-03-16 00:00:00.000	2017-03-16 15:50:54.623
7962	4S9437	19540	\N	9	\N	6	2017-03-16 00:00:00.000	2019-11-18 10:11:27.613
7963	7GG	16044	\N	6	\N	6	2017-03-17 00:00:00.000	2017-03-17 09:15:13.397
7964	1E9603	16329	\N	6	\N	6	2017-03-17 00:00:00.000	2017-03-17 09:17:41.487
7965	1U9163	16048	\N	2	\N	6	2017-03-17 00:00:00.000	2017-03-17 10:15:46.877
7966	4AU	16058	\N	6	\N	6	2017-03-17 00:00:00.000	2017-03-17 10:48:59.170
7967	1A9950	16065	\N	6	\N	6	2017-03-17 00:00:00.000	2017-03-17 11:06:56.680
7968	1PT	3233	\N	6	\N	6	2017-03-17 00:00:00.000	2017-03-17 12:35:40.580
7969	JPA	14584	\N	10	\N	3	2017-03-20 00:00:00.000	2017-03-20 14:15:02.177
7970	JPE	14584	\N	3	\N	3	2017-03-20 00:00:00.000	2017-03-20 14:16:11.563
7971	1H9312	13043	\N	6	\N	6	2017-03-21 00:00:00.000	2017-03-21 13:16:00.787
7972	1B9509	13046	\N	6	\N	6	2017-03-21 00:00:00.000	2017-03-21 13:40:15.487
7973	1T9546	13066	\N	6	\N	6	2017-03-21 00:00:00.000	2017-03-21 13:58:25.587
7974	1A9457	13096	\N	6	\N	6	2017-03-21 00:00:00.000	2017-03-21 14:13:41.200
7975	1A9275	13097	\N	6	\N	6	2017-03-21 00:00:00.000	2017-03-21 14:27:07.050
7976	1A9332	13098	\N	6	\N	6	2017-03-21 00:00:00.000	2017-03-21 14:40:32.713
7977	W09R09	13107	\N	7	\N	2	2017-03-21 00:00:00.000	2019-10-24 10:27:35.703
7978	1LG	15227	\N	6	\N	6	2017-03-28 00:00:00.000	2017-03-21 16:56:45.910
7979	1A9462	13114	\N	6	\N	6	2017-03-21 00:00:00.000	2017-03-21 16:37:03.443
7980	1B9416	13153	\N	6	\N	6	2017-03-21 00:00:00.000	2017-03-21 16:54:39.207
7981	1B9453	13161	\N	6	\N	6	2017-03-22 00:00:00.000	2017-03-22 09:55:34.203
7982	1D9313	13204	\N	6	\N	6	2017-03-22 00:00:00.000	2017-03-22 10:20:16.080
7983	1A9458	13219	\N	6	\N	6	2017-03-22 00:00:00.000	2017-03-22 10:31:40.890
7984	1A9446	13226	\N	6	\N	6	2017-03-22 00:00:00.000	2017-03-22 10:43:28.337
7985	1C9648	13241	\N	1	\N	6	2017-03-22 00:00:00.000	2017-03-22 10:57:42.267
7986	1E9155	13247	\N	1	\N	6	2017-03-22 00:00:00.000	2017-03-22 11:26:23.103
7987	1E9214	13250	\N	6	\N	6	2017-03-22 00:00:00.000	2017-03-22 11:44:08.600
7988	1E9174	13257	\N	6	\N	6	2017-03-22 00:00:00.000	2017-03-22 12:09:26.967
7989	1E9241	13257	\N	6	\N	6	2017-03-22 00:00:00.000	2017-03-22 12:20:55.757
7990	1C9699	13272	\N	6	\N	6	2017-03-22 00:00:00.000	2017-03-22 13:24:38.263
7991	1B9502	13304	\N	6	\N	6	2017-03-22 00:00:00.000	2017-03-22 13:51:38.793
7992	2D9088	13321	\N	6	\N	1	2017-03-22 00:00:00.000	2017-03-22 14:06:04.983
7993	1D9246	13322	\N	6	\N	6	2017-03-22 00:00:00.000	2017-03-22 14:25:11.773
7994	1B9320	15154	\N	6	\N	6	2017-03-22 00:00:00.000	2017-03-22 16:46:15.240
7995	1W9257	1369	\N	6	\N	6	2017-03-23 00:00:00.000	2017-03-23 16:02:21.647
7996	1D9386	1733	\N	6	\N	6	2017-03-23 00:00:00.000	2017-03-23 16:41:07.423
7997	1D9356	1741	\N	6	\N	6	2017-03-23 00:00:00.000	2017-03-23 16:56:49.603
7998	4C9463	16344	\N	6	\N	6	2017-03-24 00:00:00.000	2017-03-24 09:41:45.893
7999	WMZ	966	\N	7	\N	2	2017-03-27 00:00:00.000	2017-03-27 08:44:08.663
8000	1D9331	1746	\N	6	\N	6	2017-03-27 00:00:00.000	2017-03-27 09:26:49.720
8001	1G9245	1760	\N	6	\N	6	2017-03-27 00:00:00.000	2017-03-27 09:50:35.857
8002	1D9390	1783	\N	6	\N	6	2017-03-27 00:00:00.000	2017-03-27 10:25:11.427
8003	1C9507	1773	\N	6	\N	6	2017-03-27 00:00:00.000	2017-03-27 10:34:25.243
8004	1D9040	1785	\N	6	\N	6	2017-03-27 00:00:00.000	2017-03-27 10:43:13.757
8005	1D9342	1786	\N	6	\N	6	2017-03-27 00:00:00.000	2017-03-27 10:52:24.030
8006	1C9670	1788	\N	6	\N	6	2017-03-27 00:00:00.000	2017-03-27 11:04:46.017
8007	1D9341	6447	\N	1	\N	6	2017-03-27 00:00:00.000	2017-03-27 11:37:59.167
8008	1D9310	1801	\N	6	\N	6	2017-03-27 00:00:00.000	2017-03-27 12:23:24.587
8009	4U8	1807	\N	6	\N	6	2017-03-27 00:00:00.000	2017-03-27 13:33:02.227
8010	1D9312	1822	\N	6	\N	6	2017-03-27 00:00:00.000	2017-03-27 13:46:22.337
8011	1B9464	1890	\N	6	\N	6	2017-03-27 00:00:00.000	2017-03-27 13:59:57.970
8012	1B9348	1891	\N	6	\N	6	2017-03-27 00:00:00.000	2017-03-27 14:14:10.883
8013	1B9457	1893	\N	6	\N	6	2017-03-27 00:00:00.000	2017-03-27 14:20:43.350
8014	1G9223	1908	\N	6	\N	6	2017-03-27 00:00:00.000	2017-03-27 14:57:54.717
8015	1G9230	1932	\N	6	\N	6	2017-03-27 00:00:00.000	2017-03-27 15:23:12.847
8016	16U	1939	\N	6	\N	6	2017-03-27 00:00:00.000	2017-03-27 15:42:18.420
8017	1B9380	1942	\N	6	\N	6	2017-03-27 00:00:00.000	2017-03-27 16:06:08.647
8018	1G9232	1955	\N	6	\N	6	2017-03-27 00:00:00.000	2017-03-27 17:15:30.437
8019	1G9201	1956	\N	6	\N	6	2017-03-27 00:00:00.000	2017-03-27 17:26:31.910
8020	1H9316	1987	\N	6	\N	6	2017-03-28 00:00:00.000	2017-03-28 09:09:06.393
8021	1H9315	1988	\N	1	\N	6	2017-03-28 00:00:00.000	2017-03-28 09:24:27.450
8022	5AX	2002	\N	6	\N	6	2017-03-28 00:00:00.000	2017-03-28 10:27:18.210
8023	1B9330	2012	\N	6	\N	6	2017-03-28 00:00:00.000	2017-03-28 10:36:55.707
8024	1C9516	19593	\N	7	\N	6	2017-03-28 00:00:00.000	2020-01-06 11:27:13.793
8025	1C9596	2055	\N	6	\N	6	2017-03-28 00:00:00.000	2017-03-28 12:08:06.357
8026	1A9421	2079	\N	6	\N	6	2017-03-28 00:00:00.000	2017-03-28 12:28:12.893
8027	1D9388	2081	\N	6	\N	6	2017-03-28 00:00:00.000	2017-03-28 14:06:47.333
8028	4ER	2085	\N	6	\N	6	2017-03-28 00:00:00.000	2017-03-28 14:29:59.167
8029	1C9533	2101	\N	6	\N	6	2017-03-28 00:00:00.000	2017-03-28 14:36:48.357
8030	4T9251	16073	\N	6	\N	6	2017-03-28 00:00:00.000	2017-03-28 15:53:34.200
8031	1E9168	2152	\N	6	\N	6	2017-03-28 00:00:00.000	2017-03-28 16:58:12.993
8032	1E9231	2156	\N	6	\N	6	2017-03-28 00:00:00.000	2017-03-28 17:09:17.647
8033	4UG	2169	\N	6	\N	6	2017-05-31 00:00:00.000	2017-03-28 17:28:07.493
8034	1YG	2198	\N	6	\N	6	2017-03-28 00:00:00.000	2017-03-28 17:41:20.100
8035	2C9155	2213	\N	6	\N	1	2017-03-28 00:00:00.000	2017-03-28 17:50:09.160
8036	1D9022	2225	\N	6	\N	6	2017-03-28 00:00:00.000	2017-03-28 17:54:28.930
8037	1D9373	2236	\N	6	\N	6	2017-03-29 00:00:00.000	2017-03-29 09:19:02.447
8038	1D9348	2245	\N	6	\N	6	2017-03-29 00:00:00.000	2017-03-29 09:31:26.727
8039	1E9130	2249	\N	6	\N	6	2017-03-29 00:00:00.000	2017-03-29 09:37:29.207
8040	A8M	16015	\N	13	\N	6	2017-03-29 00:00:00.000	2025-10-22 10:50:02.210
8041	1UW	2250	\N	6	\N	6	2017-03-29 00:00:00.000	2017-03-29 10:21:44.923
8042	1M9465	2285	\N	6	\N	6	2017-03-29 00:00:00.000	2017-03-29 10:34:32.773
8043	1M9474	2286	\N	6	\N	6	2017-03-29 00:00:00.000	2017-03-29 10:40:16.753
8044	1T9522	2305	\N	6	\N	6	2017-03-29 00:00:00.000	2017-03-29 10:51:29.863
8045	1T9497	2306	\N	6	\N	6	2017-03-29 00:00:00.000	2017-03-29 11:09:27.937
8046	1T9545	2315	\N	6	\N	6	2017-03-29 00:00:00.000	2017-03-29 11:28:47.610
8047	1K9155	2330	\N	6	\N	6	2017-03-29 00:00:00.000	2017-03-29 12:00:01.657
8048	4VR	2364	\N	6	\N	6	2017-03-29 00:00:00.000	2017-03-29 12:06:56.197
8049	1M9163	2371	\N	6	\N	6	2017-03-29 00:00:00.000	2017-03-29 13:31:31.383
8050	1S9451	2383	\N	6	\N	6	2017-03-29 00:00:00.000	2017-03-29 13:47:06.077
8051	1S9658	2386	\N	6	\N	6	2017-03-29 00:00:00.000	2017-03-29 13:56:10.643
8052	1R9351	2395	\N	6	\N	6	2017-03-29 00:00:00.000	2017-03-29 14:06:48.853
8053	1S9663	2402	\N	6	\N	6	2017-03-29 00:00:00.000	2017-03-29 14:16:29.003
8054	1S9649	2403	\N	6	\N	6	2017-03-29 00:00:00.000	2017-03-29 15:21:02.553
8055	1P9351	2443	\N	6	\N	6	2017-03-29 00:00:00.000	2017-03-29 16:01:15.487
8056	1S9675	2510	\N	6	\N	6	2017-03-29 00:00:00.000	2017-03-29 16:48:17.237
8057	1S9424	2512	\N	6	\N	6	2017-03-29 00:00:00.000	2017-03-29 16:56:29.247
8058	1M9458	2555	\N	6	\N	6	2017-03-29 00:00:00.000	2017-03-29 17:07:18.800
8059	1Z9068	2582	\N	6	\N	6	2017-03-30 00:00:00.000	2017-03-30 09:06:07.083
8060	1S9673	2584	\N	6	\N	6	2017-03-30 00:00:00.000	2017-03-30 09:16:04.593
8061	1S9393	2596	\N	6	\N	6	2017-03-30 00:00:00.000	2017-03-30 09:48:28.407
8062	1M9359	2609	\N	6	\N	6	2017-03-30 00:00:00.000	2017-03-30 09:56:56.780
8063	1R9336	2619	\N	6	\N	6	2017-03-30 00:00:00.000	2017-03-30 10:13:22.327
8064	1R9202	2652	\N	6	\N	6	2017-03-30 00:00:00.000	2017-03-30 11:02:02.167
8065	59R	16276	\N	3	\N	6	2017-03-30 00:00:00.000	2017-03-30 11:46:18.103
8066	59P	16276	\N	10	\N	6	2017-03-30 00:00:00.000	2017-03-30 11:46:40.490
8067	12U	15267	\N	6	\N	6	2017-03-30 00:00:00.000	2017-03-30 14:31:01.983
8068	1M6	15261	\N	6	\N	6	2017-03-30 00:00:00.000	2017-03-30 14:32:32.543
8069	1RL	15311	\N	6	\N	6	2017-04-01 00:00:00.000	2017-03-30 17:47:25.807
8070	1M9309	16371	\N	6	\N	6	2017-03-30 00:00:00.000	2017-03-30 18:16:16.833
8071	1A9005	5054	\N	6	\N	6	2017-03-31 00:00:00.000	2017-03-31 09:20:15.790
8072	1MM	15270	\N	6	\N	6	2017-03-31 00:00:00.000	2017-03-31 10:45:36.840
8073	1SZ	15335	\N	6	\N	6	2017-04-03 00:00:00.000	2017-04-03 09:16:15.000
8074	18S	15338	\N	6	\N	6	2017-04-03 00:00:00.000	2017-04-03 10:48:07.957
8075	1H9459	10254	\N	6	\N	6	2017-04-03 00:00:00.000	2017-04-03 12:02:05.040
8076	1BT	16386	\N	6	\N	6	2017-04-03 00:00:00.000	2017-04-03 14:13:52.790
8077	1NS	15341	\N	6	\N	6	2017-04-03 00:00:00.000	2017-04-03 14:18:28.130
8078	1RC	15354	\N	6	\N	6	2017-04-03 00:00:00.000	2017-04-03 14:48:01.773
8079	4OG	15418	\N	6	\N	6	2017-04-03 00:00:00.000	2017-05-30 07:52:18.787
8080	1TY	15367	\N	6	\N	6	2017-04-03 00:00:00.000	2017-04-03 16:13:43.903
8081	1BL	15441	\N	6	\N	6	2017-04-03 00:00:00.000	2017-04-03 16:15:50.043
8082	1CK	16302	\N	6	\N	6	2017-04-03 00:00:00.000	2017-04-03 18:24:16.067
8083	13E	16113	\N	6	\N	6	2017-04-04 00:00:00.000	2017-04-04 15:31:59.600
8084	1A9013	15429	\N	6	\N	6	2017-04-05 00:00:00.000	2017-04-05 10:58:06.880
8085	1E9040	15469	\N	6	\N	6	2017-04-05 00:00:00.000	2017-04-05 13:56:52.257
8086	1DD	15477	\N	6	\N	6	2017-04-05 00:00:00.000	2017-04-05 15:40:05.157
8087	1J9457	16259	\N	6	\N	6	2017-04-05 00:00:00.000	2017-04-05 16:53:08.310
8088	112	15467	\N	6	\N	6	2017-09-01 00:00:00.000	2017-09-21 12:09:11.577
8089	VFM	15471	\N	6	\N	11	2017-04-30 00:00:00.000	2017-04-06 15:39:31.057
8090	1R9223	2654	\N	6	\N	6	2017-04-06 00:00:00.000	2017-04-06 16:42:30.100
8091	1S9612	2658	\N	6	\N	6	2017-04-06 00:00:00.000	2017-04-06 16:51:28.503
8092	1M9401	17273	\N	6	\N	6	2017-04-06 00:00:00.000	2017-09-25 15:49:14.233
8093	1B9466	2691	\N	6	\N	6	2017-04-06 00:00:00.000	2017-04-06 17:26:21.810
8094	NMT	16405	\N	2	\N	13	2017-04-10 00:00:00.000	2017-04-10 12:23:53.827
8095	1R9299	2723	\N	6	\N	6	2017-04-10 00:00:00.000	2017-04-10 15:39:48.510
8096	1S9571	2729	\N	1	\N	6	2017-04-10 00:00:00.000	2017-04-10 15:47:25.700
8097	1R9352	2736	\N	6	\N	6	2017-04-10 00:00:00.000	2017-04-10 16:05:56.327
8098	1R9323	2741	\N	6	\N	6	2017-04-10 00:00:00.000	2017-04-10 16:26:49.213
8099	1S9501	2756	\N	6	\N	6	2017-04-10 00:00:00.000	2017-04-10 16:34:36.073
8100	1S9389	2760	\N	6	\N	6	2017-04-10 00:00:00.000	2017-04-10 16:43:08.100
8102	1S9661	2764	\N	6	\N	6	2017-04-10 00:00:00.000	2017-04-10 16:50:50.653
8103	1W9200	2778	\N	6	\N	6	2017-04-10 00:00:00.000	2017-04-10 17:04:55.037
8104	1T9338	2779	\N	6	\N	6	2017-04-10 00:00:00.000	2017-04-10 18:02:14.127
8105	1R9222	2785	\N	6	\N	6	2017-04-11 00:00:00.000	2017-04-11 09:30:22.060
8106	1M9100	2795	\N	6	\N	6	2017-04-11 00:00:00.000	2017-04-11 09:43:24.010
8107	1N9160	2807	\N	6	\N	6	2017-04-11 00:00:00.000	2017-04-11 09:58:16.923
8108	1N9025	2808	\N	9	\N	6	2017-04-11 00:00:00.000	2017-04-11 10:13:57.030
8109	1N9114	2815	\N	6	\N	6	2017-04-11 00:00:00.000	2017-04-11 11:23:20.303
8110	1S9313	2822	\N	6	\N	6	2017-04-11 00:00:00.000	2017-04-11 11:32:38.533
8111	4J6	2826	\N	6	\N	6	2017-04-11 00:00:00.000	2017-04-11 11:39:04.417
8112	1S9647	2840	\N	6	\N	6	2017-04-11 00:00:00.000	2017-04-11 12:04:36.213
8113	1S9641	2849	\N	6	\N	6	2017-04-11 00:00:00.000	2017-04-11 13:24:14.533
8114	1T9544	2860	\N	6	\N	6	2017-04-11 00:00:00.000	2017-04-11 13:36:45.957
8115	2NE	2912	\N	6	\N	1	2017-04-11 00:00:00.000	2017-04-11 13:46:26.230
8116	1N9151	2914	\N	6	\N	6	2017-04-11 00:00:00.000	2017-04-11 14:14:30.923
8117	5BA	2917	\N	6	\N	6	2017-04-11 00:00:00.000	2017-04-11 14:32:22.380
8118	2S9109	2925	\N	6	\N	1	2017-04-11 00:00:00.000	2017-04-11 15:32:02.197
8119	1K4	2936	\N	6	\N	6	2017-04-11 00:00:00.000	2017-04-11 16:01:02.347
8120	1K9178	2942	\N	6	\N	6	2017-04-11 00:00:00.000	2017-04-11 16:07:13.630
8121	1T9030	16339	\N	6	\N	6	2017-04-12 00:00:00.000	2017-04-12 09:41:01.880
8122	1L9227	2966	\N	6	\N	6	2017-04-12 00:00:00.000	2017-04-12 11:39:46.007
8123	1L9158	2971	\N	1	\N	6	2017-04-12 00:00:00.000	2017-04-12 12:02:26.813
8124	1L9240	2976	\N	6	\N	6	2017-04-12 00:00:00.000	2017-04-12 12:10:48.463
8125	1R9312	2990	\N	6	\N	6	2017-04-12 00:00:00.000	2017-04-12 12:23:28.683
8126	1R9327	2991	\N	1	\N	6	2017-04-12 00:00:00.000	2017-04-12 13:55:48.253
8127	1R9158	3013	\N	6	\N	6	2017-04-12 00:00:00.000	2017-04-12 14:17:21.543
8128	1R9356	3016	\N	6	\N	6	2017-04-12 00:00:00.000	2017-04-12 14:22:58.223
8129	1B9332	3060	\N	6	\N	6	2017-04-12 00:00:00.000	2017-04-12 16:52:38.707
8130	1T9493	3067	\N	6	\N	6	2017-04-13 00:00:00.000	2017-04-13 09:10:01.177
8131	1M9176	3097	\N	6	\N	6	2017-04-13 00:00:00.000	2017-04-13 09:24:11.237
8132	1M9412	3107	\N	6	\N	6	2017-04-13 00:00:00.000	2017-04-13 10:00:51.683
8133	1R9311	3116	\N	6	\N	6	2017-04-13 00:00:00.000	2017-04-13 10:11:27.167
8134	1R9342	3118	\N	6	\N	6	2017-04-13 00:00:00.000	2017-04-13 10:37:18.277
8135	1R9286	3121	\N	6	\N	6	2017-04-13 00:00:00.000	2017-04-13 10:43:01.553
8136	1R9233	3132	\N	6	\N	6	2017-04-13 00:00:00.000	2017-04-13 15:35:29.370
8137	1P9003	3134	\N	6	\N	6	2017-04-13 00:00:00.000	2017-04-13 15:48:53.443
8138	1P9250	3154	\N	6	\N	6	2017-04-14 00:00:00.000	2017-04-14 09:35:33.943
8139	1S9657	3170	\N	6	\N	6	2017-04-14 00:00:00.000	2017-04-14 09:42:27.500
8140	1S9390	3196	\N	6	\N	6	2017-04-14 00:00:00.000	2017-04-14 09:59:15.760
8141	1S9648	3201	\N	6	\N	6	2017-04-14 00:00:00.000	2017-04-14 10:58:25.627
8142	1L9191	3218	\N	6	\N	6	2017-04-14 00:00:00.000	2017-04-14 12:20:56.170
8143	1L9244	3219	\N	6	\N	6	2017-04-14 00:00:00.000	2017-04-14 12:26:13.583
8144	1T9566	3257	\N	6	\N	6	2017-04-14 00:00:00.000	2017-04-14 13:51:59.517
8145	1T9538	3274	\N	1	\N	6	2017-04-14 00:00:00.000	2017-04-14 14:05:52.683
8146	1T9553	3275	\N	1	\N	6	2017-04-14 00:00:00.000	2017-04-14 14:15:28.917
8147	1N9147	3312	\N	6	\N	6	2017-04-14 00:00:00.000	2017-04-14 14:26:16.317
8148	1S9182	3324	\N	6	\N	6	2017-04-14 00:00:00.000	2017-04-14 14:35:48.183
8149	1S9574	3350	\N	6	\N	6	2017-04-14 00:00:00.000	2017-04-14 15:18:08.913
8150	1S9599	3352	\N	6	\N	6	2017-04-17 00:00:00.000	2017-04-17 08:11:14.287
8151	5A8	3379	\N	6	\N	6	2017-04-17 00:00:00.000	2018-01-05 11:50:33.300
8152	1S9557	3391	\N	2	\N	6	2017-04-17 00:00:00.000	2017-04-17 15:36:16.823
8153	1S9566	3391	\N	2	\N	6	2017-04-17 00:00:00.000	2017-04-17 16:05:30.360
8154	1S9547	3391	\N	2	\N	6	2017-04-17 00:00:00.000	2021-05-04 17:46:39.887
8155	1S9669	3393	\N	6	\N	6	2017-04-18 00:00:00.000	2017-04-18 08:50:59.283
8156	1L9192	3408	\N	6	\N	6	2017-04-18 00:00:00.000	2017-04-18 09:13:50.120
8157	1N9103	3424	\N	6	\N	6	2017-04-18 00:00:00.000	2017-04-18 09:27:49.043
8158	1N9165	3428	\N	6	\N	6	2017-04-18 00:00:00.000	2017-04-18 09:48:07.717
8159	1S9655	3435	\N	6	\N	6	2017-04-18 00:00:00.000	2017-04-18 10:35:45.097
8160	1P9353	3448	\N	6	\N	6	2017-04-18 00:00:00.000	2017-04-18 11:11:59.053
8161	1P9361	3456	\N	6	\N	6	2017-04-18 00:00:00.000	2017-04-18 11:20:34.480
8162	1P9244	3458	\N	6	\N	6	2017-04-18 00:00:00.000	2017-04-18 11:29:15.347
8163	1L9235	3465	\N	6	\N	6	2017-04-18 00:00:00.000	2017-04-18 11:40:51.483
8164	1Z9040	3472	\N	6	\N	6	2017-04-18 00:00:00.000	2017-04-18 13:20:54.217
8165	4Z4	3493	\N	6	\N	6	2017-04-18 00:00:00.000	2017-04-18 13:36:53.790
8166	1C9662	1287	\N	6	\N	6	2017-04-18 00:00:00.000	2017-04-18 13:55:56.663
8167	MDE	3498	\N	1	\N	36	2017-04-18 00:00:00.000	2017-04-18 14:49:06.700
8168	1K9174	3501	\N	6	\N	6	2017-04-18 00:00:00.000	2017-04-18 15:00:33.583
8169	1K9148	3509	\N	6	\N	6	2017-04-19 00:00:00.000	2017-04-19 08:08:39.227
8170	2L9100	3510	\N	6	\N	1	2017-04-19 00:00:00.000	2017-04-19 08:43:00.133
8171	4XX	3514	\N	6	\N	6	2017-04-19 00:00:00.000	2017-04-19 08:52:28.283
8172	1C9691	3530	\N	6	\N	6	2017-04-19 00:00:00.000	2017-04-19 09:02:47.030
8173	1Z9064	3538	\N	6	\N	6	2017-04-19 00:00:00.000	2017-04-19 11:40:11.003
8174	1Z9065	3544	\N	6	\N	6	2017-04-19 00:00:00.000	2017-04-19 11:55:03.093
8175	4R2	3553	\N	6	\N	6	2017-04-19 00:00:00.000	2017-04-19 12:05:42.990
8176	1L9212	3562	\N	6	\N	6	2017-04-19 00:00:00.000	2017-04-19 13:22:15.013
8177	1L9226	3563	\N	6	\N	6	2017-04-19 00:00:00.000	2017-04-19 13:22:54.777
8178	1L9228	3567	\N	6	\N	6	2017-04-19 00:00:00.000	2017-04-19 14:51:03.577
8180	5RE	3583	\N	6	\N	6	2017-04-19 00:00:00.000	2022-03-18 14:31:01.747
8181	7GZ	1028	\N	10	\N	6	2017-04-20 00:00:00.000	2017-04-20 12:48:43.307
8182	1M9642	16439	\N	6	\N	6	2017-04-20 00:00:00.000	2017-04-20 14:09:30.123
8183	1R9214	3584	\N	10	\N	6	2017-04-24 00:00:00.000	2017-04-24 09:38:52.850
8184	1S9625	3600	\N	6	\N	6	2017-04-24 00:00:00.000	2017-04-24 09:50:21.233
8185	1S9682	3603	\N	6	\N	6	2017-04-24 00:00:00.000	2017-04-24 11:14:00.197
8186	1J9201	3617	\N	6	\N	6	2017-04-24 00:00:00.000	2017-04-24 11:23:49.003
8187	1L9154	16443	\N	6	\N	6	2017-04-24 00:00:00.000	2017-04-24 12:17:57.757
8188	1T9474	3630	\N	6	\N	6	2017-04-24 00:00:00.000	2017-04-24 12:27:57.033
8189	1J9132	3637	\N	6	\N	6	2017-04-24 00:00:00.000	2017-04-24 13:28:30.933
8190	1J9215	3649	\N	6	\N	6	2017-04-24 00:00:00.000	2017-04-24 13:36:04.770
8191	1K9170	3662	\N	6	\N	6	2017-04-24 00:00:00.000	2017-04-24 14:04:18.573
8192	1K9137	3667	\N	6	\N	6	2017-04-24 00:00:00.000	2017-04-24 14:33:02.313
8193	1L9234	3717	\N	7	\N	6	2017-04-24 00:00:00.000	2017-04-24 14:47:02.517
8194	1D9684	15954	\N	6	\N	6	2017-04-25 00:00:00.000	2017-04-25 13:31:12.257
8195	1N9150	3732	\N	6	\N	6	2017-04-25 00:00:00.000	2017-04-25 15:39:14.677
8196	1Z9062	3744	\N	6	\N	6	2017-04-25 00:00:00.000	2017-04-25 15:54:25.000
8197	1M9477	3751	\N	6	\N	6	2017-04-25 00:00:00.000	2017-04-25 16:28:21.727
8198	1S9575	3759	\N	6	\N	6	2017-04-25 00:00:00.000	2017-04-25 16:50:28.850
8199	4HR	3767	\N	2	\N	6	2017-04-25 00:00:00.000	2017-04-25 17:06:00.110
8200	1R9287	3777	\N	6	\N	6	2017-04-26 00:00:00.000	2017-04-26 09:33:42.947
8201	1R9344	3784	\N	6	\N	6	2017-04-26 00:00:00.000	2017-04-26 09:55:13.863
8202	1R9334	3787	\N	6	\N	6	2017-04-26 00:00:00.000	2017-04-26 10:04:01.440
8204	1K9368	16069	\N	6	\N	6	2017-04-26 00:00:00.000	2017-04-26 10:59:43.777
8205	1M9385	3809	\N	6	\N	6	2017-04-26 00:00:00.000	2017-04-26 11:05:33.110
8206	5A5	3810	\N	6	\N	6	2017-04-26 00:00:00.000	2017-04-26 11:21:16.833
8207	1M9099	3817	\N	6	\N	6	2017-04-26 00:00:00.000	2017-04-26 11:28:49.170
8208	1K9141	3821	\N	6	\N	6	2017-04-26 00:00:00.000	2017-04-26 12:08:43.930
8209	1N9143	3839	\N	6	\N	6	2017-04-26 00:00:00.000	2017-04-26 13:40:04.610
8210	1M9390	3844	\N	6	\N	6	2017-04-26 00:00:00.000	2017-04-26 15:23:13.407
8211	1S9613	3863	\N	6	\N	6	2017-04-26 00:00:00.000	2017-04-26 15:46:26.863
8212	1R9343	3870	\N	6	\N	6	2017-04-26 00:00:00.000	2017-04-26 16:16:19.447
8213	1R9330	3873	\N	6	\N	6	2017-04-26 00:00:00.000	2017-04-26 17:00:11.547
8214	1VU	3878	\N	6	\N	6	2017-04-26 00:00:00.000	2017-04-26 17:55:21.357
8215	1R9308	3878	\N	6	\N	6	2017-04-26 00:00:00.000	2017-04-26 17:59:33.127
8216	2RA	3885	\N	6	\N	1	2017-04-26 00:00:00.000	2017-04-26 18:06:01.083
8217	1R9248	3892	\N	6	\N	6	2017-04-27 00:00:00.000	2017-04-27 09:13:04.910
8218	1P9330	3907	\N	6	\N	6	2017-04-27 00:00:00.000	2017-04-27 09:50:40.130
8219	1R9191	3916	\N	6	\N	6	2017-04-27 00:00:00.000	2017-04-27 10:09:34.267
8220	1J9460	16257	\N	6	\N	6	2017-04-27 00:00:00.000	2017-04-27 13:05:46.920
8221	1C9567	3948	\N	6	\N	6	2017-04-27 00:00:00.000	2017-04-27 14:39:00.667
8222	1P9514	16452	\N	6	\N	6	2017-04-27 00:00:00.000	2017-04-27 14:18:32.650
8223	1E9232	3961	\N	6	\N	6	2017-04-27 00:00:00.000	2017-04-27 15:36:59.193
8224	4ZM	3966	\N	1	\N	6	2017-04-27 00:00:00.000	2017-04-27 15:46:33.197
8225	1R9339	3974	\N	6	\N	6	2017-04-27 00:00:00.000	2017-04-27 15:57:16.603
8226	1R9266	3978	\N	6	\N	6	2017-04-27 00:00:00.000	2017-04-27 16:05:44.493
8227	1R9335	3980	\N	6	\N	6	2017-04-27 00:00:00.000	2017-04-27 16:38:09.333
8228	1J9200	3999	\N	6	\N	6	2017-04-27 00:00:00.000	2017-04-27 16:51:15.560
8229	410	4018	\N	6	\N	6	2017-04-27 00:00:00.000	2017-04-27 17:29:32.507
8230	1C9671	4019	\N	6	\N	6	2017-04-27 00:00:00.000	2017-04-27 17:31:04.173
8231	1C9539	4024	\N	3	\N	6	2017-04-27 00:00:00.000	2017-04-28 09:05:26.257
8232	1C9714	4032	\N	6	\N	6	2017-04-27 00:00:00.000	2017-04-27 17:34:54.600
8233	2M9131	4063	\N	6	\N	1	2017-04-27 00:00:00.000	2017-04-27 17:36:34.660
8234	1L9216	4072	\N	6	\N	6	2017-04-27 00:00:00.000	2017-04-27 17:38:53.640
8235	4S9428	16221	\N	6	\N	6	2017-04-28 00:00:00.000	2017-04-28 10:41:14.150
8236	7FU	16249	\N	6	\N	6	2017-04-28 00:00:00.000	2017-04-28 11:27:17.633
8237	1C9593	4081	\N	6	\N	6	2017-04-28 00:00:00.000	2017-04-28 12:02:30.203
8238	1K9103	4105	\N	6	\N	6	2017-04-28 00:00:00.000	2017-04-28 12:17:43.397
8239	1K9173	4110	\N	6	\N	6	2017-04-28 00:00:00.000	2017-04-28 12:23:09.297
8240	53F	7521	\N	6	\N	6	2017-04-28 00:00:00.000	2017-04-28 13:41:14.797
8241	1R9355	4142	\N	6	\N	6	2017-04-28 00:00:00.000	2017-04-28 13:54:23.160
8242	1T9525	4150	\N	6	\N	6	2017-04-28 00:00:00.000	2017-04-28 13:58:52.433
8243	1L9157	4169	\N	6	\N	6	2017-04-28 00:00:00.000	2017-04-28 14:05:20.857
8244	1M9418	4179	\N	6	\N	6	2017-04-28 00:00:00.000	2017-04-28 14:29:13.907
8245	1J9123	4227	\N	2	\N	6	2017-04-28 00:00:00.000	2017-04-28 15:48:49.607
8246	1J9188	4231	\N	6	\N	6	2017-04-28 00:00:00.000	2017-04-28 16:06:05.527
8247	1H9325	4254	\N	6	\N	6	2017-05-02 00:00:00.000	2017-05-02 16:05:07.953
8248	1H9251	4261	\N	6	\N	6	2017-05-02 00:00:00.000	2017-05-02 16:12:17.530
8249	1P9333	4310	\N	6	\N	6	2017-05-02 00:00:00.000	2017-05-02 16:22:40.033
8250	1PN	4312	\N	6	\N	6	2017-05-02 00:00:00.000	2017-07-05 09:45:42.730
8251	1Z9097	4328	\N	6	\N	6	2017-05-02 00:00:00.000	2017-05-02 17:15:57.337
8252	1L9224	2696	\N	6	\N	6	2017-05-03 00:00:00.000	2017-05-03 10:09:48.640
8253	1M9482	4197	\N	6	\N	6	2017-05-03 00:00:00.000	2017-05-03 12:01:38.507
8254	LVY	16477	\N	2	\N	8	2017-05-04 00:00:00.000	2017-05-04 14:05:45.980
8255	3VV	16478	\N	7	\N	12	2017-05-04 00:00:00.000	2017-05-04 16:22:01.047
8256	1M9701	8761	\N	6	\N	6	2017-05-04 00:00:00.000	2017-05-04 17:53:29.870
8257	1B9731	16448	\N	6	\N	6	2017-05-05 00:00:00.000	2017-05-05 13:32:37.820
8258	1C9958	8591	\N	1	\N	6	2017-05-05 00:00:00.000	2017-05-05 13:46:29.397
8259	1P9517	8593	\N	6	\N	6	2017-05-05 00:00:00.000	2017-05-05 14:17:48.870
8260	1S9921	8630	\N	6	\N	6	2017-05-05 00:00:00.000	2017-05-05 14:26:16.590
8261	ZJT	22744	\N	1	\N	9	2017-05-05 00:00:00.000	2023-09-20 14:11:33.737
8262	1A9662	8589	\N	6	\N	6	2017-05-05 00:00:00.000	2017-05-05 15:35:09.317
8263	4A9045	16037	\N	6	\N	6	2017-05-05 00:00:00.000	2017-05-05 15:41:02.610
8264	1U9096	11363	\N	1	\N	6	2017-05-05 00:00:00.000	2017-05-05 15:53:47.153
8265	4T9255	16128	\N	6	\N	6	2017-05-05 00:00:00.000	2017-05-05 16:10:15.057
8266	1R9519	11272	\N	6	\N	6	2017-05-05 00:00:00.000	2017-05-05 16:11:50.373
8267	1T9815	8585	\N	1	\N	6	2017-05-05 00:00:00.000	2017-05-05 17:23:33.437
8268	1B9714	10185	\N	9	\N	6	2017-05-05 00:00:00.000	2017-05-05 18:14:27.423
8269	1R9513	8628	\N	6	\N	6	2017-05-08 00:00:00.000	2017-05-08 09:38:08.477
8270	7F5	16157	\N	6	\N	6	2017-05-08 00:00:00.000	2017-05-08 09:38:11.177
8271	1K9373	16122	\N	6	\N	6	2017-05-08 00:00:00.000	2017-05-08 10:23:32.257
8272	1K9372	16167	\N	6	\N	6	2017-05-08 00:00:00.000	2017-10-25 09:03:48.707
8273	1C9655	3073	\N	1	\N	6	2017-05-08 00:00:00.000	2017-05-08 11:13:22.593
8274	1K9244	8603	\N	6	\N	6	2017-05-08 00:00:00.000	2017-05-08 11:38:07.810
8275	1S9909	9062	\N	6	\N	6	2017-05-08 00:00:00.000	2017-05-08 11:52:55.593
8276	1F9263	8594	\N	6	\N	6	2017-05-08 00:00:00.000	2017-05-08 11:59:12.177
8277	1G9340	8769	\N	1	\N	6	2017-05-08 00:00:00.000	2017-05-08 12:07:02.097
8278	5R8	10758	\N	6	\N	6	2017-05-08 00:00:00.000	2018-01-04 11:13:45.363
8279	1J9461	16205	\N	6	\N	6	2017-05-08 00:00:00.000	2017-05-08 17:11:48.810
8280	1J9313	11365	\N	1	\N	6	2017-05-08 00:00:00.000	2017-05-08 18:03:16.583
8281	1H9709	16203	\N	6	\N	6	2017-05-09 00:00:00.000	2017-05-09 10:32:13.707
8282	1R9834	16200	\N	5	\N	6	2017-05-09 00:00:00.000	2017-05-09 10:52:26.360
8283	1A9657	11094	\N	6	\N	6	2017-05-09 00:00:00.000	2017-05-09 14:05:53.170
8284	RFZ	11270	\N	1	\N	4	2017-05-09 00:00:00.000	2017-05-09 14:40:01.080
8285	4C9112	11380	\N	6	\N	6	2017-05-09 00:00:00.000	2017-05-09 15:13:33.840
8286	1F9655	11266	\N	6	\N	6	2017-05-09 00:00:00.000	2017-05-09 15:30:37.670
8287	1H9455	8845	\N	2	\N	6	2017-05-09 00:00:00.000	2017-05-09 15:37:57.000
8288	1S9912	11734	\N	6	\N	6	2017-05-09 00:00:00.000	2017-05-09 15:56:37.813
8290	2K9072	16212	\N	6	\N	6	2017-05-09 00:00:00.000	2017-05-09 16:32:52.597
8291	1W9595	16068	\N	6	\N	6	2017-05-10 00:00:00.000	2017-05-10 10:02:04.917
8292	5RV	8916	\N	6	\N	6	2017-05-10 00:00:00.000	2017-05-10 10:50:04.713
8293	1N9371	16239	\N	6	\N	6	2017-05-10 00:00:00.000	2017-05-10 11:25:19.860
8294	1E9594	16248	\N	6	\N	6	2017-05-10 00:00:00.000	2017-05-10 11:40:20.167
8295	4M9050	16251	\N	6	\N	6	2017-05-10 00:00:00.000	2017-05-10 11:53:51.870
8296	1W9567	13957	\N	6	\N	6	2017-05-10 00:00:00.000	2017-05-10 12:16:41.503
8297	4B9143	16253	\N	6	\N	6	2017-05-10 00:00:00.000	2017-05-10 12:47:13.697
8298	4S9024	1438	\N	6	\N	6	2017-05-10 00:00:00.000	2017-05-10 14:01:09.377
8299	1F9025	16267	\N	6	\N	6	2017-05-10 00:00:00.000	2017-05-10 14:21:26.537
8300	1M9691	15070	\N	6	\N	6	2017-05-10 00:00:00.000	2017-05-10 14:50:09.170
8301	1W9597	16250	\N	6	\N	6	2017-05-10 00:00:00.000	2017-05-10 15:10:12.480
8302	L4M	16214	\N	9	\N	8	2017-05-10 00:00:00.000	2017-05-10 15:38:56.127
8303	1D9277	16268	\N	6	\N	6	2017-05-10 00:00:00.000	2017-05-10 16:21:43.377
8304	1R9836	15972	\N	9	\N	6	2017-05-10 00:00:00.000	2017-05-10 16:48:12.923
8305	1S9910	11065	\N	6	\N	6	2017-05-12 00:00:00.000	2017-05-12 09:21:58.057
8306	5DA	3714	\N	9	\N	6	2017-05-12 00:00:00.000	2017-05-12 09:32:25.847
8307	1P9509	11260	\N	6	\N	6	2017-05-12 00:00:00.000	2017-05-12 10:57:59.050
8308	1N9231	11261	\N	6	\N	6	2017-05-12 00:00:00.000	2017-05-12 11:05:11.517
8309	1R9507	11304	\N	6	\N	6	2017-05-12 00:00:00.000	2017-05-12 11:15:09.747
8310	1R9516	11106	\N	6	\N	6	2017-05-12 00:00:00.000	2017-05-12 11:28:31.493
8311	1D9413	5390	\N	6	\N	6	2017-05-12 00:00:00.000	2017-05-12 11:37:43.330
8312	1F9171	9233	\N	6	\N	6	2017-05-12 00:00:00.000	2017-05-12 11:48:39.637
8313	1T9814	11063	\N	6	\N	6	2017-05-12 00:00:00.000	2017-05-12 12:13:34.307
8314	UC5	2548	\N	1	\N	26	2017-05-12 00:00:00.000	2017-05-12 12:20:08.987
8315	L4B	8764	\N	1	\N	6	2017-05-12 00:00:00.000	2017-05-12 13:38:13.583
8316	1M9699	11098	\N	1	\N	6	2017-05-12 00:00:00.000	2017-05-12 13:48:13.763
8317	1D9528	11791	\N	6	\N	6	2017-05-12 00:00:00.000	2017-05-12 14:13:36.077
8318	1J9302	11507	\N	6	\N	6	2017-05-12 00:00:00.000	2017-05-12 14:52:13.007
8319	1S9917	11090	\N	6	\N	6	2017-05-12 00:00:00.000	2017-05-12 15:15:49.943
8320	1E9349	11089	\N	1	\N	6	2017-05-12 00:00:00.000	2017-05-12 15:34:14.283
8321	1Z9235	16514	\N	1	\N	6	2017-05-12 00:00:00.000	2017-05-12 15:47:24.923
8322	1W9387	11086	\N	6	\N	6	2017-05-12 00:00:00.000	2017-05-12 16:29:05.953
8323	1U9094	11085	\N	6	\N	6	2017-05-12 00:00:00.000	2017-05-12 16:41:49.323
8324	1C9942	11741	\N	6	\N	6	2017-05-12 00:00:00.000	2017-05-12 17:01:03.633
8325	1P9PMM	11740	\N	6	\N	6	2017-05-16 00:00:00.000	2017-05-16 09:27:23.983
8326	1R9518	11269	\N	1	\N	6	2017-05-16 00:00:00.000	2017-05-16 09:38:06.813
8327	1G9339	10906	\N	6	\N	6	2017-05-16 00:00:00.000	2017-05-16 09:53:13.643
8328	1P9507	10923	\N	6	\N	6	2017-05-16 00:00:00.000	2017-05-16 10:05:35.207
8329	1N9078	11736	\N	6	\N	6	2017-05-16 00:00:00.000	2017-05-16 10:14:25.700
8330	1T9810	10900	\N	1	\N	6	2017-05-16 00:00:00.000	2017-05-16 10:24:28.203
8331	1C9932	10193	\N	6	\N	6	2017-05-16 00:00:00.000	2017-05-16 10:39:33.287
8332	1B9711	16297	\N	6	\N	6	2017-05-16 00:00:00.000	2017-05-16 11:14:05.423
8333	1S9914	11264	\N	6	\N	6	2017-05-16 00:00:00.000	2017-05-16 11:24:09.097
8334	2P9096	16002	\N	6	\N	1	2017-05-16 00:00:00.000	2017-05-16 11:39:03.103
8335	1T9811	16520	\N	1	\N	6	2017-05-16 00:00:00.000	2017-05-16 11:55:37.107
8336	4PB	16272	\N	6	\N	6	2017-05-16 00:00:00.000	2017-05-16 12:01:41.960
8337	1V9131	10199	\N	1	\N	6	2017-05-16 00:00:00.000	2017-05-16 12:29:09.137
8338	1F9260	10904	\N	6	\N	6	2017-05-16 00:00:00.000	2017-05-16 12:37:50.440
8339	4T9260	16264	\N	6	\N	6	2017-05-16 00:00:00.000	2017-05-16 12:45:59.767
8340	1B9726	11062	\N	6	\N	6	2017-05-16 00:00:00.000	2017-05-16 13:35:52.413
8341	1A9658	11068	\N	6	\N	6	2017-05-16 00:00:00.000	2017-05-16 13:43:39.587
8342	1C9917	16475	\N	6	\N	6	2017-05-16 00:00:00.000	2017-05-16 13:50:59.650
8343	46U	16231	\N	6	\N	6	2017-05-16 00:00:00.000	2019-04-16 15:31:06.557
8344	1J9464	16277	\N	6	\N	6	2017-05-16 00:00:00.000	2017-05-16 14:20:56.897
8345	1Z9536	16314	\N	6	\N	6	2017-05-16 00:00:00.000	2017-05-16 15:14:25.933
8346	4B9146	16315	\N	2	\N	6	2017-05-16 00:00:00.000	2017-05-16 15:58:14.317
8347	5V8	16522	\N	6	\N	6	2017-05-16 00:00:00.000	2017-05-16 16:10:05.757
8348	1K9HBW	11277	\N	6	\N	6	2017-05-16 00:00:00.000	2017-05-16 17:11:23.603
8349	1Z9537	13782	\N	6	\N	6	2017-05-16 00:00:00.000	2017-05-16 17:15:01.990
8350	1T9813	8625	\N	6	\N	6	2017-05-16 00:00:00.000	2017-05-16 17:22:01.100
8351	1C9918	11097	\N	6	\N	6	2017-05-16 00:00:00.000	2017-05-16 17:33:17.250
8352	1A9AKL	11274	\N	6	\N	6	2017-05-16 00:00:00.000	2017-05-16 17:46:05.070
8353	1C9908	20627	\N	1	\N	6	2017-05-18 00:00:00.000	2021-04-26 13:35:30.340
8354	1A9659	11743	\N	6	\N	6	2017-05-17 00:00:00.000	2017-05-17 08:58:56.283
8355	4C9335	16318	\N	9	\N	6	2017-05-17 00:00:00.000	2017-05-17 09:06:19.823
8356	4A9048	16039	\N	6	\N	6	2017-05-17 00:00:00.000	2017-05-17 09:23:57.020
8357	5MV	11630	\N	6	\N	6	2017-05-17 00:00:00.000	2017-05-17 09:44:48.627
8358	1A9654	11083	\N	6	\N	6	2017-05-17 00:00:00.000	2017-05-17 09:49:31.267
8359	1U9093	16473	\N	1	\N	6	2017-05-17 00:00:00.000	2017-05-17 09:54:57.247
8360	7GU	16324	\N	6	\N	6	2017-05-17 00:00:00.000	2017-05-17 10:30:19.130
8361	LMF	9042	\N	1	\N	8	2017-05-17 00:00:00.000	2017-05-17 10:49:37.777
8362	4A9050	16325	\N	9	\N	6	2017-05-17 00:00:00.000	2023-04-28 12:56:46.443
8363	129001	8806	\N	6	\N	6	2017-05-17 00:00:00.000	2017-05-17 11:51:09.443
8364	1B9747	8790	\N	6	\N	6	2017-05-17 00:00:00.000	2017-05-17 12:00:22.183
8365	1L9358	8763	\N	1	\N	6	2017-05-17 00:00:00.000	2017-05-17 12:09:43.503
8366	1H9665	16326	\N	6	\N	6	2017-05-17 00:00:00.000	2017-05-17 12:23:24.220
8367	1G9341	8804	\N	1	\N	6	2017-05-17 00:00:00.000	2017-05-17 13:29:14.163
8368	1A9958	15866	\N	3	2	6	2017-05-17 00:00:00.000	2017-05-17 13:36:40.933
8369	1C9812	8805	\N	6	\N	6	2017-05-17 00:00:00.000	2017-05-17 13:42:45.740
8370	4M9051	16227	\N	6	\N	6	2017-05-17 00:00:00.000	2017-05-17 14:18:53.550
8371	1R9493	8822	\N	6	\N	6	2017-05-17 00:00:00.000	2017-05-17 14:39:39.197
8372	4C9402	16330	\N	6	\N	6	2017-05-17 00:00:00.000	2017-05-17 14:44:25.550
8373	1T9830	9052	\N	1	\N	6	2017-05-17 00:00:00.000	2017-05-17 16:10:56.587
8374	1A9663	8803	\N	6	\N	6	2017-05-17 00:00:00.000	2017-05-17 15:36:29.050
8375	1E9354	9037	\N	1	\N	6	2017-05-17 00:00:00.000	2017-05-17 16:01:16.937
8376	1G9343	9005	\N	6	\N	6	2017-05-17 00:00:00.000	2017-05-17 16:10:08.007
8377	4T9244	16331	\N	6	\N	6	2017-05-17 00:00:00.000	2017-05-17 16:17:49.907
8378	1R9522	9621	\N	6	\N	6	2017-05-17 00:00:00.000	2017-05-17 17:05:26.833
8380	5VX	4264	\N	1	\N	6	2017-05-18 00:00:00.000	2017-05-18 09:16:16.883
8381	LLM	8799	\N	1	\N	8	2017-05-18 00:00:00.000	2017-05-18 09:40:04.367
8382	1H9463	9049	\N	6	\N	6	2017-05-18 00:00:00.000	2017-05-18 09:47:04.770
8383	1D9530	9876	\N	1	\N	6	2017-05-18 00:00:00.000	2017-05-18 09:59:28.487
8384	1J9336	16328	\N	9	\N	6	2017-05-18 00:00:00.000	2021-02-23 17:54:46.553
8385	1N9236	3304	\N	6	\N	6	2017-05-18 00:00:00.000	2017-05-18 11:10:41.943
8386	1T9827	9046	\N	6	\N	6	2017-05-18 00:00:00.000	2017-05-18 11:21:10.373
8387	1A9672	9045	\N	1	\N	6	2017-05-18 00:00:00.000	2017-05-18 11:32:23.623
8388	4C9462	16327	\N	6	\N	6	2017-05-18 00:00:00.000	2017-05-18 11:42:51.383
8389	1B9725	16476	\N	6	\N	6	2017-05-18 00:00:00.000	2017-05-18 11:47:07.723
8390	1L9357	9035	\N	6	\N	6	2017-05-18 00:00:00.000	2017-05-18 11:54:46.973
8391	4A9053	16342	\N	6	\N	6	2017-05-18 00:00:00.000	2017-05-18 11:57:59.790
8392	1A9673	8812	\N	6	\N	6	2017-05-18 00:00:00.000	2017-05-18 12:14:38.830
8393	4B9141	16337	\N	6	\N	6	2017-05-18 00:00:00.000	2017-05-18 12:41:53.807
8394	1Z9538	16345	\N	6	\N	6	2017-05-18 00:00:00.000	2017-05-18 13:05:01.460
8395	1B9741	10463	\N	1	\N	6	2017-05-18 00:00:00.000	2017-05-18 13:22:49.890
8396	1W9401	9038	\N	1	\N	6	2017-05-18 00:00:00.000	2017-05-18 13:38:28.107
8397	2H9071	16219	\N	6	\N	6	2017-05-18 00:00:00.000	2017-05-18 13:47:48.117
8398	1T9833	13760	\N	6	\N	6	2017-05-18 00:00:00.000	2017-05-18 13:54:48.977
8399	1L9567	16349	\N	6	\N	6	2017-05-18 00:00:00.000	2017-05-18 14:25:57.703
8400	1D9534	9872	\N	6	\N	6	2017-05-18 00:00:00.000	2017-05-18 14:36:12.657
8401	1W9397	8800	\N	6	\N	6	2017-05-18 00:00:00.000	2017-05-18 14:43:06.087
8402	4B9148	16351	\N	6	\N	6	2017-05-18 00:00:00.000	2017-05-18 15:14:56.937
8403	1P9784	16346	\N	6	\N	6	2017-05-18 00:00:00.000	2017-05-18 16:11:23.967
8404	1R9523	8836	\N	1	\N	6	2017-05-18 00:00:00.000	2017-05-18 16:56:42.927
8405	1M9712	8835	\N	6	\N	6	2017-05-18 00:00:00.000	2017-05-18 17:07:34.587
8406	1F9822	8834	\N	6	\N	6	2017-05-18 00:00:00.000	2017-05-18 17:13:41.530
8407	1M9700	8833	\N	6	\N	6	2017-05-18 00:00:00.000	2017-05-18 17:35:33.930
8408	1J9321	8831	\N	6	\N	6	2017-05-18 00:00:00.000	2017-05-18 17:40:48.050
8409	1M9031	5112	\N	6	\N	6	2017-05-19 00:00:00.000	2021-05-12 16:39:42.127
8410	1L9565	16357	\N	6	\N	6	2017-05-19 00:00:00.000	2017-05-19 09:41:49.293
8411	4T9227	15569	\N	6	\N	6	2017-05-19 00:00:00.000	2017-05-19 09:56:27.543
8412	1M9716	8828	\N	6	\N	6	2017-05-19 00:00:00.000	2017-05-19 10:08:38.123
8413	1M9708	8827	\N	6	\N	6	2017-05-19 00:00:00.000	2017-05-19 10:23:27.623
8414	1M9710	9020	\N	1	\N	6	2017-05-19 00:00:00.000	2017-05-19 10:33:07.943
8415	1G9537	16355	\N	6	\N	6	2017-05-19 00:00:00.000	2017-05-19 10:38:19.633
8416	1R9521	8605	\N	6	\N	6	2017-05-19 00:00:00.000	2017-05-19 10:43:40.430
8417	1B9754	8817	\N	6	\N	6	2017-05-19 00:00:00.000	2017-05-19 11:39:11.410
8418	1A9683	8815	\N	6	\N	6	2017-05-19 00:00:00.000	2017-05-19 11:48:12.577
8419	1H9712	16326	\N	9	\N	6	2017-05-19 00:00:00.000	2017-05-19 11:55:35.697
8420	1A9674	8814	\N	1	\N	6	2017-05-19 00:00:00.000	2017-05-19 11:56:15.537
8421	5P3	8619	\N	1	\N	6	2017-05-19 00:00:00.000	2017-05-19 12:07:39.740
8422	4M9052	16388	\N	6	\N	6	2017-05-19 00:00:00.000	2017-05-19 12:19:13.130
8423	4T9262	16391	\N	6	\N	6	2017-05-19 00:00:00.000	2017-05-19 13:13:47.373
8424	1T9823	11276	\N	6	\N	6	2017-05-19 00:00:00.000	2017-05-19 13:27:06.967
8425	1F9480	16312	\N	6	\N	6	2017-05-19 00:00:00.000	2017-05-19 13:32:34.287
8426	1H9464	8601	\N	1	\N	6	2017-05-19 00:00:00.000	2017-05-19 13:38:17.660
8427	1M9704	8811	\N	1	\N	6	2017-05-19 00:00:00.000	2017-05-19 13:57:26.057
8428	1W9396	8617	\N	1	\N	6	2017-05-19 00:00:00.000	2017-05-19 14:43:42.347
8429	1T9834	9017	\N	1	\N	6	2017-05-19 00:00:00.000	2017-05-19 15:00:57.080
8430	1T9807	9016	\N	6	\N	6	2017-05-19 00:00:00.000	2017-05-19 15:11:04.763
8431	1D9794	16350	\N	6	\N	6	2017-05-19 00:00:00.000	2022-01-03 12:07:55.577
8432	7GT	16392	\N	6	\N	6	2017-05-19 00:00:00.000	2017-05-19 15:27:36.083
8433	1C9967	9014	\N	6	\N	6	2017-05-19 00:00:00.000	2017-05-19 15:29:50.227
8434	1G9538	16393	\N	6	\N	6	2017-05-19 00:00:00.000	2017-05-19 15:44:27.557
8435	1T9734	9013	\N	1	\N	6	2017-05-19 00:00:00.000	2017-05-19 15:46:39.407
8436	5RC	9011	\N	6	\N	6	2017-05-19 00:00:00.000	2017-05-19 15:55:33.710
8437	1W9294	11482	\N	6	\N	6	2017-05-19 00:00:00.000	2017-05-19 15:56:38.823
8438	1B9749	9010	\N	6	\N	6	2017-05-19 00:00:00.000	2017-05-19 16:06:41.063
8439	1R9452	10583	\N	6	\N	6	2017-05-19 00:00:00.000	2017-05-19 16:24:43.347
8440	1L9360	9007	\N	6	\N	6	2017-05-19 00:00:00.000	2017-05-19 17:09:42.260
8441	1S9930	9004	\N	1	\N	6	2017-05-19 00:00:00.000	2017-05-19 17:15:40.437
8442	1V9139	9003	\N	1	\N	6	2017-05-22 00:00:00.000	2017-05-22 08:50:02.123
8443	1A9675	8838	\N	6	\N	6	2017-05-22 00:00:00.000	2017-05-22 09:31:23.247
8444	1V9138	8802	\N	6	\N	6	2017-05-22 00:00:00.000	2017-05-22 09:39:38.750
8445	1C9968	8801	\N	1	\N	6	2017-05-22 00:00:00.000	2017-05-22 09:56:14.233
8446	1V9209	16398	\N	6	\N	6	2017-05-22 00:00:00.000	2017-05-22 10:21:04.240
8447	1B9744	8602	\N	6	\N	6	2017-05-22 00:00:00.000	2017-05-22 10:38:40.470
8448	1C9962	8614	\N	6	\N	6	2017-05-22 00:00:00.000	2017-05-22 10:55:40.883
8449	1C9955	8613	\N	6	\N	6	2017-05-22 00:00:00.000	2017-05-22 11:03:51.130
8450	1C9956	16481	\N	6	\N	6	2017-05-22 00:00:00.000	2017-05-22 11:14:48.327
8451	2M9193	16360	\N	6	\N	1	2017-05-22 00:00:00.000	2017-05-22 11:20:00.767
8452	5LA	10586	\N	6	\N	6	2017-05-22 00:00:00.000	2017-05-22 11:22:31.243
8453	1N9GPM	8823	\N	6	\N	6	2017-05-22 00:00:00.000	2017-05-22 11:28:30.823
8454	1P9526	8819	\N	1	\N	6	2017-05-22 00:00:00.000	2017-05-22 11:34:52.510
8455	1E9605	16408	\N	6	\N	6	2017-05-22 00:00:00.000	2017-05-22 11:37:54.983
8456	869001	16480	\N	6	\N	98	2017-05-22 00:00:00.000	2017-05-22 11:45:25.373
8457	1M9706	16479	\N	6	\N	6	2017-05-22 00:00:00.000	2017-05-22 11:56:40.557
8458	1A9665	8624	\N	6	\N	6	2017-05-22 00:00:00.000	2017-05-22 12:00:04.230
8459	1S9926	8623	\N	6	\N	6	2017-05-22 00:00:00.000	2017-05-22 12:08:04.400
8460	1E9600	16409	\N	6	\N	6	2017-05-22 00:00:00.000	2017-05-22 12:10:27.890
8461	1C9960	8622	\N	1	\N	6	2017-05-22 00:00:00.000	2017-05-22 13:29:37.910
8462	1T9828	9871	\N	6	\N	6	2017-05-22 00:00:00.000	2017-05-22 13:46:23.847
8463	1K9249	9870	\N	1	\N	6	2017-05-22 00:00:00.000	2017-05-22 13:56:47.240
8464	1B9740	8765	\N	6	\N	6	2017-05-22 00:00:00.000	2017-05-22 14:18:49.637
8465	1J9296	1854	\N	6	\N	6	2017-05-22 00:00:00.000	2017-05-22 14:59:01.933
8466	11U	5967	\N	6	\N	6	2017-05-22 00:00:00.000	2017-11-30 11:09:16.513
8467	1P9762	16410	\N	6	\N	6	2017-05-22 00:00:00.000	2017-05-22 15:11:04.713
8468	1E9392	16489	\N	1	\N	6	2017-05-22 00:00:00.000	2017-05-22 15:54:13.740
8469	1C9965	9053	\N	1	\N	6	2017-05-22 00:00:00.000	2017-05-22 16:10:41.690
8470	1A9642	5060	\N	6	\N	6	2017-05-22 00:00:00.000	2017-05-22 16:18:00.520
8471	7FE	16417	\N	6	\N	6	2017-05-22 00:00:00.000	2017-05-22 16:22:40.117
8472	5H2	13403	\N	6	\N	6	2017-05-22 00:00:00.000	2017-05-22 16:26:17.677
8473	1E9389	11142	\N	1	\N	6	2017-05-22 00:00:00.000	2017-05-22 16:33:30.063
8474	4T9093	16446	\N	6	\N	6	2017-05-22 00:00:00.000	2017-05-22 16:36:29.727
8475	1W9428	10455	\N	6	\N	6	2017-05-22 00:00:00.000	2017-05-22 16:40:31.013
8476	1J9300	4817	\N	6	\N	6	2017-05-22 00:00:00.000	2017-05-22 16:51:54.247
8477	1J9463	16444	\N	6	\N	6	2017-05-22 00:00:00.000	2017-05-22 16:52:25.823
8478	1A9638	2092	\N	6	\N	6	2017-05-23 00:00:00.000	2017-05-23 09:14:16.050
8479	1B9707	16490	\N	6	\N	6	2017-05-23 00:00:00.000	2017-05-23 09:40:15.927
8480	1A9619	4548	\N	6	\N	6	2017-05-23 00:00:00.000	2017-05-23 09:49:06.360
8481	5VG	16370	\N	6	\N	6	2017-05-23 00:00:00.000	2017-05-23 09:53:32.310
8482	1B9693	13157	\N	6	\N	6	2017-05-23 00:00:00.000	2017-05-23 09:58:45.120
8483	4T9258	16241	\N	6	\N	6	2017-05-23 00:00:00.000	2017-05-23 10:10:07.637
8484	1B9705	12576	\N	6	\N	6	2017-05-23 00:00:00.000	2017-05-23 10:25:46.977
8485	1B9694	5635	\N	6	\N	6	2017-05-23 00:00:00.000	2017-05-23 10:33:33.497
8486	1K9376	16436	\N	6	\N	6	2017-05-23 00:00:00.000	2017-05-23 10:33:39.940
8487	1C9921	2097	\N	1	\N	6	2017-05-23 00:00:00.000	2017-05-23 10:45:07.930
8488	1P9787	16434	\N	6	\N	6	2017-05-23 00:00:00.000	2017-05-23 10:58:01.397
8489	1C9929	1778	\N	6	\N	6	2017-05-23 00:00:00.000	2017-05-23 11:22:47.267
8490	1C9920	12589	\N	1	\N	6	2017-05-23 00:00:00.000	2017-05-23 11:46:26.840
8491	4M9055	16413	\N	6	\N	6	2017-05-23 00:00:00.000	2017-05-23 12:01:19.130
8492	RL9002	16089	\N	6	\N	38	2017-05-23 00:00:00.000	2017-05-23 12:10:56.033
8493	1C9912	12591	\N	6	\N	6	2017-05-23 00:00:00.000	2017-05-23 12:13:04.593
8494	1E9327	2718	\N	6	\N	6	2017-05-23 00:00:00.000	2017-05-23 12:19:38.353
8495	RL9001	16092	\N	6	\N	38	2017-05-23 00:00:00.000	2017-05-23 12:22:46.630
8496	1Z9467	16427	\N	6	\N	6	2017-05-23 00:00:00.000	2017-05-23 13:00:11.863
8497	4T9267	16420	\N	6	\N	6	2017-05-23 00:00:00.000	2017-05-23 13:25:21.090
8498	1F9273	5374	\N	6	\N	6	2017-05-23 00:00:00.000	2017-05-23 13:32:41.430
8499	3C9218	16523	\N	6	\N	12	2017-05-23 00:00:00.000	2017-05-23 13:35:24.420
8500	1F9269	4687	\N	1	\N	6	2017-05-23 00:00:00.000	2017-05-23 13:39:57.453
8501	1D9792	16389	\N	6	\N	6	2017-05-23 00:00:00.000	2017-05-23 13:41:22.440
8502	LN2	12900	\N	6	\N	6	2017-05-23 00:00:00.000	2017-05-23 13:48:33.050
8503	ZAS	4834	\N	7	\N	9	2017-05-23 00:00:00.000	2019-10-15 12:52:46.337
8504	1H9444	5168	\N	1	\N	6	2017-05-23 00:00:00.000	2017-05-23 13:58:52.290
8505	1H9445	12647	\N	6	\N	6	2017-05-23 00:00:00.000	2017-05-23 14:06:52.943
8506	1Z9220	4330	\N	6	\N	6	2017-05-23 00:00:00.000	2017-05-23 14:40:05.490
8507	1J9289	3647	\N	6	\N	6	2017-05-23 00:00:00.000	2017-05-23 14:55:04.940
8508	1J9295	3650	\N	6	\N	6	2017-05-23 00:00:00.000	2017-05-23 15:02:49.727
8509	1J9294	5785	\N	6	\N	6	2017-05-23 00:00:00.000	2017-05-23 15:11:57.770
8510	R1A	16100	\N	9	\N	8	2017-05-23 00:00:00.000	2017-05-23 15:19:50.920
8511	1K9234	3045	\N	6	\N	6	2017-05-23 00:00:00.000	2017-05-23 15:22:41.570
8512	1C9975	9875	\N	1	\N	6	2017-05-23 00:00:00.000	2017-05-23 15:37:08.727
8513	1L9320	4161	\N	1	\N	6	2017-05-23 00:00:00.000	2017-05-23 15:43:45.530
8514	1M9657	3300	\N	6	\N	6	2017-05-23 00:00:00.000	2017-05-23 16:21:31.480
8515	1M9655	8300	\N	6	\N	6	2017-05-23 00:00:00.000	2017-05-23 16:33:17.757
8516	1A9582	1967	\N	1	\N	6	2017-05-23 00:00:00.000	2017-05-23 16:42:55.567
8517	1T9806	9874	\N	1	\N	6	2017-05-23 00:00:00.000	2017-05-23 17:02:54.053
8518	1D9538	9681	\N	6	\N	6	2017-05-23 00:00:00.000	2017-05-23 17:06:08.040
8519	1A9678	9050	\N	1	\N	6	2017-05-23 00:00:00.000	2017-05-23 17:10:56.033
8520	1B9393	9983	\N	1	\N	6	2017-05-23 00:00:00.000	2017-05-23 17:17:32.133
8521	1M9650	4453	\N	6	\N	6	2017-05-23 00:00:00.000	2017-05-23 17:19:56.540
8522	1B9708	4595	\N	10	\N	6	2017-05-23 00:00:00.000	2017-05-23 17:22:17.550
8523	1R9797	7168	\N	6	\N	6	2017-05-24 00:00:00.000	2017-05-24 09:48:51.917
8524	KMY	8608	\N	1	\N	15	2017-05-24 00:00:00.000	2017-05-24 10:29:43.600
8525	1Z9042	12512	\N	5	\N	6	2017-05-24 00:00:00.000	2017-05-24 11:14:55.650
8526	1D9369	4341	\N	6	\N	6	2017-05-24 00:00:00.000	2017-05-24 11:32:49.337
8527	1S9499	4366	\N	6	\N	6	2017-05-24 00:00:00.000	2017-05-24 11:43:38.067
8528	1G9231	12514	\N	2	\N	6	2017-05-24 00:00:00.000	2017-05-24 12:15:07.243
8529	1B9472	12564	\N	6	\N	6	2017-05-24 00:00:00.000	2017-05-24 13:18:29.017
8530	1WH	4402	\N	6	\N	6	2017-05-24 00:00:00.000	2017-05-24 13:21:03.630
8531	1A9394	4408	\N	6	\N	6	2017-05-24 00:00:00.000	2017-05-24 13:27:49.900
8532	1B9308	12611	\N	6	\N	6	2017-05-24 00:00:00.000	2017-05-24 13:44:32.233
8533	1S9656	4429	\N	6	\N	6	2017-05-24 00:00:00.000	2017-05-24 13:58:33.573
8534	1B9508	12613	\N	6	\N	6	2017-05-24 00:00:00.000	2017-05-24 14:01:18.687
8535	5AK	4432	\N	6	\N	6	2017-05-24 00:00:00.000	2017-05-24 14:10:59.647
8536	1S9376	4434	\N	6	\N	6	2017-05-24 00:00:00.000	2017-05-24 14:21:32.400
8537	1B9491	12617	\N	6	\N	6	2017-05-24 00:00:00.000	2017-05-24 14:23:43.330
8538	1S9652	4438	\N	6	\N	6	2017-05-24 00:00:00.000	2017-05-24 14:28:00.370
8539	1B9259	12621	\N	6	\N	6	2017-05-24 00:00:00.000	2017-05-24 14:38:51.360
8540	4DV	10600	\N	6	\N	6	2017-05-24 00:00:00.000	2017-05-24 14:41:42.133
8541	4SR	10600	\N	6	\N	6	2017-05-24 00:00:00.000	2017-05-24 14:42:37.747
8542	4NC	10600	\N	6	\N	6	2017-05-24 00:00:00.000	2017-05-24 14:43:22.223
8543	15C	4452	\N	6	\N	6	2017-05-24 00:00:00.000	2017-05-24 14:45:13.063
8544	1M9097	4458	\N	6	\N	6	2017-05-24 00:00:00.000	2017-05-24 15:01:52.557
8545	1H9295	12644	\N	6	\N	6	2017-05-24 00:00:00.000	2017-05-24 15:07:46.723
8546	1H9336	12648	\N	6	\N	6	2017-05-24 00:00:00.000	2017-05-24 15:20:42.153
8547	5AR	12678	\N	6	\N	6	2017-05-24 00:00:00.000	2017-05-24 15:44:53.923
8548	1A9436	4468	\N	6	\N	6	2017-05-24 00:00:00.000	2017-05-24 15:49:47.330
8549	1A9383	4475	\N	1	\N	6	2017-05-24 00:00:00.000	2017-05-24 16:08:31.577
8550	1C9627	12716	\N	6	\N	6	2017-05-24 00:00:00.000	2017-05-24 16:02:13.120
8551	1A9442	4483	\N	1	\N	6	2017-05-24 00:00:00.000	2017-05-24 16:16:16.083
8552	1C9668	4546	\N	6	\N	6	2017-05-24 00:00:00.000	2017-05-24 16:29:16.940
8553	1C9685	12729	\N	6	\N	6	2017-05-24 00:00:00.000	2017-05-24 16:29:29.250
8554	1A9317	4558	\N	6	\N	6	2017-05-24 00:00:00.000	2017-05-24 17:19:10.773
8555	1B9504	4626	\N	6	\N	6	2017-05-24 00:00:00.000	2017-05-24 17:40:58.463
8556	1C9684	4643	\N	6	\N	6	2017-05-24 00:00:00.000	2017-05-24 17:46:40.353
8557	1C9702	4675	\N	6	\N	6	2017-05-24 00:00:00.000	2017-05-24 17:52:20.323
8558	1D9378	4689	\N	6	\N	6	2017-05-24 00:00:00.000	2017-05-24 17:54:01.787
8559	1D9359	4714	\N	6	\N	6	2017-05-24 00:00:00.000	2017-05-24 17:55:47.337
8560	1S9672	4742	\N	6	\N	6	2017-05-24 00:00:00.000	2017-05-24 17:57:13.590
8561	1H9317	12753	\N	6	\N	6	2017-05-25 00:00:00.000	2017-05-25 09:47:16.883
8562	1M9165	4744	\N	6	\N	6	2017-05-25 00:00:00.000	2017-05-25 10:34:55.137
8563	1M9144	4754	\N	6	\N	6	2017-05-25 00:00:00.000	2017-05-25 10:52:20.447
8564	1NB	12771	\N	6	\N	6	2017-05-25 00:00:00.000	2017-05-25 11:10:44.820
8565	1E9217	12775	\N	6	\N	6	2017-05-25 00:00:00.000	2017-05-25 11:23:46.583
8566	1E9149	12813	\N	6	\N	6	2017-05-25 00:00:00.000	2017-05-25 11:33:25.487
8567	1M9457	4756	\N	6	\N	6	2017-05-25 00:00:00.000	2017-05-25 11:44:47.363
8568	1D9340	4768	\N	6	\N	6	2017-05-25 00:00:00.000	2017-05-25 11:58:00.080
8569	1E9190	12814	\N	5	\N	6	2017-05-25 00:00:00.000	2017-05-25 12:00:37.250
8570	1D9234	12852	\N	6	\N	6	2017-05-25 00:00:00.000	2017-05-25 13:03:25.077
8571	1U0	12861	\N	6	\N	6	2017-05-25 00:00:00.000	2017-05-25 13:14:23.320
8572	1G9238	12874	\N	6	\N	6	2017-05-25 00:00:00.000	2017-05-25 13:26:15.837
8573	1J9214	4821	\N	6	\N	6	2017-05-25 00:00:00.000	2017-05-25 13:34:12.103
8574	1G9222	12898	\N	6	\N	6	2017-05-25 00:00:00.000	2017-05-25 13:38:38.473
8575	1F9192	12924	\N	6	\N	6	2017-05-25 00:00:00.000	2017-05-25 13:51:46.340
8576	4U0	4823	\N	6	\N	6	2017-05-25 00:00:00.000	2017-05-25 14:05:17.570
8577	1F9187	12930	\N	6	\N	6	2017-05-25 00:00:00.000	2017-05-25 14:07:55.817
8578	1A9251	4828	\N	6	\N	6	2017-05-25 00:00:00.000	2017-05-25 14:25:56.603
8579	5FA	12936	\N	6	\N	6	2017-05-25 00:00:00.000	2017-05-25 14:33:47.617
8580	5FB	12936	\N	6	\N	6	2017-05-25 00:00:00.000	2017-05-25 14:34:18.330
8581	1A9440	4838	\N	6	\N	6	2017-05-25 00:00:00.000	2017-05-25 14:44:24.267
8582	1F9170	12948	\N	6	\N	6	2017-05-25 00:00:00.000	2017-05-25 14:48:10.623
8583	1A9469	4852	\N	6	\N	6	2017-05-25 00:00:00.000	2017-05-25 14:52:54.450
8584	1F9190	12955	\N	6	\N	6	2017-05-25 00:00:00.000	2017-05-25 15:27:39.300
8585	1J9120	12977	\N	6	\N	6	2017-05-25 00:00:00.000	2017-05-25 15:46:38.913
8586	1H9329	4876	\N	6	\N	6	2017-05-25 00:00:00.000	2017-05-25 16:20:17.370
8587	1H9302	4880	\N	6	\N	6	2017-05-25 00:00:00.000	2017-05-25 16:44:40.043
8588	4T9266	16463	\N	6	\N	6	2017-05-25 00:00:00.000	2017-05-25 16:45:25.987
8589	4DF	16369	\N	6	\N	6	2017-05-26 00:00:00.000	2017-05-26 09:49:38.160
8590	4C9466	16513	\N	6	\N	6	2017-05-26 00:00:00.000	2017-05-26 11:02:08.947
8591	40F	15360	\N	6	\N	6	2017-05-26 00:00:00.000	2017-05-26 12:51:17.167
8592	4B9126	15559	\N	6	\N	6	2017-05-26 00:00:00.000	2017-05-26 13:41:13.450
8593	1Z9525	16499	\N	1	\N	6	2017-05-26 00:00:00.000	2017-05-26 14:12:04.313
8594	4B9153	15543	\N	6	\N	6	2017-05-26 00:00:00.000	2017-05-26 15:03:50.653
8595	1F9091	4899	\N	6	\N	6	2017-05-30 00:00:00.000	2017-05-30 06:15:28.710
8596	1J9217	4907	\N	6	\N	6	2017-05-30 00:00:00.000	2017-05-30 06:28:46.217
8597	1D9384	4914	\N	6	\N	6	2017-05-30 00:00:00.000	2017-05-30 06:35:01.083
8598	5A1	4938	\N	6	\N	6	2017-05-30 00:00:00.000	2017-05-30 06:38:55.333
8599	1Z9084	4944	\N	6	\N	6	2017-05-30 00:00:00.000	2017-05-30 06:46:33.680
8600	1Z9085	4950	\N	6	\N	6	2017-05-30 00:00:00.000	2017-05-30 06:53:38.653
8601	1J9206	4958	\N	6	\N	6	2017-05-30 00:00:00.000	2017-05-30 07:01:27.170
8602	1C9692	4959	\N	6	\N	6	2017-05-30 00:00:00.000	2017-05-30 07:09:04.937
8603	1R9337	4986	\N	6	\N	6	2017-05-30 00:00:00.000	2017-05-30 07:13:52.727
8604	1T9514	5002	\N	6	\N	6	2017-05-30 00:00:00.000	2017-05-30 07:19:11.967
8605	1B9397	5025	\N	6	\N	6	2017-05-30 00:00:00.000	2017-05-30 07:29:14.250
8606	40G	5027	\N	6	\N	6	2017-05-30 00:00:00.000	2017-05-30 07:54:33.803
8607	1B9458	5041	\N	6	\N	6	2017-05-30 00:00:00.000	2017-05-30 08:18:27.337
8608	1C9688	5044	\N	6	\N	6	2017-05-30 00:00:00.000	2017-05-30 08:25:01.207
8609	1B9485	5046	\N	6	\N	6	2017-05-30 00:00:00.000	2017-05-30 08:32:11.330
8610	1VD	5050	\N	6	\N	6	2017-05-30 00:00:00.000	2017-05-30 08:38:06.700
8611	4ED	5085	\N	6	\N	6	2017-05-30 00:00:00.000	2017-05-30 09:20:19.923
8612	1E9237	5091	\N	6	\N	6	2017-05-30 00:00:00.000	2017-05-30 09:26:08.163
8613	1D9365	5108	\N	6	\N	6	2017-05-30 00:00:00.000	2017-05-30 09:32:15.950
8614	1D9379	5110	\N	6	\N	6	2017-05-30 00:00:00.000	2017-05-30 09:40:03.110
8615	1A9406	5128	\N	6	\N	6	2017-05-30 00:00:00.000	2017-05-30 09:47:37.523
8616	2J9011	16279	\N	6	\N	1	2017-05-30 00:00:00.000	2017-05-30 09:52:18.400
8617	1A9246	5131	\N	6	\N	6	2017-05-30 00:00:00.000	2017-05-30 09:57:07.547
8618	1F9114	5143	\N	6	\N	6	2017-05-30 00:00:00.000	2017-05-30 10:08:24.730
8619	4T9269	16466	\N	6	\N	6	2017-05-30 00:00:00.000	2017-05-30 10:55:19.347
8620	4A9058	16472	\N	6	\N	6	2017-05-30 00:00:00.000	2017-05-30 11:06:54.250
8621	4M9058	16484	\N	6	\N	6	2017-05-30 00:00:00.000	2017-05-30 11:24:55.880
8622	1C9672	5161	\N	6	\N	6	2017-05-30 00:00:00.000	2017-05-30 11:29:13.297
8623	1A9412	5182	\N	1	\N	6	2017-05-30 00:00:00.000	2017-05-30 11:38:41.340
8624	1E9297	16500	\N	6	\N	6	2017-05-30 00:00:00.000	2017-05-30 11:43:39.907
8625	4T9215	16502	\N	6	\N	6	2017-05-30 00:00:00.000	2017-05-30 11:58:55.817
8626	1S9368	10613	\N	6	\N	6	2017-05-30 00:00:00.000	2017-05-30 12:02:25.450
8627	1A9398	5188	\N	2	\N	6	2017-05-30 00:00:00.000	2017-05-30 12:11:06.443
8628	1E9608	16507	\N	6	\N	6	2017-05-30 00:00:00.000	2017-05-30 12:17:37.023
8629	1Z9540	16511	\N	6	\N	6	2017-05-30 00:00:00.000	2017-05-30 13:24:24.607
8630	1H9304	5189	\N	6	\N	6	2017-05-30 00:00:00.000	2017-05-30 13:24:53.390
8631	1C9660	5228	\N	6	\N	6	2017-05-30 00:00:00.000	2017-05-30 13:36:08.590
8632	1V9088	10802	\N	6	\N	6	2017-05-30 00:00:00.000	2017-05-30 13:38:00.440
8633	1P9731	16503	\N	6	\N	6	2017-05-30 00:00:00.000	2017-05-30 13:38:22.080
8634	1C9697	5229	\N	6	\N	6	2017-05-30 00:00:00.000	2017-05-30 13:41:03.197
8635	1A9427	5245	\N	6	\N	6	2017-05-30 00:00:00.000	2017-05-30 13:45:49.330
8636	7GB	16230	\N	3	\N	6	2017-05-30 00:00:00.000	2017-05-30 13:54:07.813
8637	1A9304	5247	\N	6	\N	6	2017-05-30 00:00:00.000	2017-05-30 13:57:23.797
8638	1C9709	5258	\N	6	\N	6	2017-05-30 00:00:00.000	2017-05-30 14:05:30.767
8639	1T9230	10807	\N	6	\N	6	2017-05-30 00:00:00.000	2017-05-30 14:05:55.587
8640	1C9664	5272	\N	6	\N	6	2017-05-30 00:00:00.000	2017-05-30 14:14:38.533
8641	1Z9010	5290	\N	6	\N	6	2017-05-30 00:00:00.000	2017-05-30 14:24:37.573
8642	1Z9060	5301	\N	6	\N	6	2017-05-30 00:00:00.000	2017-05-30 14:54:12.530
8643	1G9242	5310	\N	6	\N	6	2017-05-30 00:00:00.000	2017-05-30 15:03:50.383
8644	1G9130	5314	\N	6	\N	6	2017-05-30 00:00:00.000	2017-05-30 15:10:31.680
8646	1F9203	5357	\N	6	\N	6	2017-05-31 00:00:00.000	2017-05-31 06:17:23.733
8647	1D9255	5395	\N	6	\N	6	2017-05-31 00:00:00.000	2017-05-31 06:37:41.020
8648	1D9354	5400	\N	6	\N	6	2017-05-31 00:00:00.000	2017-05-31 06:56:49.413
8649	1D9350	5402	\N	6	\N	6	2017-05-31 00:00:00.000	2017-05-31 07:25:35.840
8650	1D9217	5404	\N	6	\N	6	2017-05-31 00:00:00.000	2017-05-31 07:33:38.223
8651	389004	5428	\N	6	\N	45	2017-05-31 00:00:00.000	2017-05-31 08:17:04.333
8652	1F9166	5439	\N	6	\N	6	2017-05-31 00:00:00.000	2017-05-31 08:21:30.047
8653	1E9227	5446	\N	6	\N	6	2017-05-31 00:00:00.000	2017-05-31 09:27:27.680
8654	1H9311	5449	\N	1	\N	6	2017-05-31 00:00:00.000	2017-05-31 09:42:55.507
8655	3E9048	14857	\N	6	\N	12	2017-05-31 00:00:00.000	2017-05-31 09:51:03.117
8656	48Z	5466	\N	6	\N	6	2017-05-31 00:00:00.000	2017-05-31 09:52:20.993
8657	1G9107	5480	\N	6	\N	6	2017-05-31 00:00:00.000	2017-05-31 10:00:54.030
8658	1E9224	5505	\N	6	\N	6	2017-05-31 00:00:00.000	2017-05-31 10:07:13.410
8659	4S9449	16512	\N	2	\N	6	2017-05-31 00:00:00.000	2017-05-31 10:19:27.280
8660	1H9335	5512	\N	6	\N	6	2017-05-31 00:00:00.000	2017-05-31 10:23:47.957
8661	1D9135	5551	\N	6	\N	6	2017-05-31 00:00:00.000	2017-05-31 10:33:47.840
8662	1D9254	5551	\N	6	\N	6	2017-05-31 00:00:00.000	2017-05-31 10:34:08.853
8663	1N9372	16383	\N	6	\N	6	2017-05-31 00:00:00.000	2017-05-31 10:43:58.817
8664	1R9840	16426	\N	6	\N	6	2017-05-31 00:00:00.000	2017-05-31 10:52:32.120
8665	1HL	5564	\N	6	\N	6	2017-05-31 00:00:00.000	2017-05-31 10:53:20.870
8666	4C9244	16521	\N	6	\N	6	2017-05-31 00:00:00.000	2017-05-31 11:10:40.157
8667	4HX	6639	\N	6	\N	6	2017-05-31 00:00:00.000	2017-05-31 11:26:41.667
8668	1AJ	5582	\N	6	\N	6	2017-05-31 00:00:00.000	2017-05-31 11:39:43.727
8669	1A9448	5588	\N	6	\N	6	2017-05-31 00:00:00.000	2017-05-31 11:44:55.073
8670	1F9169	5607	\N	6	\N	6	2017-05-31 00:00:00.000	2017-05-31 12:07:23.430
8671	1C9452	5610	\N	6	\N	6	2017-05-31 00:00:00.000	2017-05-31 12:15:51.227
8672	1B9475	5626	\N	6	\N	6	2017-05-31 00:00:00.000	2017-05-31 12:25:19.550
8673	1B9329	5650	\N	6	\N	6	2017-05-31 00:00:00.000	2017-05-31 12:32:12.857
8674	4D6	4540	\N	6	\N	6	2017-05-31 00:00:00.000	2017-05-31 13:25:12.893
8675	1C9635	5669	\N	6	\N	6	2017-05-31 00:00:00.000	2017-05-31 13:35:13.243
8676	4A9056	16311	\N	6	\N	6	2017-05-31 00:00:00.000	2017-05-31 13:41:15.897
8677	2C9081	5682	\N	6	\N	1	2017-05-31 00:00:00.000	2017-05-31 13:46:07.383
8678	1D9319	5695	\N	6	\N	6	2017-05-31 00:00:00.000	2017-05-31 13:51:08.323
8679	4MK	5712	\N	6	\N	6	2017-05-31 00:00:00.000	2017-10-04 14:12:32.790
8680	1A9456	5718	\N	6	\N	6	2017-05-31 00:00:00.000	2017-05-31 14:07:42.403
8681	4PY	5741	\N	6	\N	6	2017-05-31 00:00:00.000	2017-05-31 14:18:54.423
8682	L83	16379	\N	13	\N	8	2017-05-31 00:00:00.000	2017-06-28 12:47:58.140
8683	1Z9071	5752	\N	6	\N	6	2017-05-31 00:00:00.000	2017-05-31 15:02:24.183
8684	1J9164	5775	\N	6	\N	6	2017-05-31 00:00:00.000	2017-05-31 15:11:43.567
8685	1L9160	5894	\N	6	\N	6	2017-05-31 00:00:00.000	2017-05-31 15:13:52.597
8686	1T9512	5896	\N	6	\N	6	2017-05-31 00:00:00.000	2017-05-31 15:16:22.170
8687	1T9539	5898	\N	6	\N	6	2017-05-31 00:00:00.000	2017-05-31 15:21:03.593
8688	4HU	5897	\N	6	\N	6	2017-05-31 00:00:00.000	2017-05-31 15:27:36.573
8689	4X7	5929	\N	6	\N	6	2017-06-01 00:00:00.000	2017-06-01 06:16:27.000
8690	1T9560	5933	\N	6	\N	6	2017-06-01 00:00:00.000	2017-06-01 06:21:35.270
8691	1T9534	5934	\N	6	\N	6	2017-06-01 00:00:00.000	2017-06-01 06:36:44.923
8692	5MA	5950	\N	6	\N	6	2017-06-01 00:00:00.000	2017-06-01 06:43:01.947
8693	1L9241	5958	\N	6	\N	6	2017-06-01 00:00:00.000	2017-06-01 06:56:29.293
8694	1T9436	5969	\N	6	\N	6	2017-06-01 00:00:00.000	2017-06-01 07:03:48.527
8695	1M9469	5984	\N	6	\N	6	2017-06-01 00:00:00.000	2017-06-01 07:28:47.847
8696	1L9179	10821	\N	6	\N	6	2017-06-01 00:00:00.000	2017-06-01 09:01:28.897
8697	1D9802	16539	\N	6	\N	6	2017-06-01 00:00:00.000	2017-06-01 09:10:57.877
8698	1F9451	16474	\N	6	\N	6	2017-06-01 00:00:00.000	2017-06-01 09:48:05.547
8699	4B9151	16441	\N	9	\N	6	2017-06-01 00:00:00.000	2017-06-01 10:02:33.343
8700	UU3	4553	\N	13	\N	44	2017-06-01 00:00:00.000	2017-06-01 10:23:10.207
8701	4T9274	16530	\N	6	\N	6	2017-06-01 00:00:00.000	2017-06-01 11:16:29.290
8702	1M9167	6020	\N	6	\N	6	2017-06-01 00:00:00.000	2017-06-01 11:52:01.767
8703	1G9467	16534	\N	6	\N	6	2017-06-01 00:00:00.000	2017-06-01 12:26:30.830
8704	1V9089	10985	\N	6	\N	6	2017-06-01 00:00:00.000	2017-06-01 13:47:26.760
8705	1M9463	6023	\N	6	\N	6	2017-06-01 00:00:00.000	2017-06-01 14:45:58.433
8706	1H9714	16421	\N	5	\N	6	2017-06-01 00:00:00.000	2017-06-01 15:09:27.087
8707	1S9437	6040	\N	6	\N	6	2017-06-02 00:00:00.000	2017-06-02 06:11:59.507
8708	1W9003	7024	\N	6	\N	6	2017-06-02 00:00:00.000	2017-06-02 06:25:20.350
8709	1N9152	7246	\N	6	\N	6	2017-06-02 00:00:00.000	2017-06-02 07:08:59.970
8710	1M9384	7257	\N	6	\N	6	2017-06-02 00:00:00.000	2017-06-02 07:18:08.437
8711	1M9416	7676	\N	6	\N	6	2017-06-02 00:00:00.000	2017-06-02 07:28:05.013
8712	1P9356	8021	\N	1	\N	6	2017-06-02 00:00:00.000	2017-06-02 07:38:49.713
8713	1P9249	8029	\N	5	\N	6	2017-06-02 00:00:00.000	2017-06-02 08:24:17.410
8714	1S9521	8037	\N	6	\N	6	2017-06-02 00:00:00.000	2017-06-02 08:42:08.977
8715	1T9541	8043	\N	6	\N	6	2017-06-02 00:00:00.000	2017-06-02 09:13:43.163
8716	1T9543	8046	\N	6	\N	6	2017-06-02 00:00:00.000	2017-06-02 09:29:50.600
8717	1S9611	8049	\N	6	\N	6	2017-06-02 00:00:00.000	2017-06-02 09:37:40.220
8718	1Z9087	8090	\N	6	\N	6	2017-06-02 00:00:00.000	2017-06-02 09:56:26.887
8719	1P9212	8095	\N	6	\N	6	2017-06-02 00:00:00.000	2017-06-02 10:02:33.237
8720	1E9196	8975	\N	6	\N	6	2017-06-02 00:00:00.000	2017-06-02 10:04:52.827
8721	1E9233	8976	\N	6	\N	6	2017-06-02 00:00:00.000	2017-06-02 10:19:43.120
8722	1F9174	8094	\N	6	\N	6	2017-06-02 00:00:00.000	2017-06-02 10:45:32.827
8723	1Z9116	8996	\N	6	\N	6	2017-06-02 00:00:00.000	2017-06-02 10:46:03.230
8724	1Z9039	8999	\N	6	\N	6	2017-06-02 00:00:00.000	2017-06-02 11:06:47.287
8725	2T9116	9029	\N	6	\N	1	2017-06-02 00:00:00.000	2017-06-02 11:23:33.847
8726	1P9355	8103	\N	6	\N	6	2017-06-02 00:00:00.000	2017-06-02 11:25:11.817
8727	1W9199	11019	\N	6	\N	6	2017-06-02 00:00:00.000	2017-06-02 11:35:31.153
8728	1S9662	8144	\N	6	\N	6	2017-06-02 00:00:00.000	2017-06-02 11:36:12.743
8729	1P9318	8152	\N	6	\N	6	2017-06-02 00:00:00.000	2017-06-02 11:41:22.077
8730	1W9299	11023	\N	6	\N	6	2017-06-02 00:00:00.000	2017-06-02 11:58:26.873
8731	1W9269	11045	\N	6	\N	6	2017-06-02 00:00:00.000	2017-06-02 12:11:22.897
8732	1P9327	8156	\N	6	\N	6	2017-06-02 00:00:00.000	2017-06-02 12:46:12.237
8733	4U3	9213	\N	6	\N	6	2017-06-02 00:00:00.000	2017-06-02 13:04:38.827
8734	1P9339	8166	\N	6	\N	6	2017-06-02 00:00:00.000	2017-06-02 13:07:05.763
8735	1A9433	9380	\N	6	\N	6	2017-06-02 00:00:00.000	2017-06-02 13:27:59.210
8736	1U9065	9399	\N	6	\N	6	2017-06-02 00:00:00.000	2017-06-02 13:37:24.507
8737	1P9278	8171	\N	6	\N	6	2017-06-02 00:00:00.000	2017-06-02 13:49:19.957
8738	1J9155	8186	\N	6	\N	6	2017-06-02 00:00:00.000	2017-06-02 14:12:12.290
8739	1B9446	11082	\N	6	\N	6	2017-06-02 00:00:00.000	2017-06-02 14:19:07.190
8740	1J9216	8189	\N	6	\N	6	2017-06-02 00:00:00.000	2017-06-02 14:21:54.453
8741	4CR	9584	\N	2	\N	6	2017-06-02 00:00:00.000	2017-06-02 14:50:16.027
8742	1L9237	8195	\N	6	\N	6	2017-06-02 00:00:00.000	2017-11-03 16:30:41.770
8743	1S9653	8201	\N	6	\N	6	2017-06-02 00:00:00.000	2017-06-02 15:03:15.667
8744	5EV	9627	\N	6	\N	6	2017-06-02 00:00:00.000	2017-06-02 15:44:56.867
8745	1F9157	9633	\N	6	\N	6	2017-06-02 00:00:00.000	2017-06-02 15:55:08.560
8746	1G9227	9649	\N	6	\N	6	2017-06-02 00:00:00.000	2017-06-02 16:16:13.207
8747	1S9677	8208	\N	6	\N	6	2017-06-05 00:00:00.000	2017-06-05 07:54:49.690
8748	1S9476	8211	\N	6	\N	6	2017-06-05 00:00:00.000	2017-06-05 08:21:01.410
8749	1S9601	8216	\N	6	\N	6	2017-06-05 00:00:00.000	2017-06-05 08:34:27.697
8750	1T9524	8267	\N	6	\N	6	2017-06-05 00:00:00.000	2017-06-05 08:53:26.747
8751	1T9508	8269	\N	1	\N	6	2017-06-05 00:00:00.000	2017-06-05 09:37:03.637
8752	1T9006	8271	\N	6	\N	6	2017-06-05 00:00:00.000	2017-06-05 09:45:36.957
8753	1T9354	8273	\N	6	\N	6	2017-06-05 00:00:00.000	2017-06-05 10:04:06.617
8754	1T9536	8274	\N	6	\N	6	2017-06-05 00:00:00.000	2017-06-05 10:11:46.850
8755	1M9473	8302	\N	1	\N	6	2017-06-05 00:00:00.000	2017-06-05 10:23:05.823
8756	2M9056	8303	\N	6	\N	1	2017-06-05 00:00:00.000	2017-06-05 10:30:45.307
8757	1M9119	8310	\N	6	\N	6	2017-06-05 00:00:00.000	2017-06-05 11:16:11.630
8758	1T9440	8335	\N	1	\N	6	2017-06-05 00:00:00.000	2017-06-05 11:42:46.000
8759	5TM	8335	\N	1	\N	6	2017-06-05 00:00:00.000	2017-06-05 11:43:40.570
8760	1V9353	11183	\N	6	\N	6	2017-06-05 00:00:00.000	2017-06-05 11:45:09.270
8761	1V9086	11187	\N	1	\N	6	2017-06-05 00:00:00.000	2017-06-05 12:04:21.787
8762	1P9247	8341	\N	6	\N	6	2017-06-05 00:00:00.000	2017-06-05 12:11:00.070
8763	1S9S10	8371	\N	2	\N	6	2017-06-05 00:00:00.000	2017-06-05 13:21:27.460
8764	1S9S20	8371	\N	7	\N	6	2017-06-05 00:00:00.000	2017-06-05 13:22:07.457
8765	1S9S30	8371	\N	3	\N	6	2017-06-05 00:00:00.000	2017-06-05 13:22:43.820
8766	456	11228	\N	6	\N	6	2017-06-05 00:00:00.000	2017-06-05 14:57:05.413
8767	1S9434	8375	\N	6	\N	6	2017-06-05 00:00:00.000	2017-06-05 15:04:21.560
8768	18X	11243	\N	6	\N	6	2017-06-05 00:00:00.000	2017-06-05 15:54:12.880
8769	1T9373	8401	\N	6	\N	6	2017-06-06 00:00:00.000	2017-06-06 07:15:59.080
8770	1T9492	8408	\N	6	\N	6	2017-06-06 00:00:00.000	2017-06-06 07:24:20.713
8771	19M	8433	\N	6	\N	6	2017-06-06 00:00:00.000	2017-06-06 07:41:08.447
8772	1B9478	8561	\N	6	\N	6	2017-06-06 00:00:00.000	2017-06-06 07:57:53.727
8773	1B9470	8563	\N	6	\N	6	2017-06-06 00:00:00.000	2017-06-06 08:39:00.183
8774	1T9520	8719	\N	6	\N	6	2017-06-06 00:00:00.000	2017-06-06 08:44:41.327
8775	1B9498	8737	\N	6	\N	6	2017-06-06 00:00:00.000	2017-06-06 08:56:19.990
8776	1B9473	8748	\N	6	\N	6	2017-06-06 00:00:00.000	2017-06-06 09:05:23.400
8777	1Z9091	11448	\N	6	\N	6	2017-06-06 00:00:00.000	2017-06-06 09:56:19.507
8778	1C9665	8777	\N	6	\N	6	2017-06-06 00:00:00.000	2017-06-06 10:02:40.803
8779	1D9368	8962	\N	6	\N	6	2017-06-06 00:00:00.000	2017-06-06 10:19:24.820
8780	1W9274	11470	\N	6	\N	6	2017-06-06 00:00:00.000	2017-06-06 14:29:20.183
8781	1W9208	11476	\N	5	\N	6	2017-06-07 00:00:00.000	2017-06-07 14:30:17.993
8782	1W9298	11478	\N	6	\N	6	2017-06-07 00:00:00.000	2017-06-07 15:20:43.603
8783	1R9341	10581	\N	6	\N	6	2017-06-08 00:00:00.000	2017-06-08 10:06:39.240
8784	1V9081	10473	\N	1	\N	6	2017-06-08 00:00:00.000	2017-06-08 12:39:32.277
8785	1R9321	10373	\N	6	\N	6	2017-06-08 00:00:00.000	2017-06-08 13:16:52.750
8786	1V9080	9600	\N	6	\N	6	2017-06-08 00:00:00.000	2017-06-08 13:41:12.850
8787	1E9197	10342	\N	6	\N	6	2017-06-08 00:00:00.000	2017-06-08 14:11:43.390
8788	1W9254	10338	\N	6	\N	6	2017-06-08 00:00:00.000	2017-06-08 16:01:51.750
8789	1M9509	16558	\N	6	\N	6	2017-06-09 00:00:00.000	2017-06-09 08:06:45.697
8790	1W9201	11680	\N	6	\N	6	2017-06-09 00:00:00.000	2017-06-09 08:48:40.233
8791	4S9009	5864	\N	1	\N	6	2017-06-09 00:00:00.000	2017-06-09 09:07:56.320
8792	1W9418	10673	\N	1	\N	6	2017-06-09 00:00:00.000	2017-06-09 09:19:08.493
8793	1M9737	10670	\N	1	\N	6	2017-06-09 00:00:00.000	2017-06-09 09:29:53.307
8794	1Z9053	9882	\N	1	\N	6	2017-06-09 00:00:00.000	2017-06-09 09:37:02.603
8795	1W9276	11694	\N	6	\N	6	2017-06-09 00:00:00.000	2017-06-09 09:37:42.413
8796	1T9758	3869	\N	6	\N	6	2017-06-09 00:00:00.000	2017-06-09 09:38:42.397
8797	1W9266	11696	\N	6	\N	6	2017-06-09 00:00:00.000	2017-06-09 09:45:00.277
8798	1B9722	16557	\N	1	\N	6	2017-06-09 00:00:00.000	2017-06-09 09:46:35.203
8799	1W9289	11707	\N	6	\N	6	2017-06-09 00:00:00.000	2017-06-09 09:54:54.933
8800	1G9352	10157	\N	6	\N	6	2017-06-09 00:00:00.000	2017-06-09 09:56:32.590
8801	2B9092	12282	\N	5	\N	6	2017-06-09 00:00:00.000	2017-06-09 10:07:24.780
8802	1S9985	10158	\N	9	\N	6	2017-06-09 00:00:00.000	2017-06-09 10:13:23.597
8803	1C9989	9946	\N	1	\N	6	2017-06-09 00:00:00.000	2017-06-09 10:33:55.453
8804	1Z9096	9888	\N	6	\N	6	2017-06-09 00:00:00.000	2017-06-09 10:51:06.333
8805	2F9068	12441	\N	6	\N	6	2017-06-09 00:00:00.000	2017-06-09 10:52:12.353
8806	1X3	12444	\N	6	\N	6	2017-06-09 00:00:00.000	2017-06-09 10:58:25.427
8807	1H9337	12455	\N	6	\N	6	2017-06-09 00:00:00.000	2017-06-09 11:07:00.277
8808	1J9194	9893	\N	6	\N	6	2017-06-09 00:00:00.000	2017-06-09 11:07:49.557
8809	1W9394	9948	\N	1	\N	6	2017-06-09 00:00:00.000	2017-06-09 11:15:39.273
8810	4EU	12483	\N	6	\N	6	2017-06-09 00:00:00.000	2017-06-09 11:20:07.280
8811	1J9065	9939	\N	6	\N	6	2017-06-09 00:00:00.000	2017-06-09 11:23:50.300
8812	1Z9075	12495	\N	6	\N	6	2017-06-09 00:00:00.000	2017-06-09 11:24:29.923
8813	1T9801	10893	\N	6	\N	6	2017-06-09 00:00:00.000	2017-06-09 11:45:28.143
8814	48D	17489	\N	1	\N	6	2017-06-09 00:00:00.000	2017-11-22 09:24:08.113
8815	1T9530	10081	\N	6	\N	6	2017-06-09 00:00:00.000	2017-06-09 12:20:57.407
8816	1R9536	16560	\N	6	\N	6	2017-06-09 00:00:00.000	2017-06-09 12:44:51.003
8817	5KT	10097	\N	6	\N	6	2017-06-09 00:00:00.000	2017-06-09 12:47:36.643
8818	1T9837	10348	\N	1	\N	6	2017-06-09 00:00:00.000	2017-06-09 12:54:41.680
8819	1W9203	10128	\N	6	\N	6	2017-06-09 00:00:00.000	2017-06-09 13:03:50.693
8820	1F9300	9457	\N	1	\N	6	2017-06-09 00:00:00.000	2017-06-09 13:05:33.340
8821	1W9285	10133	\N	6	\N	6	2017-06-09 00:00:00.000	2017-06-09 13:11:43.997
8822	1N9241	10347	\N	1	\N	6	2017-06-09 00:00:00.000	2017-06-09 13:13:37.147
8823	1L9352	8788	\N	1	\N	6	2017-06-09 00:00:00.000	2017-06-09 13:16:02.227
8824	1W9291	10138	\N	6	\N	6	2017-06-09 00:00:00.000	2017-06-09 13:34:28.313
8825	1R9509	16561	\N	1	\N	6	2017-06-09 00:00:00.000	2017-06-09 13:36:55.110
8826	2W9001	10140	\N	6	\N	1	2017-06-09 00:00:00.000	2017-06-09 13:46:45.197
8827	1A9158	8620	\N	1	\N	6	2017-06-09 00:00:00.000	2017-06-09 13:47:03.060
8828	1A9133	8620	\N	6	\N	213	2017-06-09 00:00:00.000	2017-06-09 13:47:57.160
8829	1W9001	10142	\N	6	\N	6	2017-06-09 00:00:00.000	2017-06-09 14:24:14.190
8830	1U9063	10284	\N	6	\N	6	2017-06-09 00:00:00.000	2017-06-09 14:39:39.537
8831	1W9198	10333	\N	6	\N	6	2017-06-09 00:00:00.000	2017-06-09 14:47:23.733
8832	1W9287	10337	\N	6	\N	6	2017-06-09 00:00:00.000	2017-06-09 14:59:19.243
8833	MAJ	16564	\N	7	\N	36	2017-06-09 00:00:00.000	2017-07-31 12:07:34.430
8834	4KN	16566	\N	6	\N	6	2017-06-15 00:00:00.000	2018-02-20 14:15:37.723
8835	44U	3229	\N	6	\N	6	2017-06-16 00:00:00.000	2017-06-16 14:49:02.983
8836	1G9459	16598	\N	6	\N	6	2017-06-19 00:00:00.000	2017-06-19 16:09:04.073
8837	1B9381	16602	\N	6	\N	6	2017-06-20 00:00:00.000	2017-06-20 15:04:47.313
8839	1L9200	16616	\N	6	\N	6	2017-06-21 00:00:00.000	2017-06-21 13:30:58.357
8840	5WS	10142	\N	6	\N	6	2017-06-21 00:00:00.000	2023-09-28 11:04:47.067
8841	1M9270	16617	\N	6	\N	6	2017-06-21 00:00:00.000	2017-06-21 13:51:21.073
8842	1A9244	16618	\N	6	\N	6	2017-06-21 00:00:00.000	2017-06-21 14:41:50.957
8843	1J9094	16619	\N	6	\N	6	2017-06-21 00:00:00.000	2017-06-21 15:06:39.993
8844	1G9123	6256	\N	6	\N	6	2017-06-22 00:00:00.000	2017-06-22 08:33:26.547
8845	1F9090	16620	\N	6	\N	6	2017-06-22 00:00:00.000	2017-06-22 08:58:50.950
8846	4HM	5012	\N	2	\N	6	2017-06-22 00:00:00.000	2020-02-06 13:48:04.753
8847	1S9350	16631	\N	6	\N	6	2017-06-22 00:00:00.000	2017-06-22 15:18:25.027
8848	1M9378	16633	\N	6	\N	6	2017-06-22 00:00:00.000	2017-06-22 15:37:39.287
8849	1W9162	16634	\N	6	\N	6	2017-06-23 00:00:00.000	2017-06-23 06:44:48.953
8850	1F9103	16635	\N	6	\N	6	2017-06-23 00:00:00.000	2017-06-23 07:51:45.850
8851	4M9033	16482	\N	6	\N	6	2017-06-23 00:00:00.000	2017-06-23 10:10:39.650
8852	1D9193	16646	\N	6	\N	6	2017-06-23 00:00:00.000	2017-06-23 15:03:49.430
8853	7FH	3529	\N	6	\N	6	2017-06-23 00:00:00.000	2017-06-23 15:07:24.960
8854	4C9454	15930	\N	6	\N	6	2017-06-26 00:00:00.000	2017-06-26 13:25:51.060
8856	1D9141	16651	\N	6	\N	6	2017-06-27 00:00:00.000	2017-06-27 06:48:11.617
8857	LPP	16653	\N	1	\N	8	2017-06-27 00:00:00.000	2017-06-27 09:00:18.007
8858	1T9281	16654	\N	6	\N	6	2017-06-27 00:00:00.000	2018-03-13 09:06:37.290
8859	2TV	16573	\N	6	\N	1	2017-06-27 00:00:00.000	2017-06-27 10:02:44.773
8860	1D9192	16657	\N	6	\N	6	2017-06-27 00:00:00.000	2017-06-27 10:14:39.940
8861	1D9020	16658	\N	6	\N	6	2017-06-27 00:00:00.000	2017-06-27 10:44:20.153
8862	2B9001	16509	\N	6	\N	1	2017-06-27 00:00:00.000	2017-06-27 11:30:38.113
8863	4DM	16659	\N	6	\N	6	2017-06-27 00:00:00.000	2017-06-27 11:32:13.787
8864	1H9199	16660	\N	5	\N	6	2017-06-27 00:00:00.000	2017-06-27 11:45:58.843
8865	1T9279	16661	\N	6	\N	6	2017-06-27 00:00:00.000	2017-06-27 11:57:18.473
8866	4T9253	15577	\N	6	\N	6	2017-06-27 00:00:00.000	2017-06-27 12:17:44.557
8867	1EB	12937	\N	6	\N	6	2017-06-27 00:00:00.000	2017-06-27 12:24:49.703
8868	1C9ACA	13140	\N	6	\N	6	2017-06-27 00:00:00.000	2017-06-27 12:32:20.997
8869	1V9217	16469	\N	6	\N	6	2017-06-27 00:00:00.000	2017-06-27 12:45:16.583
8870	1P9210	16662	\N	6	\N	6	2017-06-27 00:00:00.000	2017-06-27 14:35:15.317
8871	1T9280	16663	\N	6	\N	6	2017-06-27 00:00:00.000	2017-06-27 15:08:19.220
8872	4V3	1015	\N	3	\N	6	2017-06-28 00:00:00.000	2017-06-28 06:37:36.713
8873	1T9254	16666	\N	6	\N	6	2017-06-28 00:00:00.000	2017-06-28 07:05:01.720
8874	1A9248	16667	\N	6	\N	6	2017-06-28 00:00:00.000	2017-06-28 07:36:52.070
8875	4DG	12871	\N	6	\N	6	2017-06-28 00:00:00.000	2017-06-28 08:58:47.700
8876	1K9100	10551	\N	6	\N	6	2017-06-28 00:00:00.000	2017-06-28 09:37:07.923
8877	1R9185	16668	\N	6	\N	6	2017-06-28 00:00:00.000	2017-06-28 09:55:13.593
8878	1D9197	16669	\N	6	\N	6	2017-06-28 00:00:00.000	2017-06-28 10:10:32.887
8879	1U9108	9560	\N	3	\N	6	2017-06-28 00:00:00.000	2017-06-28 10:56:01.330
8880	1A9229	16670	\N	6	\N	6	2017-06-28 00:00:00.000	2017-06-28 12:13:16.927
8881	1B9282	16671	\N	6	\N	6	2017-06-28 00:00:00.000	2017-06-28 13:25:56.697
8882	1H9197	16672	\N	6	\N	6	2017-06-28 00:00:00.000	2017-06-28 13:59:51.003
8883	1B9276	16673	\N	6	\N	6	2017-06-28 00:00:00.000	2017-06-28 14:09:57.580
8884	3N9001	17100	\N	6	\N	12	2017-06-28 00:00:00.000	2017-08-10 12:56:50.693
8885	43Z	9978	\N	6	\N	6	2017-06-28 00:00:00.000	2017-06-28 16:07:02.147
8886	1F9107	16677	\N	6	\N	6	2017-06-29 00:00:00.000	2017-06-29 07:42:39.250
8887	1C9447	16678	\N	6	\N	6	2017-06-29 00:00:00.000	2017-06-29 10:48:20.370
8888	1L9006	16679	\N	3	\N	6	2017-06-29 00:00:00.000	2017-06-29 11:26:23.933
8889	1T9278	16680	\N	6	\N	6	2017-06-29 00:00:00.000	2017-06-29 13:05:30.913
8890	1M9382	16681	\N	6	\N	6	2017-06-29 00:00:00.000	2017-06-29 14:53:32.397
8891	1E9140	16682	\N	6	\N	6	2017-06-29 00:00:00.000	2017-06-29 15:19:13.430
8892	1H9213	16685	\N	6	\N	6	2017-06-30 00:00:00.000	2017-06-30 08:26:02.087
8893	1E9143	13267	\N	6	\N	6	2017-06-30 00:00:00.000	2017-06-30 08:35:05.077
8894	1U9045	10242	\N	6	\N	6	2017-06-30 00:00:00.000	2017-06-30 09:46:52.650
8895	4HC	16686	\N	6	\N	6	2017-06-30 00:00:00.000	2017-06-30 10:14:02.853
8896	1C9477	16687	\N	6	\N	6	2017-06-30 00:00:00.000	2017-06-30 10:22:37.297
8897	1E9136	16688	\N	6	\N	6	2017-06-30 00:00:00.000	2017-06-30 10:30:34.233
8898	4GU	16690	\N	6	\N	6	2017-06-30 00:00:00.000	2017-06-30 11:34:36.973
8899	2N9017	3593	\N	6	\N	1	2017-06-30 00:00:00.000	2017-06-30 12:32:03.207
8900	4ML	3545	\N	6	\N	6	2017-07-03 00:00:00.000	2017-07-03 11:24:17.427
8901	1E9141	16691	\N	6	\N	6	2017-07-03 00:00:00.000	2017-07-03 12:25:33.963
8902	1F9124	16692	\N	6	\N	6	2017-07-03 00:00:00.000	2017-07-03 13:08:42.587
8903	1C9503	12843	\N	6	\N	6	2017-07-03 00:00:00.000	2017-07-03 13:32:33.793
8904	4HP	8135	\N	6	\N	6	2017-07-05 00:00:00.000	2017-07-05 06:36:21.713
8905	1D9226	16693	\N	6	\N	6	2017-07-05 00:00:00.000	2017-07-05 08:27:37.480
8906	1T9311	16694	\N	6	\N	6	2017-07-05 00:00:00.000	2017-07-05 09:11:18.720
8907	1F9081	13017	\N	6	\N	6	2017-07-05 00:00:00.000	2017-07-05 10:16:53.500
8908	4LE	10831	\N	6	\N	6	2017-07-05 00:00:00.000	2017-07-05 10:36:28.777
8909	1R9210	3355	\N	6	\N	6	2017-07-05 00:00:00.000	2017-07-05 13:26:07.327
8910	1C9498	1732	\N	6	\N	6	2017-07-05 00:00:00.000	2017-07-05 14:09:44.370
8911	1F9125	16695	\N	6	\N	6	2017-07-05 00:00:00.000	2017-07-05 15:01:42.393
8912	1D9227	5093	\N	6	\N	6	2017-07-06 00:00:00.000	2017-07-06 08:00:26.080
8913	1J9119	16696	\N	6	\N	6	2017-07-06 00:00:00.000	2017-07-06 08:08:29.743
8914	1A9285	12792	\N	6	\N	6	2017-07-06 00:00:00.000	2017-07-06 08:29:13.220
8915	4HF	3886	\N	6	\N	6	2017-07-06 00:00:00.000	2017-07-06 08:44:53.917
8916	4PM	16697	\N	6	\N	6	2017-07-06 00:00:00.000	2017-07-06 09:01:04.973
8917	1A9286	16699	\N	6	\N	6	2017-07-06 00:00:00.000	2017-07-06 10:31:57.587
8918	1C9428	16700	\N	6	\N	6	2017-07-06 00:00:00.000	2017-07-06 10:46:16.103
8919	3M9001	4730	\N	6	\N	12	2017-07-06 00:00:00.000	2017-07-06 11:02:39.483
8920	1S9415	16702	\N	6	\N	6	2017-07-06 00:00:00.000	2017-07-06 11:26:15.060
8921	1B9316	16703	\N	6	\N	6	2017-07-06 00:00:00.000	2017-07-06 12:04:14.287
8922	1N9100	3372	\N	6	\N	6	2017-07-06 00:00:00.000	2017-07-06 12:17:17.847
8923	1F9106	16704	\N	6	\N	6	2017-07-06 00:00:00.000	2017-07-06 13:52:56.080
8924	1S9358	16705	\N	6	\N	6	2017-07-06 00:00:00.000	2017-07-06 14:12:57.563
8925	1U9021	10240	\N	6	\N	6	2017-07-06 00:00:00.000	2017-07-06 14:33:05.210
8926	1M9380	16707	\N	6	\N	6	2017-07-06 00:00:00.000	2017-07-06 15:17:22.580
8927	1R9844	16567	\N	6	\N	6	2017-07-06 00:00:00.000	2017-07-06 15:25:30.253
8928	1V9061	16708	\N	6	\N	6	2017-07-07 00:00:00.000	2017-07-07 06:17:35.070
8929	1P9217	16709	\N	6	\N	6	2017-07-07 00:00:00.000	2017-07-07 06:50:09.957
8930	1T9273	16710	\N	6	\N	6	2017-07-07 00:00:00.000	2017-07-07 08:32:16.430
8931	1V9060	16711	\N	6	\N	6	2017-07-07 00:00:00.000	2017-07-07 09:12:26.743
8932	1V9203	16542	\N	5	\N	6	2017-07-07 00:00:00.000	2017-07-07 11:38:54.363
8933	57M	7992	\N	6	\N	6	2017-07-07 00:00:00.000	2017-07-07 12:41:22.910
8934	1S9344	3200	\N	5	\N	6	2017-07-07 00:00:00.000	2017-07-07 13:59:44.447
8935	1A9247	16714	\N	6	\N	6	2017-07-07 00:00:00.000	2017-07-07 15:14:50.593
8936	571	8704	\N	6	\N	6	2017-07-07 00:00:00.000	2017-07-07 15:32:36.027
8937	XPM	16457	\N	6	\N	6	2017-07-10 00:00:00.000	2017-07-10 10:34:03.757
8938	7GY	16304	\N	6	\N	6	2017-07-10 00:00:00.000	2017-07-10 11:53:01.890
8939	4M9062	16701	\N	6	\N	6	2017-07-10 00:00:00.000	2017-07-10 14:29:35.743
8940	4C9474	16648	\N	6	\N	6	2017-07-10 00:00:00.000	2017-07-10 14:49:49.567
8941	4T9277	16637	\N	6	\N	6	2017-07-10 00:00:00.000	2017-07-10 14:58:50.670
8942	1D9797	16603	\N	6	\N	6	2017-07-10 00:00:00.000	2017-07-10 15:07:22.333
8943	1K9356	14004	\N	6	\N	6	2017-07-10 00:00:00.000	2017-07-10 15:30:40.813
8944	1C9443	16717	\N	6	\N	6	2017-07-11 00:00:00.000	2017-07-11 07:24:29.280
8945	1B9269	16718	\N	6	\N	6	2017-07-11 00:00:00.000	2017-07-11 07:31:09.657
8946	1F9069	16719	\N	6	\N	6	2017-07-11 00:00:00.000	2017-07-11 07:45:44.740
8947	1H9196	16720	\N	6	\N	6	2017-07-11 00:00:00.000	2017-07-11 07:53:10.480
8948	1S9360	3195	\N	6	\N	6	2017-07-11 00:00:00.000	2017-07-11 08:08:45.763
8949	1S9369	16721	\N	6	\N	6	2017-07-11 00:00:00.000	2017-07-11 08:28:33.423
8950	1S9364	16722	\N	6	\N	6	2017-07-11 00:00:00.000	2017-07-11 09:30:57.167
8951	1W9167	1374	\N	6	\N	6	2017-07-11 00:00:00.000	2017-07-11 11:34:31.717
8952	1R9784	7177	\N	6	\N	6	2017-07-11 00:00:00.000	2017-07-11 14:45:27.677
8953	4B9157	16569	\N	6	\N	6	2017-07-11 00:00:00.000	2017-07-11 15:19:25.243
8954	4A9061	16563	\N	6	\N	\N	2017-07-11 00:00:00.000	2017-07-11 15:44:21.597
8955	1P9211	16725	\N	6	\N	6	2017-07-11 00:00:00.000	2017-07-11 15:45:54.933
8956	7H6	16583	\N	6	\N	6	2017-07-11 00:00:00.000	2017-07-11 16:02:33.053
8957	1U9167	16647	\N	6	\N	6	2017-07-11 00:00:00.000	2017-07-11 16:11:22.127
8958	1C9453	16726	\N	2	\N	6	2017-07-12 00:00:00.000	2017-07-12 07:33:21.370
8959	1G9020	16727	\N	6	\N	6	2017-07-12 00:00:00.000	2017-07-12 08:02:08.353
8960	4EC	16728	\N	6	\N	6	2017-07-12 00:00:00.000	2017-07-12 09:36:32.693
8961	4EG	16729	\N	9	\N	6	2017-07-12 00:00:00.000	2017-07-12 09:58:51.003
8962	1F9112	16730	\N	6	\N	6	2017-07-12 00:00:00.000	2017-07-12 11:30:27.720
8963	1K9109	16731	\N	6	\N	6	2017-07-12 00:00:00.000	2017-07-12 11:58:55.050
8964	1P9215	16732	\N	6	\N	6	2017-07-12 00:00:00.000	2017-07-12 12:14:31.083
8965	1A9253	16733	\N	6	\N	6	2017-07-12 00:00:00.000	2017-07-12 13:24:37.880
8966	1L9138	3558	\N	6	\N	6	2017-07-12 00:00:00.000	2017-07-12 14:08:15.207
8967	1J9104	16734	\N	6	\N	6	2017-07-12 00:00:00.000	2017-07-12 14:22:33.223
8968	1J9081	16735	\N	6	\N	6	2017-07-12 00:00:00.000	2017-07-12 15:22:51.790
8969	1J9100	16736	\N	6	\N	6	2017-07-12 00:00:00.000	2017-07-12 15:26:30.313
8970	1D9121	1805	\N	6	\N	6	2017-07-13 00:00:00.000	2017-07-13 08:30:05.237
8971	1C9436	16739	\N	6	\N	6	2017-07-13 00:00:00.000	2017-07-13 09:22:17.177
8972	1L9139	16740	\N	6	\N	6	2017-07-13 00:00:00.000	2017-07-13 09:37:27.890
8973	1S9362	16690	\N	6	\N	6	2017-07-13 00:00:00.000	2017-07-13 10:24:54.287
8974	1J9103	16753	\N	6	\N	6	2017-07-13 00:00:00.000	2017-07-13 12:31:55.243
8975	1F9117	16754	\N	6	\N	6	2017-07-13 00:00:00.000	2017-07-13 13:49:16.813
8976	1N9079	16755	\N	6	\N	6	2017-07-13 00:00:00.000	2017-07-13 15:47:37.820
8977	1B9290	16756	\N	6	\N	6	2017-07-13 00:00:00.000	2017-07-13 15:59:31.130
8978	4E8	16757	\N	6	\N	6	2017-07-13 00:00:00.000	2017-07-13 16:28:04.437
8979	1D9200	16758	\N	6	\N	6	2017-07-13 00:00:00.000	2017-07-13 16:42:28.990
8980	1S9363	18209	\N	6	\N	6	2017-07-14 00:00:00.000	2018-03-16 14:39:05.163
8981	2H9048	12633	\N	6	\N	1	2017-07-14 00:00:00.000	2017-07-14 09:00:16.247
8982	1S9418	10607	\N	6	\N	6	2017-07-14 00:00:00.000	2017-07-14 09:20:23.203
8983	1S9422	16760	\N	6	\N	6	2017-07-14 00:00:00.000	2017-07-14 10:07:37.310
8984	W0V	984	\N	2	\N	6	2017-07-14 00:00:00.000	2017-07-14 10:23:39.550
8985	1H9222	16761	\N	6	\N	6	2017-07-14 00:00:00.000	2017-07-14 10:40:12.303
8986	1G9148	16585	\N	6	\N	6	2017-07-14 00:00:00.000	2017-07-14 11:24:47.333
8987	1J9121	16763	\N	6	\N	6	2017-07-14 00:00:00.000	2017-07-14 13:07:55.287
8988	4A9060	16555	\N	6	\N	6	2017-07-14 00:00:00.000	2017-07-14 13:36:10.933
8989	4T9272	16568	\N	6	\N	6	2017-07-14 00:00:00.000	2017-07-14 13:44:42.410
8990	49Z	16765	\N	6	\N	6	2017-07-14 00:00:00.000	2017-07-14 13:57:47.903
8991	1E9602	16570	\N	6	\N	6	2017-07-14 00:00:00.000	2017-07-14 14:16:37.580
8992	4B9155	16565	\N	6	\N	6	2017-07-14 00:00:00.000	2017-07-14 14:44:31.180
8993	4M9063	16581	\N	6	\N	6	2017-07-14 00:00:00.000	2017-07-14 14:50:22.073
8994	1M9725	16584	\N	9	\N	6	2017-07-14 00:00:00.000	2017-07-14 15:19:20.807
8995	2DE	16743	\N	6	\N	1	2017-07-14 00:00:00.000	2025-07-25 08:38:18.863
8996	1N9081	16769	\N	6	\N	6	2017-07-17 00:00:00.000	2017-07-17 08:22:45.997
8997	1T9299	16770	\N	6	\N	6	2017-07-17 00:00:00.000	2017-07-17 08:34:05.287
8998	1N9075	16771	\N	6	\N	6	2017-07-17 00:00:00.000	2017-07-17 09:14:04.647
8999	1D9203	16772	\N	6	\N	6	2017-07-17 00:00:00.000	2017-07-17 09:23:41.507
9000	1R9145	16773	\N	6	\N	6	2017-07-17 00:00:00.000	2017-07-17 09:34:35.193
9001	1C9462	16774	\N	6	\N	6	2017-07-17 00:00:00.000	2017-07-17 09:49:13.473
9002	XL9009	3317	\N	6	\N	31	2017-07-17 00:00:00.000	2017-07-17 10:42:34.193
9003	1C9376	16776	\N	6	\N	6	2017-07-17 00:00:00.000	2017-07-17 10:59:45.577
9004	1N9085	16777	\N	6	\N	6	2017-07-17 00:00:00.000	2017-07-17 11:17:29.373
9005	1W9184	16778	\N	6	\N	6	2017-07-17 00:00:00.000	2017-07-17 11:53:58.197
9006	7GE	16591	\N	6	\N	6	2017-07-17 00:00:00.000	2017-07-17 11:58:43.677
9007	4S9450	16465	\N	9	\N	6	2017-07-17 00:00:00.000	2018-04-11 17:16:43.857
9008	1N9086	16781	\N	6	\N	6	2017-07-17 00:00:00.000	2017-07-17 13:08:26.060
9009	3A9005	16785	\N	6	\N	12	2017-07-17 00:00:00.000	2017-07-17 14:59:42.683
9010	1W9202	16786	\N	6	\N	6	2017-07-17 00:00:00.000	2017-07-17 15:14:55.333
9011	1F9130	16787	\N	6	\N	6	2017-07-18 00:00:00.000	2017-07-18 06:17:00.157
9012	1J9124	4620	\N	6	\N	6	2017-07-18 00:00:00.000	2017-07-18 07:14:49.637
9013	1U9047	16788	\N	6	\N	6	2017-07-18 00:00:00.000	2017-07-18 07:49:33.753
9014	1B9318	16791	\N	6	\N	6	2017-07-18 00:00:00.000	2017-07-18 13:50:28.587
9015	1G9154	16792	\N	6	\N	6	2017-07-18 00:00:00.000	2017-07-18 14:08:50.293
9016	1A9142	16793	\N	6	\N	6	2017-07-18 00:00:00.000	2017-07-18 14:18:24.450
9018	1L9161	16796	\N	6	\N	6	2017-07-18 00:00:00.000	2017-07-18 15:18:36.373
9019	4K6	16798	\N	6	\N	6	2017-07-19 00:00:00.000	2017-07-19 07:35:24.957
9020	1H9230	16800	\N	6	\N	6	2017-07-19 00:00:00.000	2017-07-19 11:23:48.630
9021	1E9152	16801	\N	6	\N	6	2017-07-19 00:00:00.000	2017-07-19 11:41:05.080
9022	1T9359	16802	\N	6	\N	6	2017-07-19 00:00:00.000	2017-07-19 11:52:21.810
9023	1A9294	16803	\N	6	\N	6	2017-07-19 00:00:00.000	2017-07-19 12:07:30.527
9024	1Z9544	16599	\N	6	\N	6	2017-07-19 00:00:00.000	2017-07-19 13:20:50.967
9025	4JL	3685	\N	6	\N	6	2017-07-19 00:00:00.000	2017-11-03 16:24:15.917
9026	1W9205	16804	\N	6	\N	6	2017-07-19 00:00:00.000	2017-07-19 14:15:36.613
9027	1F9129	16805	\N	6	\N	6	2017-07-19 00:00:00.000	2017-07-19 14:33:57.413
9028	4M9060	16589	\N	6	\N	6	2017-07-19 00:00:00.000	2017-07-19 14:59:12.677
9029	1H9713	16590	\N	6	\N	6	2017-07-19 00:00:00.000	2017-07-19 15:24:16.520
9030	1Z9545	16655	\N	6	\N	6	2017-07-19 00:00:00.000	2017-07-19 15:41:06.043
9031	1H9232	16806	\N	6	\N	6	2017-07-20 00:00:00.000	2017-07-20 06:35:47.507
9032	1M9427	16807	\N	6	\N	6	2017-07-20 00:00:00.000	2017-07-20 07:06:32.523
9033	1P9248	16808	\N	6	\N	6	2017-07-20 00:00:00.000	2017-07-20 07:16:12.313
9034	1J9128	16810	\N	6	\N	6	2017-07-20 00:00:00.000	2017-07-20 07:55:38.400
9035	1B9321	16812	\N	6	\N	6	2017-07-20 00:00:00.000	2017-07-20 09:10:19.883
9036	4BE	16813	\N	6	\N	6	2017-07-20 00:00:00.000	2017-07-20 09:29:39.840
9037	1S9431	16816	\N	6	\N	6	2017-07-20 00:00:00.000	2017-07-20 10:09:28.483
9038	1F9128	16817	\N	6	\N	6	2017-07-20 00:00:00.000	2017-07-20 11:04:12.477
9039	4A9064	16814	\N	6	\N	6	2017-07-20 00:00:00.000	2017-07-20 11:43:45.723
9040	1V9066	16821	\N	6	\N	6	2017-07-20 00:00:00.000	2017-07-20 11:52:02.087
9041	1G9416	11901	\N	6	\N	6	2017-07-20 00:00:00.000	2017-07-20 12:30:23.090
9042	2T9016	16749	\N	6	\N	1	2017-07-20 00:00:00.000	2017-07-20 13:34:23.397
9043	1R9216	16826	\N	6	\N	6	2017-07-20 00:00:00.000	2017-07-20 13:38:49.627
9044	1S9436	16828	\N	6	\N	6	2017-07-20 00:00:00.000	2017-07-20 14:13:13.853
9045	UH5	16833	\N	1	\N	54	2017-07-20 00:00:00.000	2017-07-20 15:14:16.270
9046	L06	15891	\N	13	\N	8	2017-07-20 00:00:00.000	2022-06-14 11:13:31.883
9047	1P9246	16836	\N	6	\N	6	2017-07-21 00:00:00.000	2017-07-21 06:19:01.200
9048	1P9243	16837	\N	6	\N	6	2017-07-21 00:00:00.000	2017-07-21 07:02:56.560
9049	1T9366	16838	\N	6	\N	6	2017-07-21 00:00:00.000	2017-07-21 07:44:39.770
9050	1S9427	16839	\N	6	\N	6	2017-07-21 00:00:00.000	2017-07-21 08:17:45.263
9051	1N9107	16841	\N	6	\N	6	2017-07-21 00:00:00.000	2017-07-21 09:00:14.387
9052	1K9377	16674	\N	6	\N	6	2017-07-21 00:00:00.000	2017-07-21 10:01:35.430
9053	1M9437	16842	\N	6	\N	6	2017-07-21 00:00:00.000	2017-07-21 10:02:52.120
9054	1C9519	16843	\N	2	\N	6	2017-07-21 00:00:00.000	2017-07-21 11:25:00.233
9055	1E9151	16846	\N	6	\N	6	2017-07-21 00:00:00.000	2017-07-21 11:45:17.580
9056	LZR	1706	\N	1	\N	8	2017-07-21 00:00:00.000	2023-06-01 18:35:59.310
9057	1H9008	16847	\N	6	\N	6	2017-07-21 00:00:00.000	2017-07-21 13:21:38.590
9058	1T9369	16848	\N	6	\N	6	2017-07-21 00:00:00.000	2017-07-21 13:42:26.377
9059	4P6	16849	\N	6	\N	6	2017-07-21 00:00:00.000	2017-07-21 13:55:18.797
9060	1W9602	16779	\N	1	\N	6	2017-07-21 00:00:00.000	2017-07-21 13:55:57.250
9061	4A9066	16784	\N	6	\N	6	2017-07-21 00:00:00.000	2017-07-21 14:22:09.967
9062	1L9147	16850	\N	6	\N	6	2017-07-21 00:00:00.000	2017-07-21 14:27:01.453
9063	4B9159	16706	\N	6	\N	6	2017-07-21 00:00:00.000	2017-07-21 14:32:33.657
9064	1F9410	16768	\N	6	\N	6	2017-07-21 00:00:00.000	2017-07-21 14:37:01.647
9065	4M9065	16834	\N	6	\N	6	2017-07-21 00:00:00.000	2017-07-21 14:38:32.253
9066	1W9600	16544	\N	6	\N	6	2017-07-21 00:00:00.000	2017-07-21 14:58:00.680
9067	1M9307	16851	\N	1	\N	6	2017-07-26 00:00:00.000	2017-07-21 15:25:29.167
9068	1W9598	16819	\N	6	\N	6	2017-07-21 00:00:00.000	2017-07-21 15:34:49.673
9069	4B9160	16797	\N	6	\N	6	2017-07-21 00:00:00.000	2017-07-21 15:41:34.073
9070	41Y	15733	\N	6	\N	6	2017-07-21 00:00:00.000	2017-07-21 15:50:24.180
9071	1P9794	16789	\N	2	\N	\N	2017-07-21 00:00:00.000	2017-07-21 16:05:01.803
9072	1R9199	16855	\N	6	\N	6	2017-07-24 00:00:00.000	2017-07-24 09:57:34.927
9073	1G9004	16856	\N	1	\N	6	2017-07-24 00:00:00.000	2017-07-24 10:13:11.320
9074	1R9195	2442	\N	6	\N	6	2017-07-24 00:00:00.000	2017-07-24 10:27:07.557
9075	1M9449	16865	\N	6	\N	6	2017-07-24 00:00:00.000	2017-07-24 11:02:23.547
9076	1C9026	16794	\N	6	\N	6	2017-07-24 00:00:00.000	2017-07-24 11:15:49.757
9077	1H9212	16866	\N	6	\N	6	2017-07-24 00:00:00.000	2017-07-24 11:19:14.147
9078	1R9044	16867	\N	6	\N	6	2017-07-24 00:00:00.000	2017-07-24 11:44:30.080
9079	1B9292	16868	\N	6	\N	6	2017-07-24 00:00:00.000	2017-07-24 11:48:00.680
9080	1B9077	16869	\N	6	\N	6	2017-07-24 00:00:00.000	2017-07-24 12:13:01.090
9081	1R9014	16871	\N	6	\N	6	2017-07-24 00:00:00.000	2017-07-24 12:31:46.990
9082	1C9466	16872	\N	6	\N	6	2017-07-24 00:00:00.000	2017-07-24 12:38:45.900
9083	4G8	16873	\N	6	\N	6	2017-07-24 00:00:00.000	2017-07-24 12:51:00.847
9084	1A9206	16652	\N	6	\N	6	2017-07-24 00:00:00.000	2017-07-24 14:23:50.103
9085	1M9387	16874	\N	6	\N	6	2017-07-24 00:00:00.000	2017-07-24 15:06:00.867
9086	1T9312	16875	\N	6	\N	6	2017-07-24 00:00:00.000	2017-07-24 15:55:38.833
9087	1T9350	16877	\N	6	\N	6	2017-07-25 00:00:00.000	2017-07-25 06:52:25.870
9088	1M9404	16878	\N	6	\N	6	2017-07-25 00:00:00.000	2017-07-25 07:05:02.143
9089	1L9165	16879	\N	6	\N	6	2017-07-25 00:00:00.000	2017-07-25 08:10:46.673
9090	1B9328	16880	\N	6	\N	6	2017-07-25 00:00:00.000	2017-07-25 08:30:57.517
9091	4SJ	16881	\N	6	\N	6	2017-07-25 00:00:00.000	2017-07-25 08:43:35.023
9092	1M9436	16882	\N	6	\N	6	2017-07-25 00:00:00.000	2017-07-25 08:58:37.313
9093	1K9123	16883	\N	6	\N	6	2017-07-25 00:00:00.000	2017-07-25 09:26:41.070
9094	1N9109	16884	\N	6	\N	6	2017-07-25 00:00:00.000	2017-07-25 09:40:17.997
9095	1R9227	16885	\N	6	\N	6	2017-07-25 00:00:00.000	2017-07-25 09:58:02.043
9096	1A9299	16886	\N	6	\N	6	2017-07-25 00:00:00.000	2017-07-25 10:13:02.447
9097	4TB	16889	\N	6	\N	6	2017-07-25 00:00:00.000	2017-07-25 11:06:05.617
9098	1A9318	16888	\N	6	\N	6	2017-07-25 00:00:00.000	2017-07-25 11:13:15.770
9099	1P9228	16890	\N	6	\N	6	2017-07-25 00:00:00.000	2017-07-25 11:15:59.773
9100	1A9271	16894	\N	1	\N	6	2017-07-25 00:00:00.000	2017-07-25 12:00:27.487
9101	1J9107	16895	\N	6	\N	6	2017-07-25 00:00:00.000	2017-07-25 12:16:33.550
9102	1J9140	16896	\N	6	\N	6	2017-07-25 00:00:00.000	2017-07-25 12:19:19.223
9103	1B9337	16898	\N	6	\N	6	2017-07-25 00:00:00.000	2017-07-25 13:41:22.340
9104	1T9385	16900	\N	6	\N	6	2017-07-25 00:00:00.000	2017-07-25 14:03:21.747
9105	1W9176	16901	\N	6	\N	6	2017-07-25 00:00:00.000	2017-07-25 14:24:36.720
9106	1D9243	16902	\N	6	\N	6	2017-07-25 00:00:00.000	2017-07-25 14:30:21.153
9107	1E9161	16903	\N	6	\N	6	2017-07-25 00:00:00.000	2017-07-25 15:02:18.333
9108	1L9085	16905	\N	6	\N	6	2017-07-25 00:00:00.000	2017-07-25 15:40:57.950
9109	1C9525	16904	\N	6	\N	6	2017-07-26 00:00:00.000	2017-07-26 06:11:58.993
9110	1F9133	16907	\N	6	\N	6	2017-07-26 00:00:00.000	2017-07-26 06:56:16.270
9111	1G9164	16909	\N	6	\N	6	2017-07-26 00:00:00.000	2017-07-26 07:16:00.263
9112	1P9254	16910	\N	6	\N	6	2017-07-26 00:00:00.000	2017-07-26 08:06:33.720
9113	1G9126	16911	\N	6	\N	6	2017-07-26 00:00:00.000	2017-07-26 08:22:00.753
9114	1E9164	16912	\N	6	\N	6	2017-07-26 00:00:00.000	2017-07-26 08:45:14.677
9115	1A9306	16913	\N	6	\N	6	2017-07-26 00:00:00.000	2017-07-26 09:28:13.970
9116	1G9165	16915	\N	6	\N	6	2017-07-26 00:00:00.000	2017-07-26 10:20:47.970
9117	1M9447	16916	\N	6	\N	6	2017-07-26 00:00:00.000	2017-07-26 11:22:52.133
9118	1E9610	16906	\N	6	\N	6	2017-07-26 00:00:00.000	2019-08-09 15:12:52.497
9119	1T9378	16917	\N	6	\N	6	2017-07-26 00:00:00.000	2017-07-26 11:46:27.290
9120	7HA	16860	\N	6	\N	6	2017-07-26 00:00:00.000	2017-07-26 11:55:04.507
9121	1S9445	16918	\N	6	\N	6	2017-07-26 00:00:00.000	2017-07-26 12:12:11.020
9122	1E9156	16920	\N	1	\N	6	2017-07-26 00:00:00.000	2017-07-26 13:24:46.533
9123	1S9461	16921	\N	6	\N	6	2017-07-26 00:00:00.000	2017-07-26 13:47:46.963
9124	1C9530	16922	\N	6	\N	6	2017-07-26 00:00:00.000	2017-07-26 14:12:38.840
9125	1W9212	16923	\N	6	\N	6	2017-07-26 00:00:00.000	2017-07-26 14:31:35.787
9126	1M9452	8314	\N	6	\N	6	2017-07-26 00:00:00.000	2017-07-26 15:03:17.447
9127	1X9002	16926	\N	6	\N	6	2017-07-26 00:00:00.000	2017-07-26 15:10:07.883
9128	4TJ	16927	\N	6	\N	6	2017-07-26 00:00:00.000	2017-07-26 15:38:20.937
9129	1T9294	16857	\N	6	\N	6	2017-07-26 00:00:00.000	2017-07-26 15:46:50.777
9130	1J9018	16929	\N	6	\N	6	2017-07-27 00:00:00.000	2017-07-27 07:26:35.343
9131	1S9020	16930	\N	3	2	6	2017-07-27 00:00:00.000	2017-07-27 08:47:28.980
9132	4F6	16931	\N	6	\N	6	2017-07-27 00:00:00.000	2017-07-27 10:07:03.527
9133	1G9086	16934	\N	6	\N	6	2017-07-27 00:00:00.000	2017-07-27 10:35:15.707
9134	1T9386	16933	\N	6	\N	6	2017-07-27 00:00:00.000	2017-07-27 10:37:12.537
9135	4FU	16935	\N	6	\N	6	2017-07-27 00:00:00.000	2017-07-27 10:49:48.390
9136	1G9134	16936	\N	6	\N	6	2017-07-27 00:00:00.000	2017-07-27 11:27:22.577
9137	4J1	16937	\N	6	\N	6	2017-07-27 00:00:00.000	2017-07-27 11:51:09.387
9138	1T9384	16939	\N	6	\N	6	2017-07-27 00:00:00.000	2017-07-27 12:18:14.287
9139	1K9124	16938	\N	6	\N	6	2017-07-27 00:00:00.000	2017-07-27 12:18:42.897
9140	1B9298	16940	\N	6	\N	6	2017-07-27 00:00:00.000	2017-07-27 13:15:26.963
9141	4FE	16941	\N	6	\N	6	2017-07-27 00:00:00.000	2017-07-27 13:43:56.990
9142	1H9019	16942	\N	6	\N	6	2017-07-27 00:00:00.000	2017-07-27 14:28:03.253
9143	4FC	16943	\N	6	\N	6	2017-07-27 00:00:00.000	2017-07-27 14:33:01.480
9144	1D9043	16944	\N	6	\N	6	2017-07-27 00:00:00.000	2017-07-27 14:36:12.720
9145	4A6	16945	\N	6	\N	6	2017-07-27 00:00:00.000	2017-07-27 14:44:02.157
9146	1H9243	16947	\N	6	\N	6	2017-07-27 00:00:00.000	2017-07-27 15:00:22.353
9147	1G9077	16946	\N	6	\N	6	2017-07-27 00:00:00.000	2017-07-27 15:06:39.173
9148	1S9455	16948	\N	6	\N	6	2017-07-27 00:00:00.000	2017-07-27 15:12:30.813
9149	1S9459	16949	\N	6	\N	6	2017-07-27 00:00:00.000	2017-07-27 15:31:10.550
9150	1B9347	16950	\N	6	\N	6	2017-07-28 00:00:00.000	2017-07-28 07:09:29.850
9151	1R9047	16952	\N	6	\N	6	2017-07-28 00:00:00.000	2017-07-28 07:44:40.173
9152	4L1	16953	\N	6	\N	6	2017-07-28 00:00:00.000	2017-07-28 08:44:48.413
9153	1B9212	12799	\N	6	\N	6	2017-07-28 00:00:00.000	2017-07-28 09:26:53.527
9154	1C9025	16956	\N	6	\N	6	2017-07-28 00:00:00.000	2017-07-28 10:00:30.080
9155	1P9227	16959	\N	6	\N	6	2017-07-28 00:00:00.000	2017-07-28 10:16:56.407
9156	1B9053	16958	\N	6	\N	6	2017-07-28 00:00:00.000	2017-07-28 10:35:58.690
9157	1B9272	16960	\N	6	\N	6	2017-07-28 00:00:00.000	2017-07-28 10:39:41.427
9158	1B9256	16962	\N	6	\N	6	2017-07-28 00:00:00.000	2017-07-28 10:55:10.860
9159	1T9392	11459	\N	6	\N	6	2017-07-28 00:00:00.000	2017-07-28 11:39:07.950
9160	1F9007	16966	\N	6	\N	6	2017-07-28 00:00:00.000	2017-07-28 12:03:10.563
9161	1E9057	16968	\N	6	\N	6	2017-07-28 00:00:00.000	2017-07-28 12:25:19.560
9162	1C9456	16969	\N	6	\N	6	2017-07-28 00:00:00.000	2017-07-28 12:33:58.807
9163	1N9089	16970	\N	6	\N	6	2017-07-28 00:00:00.000	2017-07-28 12:53:49.137
9164	1T9322	16971	\N	6	\N	6	2017-07-28 00:00:00.000	2017-07-28 13:23:51.453
9165	1S9442	16972	\N	6	\N	6	2017-07-28 00:00:00.000	2017-07-28 13:33:39.013
9166	1F9113	16973	\N	6	\N	6	2017-07-28 00:00:00.000	2017-07-28 13:40:53.303
9167	4GK	2557	\N	6	\N	6	2017-07-28 00:00:00.000	2017-07-28 13:52:18.503
9168	4HH	16974	\N	6	\N	6	2017-07-28 00:00:00.000	2017-07-28 13:53:52.883
9169	1C9480	16975	\N	6	\N	6	2017-07-28 00:00:00.000	2017-07-28 13:59:08.690
9170	1C9069	16976	\N	6	\N	6	2017-07-28 00:00:00.000	2017-07-28 14:18:22.857
9171	1M9041	12507	\N	6	\N	6	2017-07-28 00:00:00.000	2017-07-28 14:52:23.577
9172	4F5	16979	\N	6	\N	6	2017-07-28 00:00:00.000	2017-07-28 15:32:37.057
9173	1W9174	16978	\N	6	\N	6	2017-07-28 00:00:00.000	2017-07-28 15:38:22.380
9174	1P9370	4296	\N	6	\N	6	2017-07-31 00:00:00.000	2017-07-31 14:14:11.927
9175	1F9325	9639	\N	10	\N	6	2017-07-31 00:00:00.000	2017-07-31 16:26:03.307
9176	1C9559	16985	\N	6	\N	6	2017-08-01 00:00:00.000	2017-08-01 07:14:29.910
9177	1A9261	16986	\N	6	\N	6	2017-08-01 00:00:00.000	2017-08-01 10:44:15.500
9178	1A9344	16987	\N	6	\N	6	2017-08-01 00:00:00.000	2017-08-01 09:53:22.917
9179	4JE	3618	\N	6	\N	6	2017-08-01 00:00:00.000	2017-08-01 10:04:58.960
9180	4HL	3724	\N	6	\N	6	2017-08-01 00:00:00.000	2017-08-01 10:25:04.670
9181	1V9073	16990	\N	6	\N	6	2017-08-01 00:00:00.000	2017-08-01 11:12:47.757
9182	1C9460	16989	\N	6	\N	6	2017-08-01 00:00:00.000	2017-08-01 11:14:14.650
9183	1T9287	16994	\N	6	\N	6	2017-08-01 00:00:00.000	2017-08-01 12:28:31.593
9184	1Z9550	16924	\N	6	\N	6	2017-08-01 00:00:00.000	2017-08-01 13:16:28.270
9185	1H9270	16995	\N	6	\N	6	2017-08-01 00:00:00.000	2017-08-01 13:19:25.207
9186	1C9560	2104	\N	1	\N	6	2017-08-01 00:00:00.000	2017-08-01 14:26:11.777
9187	1Z9035	16997	\N	6	\N	6	2017-08-02 00:00:00.000	2017-08-02 06:44:39.983
9188	1A9375	4854	\N	6	\N	6	2017-08-02 00:00:00.000	2017-08-02 07:29:55.557
9189	1B9426	16998	\N	6	\N	6	2017-08-02 00:00:00.000	2017-08-02 07:41:18.870
9190	1C9588	17007	\N	6	\N	6	2017-08-02 00:00:00.000	2017-08-02 08:11:05.963
9191	1U9055	17008	\N	6	\N	6	2017-08-02 00:00:00.000	2017-08-02 08:37:17.103
9192	4YK	17009	\N	6	\N	6	2017-08-02 00:00:00.000	2017-08-02 09:06:04.650
9193	1T9468	17012	\N	6	\N	6	2017-08-02 00:00:00.000	2017-08-02 09:32:30.050
9194	1A9379	2174	\N	1	\N	6	2017-08-02 00:00:00.000	2017-08-02 09:49:42.740
9195	1A9378	17013	\N	6	\N	6	2017-08-02 00:00:00.000	2017-08-02 10:52:26.153
9196	1M9148	17014	\N	6	\N	6	2017-08-02 00:00:00.000	2017-08-02 12:04:00.933
9197	4B9102	16505	\N	6	\N	6	2017-08-02 00:00:00.000	2017-08-02 13:40:31.727
9198	1K9378	16542	\N	5	\N	6	2017-08-02 00:00:00.000	2019-10-21 16:07:17.510
9199	1S9577	17016	\N	6	\N	6	2017-08-02 00:00:00.000	2017-08-02 13:53:17.767
9200	1S9608	17017	\N	6	\N	6	2017-08-02 00:00:00.000	2017-08-02 14:18:57.287
9201	5TC	17018	\N	1	\N	6	2017-08-02 00:00:00.000	2017-08-02 14:37:24.890
9202	1R9298	17019	\N	1	\N	6	2017-08-02 00:00:00.000	2017-08-02 14:52:22.140
9203	1EU	11161	\N	5	\N	6	2017-08-02 00:00:00.000	2017-08-02 14:57:37.870
9204	1A9393	13093	\N	6	\N	6	2017-08-03 00:00:00.000	2017-08-03 06:35:11.800
9205	1WE	17021	\N	6	\N	6	2017-08-03 00:00:00.000	2017-08-03 07:16:55.747
9206	1M9159	8235	\N	6	\N	6	2017-08-03 00:00:00.000	2017-08-03 08:17:08.823
9207	1W9258	17022	\N	6	\N	6	2017-08-03 00:00:00.000	2017-08-03 08:34:18.907
9208	1A9397	17023	\N	6	\N	6	2017-08-03 00:00:00.000	2017-08-03 08:58:32.610
9209	1C9624	17024	\N	6	\N	6	2017-08-03 00:00:00.000	2017-08-03 09:24:12.333
9210	1X9003	17025	\N	6	\N	6	2017-08-03 00:00:00.000	2024-10-08 15:12:21.530
9211	1D9330	17027	\N	6	\N	6	2017-08-03 00:00:00.000	2017-08-03 10:05:35.953
9212	1Z9117	17028	\N	6	\N	6	2017-08-03 00:00:00.000	2017-08-03 10:44:11.573
9213	1T9495	17030	\N	6	\N	6	2017-08-03 00:00:00.000	2017-08-03 10:58:47.467
9214	1C9628	17031	\N	6	\N	6	2017-08-03 00:00:00.000	2017-08-03 11:13:51.973
9215	1S9617	17032	\N	6	\N	6	2017-08-03 00:00:00.000	2017-08-03 11:26:09.277
9216	1C9604	8776	\N	1	\N	6	2017-08-03 00:00:00.000	2017-08-03 11:41:25.263
9217	4ZZ	17033	\N	6	\N	6	2017-08-03 00:00:00.000	2017-08-03 11:54:39.603
9218	1C9587	17034	\N	1	\N	6	2017-08-03 00:00:00.000	2017-08-03 12:19:48.657
9219	130	2967	\N	6	\N	6	2017-08-03 00:00:00.000	2017-08-03 13:47:06.130
9220	1C9636	5656	\N	6	\N	5	2017-08-03 00:00:00.000	2017-08-03 14:03:22.177
9221	139002	1940	\N	6	\N	6	2017-08-03 00:00:00.000	2017-08-03 15:24:55.500
9222	1M9933	21747	\N	6	\N	6	2017-08-03 00:00:00.000	2026-07-14 16:49:10.293
9223	1P9317	14178	\N	6	\N	6	2017-08-04 00:00:00.000	2017-08-04 06:35:52.843
9224	1W9261	17035	\N	6	\N	6	2017-08-04 00:00:00.000	2017-08-04 07:02:38.633
9225	1T0	10836	\N	6	\N	6	2017-08-04 00:00:00.000	2017-08-04 07:15:10.197
9226	1K9157	17037	\N	6	\N	6	2017-08-04 00:00:00.000	2017-08-04 07:53:14.197
9227	4NP	11684	\N	6	\N	6	2017-08-04 00:00:00.000	2017-08-04 08:29:30.743
9228	1H9307	17038	\N	6	\N	6	2017-08-04 00:00:00.000	2017-08-04 09:08:19.967
9229	19Z	17039	\N	1	\N	6	2017-08-04 00:00:00.000	2017-08-04 09:27:40.360
9230	1J9184	17040	\N	6	\N	6	2017-08-04 00:00:00.000	2017-08-04 09:42:56.470
9231	1S9627	17041	\N	6	\N	6	2017-08-04 00:00:00.000	2017-08-04 09:55:23.680
9232	1T9501	17042	\N	6	\N	6	2017-08-04 00:00:00.000	2017-08-04 10:07:53.247
9233	1B9414	17043	\N	6	\N	6	2017-08-04 00:00:00.000	2017-08-04 10:54:49.473
9234	1M9147	17044	\N	6	\N	6	2017-08-04 00:00:00.000	2017-08-04 11:18:28.687
9235	1T9519	8047	\N	6	\N	6	2017-08-04 00:00:00.000	2017-08-04 11:30:13.573
9236	1D9351	17045	\N	6	\N	6	2017-08-04 00:00:00.000	2017-08-04 11:38:01.200
9237	1V9043	17046	\N	6	\N	6	2017-08-04 00:00:00.000	2017-08-04 11:54:23.597
9238	3AE	17047	\N	6	\N	12	2017-08-04 00:00:00.000	2017-08-04 12:14:04.440
9239	1S9638	17048	\N	6	\N	6	2017-08-04 00:00:00.000	2017-08-04 13:43:11.893
9240	1V9084	10988	\N	6	\N	6	2017-08-04 00:00:00.000	2017-08-04 14:48:32.493
9241	1B9461	17051	\N	6	\N	6	2017-08-04 00:00:00.000	2017-08-04 15:02:36.143
9242	4G0	17052	\N	6	\N	6	2017-08-04 00:00:00.000	2017-08-04 15:24:51.240
9243	8X9001	17053	\N	6	\N	6	2017-08-07 00:00:00.000	2017-08-07 11:18:02.407
9244	43M	17056	\N	6	\N	6	2017-08-08 00:00:00.000	2017-08-08 06:31:26.547
9245	4D0	3432	\N	6	\N	6	2017-08-08 00:00:00.000	2017-08-08 07:35:25.557
9246	1S9643	2749	\N	6	\N	6	2017-08-08 00:00:00.000	2017-08-08 08:03:41.687
9247	1A9428	4482	\N	1	\N	6	2017-08-08 00:00:00.000	2017-08-08 08:55:22.597
9248	1Z9076	9001	\N	6	\N	6	2017-08-08 00:00:00.000	2024-10-08 14:57:53.973
9249	16G	16129	\N	6	\N	6	2017-08-08 00:00:00.000	2017-08-08 09:35:09.183
9250	1T9523	3205	\N	6	\N	6	2017-08-08 00:00:00.000	2017-08-08 10:01:07.237
9251	52R	8661	\N	9	\N	6	2017-08-08 00:00:00.000	2017-08-08 10:03:34.967
9252	4X3	17057	\N	6	\N	6	2017-08-08 00:00:00.000	2017-08-08 10:41:43.197
9253	1H9716	16656	\N	6	\N	6	2017-08-08 00:00:00.000	2017-08-08 11:47:40.440
9254	1L9218	15977	\N	6	\N	6	2017-08-08 00:00:00.000	2017-08-08 12:58:01.447
9255	1S9497	16977	\N	9	\N	6	2017-08-08 00:00:00.000	2017-08-08 14:32:21.950
9256	1L9232	3084	\N	6	\N	6	2017-08-09 00:00:00.000	2017-08-09 06:33:44.360
9257	1M9334	17065	\N	1	\N	6	2017-08-09 00:00:00.000	2017-08-09 07:13:37.047
9258	1P9345	17066	\N	6	\N	6	2017-08-09 00:00:00.000	2017-08-09 08:28:47.810
9259	1B9486	12616	\N	6	\N	6	2017-08-09 00:00:00.000	2017-08-09 10:07:50.530
9260	5AC	17067	\N	2	\N	6	2017-08-09 00:00:00.000	2017-08-09 10:15:31.263
9261	450	17069	\N	6	\N	6	2017-08-09 00:00:00.000	2017-08-09 10:32:00.537
9262	1E9235	17070	\N	6	\N	6	2017-08-09 00:00:00.000	2017-08-09 10:39:28.757
9263	1L9243	17071	\N	6	\N	6	2017-08-09 00:00:00.000	2017-08-09 10:59:27.697
9264	1W9288	17072	\N	6	\N	6	2017-08-09 00:00:00.000	2017-08-09 11:19:54.530
9265	1D9387	17073	\N	6	\N	6	2017-08-09 00:00:00.000	2017-08-09 11:41:13.997
9266	1B9489	17074	\N	6	\N	6	2017-08-09 00:00:00.000	2017-08-09 11:48:42.063
9267	1D9224	17075	\N	6	\N	6	2017-08-09 00:00:00.000	2017-08-09 12:16:55.397
9268	1K9172	10098	\N	6	\N	6	2017-08-09 00:00:00.000	2017-08-09 12:28:07.587
9269	1D9371	17078	\N	6	\N	6	2017-08-09 00:00:00.000	2017-08-09 14:02:31.317
9270	5AT	17079	\N	6	\N	6	2017-08-09 00:00:00.000	2017-08-09 14:14:09.513
9271	1T9518	17080	\N	6	\N	6	2017-08-09 00:00:00.000	2017-08-09 14:26:20.577
9272	1P9364	17081	\N	6	\N	6	2017-08-09 00:00:00.000	2017-08-09 14:30:45.403
9273	1E9185	17082	\N	6	\N	6	2017-08-09 00:00:00.000	2017-08-09 14:41:45.377
9274	1R9349	17083	\N	6	\N	6	2017-08-09 00:00:00.000	2017-08-09 15:17:03.457
9275	1T9577	17086	\N	6	\N	6	2017-08-09 00:00:00.000	2017-08-09 15:36:14.177
9276	1B9493	17087	\N	6	\N	6	2017-08-09 00:00:00.000	2017-08-09 15:48:04.790
9277	1A9416	5187	\N	6	\N	6	2017-08-10 00:00:00.000	2017-08-10 06:39:11.060
9278	1M9082	17064	\N	10	\N	6	2017-08-14 00:00:00.000	2017-08-10 07:53:24.320
9279	1DR	17089	\N	6	\N	6	2017-08-10 00:00:00.000	2017-08-10 08:37:38.290
9280	12H	17090	\N	6	\N	6	2017-08-10 00:00:00.000	2017-08-10 09:43:02.667
9281	1E9207	8978	\N	6	\N	6	2017-08-10 00:00:00.000	2017-08-10 13:54:55.380
9282	1C9713	17098	\N	6	\N	6	2017-08-10 00:00:00.000	2017-08-10 14:07:32.557
9283	1C9705	3491	\N	6	\N	6	2017-08-10 00:00:00.000	2017-08-10 15:30:42.023
9284	1D9382	17097	\N	6	\N	6	2017-08-10 00:00:00.000	2017-08-10 15:34:56.117
9285	1M9005	17096	\N	6	\N	6	2017-08-11 00:00:00.000	2017-08-11 07:16:17.143
9286	1D9250	17091	\N	6	\N	6	2017-08-11 00:00:00.000	2017-08-11 07:30:50.120
9287	1B9513	17084	\N	6	\N	6	2017-08-11 00:00:00.000	2017-08-11 08:25:33.287
9288	1E9166	17094	\N	6	\N	6	2017-08-11 00:00:00.000	2017-08-11 08:43:45.553
9289	1E9179	8977	\N	6	\N	6	2017-08-11 00:00:00.000	2017-08-11 09:47:46.950
9290	1D9309	1877	\N	3	2	6	2017-08-11 00:00:00.000	2017-08-11 11:57:13.207
9291	1S9014	8206	\N	6	\N	6	2017-08-11 00:00:00.000	2017-08-11 14:40:43.617
9292	4LF	13015	\N	6	\N	6	2017-08-14 00:00:00.000	2017-08-14 08:33:05.733
9293	1H9245	17106	\N	6	\N	6	2017-08-14 00:00:00.000	2017-08-14 09:01:03.017
9294	1B9785	17111	\N	6	\N	6	2017-08-15 00:00:00.000	2017-08-15 11:51:15.853
9295	1B9801	10416	\N	1	\N	6	2017-08-15 00:00:00.000	2017-08-15 12:04:43.953
9296	1S9940	3339	\N	6	\N	6	2017-08-15 00:00:00.000	2017-08-15 14:39:36.170
9297	1Z9282	11602	\N	6	\N	6	2017-08-15 00:00:00.000	2017-08-15 15:43:17.820
9298	4C9479	17061	\N	6	\N	6	2017-08-16 00:00:00.000	2017-08-16 12:23:24.287
9299	349002	17003	\N	6	\N	6	2017-08-16 00:00:00.000	2017-08-16 14:20:03.677
9300	4T9279	17015	\N	6	\N	6	2017-08-16 00:00:00.000	2017-08-16 14:53:15.613
9301	5M0	9059	\N	6	\N	6	2017-08-16 00:00:00.000	2017-08-16 15:25:32.947
9302	1P9795	17092	\N	6	\N	6	2017-08-16 00:00:00.000	2017-08-16 16:30:34.157
9303	1B9759	10116	\N	1	\N	6	2017-08-17 00:00:00.000	2017-08-17 08:10:20.970
9304	1C9777	2135	\N	9	\N	6	2017-08-17 00:00:00.000	2017-08-17 11:01:31.293
9305	1R9400	5745	\N	6	\N	6	2017-08-17 00:00:00.000	2017-08-17 11:48:09.753
9306	5EW	8329	\N	6	\N	6	2017-08-17 00:00:00.000	2017-08-17 12:15:45.523
9307	1B9545	4771	\N	6	\N	6	2017-08-17 00:00:00.000	2017-08-17 13:09:23.933
9308	5EN	2717	\N	6	\N	6	2017-08-17 00:00:00.000	2017-08-17 13:23:48.333
9309	3J9001	16578	\N	6	\N	6	2017-08-17 00:00:00.000	2017-08-17 13:49:06.200
9310	1J9236	3648	\N	6	\N	6	2017-08-17 00:00:00.000	2017-08-17 13:53:52.443
9311	1T9629	2419	\N	6	\N	6	2017-08-17 00:00:00.000	2017-08-17 14:04:01.233
9312	4C9478	17049	\N	6	\N	6	2017-08-17 00:00:00.000	2021-02-23 14:58:24.037
9313	1M9AAA	2632	\N	6	\N	6	2017-08-17 00:00:00.000	2017-08-17 14:14:22.520
9314	1M9532	5986	\N	6	\N	6	2017-08-17 00:00:00.000	2017-08-17 14:23:59.800
9315	4C9477	17049	\N	9	\N	6	2017-08-17 00:00:00.000	2017-08-17 14:30:57.163
9316	1A9509	13222	\N	6	\N	6	2017-08-17 00:00:00.000	2017-08-17 14:57:29.800
9318	1L9274	3228	\N	6	\N	6	2017-08-17 00:00:00.000	2017-08-17 15:20:07.783
9319	1C9776	4542	\N	6	\N	6	2017-08-18 00:00:00.000	2017-08-18 07:38:12.057
9320	1B9555	1944	\N	6	\N	6	2017-08-18 00:00:00.000	2017-08-18 08:22:08.993
9321	1A9516	12521	\N	6	\N	6	2017-08-18 00:00:00.000	2017-08-18 09:04:02.670
9322	1T9576	2564	\N	6	\N	6	2017-08-18 00:00:00.000	2017-08-18 10:05:06.837
9323	1F9223	5360	\N	6	\N	6	2017-08-18 00:00:00.000	2017-08-18 11:07:19.050
9324	1D9407	2162	\N	6	\N	6	2017-08-18 00:00:00.000	2017-08-18 11:32:45.137
9325	1W9322	11224	\N	6	\N	6	2017-08-18 00:00:00.000	2017-08-18 11:56:31.917
9326	1C9774	5675	\N	6	\N	6	2017-08-18 00:00:00.000	2017-08-18 12:11:58.463
9327	1J9239	1858	\N	6	\N	6	2017-08-18 00:00:00.000	2017-08-18 13:15:41.500
9328	1B9538	8558	\N	6	\N	6	2017-08-18 00:00:00.000	2017-08-18 14:03:12.983
9329	8X9002	17126	\N	6	\N	16	2017-08-18 00:00:00.000	2017-08-18 14:32:11.433
9330	1H9367	9880	\N	6	\N	6	2017-08-18 00:00:00.000	2017-08-18 14:52:01.670
9331	SFE	9951	\N	5	\N	5	2017-08-21 00:00:00.000	2017-08-21 13:27:14.080
9332	1S9746	17129	\N	6	\N	6	2017-08-21 00:00:00.000	2017-08-21 13:56:58.020
9333	1D9436	17132	\N	6	\N	6	2017-08-21 00:00:00.000	2017-08-21 14:26:51.383
9334	1R9422	17133	\N	6	\N	6	2017-08-21 00:00:00.000	2017-08-21 15:10:40.533
9335	5F6	2160	\N	6	\N	6	2017-08-22 00:00:00.000	2017-08-22 06:37:22.120
9336	1L9283	10293	\N	6	\N	6	2017-08-22 00:00:00.000	2017-08-22 06:44:23.760
9337	1Z9146	11620	\N	6	\N	6	2017-08-22 00:00:00.000	2017-08-22 06:52:19.903
9338	1Z9156	3542	\N	6	\N	6	2017-08-22 00:00:00.000	2017-08-22 07:49:54.560
9339	1M9566	3746	\N	6	\N	6	2017-08-22 00:00:00.000	2017-08-22 08:26:31.030
9340	1R9423	3173	\N	1	\N	6	2017-08-22 00:00:00.000	2017-08-22 09:12:09.520
9341	1T9606	10397	\N	6	\N	6	2017-08-22 00:00:00.000	2017-08-22 09:21:04.740
9342	1A9536	12522	\N	6	\N	6	2017-08-22 00:00:00.000	2017-08-22 10:01:24.227
9343	1B9593	5603	\N	6	\N	6	2017-08-22 00:00:00.000	2017-08-22 10:36:46.987
9344	1R9429	3791	\N	6	\N	6	2017-08-22 00:00:00.000	2017-08-22 11:17:20.887
9345	1C9805	2039	\N	6	\N	6	2017-08-22 00:00:00.000	2017-08-22 11:48:42.670
9346	1S9770	10616	\N	6	\N	6	2017-08-22 00:00:00.000	2017-08-22 12:11:50.700
9347	1T9698	10842	\N	6	\N	6	2017-08-22 00:00:00.000	2017-08-22 12:35:24.980
9348	1T9719	8423	\N	6	\N	6	2017-08-22 00:00:00.000	2017-08-22 12:46:04.427
9349	7A9026	11009	\N	6	\N	56	2017-08-22 00:00:00.000	2017-08-22 13:34:11.150
9350	1E9285	5727	\N	6	\N	6	2017-08-22 00:00:00.000	2017-08-22 13:40:55.440
9351	1R9436	3548	\N	6	\N	6	2017-08-22 00:00:00.000	2017-08-22 13:53:33.773
9352	1G9297	4351	\N	7	\N	6	2017-08-25 00:00:00.000	2017-08-22 15:24:45.263
9353	7HB	7831	\N	6	\N	6	2017-08-22 00:00:00.000	2025-05-21 14:17:56.223
9354	4B9163	17113	\N	6	\N	6	2017-08-22 00:00:00.000	2017-08-22 16:03:05.987
9355	1W9346	9202	\N	6	\N	6	2017-08-23 00:00:00.000	2017-08-23 08:05:09.990
9356	1P9462	17141	\N	6	\N	6	2017-08-23 00:00:00.000	2017-08-23 08:32:19.443
9357	1S9825	3601	\N	6	\N	6	2017-08-23 00:00:00.000	2017-08-23 09:57:58.917
9358	1B9653	13059	\N	6	\N	6	2017-08-23 00:00:00.000	2017-08-23 10:11:07.983
9359	MRC	9400	\N	6	\N	30	2017-08-23 00:00:00.000	2017-08-23 10:29:51.637
9360	1M9552	2254	\N	6	\N	6	2017-08-23 00:00:00.000	2017-08-23 11:19:34.567
9361	1E9268	2716	\N	6	\N	6	2017-08-23 00:00:00.000	2017-08-23 11:26:38.433
9362	1J9245	8188	\N	6	\N	6	2017-08-23 00:00:00.000	2017-08-23 12:07:16.860
9363	1F9229	5359	\N	6	\N	6	2017-08-23 00:00:00.000	2017-08-23 12:26:06.130
9364	1G9255	4101	\N	6	\N	6	2017-08-23 00:00:00.000	2017-08-23 12:51:19.440
9365	1B9549	12687	\N	6	\N	6	2017-08-23 00:00:00.000	2017-08-23 13:42:16.907
9366	1R9387	2392	\N	6	\N	6	2017-08-23 00:00:00.000	2017-08-23 13:53:21.903
9367	1S9776	8136	\N	6	\N	6	2017-08-23 00:00:00.000	2017-08-23 14:08:30.747
9368	1M9580	2627	\N	1	\N	6	2017-08-23 00:00:00.000	2017-08-23 14:14:16.193
9369	1T9690	9188	\N	6	\N	6	2017-08-23 00:00:00.000	2017-08-23 14:32:54.620
9370	1S9932	9240	\N	1	\N	6	2017-08-23 00:00:00.000	2017-08-23 15:20:37.303
9371	1C9868	3486	\N	6	\N	6	2017-08-23 00:00:00.000	2017-08-23 15:29:54.070
9372	1S9960	10152	\N	6	\N	6	2017-08-24 00:00:00.000	2017-08-24 07:06:28.380
9373	1B9601	13056	\N	6	\N	6	2017-08-24 00:00:00.000	2017-08-24 09:01:57.460
9374	1C9810	12909	\N	6	\N	6	2017-08-24 00:00:00.000	2017-08-24 10:29:51.250
9375	1H9421	5667	\N	6	\N	6	2017-08-24 00:00:00.000	2017-08-24 10:50:33.730
9376	5KW	17153	\N	6	\N	6	2017-08-24 00:00:00.000	2017-08-24 12:22:58.637
9377	1G9283	4925	\N	9	\N	6	2017-08-24 00:00:00.000	2017-08-24 14:39:16.043
9378	3M7	7658	\N	6	\N	12	2017-08-24 00:00:00.000	2017-08-24 14:50:17.470
9379	1C9816	5265	\N	6	\N	6	2017-08-24 00:00:00.000	2017-08-24 15:33:38.573
9380	1P9463	11316	\N	1	\N	6	2017-08-25 00:00:00.000	2017-08-25 07:12:10.833
9381	1T9741	9942	\N	6	\N	6	2017-08-25 00:00:00.000	2017-08-25 07:36:28.483
9382	2M9153	2903	\N	6	\N	1	2017-08-25 00:00:00.000	2017-08-25 08:26:11.287
9383	1Z9205	5450	\N	6	\N	6	2017-08-25 00:00:00.000	2017-08-25 09:01:34.297
9384	1S9383	17101	\N	6	\N	6	2017-08-25 00:00:00.000	2017-08-25 09:50:29.270
9385	1S9822	2514	\N	6	\N	6	2017-08-25 00:00:00.000	2017-08-25 10:05:20.547
9386	1H9715	17103	\N	6	\N	6	2017-08-25 00:00:00.000	2017-08-25 10:09:37.930
9387	1R9845	17105	\N	6	\N	6	2017-08-25 00:00:00.000	2017-08-25 10:47:58.030
9388	1G9361	9977	\N	1	\N	6	2017-08-25 00:00:00.000	2017-08-25 10:58:50.063
9389	4C9475	17108	\N	6	\N	6	2017-08-25 00:00:00.000	2017-08-25 11:04:11.253
9390	1B9639	3789	\N	6	\N	6	2017-08-25 00:00:00.000	2017-08-25 11:25:40.923
9391	7G1	16712	\N	6	\N	6	2017-08-25 00:00:00.000	2017-08-25 11:53:56.363
9392	1H9409	5666	\N	6	\N	6	2017-08-25 00:00:00.000	2017-08-25 11:58:00.163
9393	4S9460	17149	\N	6	\N	6	2017-08-25 00:00:00.000	2017-08-25 11:58:33.967
9394	1T9723	11461	\N	6	\N	6	2017-08-25 00:00:00.000	2017-08-25 12:05:33.810
9395	1P9435	13559	\N	6	\N	6	2017-08-25 00:00:00.000	2017-08-25 12:11:06.793
9396	2D9053	1797	\N	6	\N	1	2017-08-25 00:00:00.000	2017-08-25 12:27:05.853
9397	1H9481	9957	\N	6	\N	6	2017-08-25 00:00:00.000	2017-08-25 13:09:52.713
9398	1S9743	5819	\N	6	\N	6	2017-08-25 00:00:00.000	2017-08-25 13:37:22.367
9399	1C9870	12589	\N	1	\N	6	2017-08-25 00:00:00.000	2020-01-02 09:16:26.643
9400	1Z9551	17011	\N	9	\N	6	2017-08-25 00:00:00.000	2017-08-25 13:48:43.667
9401	1R9383	9953	\N	1	\N	6	2017-08-25 00:00:00.000	2017-08-25 14:26:01.553
9402	3R9202	17123	\N	6	\N	12	2017-08-25 00:00:00.000	2017-08-25 14:55:52.763
9403	2C9075	12994	\N	6	\N	1	2017-08-25 00:00:00.000	2017-08-25 14:55:30.847
9404	4C9015	9949	\N	1	\N	6	2017-08-25 00:00:00.000	2017-08-25 15:30:32.793
9405	1C9999	10647	\N	1	\N	6	2017-08-25 00:00:00.000	2017-08-25 16:13:27.593
9406	1S9919	8703	\N	6	\N	6	2017-08-25 00:00:00.000	2017-08-25 16:56:14.110
9407	AF9EJ1	4633	\N	6	\N	10	2017-08-28 00:00:00.000	2017-08-28 09:29:39.197
9408	2C9173	5267	\N	6	\N	1	2017-08-28 00:00:00.000	2017-08-28 09:58:12.767
9409	2R9678	5267	\N	3	2	1	2017-08-28 00:00:00.000	2017-08-28 11:38:39.853
9410	1D9457	12869	\N	6	\N	6	2017-08-28 00:00:00.000	2017-08-28 12:29:14.417
9411	1K9219	2937	\N	1	\N	6	2017-08-28 00:00:00.000	2017-08-28 13:43:56.147
9412	3B9008	4632	\N	6	\N	12	2017-08-28 00:00:00.000	2017-08-28 13:51:13.667
9413	1Z9198	3973	\N	6	\N	6	2017-08-28 00:00:00.000	2017-08-28 13:57:21.250
9414	1G9288	4098	\N	6	\N	6	2017-08-28 00:00:00.000	2017-08-28 14:12:02.213
9415	1L9309	10822	\N	6	\N	6	2017-08-28 00:00:00.000	2017-08-28 14:24:42.107
9416	1R9460	10575	\N	6	\N	6	2017-08-28 00:00:00.000	2017-08-28 14:32:01.467
9417	1B9635	13053	\N	6	\N	6	2017-08-28 00:00:00.000	2017-08-28 14:39:20.543
9418	1S9266	9268	\N	6	\N	6	2017-08-28 00:00:00.000	2017-08-28 14:48:17.637
9419	5E8	4897	\N	1	\N	6	2017-08-28 00:00:00.000	2017-08-28 15:03:41.830
9420	1C9793	12805	\N	6	\N	6	2017-08-28 00:00:00.000	2017-08-28 15:10:36.963
9421	1W9341	1385	\N	6	\N	6	2017-08-28 00:00:00.000	2017-08-28 15:20:58.903
9422	1S9973	9941	\N	6	\N	6	2017-08-28 00:00:00.000	2017-08-28 15:21:04.053
9423	1B9609	13180	\N	6	\N	6	2017-08-28 00:00:00.000	2017-08-28 15:28:42.380
9424	1A9711	17159	\N	1	\N	6	2017-08-28 00:00:00.000	2017-08-28 16:13:58.690
9425	1J9337	17160	\N	1	\N	6	2017-08-28 00:00:00.000	2017-08-28 16:52:06.310
9426	2N9069	3591	\N	6	\N	1	2017-08-29 00:00:00.000	2017-08-29 07:02:31.627
9427	1B9617	4775	\N	6	\N	6	2017-08-29 00:00:00.000	2017-08-29 07:52:59.500
9428	1D9444	4692	\N	6	\N	6	2017-08-29 00:00:00.000	2017-08-29 08:13:39.450
9429	1W9353	11223	\N	6	\N	6	2017-08-29 00:00:00.000	2017-08-29 09:09:19.463
9430	1H9426	2071	\N	6	\N	6	2017-08-29 00:00:00.000	2017-08-29 09:30:34.797
9431	5BT	12585	\N	10	\N	6	2017-08-29 00:00:00.000	2017-08-29 10:30:07.453
9432	1M9724	9913	\N	6	\N	6	2017-08-29 00:00:00.000	2017-08-29 10:22:26.223
9433	1C9996	9912	\N	6	\N	6	2017-08-29 00:00:00.000	2017-08-29 10:59:33.283
9434	1B9743	10412	\N	6	\N	6	2017-08-29 00:00:00.000	2017-08-29 11:17:27.860
9435	1B9595	13055	\N	6	\N	6	2017-08-29 00:00:00.000	2017-08-29 11:34:00.910
9436	1F9255	5371	\N	6	\N	6	2017-08-29 00:00:00.000	2017-08-29 12:00:35.310
9437	1K9057	10108	\N	6	\N	6	2017-08-29 00:00:00.000	2017-08-29 12:41:57.963
9438	7HE	17050	\N	6	\N	6	2017-08-29 00:00:00.000	2017-08-29 12:47:32.457
9439	4YD	2347	\N	6	\N	6	2017-08-29 00:00:00.000	2025-09-02 11:02:04.703
9440	1J9030	17118	\N	6	\N	6	2017-08-29 00:00:00.000	2017-08-29 13:30:03.453
9441	1P9793	17131	\N	6	\N	6	2017-08-29 00:00:00.000	2017-08-29 16:21:37.053
9442	1S9216	10618	\N	6	\N	6	2017-08-30 00:00:00.000	2017-08-30 10:06:46.450
9443	1Z9548	17134	\N	6	\N	6	2017-08-30 00:00:00.000	2017-08-30 11:41:24.673
9444	4B9133	17127	\N	6	\N	6	2017-08-30 00:00:00.000	2017-08-30 11:55:06.043
9445	7HJ	17145	\N	6	\N	6	2017-08-30 00:00:00.000	2017-08-30 12:56:01.083
9446	1P9797	17144	\N	6	\N	6	2017-08-30 00:00:00.000	2017-08-30 13:43:56.637
9447	4S9459	17147	\N	6	\N	6	2017-08-30 00:00:00.000	2017-08-30 14:08:58.017
9448	1L9042	17154	\N	6	\N	6	2017-08-30 00:00:00.000	2017-08-30 14:45:07.543
9449	4B9076	17146	\N	6	\N	6	2017-08-30 00:00:00.000	2017-08-30 15:02:07.223
9450	1S9986	17164	\N	6	\N	6	2017-08-30 00:00:00.000	2017-08-30 16:39:16.250
9451	1M9620	4201	\N	6	\N	6	2017-08-31 00:00:00.000	2017-08-31 09:40:13.580
9452	1D9476	5113	\N	1	\N	6	2017-08-31 00:00:00.000	2017-08-31 11:03:13.933
9453	1R9465	3792	\N	6	\N	6	2017-08-31 00:00:00.000	2017-08-31 11:23:06.167
9454	1WF	22033	\N	6	\N	6	2017-08-31 00:00:00.000	2025-05-20 16:22:26.100
9455	1W0	22033	\N	6	\N	6	2017-08-31 00:00:00.000	2025-05-20 16:21:44.613
9456	1W4	22033	\N	6	\N	6	2017-08-31 00:00:00.000	2025-05-20 16:43:29.543
9457	1WC	22033	\N	6	\N	6	2017-08-31 00:00:00.000	2025-05-20 16:21:57.827
9458	2E9080	16852	\N	1	\N	1	2017-08-31 00:00:00.000	2017-08-31 12:06:12.557
9459	1S9967	17165	\N	1	\N	6	2017-08-31 00:00:00.000	2017-08-31 12:33:45.457
9460	1NL	5351	\N	6	\N	6	2017-08-31 00:00:00.000	2017-08-31 13:04:17.307
9461	1R9547	17166	\N	6	\N	6	2017-08-31 00:00:00.000	2017-08-31 13:15:04.020
9462	1H9414	16954	\N	6	\N	6	2017-08-31 00:00:00.000	2017-08-31 13:52:27.493
9463	1E9612	17155	\N	6	\N	6	2017-08-31 00:00:00.000	2017-08-31 14:05:20.100
9464	1G9543	17085	\N	9	\N	6	2017-08-31 00:00:00.000	2026-04-09 10:21:12.443
9465	1T9752	2829	\N	1	\N	6	2017-08-31 00:00:00.000	2017-08-31 14:28:40.390
9466	4C9016	17167	\N	1	\N	6	2017-08-31 00:00:00.000	2017-08-31 14:29:13.070
9467	1Z9181	5293	\N	6	\N	6	2017-08-31 00:00:00.000	2017-08-31 14:46:07.010
9468	1T9753	12973	\N	6	\N	6	2017-08-31 00:00:00.000	2017-08-31 15:27:49.567
9469	1W9172	17168	\N	6	\N	6	2017-08-31 00:00:00.000	2017-08-31 15:57:21.153
9470	1Z9425	16322	\N	6	\N	6	2017-08-31 00:00:00.000	2017-08-31 16:14:11.537
9471	1D9552	10642	\N	1	\N	6	2017-08-31 00:00:00.000	2017-08-31 16:22:52.857
9472	1Z9251	9708	\N	1	\N	6	2017-08-31 00:00:00.000	2017-08-31 16:42:42.703
9473	1H9717	17161	\N	6	\N	6	2017-09-01 00:00:00.000	2017-09-01 09:23:10.017
9474	4S9463	17162	\N	6	\N	6	2017-09-01 00:00:00.000	2017-09-01 09:47:28.493
9475	1G9539	17163	\N	6	\N	6	2017-09-01 00:00:00.000	2017-09-01 10:21:24.890
9476	1W9421	17171	\N	1	\N	6	2017-09-01 00:00:00.000	2017-09-01 13:26:20.067
9477	4A9067	17117	\N	6	\N	6	2017-09-01 00:00:00.000	2017-09-01 14:04:24.613
9478	1H9718	17130	\N	6	\N	6	2017-09-01 00:00:00.000	2017-09-01 15:31:16.630
9479	1B9822	10488	\N	1	\N	6	2017-09-01 00:00:00.000	2017-09-01 15:38:14.507
9480	1M9615	8297	\N	6	\N	6	2017-09-05 00:00:00.000	2017-09-05 07:33:55.050
9481	1R9466	10921	\N	1	\N	6	2017-09-05 00:00:00.000	2017-09-05 09:07:57.130
9482	1M9621	3108	\N	6	\N	6	2017-09-05 00:00:00.000	2017-09-05 09:25:20.740
9483	1S9835	17183	\N	6	\N	6	2017-09-05 00:00:00.000	2017-09-05 09:35:47.563
9484	1P9432	8162	\N	6	\N	6	2017-09-05 00:00:00.000	2017-09-05 09:45:10.303
9485	1B9673	4486	\N	6	\N	6	2017-09-05 00:00:00.000	2017-09-05 10:27:47.397
9486	1J9264	13281	\N	6	\N	6	2017-09-05 00:00:00.000	2017-09-05 10:39:21.037
9487	1W9426	8898	\N	1	\N	6	2017-09-05 00:00:00.000	2017-09-05 11:48:23.907
9488	1R9467	10578	\N	6	\N	6	2017-09-05 00:00:00.000	2017-09-05 11:48:59.363
9489	1D9488	13311	\N	1	\N	6	2017-09-05 00:00:00.000	2017-09-05 14:00:45.427
9490	1T9749	17170	\N	6	\N	6	2017-09-05 00:00:00.000	2017-09-05 14:07:09.140
9491	4T9270	17158	\N	6	\N	6	2017-09-05 00:00:00.000	2017-09-05 14:40:05.960
9492	1E9613	17182	\N	9	\N	6	2017-09-05 00:00:00.000	2017-09-05 15:05:59.303
9493	1B9828	9982	\N	1	\N	6	2017-09-05 00:00:00.000	2017-09-05 15:10:45.250
9494	1D9810	17181	\N	1	\N	6	2017-09-05 00:00:00.000	2017-09-05 15:35:30.903
9495	1D9481	13312	\N	6	\N	6	2017-09-06 00:00:00.000	2017-09-06 06:33:51.337
9496	1D9482	12866	\N	6	\N	6	2017-09-06 00:00:00.000	2017-09-06 07:02:06.030
9497	1K9077	3502	\N	6	\N	6	2017-09-06 00:00:00.000	2017-09-06 07:36:59.647
9498	1M9623	5987	\N	6	\N	6	2017-09-06 00:00:00.000	2017-09-06 08:41:32.463
9499	1W9364	9206	\N	6	\N	6	2017-09-06 00:00:00.000	2017-09-06 08:51:41.100
9500	1H9429	1881	\N	6	\N	6	2017-09-06 00:00:00.000	2017-09-06 08:58:14.907
9501	1A9600	5185	\N	6	\N	6	2017-09-06 00:00:00.000	2017-09-06 09:09:50.730
9502	5K7	1757	\N	6	\N	6	2017-09-06 00:00:00.000	2017-09-06 10:02:21.653
9503	1P9468	5993	\N	6	\N	6	2017-09-06 00:00:00.000	2017-09-06 10:14:46.180
9504	1T9730	8230	\N	6	\N	6	2017-09-06 00:00:00.000	2017-09-06 10:28:44.793
9505	5K0	3209	\N	1	\N	6	2017-09-06 00:00:00.000	2017-09-06 11:00:42.190
9506	1A9604	1970	\N	6	\N	6	2017-09-06 00:00:00.000	2017-09-06 11:51:56.723
9507	1S9953	17184	\N	1	\N	6	2017-09-06 00:00:00.000	2017-09-06 12:35:26.933
9508	9UA	17186	\N	1	\N	51	2017-09-06 00:00:00.000	2017-09-06 13:23:48.337
9509	1R9421	4977	\N	6	\N	6	2017-09-07 00:00:00.000	2017-09-07 06:34:42.727
9510	1C9862	4674	\N	6	\N	6	2017-09-07 00:00:00.000	2017-09-07 08:04:48.433
9511	1E9105	4240	\N	3	\N	6	2017-09-07 00:00:00.000	2017-09-07 09:19:02.507
9512	1C9828	4544	\N	6	\N	6	2017-09-07 00:00:00.000	2017-09-07 09:46:28.603
9513	1H9423	9878	\N	6	\N	6	2017-09-07 00:00:00.000	2017-09-07 10:37:11.983
9514	1V9050	17195	\N	6	\N	6	2017-09-07 00:00:00.000	2017-09-07 10:52:01.323
9515	1F9039	17196	\N	6	\N	6	2017-09-07 00:00:00.000	2017-09-07 13:06:02.267
9516	1G9108	17198	\N	6	\N	6	2017-09-07 00:00:00.000	2017-09-07 13:24:08.433
9517	1A9099	17199	\N	6	\N	6	2017-09-07 00:00:00.000	2017-09-07 13:54:41.937
9518	1L9097	17200	\N	6	\N	6	2017-09-07 00:00:00.000	2017-09-07 14:30:32.663
9519	1S9852	11720	\N	6	\N	6	2017-09-07 00:00:00.000	2017-09-07 14:42:05.820
9520	1U9035	17201	\N	6	\N	6	2017-09-07 00:00:00.000	2017-09-07 14:43:48.797
9521	1A9190	4851	\N	6	\N	6	2017-09-07 00:00:00.000	2017-09-07 14:56:04.383
9522	1U9087	9388	\N	6	\N	6	2017-09-07 00:00:00.000	2017-09-07 15:47:40.597
9523	1L9068	17203	\N	6	\N	6	2017-09-07 00:00:00.000	2017-09-07 16:36:35.587
9524	1S9385	2583	\N	6	\N	6	2017-09-08 00:00:00.000	2017-09-08 06:25:07.990
9525	1E9003	3958	\N	6	\N	6	2017-09-08 00:00:00.000	2017-09-08 07:51:34.093
9526	1P9059	5763	\N	6	\N	6	2017-09-08 00:00:00.000	2017-09-08 08:28:53.947
9527	1D9260	17204	\N	6	\N	6	2017-09-08 00:00:00.000	2021-02-18 17:30:30.210
9528	4RA	16586	\N	6	\N	6	2017-09-08 00:00:00.000	2017-09-08 09:41:39.503
9529	1V9125	9608	\N	6	\N	6	2017-09-08 00:00:00.000	2017-09-08 09:45:46.437
9530	5KM	10859	\N	1	\N	6	2017-09-08 00:00:00.000	2017-09-08 09:59:04.393
9531	3AB	12850	\N	5	\N	12	2017-09-08 00:00:00.000	2017-09-08 10:50:16.523
9532	1V9124	10805	\N	6	\N	6	2017-09-08 00:00:00.000	2017-09-08 10:29:24.497
9533	1B9784	17205	\N	1	\N	6	2017-09-08 00:00:00.000	2021-05-24 16:30:53.137
9534	1X9014	9212	\N	6	\N	6	2017-09-08 00:00:00.000	2017-09-08 10:45:56.377
9535	1M9625	5941	\N	6	\N	6	2017-09-08 00:00:00.000	2017-09-08 11:12:03.430
9536	1M9731	6850	\N	1	\N	6	2017-09-08 00:00:00.000	2017-09-08 11:39:12.933
9537	1S9869	3599	\N	6	\N	6	2017-09-08 00:00:00.000	2017-09-08 11:57:58.427
9538	1S9862	5924	\N	6	\N	6	2017-09-08 00:00:00.000	2017-09-08 12:28:32.880
9539	5GX	6452	\N	6	\N	6	2017-09-08 00:00:00.000	2017-09-08 12:59:09.800
9540	5HM	2297	\N	6	\N	6	2017-09-08 00:00:00.000	2017-09-08 13:04:40.490
9541	1S9856	2756	\N	6	\N	6	2017-09-08 00:00:00.000	2017-09-08 14:04:13.240
9542	1S9787	2502	\N	6	\N	6	2017-09-08 00:00:00.000	2017-09-08 14:23:09.747
9543	1R9402	3769	\N	6	\N	6	2017-09-08 00:00:00.000	2017-09-08 15:10:09.313
9544	1L9278	2981	\N	6	\N	6	2017-09-12 00:00:00.000	2017-09-12 06:22:08.990
9545	1T9641	4005	\N	6	\N	6	2017-09-12 00:00:00.000	2017-09-12 08:23:00.163
9546	1D9424	13319	\N	6	\N	6	2017-09-12 00:00:00.000	2017-09-12 08:53:18.597
9547	1R9399	3780	\N	1	\N	6	2017-09-12 00:00:00.000	2017-09-12 09:16:11.603
9548	1D9415	4336	\N	6	\N	6	2017-09-12 00:00:00.000	2017-09-12 09:27:17.803
9549	2C9151	2810	\N	6	\N	1	2017-09-12 00:00:00.000	2017-09-12 09:33:33.247
9550	1B9618	4568	\N	1	\N	6	2017-09-12 00:00:00.000	2017-09-12 09:39:13.047
9551	1B9611	13154	\N	6	\N	6	2017-09-12 00:00:00.000	2017-09-12 10:10:34.503
9552	2B9096	4593	\N	6	\N	1	2017-09-12 00:00:00.000	2017-09-12 10:21:24.743
9553	5JA	17209	\N	6	\N	6	2017-09-12 00:00:00.000	2017-09-12 11:11:20.230
9554	1B9638	12578	\N	6	\N	6	2017-09-12 00:00:00.000	2017-09-12 11:31:04.583
9555	1E9313	13251	\N	6	\N	6	2017-09-12 00:00:00.000	2017-09-12 13:27:03.570
9556	4EX	17210	\N	6	\N	6	2017-09-12 00:00:00.000	2017-09-12 13:38:08.567
9557	1R9198	17211	\N	6	\N	6	2017-09-12 00:00:00.000	2017-09-12 14:31:07.103
9558	1M9381	17213	\N	6	\N	6	2017-09-12 00:00:00.000	2017-09-12 14:48:54.507
9559	1H9370	12596	\N	6	\N	6	2017-09-12 00:00:00.000	2017-09-12 15:00:36.367
9560	1B9563	1943	\N	6	\N	6	2017-09-12 00:00:00.000	2017-09-12 15:08:10.233
9561	1P9409	8280	\N	6	\N	6	2017-09-12 00:00:00.000	2017-09-12 15:14:35.523
9562	1N9176	11544	\N	6	\N	6	2017-09-13 00:00:00.000	2017-09-13 06:31:12.577
9563	1A9477	2200	\N	6	\N	6	2017-09-13 00:00:00.000	2017-09-13 07:32:44.683
9564	1M9538	2793	\N	6	\N	6	2017-09-13 00:00:00.000	2017-09-13 07:39:05.790
9565	1B9567	5043	\N	6	\N	6	2017-09-13 00:00:00.000	2017-09-13 08:20:43.107
9566	1Z9143	9886	\N	6	\N	6	2017-09-13 00:00:00.000	2017-09-13 10:04:56.767
9567	1M9543	4747	\N	6	\N	6	2017-09-13 00:00:00.000	2017-09-13 10:28:08.117
9568	1B9560	13051	\N	6	\N	6	2017-09-13 00:00:00.000	2017-09-13 11:07:25.593
9569	2T9124	3266	\N	6	\N	1	2017-09-13 00:00:00.000	2017-09-13 11:34:40.337
9570	1T9634	10888	\N	6	\N	6	2017-09-13 00:00:00.000	2017-09-13 12:01:09.933
9571	1D9425	1782	\N	6	\N	6	2017-09-13 00:00:00.000	2017-09-13 12:21:17.703
9572	1D9426	1782	\N	6	\N	6	2017-09-13 00:00:00.000	2017-09-13 12:21:48.370
9573	1T9647	3520	\N	6	\N	6	2017-09-13 00:00:00.000	2017-09-13 13:02:36.420
9574	1G9266	1749	\N	6	\N	6	2017-09-13 00:00:00.000	2017-09-13 13:26:26.147
9575	1L9265	10826	\N	6	\N	6	2017-09-13 00:00:00.000	2017-09-13 13:36:35.657
9576	1A9529	5713	\N	6	\N	6	2017-09-13 00:00:00.000	2017-09-13 13:49:17.047
9577	1A9530	5713	\N	6	\N	6	2017-09-13 00:00:00.000	2017-09-13 13:49:43.380
9578	1K9367	17217	\N	6	\N	6	2017-09-13 00:00:00.000	2017-09-13 14:42:51.310
9579	1A9526	4419	\N	6	\N	6	2017-09-13 00:00:00.000	2017-09-13 14:46:19.147
9580	1P9755	16818	\N	6	\N	6	2017-09-13 00:00:00.000	2017-09-13 14:50:05.957
9581	1M9875	16820	\N	9	\N	6	2017-09-13 00:00:00.000	2026-04-08 14:13:35.657
9582	1F9226	5437	\N	6	\N	6	2017-09-14 00:00:00.000	2017-09-14 06:27:31.433
9583	1M9529	8390	\N	6	\N	6	2017-09-14 00:00:00.000	2017-09-14 07:20:09.113
9584	1B9787	17224	\N	1	\N	6	2017-09-14 00:00:00.000	2017-09-14 10:44:26.163
9585	1P9546	17225	\N	1	\N	6	2017-09-14 00:00:00.000	2017-09-14 11:22:53.127
9586	1E9379	10639	\N	1	\N	6	2017-09-14 00:00:00.000	2017-09-14 12:55:27.160
9587	1W9420	10638	\N	1	\N	6	2017-09-14 00:00:00.000	2017-09-14 13:58:04.673
9588	4S9007	10635	\N	1	\N	6	2017-09-14 00:00:00.000	2017-09-14 15:05:48.810
9589	1T9857	11281	\N	1	\N	6	2017-09-14 00:00:00.000	2017-09-14 15:17:32.650
9590	1S9998	10643	\N	1	\N	6	2017-09-14 00:00:00.000	2017-09-14 15:32:27.233
9591	1B9574	13176	\N	6	\N	6	2017-09-15 00:00:00.000	2017-09-15 07:06:18.993
9592	1J9244	12980	\N	6	\N	6	2017-09-15 00:00:00.000	2017-09-15 08:02:57.613
9593	5BJ	17226	\N	2	\N	6	2017-09-15 00:00:00.000	2017-09-15 08:56:04.623
9594	1T9651	3512	\N	6	\N	6	2017-09-15 00:00:00.000	2017-09-15 09:31:24.697
9595	1T9636	8422	\N	6	\N	6	2017-09-15 00:00:00.000	2017-09-15 10:14:08.577
9596	1Z9256	6851	\N	1	\N	6	2017-09-15 00:00:00.000	2017-09-15 10:36:53.860
9597	1D9427	5099	\N	6	\N	6	2017-09-15 00:00:00.000	2017-09-15 10:48:37.657
9598	1A9531	4400	\N	6	\N	6	2017-09-15 00:00:00.000	2017-09-15 11:19:03.747
9599	3BT	11674	\N	6	\N	6	2017-09-15 00:00:00.000	2017-09-15 11:27:28.097
9600	1T9648	2957	\N	6	\N	6	2017-09-15 00:00:00.000	2017-09-15 11:41:31.683
9601	1H9372	5021	\N	6	\N	6	2017-09-15 00:00:00.000	2017-09-15 11:47:44.227
9602	1S9968	9253	\N	1	\N	6	2017-09-15 00:00:00.000	2017-09-15 13:06:55.747
9603	1B9564	12796	\N	6	\N	6	2017-09-15 00:00:00.000	2017-09-15 13:17:57.623
9604	1M9304	6852	\N	1	\N	6	2017-09-15 00:00:00.000	2017-09-15 13:36:19.220
9605	4BJ	11084	\N	6	\N	6	2017-09-15 00:00:00.000	2017-09-15 13:48:15.887
9606	1K9255	9467	\N	1	\N	6	2017-09-15 00:00:00.000	2017-09-15 13:51:38.937
9607	1B9569	8560	\N	6	\N	6	2017-09-15 00:00:00.000	2017-09-15 14:14:43.860
9608	1A9524	13074	\N	6	\N	6	2017-09-15 00:00:00.000	2017-09-15 14:31:43.523
9609	1T9842	17228	\N	6	\N	6	2017-09-15 00:00:00.000	2017-09-15 14:40:46.670
9610	1Z9249	9662	\N	6	\N	6	2017-09-15 00:00:00.000	2017-09-15 14:54:49.743
9611	1Z9139	3966	\N	1	\N	6	2017-09-15 00:00:00.000	2017-09-15 14:56:55.337
9612	1S9735	3758	\N	6	\N	6	2017-09-15 00:00:00.000	2017-09-15 15:09:02.970
9613	1P9457	9712	\N	6	\N	6	2017-09-18 00:00:00.000	2017-09-18 09:42:07.503
9614	1A9503	17223	\N	6	\N	6	2017-09-18 00:00:00.000	2017-09-18 15:11:19.027
9615	ZGR	2568	\N	9	\N	9	2017-09-19 00:00:00.000	2017-09-19 08:02:02.557
9616	1C9784	4013	\N	6	\N	6	2017-09-19 00:00:00.000	2017-09-19 09:19:33.660
9617	5E2	13549	\N	6	\N	6	2017-09-19 00:00:00.000	2017-09-19 09:33:06.950
9618	1M9545	7679	\N	6	\N	6	2017-09-19 00:00:00.000	2017-09-19 10:29:39.193
9619	1A9528	9381	\N	6	\N	6	2017-09-19 00:00:00.000	2017-09-19 11:05:15.867
9620	1T9721	12394	\N	6	\N	6	2017-09-19 00:00:00.000	2017-09-19 12:12:04.700
9621	1K9232	2798	\N	6	\N	6	2017-09-19 00:00:00.000	2017-09-19 12:30:31.350
9622	1S9267	17231	\N	6	\N	6	2017-09-19 00:00:00.000	2017-09-19 14:01:22.247
9623	1R9140	17233	\N	6	\N	6	2017-09-19 00:00:00.000	2017-09-19 14:22:49.203
9624	2MX	9428	\N	6	\N	1	2017-09-19 00:00:00.000	2017-09-19 15:48:26.387
9625	1A9223	17235	\N	6	\N	6	2017-09-19 00:00:00.000	2017-09-19 16:04:05.243
9626	1C9324	17236	\N	6	\N	6	2017-09-19 00:00:00.000	2019-10-16 16:18:13.077
9627	109125	17237	\N	6	\N	6	2017-09-20 00:00:00.000	2017-09-20 09:54:45.017
9628	1A9527	17238	\N	6	\N	6	2017-09-20 00:00:00.000	2017-09-20 10:11:48.190
9629	1C9789	8760	\N	6	\N	6	2017-09-20 00:00:00.000	2017-09-20 10:45:51.623
9630	1Z9148	9684	\N	6	\N	6	2017-09-20 00:00:00.000	2017-09-20 11:14:30.933
9631	2T9148	17239	\N	6	\N	1	2017-09-20 00:00:00.000	2017-09-20 11:44:43.360
9632	1P9420	3455	\N	6	\N	6	2017-09-20 00:00:00.000	2017-09-20 12:24:14.097
9633	1E9270	5328	\N	6	\N	6	2017-09-20 00:00:00.000	2017-09-20 13:48:05.230
9634	1D9432	8959	\N	6	\N	6	2017-09-20 00:00:00.000	2017-09-20 13:58:31.337
9635	1R9448	3575	\N	6	\N	6	2017-09-20 00:00:00.000	2017-09-20 14:41:02.550
9636	1T9735	4147	\N	6	\N	6	2017-09-20 00:00:00.000	2017-09-20 15:03:07.773
9637	5JF	4047	\N	6	\N	6	2017-09-20 00:00:00.000	2017-09-20 15:35:37.743
9638	5KX	12412	\N	6	\N	6	2017-09-20 00:00:00.000	2017-09-20 16:14:51.493
9639	1H9398	1885	\N	6	\N	6	2017-09-20 00:00:00.000	2017-09-20 16:25:05.493
9640	1B9706	12606	\N	6	\N	6	2017-09-21 00:00:00.000	2017-09-21 09:44:10.630
9641	7HF	16925	\N	6	\N	6	2017-09-21 00:00:00.000	2017-09-21 11:10:17.500
9642	1M9651	2559	\N	6	\N	6	2017-09-21 00:00:00.000	2017-09-21 11:21:09.283
9643	1M9652	8434	\N	6	\N	6	2017-09-21 00:00:00.000	2017-09-21 11:21:33.823
9644	1P9798	17187	\N	6	\N	6	2017-09-21 00:00:00.000	2017-09-21 11:43:18.077
9645	1P9488	8158	\N	1	\N	6	2017-09-21 00:00:00.000	2017-09-21 11:52:11.147
9646	1B9703	1946	\N	6	\N	6	2017-09-21 00:00:00.000	2017-09-21 12:06:14.267
9647	1A9624	1957	\N	6	\N	6	2017-09-21 00:00:00.000	2017-09-21 12:35:20.253
9648	5MN	12890	\N	6	\N	6	2017-09-21 00:00:00.000	2017-09-21 12:57:22.043
9649	1Z9543	16501	\N	9	\N	6	2017-09-21 00:00:00.000	2017-09-21 14:06:37.123
9650	1N9222	3469	\N	6	\N	6	2017-09-21 00:00:00.000	2017-09-21 14:12:51.010
9651	1S9858	6475	\N	6	\N	6	2017-09-21 00:00:00.000	2017-09-21 14:24:19.020
9652	1D9120	16780	\N	6	\N	6	2017-09-21 00:00:00.000	2017-09-21 14:31:37.927
9653	1E9614	17197	\N	6	\N	6	2017-09-21 00:00:00.000	2017-09-21 14:53:39.403
9654	1E9607	17206	\N	6	\N	6	2017-09-21 00:00:00.000	2017-09-21 15:44:46.977
9655	43A	17258	\N	6	\N	6	2017-09-21 00:00:00.000	2017-09-21 15:48:37.640
9656	2B9062	17259	\N	6	\N	1	2017-09-21 00:00:00.000	2017-09-21 16:57:32.973
9657	1D9578	9832	\N	1	\N	6	2017-09-21 00:00:00.000	2017-09-21 17:13:08.053
9658	1G9274	5460	\N	6	\N	6	2017-09-22 00:00:00.000	2017-09-22 09:39:52.873
9659	1T9699	4224	\N	6	\N	6	2017-09-22 00:00:00.000	2017-09-22 10:13:29.287
9660	7HR	17187	\N	6	\N	6	2017-09-22 00:00:00.000	2017-09-22 10:26:51.907
9661	1C9819	4530	\N	6	\N	6	2017-09-22 00:00:00.000	2017-09-22 10:29:34.210
9662	1M9957	6042	\N	6	\N	6	2017-09-22 00:00:00.000	2017-09-22 10:33:56.507
9663	1Z9158	9179	\N	6	\N	6	2017-09-22 00:00:00.000	2017-09-22 10:40:00.550
9664	4B9164	17230	\N	6	\N	6	2017-09-22 00:00:00.000	2017-09-22 11:07:55.977
9665	1R9853	17227	\N	6	\N	6	2017-09-22 00:00:00.000	2017-09-22 11:25:26.687
9666	4C9476	17188	\N	6	\N	6	2017-09-22 00:00:00.000	2017-09-22 11:42:26.133
9667	1UK	17218	\N	6	\N	6	2017-09-22 00:00:00.000	2017-09-22 11:55:32.297
9668	1N9375	17214	\N	6	\N	6	2017-09-22 00:00:00.000	2017-09-22 12:38:16.037
9669	1Z9552	17212	\N	6	\N	6	2017-09-22 00:00:00.000	2017-09-22 12:44:52.340
9670	1A9539	5406	\N	2	\N	6	2017-09-22 00:00:00.000	2017-09-22 12:51:02.433
9671	LA9TJV	16537	\N	6	\N	8	2017-09-22 00:00:00.000	2017-09-22 12:51:51.840
9672	1P9782	17208	\N	6	\N	6	2017-09-22 00:00:00.000	2017-09-22 13:12:40.840
9673	7HN	16534	\N	6	\N	6	2017-09-22 00:00:00.000	2023-06-28 17:42:57.603
9674	1M9644	3299	\N	6	\N	6	2017-09-22 00:00:00.000	2017-09-22 13:39:13.523
9675	1B9139	17260	\N	6	\N	6	2017-09-22 00:00:00.000	2017-09-22 13:55:06.797
9676	1M9481	8116	\N	6	\N	6	2017-09-22 00:00:00.000	2017-09-22 14:16:22.130
9677	1M9306	17261	\N	6	\N	6	2017-09-22 00:00:00.000	2017-09-22 14:51:06.557
9678	1R9424	4379	\N	6	\N	6	2017-09-22 00:00:00.000	2017-09-22 15:01:11.277
9679	1M9560	4455	\N	6	\N	6	2017-09-22 00:00:00.000	2017-09-22 15:23:26.123
9680	5GS	9327	\N	6	\N	6	2017-09-22 00:00:00.000	2017-09-22 15:43:45.767
9681	5DB	13000	\N	6	\N	6	2017-09-22 00:00:00.000	2017-09-22 15:49:51.493
9682	1W9328	11225	\N	1	\N	6	2017-09-22 00:00:00.000	2017-09-22 15:58:30.460
9683	1W9335	1373	\N	6	\N	6	2017-09-22 00:00:00.000	2017-09-22 16:12:42.907
9684	1K9201	2328	\N	6	\N	6	2017-09-22 00:00:00.000	2017-09-22 16:45:17.030
9685	1S9757	3169	\N	6	\N	6	2017-09-22 00:00:00.000	2017-09-22 16:55:32.810
9686	5F5	12541	\N	1	\N	6	2017-09-22 00:00:00.000	2017-09-22 17:25:51.210
9687	44K	5575	\N	10	\N	6	2017-09-25 00:00:00.000	2023-04-11 15:15:41.357
9688	1R9486	2746	\N	6	\N	6	2017-09-25 00:00:00.000	2017-09-25 10:40:16.363
9689	1R1	9670	\N	6	\N	6	2017-09-25 00:00:00.000	2017-09-25 11:07:00.403
9690	1P9178	17266	\N	6	\N	6	2017-09-25 00:00:00.000	2017-09-25 11:54:46.957
9691	49Y	17267	\N	6	\N	6	2017-09-25 00:00:00.000	2020-02-10 16:56:22.557
9692	1H9387	10499	\N	6	\N	6	2017-09-25 00:00:00.000	2017-09-25 12:55:15.083
9693	1B9734	9710	\N	6	\N	6	2017-09-25 00:00:00.000	2017-09-25 13:09:15.770
9694	1T9860	10631	\N	1	\N	6	2017-09-25 00:00:00.000	2017-09-25 13:23:26.190
9695	KPS	17268	\N	7	\N	15	2017-09-25 00:00:00.000	2017-09-25 13:27:27.680
9696	1P9531	9252	\N	1	\N	6	2017-09-25 00:00:00.000	2017-09-25 15:16:25.137
9697	1T9244	5799	\N	6	\N	6	2017-09-25 00:00:00.000	2017-09-25 15:28:36.713
9698	1D9164	17272	\N	6	\N	6	2017-09-25 00:00:00.000	2017-09-25 15:38:52.540
9699	1H9237	17274	\N	6	\N	6	2017-09-25 00:00:00.000	2017-09-25 16:04:57.007
9700	1P9175	8148	\N	6	\N	6	2017-09-25 00:00:00.000	2017-09-25 16:50:08.133
9701	1K9050	2661	\N	6	\N	6	2017-09-26 00:00:00.000	2017-09-26 09:11:30.470
9702	1D9276	8897	\N	1	\N	6	2017-09-26 00:00:00.000	2017-09-26 09:41:11.587
9703	1A9326	17275	\N	5	\N	6	2017-09-26 00:00:00.000	2017-09-26 09:39:01.093
9704	1T9405	3264	\N	6	\N	6	2017-09-26 00:00:00.000	2017-09-26 10:25:46.103
9705	1C9058	17277	\N	6	\N	6	2017-09-26 00:00:00.000	2017-09-26 10:43:12.863
9706	1L9174	2702	\N	5	\N	6	2017-09-26 00:00:00.000	2017-09-26 11:19:20.753
9707	1D9269	4696	\N	6	\N	6	2017-09-26 00:00:00.000	2017-09-26 11:28:59.933
9709	1S9022	17278	\N	6	\N	6	2017-09-26 00:00:00.000	2017-09-26 12:07:26.867
9710	1C9065	1776	\N	6	\N	6	2017-09-26 00:00:00.000	2017-09-26 12:22:08.237
9711	4C9083	9142	\N	1	\N	6	2017-09-26 00:00:00.000	2017-09-26 13:51:28.907
9712	1A9572	2087	\N	6	\N	6	2017-09-26 00:00:00.000	2017-09-26 14:33:05.423
9713	1T9748	9547	\N	6	\N	6	2017-09-26 00:00:00.000	2017-09-26 15:03:37.647
9714	1T9686	5979	\N	6	\N	6	2017-09-26 00:00:00.000	2017-09-26 15:13:05.317
9715	1W9497	17282	\N	6	\N	6	2017-09-27 00:00:00.000	2017-09-27 09:01:36.380
9716	1A9482	4520	\N	6	\N	6	2017-09-27 00:00:00.000	2017-09-27 09:05:19.070
9717	1A9670	9217	\N	6	\N	6	2017-09-27 00:00:00.000	2017-09-27 09:34:25.307
9718	1R9554	11586	\N	6	\N	6	2017-09-27 00:00:00.000	2017-09-27 09:38:35.047
9719	XTB	2139	\N	1	\N	37	2017-09-27 00:00:00.000	2019-11-06 11:13:25.950
9720	1C9710	2139	\N	1	\N	6	2017-09-27 00:00:00.000	2017-09-27 09:56:36.643
9721	1T9707	3208	\N	6	\N	6	2017-09-27 00:00:00.000	2017-09-27 11:52:02.183
9722	1R9464	5750	\N	6	\N	6	2017-09-27 00:00:00.000	2017-09-27 12:08:50.147
9723	LPY	10195	\N	1	\N	6	2017-09-27 00:00:00.000	2017-09-27 12:23:20.800
9724	1R9455	4489	\N	6	\N	6	2017-09-27 00:00:00.000	2017-09-27 12:59:15.103
9725	1S9732	15141	\N	9	\N	6	2017-09-27 00:00:00.000	2017-09-27 13:33:12.670
9726	1S9731	5791	\N	6	\N	6	2017-09-27 00:00:00.000	2017-09-27 14:11:41.130
9727	1C9866	2053	\N	6	\N	6	2017-09-27 00:00:00.000	2017-09-27 14:34:00.283
9728	2P9085	8361	\N	6	\N	1	2017-09-27 00:00:00.000	2017-09-27 14:52:18.900
9729	1F9092	17286	\N	6	\N	6	2017-09-27 00:00:00.000	2017-09-27 15:08:17.303
9730	1T9242	17289	\N	6	\N	6	2017-09-27 00:00:00.000	2017-09-27 15:31:29.853
9731	1T9231	17291	\N	6	\N	6	2017-09-27 00:00:00.000	2017-09-27 16:30:26.943
9732	1D9147	17292	\N	6	\N	6	2017-09-27 00:00:00.000	2017-09-27 17:08:40.707
9733	1M9375	17294	\N	6	\N	6	2017-09-28 00:00:00.000	2017-09-28 09:35:50.690
9734	1L9143	17295	\N	6	\N	6	2017-09-28 00:00:00.000	2017-09-28 10:06:43.690
9735	1F9144	4791	\N	6	\N	6	2017-09-28 00:00:00.000	2017-09-28 10:22:39.600
9736	1S9079	17296	\N	6	\N	6	2017-09-28 00:00:00.000	2017-09-28 10:48:34.593
9737	1M9398	17297	\N	6	\N	6	2017-09-28 00:00:00.000	2017-09-28 10:54:22.927
9738	1N9111	17298	\N	6	\N	6	2017-09-28 00:00:00.000	2017-09-28 11:02:24.203
9739	1A9733	10717	\N	6	\N	6	2017-09-28 00:00:00.000	2017-09-28 11:11:56.507
9740	1R9241	16956	\N	6	\N	6	2017-09-28 00:00:00.000	2017-09-28 11:20:39.170
9741	1L9166	4048	\N	6	\N	6	2017-09-28 00:00:00.000	2017-09-28 11:29:02.130
9742	1C9520	3076	\N	6	\N	6	2017-09-28 00:00:00.000	2017-09-28 11:46:21.590
9743	1J9154	17306	\N	6	\N	6	2017-09-28 00:00:00.000	2017-09-28 13:31:59.727
9744	1B9364	5637	\N	6	\N	6	2017-09-28 00:00:00.000	2017-09-28 13:41:02.967
9745	4C9091	1308	\N	1	\N	6	2017-09-28 00:00:00.000	2017-09-28 14:15:40.453
9746	4S9077	8437	\N	1	\N	6	2017-09-28 00:00:00.000	2017-09-28 14:27:32.717
9747	1J9262	1863	\N	6	\N	6	2017-09-28 00:00:00.000	2017-09-28 16:46:01.557
9748	ZJM	8081	\N	1	\N	9	2017-09-28 00:00:00.000	2017-09-28 17:08:21.973
9749	1R9472	3988	\N	6	\N	6	2017-09-29 00:00:00.000	2017-09-29 09:12:32.803
9750	1M9631	2469	\N	6	\N	6	2017-09-29 00:00:00.000	2017-09-29 09:32:05.317
9751	1T9148	17313	\N	6	\N	6	2017-09-29 00:00:00.000	2017-09-29 11:26:31.700
9752	4C9079	10711	\N	1	\N	6	2017-09-29 00:00:00.000	2017-09-29 13:09:04.260
9753	1L9088	17315	\N	6	\N	6	2017-09-29 00:00:00.000	2017-09-29 13:26:19.273
9754	1C9316	17316	\N	5	\N	6	2017-09-29 00:00:00.000	2017-09-29 13:43:16.847
9755	1H9149	17317	\N	6	\N	6	2017-09-29 00:00:00.000	2017-09-29 14:09:12.107
9756	48M	17318	\N	6	\N	6	2017-09-29 00:00:00.000	2017-09-29 14:22:25.290
9757	1K9094	17319	\N	6	\N	6	2017-09-29 00:00:00.000	2017-09-29 14:39:31.743
9758	13D	17320	\N	6	\N	6	2017-09-29 00:00:00.000	2017-09-29 15:10:17.367
9759	1D9165	17321	\N	6	\N	6	2017-09-29 00:00:00.000	2017-09-29 15:29:12.033
9760	1K9069	17322	\N	6	\N	6	2017-09-29 00:00:00.000	2017-09-29 15:43:50.470
9761	1B9238	17323	\N	6	\N	6	2017-09-29 00:00:00.000	2017-09-29 16:13:54.427
9762	432	17325	\N	6	\N	6	2017-09-29 00:00:00.000	2017-09-29 16:42:31.677
9763	1S9311	17326	\N	6	\N	6	2017-09-29 00:00:00.000	2017-09-29 17:30:06.937
9764	4B9165	17221	\N	6	\N	6	2017-10-02 00:00:00.000	2017-10-02 10:32:41.030
9765	4B9162	17263	\N	6	\N	6	2017-10-02 00:00:00.000	2017-10-02 11:19:31.890
9766	4M9071	17116	\N	6	\N	6	2017-10-02 00:00:00.000	2017-10-02 13:24:58.043
9767	5Z5	17264	\N	6	\N	6	2017-10-02 00:00:00.000	2017-10-02 15:31:06.523
9768	1A9549	4844	\N	6	\N	6	2017-10-03 00:00:00.000	2017-10-03 08:15:39.360
9769	2M5	5771	\N	6	\N	1	2017-10-03 00:00:00.000	2017-10-03 09:38:46.300
9770	5D8	5310	\N	6	\N	6	2017-10-03 00:00:00.000	2017-10-03 10:28:48.900
9771	1Z9188	5952	\N	1	\N	6	2017-10-03 00:00:00.000	2017-10-03 10:56:37.667
9772	1C9409	3629	\N	6	\N	6	2017-10-03 00:00:00.000	2017-10-03 11:11:26.727
9773	1C9363	17328	\N	6	\N	6	2017-10-03 00:00:00.000	2017-10-03 11:54:08.690
9774	44M	17329	\N	6	\N	6	2017-10-03 00:00:00.000	2017-10-03 12:00:50.513
9775	1E9336	8979	\N	6	\N	6	2017-10-03 00:00:00.000	2017-10-03 12:30:12.070
9776	1M9336	17331	\N	6	\N	6	2017-10-03 00:00:00.000	2017-10-03 13:32:53.610
9777	1J9083	17332	\N	6	\N	6	2017-10-03 00:00:00.000	2017-10-03 13:46:00.663
9778	4C9061	9583	\N	6	\N	6	2017-10-03 00:00:00.000	2017-10-03 13:48:27.710
9779	495	17335	\N	6	\N	6	2017-10-03 00:00:00.000	2017-10-03 14:59:44.910
9780	1ML	2468	\N	6	\N	6	2017-10-03 00:00:00.000	2017-10-03 16:40:32.523
9781	1B9251	17338	\N	6	\N	6	2017-10-04 00:00:00.000	2017-10-04 09:44:26.430
9782	1W9400	9019	\N	6	\N	6	2017-10-04 00:00:00.000	2017-10-04 11:35:45.940
9783	1T9380	17342	\N	6	\N	6	2017-10-04 00:00:00.000	2017-10-04 11:56:17.797
9784	5WY	17343	\N	1	\N	6	2017-10-04 00:00:00.000	2017-10-04 13:27:49.960
9785	1G9188	12904	\N	6	\N	6	2017-10-04 00:00:00.000	2017-10-04 13:58:56.407
9786	1M9678	5870	\N	6	\N	6	2017-10-04 00:00:00.000	2017-10-04 14:36:17.260
9787	1R9585	17344	\N	1	\N	6	2017-10-04 00:00:00.000	2017-10-04 15:47:18.220
9788	1P9PEP	11389	\N	6	\N	6	2017-10-04 00:00:00.000	2017-10-04 16:26:36.973
9789	1K9320	7906	\N	6	\N	6	2017-10-04 00:00:00.000	2017-10-04 16:43:15.657
9790	1W9524	6313	\N	6	\N	6	2017-10-04 00:00:00.000	2017-10-04 17:08:30.933
9791	1S9338	3794	\N	6	\N	6	2017-10-05 00:00:00.000	2017-10-05 08:56:13.347
9792	1T9240	17327	\N	6	\N	6	2017-10-05 00:00:00.000	2017-10-05 09:53:55.243
9793	109134	17345	\N	6	\N	6	2017-10-05 00:00:00.000	2017-10-05 10:07:37.003
9794	1S9748	8380	\N	6	\N	6	2017-10-05 00:00:00.000	2017-10-05 10:31:16.903
9795	1N9202	8242	\N	6	\N	6	2017-10-05 00:00:00.000	2017-10-05 10:54:51.840
9796	1W9332	11703	\N	6	\N	6	2017-10-05 00:00:00.000	2017-10-05 11:19:40.100
9797	1U9084	10094	\N	6	\N	6	2017-10-05 00:00:00.000	2017-10-05 11:47:14.297
9798	5YS	17347	\N	1	\N	6	2017-10-05 00:00:00.000	2017-10-05 13:22:21.813
9799	1A9134	17346	\N	6	\N	6	2017-10-05 00:00:00.000	2017-10-05 13:32:34.770
9800	1M9361	17348	\N	6	\N	6	2017-10-05 00:00:00.000	2017-10-05 14:15:10.133
9801	1M9444	4355	\N	6	\N	6	2017-10-05 00:00:00.000	2017-10-05 14:32:36.473
9802	1P9490	10365	\N	6	\N	6	2017-10-05 00:00:00.000	2017-10-05 14:48:13.367
9803	1A9250	18288	\N	6	\N	6	2017-10-05 00:00:00.000	2018-04-02 13:05:49.283
9804	1D9208	11391	\N	6	\N	6	2017-10-05 00:00:00.000	2017-10-05 15:29:32.070
9805	1S9262	2683	\N	6	\N	6	2017-10-05 00:00:00.000	2017-10-05 16:32:19.337
9806	1P9260	17351	\N	6	\N	6	2017-10-05 00:00:00.000	2017-10-05 16:44:14.800
9807	1J9153	17352	\N	6	\N	6	2017-10-05 00:00:00.000	2017-10-05 17:12:55.263
9808	1T9031	4992	\N	3	\N	6	2017-10-05 00:00:00.000	2017-10-05 17:25:02.723
9809	1M9008	2628	\N	6	\N	6	2017-10-05 00:00:00.000	2017-10-05 17:44:25.003
9810	1R9238	8863	\N	6	\N	6	2017-10-06 00:00:00.000	2017-10-06 09:50:30.017
9811	1B9257	12689	\N	6	\N	6	2017-10-06 00:00:00.000	2017-10-06 10:10:18.723
9812	1C9033	17354	\N	6	\N	6	2017-10-06 00:00:00.000	2017-10-06 10:53:26.020
9813	1B9258	13065	\N	6	\N	6	2017-10-06 00:00:00.000	2017-10-06 11:37:18.227
9814	1C9031	2099	\N	6	\N	6	2017-10-06 00:00:00.000	2017-10-06 12:22:45.987
9815	4LV	17357	\N	6	\N	6	2017-10-06 00:00:00.000	2017-10-06 13:36:05.333
9816	4KP	17358	\N	6	\N	6	2017-10-06 00:00:00.000	2017-10-06 14:16:27.690
9817	1Z9006	17359	\N	6	\N	6	2017-10-06 00:00:00.000	2017-10-06 14:34:24.640
9818	1J9147	13280	\N	6	\N	6	2017-10-06 00:00:00.000	2017-10-06 15:09:39.723
9819	1G9282	1755	\N	1	\N	6	2017-10-06 00:00:00.000	2021-05-24 16:31:44.640
9820	1E9302	3962	\N	6	\N	6	2017-10-06 00:00:00.000	2017-10-06 16:51:58.427
9821	1M9028	7683	\N	6	\N	6	2017-10-10 00:00:00.000	2017-10-10 09:36:19.863
9822	4J8	2695	\N	6	\N	6	2017-10-10 00:00:00.000	2021-07-06 13:29:31.900
9823	4K5	17362	\N	6	\N	6	2017-10-10 00:00:00.000	2017-10-10 10:30:18.447
9824	4LN	2007	\N	6	\N	6	2017-10-10 00:00:00.000	2017-10-10 10:41:21.993
9825	1E9157	13246	\N	1	\N	6	2017-10-10 00:00:00.000	2017-10-10 10:58:11.657
9826	4LR	5459	\N	6	\N	6	2017-10-10 00:00:00.000	2017-10-10 11:27:51.013
9827	1W9068	11022	\N	6	\N	6	2017-10-10 00:00:00.000	2017-10-10 12:09:11.293
9828	1H9248	5023	\N	6	\N	6	2017-10-10 00:00:00.000	2017-10-10 12:22:15.053
9829	1C9030	4581	\N	6	\N	6	2017-10-10 00:00:00.000	2017-10-10 13:47:59.660
9830	1M9081	6009	\N	6	\N	6	2017-10-10 00:00:00.000	2017-10-10 13:57:33.790
9831	1Z9011	12976	\N	6	\N	6	2017-10-10 00:00:00.000	2017-10-10 14:10:30.500
9832	1Z9001	3478	\N	6	\N	6	2017-10-10 00:00:00.000	2017-10-10 14:20:28.573
9833	1S9334	2761	\N	6	\N	6	2017-10-10 00:00:00.000	2017-10-10 14:41:24.157
9834	1K9036	4131	\N	6	\N	6	2017-10-10 00:00:00.000	2017-10-10 15:21:01.117
9835	1E9124	9119	\N	6	\N	6	2017-10-10 00:00:00.000	2017-10-10 15:31:17.787
9836	6Y9052	17307	\N	6	\N	56	2017-10-10 00:00:00.000	2017-10-10 15:44:21.720
9837	1D9261	13198	\N	6	\N	6	2017-10-10 00:00:00.000	2017-10-10 15:51:44.237
9838	1T9067	5032	\N	6	\N	6	2017-10-11 00:00:00.000	2017-10-11 09:26:39.757
9839	2B9007	2009	\N	6	\N	6	2017-10-11 00:00:00.000	2017-10-11 10:23:10.857
9840	1Z9009	3920	\N	6	\N	6	2017-10-11 00:00:00.000	2017-10-11 11:55:54.890
9841	1R9235	5082	\N	6	\N	6	2017-10-11 00:00:00.000	2017-10-11 12:15:42.177
9842	4JW	11450	\N	1	\N	6	2017-10-11 00:00:00.000	2017-10-11 12:35:02.023
9843	1D9061	1609	\N	6	\N	6	2017-10-11 00:00:00.000	2017-10-11 12:49:54.157
9844	1E9335	13002	\N	6	\N	6	2017-10-11 00:00:00.000	2017-10-11 12:56:08.823
9845	4ME	4469	\N	6	\N	6	2017-10-11 00:00:00.000	2017-10-11 13:07:17.860
9846	1F9143	12944	\N	6	\N	6	2017-10-11 00:00:00.000	2017-10-11 13:51:32.550
9847	1B9359	17367	\N	6	\N	6	2017-10-12 00:00:00.000	2017-10-12 09:27:58.803
9848	1R9243	17368	\N	6	\N	6	2017-10-12 00:00:00.000	2017-10-12 10:06:19.230
9849	1F9324	17370	\N	1	\N	6	2017-10-12 00:00:00.000	2017-10-12 11:17:30.410
9850	1K9191	3658	\N	6	\N	6	2017-10-12 00:00:00.000	2017-10-12 11:32:45.773
9851	1J9238	3656	\N	6	\N	6	2017-10-12 00:00:00.000	2017-10-12 12:21:18.143
9852	1M9721	17371	\N	1	\N	6	2017-10-12 00:00:00.000	2017-10-12 12:41:31.653
9853	1E9AAA	17373	\N	6	\N	6	2017-10-12 00:00:00.000	2017-10-12 13:09:39.233
9854	1T9661	10230	\N	6	\N	6	2017-10-12 00:00:00.000	2017-10-12 13:29:01.903
9855	1M9537	2467	\N	6	\N	6	2017-10-12 00:00:00.000	2017-10-12 13:51:09.340
9856	4UY	3689	\N	6	\N	6	2017-10-12 00:00:00.000	2017-10-12 14:52:20.837
9857	1F9212	12945	\N	6	\N	6	2017-10-12 00:00:00.000	2017-10-12 15:05:37.420
9858	1C9245	8779	\N	6	\N	6	2017-10-12 00:00:00.000	2017-10-12 15:19:18.607
9859	1D9430	1805	\N	6	\N	6	2017-10-12 00:00:00.000	2017-10-12 16:01:19.557
9860	5EP	9819	\N	6	\N	6	2017-10-12 00:00:00.000	2017-10-12 16:03:49.970
9861	1A9463	17377	\N	6	\N	6	2017-10-12 00:00:00.000	2017-10-12 17:45:03.453
9862	1C9CCA	4010	\N	6	\N	6	2017-10-13 00:00:00.000	2017-10-13 09:44:33.543
9863	1A9589	5717	\N	6	\N	6	2017-10-13 00:00:00.000	2017-10-13 10:06:04.850
9864	1B9260	8738	\N	6	\N	6	2017-10-13 00:00:00.000	2017-10-13 10:27:42.413
9865	4KG	9629	\N	6	\N	6	2017-10-13 00:00:00.000	2017-10-13 10:56:16.607
9866	5TL	2490	\N	9	\N	6	2017-10-13 00:00:00.000	2017-10-13 10:59:48.287
9867	1E9265	12437	\N	6	\N	6	2017-10-13 00:00:00.000	2017-10-13 11:05:49.143
9868	4KX	4638	\N	6	\N	6	2017-10-13 00:00:00.000	2017-10-13 11:10:52.377
9869	1A9532	5074	\N	5	\N	6	2017-10-13 00:00:00.000	2017-10-13 11:17:38.197
9870	1B9573	12797	\N	6	\N	6	2017-10-13 00:00:00.000	2017-10-13 11:28:09.407
9871	1Z9008	11439	\N	6	\N	6	2017-10-13 00:00:00.000	2017-10-13 11:28:35.130
9872	1M9551	3298	\N	6	\N	6	2017-10-13 00:00:00.000	2017-10-13 11:33:54.477
9873	1J9242	9891	\N	6	\N	6	2017-10-13 00:00:00.000	2017-10-13 11:39:27.493
9874	1T9653	5903	\N	6	\N	6	2017-10-13 00:00:00.000	2017-10-13 12:10:14.863
9875	5EZ	10808	\N	6	\N	6	2017-10-13 00:00:00.000	2017-10-13 12:38:32.957
9876	1M9542	2434	\N	6	\N	6	2017-10-13 00:00:00.000	2017-10-13 12:59:57.340
9877	1W9108	11040	\N	6	\N	6	2017-10-13 00:00:00.000	2017-10-13 13:18:13.723
9878	1V9006	9596	\N	6	\N	6	2017-10-13 00:00:00.000	2017-10-13 13:42:01.017
9879	1D9259	17379	\N	6	\N	6	2017-10-13 00:00:00.000	2017-10-13 14:03:46.490
9880	1T9081	17380	\N	6	\N	6	2017-10-13 00:00:00.000	2017-10-13 14:15:38.880
9881	1J9243	8078	\N	6	\N	6	2017-10-13 00:00:00.000	2017-10-13 14:22:29.693
9882	1G9172	17381	\N	6	\N	6	2017-10-13 00:00:00.000	2017-10-13 14:23:51.390
9883	1C9502	17382	\N	6	\N	6	2017-10-13 00:00:00.000	2017-10-13 14:33:10.137
9884	1J9148	17383	\N	6	\N	6	2017-10-13 00:00:00.000	2017-10-13 14:45:27.830
9885	1J9133	17384	\N	6	\N	6	2017-10-13 00:00:00.000	2017-10-13 14:56:14.123
9886	1B9575	13183	\N	6	\N	6	2017-10-13 00:00:00.000	2017-10-13 15:19:32.057
9887	1M9080	2433	\N	1	\N	6	2017-10-13 00:00:00.000	2017-10-13 15:22:13.627
9888	1T9658	8227	\N	6	\N	6	2017-10-13 00:00:00.000	2017-10-13 15:32:19.093
9889	1S9278	4427	\N	6	\N	6	2017-10-13 00:00:00.000	2017-10-13 15:34:20.120
9890	1N9178	3482	\N	6	\N	6	2017-10-13 00:00:00.000	2017-10-13 15:45:27.113
9891	1T9364	8421	\N	6	\N	6	2017-10-13 00:00:00.000	2017-10-13 16:05:57.270
9892	1B9355	1831	\N	6	\N	6	2017-10-13 00:00:00.000	2017-10-13 16:12:47.457
9893	4T9285	17299	\N	6	\N	6	2017-10-16 00:00:00.000	2017-10-16 10:04:55.367
9894	1R9252	17333	\N	6	\N	6	2017-10-16 00:00:00.000	2017-10-16 11:18:51.577
9895	4B9140	17255	\N	6	\N	6	2017-10-16 00:00:00.000	2017-10-16 13:44:23.927
9896	1N9012	17339	\N	6	\N	6	2017-10-16 00:00:00.000	2017-10-16 14:43:05.790
9897	4M9076	17283	\N	6	\N	6	2017-10-16 00:00:00.000	2017-10-16 15:34:14.190
9898	4M9054	17324	\N	6	\N	6	2017-10-16 00:00:00.000	2017-10-16 16:16:24.327
9899	1B9551	13188	\N	6	\N	6	2017-10-17 00:00:00.000	2017-10-17 09:26:20.310
9900	1R9407	2650	\N	6	\N	6	2017-10-17 00:00:00.000	2017-10-17 09:55:41.630
9901	1T9646	5792	\N	6	\N	6	2017-10-17 00:00:00.000	2017-10-17 10:10:40.363
9902	1W9325	10890	\N	6	\N	6	2017-10-17 00:00:00.000	2017-10-17 10:18:27.070
9903	1J9240	4956	\N	6	\N	6	2017-10-17 00:00:00.000	2017-10-17 10:28:48.263
9904	1C9781	4960	\N	6	\N	6	2017-10-17 00:00:00.000	2017-10-17 10:34:19.547
9905	1G9540	17256	\N	6	\N	213	2017-10-17 00:00:00.000	2017-10-17 10:34:53.350
9906	1R9398	4390	\N	6	\N	6	2017-10-17 00:00:00.000	2017-10-17 10:51:13.657
9907	1S9725	8005	\N	6	\N	6	2017-10-17 00:00:00.000	2017-10-17 11:01:37.550
9908	1P9393	8147	\N	1	\N	6	2017-10-17 00:00:00.000	2017-10-17 11:11:38.617
9909	1G9542	17360	\N	6	\N	6	2017-10-17 00:00:00.000	2017-10-17 11:17:02.583
9910	1S9741	8063	\N	6	\N	6	2017-10-17 00:00:00.000	2017-10-17 11:47:55.367
9911	1A9525	13079	\N	6	\N	6	2017-10-17 00:00:00.000	2017-10-17 11:59:15.967
9912	1R9403	3015	\N	6	\N	6	2017-10-17 00:00:00.000	2017-10-17 12:12:43.830
9913	1G9265	1952	\N	1	\N	6	2017-10-17 00:00:00.000	2017-10-17 12:17:29.560
9914	1M9548	2459	\N	1	\N	6	2017-10-17 00:00:00.000	2017-10-17 12:26:02.830
9915	5EU	17388	\N	1	\N	6	2017-10-17 00:00:00.000	2017-10-17 14:50:40.813
9916	1C9796	2038	\N	6	\N	6	2017-10-17 00:00:00.000	2017-10-17 17:21:01.047
9917	1S9742	17389	\N	6	\N	6	2017-10-17 00:00:00.000	2017-10-17 17:34:27.600
9918	1K9152	10109	\N	5	\N	6	2017-10-18 00:00:00.000	2017-10-18 09:25:37.290
9919	1G9080	17310	\N	6	\N	6	2017-10-18 00:00:00.000	2017-10-18 10:12:50.817
9920	1D9800	17254	\N	6	\N	6	2017-10-18 00:00:00.000	2017-10-18 10:59:46.840
9921	4S9468	17365	\N	6	\N	6	2017-10-18 00:00:00.000	2017-10-18 11:06:04.300
9922	4S9426	17288	\N	6	\N	6	2017-10-18 00:00:00.000	2017-10-18 11:12:18.137
9923	7A9024	12456	\N	6	\N	56	2017-10-18 00:00:00.000	2017-10-18 11:50:20.110
9924	4S9461	17376	\N	6	\N	6	2017-10-18 00:00:00.000	2017-10-18 11:24:26.457
9925	4S9465	17372	\N	6	\N	6	2017-10-18 00:00:00.000	2017-10-18 11:27:07.527
9926	1Z9553	17386	\N	6	\N	6	2017-10-18 00:00:00.000	2017-10-18 11:45:00.543
9927	1T9632	3707	\N	6	\N	6	2017-10-18 00:00:00.000	2017-10-18 11:54:41.207
9928	1C9799	8725	\N	6	\N	6	2017-10-18 00:00:00.000	2017-10-18 12:04:00.343
9929	1P9416	4608	\N	6	\N	6	2017-10-18 00:00:00.000	2017-10-18 12:16:16.447
9930	1F9230	5421	\N	6	\N	6	2017-10-18 00:00:00.000	2017-10-18 12:29:04.700
9931	1S9751	2470	\N	6	\N	6	2017-10-18 00:00:00.000	2017-10-18 13:30:54.887
9932	4RW	16615	\N	6	\N	6	2017-10-18 00:00:00.000	2017-10-18 14:12:29.113
9933	1B9650	13044	\N	6	\N	6	2017-10-18 00:00:00.000	2017-10-18 14:29:38.043
9934	1K9196	4123	\N	6	\N	6	2017-10-18 00:00:00.000	2017-10-18 14:49:14.083
9935	1W9331	11479	\N	6	\N	6	2017-10-18 00:00:00.000	2017-10-18 16:47:45.683
9936	5FV	4801	\N	6	\N	6	2017-10-18 00:00:00.000	2017-10-18 17:16:02.357
9937	2F9045	3766	\N	6	\N	1	2017-10-19 00:00:00.000	2017-10-19 12:23:18.663
9938	1B9576	12685	\N	6	\N	6	2017-10-19 00:00:00.000	2017-10-19 09:48:20.940
9939	4AG	2794	\N	6	\N	6	2017-10-19 00:00:00.000	2017-10-19 09:58:27.373
9940	1C9794	8756	\N	6	\N	6	2017-10-19 00:00:00.000	2017-10-19 10:03:51.777
9941	1D9435	5092	\N	6	\N	6	2017-10-19 00:00:00.000	2017-10-19 10:07:43.063
9942	1E9271	13260	\N	1	\N	6	2017-10-19 00:00:00.000	2017-10-19 10:23:03.310
9943	1D9434	12860	\N	6	\N	6	2017-10-19 00:00:00.000	2017-10-19 10:39:58.357
9944	1S9745	2751	\N	6	\N	6	2017-10-19 00:00:00.000	2017-10-19 10:53:17.437
9945	1M9546	2458	\N	6	\N	6	2017-10-19 00:00:00.000	2017-10-19 10:54:50.770
9946	1P9418	8348	\N	6	\N	6	2017-10-19 00:00:00.000	2017-10-19 11:08:50.503
9947	1N9167	2205	\N	6	\N	6	2017-10-19 00:00:00.000	2017-12-08 12:39:23.260
9948	1R9408	3981	\N	6	\N	6	2017-10-19 00:00:00.000	2017-10-19 11:29:47.353
9949	1N9180	2811	\N	6	\N	6	2017-10-19 00:00:00.000	2017-10-19 11:41:07.950
9950	1B9578	5305	\N	6	\N	6	2017-10-19 00:00:00.000	2017-10-19 11:49:33.750
9951	1Z9149	2577	\N	6	\N	6	2017-10-19 00:00:00.000	2017-10-19 12:09:58.273
9952	1R9411	3879	\N	6	\N	6	2017-10-19 00:00:00.000	2017-10-19 12:17:43.343
9953	5FL	5035	\N	6	\N	6	2017-10-19 00:00:00.000	2017-10-19 12:22:41.943
9954	1S9736	17391	\N	6	\N	6	2017-10-19 00:00:00.000	2017-10-19 13:26:04.277
9955	1C9798	5218	\N	6	\N	6	2017-10-19 00:00:00.000	2017-10-19 13:38:17.167
9956	1N9184	2809	\N	6	\N	6	2017-10-19 00:00:00.000	2017-10-19 13:46:59.190
9957	1A9543	4471	\N	6	\N	6	2017-10-19 00:00:00.000	2017-10-19 14:02:53.803
9958	1R9417	2748	\N	6	\N	6	2017-10-19 00:00:00.000	2017-10-19 14:13:28.410
9959	1S9755	2404	\N	6	\N	6	2017-10-19 00:00:00.000	2017-10-19 14:40:17.540
9960	1R9412	2923	\N	6	\N	6	2017-10-19 00:00:00.000	2017-10-19 15:12:47.590
9961	5FW	2185	\N	6	\N	6	2017-10-19 00:00:00.000	2017-10-19 15:30:47.877
9962	1D9437	5235	\N	1	\N	6	2017-10-19 00:00:00.000	2017-10-19 15:35:57.053
9963	1C9790	4077	\N	6	\N	6	2017-10-19 00:00:00.000	2017-10-19 16:56:02.780
9964	1C9795	4531	\N	6	\N	6	2017-10-19 00:00:00.000	2017-10-19 17:20:46.797
9965	1M9553	4749	\N	6	\N	6	2017-10-19 00:00:00.000	2017-10-19 17:39:15.147
9966	5F1	10326	\N	6	\N	6	2017-10-20 00:00:00.000	2017-10-20 06:20:53.290
9967	1C9764	2210	\N	6	\N	6	2017-10-20 00:00:00.000	2017-10-20 09:05:24.380
9968	1P9422	17392	\N	6	\N	6	2017-10-20 00:00:00.000	2017-10-20 09:21:58.897
9969	1K9197	3052	\N	6	\N	6	2017-10-20 00:00:00.000	2017-10-20 09:45:48.297
9970	1JK	11399	\N	6	\N	6	2017-10-20 00:00:00.000	2017-10-20 11:19:15.443
9971	1J9467	17334	\N	6	\N	6	2017-10-20 00:00:00.000	2017-10-20 11:47:25.800
9972	1W9213	14034	\N	6	\N	6	2017-10-20 00:00:00.000	2018-02-14 11:36:33.120
9973	1H9379	12744	\N	6	\N	6	2017-10-20 00:00:00.000	2017-10-20 12:33:21.703
9974	1T9654	4225	\N	6	\N	6	2017-10-20 00:00:00.000	2017-10-20 12:38:47.087
9975	1T9630	3255	\N	6	\N	6	2017-10-20 00:00:00.000	2017-10-20 12:42:52.397
9976	1A9541	5063	\N	6	\N	6	2017-10-20 00:00:00.000	2017-10-20 12:54:49.657
9977	1B9582	13071	\N	6	\N	6	2017-10-20 00:00:00.000	2017-10-20 13:05:21.457
9978	1L9284	3720	\N	6	\N	6	2017-10-20 00:00:00.000	2017-10-20 13:06:41.767
9979	1A9546	4798	\N	6	\N	6	2017-10-20 00:00:00.000	2017-10-20 13:38:08.043
9980	1S9737	2762	\N	6	\N	6	2017-10-20 00:00:00.000	2020-06-10 17:40:19.187
9981	2M9135	9423	\N	6	\N	1	2017-10-20 00:00:00.000	2017-10-20 14:39:32.427
9982	1Z9157	3739	\N	6	\N	6	2017-10-20 00:00:00.000	2017-10-20 15:00:22.520
9983	1Z9MS1	3741	\N	6	\N	6	2017-10-23 00:00:00.000	2017-10-23 08:54:23.003
9984	1R9418	3982	\N	6	\N	6	2017-10-23 00:00:00.000	2017-10-23 09:58:08.070
9985	1M9559	2880	\N	6	\N	6	2017-10-23 00:00:00.000	2017-10-23 10:06:17.537
9986	1A9545	12784	\N	6	\N	6	2017-10-23 00:00:00.000	2017-10-23 10:29:45.203
9987	1H9380	12752	\N	6	\N	6	2017-10-23 00:00:00.000	2017-10-23 10:41:15.600
9988	1P9424	8020	\N	6	\N	6	2017-10-23 00:00:00.000	2017-10-23 11:12:32.377
9989	5CN	12666	\N	6	\N	6	2017-10-23 00:00:00.000	2017-10-23 11:23:48.247
9990	1Z9072	9169	\N	6	\N	6	2017-10-23 00:00:00.000	2017-10-23 11:42:55.520
9991	1G9272	1953	\N	6	\N	6	2017-10-23 00:00:00.000	2017-10-23 11:55:10.657
9992	1Z9152	13217	\N	6	\N	6	2017-10-23 00:00:00.000	2017-10-23 12:04:30.710
9993	149004	4398	\N	6	\N	6	2017-10-23 00:00:00.000	2017-10-23 12:12:56.947
9994	1N9186	2913	\N	6	\N	6	2017-10-23 00:00:00.000	2017-10-23 13:36:33.293
9995	1F9214	5375	\N	6	\N	6	2017-10-23 00:00:00.000	2017-10-23 13:48:28.187
9996	2HZ	12557	\N	6	\N	1	2017-10-23 00:00:00.000	2017-10-23 13:55:42.443
9997	1R9426	12425	\N	6	\N	6	2017-10-23 00:00:00.000	2017-10-23 14:04:54.000
9998	1C9801	4091	\N	6	\N	6	2017-10-23 00:00:00.000	2017-10-23 14:33:09.067
9999	1A9550	13224	\N	6	\N	6	2017-10-23 00:00:00.000	2017-10-23 14:52:29.787
10000	1T9669	1425	\N	6	\N	6	2017-10-23 00:00:00.000	2017-10-23 15:03:57.687
10001	1F9233	5411	\N	6	\N	6	2017-10-23 00:00:00.000	2017-10-23 15:24:37.247
10002	1L9270	17396	\N	6	\N	6	2017-10-23 00:00:00.000	2017-10-23 15:37:59.090
10003	1G9271	4354	\N	6	\N	6	2017-10-23 00:00:00.000	2017-10-23 15:49:14.477
10004	1S9760	5906	\N	6	\N	6	2017-10-23 00:00:00.000	2017-10-23 16:23:21.123
10005	1S9749	2731	\N	6	\N	6	2017-10-23 00:00:00.000	2017-10-23 17:30:34.137
10006	2M9147	4178	\N	6	\N	1	2017-10-23 00:00:00.000	2017-10-23 17:48:14.580
10007	5GP	4642	\N	6	\N	6	2017-10-24 00:00:00.000	2017-10-24 08:58:14.033
10008	1K9346	17395	\N	6	\N	6	2017-10-24 00:00:00.000	2017-10-24 09:17:26.783
10009	4B9169	17378	\N	6	\N	6	2017-10-24 00:00:00.000	2017-10-24 10:15:47.103
10010	1L9280	3221	\N	6	\N	6	2017-10-24 00:00:00.000	2017-10-24 10:41:55.920
10011	4UV	9420	\N	6	\N	6	2017-10-24 00:00:00.000	2017-10-24 11:28:03.830
10012	1B9566	17398	\N	6	\N	6	2017-10-24 00:00:00.000	2017-10-24 12:16:50.647
10013	1M9464	4450	\N	6	\N	6	2017-10-24 00:00:00.000	2017-10-24 14:22:16.257
10014	149002	4394	\N	6	\N	6	2017-10-24 00:00:00.000	2017-10-24 14:45:39.713
10015	1B9519	4773	\N	6	\N	6	2017-10-24 00:00:00.000	2017-10-24 15:14:57.133
10016	1P9400	17399	\N	6	\N	6	2017-10-24 00:00:00.000	2017-10-24 16:10:28.753
10017	1S9700	3757	\N	6	\N	6	2017-10-24 00:00:00.000	2017-10-24 16:26:33.600
10018	1M9493	4195	\N	6	\N	6	2017-10-24 00:00:00.000	2017-10-24 16:38:49.000
10019	1E9200	17400	\N	6	\N	6	2017-10-24 00:00:00.000	2017-10-24 16:47:12.943
10020	7H8	13836	\N	9	\N	6	2017-10-25 00:00:00.000	2024-01-02 18:01:25.090
10021	4N1	11494	\N	6	\N	6	2017-10-25 00:00:00.000	2017-10-25 09:34:19.743
10022	1S9712	3437	\N	6	\N	6	2017-10-25 00:00:00.000	2017-10-25 10:24:32.530
10023	4S9464	17150	\N	6	\N	6	2017-10-25 00:00:00.000	2018-12-20 14:08:48.767
10024	1M9570	2909	\N	6	\N	6	2017-10-25 00:00:00.000	2017-10-25 10:58:06.900
10025	7H0	1492	\N	6	\N	6	2017-10-25 00:00:00.000	2017-10-25 10:52:22.030
10026	1C9814	4020	\N	6	\N	6	2017-10-25 00:00:00.000	2017-10-25 11:01:24.130
10027	1A9551	17403	\N	6	\N	6	2017-10-25 00:00:00.000	2017-10-25 11:20:07.690
10028	1L9242	5955	\N	6	\N	6	2017-10-25 00:00:00.000	2017-10-25 11:25:58.083
10029	1G9270	12448	\N	6	\N	6	2017-10-25 00:00:00.000	2017-10-25 11:29:46.250
10030	1M9564	6017	\N	6	\N	6	2017-10-25 00:00:00.000	2017-10-25 11:43:01.867
10031	1Z9161	5294	\N	3	2	6	2017-10-25 00:00:00.000	2017-10-25 11:48:18.657
10032	1A9554	4401	\N	6	\N	6	2017-10-25 00:00:00.000	2017-10-25 11:51:41.283
10033	2C9086	12845	\N	6	\N	6	2017-10-25 00:00:00.000	2017-10-25 12:16:38.963
10034	2K9062	2797	\N	6	\N	6	2017-10-25 00:00:00.000	2017-10-25 12:42:35.053
10035	5GU	3703	\N	6	\N	6	2017-10-25 00:00:00.000	2017-10-25 15:31:34.133
10036	1S9767	8006	\N	1	\N	6	2017-10-25 00:00:00.000	2020-01-13 11:27:52.143
10037	1S9764	2391	\N	6	\N	6	2017-10-25 00:00:00.000	2017-10-25 16:02:36.933
10038	1Z9147	10543	\N	6	\N	6	2017-10-25 00:00:00.000	2017-10-25 16:14:35.237
10039	1A9461	17407	\N	6	\N	6	2017-10-25 00:00:00.000	2017-10-25 16:52:56.613
10040	1C9811	2129	\N	6	\N	6	2017-10-26 00:00:00.000	2017-10-26 06:11:43.457
10041	1S9763	2515	\N	6	\N	6	2017-10-26 00:00:00.000	2017-10-26 06:48:19.190
10042	1L9286	3687	\N	6	\N	6	2017-10-26 00:00:00.000	2017-10-26 07:01:56.600
10043	1M9565	8113	\N	6	\N	6	2017-10-26 00:00:00.000	2017-11-03 11:00:33.323
10044	1G9279	5478	\N	6	\N	6	2017-10-26 00:00:00.000	2017-10-26 08:41:05.453
10045	1Z9121	4897	\N	1	\N	6	2017-10-26 00:00:00.000	2017-10-26 09:00:17.500
10046	1A9533	13073	\N	6	\N	6	2017-10-26 00:00:00.000	2017-10-26 09:43:28.803
10047	507	10551	\N	6	\N	6	2017-10-26 00:00:00.000	2017-10-26 09:53:44.787
10048	1J9224	8182	\N	6	\N	6	2017-10-26 00:00:00.000	2017-10-26 09:59:16.427
10049	1G9544	17385	\N	9	\N	6	2017-10-26 00:00:00.000	2026-04-08 14:31:59.387
10050	1N9191	10112	\N	6	\N	6	2017-10-26 00:00:00.000	2017-10-26 10:05:26.087
10051	7HZ	17405	\N	6	\N	6	2017-10-26 00:00:00.000	2017-10-26 10:38:37.570
10052	1F9032	4688	\N	6	\N	6	2017-10-26 00:00:00.000	2017-10-26 10:42:45.500
10053	4M9075	17219	\N	9	\N	6	2017-10-26 00:00:00.000	2017-10-26 10:57:01.897
10054	1A9542	13075	\N	6	\N	6	2017-10-26 00:00:00.000	2017-10-26 11:04:20.367
10055	5HC	13313	\N	6	\N	6	2017-10-26 00:00:00.000	2017-10-26 11:20:32.060
10056	1R9430	3895	\N	6	\N	6	2017-10-26 00:00:00.000	2017-10-26 11:31:45.967
10057	7J0	16325	\N	1	\N	6	2017-10-26 00:00:00.000	2017-10-26 11:54:49.330
10058	1Z9163	3836	\N	6	\N	6	2017-10-26 00:00:00.000	2017-10-26 13:25:35.517
10059	1H9381	12454	\N	6	\N	6	2017-10-26 00:00:00.000	2017-10-26 13:59:34.473
10060	1B9591	5633	\N	6	\N	6	2017-10-26 00:00:00.000	2017-10-26 14:33:27.670
10061	2L9107	5205	\N	6	\N	6	2017-10-26 00:00:00.000	2017-10-26 15:23:17.137
10062	1H9384	17414	\N	6	\N	6	2017-10-26 00:00:00.000	2017-10-26 15:56:15.563
10063	1E9278	12677	\N	6	\N	6	2017-10-27 00:00:00.000	2017-10-27 12:34:30.267
10064	1P9724	5765	\N	6	\N	6	2017-10-27 00:00:00.000	2017-10-27 12:54:26.633
10065	5HF	1771	\N	6	\N	6	2017-10-27 00:00:00.000	2017-10-27 14:57:05.557
10066	4T9288	17412	\N	6	\N	6	2017-11-02 00:00:00.000	2017-11-02 14:29:38.270
10067	4T9289	17419	\N	6	\N	6	2017-11-02 00:00:00.000	2017-11-02 14:47:40.660
10068	Y69002	17246	\N	1	\N	212	2017-11-02 00:00:00.000	2017-11-02 15:51:22.667
10069	1W9606	17410	\N	6	\N	6	2017-11-02 00:00:00.000	2017-11-02 15:59:06.130
10070	1D9811	17415	\N	9	\N	6	2017-11-03 00:00:00.000	2017-11-03 08:40:15.483
10071	KUS	17431	\N	9	\N	15	2017-11-03 00:00:00.000	2017-11-03 09:49:11.833
10072	KUT	17431	\N	9	\N	15	2017-11-03 00:00:00.000	2017-11-03 09:50:10.783
10073	2M9018	6028	\N	6	\N	1	2017-11-03 00:00:00.000	2017-11-03 10:11:09.067
10074	7J1	17416	\N	1	\N	6	2017-11-03 00:00:00.000	2017-11-03 10:17:22.733
10075	7HY	17402	\N	6	\N	6	2017-11-03 00:00:00.000	2017-11-03 10:36:32.567
10076	1B9598	17140	\N	6	\N	6	2017-11-03 00:00:00.000	2017-11-03 10:41:43.567
10077	1T9677	2421	\N	6	\N	6	2017-11-03 00:00:00.000	2017-11-03 10:52:26.647
10078	17X	3035	\N	6	\N	6	2017-11-03 00:00:00.000	2017-11-03 10:55:14.847
10079	1M9234	8113	\N	6	\N	6	2017-11-03 00:00:00.000	2017-11-03 11:03:06.280
10080	1T9675	3704	\N	6	\N	6	2017-11-03 00:00:00.000	2017-11-03 11:56:43.787
10081	5HH	5103	\N	6	\N	6	2017-11-03 00:00:00.000	2017-11-03 12:15:05.680
10082	1M9502	8311	\N	6	\N	6	2017-11-03 00:00:00.000	2017-11-03 12:23:29.683
10083	1W9309	10889	\N	6	\N	6	2017-11-03 00:00:00.000	2017-11-03 13:19:10.460
10084	1Z9160	8394	\N	1	\N	6	2017-11-03 00:00:00.000	2017-11-03 13:31:10.230
10085	1K9380	17397	\N	6	\N	6	2017-11-03 00:00:00.000	2017-11-03 13:49:22.357
10086	1H9383	5572	\N	6	\N	6	2017-11-03 00:00:00.000	2017-11-03 13:57:19.797
10087	5HB	2305	\N	6	\N	6	2017-11-03 00:00:00.000	2017-11-03 14:34:40.117
10088	1E9275	5327	\N	1	\N	6	2017-11-03 00:00:00.000	2017-11-03 14:49:35.183
10089	1W9338	11668	\N	6	\N	6	2017-11-03 00:00:00.000	2017-11-03 15:31:59.890
10090	1W9340	9211	\N	6	\N	6	2017-11-03 00:00:00.000	2017-11-03 15:54:15.597
10091	SA9112	1879	\N	6	\N	5	2017-11-03 00:00:00.000	2017-11-03 15:59:36.317
10092	1C9786	2053	\N	6	\N	6	2017-11-03 00:00:00.000	2017-11-03 16:37:13.063
10093	1C9804	4677	\N	6	\N	6	2017-11-03 00:00:00.000	2017-11-03 17:14:08.597
10094	1E9284	5721	\N	6	\N	6	2017-11-03 00:00:00.000	2017-11-03 17:21:38.127
10095	5HV	3472	\N	6	\N	6	2017-11-07 00:00:00.000	2017-11-03 17:46:07.680
10096	5HJ	8964	\N	6	\N	6	2017-11-06 00:00:00.000	2017-11-06 09:27:55.500
10098	4S9444	16407	\N	6	\N	6	2017-11-06 00:00:00.000	2017-11-06 10:00:40.497
10099	1N9198	17433	\N	6	\N	6	2017-11-06 00:00:00.000	2017-11-06 10:04:19.613
10100	1T9588	8265	\N	6	\N	6	2017-11-06 00:00:00.000	2021-04-29 12:49:10.353
10101	1M9574	6011	\N	6	\N	6	2017-11-06 00:00:00.000	2017-11-06 11:32:46.633
10102	5HP	3554	\N	6	\N	6	2017-11-06 00:00:00.000	2017-11-06 11:47:51.937
10103	1T9682	2943	\N	6	\N	6	2017-11-06 00:00:00.000	2017-11-06 12:03:32.367
10104	1G9276	2602	\N	9	\N	6	2017-11-06 00:00:00.000	2017-11-06 13:28:11.330
10105	1K9202	3404	\N	6	\N	6	2017-11-06 00:00:00.000	2017-11-06 13:50:51.170
10106	1S9765	3349	\N	6	\N	6	2017-11-06 00:00:00.000	2017-11-06 14:03:22.327
10107	1R9427	3888	\N	6	\N	6	2017-11-06 00:00:00.000	2017-11-06 14:11:25.117
10108	2LD	2310	\N	6	\N	1	2017-11-06 00:00:00.000	2017-11-06 14:47:47.077
10109	1T9529	3230	\N	6	\N	6	2017-11-06 00:00:00.000	2017-11-06 14:48:52.627
10110	2F9055	5361	\N	6	\N	1	2017-11-06 00:00:00.000	2017-11-06 15:30:09.770
10111	1B9878	1362	\N	6	\N	6	2017-11-06 00:00:00.000	2017-11-06 16:48:19.593
10112	1K9204	4132	\N	6	\N	6	2017-11-06 00:00:00.000	2017-11-06 17:01:03.400
10113	1M9578	4138	\N	6	\N	6	2017-11-07 00:00:00.000	2017-11-07 08:52:44.540
10114	1S9775	2390	\N	6	\N	6	2017-11-07 00:00:00.000	2017-11-07 10:06:15.890
10115	1U9078	9397	\N	6	\N	6	2017-11-07 00:00:00.000	2017-11-07 10:27:52.177
10116	2C9161	12669	\N	6	\N	1	2017-11-07 00:00:00.000	2017-11-07 10:36:09.863
10117	1F9242	12598	\N	6	\N	6	2017-11-07 00:00:00.000	2017-11-07 14:15:56.660
10118	2S9131	5733	\N	6	\N	1	2017-11-07 00:00:00.000	2017-11-07 14:27:23.483
10119	1A9520	4837	\N	6	\N	6	2017-11-07 00:00:00.000	2017-11-07 14:36:52.417
10120	1L9346	9226	\N	6	\N	6	2017-11-07 00:00:00.000	2017-11-07 14:51:25.080
10121	5GY	13139	\N	6	\N	6	2017-11-07 00:00:00.000	2017-11-07 15:07:29.083
10122	1A9707	9266	\N	1	\N	6	2017-11-07 00:00:00.000	2017-11-07 15:07:30.880
10123	1S9990	9259	\N	1	\N	6	2017-11-07 00:00:00.000	2017-11-07 15:18:18.343
10124	1C9820	5164	\N	6	\N	6	2017-11-07 00:00:00.000	2017-11-07 15:54:39.257
10125	1FW	8234	\N	6	\N	6	2017-11-07 00:00:00.000	2017-11-07 16:08:09.413
10126	1M9729	9964	\N	1	\N	6	2017-11-07 00:00:00.000	2017-11-07 16:10:59.750
10127	1E9350	1413	\N	6	\N	6	2017-11-07 00:00:00.000	2017-11-07 16:23:48.363
10128	1P9434	3149	\N	6	\N	6	2017-11-08 00:00:00.000	2017-11-08 10:33:40.463
10129	SDR	2475	\N	6	\N	5	2017-11-08 00:00:00.000	2017-11-08 10:43:13.390
10130	1A9559	4836	\N	6	\N	6	2017-11-08 00:00:00.000	2017-11-08 11:21:03.880
10131	1C9825	13276	\N	6	\N	6	2017-11-08 00:00:00.000	2017-11-08 11:29:16.340
10132	1B9613	13029	\N	6	\N	6	2017-11-08 00:00:00.000	2017-11-08 12:06:05.307
10133	1M9567	2429	\N	6	\N	6	2017-11-08 00:00:00.000	2017-11-08 12:25:10.847
10134	1B9603	1922	\N	1	\N	6	2017-11-08 00:00:00.000	2017-11-08 14:24:02.087
10135	1Z9167	3541	\N	6	\N	6	2017-11-08 00:00:00.000	2017-11-08 14:23:41.433
10136	1C9822	5251	\N	6	\N	6	2017-11-08 00:00:00.000	2017-11-08 14:30:43.757
10137	3A9057	4815	\N	6	\N	12	2017-11-08 00:00:00.000	2017-11-08 15:24:43.867
10138	1W9344	11699	\N	6	\N	6	2017-11-08 00:00:00.000	2017-11-08 15:43:01.843
10139	1PA	9811	\N	6	\N	6	2017-11-08 00:00:00.000	2017-11-08 16:01:33.890
10140	1B9612	4576	\N	6	\N	6	2017-11-09 00:00:00.000	2017-11-09 09:20:24.830
10141	1T9696	8420	\N	6	\N	6	2017-11-09 00:00:00.000	2017-11-09 09:26:04.367
10142	14V	11517	\N	9	\N	6	2017-11-09 00:00:00.000	2019-10-16 12:56:47.110
10144	1M9571	4181	\N	6	\N	6	2017-11-09 00:00:00.000	2017-11-09 10:51:46.617
10145	1B9599	1889	\N	6	\N	6	2017-11-09 00:00:00.000	2017-11-09 10:58:47.210
10146	1R9437	3898	\N	1	\N	6	2017-11-09 00:00:00.000	2017-11-09 11:07:11.420
10147	1M9579	4448	\N	6	\N	6	2017-11-09 00:00:00.000	2017-11-09 11:21:15.740
10148	1K9207	3666	\N	6	\N	6	2017-11-09 00:00:00.000	2017-11-09 12:27:36.803
10149	1A9558	13117	\N	6	\N	6	2017-11-09 00:00:00.000	2017-11-09 12:41:23.137
10150	1M9572	7673	\N	6	\N	6	2017-11-09 00:00:00.000	2017-11-09 13:14:07.930
10151	1C9817	3945	\N	6	\N	6	2017-11-09 00:00:00.000	2017-11-09 13:31:50.073
10152	1U9080	9575	\N	6	\N	6	2017-11-09 00:00:00.000	2017-11-09 13:43:56.130
10153	5HU	1342	\N	6	\N	6	2017-11-09 00:00:00.000	2017-11-09 14:49:14.653
10154	1M9556	17455	\N	6	\N	6	2017-11-09 00:00:00.000	2017-11-09 15:19:21.573
10155	1T9708	5973	\N	6	\N	6	2017-11-09 00:00:00.000	2017-11-09 16:04:35.243
10156	2G7	984	\N	2	\N	1	2017-11-09 00:00:00.000	2017-11-09 16:36:40.617
10157	1D9813	17452	\N	6	\N	6	2017-11-13 00:00:00.000	2017-11-13 14:12:44.320
10158	2K9050	17443	\N	6	\N	6	2017-11-13 00:00:00.000	2017-11-13 14:59:35.493
10159	1E9359	1402	\N	6	\N	6	2017-11-14 00:00:00.000	2017-11-14 09:19:09.480
10160	1P9792	17425	\N	6	\N	6	2017-11-14 00:00:00.000	2017-11-14 09:40:55.887
10161	1E9376	10423	\N	6	\N	6	2017-11-14 00:00:00.000	2017-11-14 09:47:40.630
10162	2RY	17423	\N	6	\N	1	2017-11-14 00:00:00.000	2017-11-14 10:13:35.733
10163	5FG	1399	\N	6	\N	6	2017-11-14 00:00:00.000	2017-11-14 10:38:49.717
10164	2B9640	10415	\N	6	\N	1	2017-11-14 00:00:00.000	2017-11-14 11:33:50.760
10165	2S9132	1410	\N	6	\N	1	2017-11-14 00:00:00.000	2017-11-14 11:41:36.733
10166	1D9559	10422	\N	1	\N	6	2017-11-14 00:00:00.000	2017-11-14 14:00:37.257
10167	1E9361	1411	\N	1	\N	6	2017-11-14 00:00:00.000	2017-11-14 15:05:22.193
10168	1T9856	10659	\N	6	\N	6	2017-11-14 00:00:00.000	2017-11-14 15:50:30.843
10169	1N9219	4510	\N	6	\N	6	2017-11-14 00:00:00.000	2017-11-14 15:51:17.457
10170	1K9259	10876	\N	1	\N	6	2017-11-15 00:00:00.000	2017-11-15 09:48:04.393
10171	7H2	17148	\N	6	\N	6	2017-11-15 00:00:00.000	2017-11-15 10:00:34.177
10172	1D9799	17459	\N	6	\N	6	2017-11-15 00:00:00.000	2017-11-15 11:30:50.397
10173	1Z9264	10878	\N	1	\N	6	2017-11-15 00:00:00.000	2017-11-15 11:32:13.747
10174	3DC	17435	\N	6	\N	12	2017-11-15 00:00:00.000	2017-11-15 11:34:09.843
10175	LZ9HZG	17428	\N	3	\N	8	2017-11-15 00:00:00.000	2017-11-15 12:00:33.807
10176	4C9012	17463	\N	6	\N	6	2017-11-15 00:00:00.000	2017-11-15 12:19:02.580
10177	1R9303	11033	\N	6	\N	6	2017-11-15 00:00:00.000	2017-11-15 14:13:32.237
10178	1M9597	3748	\N	6	\N	6	2017-11-15 00:00:00.000	2017-11-15 14:28:49.800
10179	5KV	8574	\N	6	\N	6	2017-11-15 00:00:00.000	2017-11-15 14:35:22.780
10180	1C9836	2694	\N	6	\N	6	2017-11-15 00:00:00.000	2017-11-15 14:45:19.233
10181	1B9616	17464	\N	6	\N	6	2017-11-15 00:00:00.000	2017-11-15 15:01:39.397
10182	1Z9266	10257	\N	1	\N	6	2017-11-15 00:00:00.000	2017-11-15 15:08:05.280
10183	1B9739	10669	\N	6	\N	6	2017-11-15 00:00:00.000	2017-11-15 15:16:49.910
10184	1D9545	10662	\N	6	\N	6	2017-11-15 00:00:00.000	2017-11-15 15:42:13.267
10185	1E9304	11689	\N	1	\N	6	2017-11-15 00:00:00.000	2017-11-15 16:01:11.867
10186	1E9229	10244	\N	6	\N	6	2017-11-16 00:00:00.000	2017-11-16 10:20:37.720
10187	SFB	10246	\N	9	\N	5	2017-11-16 00:00:00.000	2017-11-16 11:03:38.933
10188	1F9235	10247	\N	6	\N	6	2017-11-16 00:00:00.000	2017-11-16 11:27:35.197
10189	1S9788	13614	\N	6	\N	6	2017-11-16 00:00:00.000	2017-11-16 11:32:33.780
10190	1H9400	17467	\N	6	\N	6	2017-11-16 00:00:00.000	2017-11-16 11:58:32.723
10191	5ES	8658	\N	7	\N	6	2017-11-16 00:00:00.000	2017-11-16 12:27:04.670
10192	1S9SMD	8205	\N	6	\N	6	2017-11-16 00:00:00.000	2017-11-16 12:34:54.620
10193	5H6	8581	\N	6	\N	6	2017-11-16 00:00:00.000	2017-11-16 12:40:12.423
10194	1B9625	5710	\N	6	\N	6	2017-11-16 00:00:00.000	2017-11-16 12:56:59.063
10195	5FM	13213	\N	6	\N	6	2017-11-16 00:00:00.000	2017-11-16 13:04:20.607
10196	1A9690	8575	\N	6	\N	6	2017-11-16 00:00:00.000	2017-11-16 14:18:57.797
10197	1H9362	8659	\N	6	\N	6	2017-11-16 00:00:00.000	2017-11-16 14:38:47.223
10198	1H9371	8660	\N	6	\N	6	2017-11-16 00:00:00.000	2017-11-16 14:53:50.527
10199	1K9215	3500	\N	6	\N	6	2017-11-16 00:00:00.000	2017-11-16 15:10:00.473
10200	1L9302	8662	\N	6	\N	6	2017-11-16 00:00:00.000	2017-11-16 15:19:25.710
10201	1P9376	8097	\N	6	\N	6	2017-11-16 00:00:00.000	2017-11-16 15:55:29.387
10202	1L9269	17468	\N	9	\N	6	2017-11-16 00:00:00.000	2017-11-16 16:19:59.953
10203	1T9681	8840	\N	6	\N	6	2017-11-16 00:00:00.000	2017-11-16 16:37:14.220
10204	1M9676	10345	\N	1	\N	6	2017-11-16 00:00:00.000	2017-11-16 17:06:54.340
10205	SJZ	8905	\N	2	\N	5	2017-11-16 00:00:00.000	2017-11-16 17:16:05.550
10206	1R9858	17470	\N	6	\N	6	2017-11-17 00:00:00.000	2017-11-17 09:00:46.987
10207	4S9017	8908	\N	1	\N	6	2017-11-17 00:00:00.000	2017-11-17 09:12:56.240
10208	1D9803	17469	\N	6	\N	6	2017-11-17 00:00:00.000	2017-11-17 09:29:08.467
10209	1Z9554	17432	\N	6	\N	6	2017-11-17 00:00:00.000	2017-11-17 09:33:09.953
10210	13Y	17222	\N	6	\N	6	2017-11-17 00:00:00.000	2017-11-17 09:37:15.267
10211	L4W	14270	\N	6	\N	8	2017-11-17 00:00:00.000	2017-11-17 09:56:01.557
10212	1N9204	3838	\N	6	\N	6	2017-11-17 00:00:00.000	2017-11-17 10:46:09.273
10213	1S9819	5243	\N	6	\N	6	2017-11-17 00:00:00.000	2017-11-17 11:00:50.860
10214	1N9206	1770	\N	6	\N	6	2017-11-17 00:00:00.000	2017-11-17 11:13:35.653
10215	1B9819	10248	\N	1	\N	6	2017-11-17 00:00:00.000	2017-11-17 11:50:36.177
10216	1Z9225	10249	\N	1	\N	6	2017-11-17 00:00:00.000	2017-11-17 11:58:20.900
10217	1C9802	8576	\N	1	\N	6	2017-11-17 00:00:00.000	2017-11-17 12:12:34.487
10218	1W9381	8495	\N	6	\N	6	2017-11-17 00:00:00.000	2017-11-17 12:31:25.800
10219	1F9224	12946	\N	6	\N	6	2017-11-17 00:00:00.000	2017-11-17 13:13:03.710
10220	1P9344	8364	\N	1	\N	6	2017-11-17 00:00:00.000	2017-11-17 13:53:32.260
10221	1J9344	5853	\N	6	\N	6	2017-11-17 00:00:00.000	2017-11-17 13:46:50.607
10222	1M9600	3829	\N	6	\N	6	2017-11-17 00:00:00.000	2017-11-17 14:09:17.310
10223	1T9706	4004	\N	6	\N	6	2017-11-17 00:00:00.000	2017-11-17 14:50:48.650
10224	1K9262	5857	\N	1	\N	6	2017-11-17 00:00:00.000	2017-11-17 14:59:34.057
10225	1K9214	4130	\N	1	\N	6	2017-11-17 00:00:00.000	2017-11-17 15:34:55.117
10226	1Z9187	17471	\N	6	\N	6	2017-11-17 00:00:00.000	2017-11-17 16:00:47.613
10227	1C9974	8577	\N	1	\N	6	2017-11-20 00:00:00.000	2017-11-20 09:36:04.087
10228	4UL	17474	\N	6	\N	6	2017-11-20 00:00:00.000	2017-11-20 10:06:36.323
10229	7HP	16126	\N	9	\N	6	2017-11-20 00:00:00.000	2017-11-20 10:50:11.170
10230	2C9178	1407	\N	6	\N	1	2017-11-20 00:00:00.000	2017-11-20 11:58:36.207
10231	5JU	3854	\N	6	\N	6	2017-11-20 00:00:00.000	2017-11-20 12:57:27.993
10232	1T9736	3177	\N	6	\N	6	2017-11-20 00:00:00.000	2017-11-20 14:27:00.843
10233	2S9058	2324	\N	6	\N	1	2017-11-20 00:00:00.000	2017-11-20 14:54:38.300
10234	2LC	3216	\N	6	\N	1	2017-11-20 00:00:00.000	2017-11-20 15:38:02.583
10235	1R9409	4976	\N	1	\N	6	2017-11-20 00:00:00.000	2017-11-20 16:06:15.953
10236	1C9933	10192	\N	6	\N	6	2017-11-20 00:00:00.000	2017-11-20 17:06:51.990
10237	1M9643	2640	\N	6	\N	6	2017-11-21 00:00:00.000	2017-11-21 10:30:34.167
10238	2P9059	3286	\N	6	\N	1	2017-11-21 00:00:00.000	2017-11-21 11:00:20.637
10239	1N9200	3313	\N	1	\N	6	2017-11-21 00:00:00.000	2017-11-21 11:17:19.207
10240	LXS	9792	\N	1	\N	6	2017-11-21 00:00:00.000	2017-11-21 11:22:07.607
10241	1M9607	3828	\N	6	\N	6	2017-11-21 00:00:00.000	2017-11-21 12:32:10.940
10242	1N9181	3367	\N	6	\N	6	2017-11-21 00:00:00.000	2017-11-21 12:39:42.780
10243	5JG	5977	\N	6	\N	6	2017-11-21 00:00:00.000	2017-11-21 12:49:22.100
10244	1J9260	4910	\N	6	\N	6	2017-11-21 00:00:00.000	2017-11-21 13:02:14.380
10245	1M9598	2373	\N	6	\N	6	2017-11-21 00:00:00.000	2017-11-21 13:25:14.140
10246	1Z9173	9894	\N	6	\N	6	2017-11-21 00:00:00.000	2017-11-21 14:17:55.877
10247	1B9764	9228	\N	1	\N	6	2017-11-21 00:00:00.000	2017-11-21 14:47:13.577
10248	1D9ADA	12646	\N	6	\N	6	2017-11-21 00:00:00.000	2017-11-21 15:04:41.057
10249	1T9876	9551	\N	1	\N	6	2017-11-21 00:00:00.000	2017-11-21 15:38:12.570
10250	1G9299	4715	\N	6	\N	6	2017-11-21 00:00:00.000	2017-11-21 15:47:13.953
10251	5MS	4221	\N	6	\N	6	2017-11-21 00:00:00.000	2017-11-21 15:51:52.307
10252	1G9300	12314	\N	6	\N	6	2017-11-21 00:00:00.000	2017-11-21 16:06:23.163
10253	1F9247	13300	\N	6	\N	6	2017-11-21 00:00:00.000	2017-11-21 16:16:57.677
10254	4S9035	9969	\N	1	\N	6	2017-11-22 00:00:00.000	2017-11-22 09:31:13.683
10255	1F9246	9643	\N	6	\N	6	2017-11-22 00:00:00.000	2017-11-22 09:42:31.473
10256	1P9577	9973	\N	1	\N	6	2017-11-22 00:00:00.000	2017-11-22 09:45:12.200
10257	1M9577	4619	\N	6	\N	6	2017-11-22 00:00:00.000	2017-11-22 10:25:40.297
10258	1L9363	10349	\N	1	\N	6	2017-11-22 00:00:00.000	2017-11-22 11:01:34.333
10259	1G9292	1950	\N	6	\N	6	2017-11-22 00:00:00.000	2017-11-22 11:30:25.030
10260	1E9315	12776	\N	6	\N	6	2017-11-22 00:00:00.000	2017-11-22 12:35:15.863
10261	1A9567	13218	\N	6	\N	6	2017-11-22 00:00:00.000	2017-11-22 12:50:24.177
10262	5JR	5129	\N	6	\N	6	2017-11-22 00:00:00.000	2017-11-22 13:06:39.537
10263	1L9304	3721	\N	1	\N	6	2017-11-22 00:00:00.000	2017-11-22 13:25:11.647
10264	1B9663	13177	\N	6	\N	6	2017-11-22 00:00:00.000	2017-11-22 13:55:54.433
10265	5BC	1925	\N	6	\N	6	2017-11-22 00:00:00.000	2017-11-22 15:01:04.640
10266	1M9476	17491	\N	6	\N	6	2017-11-27 00:00:00.000	2017-11-27 10:01:25.410
10267	4B9166	17458	\N	6	\N	6	2017-11-27 00:00:00.000	2017-11-27 10:23:25.547
10268	2E9050	17496	\N	6	\N	1	2017-11-27 00:00:00.000	2017-11-27 11:10:53.940
10269	1M9573	2886	\N	6	\N	6	2017-11-27 00:00:00.000	2017-11-27 13:31:50.027
10270	1P9441	8342	\N	6	\N	6	2017-11-27 00:00:00.000	2017-11-27 14:00:07.763
10271	1E9293	12818	\N	6	\N	6	2017-11-27 00:00:00.000	2017-11-27 14:18:07.970
10272	1J9255	4906	\N	6	\N	6	2017-11-27 00:00:00.000	2017-11-27 14:53:18.110
10273	1S9801	12381	\N	6	\N	6	2017-11-27 00:00:00.000	2017-11-27 15:01:21.960
10274	1A9568	2202	\N	6	\N	6	2017-11-27 00:00:00.000	2017-11-27 15:30:23.250
10275	1P9444	6002	\N	6	\N	6	2017-11-28 00:00:00.000	2017-11-28 10:11:53.673
10276	1P9529	9922	\N	6	\N	6	2017-11-28 00:00:00.000	2017-11-28 10:20:17.990
10277	1F9297	9044	\N	6	\N	6	2017-11-28 00:00:00.000	2017-11-28 10:31:29.400
10278	1M9593	3635	\N	6	\N	6	2017-11-28 00:00:00.000	2017-11-28 10:32:11.923
10279	2P9036	8351	\N	6	\N	1	2017-11-28 00:00:00.000	2017-11-28 10:36:12.837
10280	1M9511	2881	\N	6	\N	6	2017-11-28 00:00:00.000	2017-11-28 10:52:33.190
10281	1E9298	12996	\N	1	\N	6	2017-11-28 00:00:00.000	2017-11-28 11:25:52.597
10282	1S9934	9043	\N	1	\N	6	2017-11-28 00:00:00.000	2017-11-28 11:26:54.123
10283	1M9595	8308	\N	6	\N	6	2017-11-28 00:00:00.000	2017-11-28 11:44:54.503
10284	1L9359	9039	\N	6	\N	6	2017-11-28 00:00:00.000	2017-11-28 11:57:18.437
10285	1F9287	9221	\N	1	\N	6	2017-11-28 00:00:00.000	2017-11-28 13:13:40.167
10286	1E9299	12996	\N	6	\N	6	2017-11-28 00:00:00.000	2017-11-28 13:32:31.637
10287	1D9454	17502	\N	6	\N	6	2017-11-28 00:00:00.000	2017-11-28 14:34:15.020
10288	5LK	3083	\N	6	\N	6	2017-11-28 00:00:00.000	2017-11-28 14:56:12.787
10289	2RN	17503	\N	6	\N	1	2017-11-28 00:00:00.000	2017-11-28 15:24:48.693
10290	1B9623	13064	\N	6	\N	6	2017-11-28 00:00:00.000	2017-11-28 16:04:52.817
10291	4C9469	17507	\N	6	\N	6	2017-11-29 00:00:00.000	2017-11-29 09:56:15.380
10292	JP9008	17426	\N	6	\N	6	2017-11-29 00:00:00.000	2017-11-29 10:24:19.357
10293	4YP	8570	\N	6	\N	6	2017-11-29 00:00:00.000	2017-11-29 10:33:55.980
10294	TYB	17508	\N	3	\N	41	2017-11-29 00:00:00.000	2017-11-29 11:52:46.983
10295	4C9048	10012	\N	1	\N	6	2017-11-29 00:00:00.000	2017-11-29 11:50:12.700
10296	1J9298	10013	\N	6	\N	6	2017-11-29 00:00:00.000	2017-11-29 13:11:23.840
10297	1W9601	17516	\N	6	\N	6	2017-11-30 00:00:00.000	2017-11-30 09:09:03.077
10298	1L9328	11103	\N	6	\N	6	2017-11-30 00:00:00.000	2017-11-30 10:38:51.543
10299	1A9648	11323	\N	1	\N	6	2017-11-30 00:00:00.000	2017-11-30 16:11:55.087
10300	1C9957	11099	\N	6	\N	6	2017-11-30 00:00:00.000	2017-11-30 17:32:45.743
10301	RKC	11093	\N	1	\N	4	2017-11-30 00:00:00.000	2017-11-30 17:51:49.537
10302	1T9804	11491	\N	6	\N	6	2017-12-01 00:00:00.000	2017-12-01 09:36:56.277
10303	1H9436	11096	\N	6	\N	6	2017-12-01 00:00:00.000	2017-12-01 09:42:46.683
10304	1M9688	10899	\N	6	\N	6	2017-12-01 00:00:00.000	2017-12-01 09:48:29.027
10305	1F9291	11060	\N	1	\N	6	2017-12-01 00:00:00.000	2017-12-01 10:46:19.550
10306	1U9092	10912	\N	1	\N	6	2017-12-01 00:00:00.000	2017-12-01 11:17:49.820
10307	1D9515	17521	\N	6	\N	6	2017-12-01 00:00:00.000	2017-12-01 11:25:32.643
10308	1L9254	4174	\N	6	\N	6	2017-12-01 00:00:00.000	2017-12-01 12:56:09.203
10309	1S9916	11057	\N	6	\N	6	2017-12-01 00:00:00.000	2017-12-01 13:49:24.760
10310	1T9818	11058	\N	1	\N	6	2017-12-01 00:00:00.000	2017-12-01 13:59:18.077
10311	1B9630	4965	\N	6	\N	6	2017-12-01 00:00:00.000	2017-12-01 14:05:58.997
10312	1K9241	11312	\N	1	\N	6	2017-12-01 00:00:00.000	2017-12-01 14:12:27.033
10313	1S9820	10620	\N	6	\N	6	2017-12-01 00:00:00.000	2017-12-01 14:54:35.547
10314	5FK	1802	\N	6	\N	6	2017-12-01 00:00:00.000	2017-12-01 15:02:11.193
10315	1S9806	2574	\N	6	\N	6	2017-12-01 00:00:00.000	2017-12-01 15:18:25.167
10316	1S9821	2924	\N	6	\N	6	2017-12-01 00:00:00.000	2017-12-01 15:34:22.587
10317	VGA	8344	\N	1	\N	11	2017-12-04 00:00:00.000	2017-12-04 15:40:13.160
10318	1C9856	13240	\N	1	\N	6	2017-12-05 00:00:00.000	2017-12-05 15:18:06.647
10319	4T9291	17529	\N	6	\N	6	2017-12-06 00:00:00.000	2017-12-06 10:03:04.143
10320	1C9202	17446	\N	6	\N	6	2017-12-06 00:00:00.000	2017-12-06 11:25:40.727
10321	4S9473	17526	\N	6	\N	6	2017-12-06 00:00:00.000	2017-12-06 11:46:08.480
10322	4M9056	17519	\N	6	\N	6	2017-12-06 00:00:00.000	2017-12-06 14:23:54.420
10323	4C9446	17518	\N	6	\N	6	2017-12-06 00:00:00.000	2017-12-06 14:36:50.833
10324	1N9378	17454	\N	6	\N	6	2017-12-06 00:00:00.000	2017-12-06 15:28:28.873
10325	1D9448	15919	\N	6	\N	6	2017-12-07 00:00:00.000	2017-12-07 10:25:08.637
10326	1M9524	3245	\N	6	\N	6	2017-12-07 00:00:00.000	2017-12-07 10:37:41.477
10327	1P9445	21122	\N	6	\N	6	2017-12-07 00:00:00.000	2023-04-05 12:41:43.027
10328	1L9292	3559	\N	6	\N	6	2017-12-07 00:00:00.000	2017-12-07 12:10:51.530
10329	1E9300	17531	\N	1	\N	6	2017-12-07 00:00:00.000	2017-12-07 15:32:52.390
10330	1C9CTM	4012	\N	6	\N	6	2017-12-07 00:00:00.000	2017-12-07 15:54:44.417
10331	1F9640	13149	\N	6	\N	6	2017-12-08 00:00:00.000	2017-12-08 09:45:51.333
10332	1N9203	3091	\N	6	\N	6	2017-12-08 00:00:00.000	2017-12-08 09:52:33.130
10333	1B9651	13032	\N	6	\N	6	2017-12-08 00:00:00.000	2017-12-08 09:58:42.553
10334	1D9461	5401	\N	6	\N	6	2017-12-08 00:00:00.000	2017-12-08 10:08:42.950
10335	2T9089	2855	\N	6	\N	1	2017-12-08 00:00:00.000	2017-12-08 10:20:46.933
10336	1L9301	2709	\N	9	\N	6	2017-12-08 00:00:00.000	2017-12-08 11:17:39.547
10337	1D9463	5557	\N	6	\N	6	2017-12-08 00:00:00.000	2017-12-08 11:37:20.063
10338	WB0	5304	\N	6	\N	2	2017-12-08 00:00:00.000	2017-12-08 12:18:30.813
10339	1P9450	17534	\N	6	\N	6	2017-12-08 00:00:00.000	2017-12-08 12:48:21.523
10340	1N9207	4053	\N	6	\N	6	2017-12-08 00:00:00.000	2017-12-08 14:26:15.980
10341	1B9646	1945	\N	6	\N	6	2017-12-08 00:00:00.000	2017-12-08 14:31:14.970
10342	1C9043	2107	\N	6	\N	6	2017-12-08 00:00:00.000	2017-12-08 14:46:03.563
10343	1R9456	4391	\N	6	\N	6	2017-12-08 00:00:00.000	2017-12-08 15:04:25.563
10344	1B9645	5711	\N	6	\N	6	2017-12-08 00:00:00.000	2017-12-08 15:36:34.070
10345	1M9604	2464	\N	6	\N	6	2017-12-08 00:00:00.000	2017-12-08 15:54:05.200
10346	2EW	15834	\N	6	\N	6	2017-12-11 00:00:00.000	2017-12-11 10:02:55.507
10347	4C9491	12031	\N	9	\N	6	2017-12-11 00:00:00.000	2017-12-11 10:09:38.910
10348	1E9348	10903	\N	6	\N	6	2017-12-11 00:00:00.000	2017-12-11 15:12:24.580
10349	1A9660	10902	\N	6	\N	6	2017-12-11 00:00:00.000	2017-12-11 15:26:54.420
10350	1P9322	10894	\N	6	\N	6	2017-12-11 00:00:00.000	2017-12-11 15:34:02.033
10351	1M9681	11729	\N	1	\N	6	2017-12-11 00:00:00.000	2017-12-11 15:41:17.820
10352	1X9015	11535	\N	1	\N	6	2017-12-11 00:00:00.000	2017-12-11 16:09:59.067
10353	1B9727	8571	\N	6	\N	6	2017-12-12 00:00:00.000	2017-12-12 09:12:51.157
10354	5KY	6181	\N	6	\N	6	2017-12-12 00:00:00.000	2017-12-12 09:58:00.307
10355	2A9023	10911	\N	6	\N	1	2017-12-12 00:00:00.000	2017-12-12 10:51:21.930
10356	1M9690	10909	\N	6	\N	6	2017-12-12 00:00:00.000	2017-12-12 12:09:37.803
10357	1J9315	10907	\N	6	\N	6	2017-12-12 00:00:00.000	2017-12-12 12:30:33.323
10358	1W9391	10905	\N	6	\N	6	2017-12-12 00:00:00.000	2017-12-12 13:01:45.670
10359	1S9908	11715	\N	6	\N	6	2017-12-12 00:00:00.000	2017-12-12 13:58:32.857
10360	5EX	11309	\N	6	\N	6	2017-12-12 00:00:00.000	2017-12-12 15:42:28.097
10361	1D9520	8972	\N	1	\N	6	2017-12-12 00:00:00.000	2017-12-12 16:18:15.173
10362	1R9528	17538	\N	6	\N	6	2017-12-13 00:00:00.000	2017-12-13 09:25:03.927
10363	1Y9023	10733	\N	1	\N	6	2017-12-13 00:00:00.000	2017-12-13 10:51:00.950
10364	5L8	11576	\N	6	\N	6	2017-12-13 00:00:00.000	2017-12-13 15:34:46.697
10365	1N9229	17551	\N	5	\N	6	2017-12-14 00:00:00.000	2017-12-14 09:24:09.810
10366	1E9347	11554	\N	6	\N	6	2017-12-14 00:00:00.000	2017-12-14 09:57:25.007
10367	LT8	11547	\N	1	\N	8	2017-12-14 00:00:00.000	2017-12-14 10:53:30.323
10368	1P9506	11542	\N	6	\N	6	2017-12-14 00:00:00.000	2017-12-14 11:22:24.063
10369	5PG	11539	\N	6	\N	6	2017-12-14 00:00:00.000	2017-12-14 11:37:20.800
10370	1W9388	11538	\N	1	\N	6	2017-12-14 00:00:00.000	2017-12-14 11:43:16.967
10371	1D9518	11537	\N	1	\N	6	2017-12-14 00:00:00.000	2017-12-14 12:30:15.360
10372	1P9505	9057	\N	1	\N	6	2017-12-14 00:00:00.000	2017-12-14 13:09:27.580
10373	1D9526	11522	\N	1	\N	6	2017-12-14 00:00:00.000	2017-12-14 13:31:44.877
10374	4B9172	17542	\N	6	\N	6	2017-12-15 00:00:00.000	2017-12-15 11:11:43.050
10375	4A9071	17539	\N	6	\N	6	2017-12-15 00:00:00.000	2017-12-15 11:15:27.487
10376	1Z9464	17540	\N	6	\N	6	2017-12-15 00:00:00.000	2017-12-15 11:26:29.880
10377	1D9814	17545	\N	6	\N	6	2017-12-15 00:00:00.000	2017-12-15 12:06:39.740
10378	4C9494	17543	\N	9	\N	6	2017-12-15 00:00:00.000	2017-12-15 12:27:07.273
10379	7JA	17544	\N	6	\N	6	2017-12-15 00:00:00.000	2017-12-15 12:47:09.723
10380	1C9213	17533	\N	6	\N	6	2017-12-15 00:00:00.000	2017-12-15 13:14:21.550
10381	7HK	17553	\N	6	\N	6	2017-12-15 00:00:00.000	2017-12-15 13:27:06.683
10382	7FN	1256	\N	6	\N	6	2017-12-15 00:00:00.000	2017-12-15 13:38:51.743
10383	1C9961	8762	\N	6	\N	6	2017-12-15 00:00:00.000	2017-12-15 15:43:54.640
10384	1M9703	11362	\N	6	\N	6	2017-12-15 00:00:00.000	2017-12-15 16:05:54.323
10385	1A9669	9681	\N	6	\N	6	2017-12-18 00:00:00.000	2017-12-18 09:32:00.337
10386	5PY	8627	\N	6	\N	6	2017-12-18 00:00:00.000	2017-12-18 09:52:03.083
10387	2R9690	1303	\N	6	\N	1	2017-12-18 00:00:00.000	2017-12-18 15:26:38.103
10388	1D9598	11162	\N	1	\N	6	2017-12-18 00:00:00.000	2017-12-18 16:18:33.553
10389	1W9441	8442	\N	6	\N	6	2017-12-19 00:00:00.000	2017-12-19 11:58:28.270
10390	4S9103	4273	\N	1	\N	6	2017-12-19 00:00:00.000	2017-12-19 14:45:34.283
10391	4C9099	9731	\N	6	\N	6	2017-12-19 00:00:00.000	2017-12-19 15:35:30.190
10392	1D9599	11169	\N	6	\N	6	2017-12-20 00:00:00.000	2017-12-20 10:20:58.373
10393	1K9230	4284	\N	6	\N	6	2017-12-20 00:00:00.000	2017-12-20 11:02:38.387
10394	1Z9304	9684	\N	1	\N	6	2017-12-20 00:00:00.000	2017-12-20 11:46:55.087
10395	1M9788	9089	\N	6	\N	6	2017-12-20 00:00:00.000	2017-12-20 14:57:37.583
10396	1R9623	9300	\N	6	\N	6	2017-12-20 00:00:00.000	2017-12-20 15:23:19.677
10397	1A9774	5828	\N	9	\N	6	2017-12-21 00:00:00.000	2017-12-21 14:02:54.513
10398	1H9520	5829	\N	6	\N	6	2017-12-21 00:00:00.000	2017-12-21 14:07:25.173
10399	1B9884	10765	\N	2	\N	6	2017-12-21 00:00:00.000	2017-12-21 15:13:40.077
10400	1B9883	10765	\N	1	\N	6	2017-12-21 00:00:00.000	2017-12-21 15:35:32.617
10401	1A9717	8505	\N	1	\N	6	2017-12-21 00:00:00.000	2017-12-21 16:04:47.760
10402	1E9424	10766	\N	1	\N	6	2017-12-21 00:00:00.000	2017-12-21 16:13:30.377
10403	1A9831	11928	\N	6	\N	6	2017-12-22 00:00:00.000	2017-12-22 13:56:05.420
10404	4S9139	11411	\N	1	\N	6	2017-12-22 00:00:00.000	2017-12-22 14:25:11.033
10405	1T9974	6997	\N	6	\N	6	2018-01-02 00:00:00.000	2018-01-02 10:57:15.673
10406	4S9183	6674	\N	6	\N	6	2018-01-02 00:00:00.000	2018-01-02 14:09:36.323
10407	1G9414	6680	\N	6	\N	6	2018-01-02 00:00:00.000	2018-01-02 14:42:10.523
10408	4C9232	6414	\N	6	\N	6	2018-01-02 00:00:00.000	2018-01-02 15:09:39.680
10409	1R9861	17560	\N	6	\N	6	2018-01-03 00:00:00.000	2018-01-03 09:42:25.973
10410	4T9296	17565	\N	6	\N	6	2018-01-03 00:00:00.000	2018-01-03 11:01:41.190
10411	4T9290	17564	\N	6	\N	6	2018-01-03 00:00:00.000	2018-01-03 11:25:26.470
10412	7J8	17575	\N	6	\N	6	2018-01-03 00:00:00.000	2018-01-03 11:43:08.817
10413	4C9492	17492	\N	5	\N	6	2018-01-03 00:00:00.000	2019-10-21 14:51:57.190
10414	4C9497	17570	\N	6	\N	6	2018-01-03 00:00:00.000	2018-01-03 13:11:31.983
10415	4C9498	17580	\N	6	\N	6	2018-01-03 00:00:00.000	2018-01-03 13:28:39.853
10416	7JF	17582	\N	6	\N	6	2018-01-03 00:00:00.000	2018-01-03 14:34:13.760
10417	1N9297	6415	\N	6	\N	6	2018-01-03 00:00:00.000	2018-01-03 14:48:49.343
10418	4S9213	17590	\N	6	\N	6	2018-01-03 00:00:00.000	2018-01-03 14:59:12.207
10419	1B9971	7545	\N	6	\N	6	2018-01-03 00:00:00.000	2018-01-03 15:22:12.073
10420	1P9674	7092	\N	6	\N	6	2018-01-03 00:00:00.000	2018-01-03 15:27:38.927
10421	5WN	11760	\N	1	\N	6	2018-01-04 00:00:00.000	2018-01-04 09:59:54.567
10422	1N9291	17593	\N	6	\N	6	2018-01-04 00:00:00.000	2018-01-04 12:43:41.553
10423	1D9537	17594	\N	6	\N	6	2018-01-04 00:00:00.000	2018-01-04 13:17:10.103
10424	1Z9371	6721	\N	1	\N	6	2018-01-04 00:00:00.000	2018-01-04 13:47:19.737
10425	1Z9343	9378	\N	1	\N	6	2018-01-04 00:00:00.000	2018-01-04 14:34:58.647
10426	4T9020	6148	\N	6	\N	6	2018-01-04 00:00:00.000	2018-01-04 15:26:37.950
10427	1X9025	7544	\N	1	\N	6	2018-01-04 00:00:00.000	2018-01-04 16:01:13.113
10428	1F9400	7857	\N	6	\N	6	2018-01-05 00:00:00.000	2018-01-05 09:51:55.833
10429	1G9432	7443	\N	9	\N	6	2018-01-05 00:00:00.000	2018-01-05 11:04:04.577
10430	1N9316	7116	\N	6	\N	6	2018-01-05 00:00:00.000	2018-01-05 15:28:34.953
10431	1T9928	7549	\N	6	\N	6	2018-01-05 00:00:00.000	2018-01-05 15:42:40.740
10432	1W9508	7112	\N	6	\N	6	2018-01-05 00:00:00.000	2018-01-05 15:53:16.440
10433	7J5	15828	\N	6	\N	6	2018-01-08 00:00:00.000	2018-01-08 14:04:24.543
10434	1G9281	12887	\N	6	\N	6	2018-01-08 00:00:00.000	2018-01-08 15:21:13.180
10435	1C9821	15628	\N	6	\N	6	2018-01-08 00:00:00.000	2018-01-08 15:48:23.587
10436	1G9295	12968	\N	6	\N	6	2018-01-08 00:00:00.000	2018-01-08 16:06:03.857
10437	1R9444	17609	\N	6	\N	6	2018-01-08 00:00:00.000	2018-01-08 16:16:37.640
10438	1T9689	17610	\N	6	\N	6	2018-01-08 00:00:00.000	2018-01-08 16:26:29.973
10439	1S9792	8204	\N	6	\N	6	2018-01-08 00:00:00.000	2018-01-08 16:34:02.827
10440	1E9301	2151	\N	6	\N	6	2018-01-08 00:00:00.000	2018-01-08 16:45:55.233
10441	1P9433	8023	\N	1	\N	6	2018-01-08 00:00:00.000	2021-05-24 16:33:04.070
10442	2P9079	2381	\N	6	\N	6	2018-01-09 00:00:00.000	2018-01-09 10:14:24.810
10443	1A9563	17612	\N	6	\N	6	2018-01-09 00:00:00.000	2018-01-09 11:21:26.870
10444	1M9MCC	4137	\N	6	\N	6	2018-01-09 00:00:00.000	2018-01-09 13:17:19.537
10445	1C9838	5661	\N	6	\N	6	2018-01-09 00:00:00.000	2018-01-09 13:33:56.487
10446	1B9628	13162	\N	6	\N	6	2018-01-09 00:00:00.000	2018-01-09 14:06:48.067
10447	1J9248	17614	\N	6	\N	6	2018-01-09 00:00:00.000	2018-01-09 14:29:30.137
10448	1C9853	12734	\N	3	\N	6	2018-01-09 00:00:00.000	2021-05-24 16:35:41.487
10449	1W9347	10331	\N	6	\N	6	2018-01-09 00:00:00.000	2018-01-09 15:16:17.627
10450	5JH	3987	\N	6	\N	6	2018-01-09 00:00:00.000	2018-01-09 15:50:59.527
10451	1C9859	12965	\N	6	\N	6	2018-01-09 00:00:00.000	2018-01-09 15:57:12.603
10452	1N9201	3430	\N	6	\N	6	2018-01-10 00:00:00.000	2018-01-10 10:29:31.590
10453	1A9577	1962	\N	6	\N	6	2018-01-10 00:00:00.000	2018-01-10 10:45:55.500
10454	1B9605	5708	\N	6	\N	6	2018-01-10 00:00:00.000	2018-01-10 11:32:03.477
10455	1Z9182	8293	\N	6	\N	6	2018-01-10 00:00:00.000	2018-01-10 11:39:22.290
10456	2D9071	17618	\N	6	\N	1	2018-01-10 00:00:00.000	2018-01-10 11:50:52.527
10457	1L9Y85	2697	\N	6	\N	6	2018-01-10 00:00:00.000	2018-01-10 12:59:18.267
10458	1T9713	3210	\N	6	\N	6	2018-01-10 00:00:00.000	2018-01-10 13:13:43.337
10459	3A9080	4331	\N	6	\N	6	2018-01-10 00:00:00.000	2018-01-10 14:45:00.537
10460	2FG	4867	\N	6	\N	1	2018-01-10 00:00:00.000	2018-01-10 15:02:59.777
10461	1A9569	5132	\N	6	\N	6	2018-01-10 00:00:00.000	2018-01-10 15:21:33.887
10462	1R9454	4139	\N	6	\N	6	2018-01-10 00:00:00.000	2018-01-10 15:41:39.173
10463	1M9654	17619	\N	6	\N	6	2018-01-11 00:00:00.000	2018-01-11 09:26:16.623
10464	2L9119	5414	\N	6	\N	1	2018-01-11 00:00:00.000	2018-01-11 09:57:33.260
10465	2M9151	5989	\N	6	\N	1	2018-01-11 00:00:00.000	2018-01-11 10:02:38.567
10466	2H9080	17620	\N	6	\N	1	2018-01-11 00:00:00.000	2018-01-11 11:03:58.753
10467	1B9640	13169	\N	1	\N	6	2018-01-11 00:00:00.000	2018-01-11 11:03:39.363
10468	1A9611	13100	\N	6	\N	6	2018-01-11 00:00:00.000	2018-01-11 11:10:16.757
10469	1T9762	3206	\N	6	\N	6	2018-01-11 00:00:00.000	2018-01-11 11:20:15.520
10470	1F9259	4862	\N	6	\N	6	2018-01-11 00:00:00.000	2018-01-11 11:27:20.230
10471	1Z9175	4940	\N	6	\N	6	2018-01-11 00:00:00.000	2018-01-11 11:31:54.523
10472	1M9626	3244	\N	6	\N	6	2018-01-11 00:00:00.000	2018-01-11 11:35:01.803
10473	1N9213	4506	\N	6	\N	6	2018-01-11 00:00:00.000	2018-01-11 11:39:25.163
10474	1R9451	9615	\N	6	\N	6	2018-01-11 00:00:00.000	2018-01-11 11:44:54.417
10475	1H9433	12460	\N	9	\N	6	2018-01-11 00:00:00.000	2021-05-24 16:54:53.967
10476	1A9606	4559	\N	6	\N	6	2018-01-11 00:00:00.000	2018-01-11 13:35:31.743
10477	5K1	2462	\N	6	\N	6	2018-01-11 00:00:00.000	2018-01-11 13:51:26.747
10478	1S9836	4724	\N	6	\N	6	2018-01-11 00:00:00.000	2018-01-11 13:56:08.047
10479	1Z9185	5288	\N	6	\N	6	2018-01-11 00:00:00.000	2018-01-11 14:00:27.617
10480	1T9763	3688	\N	6	\N	6	2018-01-11 00:00:00.000	2018-01-11 15:06:53.580
10481	1E9381	5341	\N	1	\N	6	2018-01-11 00:00:00.000	2018-01-11 15:29:47.223
10482	1T9755	5966	\N	6	\N	6	2018-01-11 00:00:00.000	2018-01-11 15:41:16.060
10483	1F9257	5415	\N	6	\N	6	2018-01-11 00:00:00.000	2018-01-11 15:52:41.867
10484	1A9586	5127	\N	6	\N	6	2018-01-11 00:00:00.000	2018-01-11 16:00:37.950
10485	1T9759	5892	\N	6	\N	6	2018-01-11 00:00:00.000	2018-01-11 16:07:52.347
10486	1M9575	8299	\N	6	\N	6	2018-01-11 00:00:00.000	2018-01-11 16:14:45.717
10487	1C9901	3072	\N	1	\N	6	2018-01-12 00:00:00.000	2020-01-13 13:19:29.983
10488	1M9179	17622	\N	6	\N	6	2018-01-12 00:00:00.000	2018-01-12 11:39:23.663
10489	1L9316	2710	\N	6	\N	6	2018-01-12 00:00:00.000	2018-01-12 11:45:56.267
10490	1V9105	9605	\N	6	\N	6	2018-01-12 00:00:00.000	2018-01-12 12:14:56.577
10491	1Z9164	17623	\N	6	\N	6	2018-01-12 00:00:00.000	2018-01-12 13:07:25.643
10492	1J9705	4003	\N	6	\N	6	2018-01-12 00:00:00.000	2018-01-12 14:33:32.217
10493	1H9432	12549	\N	6	\N	6	2018-01-12 00:00:00.000	2018-01-12 14:50:25.987
10494	1E9307	2153	\N	6	\N	6	2018-01-12 00:00:00.000	2018-01-12 15:27:12.017
10495	1D9450	8963	\N	1	\N	6	2018-01-12 00:00:00.000	2018-01-12 15:38:57.980
10496	1D9124	5096	\N	6	\N	6	2018-01-12 00:00:00.000	2018-01-12 15:43:36.253
10497	1D9442	12870	\N	6	\N	6	2018-01-12 00:00:00.000	2018-01-12 15:55:55.787
10498	1P9461	3925	\N	6	\N	6	2018-01-12 00:00:00.000	2018-01-12 16:02:32.247
10499	4C9500	17601	\N	6	\N	6	2018-01-16 00:00:00.000	2018-01-16 11:33:16.547
10500	1P9802	17595	\N	6	\N	6	2018-01-16 00:00:00.000	2018-01-16 11:44:00.720
10501	5ZM	10945	\N	6	\N	6	2018-01-16 00:00:00.000	2018-01-16 12:59:50.693
10502	1D9815	17605	\N	6	\N	6	2018-01-16 00:00:00.000	2018-01-16 13:13:04.877
10503	4A9072	17611	\N	6	\N	6	2018-01-16 00:00:00.000	2018-01-16 13:24:41.900
10504	1L9574	17616	\N	6	\N	6	2018-01-16 00:00:00.000	2018-01-16 13:31:41.073
10505	1D9816	17617	\N	6	\N	6	2018-01-16 00:00:00.000	2018-01-16 13:34:34.733
10506	1K9198	9898	\N	6	\N	6	2018-01-16 00:00:00.000	2018-01-16 13:49:15.400
10507	1H9411	12472	\N	6	\N	6	2018-01-16 00:00:00.000	2018-01-16 14:22:42.563
10508	1D9467	5403	\N	6	\N	6	2018-01-16 00:00:00.000	2018-01-16 14:43:17.837
10509	1V9111	10790	\N	6	\N	6	2018-01-16 00:00:00.000	2018-01-16 15:04:45.510
10510	1N9192	12354	\N	6	\N	6	2018-01-16 00:00:00.000	2018-01-16 15:26:56.003
10511	1C9894	12717	\N	6	\N	6	2018-01-16 00:00:00.000	2018-01-16 15:51:38.163
10512	1W9345	10809	\N	6	\N	6	2018-01-16 00:00:00.000	2018-01-16 15:58:09.990
10513	1S9779	3171	\N	6	\N	6	2018-01-16 00:00:00.000	2018-01-16 16:04:36.760
10514	2C9184	17434	\N	3	\N	1	2018-01-17 00:00:00.000	2018-01-17 10:39:02.690
10515	2C9169	17434	\N	6	\N	1	2018-01-17 00:00:00.000	2018-01-17 11:04:30.493
10516	R2L	17562	\N	1	\N	8	2018-01-17 00:00:00.000	2018-01-17 14:36:36.903
10517	1A9555	5056	\N	1	\N	6	2018-01-17 00:00:00.000	2018-01-17 15:21:29.950
10518	1B9580	12561	\N	6	\N	6	2018-01-17 00:00:00.000	2018-01-17 15:25:38.863
10519	2B9064	12656	\N	6	\N	1	2018-01-17 00:00:00.000	2018-01-17 15:30:52.190
10520	1D9465	5392	\N	6	\N	6	2018-01-17 00:00:00.000	2018-01-17 15:42:08.360
10521	1M9599	4444	\N	6	\N	6	2018-01-17 00:00:00.000	2018-01-17 15:54:52.527
10522	1S9782	5889	\N	6	\N	6	2018-01-17 00:00:00.000	2018-01-17 15:59:12.377
10523	1U9170	17624	\N	6	\N	6	2018-01-18 00:00:00.000	2018-01-18 09:59:29.273
10524	4C9499	17630	\N	6	\N	6	2018-01-18 00:00:00.000	2018-01-18 10:12:50.617
10525	1K9118	2803	\N	6	\N	6	2018-01-18 00:00:00.000	2018-01-18 10:53:12.613
10526	5J4	8395	\N	6	\N	6	2018-01-18 00:00:00.000	2018-01-18 11:06:25.110
10527	1A9588	1999	\N	1	\N	6	2018-01-18 00:00:00.000	2018-01-18 11:17:09.907
10528	5J2	12413	\N	6	\N	6	2018-01-18 00:00:00.000	2018-01-18 13:05:18.597
10529	1G9311	1762	\N	1	\N	6	2018-01-18 00:00:00.000	2021-05-24 16:37:41.273
10530	1B9536	8559	\N	6	\N	6	2018-01-18 00:00:00.000	2018-01-18 13:28:25.643
10531	1B9644	13027	\N	6	\N	6	2018-01-18 00:00:00.000	2018-01-18 14:07:58.063
10532	1A9592	1994	\N	9	\N	6	2018-01-18 00:00:00.000	2018-01-18 14:26:47.147
10533	1J9274	5783	\N	6	\N	6	2018-01-18 00:00:00.000	2018-01-18 14:38:42.300
10534	5LG	8129	\N	6	\N	6	2018-01-18 00:00:00.000	2018-01-18 14:50:21.477
10535	1P9456	2355	\N	6	\N	6	2018-01-18 00:00:00.000	2018-01-18 15:04:27.653
10536	1S9834	8328	\N	6	\N	6	2018-01-18 00:00:00.000	2018-01-18 15:23:39.793
10537	1K9216	4127	\N	6	\N	6	2018-01-18 00:00:00.000	2018-01-18 15:35:55.927
10538	1C9857	2115	\N	6	\N	6	2018-01-18 00:00:00.000	2018-01-18 15:51:46.623
10539	1U9083	9386	\N	1	\N	6	2018-01-18 00:00:00.000	2018-01-18 16:00:21.330
10540	1H9407	5354	\N	6	\N	6	2018-01-18 00:00:00.000	2018-01-18 16:12:49.930
10541	SA9123	17637	\N	6	\N	28	2018-01-18 00:00:00.000	2018-01-18 16:18:26.313
10542	1V9110	11182	\N	6	\N	6	2018-01-19 00:00:00.000	2018-01-19 10:22:19.613
10543	1J9249	5790	\N	6	\N	6	2018-01-19 00:00:00.000	2018-01-19 10:38:21.370
10544	1U9086	9562	\N	6	\N	6	2018-01-19 00:00:00.000	2018-01-19 10:59:21.307
10545	1E9312	17638	\N	1	\N	6	2018-01-19 00:00:00.000	2018-01-19 11:16:44.480
10546	1E9316	8974	\N	6	\N	6	2018-01-19 00:00:00.000	2018-01-19 11:53:21.057
10547	5KP	13149	\N	6	\N	6	2018-01-19 00:00:00.000	2018-01-19 12:07:23.460
10548	2C9057	17640	\N	6	\N	1	2018-01-19 00:00:00.000	2018-01-19 12:13:55.237
10549	1T9722	3695	\N	6	\N	6	2018-01-19 00:00:00.000	2018-01-19 12:50:29.913
10550	1S9828	10612	\N	1	\N	6	2018-01-19 00:00:00.000	2018-01-19 13:06:41.683
10551	1Z9191	8291	\N	6	\N	6	2018-01-19 00:00:00.000	2018-01-19 13:43:05.843
10552	AF9FG1	17641	\N	6	\N	10	2018-01-19 00:00:00.000	2018-01-19 13:56:57.187
10553	1H9431	12461	\N	6	\N	6	2018-01-19 00:00:00.000	2018-01-19 14:08:35.117
10554	1C9CCC	4700	\N	6	\N	6	2018-01-19 00:00:00.000	2018-01-19 14:15:27.563
10555	1N9128	3469	\N	6	\N	6	2018-01-19 00:00:00.000	2018-01-19 14:34:26.040
10556	1H9364	12597	\N	6	\N	6	2018-01-19 00:00:00.000	2018-01-19 14:47:02.953
10557	1W9354	10141	\N	6	\N	6	2018-01-19 00:00:00.000	2018-01-19 16:06:03.443
10558	1M9627	17645	\N	6	\N	6	2018-01-22 00:00:00.000	2018-01-22 11:05:36.600
10559	1C9843	17649	\N	6	\N	6	2018-01-22 00:00:00.000	2018-01-22 11:35:12.333
10560	1H9418	1886	\N	6	\N	6	2018-01-22 00:00:00.000	2018-01-22 11:50:20.350
10561	1B9633	12573	\N	6	\N	6	2018-01-22 00:00:00.000	2018-01-22 11:56:12.333
10562	1C9854	13243	\N	1	\N	6	2018-01-22 00:00:00.000	2018-01-22 12:12:17.040
10563	1T9732	8416	\N	5	\N	6	2018-01-22 00:00:00.000	2018-01-22 12:32:03.797
10564	1M9576	8079	\N	6	\N	6	2018-01-22 00:00:00.000	2018-01-22 13:07:24.043
10565	1L9306	10245	\N	6	\N	6	2018-01-22 00:00:00.000	2018-01-22 13:19:47.413
10566	1T9709	4041	\N	6	\N	6	2018-01-22 00:00:00.000	2018-01-22 13:32:27.277
10567	1Z9208	3914	\N	6	\N	6	2018-01-22 00:00:00.000	2018-01-22 13:53:57.290
10568	1S9752	8324	\N	6	\N	6	2018-01-22 00:00:00.000	2018-01-22 14:17:27.843
10569	5JE	5150	\N	1	\N	6	2018-01-22 00:00:00.000	2018-01-22 14:25:33.130
10570	1Z9171	8993	\N	6	\N	6	2018-01-22 00:00:00.000	2018-01-22 14:56:14.010
10571	1H9427	5593	\N	6	\N	6	2018-01-22 00:00:00.000	2018-01-22 15:16:16.350
10572	1E9291	12412	\N	6	\N	6	2018-01-22 00:00:00.000	2018-01-22 15:27:24.127
10573	1P9443	8362	\N	2	\N	6	2018-01-22 00:00:00.000	2018-01-22 15:39:48.747
10574	1B9594	8742	\N	6	\N	6	2018-01-22 00:00:00.000	2018-01-22 15:49:05.417
10575	13X	9889	\N	6	\N	6	2018-01-22 00:00:00.000	2018-01-22 15:53:25.797
10576	1J9259	8075	\N	6	\N	6	2018-01-22 00:00:00.000	2018-01-22 15:58:24.757
10577	1A9566	13078	\N	6	\N	6	2018-01-22 00:00:00.000	2018-01-22 16:04:43.743
10578	1P9442	5995	\N	6	\N	6	2018-01-22 00:00:00.000	2018-01-22 16:18:01.840
10579	1D9466	8960	\N	1	\N	6	2018-01-22 00:00:00.000	2018-01-22 16:23:56.633
10580	7HL	17653	\N	6	\N	6	2018-01-23 00:00:00.000	2018-01-23 10:19:45.473
10581	1A9616	2206	\N	6	\N	6	2018-01-23 00:00:00.000	2018-01-23 10:49:19.103
10582	1D9462	5100	\N	6	\N	6	2018-01-23 00:00:00.000	2018-01-23 10:57:16.263
10583	1P9460	4613	\N	6	\N	6	2018-01-23 00:00:00.000	2018-01-23 11:08:45.330
10584	1F9253	5363	\N	6	\N	6	2018-01-23 00:00:00.000	2018-01-23 11:17:12.333
10585	1T9714	17654	\N	6	\N	6	2018-01-23 00:00:00.000	2018-01-23 11:46:29.253
10586	1T9668	17655	\N	6	\N	6	2018-01-23 00:00:00.000	2018-01-23 12:15:43.617
10587	1G9315	5471	\N	6	\N	6	2018-01-23 00:00:00.000	2018-01-23 14:00:17.073
10588	1N9208	8245	\N	6	\N	6	2018-01-23 00:00:00.000	2018-01-23 14:10:12.747
10589	1J9276	4001	\N	6	\N	6	2018-01-23 00:00:00.000	2018-01-23 14:15:31.063
10590	1B9680	17657	\N	9	\N	6	2018-01-23 00:00:00.000	2018-01-23 14:38:47.937
10591	1L9319	3414	\N	1	\N	6	2018-01-23 00:00:00.000	2018-01-23 15:08:58.493
10592	1Z9212	1811	\N	6	\N	6	2018-01-23 00:00:00.000	2018-01-23 15:13:59.730
10593	1W9367	1371	\N	1	\N	6	2018-01-23 00:00:00.000	2018-01-23 15:22:48.493
10594	1J9285	8192	\N	6	\N	6	2018-01-23 00:00:00.000	2018-01-23 15:34:03.817
10595	1M9646	6073	\N	6	\N	6	2018-01-23 00:00:00.000	2018-01-23 15:39:03.057
10596	1R9474	3977	\N	6	\N	6	2018-01-23 00:00:00.000	2018-01-23 16:03:54.950
10597	1R9469	3117	\N	1	\N	6	2018-01-23 00:00:00.000	2018-01-24 10:35:58.203
10598	18Y	3011	\N	6	\N	6	2018-01-24 00:00:00.000	2018-01-24 09:41:15.630
10599	1T9788	10811	\N	6	\N	6	2018-01-24 00:00:00.000	2018-01-24 10:11:35.323
10600	1K9237	2766	\N	1	\N	6	2018-01-24 00:00:00.000	2018-01-24 10:35:46.657
10601	1S9698	17660	\N	6	\N	6	2018-01-24 00:00:00.000	2018-01-24 10:35:33.007
10602	1P9491	17661	\N	1	\N	6	2018-01-24 00:00:00.000	2018-01-24 10:55:16.877
10603	1L9329	17662	\N	6	\N	6	2018-01-24 00:00:00.000	2018-01-24 11:04:18.917
10604	1H9446	12464	\N	1	\N	6	2018-01-24 00:00:00.000	2018-01-24 11:41:07.833
10605	1B9709	13192	\N	6	\N	6	2018-01-24 00:00:00.000	2018-01-24 11:47:30.270
10606	1T9784	2408	\N	6	\N	6	2018-01-24 00:00:00.000	2018-01-24 11:52:33.847
10607	5NC	10436	\N	10	\N	6	2018-01-24 00:00:00.000	2018-01-24 13:32:09.123
10608	1D9489	4705	\N	1	\N	6	2018-01-24 00:00:00.000	2018-01-24 15:15:58.043
10609	1J9299	12424	\N	6	\N	6	2018-01-24 00:00:00.000	2018-01-24 15:29:41.100
10610	1L9324	4154	\N	1	\N	6	2018-01-24 00:00:00.000	2021-05-24 16:38:24.770
10611	1P9487	2273	\N	6	\N	6	2018-01-24 00:00:00.000	2018-01-24 15:39:38.003
10612	5ML	4239	\N	6	\N	6	2018-01-24 00:00:00.000	2018-01-24 15:49:07.407
10613	1S9872	17666	\N	6	\N	6	2018-01-24 00:00:00.000	2018-01-24 15:58:46.947
10614	1T9779	12710	\N	6	\N	6	2018-01-24 00:00:00.000	2018-01-24 16:09:33.490
10615	1H9448	1882	\N	6	\N	6	2018-01-24 00:00:00.000	2018-01-24 16:19:05.137
10616	1S9863	5920	\N	6	\N	6	2018-01-24 00:00:00.000	2018-01-24 16:26:23.747
10617	2R9672	3356	\N	6	\N	1	2018-01-25 00:00:00.000	2018-01-25 10:00:22.670
10618	1D9500	1780	\N	6	\N	6	2018-01-25 00:00:00.000	2018-01-25 10:47:47.460
10619	1T9776	3699	\N	6	\N	6	2018-01-25 00:00:00.000	2018-01-25 10:57:29.700
10620	1T9769	4065	\N	6	\N	6	2018-01-25 00:00:00.000	2018-01-25 11:09:46.787
10621	1A9629	12520	\N	6	\N	6	2018-01-25 00:00:00.000	2018-01-25 11:38:01.463
10622	1E9334	13258	\N	6	\N	6	2018-01-25 00:00:00.000	2018-01-25 11:42:11.547
10623	1T9775	2999	\N	6	\N	6	2018-01-25 00:00:00.000	2018-01-25 11:51:05.287
10624	1H9057	12560	\N	6	\N	6	2018-01-25 00:00:00.000	2018-01-25 12:20:29.743
10625	1T9777	3260	\N	6	\N	6	2018-01-25 00:00:00.000	2018-01-25 12:39:10.713
10626	1R9485	4382	\N	6	\N	6	2018-01-25 00:00:00.000	2018-01-25 12:52:37.313
10627	LE6	9877	\N	1	\N	8	2018-01-25 00:00:00.000	2018-01-25 12:57:43.603
10628	1R9476	2396	\N	6	\N	6	2018-01-25 00:00:00.000	2018-01-25 13:15:57.870
10629	2B9110	1920	\N	6	\N	1	2018-01-25 00:00:00.000	2018-01-25 13:25:34.023
10630	1G9322	5563	\N	6	\N	6	2018-01-25 00:00:00.000	2018-01-25 13:43:36.153
10631	1P9484	2293	\N	1	\N	6	2018-01-25 00:00:00.000	2018-01-25 15:42:17.003
10632	1S9846	2588	\N	1	\N	6	2018-01-25 00:00:00.000	2018-01-25 15:51:57.590
10633	1T9774	2406	\N	6	\N	6	2018-01-25 00:00:00.000	2018-01-25 16:00:56.103
10634	1W9374	11473	\N	6	\N	6	2018-01-25 00:00:00.000	2018-01-25 16:07:42.793
10635	1S9864	5826	\N	6	\N	6	2018-01-25 00:00:00.000	2018-01-25 16:16:18.767
10636	1D9501	2187	\N	6	\N	6	2018-01-25 00:00:00.000	2018-01-25 16:21:32.997
10637	1S9853	17668	\N	6	\N	6	2018-01-26 00:00:00.000	2018-01-26 09:44:28.453
10638	169002	17669	\N	6	\N	6	2018-01-26 00:00:00.000	2018-01-26 10:03:17.647
10639	1R9479	3014	\N	1	\N	6	2018-01-26 00:00:00.000	2021-05-24 16:39:04.927
10640	1A9602	17670	\N	3	\N	6	2018-01-26 00:00:00.000	2018-01-26 10:51:25.133
10641	1K9225	3552	\N	6	\N	6	2018-01-26 00:00:00.000	2018-01-26 11:32:59.610
10642	1K9209	3660	\N	6	\N	6	2018-01-26 00:00:00.000	2018-01-26 11:37:29.863
10643	1N9215	3840	\N	6	\N	6	2018-01-26 00:00:00.000	2018-01-26 11:42:11.633
10644	1T9770	2414	\N	6	\N	6	2018-01-26 00:00:00.000	2018-01-26 11:46:48.470
10645	RF8	12828	\N	1	\N	4	2018-01-26 00:00:00.000	2018-01-26 11:54:31.400
10646	1D9490	12477	\N	6	\N	6	2018-01-26 00:00:00.000	2018-01-26 12:05:55.713
10647	5L7	2635	\N	6	\N	6	2018-01-26 00:00:00.000	2018-01-26 12:09:47.327
10648	1M9648	3104	\N	6	\N	6	2018-01-26 00:00:00.000	2018-01-26 12:14:04.303
10649	1P9476	17671	\N	6	\N	6	2018-01-26 00:00:00.000	2018-01-26 12:42:21.120
10650	40T	17672	\N	6	\N	6	2018-01-26 00:00:00.000	2018-01-26 13:30:04.707
10651	1G9072	17673	\N	6	\N	6	2018-01-26 00:00:00.000	2018-01-26 13:35:03.730
10652	1K9047	17674	\N	6	\N	6	2018-01-26 00:00:00.000	2018-01-26 13:46:15.793
10653	1E9052	17675	\N	6	\N	6	2018-01-26 00:00:00.000	2018-01-26 13:55:34.743
10654	1F9034	17676	\N	6	\N	6	2018-01-26 00:00:00.000	2018-01-26 14:08:07.240
10655	1X8	17677	\N	6	\N	6	2018-01-26 00:00:00.000	2018-01-26 14:15:01.093
10656	1C9086	17678	\N	6	\N	6	2018-01-26 00:00:00.000	2018-01-26 14:47:22.253
10657	1C9204	17679	\N	6	\N	6	2018-01-26 00:00:00.000	2018-01-26 14:55:23.590
10658	1H9113	17684	\N	6	\N	6	2018-01-26 00:00:00.000	2018-01-26 15:37:02.747
10659	1T9156	17685	\N	6	\N	6	2018-01-26 00:00:00.000	2018-01-26 15:46:34.393
10660	4C9486	17600	\N	9	\N	6	2018-01-29 00:00:00.000	2020-01-02 14:28:31.243
10661	4C9501	17492	\N	9	\N	6	2018-01-29 00:00:00.000	2018-01-29 10:40:35.697
10662	1H9722	17520	\N	6	\N	6	2018-01-29 00:00:00.000	2018-01-29 11:12:34.127
10663	1R9850	17169	\N	6	\N	6	2018-01-29 00:00:00.000	2018-01-29 11:37:15.863
10664	1D9108	17694	\N	6	\N	6	2018-01-29 00:00:00.000	2018-01-29 12:14:31.050
10665	1K9065	3051	\N	6	\N	6	2018-01-29 00:00:00.000	2018-01-29 12:26:25.237
10666	1S9191	17695	\N	6	\N	6	2018-01-29 00:00:00.000	2018-01-29 12:50:31.950
10667	1S9202	17696	\N	6	\N	6	2018-01-29 00:00:00.000	2018-01-29 13:17:58.347
10668	1P9010	2278	\N	6	\N	6	2018-01-29 00:00:00.000	2018-01-29 13:45:41.607
10669	1L9081	17700	\N	6	\N	6	2018-01-29 00:00:00.000	2018-01-29 14:06:24.897
10670	1S9173	17703	\N	6	\N	6	2018-01-29 00:00:00.000	2018-01-29 14:45:33.607
10671	1D9116	17705	\N	6	\N	6	2018-01-29 00:00:00.000	2018-01-29 15:08:03.540
10672	1P9045	17706	\N	6	\N	6	2018-01-29 00:00:00.000	2018-01-29 15:23:13.520
10673	1A9132	17707	\N	6	\N	6	2018-01-29 00:00:00.000	2018-01-29 15:28:47.360
10674	1L9092	17709	\N	6	\N	6	2018-01-29 00:00:00.000	2018-01-29 15:42:46.970
10675	1C9301	17710	\N	6	\N	6	2018-01-29 00:00:00.000	2018-01-29 15:49:01.480
10676	1T9139	17712	\N	6	\N	6	2018-01-29 00:00:00.000	2018-01-29 16:01:40.360
10677	1B9145	17713	\N	6	\N	6	2018-01-29 00:00:00.000	2018-01-29 16:07:28.690
10678	1D9474	2082	\N	6	\N	6	2018-01-30 00:00:00.000	2018-01-30 09:46:34.593
10679	1S9818	2735	\N	6	\N	6	2018-01-30 00:00:00.000	2018-01-30 10:07:47.383
10680	1S9829	3434	\N	6	\N	6	2018-01-30 00:00:00.000	2018-01-30 10:14:41.000
10681	1E9305	5340	\N	6	\N	6	2018-01-30 00:00:00.000	2018-01-30 10:27:08.353
10682	1E9314	9549	\N	6	\N	6	2018-01-30 00:00:00.000	2018-01-30 13:27:45.863
10683	1B9665	9790	\N	6	\N	6	2018-01-30 00:00:00.000	2018-01-30 13:47:35.380
10684	1S9831	9786	\N	6	\N	6	2018-01-30 00:00:00.000	2018-01-30 14:11:38.383
10685	1WR	11666	\N	6	\N	6	2018-01-30 00:00:00.000	2018-01-30 14:40:40.080
10686	1M9605	3297	\N	6	\N	6	2018-01-30 00:00:00.000	2018-01-30 15:31:55.657
10687	1A9480	13095	\N	6	\N	6	2018-01-30 00:00:00.000	2018-01-30 15:56:36.003
10688	1A9597	4841	\N	6	\N	6	2018-01-30 00:00:00.000	2018-01-30 16:17:03.803
10689	1S9685	17716	\N	6	\N	6	2018-01-30 00:00:00.000	2018-01-30 16:23:56.613
10690	1P9469	8016	\N	6	\N	6	2018-01-31 00:00:00.000	2018-01-31 10:28:43.797
10691	1A9603	5126	\N	6	\N	6	2018-01-31 00:00:00.000	2018-01-31 10:44:44.523
10692	RKP	17719	\N	1	\N	6	2018-01-31 00:00:00.000	2018-01-31 12:03:02.613
10693	1H9415	12741	\N	6	\N	6	2018-01-31 00:00:00.000	2018-01-31 12:08:53.847
10694	1S9762	5811	\N	6	\N	6	2018-01-31 00:00:00.000	2018-01-31 12:20:11.043
10695	5HK	13108	\N	6	\N	6	2018-01-31 00:00:00.000	2018-01-31 12:36:30.960
10696	1E9274	2249	\N	6	\N	6	2018-01-31 00:00:00.000	2018-01-31 12:52:42.560
10697	1C9830	2056	\N	6	\N	6	2018-01-31 00:00:00.000	2018-01-31 13:18:04.267
10698	1R9440	4140	\N	6	\N	6	2018-01-31 00:00:00.000	2018-01-31 13:31:34.313
10699	1T9702	2415	\N	6	\N	6	2018-01-31 00:00:00.000	2018-01-31 13:57:15.830
10700	1T9237	2307	\N	6	\N	6	2018-01-31 00:00:00.000	2018-01-31 14:08:11.950
10701	1A9571	5716	\N	6	\N	6	2018-01-31 00:00:00.000	2018-01-31 14:18:21.723
10702	1A9561	9186	\N	6	\N	6	2018-01-31 00:00:00.000	2018-01-31 14:25:41.693
10703	1S9823	2389	\N	6	\N	6	2018-01-31 00:00:00.000	2018-01-31 14:47:56.430
10704	1P9332	3150	\N	1	\N	6	2018-01-31 00:00:00.000	2018-01-31 15:16:48.033
10705	5JB	17721	\N	6	\N	6	2018-01-31 00:00:00.000	2018-01-31 15:25:19.170
10706	1T9703	3238	\N	6	\N	6	2018-01-31 00:00:00.000	2018-01-31 15:45:54.333
10707	1T9704	3238	\N	6	\N	6	2018-01-31 00:00:00.000	2018-01-31 15:46:09.603
10708	1C9356	17722	\N	6	\N	6	2018-02-01 00:00:00.000	2018-02-01 09:46:12.337
10709	472	17724	\N	6	\N	6	2018-02-01 00:00:00.000	2018-02-01 09:54:57.200
10710	46V	17725	\N	6	\N	6	2018-02-01 00:00:00.000	2018-02-01 10:19:03.650
10711	4CZ	16553	\N	6	\N	6	2018-02-01 00:00:00.000	2018-02-01 10:51:08.710
10712	44R	5872	\N	6	\N	6	2018-02-01 00:00:00.000	2018-02-01 11:15:57.170
10713	1W9128	17726	\N	6	\N	6	2018-02-01 00:00:00.000	2018-02-01 11:34:41.433
10714	1A9181	17727	\N	6	\N	6	2018-02-01 00:00:00.000	2018-02-01 13:10:56.703
10715	1S9274	17728	\N	6	\N	6	2018-02-01 00:00:00.000	2018-02-01 13:18:21.257
10716	1D9145	17729	\N	6	\N	6	2018-02-01 00:00:00.000	2018-02-01 13:49:32.933
10717	1H9155	17730	\N	5	\N	6	2018-02-01 00:00:00.000	2018-02-01 14:31:30.980
10718	1N9057	17731	\N	6	\N	6	2018-02-01 00:00:00.000	2018-02-01 14:56:20.923
10719	46Y	11258	\N	6	\N	6	2018-02-01 00:00:00.000	2018-02-01 15:12:15.693
10720	465	17733	\N	6	\N	6	2018-02-01 00:00:00.000	2018-02-01 15:31:33.057
10721	1W9125	1390	\N	6	\N	6	2018-02-01 00:00:00.000	2018-02-01 15:39:43.383
10722	46P	17734	\N	6	\N	6	2018-02-01 00:00:00.000	2018-02-01 16:04:11.877
10723	1M9294	17735	\N	6	\N	6	2018-02-01 00:00:00.000	2018-02-01 16:08:51.693
10724	1A9334	17736	\N	6	\N	6	2018-02-01 00:00:00.000	2018-02-01 16:17:13.187
10725	1F9084	4793	\N	6	\N	6	2018-02-02 00:00:00.000	2018-02-02 10:35:11.340
10726	486	17737	\N	6	\N	6	2018-02-02 00:00:00.000	2018-02-02 11:07:33.073
10727	1T9228	17738	\N	6	\N	6	2018-02-02 00:00:00.000	2018-02-02 11:17:06.890
10728	48G	10106	\N	6	\N	6	2018-02-02 00:00:00.000	2018-02-02 11:36:11.120
10729	1T9229	9214	\N	6	\N	6	2018-02-02 00:00:00.000	2018-02-02 12:22:29.143
10730	1C9399	17741	\N	6	\N	6	2018-02-02 00:00:00.000	2018-02-02 12:53:58.383
10731	1B9222	17742	\N	6	\N	6	2018-02-02 00:00:00.000	2018-02-02 13:09:35.120
10732	1N9060	8241	\N	6	\N	6	2018-02-02 00:00:00.000	2018-02-02 13:31:11.450
10733	483	17743	\N	6	\N	6	2018-02-02 00:00:00.000	2018-02-02 13:46:34.970
10734	1H9168	17744	\N	6	\N	6	2018-02-02 00:00:00.000	2018-02-02 13:54:57.277
10735	1R9152	17748	\N	6	\N	6	2018-02-02 00:00:00.000	2018-02-02 14:21:46.107
10736	49D	17749	\N	6	\N	6	2018-02-02 00:00:00.000	2018-02-02 14:28:18.183
10737	1T9120	3631	\N	6	\N	6	2018-02-02 00:00:00.000	2018-02-02 14:47:01.883
10738	1S9292	17751	\N	6	\N	6	2018-02-02 00:00:00.000	2018-02-02 14:53:15.927
10739	1E9012	17752	\N	6	\N	6	2018-02-02 00:00:00.000	2018-02-02 15:31:18.537
10740	1W9116	17753	\N	6	\N	6	2018-02-02 00:00:00.000	2018-02-02 15:43:51.800
10741	1B9230	17754	\N	6	\N	6	2018-02-02 00:00:00.000	2018-02-02 15:50:13.377
10742	1R9131	17755	\N	6	\N	6	2018-02-02 00:00:00.000	2018-02-02 15:55:53.067
10743	1C9398	17756	\N	6	\N	6	2018-02-02 00:00:00.000	2018-02-02 16:03:55.640
10744	1S9257	17758	\N	6	\N	6	2018-02-05 00:00:00.000	2018-02-05 11:36:37.443
10745	1H9161	17759	\N	6	\N	6	2018-02-05 00:00:00.000	2018-02-05 11:41:39.633
10746	1A9200	13125	\N	6	\N	6	2018-02-05 00:00:00.000	2018-02-05 11:54:22.770
10747	1R9138	17762	\N	6	\N	6	2018-02-05 00:00:00.000	2018-02-05 12:23:50.720
10748	1R9147	4385	\N	6	\N	6	2018-02-05 00:00:00.000	2018-02-05 12:29:44.997
10749	1B9208	4592	\N	6	\N	6	2018-02-05 00:00:00.000	2018-02-05 14:11:26.997
10750	1B9206	17765	\N	6	\N	6	2018-02-05 00:00:00.000	2018-02-05 14:28:21.060
10751	1C9391	17766	\N	6	\N	6	2018-02-05 00:00:00.000	2018-02-05 14:38:30.083
10752	1R9144	17760	\N	6	\N	6	2018-02-05 00:00:00.000	2018-02-05 14:48:36.380
10753	1G9033	1824	\N	6	\N	6	2018-02-05 00:00:00.000	2018-02-05 15:09:32.697
10754	1H9154	17767	\N	6	\N	6	2018-02-05 00:00:00.000	2018-02-05 15:24:31.227
10755	1J9075	17768	\N	6	\N	6	2018-02-05 00:00:00.000	2018-02-05 15:29:10.857
10756	47M	17769	\N	6	\N	6	2018-02-05 00:00:00.000	2018-02-05 15:32:51.583
10757	1G9104	17770	\N	6	\N	6	2018-02-05 00:00:00.000	2018-02-05 15:46:19.773
10758	47Y	2149	\N	6	\N	6	2018-02-05 00:00:00.000	2018-02-05 15:51:56.657
10759	1A9176	17771	\N	6	\N	6	2018-02-05 00:00:00.000	2018-02-05 16:07:03.000
10760	1M9322	17739	\N	6	\N	6	2018-02-05 00:00:00.000	2018-02-05 16:10:40.497
10761	1W9114	17772	\N	6	\N	6	2018-02-05 00:00:00.000	2018-02-05 16:14:30.240
10762	1A9164	17774	\N	6	\N	6	2018-02-05 00:00:00.000	2018-02-05 16:22:12.343
10763	1D9163	17202	\N	6	\N	6	2018-02-06 00:00:00.000	2018-02-06 10:42:43.123
10764	1S9286	17776	\N	6	\N	6	2018-02-06 00:00:00.000	2018-02-06 11:22:42.923
10765	1L9105	17778	\N	6	\N	6	2018-02-06 00:00:00.000	2018-02-06 12:22:15.440
10766	1C9385	17779	\N	6	\N	6	2018-02-06 00:00:00.000	2018-02-06 13:11:49.087
10767	1N9064	17780	\N	6	\N	6	2018-02-06 00:00:00.000	2018-02-06 13:42:26.567
10768	1G9008	9652	\N	6	\N	6	2018-02-06 00:00:00.000	2018-02-06 14:08:21.030
10769	109133	17781	\N	6	\N	6	2018-02-06 00:00:00.000	2018-02-06 14:51:42.663
10770	1S9320	17782	\N	6	\N	6	2018-02-06 00:00:00.000	2018-02-06 15:07:10.910
10771	1N9066	17783	\N	6	\N	6	2018-02-06 00:00:00.000	2018-02-06 15:13:45.840
10772	1B9239	17784	\N	6	\N	6	2018-02-06 00:00:00.000	2018-02-06 15:20:15.263
10773	49K	17785	\N	6	\N	6	2018-02-06 00:00:00.000	2018-02-06 15:27:17.713
10774	1S9317	3341	\N	6	\N	6	2018-02-06 00:00:00.000	2018-02-06 15:32:40.230
10775	1C9420	17786	\N	6	\N	6	2018-02-06 00:00:00.000	2018-02-06 15:43:20.110
10776	1H9178	17787	\N	6	\N	6	2018-02-06 00:00:00.000	2018-02-06 15:49:45.493
10777	1D9172	17790	\N	6	\N	6	2018-02-07 00:00:00.000	2018-02-07 10:58:55.440
10778	1H9182	17791	\N	6	\N	6	2018-02-07 00:00:00.000	2018-02-07 11:15:28.290
10779	1M9356	17793	\N	6	\N	6	2018-02-07 00:00:00.000	2018-02-07 11:56:45.307
10780	1C9429	17794	\N	6	\N	6	2018-02-07 00:00:00.000	2018-02-07 12:03:06.667
10781	1T9250	17795	\N	6	\N	6	2018-02-07 00:00:00.000	2018-02-07 14:27:29.860
10782	1S9321	17796	\N	6	\N	6	2018-02-07 00:00:00.000	2018-02-07 14:38:32.957
10783	1B9249	17797	\N	6	\N	6	2018-02-07 00:00:00.000	2018-02-07 14:43:00.480
10784	1T9251	17798	\N	6	\N	6	2018-02-07 00:00:00.000	2018-02-07 15:15:33.697
10785	1A9225	17799	\N	6	\N	6	2018-02-07 00:00:00.000	2018-02-07 15:22:25.943
10786	4A7	17800	\N	6	\N	6	2018-02-07 00:00:00.000	2018-02-07 15:28:01.250
10787	4A8	17801	\N	6	\N	6	2018-02-07 00:00:00.000	2018-02-07 15:33:28.460
10788	1TR	17803	\N	6	\N	6	2018-02-07 00:00:00.000	2018-02-07 15:38:22.693
10789	1B9241	17804	\N	6	\N	6	2018-02-07 00:00:00.000	2018-02-07 15:43:53.820
10790	4AA	17805	\N	6	\N	6	2018-02-07 00:00:00.000	2018-02-07 15:56:04.540
10791	109137	17806	\N	6	\N	6	2018-02-07 00:00:00.000	2018-02-07 16:03:30.233
10792	1B9254	17808	\N	6	\N	6	2018-02-07 00:00:00.000	2018-02-07 16:26:08.077
10793	1S9239	17815	\N	6	\N	6	2018-02-08 00:00:00.000	2018-02-08 09:28:35.540
10794	1N9050	3304	\N	6	\N	6	2018-02-08 00:00:00.000	2018-02-08 09:42:34.293
10795	1C9298	17816	\N	6	\N	6	2018-02-08 00:00:00.000	2018-02-08 10:13:22.210
10796	1B9184	17817	\N	6	\N	6	2018-02-08 00:00:00.000	2018-02-08 11:06:34.380
10797	1W9107	11222	\N	6	\N	6	2018-02-08 00:00:00.000	2018-02-08 11:11:10.267
10798	1D9131	17821	\N	6	\N	6	2018-02-08 00:00:00.000	2018-02-08 11:17:18.240
10799	1R9124	17822	\N	6	\N	6	2018-02-08 00:00:00.000	2018-02-08 11:30:29.537
10800	1F9076	17823	\N	6	\N	6	2018-02-08 00:00:00.000	2018-02-08 11:41:26.813
10801	1C9331	17824	\N	6	\N	6	2018-02-08 00:00:00.000	2018-02-08 12:29:11.007
10802	1C9335	17825	\N	6	\N	6	2018-02-08 00:00:00.000	2018-02-08 12:48:25.223
10803	4T5	17826	\N	6	\N	6	2018-02-08 00:00:00.000	2018-02-08 13:36:09.217
10804	1B9191	17827	\N	6	\N	6	2018-02-08 00:00:00.000	2018-02-08 13:46:49.880
10805	1C9372	17828	\N	6	\N	6	2018-02-08 00:00:00.000	2018-02-08 13:52:25.013
10806	1P9146	17829	\N	6	\N	6	2018-02-08 00:00:00.000	2018-02-08 14:07:37.007
10807	1K9083	17831	\N	6	\N	6	2018-02-08 00:00:00.000	2018-02-08 14:26:27.853
10808	3T9205	17690	\N	6	\N	12	2018-02-08 00:00:00.000	2018-02-08 14:54:38.850
10809	41B	17832	\N	6	\N	6	2018-02-08 00:00:00.000	2018-02-08 16:13:55.000
10810	1N9056	4059	\N	5	\N	6	2018-02-09 00:00:00.000	2019-10-21 15:59:17.560
10811	1T9214	17836	\N	6	\N	6	2018-02-09 00:00:00.000	2018-02-09 10:17:33.730
10812	1T9211	3694	\N	6	\N	6	2018-02-09 00:00:00.000	2018-02-09 10:24:37.630
10813	475	3113	\N	6	\N	6	2018-02-09 00:00:00.000	2018-02-09 10:28:40.197
10814	467	17837	\N	6	\N	6	2018-02-09 00:00:00.000	2018-02-09 11:28:17.203
10815	1D9142	17838	\N	6	\N	6	2018-02-09 00:00:00.000	2018-02-09 11:37:43.813
10816	45S	17839	\N	6	\N	6	2018-02-09 00:00:00.000	2018-02-09 11:53:31.577
10817	1S9234	17840	\N	6	\N	6	2018-02-09 00:00:00.000	2018-02-09 12:40:09.503
10818	1D9148	17842	\N	6	\N	6	2018-02-09 00:00:00.000	2018-02-09 13:17:12.507
10819	1C9113	3427	\N	6	\N	6	2018-02-09 00:00:00.000	2018-02-09 13:27:21.267
10820	1R9112	17843	\N	6	\N	6	2018-02-09 00:00:00.000	2018-02-09 13:32:36.920
10822	47E	17740	\N	6	\N	6	2018-02-09 00:00:00.000	2018-02-09 14:11:36.563
10823	1P9153	17845	\N	6	\N	6	2018-02-09 00:00:00.000	2018-02-09 14:18:47.687
10824	45D	17848	\N	6	\N	6	2018-02-09 00:00:00.000	2018-02-09 14:37:12.510
10825	1U9036	17849	\N	6	\N	6	2018-02-09 00:00:00.000	2018-02-09 14:46:37.170
10826	48A	17850	\N	6	\N	6	2018-02-09 00:00:00.000	2018-02-09 14:52:37.140
10827	1K9087	17857	\N	6	\N	6	2018-02-09 00:00:00.000	2018-02-09 15:30:22.903
10828	1W9120	17858	\N	6	\N	6	2018-02-09 00:00:00.000	2018-02-09 15:39:39.763
10829	45T	17859	\N	6	\N	6	2018-02-09 00:00:00.000	2018-02-09 15:50:05.183
10830	1D9150	6821	\N	6	\N	6	2018-02-09 00:00:00.000	2018-02-09 15:59:16.053
10831	1C9395	17861	\N	6	\N	6	2018-02-09 00:00:00.000	2018-02-09 16:04:34.900
10832	ZBG	17625	\N	6	\N	9	2018-02-12 00:00:00.000	2018-02-12 09:29:56.553
10833	NP9168	17633	\N	6	\N	6	2018-02-12 00:00:00.000	2018-02-12 12:56:08.467
10834	3P9037	17688	\N	6	\N	12	2018-02-12 00:00:00.000	2018-02-12 13:54:10.720
10835	UBM	17444	\N	1	\N	6	2018-02-12 00:00:00.000	2018-02-12 14:58:28.670
10836	4M9024	13833	\N	6	\N	6	2018-02-12 00:00:00.000	2018-02-12 15:04:10.323
10837	4C9502	17681	\N	6	\N	6	2018-02-12 00:00:00.000	2018-02-12 15:13:11.193
10838	1P9803	17644	\N	6	\N	6	2018-02-12 00:00:00.000	2018-02-12 15:17:55.003
10839	7JJ	17646	\N	6	\N	6	2018-02-12 00:00:00.000	2018-07-31 15:36:47.983
10840	4C9496	17664	\N	1	\N	6	2018-02-12 00:00:00.000	2018-02-12 15:43:27.847
10841	4A9078	17692	\N	6	\N	6	2018-02-12 00:00:00.000	2018-02-12 16:09:00.970
10842	4M9090	17717	\N	6	\N	6	2018-02-13 00:00:00.000	2018-02-13 10:30:47.090
10843	4M9088	17715	\N	6	\N	6	2018-02-13 00:00:00.000	2018-02-13 10:35:33.350
10844	4T9129	6048	\N	6	\N	6	2018-02-13 00:00:00.000	2018-02-13 10:39:40.673
10845	1D9817	17647	\N	6	\N	6	2018-02-13 00:00:00.000	2018-02-13 10:44:48.353
10846	4B9177	12610	\N	1	\N	6	2018-02-13 00:00:00.000	2018-02-13 11:24:00.930
10847	1L9575	17820	\N	6	\N	6	2018-02-13 00:00:00.000	2018-02-13 11:32:19.633
10848	4T9295	17720	\N	6	\N	6	2018-02-13 00:00:00.000	2018-02-13 11:40:54.183
10849	1E9620	21247	\N	6	\N	6	2018-02-13 00:00:00.000	2022-01-18 10:25:48.290
10850	1L9572	17461	\N	6	\N	6	2018-02-13 00:00:00.000	2018-02-13 11:47:51.920
10851	4S9478	17818	\N	6	\N	6	2018-02-13 00:00:00.000	2018-02-13 11:51:24.190
10852	1U9169	17853	\N	6	\N	6	2018-02-13 00:00:00.000	2018-02-13 12:47:49.647
10853	4S9477	17852	\N	6	\N	6	2018-02-13 00:00:00.000	2018-02-13 12:52:24.957
10854	4A9080	17862	\N	6	\N	6	2018-02-13 00:00:00.000	2018-02-13 13:09:34.357
10855	4S9476	17864	\N	6	\N	6	2018-02-13 00:00:00.000	2018-02-13 13:18:06.817
10856	7JN	17871	\N	6	\N	6	2018-02-13 00:00:00.000	2018-02-13 13:46:04.910
10857	1F9490	17866	\N	6	\N	6	2018-02-13 00:00:00.000	2018-02-13 13:51:34.320
10858	1P9805	17867	\N	6	\N	6	2018-02-13 00:00:00.000	2018-02-13 13:58:50.140
10859	1X7	8743	\N	6	\N	6	2018-02-13 00:00:00.000	2018-02-13 15:51:20.567
10860	1E9181	5329	\N	6	\N	6	2018-02-13 00:00:00.000	2018-02-13 16:09:28.933
10861	1K9011	15201	\N	6	\N	6	2018-02-14 00:00:00.000	2018-02-14 09:22:09.357
10862	1M9428	17876	\N	6	\N	6	2018-02-14 00:00:00.000	2018-02-14 09:53:56.087
10863	1H9242	12642	\N	6	\N	6	2018-02-14 00:00:00.000	2018-02-14 11:20:42.423
10864	1W9333	3054	\N	6	\N	6	2018-02-14 00:00:00.000	2018-02-14 11:34:00.567
10866	1C9534	17878	\N	6	\N	6	2018-02-14 00:00:00.000	2018-02-14 12:33:05.533
10867	1D9231	17879	\N	6	\N	6	2018-02-14 00:00:00.000	2018-02-14 12:58:22.793
10868	1W9207	17881	\N	6	\N	6	2018-02-14 00:00:00.000	2018-02-14 13:37:01.127
10869	1B9228	17882	\N	6	\N	6	2018-02-14 00:00:00.000	2018-02-14 13:56:57.917
10870	1Z9004	5762	\N	6	\N	6	2018-02-14 00:00:00.000	2018-02-14 14:11:10.690
10871	1J9144	13282	\N	6	\N	6	2018-02-14 00:00:00.000	2018-02-14 14:56:58.230
10872	1C9536	4016	\N	6	\N	6	2018-02-14 00:00:00.000	2018-02-14 15:09:41.697
10873	46X	17884	\N	6	\N	6	2018-02-14 00:00:00.000	2018-02-14 15:19:37.990
10874	4JY	11043	\N	6	\N	6	2018-02-14 00:00:00.000	2018-02-14 15:22:45.580
10875	4NG	17885	\N	6	\N	6	2018-02-14 00:00:00.000	2018-02-14 15:29:35.067
10876	1D9251	13309	\N	1	\N	6	2018-02-14 00:00:00.000	2018-02-14 15:36:35.783
10877	1L9044	17886	\N	6	\N	6	2018-02-14 00:00:00.000	2018-02-14 15:45:57.120
10878	4K3	17887	\N	6	\N	6	2018-02-14 00:00:00.000	2018-02-14 15:53:45.103
10879	1T9208	17888	\N	6	\N	6	2018-02-15 00:00:00.000	2018-02-15 11:07:25.757
10880	1D9154	17889	\N	6	\N	6	2018-02-15 00:00:00.000	2018-02-15 11:34:11.887
10881	1L9109	17890	\N	6	\N	6	2018-02-15 00:00:00.000	2018-02-15 11:46:57.070
10882	1A9188	17891	\N	6	\N	6	2018-02-15 00:00:00.000	2018-02-15 11:58:41.473
10883	1H9153	17892	\N	6	\N	6	2018-02-15 00:00:00.000	2018-02-15 12:12:59.410
10884	1W9154	17893	\N	6	\N	6	2018-02-15 00:00:00.000	2018-02-15 12:53:20.147
10885	4C4	17894	\N	6	\N	6	2018-02-15 00:00:00.000	2018-02-15 13:12:58.713
10886	1A9234	4856	\N	6	\N	6	2018-02-15 00:00:00.000	2018-02-15 13:56:44.150
10887	1T9259	17895	\N	6	\N	6	2018-02-15 00:00:00.000	2018-02-15 14:13:25.140
10888	1E9119	17896	\N	6	\N	6	2018-02-15 00:00:00.000	2018-02-15 14:24:52.667
10889	1W9048	17897	\N	6	\N	6	2018-02-15 00:00:00.000	2018-02-15 14:32:34.677
10890	4B8	17900	\N	6	\N	6	2018-02-15 00:00:00.000	2018-02-15 15:05:43.930
10891	1W9152	17901	\N	6	\N	6	2018-02-15 00:00:00.000	2018-02-15 15:19:24.677
10892	1C9293	13450	\N	6	\N	6	2018-02-15 00:00:00.000	2018-02-15 15:35:46.060
10893	1M9282	17902	\N	6	\N	6	2018-02-15 00:00:00.000	2018-02-15 15:55:03.787
10894	1F9118	17903	\N	6	\N	6	2018-02-15 00:00:00.000	2018-02-15 16:02:30.507
10895	1C9473	17904	\N	6	\N	6	2018-02-15 00:00:00.000	2018-02-15 16:07:13.070
10896	1T9328	4146	\N	6	\N	6	2018-02-15 00:00:00.000	2018-02-15 16:15:03.677
10897	1P9195	16967	\N	6	\N	6	2018-02-15 00:00:00.000	2018-02-15 16:26:08.520
10898	1D9134	17906	\N	6	\N	6	2018-02-16 00:00:00.000	2018-02-16 10:03:15.640
10899	1A9147	17907	\N	6	\N	6	2018-02-16 00:00:00.000	2018-02-16 10:27:03.963
10900	1B9190	17908	\N	6	\N	6	2018-02-16 00:00:00.000	2018-02-16 10:41:53.617
10901	1J9070	17909	\N	6	\N	6	2018-02-16 00:00:00.000	2018-02-16 10:50:15.003
10902	458	22194	\N	6	\N	6	2018-02-16 00:00:00.000	2024-02-14 14:03:14.620
10903	1P9149	17911	\N	6	\N	6	2018-02-16 00:00:00.000	2018-02-16 11:25:34.033
10904	1P9142	17912	\N	6	\N	6	2018-02-16 00:00:00.000	2018-02-16 11:43:33.587
10905	45E	2094	\N	6	\N	6	2018-02-16 00:00:00.000	2018-02-16 12:00:35.137
10906	1B9196	17913	\N	6	\N	6	2018-02-16 00:00:00.000	2018-02-16 12:16:26.053
10907	41G	17914	\N	6	\N	6	2018-02-16 00:00:00.000	2018-02-16 12:23:20.733
10908	XL9310	8385	\N	1	\N	6	2018-02-16 00:00:00.000	2018-02-16 12:53:18.200
10909	1A9565	4840	\N	6	\N	6	2018-02-16 00:00:00.000	2018-02-16 13:12:00.497
10910	1L9308	2875	\N	6	\N	6	2018-02-16 00:00:00.000	2018-02-16 13:25:51.820
10911	4U1	17919	\N	6	\N	6	2018-02-16 00:00:00.000	2018-02-16 14:04:43.200
10912	1G9289	4352	\N	6	\N	6	2018-02-16 00:00:00.000	2018-02-16 14:14:29.197
10913	1A9211	5274	\N	6	\N	6	2018-02-16 00:00:00.000	2018-02-16 14:25:30.217
10914	4C2	17923	\N	6	\N	6	2018-02-16 00:00:00.000	2018-02-16 14:36:23.733
10915	1A9230	17924	\N	6	\N	6	2018-02-16 00:00:00.000	2018-02-16 14:43:41.097
10916	1E9007	12434	\N	6	\N	6	2018-02-16 00:00:00.000	2018-02-16 15:35:26.877
10917	1M9364	17926	\N	6	\N	6	2018-02-16 00:00:00.000	2018-02-16 15:53:46.600
10918	1A9236	17927	\N	6	\N	6	2018-02-16 00:00:00.000	2018-02-16 16:00:14.383
10919	1L9127	2715	\N	6	\N	6	2018-02-16 00:00:00.000	2018-02-16 16:04:58.943
10920	4PT	17929	\N	6	\N	6	2018-02-19 00:00:00.000	2018-02-19 10:13:04.300
10921	1P9009	8279	\N	6	\N	6	2018-02-19 00:00:00.000	2018-02-19 10:19:19.543
10922	1L9150	17930	\N	6	\N	6	2018-02-19 00:00:00.000	2018-02-19 11:19:26.237
10923	1F9089	17931	\N	6	\N	6	2018-02-19 00:00:00.000	2018-02-19 11:58:47.753
10924	1S9279	3251	\N	6	\N	6	2018-02-19 00:00:00.000	2018-02-19 12:04:50.690
10925	1K9037	17932	\N	6	\N	6	2018-02-19 00:00:00.000	2018-02-19 12:21:52.927
10926	1W9206	1386	\N	6	\N	6	2018-02-19 00:00:00.000	2018-02-19 12:30:33.687
10927	42N	17933	\N	6	\N	6	2018-02-19 00:00:00.000	2018-02-19 12:36:27.123
10928	1M9009	4753	\N	6	\N	6	2018-02-19 00:00:00.000	2018-02-19 12:52:33.403
10929	1B9338	17934	\N	6	\N	6	2018-02-19 00:00:00.000	2018-02-19 12:57:55.433
10930	1M9004	17935	\N	6	\N	6	2018-02-19 00:00:00.000	2018-02-19 13:26:15.463
10931	2JC	5614	\N	6	\N	1	2018-02-19 00:00:00.000	2018-02-19 13:34:06.973
10932	1G9174	5484	\N	6	\N	6	2018-02-19 00:00:00.000	2018-02-19 13:47:34.837
10933	1G9178	12878	\N	6	\N	6	2018-02-19 00:00:00.000	2018-02-19 13:57:32.553
10934	1W9215	17936	\N	6	\N	6	2018-02-19 00:00:00.000	2018-02-19 14:10:09.823
10935	1F9146	11356	\N	6	\N	6	2018-02-19 00:00:00.000	2018-02-19 14:17:32.413
10936	1B9360	17937	\N	6	\N	6	2018-02-19 00:00:00.000	2018-02-19 14:30:11.340
10937	1S9464	17938	\N	6	\N	6	2018-02-19 00:00:00.000	2018-02-19 14:41:44.260
10938	1B9356	13193	\N	6	\N	6	2018-02-19 00:00:00.000	2018-02-19 14:48:17.990
10939	4MN	17939	\N	6	\N	6	2018-02-19 00:00:00.000	2018-02-19 15:03:54.053
10940	1A9324	17941	\N	6	\N	6	2018-02-19 00:00:00.000	2018-02-19 15:18:05.300
10941	1A9114	4406	\N	6	\N	6	2018-02-19 00:00:00.000	2018-02-19 15:22:35.850
10942	1T9332	17942	\N	6	\N	6	2018-02-19 00:00:00.000	2018-02-19 15:28:41.330
10943	1S9357	17943	\N	6	\N	6	2018-02-19 00:00:00.000	2018-02-19 15:34:42.080
10944	1Y9008	11688	\N	6	\N	6	2018-02-19 00:00:00.000	2018-02-19 15:38:55.457
10945	1C9053	17944	\N	6	\N	6	2018-02-19 00:00:00.000	2018-02-19 15:45:05.520
10946	1M9020	4177	\N	6	\N	6	2018-02-20 00:00:00.000	2018-02-20 10:29:35.373
10947	1B9327	12802	\N	6	\N	6	2018-02-20 00:00:00.000	2018-02-20 10:34:41.007
10948	1P9061	3444	\N	6	\N	6	2018-02-20 00:00:00.000	2018-02-20 11:43:55.560
10949	1T9370	17948	\N	6	\N	6	2018-02-20 00:00:00.000	2018-02-20 11:58:19.583
10950	1C9039	5652	\N	6	\N	6	2018-02-20 00:00:00.000	2018-02-20 12:09:50.353
10951	1U9005	17949	\N	6	\N	6	2018-02-20 00:00:00.000	2018-02-20 12:15:56.937
10952	1T9396	10812	\N	6	\N	6	2018-02-20 00:00:00.000	2018-02-20 12:28:02.167
10953	4MH	17950	\N	6	\N	6	2018-02-20 00:00:00.000	2018-02-20 13:35:49.843
10954	1V9016	17951	\N	6	\N	6	2018-02-20 00:00:00.000	2018-02-20 13:47:15.933
10955	119001	1938	\N	6	\N	6	2018-02-20 00:00:00.000	2018-02-20 13:55:06.460
10956	1L9027	3718	\N	6	\N	6	2018-02-20 00:00:00.000	2018-02-20 14:05:37.030
10957	1Z9013	4326	\N	6	\N	6	2018-02-20 00:00:00.000	2018-02-20 14:21:48.023
10958	1S9406	17952	\N	6	\N	6	2018-02-20 00:00:00.000	2018-02-20 14:32:05.783
10959	1S9470	2318	\N	6	\N	6	2018-02-20 00:00:00.000	2018-02-20 14:43:34.993
10960	1R9244	4518	\N	6	\N	6	2018-02-20 00:00:00.000	2018-02-20 15:00:14.080
10961	1B9363	12800	\N	6	\N	6	2018-02-20 00:00:00.000	2018-02-20 15:09:43.623
10962	1H9253	12986	\N	6	\N	6	2018-02-20 00:00:00.000	2018-02-20 15:19:41.757
10963	1M9086	2455	\N	6	\N	6	2018-02-20 00:00:00.000	2018-02-20 15:38:02.917
10964	1N9113	3380	\N	6	\N	6	2018-02-20 00:00:00.000	2018-02-20 15:43:29.893
10965	1N9118	8243	\N	6	\N	6	2018-02-20 00:00:00.000	2018-02-20 16:01:59.523
10966	1P9190	4605	\N	6	\N	6	2018-02-20 00:00:00.000	2018-02-20 16:07:45.347
10967	1T9402	2871	\N	6	\N	6	2018-02-20 00:00:00.000	2018-02-20 16:11:59.673
10968	1E9169	12676	\N	6	\N	6	2018-02-20 00:00:00.000	2018-02-20 16:17:13.950
10969	1L9176	17954	\N	6	\N	6	2018-02-20 00:00:00.000	2018-02-20 16:24:10.270
10970	1C9066	5217	\N	6	\N	6	2018-02-21 00:00:00.000	2018-02-21 09:45:14.243
10971	1B9365	5034	\N	6	\N	6	2018-02-21 00:00:00.000	2018-02-21 10:29:08.777
10972	1A9330	13196	\N	6	\N	6	2018-02-21 00:00:00.000	2018-02-21 10:49:20.713
10973	1T9406	17957	\N	6	\N	6	2018-02-21 00:00:00.000	2018-02-21 11:02:36.953
10974	1B9366	17958	\N	6	\N	6	2018-02-21 00:00:00.000	2018-02-21 11:15:18.657
10975	1S9483	3252	\N	6	\N	6	2018-02-21 00:00:00.000	2018-02-21 11:36:07.860
10976	4NN	3254	\N	6	\N	6	2018-02-21 00:00:00.000	2018-02-21 11:39:48.007
10977	1E9170	12428	\N	6	\N	6	2018-02-21 00:00:00.000	2018-02-21 11:44:08.637
10978	1D9268	4343	\N	6	\N	6	2018-02-21 00:00:00.000	2018-02-21 11:48:31.420
10979	1B9353	13137	\N	6	\N	6	2018-02-21 00:00:00.000	2018-02-21 11:57:55.157
10980	4M6	13156	\N	6	\N	6	2018-02-21 00:00:00.000	2018-02-21 13:36:44.867
10981	1G9181	5489	\N	6	\N	6	2018-02-21 00:00:00.000	2018-02-21 13:56:21.203
10982	1J9149	3992	\N	6	\N	6	2018-02-21 00:00:00.000	2018-02-21 14:13:54.830
10983	1T9400	2954	\N	6	\N	6	2018-02-21 00:00:00.000	2018-02-21 14:19:32.773
10984	1P9161	4309	\N	6	\N	6	2018-02-21 00:00:00.000	2018-02-21 14:27:06.407
10985	4MW	17961	\N	6	\N	6	2018-02-21 00:00:00.000	2018-02-21 14:49:05.827
10986	1C9056	3969	\N	6	\N	6	2018-02-21 00:00:00.000	2018-02-21 15:48:36.687
10987	1G9182	17965	\N	6	\N	6	2018-02-21 00:00:00.000	2018-02-21 15:54:42.447
10988	1S9477	5912	\N	6	\N	6	2018-02-21 00:00:00.000	2018-02-21 16:03:43.237
10989	4MU	4725	\N	6	\N	6	2018-02-21 00:00:00.000	2018-02-21 16:10:23.673
10990	1M9092	2431	\N	6	\N	6	2018-02-21 00:00:00.000	2018-02-21 16:15:20.683
10991	1V9065	11007	\N	6	\N	6	2018-02-21 00:00:00.000	2018-02-21 16:23:58.523
10992	1D9818	17945	\N	6	\N	6	2018-02-22 00:00:00.000	2018-02-22 10:41:28.363
10993	7HH	17856	\N	6	\N	6	2018-02-22 00:00:00.000	2018-02-22 11:40:18.803
10994	4A9082	17865	\N	6	\N	6	2018-02-22 00:00:00.000	2018-02-22 11:55:37.740
10995	4B9176	17972	\N	6	\N	6	2018-02-22 00:00:00.000	2026-04-24 08:19:17.087
10997	1H9723	17875	\N	6	\N	6	2018-02-22 00:00:00.000	2018-02-22 12:41:12.627
10998	4A9075	17745	\N	6	\N	6	2018-02-22 00:00:00.000	2018-02-22 13:17:02.187
10999	1F9152	4795	\N	6	\N	6	2018-02-22 00:00:00.000	2018-02-22 13:59:07.813
11000	1S9484	8379	\N	6	\N	6	2018-02-22 00:00:00.000	2018-02-22 14:12:37.877
11001	1S9490	2388	\N	6	\N	6	2018-02-22 00:00:00.000	2018-02-22 14:30:27.837
11002	1R9229	10580	\N	6	\N	6	2018-02-22 00:00:00.000	2018-02-22 14:36:01.567
11003	1A9333	2196	\N	6	\N	6	2018-02-22 00:00:00.000	2018-02-22 14:41:12.633
11004	1T9376	3706	\N	6	\N	6	2018-02-22 00:00:00.000	2018-02-22 15:12:40.517
11005	1M9096	5950	\N	6	\N	6	2018-02-22 00:00:00.000	2018-02-22 15:21:18.187
11006	1F9078	5148	\N	6	\N	6	2018-02-22 00:00:00.000	2018-02-22 15:41:25.350
11007	4PK	3460	\N	6	\N	6	2018-02-22 00:00:00.000	2018-02-22 15:47:30.110
11008	1S9492	11641	\N	6	\N	6	2018-02-22 00:00:00.000	2018-02-22 15:59:24.590
11009	1M9093	2454	\N	6	\N	6	2018-02-22 00:00:00.000	2018-02-22 16:05:57.290
11010	1J9145	3622	\N	6	\N	6	2018-02-22 00:00:00.000	2018-02-22 16:10:35.097
11011	1A9359	17976	\N	6	\N	6	2018-02-22 00:00:00.000	2018-02-22 16:21:06.757
11012	1B9141	5084	\N	6	\N	6	2018-02-23 00:00:00.000	2018-02-23 11:45:40.760
11013	1M9263	17978	\N	6	\N	6	2018-02-23 00:00:00.000	2018-02-23 11:54:21.753
11014	1S9189	17979	\N	6	\N	6	2018-02-23 00:00:00.000	2018-02-23 12:02:54.747
11015	41U	17980	\N	6	\N	6	2018-02-23 00:00:00.000	2018-02-23 12:25:55.927
11016	1S9215	17981	\N	6	\N	6	2018-02-23 00:00:00.000	2018-02-23 12:55:22.520
11017	1A9105	17982	\N	6	\N	6	2018-02-23 00:00:00.000	2018-02-23 13:19:09.923
11018	1S9197	17983	\N	6	\N	6	2018-02-23 00:00:00.000	2018-02-23 13:34:29.590
11019	406	17985	\N	6	\N	6	2018-02-23 00:00:00.000	2018-02-23 13:58:55.260
11020	1C9268	17987	\N	6	\N	6	2018-02-23 00:00:00.000	2018-02-23 14:18:57.617
11021	1C9266	17789	\N	6	\N	6	2018-02-23 00:00:00.000	2018-02-23 14:33:59.407
11022	1C9330	17988	\N	6	\N	6	2018-02-23 00:00:00.000	2018-02-23 14:41:22.353
11023	1A9149	17989	\N	6	\N	6	2018-02-23 00:00:00.000	2018-02-23 15:20:52.560
11024	1C9326	4026	\N	6	\N	6	2018-02-23 00:00:00.000	2018-02-23 15:33:59.753
11025	1H9110	17990	\N	6	\N	6	2018-02-23 00:00:00.000	2018-02-23 15:57:42.070
11026	1W9135	17991	\N	6	\N	6	2018-02-26 00:00:00.000	2018-02-26 11:33:23.120
11027	1R9139	17992	\N	6	\N	6	2018-02-26 00:00:00.000	2018-02-26 12:04:41.083
11028	1A9185	17993	\N	6	\N	6	2018-02-26 00:00:00.000	2018-02-26 12:27:52.637
11029	1K9070	17994	\N	6	\N	6	2018-02-26 00:00:00.000	2018-02-26 12:59:14.827
11030	1N9062	17995	\N	6	\N	6	2018-02-26 00:00:00.000	2018-02-26 13:18:46.733
11031	1P9172	17996	\N	6	\N	6	2018-02-26 00:00:00.000	2018-02-26 13:53:34.063
11032	1V9048	10789	\N	2	\N	6	2018-02-26 00:00:00.000	2018-02-26 13:59:59.807
11033	49G	2997	\N	6	\N	6	2018-02-26 00:00:00.000	2018-02-26 14:19:11.023
11034	1L9116	18001	\N	6	\N	6	2018-02-26 00:00:00.000	2018-02-26 14:30:06.350
11035	7H5	15915	\N	6	\N	6	2018-02-26 00:00:00.000	2018-02-26 14:34:51.770
11036	1N9054	18002	\N	6	\N	6	2018-02-26 00:00:00.000	2018-02-26 15:13:32.087
11037	1P9174	18003	\N	6	\N	6	2018-02-26 00:00:00.000	2018-02-26 15:30:20.097
11038	438	18004	\N	6	\N	6	2018-02-26 00:00:00.000	2018-02-26 15:37:53.370
11039	1W9143	9779	\N	6	\N	6	2018-02-26 00:00:00.000	2018-02-26 15:47:46.673
11040	1W9144	18005	\N	6	\N	6	2018-02-26 00:00:00.000	2018-02-26 16:09:15.640
11041	1R9156	18006	\N	6	\N	6	2018-02-26 00:00:00.000	2018-02-26 16:16:28.713
11042	1N9063	18007	\N	6	\N	6	2018-02-26 00:00:00.000	2018-02-26 16:22:39.977
11043	1S9009	4988	\N	6	\N	6	2018-02-27 00:00:00.000	2018-02-27 11:21:18.877
11044	1W9106	18008	\N	6	\N	6	2018-02-27 00:00:00.000	2018-02-27 11:47:35.760
11045	1E9111	12434	\N	6	\N	6	2018-02-27 00:00:00.000	2018-02-27 12:07:40.567
11046	1M9348	18009	\N	6	\N	6	2018-02-27 00:00:00.000	2018-02-27 13:52:59.357
11047	1T9241	18010	\N	6	\N	6	2018-02-27 00:00:00.000	2018-02-27 15:04:04.247
11048	1S9236	18011	\N	6	\N	6	2018-02-27 00:00:00.000	2018-02-27 15:15:57.123
11049	1R9165	18012	\N	6	\N	6	2018-02-27 00:00:00.000	2018-02-27 15:20:37.737
11050	1T9249	18014	\N	6	\N	6	2018-02-27 00:00:00.000	2018-02-27 15:32:08.553
11051	1R9168	18015	\N	6	\N	6	2018-02-27 00:00:00.000	2018-02-27 15:38:45.463
11052	109136	18018	\N	6	\N	6	2018-02-27 00:00:00.000	2018-02-27 15:46:42.323
11053	1S9308	18019	\N	6	\N	6	2018-02-27 00:00:00.000	2018-02-27 15:59:04.933
11054	47X	18020	\N	6	\N	6	2018-02-27 00:00:00.000	2018-02-27 16:06:29.907
11055	1C9393	18021	\N	6	\N	6	2018-02-27 00:00:00.000	2018-02-27 16:17:05.297
11056	1G9070	18022	\N	6	\N	6	2018-02-27 00:00:00.000	2018-02-27 16:21:23.213
11057	1F9095	18023	\N	6	\N	6	2018-02-28 00:00:00.000	2018-02-28 11:35:30.160
11058	1D9183	12476	\N	6	\N	6	2018-02-28 00:00:00.000	2018-02-28 11:43:12.153
11059	1T9434	18025	\N	6	\N	6	2018-02-28 00:00:00.000	2018-02-28 11:58:24.957
11060	4XD	3546	\N	6	\N	6	2018-02-28 00:00:00.000	2018-02-28 13:58:30.517
11061	1N9133	18026	\N	6	\N	6	2018-02-28 00:00:00.000	2018-02-28 14:25:35.447
11062	1E9188	18027	\N	6	\N	6	2018-02-28 00:00:00.000	2018-02-28 14:53:12.607
11063	1E9191	18028	\N	6	\N	6	2018-02-28 00:00:00.000	2018-02-28 15:12:17.680
11064	1T9221	18030	\N	6	\N	6	2018-02-28 00:00:00.000	2018-02-28 15:24:04.843
11065	1A9360	1991	\N	6	\N	6	2018-02-28 00:00:00.000	2018-02-28 15:30:35.110
11066	1S9532	3348	\N	6	\N	6	2018-02-28 00:00:00.000	2018-02-28 15:35:20.387
11067	1W9235	11017	\N	6	\N	6	2018-02-28 00:00:00.000	2018-02-28 15:40:50.220
11068	1C9576	12840	\N	6	\N	6	2018-02-28 00:00:00.000	2018-02-28 15:46:33.310
11069	1S9543	18032	\N	6	\N	6	2018-02-28 00:00:00.000	2018-02-28 16:07:55.867
11070	1C9163	18033	\N	6	\N	6	2018-02-28 00:00:00.000	2018-02-28 16:12:19.290
11071	1P9239	5893	\N	6	\N	6	2018-02-28 00:00:00.000	2018-02-28 16:25:48.510
11072	KMT	15984	\N	2	\N	15	2018-03-01 00:00:00.000	2018-03-01 12:26:18.547
11073	1PL	18041	\N	6	\N	6	2018-03-01 00:00:00.000	2018-03-01 14:36:10.323
11074	2K9035	16573	\N	6	\N	1	2018-03-01 00:00:00.000	2018-03-01 15:06:09.600
11075	4T9303	18038	\N	6	\N	6	2018-03-01 00:00:00.000	2018-03-01 16:02:25.523
11076	7JS	18037	\N	6	\N	6	2018-03-01 00:00:00.000	2018-03-01 16:05:17.437
11077	1J9470	17975	\N	6	\N	6	2018-03-01 00:00:00.000	2018-03-01 16:10:10.547
11078	1R9863	17964	\N	6	\N	6	2018-03-01 00:00:00.000	2018-03-01 16:15:05.353
11079	1M9614	8119	\N	6	\N	6	2018-03-02 00:00:00.000	2018-03-02 10:18:06.630
11080	1C9882	18047	\N	6	\N	6	2018-03-02 00:00:00.000	2018-03-02 10:48:08.150
11081	468	18048	\N	6	\N	6	2018-03-02 00:00:00.000	2018-03-02 11:13:25.550
11082	5KS	4414	\N	6	\N	6	2018-03-02 00:00:00.000	2018-03-02 11:23:56.603
11083	1C9304	18050	\N	6	\N	6	2018-03-02 00:00:00.000	2018-03-02 11:48:02.180
11084	1C9274	18051	\N	6	\N	6	2018-03-02 00:00:00.000	2018-03-02 11:54:19.530
11085	1N9041	18052	\N	6	\N	6	2018-03-02 00:00:00.000	2018-03-02 12:03:50.630
11086	1U9013	18053	\N	6	\N	6	2018-03-02 00:00:00.000	2018-03-02 12:33:20.297
11087	1W9076	11227	\N	6	\N	6	2018-03-02 00:00:00.000	2018-03-02 13:02:29.497
11088	1A9127	5134	\N	6	\N	6	2018-03-02 00:00:00.000	2018-03-02 13:24:00.930
11089	1R9091	18055	\N	6	\N	6	2018-03-02 00:00:00.000	2018-03-02 13:35:44.240
11090	40H	18056	\N	6	\N	6	2018-03-02 00:00:00.000	2018-03-02 13:44:38.933
11091	1D9114	2232	\N	6	\N	6	2018-03-02 00:00:00.000	2018-03-02 14:06:21.707
11092	1D9111	17984	\N	6	\N	6	2018-03-02 00:00:00.000	2018-03-02 14:13:04.623
11093	41C	18059	\N	6	\N	6	2018-03-02 00:00:00.000	2018-03-02 14:26:13.830
11094	1W9094	18060	\N	6	\N	6	2018-03-02 00:00:00.000	2018-03-02 14:31:35.923
11095	1M9090	18062	\N	6	\N	6	2018-03-05 00:00:00.000	2018-03-05 13:31:13.713
11096	1P9446	12875	\N	6	\N	6	2018-03-05 00:00:00.000	2018-03-05 13:41:18.700
11097	1V9112	18063	\N	6	\N	6	2018-03-05 00:00:00.000	2018-03-05 13:51:45.087
11098	1S9203	18065	\N	6	\N	6	2018-03-05 00:00:00.000	2018-03-05 14:15:08.777
11099	1N9043	18066	\N	6	\N	6	2018-03-05 00:00:00.000	2018-03-05 14:20:26.550
11100	1H9123	18067	\N	6	\N	6	2018-03-05 00:00:00.000	2018-03-05 14:26:22.263
11101	1WZ	11258	\N	6	\N	6	2018-03-05 00:00:00.000	2018-03-05 14:32:54.227
11102	1T9154	18070	\N	6	\N	6	2018-03-05 00:00:00.000	2018-03-05 14:50:47.480
11103	1M9275	18071	\N	6	\N	6	2018-03-05 00:00:00.000	2018-03-05 15:16:23.957
11104	1C9287	18072	\N	6	\N	6	2018-03-05 00:00:00.000	2018-03-05 15:31:58.397
11105	1Y9003	18074	\N	6	\N	6	2018-03-05 00:00:00.000	2018-03-05 15:44:59.413
11106	1T9160	18075	\N	6	\N	6	2018-03-05 00:00:00.000	2018-03-05 16:01:25.587
11107	109123	18076	\N	6	\N	6	2018-03-05 00:00:00.000	2018-03-05 16:05:28.167
11108	428	18077	\N	6	\N	6	2018-03-05 00:00:00.000	2018-03-05 16:10:20.697
11109	1P9113	18078	\N	6	\N	6	2018-03-05 00:00:00.000	2018-03-05 16:27:01.377
11110	1B9210	18079	\N	6	\N	6	2018-03-05 00:00:00.000	2018-03-05 16:33:30.550
11111	SCR	15450	\N	2	\N	6	2018-03-06 00:00:00.000	2021-05-24 16:44:19.917
11112	1C9319	18081	\N	6	\N	6	2018-03-06 00:00:00.000	2018-03-06 13:39:30.080
11113	1H9069	18083	\N	6	\N	6	2018-03-06 00:00:00.000	2018-03-06 14:09:37.950
11114	1C9346	18084	\N	6	\N	6	2018-03-06 00:00:00.000	2018-03-06 14:19:07.197
11115	43K	18085	\N	6	\N	6	2018-03-06 00:00:00.000	2018-03-06 14:32:45.057
11116	1T9178	18086	\N	6	\N	6	2018-03-06 00:00:00.000	2018-03-06 14:40:07.443
11117	1J9053	18087	\N	6	\N	6	2018-03-06 00:00:00.000	2018-03-06 14:48:52.087
11118	1T9168	18089	\N	6	\N	6	2018-03-06 00:00:00.000	2018-03-06 15:14:36.460
11119	1M9216	18090	\N	6	\N	6	2018-03-06 00:00:00.000	2018-03-06 15:24:32.710
11120	1H9231	18092	\N	6	\N	6	2018-03-06 00:00:00.000	2018-03-06 15:55:32.480
11121	1L9095	18093	\N	6	\N	6	2018-03-06 00:00:00.000	2018-03-06 16:01:40.830
11122	1M9292	18094	\N	6	\N	6	2018-03-06 00:00:00.000	2018-03-06 16:11:27.390
11123	1S9250	18095	\N	6	\N	6	2018-03-06 00:00:00.000	2018-03-06 16:16:07.537
11124	11J	18096	\N	6	\N	6	2018-03-07 00:00:00.000	2018-03-07 11:21:12.613
11125	1M9181	15254	\N	6	\N	6	2018-03-07 00:00:00.000	2018-03-07 11:41:02.787
11126	1R9056	18097	\N	6	\N	6	2018-03-07 00:00:00.000	2018-03-07 12:03:08.337
11127	1F9027	18098	\N	6	\N	6	2018-03-07 00:00:00.000	2018-03-07 12:40:45.613
11128	1D9089	18099	\N	6	\N	6	2018-03-07 00:00:00.000	2018-03-07 13:11:33.907
11129	1S9131	18100	\N	5	\N	6	2018-03-07 00:00:00.000	2018-03-07 13:39:23.843
11130	1B9102	18101	\N	6	\N	6	2018-03-07 00:00:00.000	2018-03-07 13:37:30.413
11131	1R9061	18102	\N	6	\N	6	2018-03-07 00:00:00.000	2018-03-07 14:11:08.013
11132	1E9048	18103	\N	6	\N	6	2018-03-07 00:00:00.000	2018-03-07 15:00:28.943
11133	1L9086	17847	\N	6	\N	6	2018-03-07 00:00:00.000	2018-03-07 15:17:21.043
11134	1C9308	18104	\N	6	\N	6	2018-03-07 00:00:00.000	2018-03-07 15:26:53.767
11135	11L	9159	\N	6	\N	6	2018-03-07 00:00:00.000	2018-03-07 15:55:52.843
11136	LEX	17833	\N	1	\N	6	2018-03-07 00:00:00.000	2018-03-07 16:09:16.510
11137	1W9115	18106	\N	6	\N	6	2018-03-07 00:00:00.000	2018-08-27 12:52:22.007
11138	1E9095	18108	\N	6	\N	6	2018-03-07 00:00:00.000	2018-03-07 16:25:03.773
11139	1A9172	18110	\N	6	\N	6	2018-03-07 00:00:00.000	2018-03-07 16:30:25.307
11140	1R9136	18112	\N	6	\N	6	2018-03-07 00:00:00.000	2018-03-07 16:38:40.047
11141	1T9207	18113	\N	6	\N	6	2018-03-07 00:00:00.000	2018-03-07 16:48:41.473
11142	1M9300	3812	\N	3	\N	6	2018-03-08 00:00:00.000	2018-03-08 09:01:45.357
11143	49M	4618	\N	6	\N	6	2018-03-08 00:00:00.000	2018-03-08 09:51:57.970
11144	1B9236	18114	\N	6	\N	6	2018-03-08 00:00:00.000	2018-03-08 11:06:21.233
11145	1D9162	18115	\N	6	\N	6	2018-03-08 00:00:00.000	2018-03-08 11:36:53.970
11146	1C9411	18116	\N	6	\N	6	2018-03-08 00:00:00.000	2018-03-08 13:44:43.647
11147	109131	18117	\N	6	\N	6	2018-03-08 00:00:00.000	2018-03-08 13:50:28.563
11148	1R9149	18118	\N	6	\N	6	2018-03-08 00:00:00.000	2018-03-08 14:05:45.033
11149	1C9416	18119	\N	2	\N	6	2018-03-08 00:00:00.000	2021-05-24 16:46:11.453
11150	1B9242	18120	\N	6	\N	6	2018-03-08 00:00:00.000	2018-03-08 14:57:01.357
11151	1E9113	18122	\N	6	\N	6	2018-03-08 00:00:00.000	2018-03-08 15:19:16.673
11152	3E9001	18125	\N	6	\N	6	2018-03-08 00:00:00.000	2018-03-08 15:33:35.673
11153	109127	11627	\N	6	\N	6	2018-03-08 00:00:00.000	2018-03-08 15:42:35.637
11154	1P9184	18126	\N	6	\N	6	2018-03-08 00:00:00.000	2018-03-08 15:51:10.173
11155	1G9111	18127	\N	6	\N	6	2018-03-08 00:00:00.000	2018-03-08 15:59:29.030
11156	1P9162	18128	\N	6	\N	6	2018-03-09 00:00:00.000	2018-03-09 09:55:35.157
11157	1C9424	18029	\N	6	\N	6	2018-03-09 00:00:00.000	2018-03-09 10:19:39.750
11158	1CU	5676	\N	1	\N	6	2018-03-09 00:00:00.000	2018-03-09 11:12:22.157
11159	1H9171	18131	\N	6	\N	6	2018-03-09 00:00:00.000	2018-03-09 11:23:58.807
11160	1R9135	18132	\N	6	\N	6	2018-03-09 00:00:00.000	2018-03-09 11:50:08.077
11161	1W9097	18133	\N	2	\N	6	2018-03-09 00:00:00.000	2018-03-09 11:56:56.110
11162	1M9305	18134	\N	6	\N	6	2018-03-09 00:00:00.000	2018-03-09 12:07:05.463
11163	1L9124	18137	\N	6	\N	6	2018-03-09 00:00:00.000	2018-03-09 14:20:49.853
11164	1J9084	18138	\N	6	\N	6	2018-03-09 00:00:00.000	2018-03-09 14:39:47.780
11165	4JD	17775	\N	6	\N	6	2018-03-09 00:00:00.000	2018-03-09 14:54:03.600
11166	1A9163	18139	\N	6	\N	6	2018-03-09 00:00:00.000	2018-03-09 15:29:46.277
11167	1V9053	18140	\N	6	\N	6	2018-03-09 00:00:00.000	2018-03-09 15:43:59.177
11168	4BL	18141	\N	6	\N	6	2018-03-09 00:00:00.000	2018-03-09 15:47:48.920
11169	1S9332	18142	\N	6	\N	6	2018-03-09 00:00:00.000	2018-03-09 15:54:19.933
11170	1T9260	18156	\N	6	\N	6	2018-03-12 00:00:00.000	2018-03-12 12:00:06.110
11171	1V9052	14997	\N	6	\N	6	2018-03-12 00:00:00.000	2018-03-12 12:15:00.350
11172	1B9240	18157	\N	6	\N	6	2018-03-12 00:00:00.000	2018-03-12 12:27:20.743
11173	49S	16019	\N	6	\N	6	2018-03-12 00:00:00.000	2018-03-12 13:48:09.543
11174	4AY	17737	\N	6	\N	6	2018-03-12 00:00:00.000	2018-03-12 13:55:41.023
11175	1A9220	18160	\N	6	\N	6	2018-03-12 00:00:00.000	2018-03-12 14:24:17.183
11176	1L9132	18161	\N	6	\N	6	2018-03-12 00:00:00.000	2018-03-12 14:43:35.687
11177	8A6	8994	\N	1	\N	17	2018-03-12 00:00:00.000	2018-03-12 14:50:56.233
11178	1D9178	18162	\N	6	\N	6	2018-03-12 00:00:00.000	2018-03-12 14:55:37.050
11179	1B9263	18163	\N	6	\N	6	2018-03-12 00:00:00.000	2018-03-12 15:16:51.477
11180	1G9115	9854	\N	6	\N	6	2018-03-12 00:00:00.000	2018-03-12 15:34:36.477
11181	1A9232	18165	\N	6	\N	6	2018-03-12 00:00:00.000	2018-03-12 16:02:49.517
11182	1H9191	18166	\N	6	\N	6	2018-03-13 00:00:00.000	2018-03-13 08:45:53.563
11183	1W9155	18167	\N	6	\N	6	2018-03-13 00:00:00.000	2018-03-13 08:56:51.137
11184	1T9277	18168	\N	6	\N	6	2018-03-13 00:00:00.000	2018-03-13 09:10:21.230
11185	1D9188	18169	\N	6	\N	6	2018-03-13 00:00:00.000	2018-03-13 09:22:25.303
11186	1M9376	18170	\N	6	\N	6	2018-03-13 00:00:00.000	2018-03-13 09:49:10.423
11187	1C9396	18178	\N	2	\N	6	2018-03-14 00:00:00.000	2018-03-14 10:06:09.137
11188	4BP	18179	\N	6	\N	6	2018-03-14 00:00:00.000	2018-03-14 10:31:57.177
11189	1M9371	3847	\N	6	\N	6	2018-03-14 00:00:00.000	2018-03-14 11:47:11.997
11190	1H9039	2011	\N	6	\N	6	2018-03-14 00:00:00.000	2018-03-14 12:12:34.137
11191	4D4	18181	\N	6	\N	6	2018-03-14 00:00:00.000	2018-03-14 12:30:38.057
11192	4GE	18182	\N	6	\N	6	2018-03-14 00:00:00.000	2018-03-14 12:51:42.440
11193	1M9403	18183	\N	6	\N	6	2018-03-14 00:00:00.000	2018-03-14 13:02:26.550
11194	1W9179	18184	\N	6	\N	6	2018-03-14 00:00:00.000	2018-03-14 13:30:38.340
11195	1H9218	16799	\N	6	\N	6	2018-03-14 00:00:00.000	2018-03-14 13:56:07.317
11196	1B9311	12801	\N	6	\N	6	2018-03-14 00:00:00.000	2018-03-14 14:07:57.180
11197	1D9212	18185	\N	6	\N	6	2018-03-14 00:00:00.000	2018-03-14 14:16:15.710
11198	1C9485	18186	\N	6	\N	6	2018-03-14 00:00:00.000	2018-03-14 14:21:31.500
11199	1M9395	18187	\N	6	\N	6	2018-03-14 00:00:00.000	2018-03-14 14:26:43.110
11200	1K9106	2485	\N	6	\N	6	2018-03-14 00:00:00.000	2018-03-14 14:40:51.237
11201	1C9442	18188	\N	6	\N	6	2018-03-14 00:00:00.000	2018-03-14 14:45:45.643
11202	1M9391	18190	\N	6	\N	6	2018-03-14 00:00:00.000	2018-03-14 14:59:54.533
11203	1J9110	18191	\N	6	\N	6	2018-03-14 00:00:00.000	2018-03-14 15:07:10.443
11204	1J9039	18192	\N	6	\N	6	2018-03-14 00:00:00.000	2018-03-14 15:20:58.743
11205	1C9483	18193	\N	6	\N	6	2018-03-14 00:00:00.000	2018-03-14 15:27:51.600
11206	4PA	18194	\N	6	\N	6	2018-03-14 00:00:00.000	2018-03-14 15:37:33.060
11207	4FZ	18195	\N	6	\N	6	2018-03-15 00:00:00.000	2018-03-15 13:32:25.830
11208	1K9113	18196	\N	6	\N	6	2018-03-15 00:00:00.000	2018-03-15 13:50:35.180
11209	1G9139	18197	\N	6	\N	6	2018-03-15 00:00:00.000	2018-03-15 13:59:24.223
11210	1G9131	18198	\N	6	\N	6	2018-03-15 00:00:00.000	2018-03-15 14:10:44.477
11211	1M9406	3859	\N	6	\N	6	2018-03-15 00:00:00.000	2018-03-15 14:29:04.560
11212	1S9405	18199	\N	6	\N	6	2018-03-15 00:00:00.000	2018-03-15 14:35:44.797
11213	1S9059	10604	\N	6	\N	6	2018-03-15 00:00:00.000	2018-03-15 14:44:49.797
11214	1R9246	18200	\N	6	\N	6	2018-03-15 00:00:00.000	2018-03-15 14:53:24.630
11215	1P9196	18201	\N	6	\N	6	2018-03-15 00:00:00.000	2018-03-15 15:35:28.747
11216	1B9370	1769	\N	6	\N	6	2018-03-15 00:00:00.000	2018-03-15 15:40:07.173
11217	1R9249	3894	\N	6	\N	6	2018-03-15 00:00:00.000	2018-03-15 15:43:58.040
11218	4LX	11702	\N	6	\N	6	2018-03-15 00:00:00.000	2018-03-15 16:07:07.753
11219	1S9475	18202	\N	6	\N	6	2018-03-15 00:00:00.000	2018-03-15 16:17:59.927
11220	1M9411	2634	\N	6	\N	6	2018-03-16 00:00:00.000	2018-03-16 10:11:56.387
11221	1Z9012	18206	\N	6	\N	6	2018-03-16 00:00:00.000	2018-03-16 10:42:41.480
11222	1W9216	10072	\N	6	\N	6	2018-03-16 00:00:00.000	2018-03-16 11:05:26.263
11223	1M9007	2882	\N	6	\N	6	2018-03-16 00:00:00.000	2018-03-16 12:00:14.670
11224	4L7	18208	\N	6	\N	6	2018-03-16 00:00:00.000	2018-03-16 13:25:16.973
11225	1R9230	3983	\N	6	\N	6	2018-03-16 00:00:00.000	2018-03-16 13:51:46.177
11226	ZA9D39	970	\N	2	\N	9	2018-03-16 00:00:00.000	2018-03-16 14:05:29.547
11227	1M9089	4186	\N	5	\N	6	2018-03-16 00:00:00.000	2019-10-21 16:04:23.337
11228	1S9486	12772	\N	6	\N	6	2018-03-16 00:00:00.000	2018-03-16 14:30:36.790
11229	1T9395	18210	\N	6	\N	6	2018-03-16 00:00:00.000	2018-03-16 14:44:57.867
11230	1M9023	3096	\N	6	\N	6	2018-03-16 00:00:00.000	2018-03-16 14:51:02.487
11231	1L9175	18213	\N	6	\N	6	2018-03-16 00:00:00.000	2018-03-16 15:36:26.187
11232	1A9327	10884	\N	6	\N	6	2018-03-16 00:00:00.000	2018-03-16 15:42:22.820
11233	1E9104	4904	\N	2	\N	6	2018-03-16 00:00:00.000	2021-05-24 16:47:15.740
11234	1C9059	18214	\N	6	\N	6	2018-03-16 00:00:00.000	2018-03-16 15:58:17.447
11235	1G9175	5052	\N	1	\N	6	2018-03-16 00:00:00.000	2018-03-16 16:06:01.283
11236	2CU	3234	\N	6	\N	1	2018-03-19 00:00:00.000	2018-03-19 11:04:49.330
11237	4A9079	17746	\N	6	\N	6	2018-03-19 00:00:00.000	2018-03-19 12:29:04.550
11238	1F9217	13132	\N	6	\N	6	2018-03-19 00:00:00.000	2018-03-19 12:46:08.943
11239	1L9303	17139	\N	6	\N	6	2018-03-19 00:00:00.000	2018-03-19 13:00:40.423
11241	40R	18218	\N	6	\N	6	2018-03-19 00:00:00.000	2018-03-19 14:36:29.033
11242	1C9291	1775	\N	2	\N	6	2018-03-19 00:00:00.000	2018-03-19 15:01:23.763
11243	1T9181	17757	\N	6	\N	6	2018-03-19 00:00:00.000	2018-03-19 15:16:26.257
11244	1B9172	18221	\N	6	\N	6	2018-03-19 00:00:00.000	2018-03-19 15:27:45.903
11245	1TA	15371	\N	6	\N	6	2018-03-19 00:00:00.000	2018-03-19 15:37:49.937
11246	1C9360	18223	\N	6	\N	6	2018-03-19 00:00:00.000	2018-03-19 15:48:00.630
11247	1W9113	18224	\N	6	\N	6	2018-03-19 00:00:00.000	2018-03-19 15:52:17.657
11248	4LC	18225	\N	6	\N	6	2018-03-19 00:00:00.000	2018-03-19 15:56:10.143
11249	1W9117	18226	\N	6	\N	6	2018-03-19 00:00:00.000	2018-03-19 16:01:27.713
11250	44Z	18227	\N	6	\N	6	2018-03-19 00:00:00.000	2018-03-19 16:05:40.327
11251	2B9006	6351	\N	6	\N	6	2018-03-19 00:00:00.000	2018-03-19 16:14:30.430
11252	ZJP	18235	\N	1	\N	9	2018-03-21 00:00:00.000	2018-03-21 11:11:24.897
11253	1S9219	18236	\N	6	\N	6	2018-03-21 00:00:00.000	2018-03-21 11:30:23.217
11254	4M9091	17877	\N	6	\N	6	2018-03-21 00:00:00.000	2018-03-21 12:03:30.550
11255	4T9305	7630	\N	9	\N	6	2018-03-21 00:00:00.000	2018-03-21 12:50:41.160
11256	4C9506	18109	\N	6	\N	6	2018-03-21 00:00:00.000	2018-03-21 13:21:24.880
11257	1W9604	18130	\N	6	\N	6	2018-03-21 00:00:00.000	2018-03-21 13:47:04.803
11258	4A9088	18123	\N	6	\N	6	2018-03-21 00:00:00.000	2018-03-21 14:01:43.460
11259	1X9033	18039	\N	9	\N	6	2018-03-21 00:00:00.000	2018-03-21 14:21:19.720
11260	7JU	16298	\N	6	\N	6	2018-03-21 00:00:00.000	2018-03-21 14:33:11.890
11261	4S9480	17963	\N	6	\N	6	2018-03-21 00:00:00.000	2018-03-21 14:39:53.700
11262	4C9485	18144	\N	6	\N	6	2018-03-21 00:00:00.000	2018-03-21 15:08:45.460
11263	1E9622	17788	\N	6	\N	6	2018-03-21 00:00:00.000	2018-03-21 15:19:30.613
11264	4M9092	17962	\N	9	\N	6	2018-03-21 00:00:00.000	2021-05-24 16:53:53.870
11265	1L9578	18234	\N	6	\N	6	2018-03-21 00:00:00.000	2018-03-21 15:47:48.663
11266	1N9382	17873	\N	1	\N	6	2018-03-22 00:00:00.000	2018-03-22 10:55:17.357
11267	4A9085	18082	\N	6	\N	6	2018-03-22 00:00:00.000	2018-03-22 11:51:08.460
11268	4S9483	18145	\N	6	\N	6	2018-03-22 00:00:00.000	2018-03-22 13:13:28.957
11269	1A9445	1973	\N	6	\N	6	2018-03-22 00:00:00.000	2018-03-22 13:37:11.180
11270	4B9180	18176	\N	6	\N	6	2018-03-22 00:00:00.000	2018-03-22 13:56:05.583
11271	2F9100	17811	\N	6	\N	1	2018-03-22 00:00:00.000	2018-03-22 14:14:29.673
11272	4A9087	17999	\N	6	\N	6	2018-03-22 00:00:00.000	2018-03-22 14:30:35.270
11273	1J9468	18034	\N	6	\N	6	2018-03-22 00:00:00.000	2018-03-22 14:40:26.840
11274	4A9089	18143	\N	6	\N	6	2018-03-22 00:00:00.000	2018-03-22 15:35:07.213
11275	4B9178	17997	\N	6	\N	6	2018-03-22 00:00:00.000	2018-03-22 15:40:57.963
11276	4A9084	18069	\N	6	\N	6	2018-03-22 00:00:00.000	2018-03-22 16:05:15.537
11277	4C9505	17851	\N	6	\N	6	2018-03-22 00:00:00.000	2018-03-22 16:16:34.200
11278	1L9579	18239	\N	6	\N	6	2018-03-22 00:00:00.000	2018-03-22 16:22:48.443
11279	4M9093	18231	\N	6	\N	6	2018-03-23 00:00:00.000	2018-03-23 12:50:01.553
11280	1G9514	17956	\N	6	\N	6	2018-03-23 00:00:00.000	2018-03-23 12:54:20.017
11281	1R9846	17777	\N	6	\N	6	2018-03-23 00:00:00.000	2018-03-23 13:13:22.530
11282	4B9173	18212	\N	6	\N	6	2018-03-23 00:00:00.000	2018-03-23 13:36:05.240
11283	1G9547	18171	\N	6	\N	6	2018-03-23 00:00:00.000	2018-03-23 13:46:28.647
11284	7HM	18242	\N	6	\N	6	2018-03-23 00:00:00.000	2018-03-23 14:24:56.547
11285	1H9725	18203	\N	6	\N	6	2018-03-23 00:00:00.000	2018-03-23 14:38:27.547
11286	1F9489	17973	\N	6	\N	6	2018-03-23 00:00:00.000	2018-03-23 15:22:30.190
11287	5JV	15498	\N	6	\N	6	2018-03-26 00:00:00.000	2018-03-26 12:44:26.103
11288	433	18245	\N	1	\N	6	2018-03-26 00:00:00.000	2018-03-26 13:03:19.850
11289	1B9149	18246	\N	6	\N	6	2018-03-26 00:00:00.000	2018-03-26 13:17:55.747
11290	1H9098	18247	\N	6	\N	6	2018-03-26 00:00:00.000	2018-03-26 13:29:14.330
11291	44F	18248	\N	6	\N	6	2018-03-26 00:00:00.000	2018-03-26 13:55:05.973
11292	1R9119	18250	\N	6	\N	6	2018-03-26 00:00:00.000	2018-03-26 14:39:41.953
11293	44V	18251	\N	6	\N	6	2018-03-26 00:00:00.000	2018-03-26 14:47:21.283
11294	1S9226	18252	\N	3	\N	6	2018-03-26 00:00:00.000	2018-03-26 15:00:21.877
11295	1T9196	18253	\N	6	\N	6	2018-03-26 00:00:00.000	2018-03-26 15:50:59.123
11296	1A9169	18254	\N	6	\N	6	2018-03-26 00:00:00.000	2018-03-26 15:59:10.523
11297	1M9310	18255	\N	6	\N	6	2018-03-26 00:00:00.000	2018-03-26 16:07:26.323
11298	1G9091	18256	\N	6	\N	6	2018-03-26 00:00:00.000	2018-03-26 16:16:39.923
11299	1H9385	5022	\N	1	\N	6	2018-03-27 00:00:00.000	2018-03-27 11:33:02.307
11300	1S9824	5022	\N	1	\N	6	2018-03-27 00:00:00.000	2018-03-27 12:04:00.130
11301	1W9083	18260	\N	6	\N	6	2018-03-27 00:00:00.000	2018-03-27 15:17:23.150
11302	1N9049	18261	\N	6	\N	6	2018-03-27 00:00:00.000	2018-03-27 15:22:42.623
11303	1Z9562	18244	\N	6	\N	6	2018-03-27 00:00:00.000	2018-03-27 15:38:32.477
11304	1D9819	17998	\N	6	\N	6	2018-03-27 00:00:00.000	2018-03-27 15:50:36.117
11305	YA3	16497	\N	6	\N	22	2018-03-27 00:00:00.000	2018-03-27 15:57:15.960
11306	1G9491	7354	\N	6	\N	6	2018-03-27 00:00:00.000	2018-03-27 16:15:49.630
11307	1B9767	9674	\N	1	\N	6	2018-03-28 00:00:00.000	2021-05-24 16:47:55.763
11308	VRC	17343	\N	1	\N	6	2018-03-28 00:00:00.000	2018-03-28 14:27:49.430
11309	1M9769	8920	\N	6	\N	6	2018-03-28 00:00:00.000	2018-03-28 15:18:58.983
11310	1P9628	18272	\N	1	\N	6	2018-03-29 00:00:00.000	2018-03-29 11:09:23.560
11311	4C9160	1668	\N	1	\N	6	2018-03-29 00:00:00.000	2018-03-29 15:16:10.217
11312	4DS	18274	\N	6	\N	6	2018-03-29 00:00:00.000	2018-03-29 15:59:37.947
11313	1N9115	2814	\N	5	\N	6	2018-03-30 00:00:00.000	2018-03-30 13:30:43.597
11314	2P9015	5981	\N	6	\N	1	2018-03-30 00:00:00.000	2018-03-30 14:04:32.507
11315	1N9116	4507	\N	6	\N	6	2018-03-30 00:00:00.000	2018-03-30 14:26:41.597
11316	1S9248	18281	\N	6	\N	6	2018-03-30 00:00:00.000	2018-03-30 14:37:49.513
11317	1L9155	18282	\N	2	\N	6	2018-03-30 00:00:00.000	2018-03-30 14:48:43.123
11318	2A9037	18283	\N	6	\N	1	2018-03-30 00:00:00.000	2018-03-30 15:06:31.660
11319	4PF	12458	\N	6	\N	6	2018-03-30 00:00:00.000	2018-03-30 15:12:24.907
11320	1W9234	18284	\N	6	\N	6	2018-03-30 00:00:00.000	2018-03-30 15:26:52.940
11321	1N9096	3587	\N	6	\N	6	2018-04-02 00:00:00.000	2018-04-02 12:34:50.867
11322	1D9184	10273	\N	6	\N	6	2018-04-02 00:00:00.000	2018-04-02 15:13:58.130
11323	4B2	13143	\N	6	\N	6	2018-04-02 00:00:00.000	2018-04-02 15:58:14.753
11324	1W9137	18292	\N	6	\N	6	2018-04-02 00:00:00.000	2018-04-02 16:10:19.420
11325	1U9038	18293	\N	6	\N	6	2018-04-02 00:00:00.000	2018-04-02 16:20:57.307
11326	48L	12995	\N	10	\N	6	2018-04-02 00:00:00.000	2018-04-02 16:25:50.027
11327	1B9166	18296	\N	6	\N	6	2018-04-03 00:00:00.000	2018-04-03 10:48:53.127
11328	1J9278	5289	\N	6	\N	6	2018-04-03 00:00:00.000	2018-04-03 10:53:54.940
11329	1D9152	18297	\N	6	\N	6	2018-04-03 00:00:00.000	2018-04-03 11:04:16.617
11330	47N	18298	\N	6	\N	6	2018-04-03 00:00:00.000	2018-04-03 11:09:44.780
11331	48E	18299	\N	6	\N	6	2018-04-03 00:00:00.000	2018-04-03 11:17:09.677
11332	1G9103	18300	\N	6	\N	6	2018-04-03 00:00:00.000	2018-04-03 12:26:53.977
11333	1C9389	3493	\N	6	\N	6	2018-04-03 00:00:00.000	2018-04-03 12:30:32.300
11334	1C9392	18301	\N	6	\N	6	2018-04-03 00:00:00.000	2018-04-03 13:29:32.273
11335	1M9327	18302	\N	6	\N	6	2018-04-03 00:00:00.000	2018-04-03 14:09:00.653
11336	1M9308	18303	\N	6	\N	6	2018-04-03 00:00:00.000	2018-04-03 14:24:46.203
11337	47T	18291	\N	6	\N	6	2018-04-03 00:00:00.000	2018-04-03 14:51:03.427
11338	1T9227	18304	\N	6	\N	6	2018-04-03 00:00:00.000	2018-04-03 15:20:54.747
11339	1H9163	18305	\N	6	\N	6	2018-04-03 00:00:00.000	2018-04-03 15:46:28.730
11340	1T9199	3395	\N	6	\N	6	2018-04-03 00:00:00.000	2018-04-03 15:53:28.043
11341	1B9220	18306	\N	6	\N	6	2018-04-03 00:00:00.000	2018-04-03 16:07:03.143
11342	1E9097	18307	\N	6	\N	6	2018-04-03 00:00:00.000	2018-04-03 16:12:19.747
11343	7JV	18267	\N	6	\N	6	2018-04-04 00:00:00.000	2018-04-04 11:55:22.120
11344	4A9091	18268	\N	6	\N	6	2018-04-04 00:00:00.000	2018-04-04 12:06:47.773
11345	7JW	18266	\N	6	\N	6	2018-04-04 00:00:00.000	2018-04-04 12:14:20.097
11346	1F9491	18205	\N	6	\N	6	2018-04-04 00:00:00.000	2018-04-04 12:28:17.800
11347	1J9472	18211	\N	6	\N	6	2018-04-04 00:00:00.000	2018-04-04 12:44:35.627
11348	1W9603	16870	\N	6	\N	6	2018-04-04 00:00:00.000	2018-04-04 12:52:06.733
11349	1C9353	18310	\N	6	\N	6	2018-04-04 00:00:00.000	2018-04-04 14:23:07.167
11350	491	18311	\N	6	\N	6	2018-04-04 00:00:00.000	2018-04-04 15:04:24.123
11351	487	18312	\N	6	\N	6	2018-04-04 00:00:00.000	2018-04-04 15:09:31.630
11352	1M9341	16993	\N	6	\N	6	2018-04-04 00:00:00.000	2018-04-04 15:26:58.690
11353	1W9138	18314	\N	6	\N	6	2018-04-04 00:00:00.000	2018-04-04 15:34:02.167
11354	1U9029	10286	\N	6	\N	6	2018-04-04 00:00:00.000	2018-04-04 15:46:47.690
11355	1C9369	18315	\N	2	\N	6	2018-04-04 00:00:00.000	2018-04-04 16:24:47.947
11356	1E9013	3960	\N	6	\N	6	2018-04-05 00:00:00.000	2018-04-05 10:18:39.197
11357	1E9014	3960	\N	10	\N	6	2018-04-05 00:00:00.000	2018-04-05 10:18:54.780
11358	1D9110	18317	\N	6	\N	6	2018-04-05 00:00:00.000	2018-04-05 10:40:40.300
11359	1K9007	13554	\N	6	\N	6	2018-04-05 00:00:00.000	2018-04-05 11:40:13.300
11360	1K9008	13554	\N	6	\N	6	2018-04-05 00:00:00.000	2018-04-05 11:40:26.043
11361	1K9062	13554	\N	6	\N	6	2018-04-05 00:00:00.000	2018-04-05 11:40:40.053
11362	401	18318	\N	6	\N	6	2018-04-05 00:00:00.000	2018-04-05 11:56:12.547
11363	1DY	18319	\N	6	\N	6	2018-04-05 00:00:00.000	2018-04-05 12:46:20.777
11364	1M9258	18320	\N	6	\N	6	2018-04-05 00:00:00.000	2018-04-05 13:30:40.800
11365	2K9013	18321	\N	6	\N	1	2018-04-05 00:00:00.000	2018-04-05 14:34:34.473
11366	171	18322	\N	6	\N	6	2018-04-05 00:00:00.000	2018-04-05 15:05:59.660
11367	421	17704	\N	6	\N	6	2018-04-05 00:00:00.000	2018-04-05 16:16:45.053
11368	4B9120	15167	\N	1	\N	6	2018-04-06 00:00:00.000	2018-04-06 08:37:25.203
11369	1P9114	18324	\N	6	\N	6	2018-04-06 00:00:00.000	2018-04-06 11:03:07.037
11370	1XA	2717	\N	2	\N	6	2018-04-06 00:00:00.000	2018-04-06 11:20:35.750
11371	1F9063	18325	\N	6	\N	6	2018-04-06 00:00:00.000	2018-04-06 11:48:32.067
11372	41Z	18327	\N	6	\N	6	2018-04-06 00:00:00.000	2018-04-06 12:24:34.247
11373	42F	18328	\N	6	\N	6	2018-04-06 00:00:00.000	2018-04-06 13:00:07.613
11374	SA9004	22205	\N	2	\N	5	2018-04-06 00:00:00.000	2026-07-14 17:07:56.453
11375	2S9009	18330	\N	6	\N	6	2018-04-06 00:00:00.000	2018-04-06 14:15:47.580
11376	1F9072	6919	\N	6	\N	6	2018-04-06 00:00:00.000	2018-04-06 14:50:40.213
11377	1P9807	18257	\N	6	\N	6	2018-04-09 00:00:00.000	2018-04-09 12:53:59.133
11378	45G	18336	\N	6	\N	6	2018-04-09 00:00:00.000	2018-04-09 13:08:26.777
11379	1M9316	18337	\N	6	\N	6	2018-04-09 00:00:00.000	2018-04-09 16:01:41.963
11380	1B9178	18338	\N	6	\N	6	2018-04-09 00:00:00.000	2018-04-09 16:12:46.197
11381	47K	18339	\N	6	\N	6	2018-04-09 00:00:00.000	2018-04-09 16:25:23.297
11382	3M9084	15203	\N	6	\N	12	2018-04-10 00:00:00.000	2018-04-10 09:35:43.727
11383	435	18136	\N	6	\N	6	2018-04-10 00:00:00.000	2018-04-10 11:15:19.317
11384	43N	18349	\N	10	\N	6	2018-04-10 00:00:00.000	2018-04-10 11:49:59.890
11385	1B9187	18350	\N	6	\N	6	2018-04-10 00:00:00.000	2018-04-10 11:57:14.680
11386	46E	5498	\N	6	\N	6	2018-04-10 00:00:00.000	2018-04-10 13:51:15.837
11387	46F	18351	\N	10	\N	6	2018-04-10 00:00:00.000	2018-04-10 14:22:14.533
11388	1T9187	18352	\N	6	\N	6	2018-04-10 00:00:00.000	2018-04-10 14:39:57.987
11389	48K	5377	\N	6	\N	6	2018-04-10 00:00:00.000	2018-04-10 15:39:37.507
11390	1R9137	18353	\N	6	\N	6	2018-04-10 00:00:00.000	2018-04-10 16:07:59.970
11391	1H9162	18354	\N	6	\N	6	2018-04-10 00:00:00.000	2018-04-10 16:13:48.803
11392	1F9493	18331	\N	6	\N	6	2018-04-11 00:00:00.000	2018-04-11 12:00:25.893
11393	1N9383	18080	\N	6	\N	6	2018-04-11 00:00:00.000	2018-04-11 12:13:15.643
11394	1H9011	5191	\N	6	\N	6	2018-04-11 00:00:00.000	2018-04-11 12:17:34.357
11395	1K9384	18357	\N	6	\N	6	2018-04-11 00:00:00.000	2018-04-11 12:30:32.423
11396	4A9081	18343	\N	6	\N	6	2018-04-11 00:00:00.000	2018-04-11 12:45:17.367
11397	493	18358	\N	6	\N	6	2018-04-11 00:00:00.000	2018-04-11 14:22:39.387
11398	1R9177	18360	\N	6	\N	6	2018-04-11 00:00:00.000	2018-04-11 15:17:32.023
11399	1S9391	17077	\N	3	2	6	2018-04-11 00:00:00.000	2020-01-13 11:58:55.050
11401	1C9005	18362	\N	6	\N	6	2018-04-11 00:00:00.000	2018-04-11 16:00:42.860
11402	1J9076	18364	\N	6	\N	6	2018-04-12 00:00:00.000	2018-04-12 11:44:36.853
11403	1NT	2918	\N	6	\N	6	2018-04-12 00:00:00.000	2018-04-12 13:57:45.563
11404	1C9334	4523	\N	10	\N	6	2018-04-12 00:00:00.000	2018-04-12 14:13:21.160
11408	1A9432	18366	\N	6	\N	6	2018-04-12 00:00:00.000	2018-04-12 15:42:26.213
11409	1S9341	18367	\N	6	\N	6	2018-04-12 00:00:00.000	2018-04-12 15:46:38.810
11410	1A9198	18369	\N	6	\N	6	2018-04-12 00:00:00.000	2018-04-12 16:01:58.430
11411	1C9418	18370	\N	6	\N	6	2018-04-12 00:00:00.000	2018-04-12 16:06:09.420
11412	1B9183	18375	\N	6	\N	6	2018-04-13 00:00:00.000	2018-04-13 11:41:16.083
11413	1C9423	18379	\N	6	\N	6	2018-04-13 00:00:00.000	2018-04-13 13:58:39.823
11414	1J9090	18380	\N	6	\N	6	2018-04-13 00:00:00.000	2018-04-13 14:03:28.580
11415	1S9337	18381	\N	5	\N	6	2018-04-13 00:00:00.000	2018-04-13 14:49:27.930
11416	40N	18135	\N	6	\N	6	2018-04-13 00:00:00.000	2018-04-13 15:26:41.510
11417	1H9624	18172	\N	6	\N	6	2018-04-16 00:00:00.000	2018-04-16 11:24:35.177
11418	4M9094	18129	\N	6	\N	6	2018-04-16 00:00:00.000	2018-04-16 11:45:15.927
11419	1E9624	18355	\N	1	\N	6	2018-04-16 00:00:00.000	2018-04-16 12:06:51.273
11420	4A9093	18397	\N	6	\N	6	2018-04-16 00:00:00.000	2018-04-16 12:15:42.847
11421	1A9165	18262	\N	6	\N	6	2018-04-16 00:00:00.000	2018-04-16 15:35:37.613
11422	LA2	18382	\N	1	\N	8	2018-04-18 00:00:00.000	2018-04-18 11:25:51.563
11423	LGA	18377	\N	3	\N	8	2018-04-18 00:00:00.000	2018-04-18 12:04:02.690
11424	4SC	18374	\N	10	\N	6	2018-04-18 00:00:00.000	2024-04-13 17:14:53.380
11425	1N9059	18368	\N	6	\N	6	2018-04-18 00:00:00.000	2018-04-18 12:39:06.713
11427	4M9086	17571	\N	6	\N	6	2018-04-19 00:00:00.000	2018-04-19 14:51:45.117
11428	4A9095	18407	\N	6	\N	6	2018-04-19 00:00:00.000	2018-04-19 15:34:41.663
11429	1F9492	18345	\N	6	\N	6	2018-04-19 00:00:00.000	2018-04-19 15:39:14.790
11430	3V9021	17971	\N	6	\N	12	2018-04-19 00:00:00.000	2018-04-19 16:01:03.337
11431	1D9812	18347	\N	6	\N	6	2018-04-19 00:00:00.000	2018-04-19 16:15:15.097
11432	4YA	18346	\N	6	\N	6	2018-04-20 00:00:00.000	2018-04-20 10:16:32.800
11433	1E9619	18342	\N	6	\N	6	2018-04-20 00:00:00.000	2018-04-20 10:39:14.323
11434	4T9301	17953	\N	1	\N	6	2018-04-20 00:00:00.000	2018-04-20 10:44:42.157
11435	1C9102	5124	\N	5	\N	6	2018-04-23 00:00:00.000	2018-04-23 16:03:23.993
11436	4S9484	18309	\N	6	\N	6	2018-04-24 00:00:00.000	2018-04-24 17:25:28.253
11437	4B9184	18421	\N	6	\N	6	2018-04-25 00:00:00.000	2018-04-25 09:35:39.927
11438	1G9549	18422	\N	6	\N	6	2018-04-26 00:00:00.000	2018-04-26 11:41:49.267
11439	1N9354	17946	\N	6	\N	6	2018-04-26 00:00:00.000	2018-04-26 16:17:43.407
11440	4M9097	18424	\N	6	\N	6	2018-04-27 00:00:00.000	2018-04-27 11:08:30.423
11441	1Z9565	18426	\N	6	\N	6	2018-04-30 00:00:00.000	2018-04-30 11:21:13.757
11442	1C9876	5686	\N	6	\N	6	2018-04-30 00:00:00.000	2018-04-30 15:56:31.237
11443	1C9292	18316	\N	6	\N	6	2018-05-02 00:00:00.000	2018-05-02 14:52:42.723
11444	1EM	12936	\N	6	\N	6	2018-05-03 00:00:00.000	2018-05-03 11:14:45.973
11445	2EM	12936	\N	6	\N	1	2018-05-03 00:00:00.000	2018-05-03 11:15:08.280
11446	1EL	12936	\N	6	\N	6	2018-05-03 00:00:00.000	2018-05-03 13:03:15.300
11447	2EL	12936	\N	6	\N	1	2018-05-03 00:00:00.000	2018-05-03 13:03:31.527
11448	4A9097	18429	\N	6	\N	6	2018-05-03 00:00:00.000	2018-05-03 13:48:17.100
11449	4M9096	18430	\N	6	\N	6	2018-05-03 00:00:00.000	2018-05-03 14:10:29.687
11450	LBU	18411	\N	1	\N	8	2018-05-03 00:00:00.000	2018-05-03 15:31:34.227
11451	1J9092	18372	\N	6	\N	6	2018-05-08 00:00:00.000	2018-05-08 14:21:31.390
11452	4C9509	18410	\N	6	\N	6	2018-05-08 00:00:00.000	2018-05-08 14:49:43.573
11453	1R9867	18440	\N	6	\N	6	2018-05-08 00:00:00.000	2018-05-08 15:03:26.240
11454	4A9073	12109	\N	6	\N	6	2018-05-08 00:00:00.000	2018-05-08 15:36:06.413
11455	2SF	16005	\N	6	\N	1	2018-05-09 00:00:00.000	2018-05-09 10:41:58.263
11456	4B9185	18442	\N	1	\N	6	2018-05-10 00:00:00.000	2018-05-10 14:04:19.753
11457	4A9098	18452	\N	1	\N	6	2018-05-10 00:00:00.000	2018-05-10 14:14:29.060
11458	LDU	17686	\N	1	\N	8	2018-05-11 00:00:00.000	2022-03-29 13:19:53.803
11459	R2F	17691	\N	1	\N	57	2018-05-11 00:00:00.000	2023-09-07 09:21:17.900
11460	4A9099	18462	\N	6	\N	6	2018-05-15 00:00:00.000	2018-05-15 15:11:50.030
11461	1W9616	18461	\N	6	\N	6	2018-05-15 00:00:00.000	2018-05-15 15:25:55.753
11462	4B9186	18332	\N	6	\N	6	2018-05-15 00:00:00.000	2018-05-15 15:43:51.437
11463	1N9384	18454	\N	5	\N	6	2018-05-15 00:00:00.000	2018-05-15 15:54:05.127
11464	1L9571	18457	\N	9	\N	6	2018-05-15 00:00:00.000	2018-05-15 16:01:55.157
11465	6K9314	18406	\N	6	\N	14	2018-05-15 00:00:00.000	2018-05-15 16:06:01.903
11466	4T9309	18425	\N	6	\N	6	2018-05-15 00:00:00.000	2018-05-15 16:09:28.353
11467	3A9258	18384	\N	6	\N	12	2018-05-15 00:00:00.000	2018-05-15 16:17:00.317
11468	4T9308	18289	\N	6	\N	6	2018-05-16 00:00:00.000	2018-05-16 13:14:48.280
11469	4B9183	18467	\N	6	\N	6	2018-05-17 00:00:00.000	2018-05-17 11:18:49.547
11470	1W9566	14958	\N	6	\N	6	2018-05-17 00:00:00.000	2018-05-17 11:37:41.157
11471	7HV	18469	\N	6	\N	6	2018-05-17 00:00:00.000	2019-09-11 13:34:20.480
11472	R2H	17691	\N	9	\N	8	2018-05-18 00:00:00.000	2018-05-18 11:24:15.620
11473	1J9471	18478	\N	6	\N	6	2018-05-22 00:00:00.000	2018-05-22 12:04:04.890
11474	1R9868	18472	\N	6	\N	6	2018-05-22 00:00:00.000	2018-05-22 12:48:17.050
11475	SEG	16747	\N	3	\N	5	2018-05-22 00:00:00.000	2018-05-22 15:48:42.987
11476	1D9791	16070	\N	3	\N	6	2018-05-22 00:00:00.000	2024-05-28 14:55:28.600
11477	WB3	972	\N	1	\N	2	2018-05-24 00:00:00.000	2025-08-06 11:33:55.650
11478	1E9616	16271	\N	3	\N	6	2018-05-24 00:00:00.000	2018-05-24 14:48:40.303
11479	1MD	3805	\N	6	\N	6	2018-05-24 00:00:00.000	2018-05-24 15:17:37.477
11480	1M9992	18482	\N	1	\N	6	2018-05-25 00:00:00.000	2018-05-25 15:14:52.180
11481	WHR	17969	\N	6	\N	6	2018-05-25 00:00:00.000	2018-05-25 15:24:20.927
11482	1P9808	18485	\N	6	\N	6	2018-05-29 00:00:00.000	2018-05-29 12:59:20.570
11483	1P9810	15681	\N	6	\N	6	2018-05-29 00:00:00.000	2018-05-29 13:31:14.130
11484	1J9474	18501	\N	6	\N	6	2018-05-30 00:00:00.000	2018-05-30 15:26:08.830
11485	1Z9523	15711	\N	6	\N	6	2018-05-30 00:00:00.000	2018-05-30 15:30:55.433
11486	4T9307	18408	\N	6	\N	6	2018-05-30 00:00:00.000	2018-05-30 15:42:50.773
11487	4B9167	18479	\N	6	\N	6	2018-05-30 00:00:00.000	2018-05-30 15:54:26.987
11488	1H9669	18505	\N	6	\N	6	2018-05-31 00:00:00.000	2018-05-31 14:25:50.297
11489	4B9188	18509	\N	6	\N	6	2018-05-31 00:00:00.000	2018-05-31 15:20:26.303
11490	4T9265	18513	\N	6	\N	6	2018-06-04 00:00:00.000	2018-06-04 11:58:08.387
11491	4M9098	18420	\N	6	\N	6	2018-06-05 00:00:00.000	2018-06-05 11:04:14.037
11492	3F9060	18507	\N	6	\N	12	2018-06-05 00:00:00.000	2021-04-30 10:07:49.580
11493	4C9514	18515	\N	6	\N	6	2018-06-05 00:00:00.000	2018-06-06 13:40:59.030
11494	4C9515	18427	\N	6	\N	6	2018-06-06 00:00:00.000	2018-06-06 13:45:42.327
11495	7HT	17276	\N	2	\N	6	2018-06-06 00:00:00.000	2018-06-06 14:46:40.610
11496	4B9190	18475	\N	6	\N	6	2018-06-12 00:00:00.000	2018-06-12 13:27:39.580
11497	53R	7199	\N	9	\N	6	2018-06-12 00:00:00.000	2018-06-12 14:31:19.637
11498	1Z9566	18524	\N	6	\N	6	2018-06-12 00:00:00.000	2018-06-12 14:57:08.533
11499	1C9742	2144	\N	5	\N	6	2018-06-15 00:00:00.000	2018-06-15 11:21:29.980
11500	1P9812	18536	\N	6	\N	6	2018-06-15 00:00:00.000	2018-06-15 13:15:05.023
11501	1J9478	18535	\N	6	\N	6	2018-06-15 00:00:00.000	2018-06-15 13:36:37.143
11502	4C9516	18537	\N	1	\N	6	2018-06-15 00:00:00.000	2018-06-15 14:08:45.260
11503	3M9087	18528	\N	6	\N	12	2018-06-20 00:00:00.000	2018-06-20 13:57:09.310
11504	4T9029	18538	\N	6	\N	6	2018-06-20 00:00:00.000	2018-06-20 15:41:30.540
11505	4B9181	18323	\N	6	\N	6	2018-06-20 00:00:00.000	2018-06-20 15:50:49.830
11506	1V9223	18510	\N	6	\N	6	2018-06-20 00:00:00.000	2018-06-20 15:59:16.050
11507	1F9497	18516	\N	6	\N	6	2018-06-22 00:00:00.000	2018-06-22 13:18:12.417
11508	1K9385	18558	\N	6	\N	6	2018-06-22 00:00:00.000	2018-06-22 13:54:52.410
11509	1D9824	18564	\N	6	\N	6	2018-06-27 00:00:00.000	2018-06-27 13:46:30.390
11510	4B9068	18562	\N	6	\N	6	2018-06-27 00:00:00.000	2018-06-27 14:31:24.530
11511	4B9191	18555	\N	6	\N	6	2018-06-28 00:00:00.000	2018-06-28 13:04:06.900
11512	1D9823	18574	\N	6	\N	6	2018-06-28 00:00:00.000	2018-06-28 13:22:17.170
11513	7JY	1636	\N	6	\N	6	2018-06-29 00:00:00.000	2018-06-29 12:12:51.070
11514	1R9865	18576	\N	1	\N	6	2018-06-29 00:00:00.000	2018-06-29 12:30:57.770
11515	1R9864	18576	\N	6	\N	6	2018-06-29 00:00:00.000	2018-06-29 12:31:18.877
11516	1R9869	18576	\N	7	\N	6	2018-06-29 00:00:00.000	2018-06-29 12:33:18.903
11517	1U9172	18580	\N	6	\N	6	2018-07-26 00:00:00.000	2018-07-26 14:40:13.140
11518	4B9192	18579	\N	6	\N	6	2018-07-26 00:00:00.000	2018-07-26 15:00:49.753
11519	4T9311	18578	\N	6	\N	6	2018-07-26 00:00:00.000	2018-07-26 15:33:29.570
11520	1E9629	18582	\N	6	\N	6	2018-07-26 00:00:00.000	2018-07-26 15:39:11.850
11521	4T9310	18519	\N	6	\N	6	2018-07-26 00:00:00.000	2018-07-26 15:44:15.317
11522	3S9019	18572	\N	6	\N	12	2018-07-26 00:00:00.000	2018-07-26 15:48:14.777
11523	4A9013	18583	\N	6	\N	6	2018-07-26 00:00:00.000	2018-07-26 15:52:28.950
11524	4T9312	18581	\N	6	\N	6	2018-07-26 00:00:00.000	2018-07-26 15:55:44.840
11525	1R9871	18566	\N	6	\N	6	2018-07-26 00:00:00.000	2018-07-26 16:03:17.303
11526	7K2	11917	\N	6	\N	6	2018-07-26 00:00:00.000	2018-07-26 16:07:06.980
11527	4S9492	18577	\N	6	\N	6	2018-07-26 00:00:00.000	2018-07-26 16:10:42.887
11528	1P9809	18511	\N	6	\N	6	2018-07-26 00:00:00.000	2018-07-26 16:16:05.573
11529	1D9796	16144	\N	6	\N	6	2018-07-26 00:00:00.000	2018-07-26 16:19:49.917
11530	1D9825	18591	\N	6	\N	6	2018-07-26 00:00:00.000	2018-07-26 16:24:42.103
11531	1Z9569	18605	\N	6	\N	6	2018-07-26 00:00:00.000	2018-07-26 16:27:43.750
11532	1R9859	18595	\N	6	\N	6	2018-07-26 00:00:00.000	2018-07-26 16:32:05.567
11533	4M9101	18616	\N	6	\N	6	2018-07-30 00:00:00.000	2018-07-30 14:27:50.183
11534	4S9454	16928	\N	2	\N	6	2018-07-30 00:00:00.000	2018-11-27 09:36:22.570
11535	1V9218	16431	\N	3	\N	6	2018-07-30 00:00:00.000	2018-07-30 15:22:32.227
11536	1Z9058	18540	\N	6	\N	6	2018-07-30 00:00:00.000	2018-07-30 15:28:29.967
11537	7G0	18617	\N	7	\N	6	2018-07-30 00:00:00.000	2018-07-30 15:46:08.757
11538	1F9494	18598	\N	6	\N	6	2018-07-30 00:00:00.000	2018-07-30 15:56:51.587
11539	2MW	18618	\N	6	\N	1	2018-07-30 00:00:00.000	2018-07-30 16:08:11.310
11540	1J9480	18614	\N	5	\N	6	2018-07-31 00:00:00.000	2018-07-31 15:20:40.953
11541	4M9102	18608	\N	6	\N	6	2018-07-31 00:00:00.000	2018-07-31 16:01:38.740
11542	1E9617	18597	\N	3	\N	6	2018-07-31 00:00:00.000	2024-04-02 10:27:23.100
11543	2EZ	16852	\N	1	\N	1	2018-08-02 00:00:00.000	2018-08-02 15:23:57.303
11544	7K4	18634	\N	6	\N	6	2018-08-02 00:00:00.000	2018-08-02 15:56:48.740
11545	1R9873	18630	\N	6	\N	6	2018-08-02 00:00:00.000	2018-08-02 16:03:09.927
11546	1E9627	18632	\N	6	\N	6	2018-08-03 00:00:00.000	2018-08-03 10:55:56.407
11547	LN4	18531	\N	1	\N	6	2018-08-03 00:00:00.000	2018-08-03 11:38:24.313
11548	1K9349	18635	\N	6	\N	6	2018-08-03 00:00:00.000	2018-08-03 14:30:14.760
11549	4S9491	18642	\N	6	\N	6	2018-08-03 00:00:00.000	2018-08-03 14:38:02.933
11550	7G6	15862	\N	7	\N	6	2018-08-06 00:00:00.000	2018-08-06 16:07:04.783
11551	1P9816	18651	\N	6	\N	6	2018-08-07 00:00:00.000	2018-08-07 11:59:16.900
11552	4M9103	18621	\N	6	\N	6	2018-08-07 00:00:00.000	2018-08-07 15:03:16.493
11553	7JR	1006	\N	2	\N	6	2018-08-08 00:00:00.000	2018-08-08 11:55:53.587
11554	4M9104	18623	\N	6	\N	6	2018-08-08 00:00:00.000	2018-08-08 13:20:19.103
11555	1K9386	18636	\N	6	\N	6	2018-08-08 00:00:00.000	2018-08-08 13:34:20.850
11556	1H9727	18652	\N	6	\N	6	2018-08-08 00:00:00.000	2018-08-08 14:00:24.723
11557	ZPB	14379	\N	7	\N	6	2018-08-09 00:00:00.000	2018-08-09 11:07:21.467
11558	LUJ	18532	\N	1	\N	8	2018-08-09 00:00:00.000	2019-12-30 14:25:31.000
11559	LC4	18570	\N	1	\N	8	2018-08-10 00:00:00.000	2018-08-10 10:58:25.950
11560	4A9105	18649	\N	6	\N	6	2018-08-10 00:00:00.000	2018-08-10 12:39:28.497
11561	1G9555	18575	\N	6	\N	6	2018-08-10 00:00:00.000	2018-08-10 16:01:42.510
11562	1Z9571	18660	\N	6	\N	6	2018-08-13 00:00:00.000	2018-08-13 15:24:34.127
11563	4A9101	18539	\N	6	\N	6	2018-08-15 00:00:00.000	2018-08-15 11:48:32.227
11564	1F9477	18667	\N	6	\N	6	2018-08-15 00:00:00.000	2018-08-15 12:05:24.637
11565	4S9447	18230	\N	6	\N	6	2018-08-17 00:00:00.000	2018-08-17 15:45:23.237
11566	1G9553	18665	\N	6	\N	6	2018-08-17 00:00:00.000	2018-08-17 15:48:37.567
11567	R3B	18648	\N	1	\N	8	2018-08-20 00:00:00.000	2018-08-20 13:02:16.073
11568	3S9097	14898	\N	6	\N	6	2018-08-20 00:00:00.000	2018-08-20 13:26:06.363
11569	4C9522	18512	\N	6	\N	6	2018-08-21 00:00:00.000	2018-08-21 10:58:10.090
11570	4S9494	18679	\N	6	\N	6	2018-08-21 00:00:00.000	2018-08-21 11:04:28.970
11571	4M9108	18650	\N	6	\N	6	2018-08-22 00:00:00.000	2018-08-22 13:33:07.117
11572	1J9476	18680	\N	6	\N	6	2018-08-22 00:00:00.000	2018-08-22 13:50:00.510
11573	1G9557	18681	\N	9	\N	6	2018-08-22 00:00:00.000	2019-10-16 13:36:12.183
11574	4B9161	18682	\N	6	\N	6	2018-08-23 00:00:00.000	2018-08-23 11:17:34.477
11575	4M9107	18669	\N	6	\N	6	2018-08-24 00:00:00.000	2018-08-24 14:18:09.310
11576	1N9174	3588	\N	6	\N	6	2018-08-24 00:00:00.000	2018-08-24 14:24:36.237
11577	1P9817	18687	\N	6	\N	6	2018-08-27 00:00:00.000	2018-08-27 12:00:35.883
11578	1N9386	18686	\N	6	\N	6	2018-08-27 00:00:00.000	2018-08-27 12:24:15.330
11579	4T9316	18689	\N	6	\N	6	2018-08-28 00:00:00.000	2022-09-06 15:59:56.450
11580	56V	18690	\N	6	\N	6	2018-09-04 00:00:00.000	2024-11-12 15:03:32.053
11581	1C9040	2020	\N	6	\N	6	2018-09-04 00:00:00.000	2018-09-04 15:11:41.620
11582	4S9496	18671	\N	9	\N	6	2018-09-07 00:00:00.000	2018-09-07 13:49:26.377
11583	7K1	18701	\N	6	\N	6	2018-09-07 00:00:00.000	2018-09-07 14:22:12.293
11584	4WW	11681	\N	6	\N	6	2018-09-11 00:00:00.000	2018-09-11 12:16:58.883
11585	7KE	22033	\N	6	\N	6	2018-09-14 00:00:00.000	2025-05-20 16:39:22.157
11586	7KC	22033	\N	6	\N	6	2018-09-14 00:00:00.000	2025-05-20 16:40:00.200
11587	7KA	22033	\N	6	\N	6	2018-09-14 00:00:00.000	2025-05-20 16:40:45.680
11588	7K6	22033	\N	6	\N	6	2018-09-14 00:00:00.000	2025-05-20 16:41:23.587
11589	7K5	22033	\N	6	\N	6	2018-09-14 00:00:00.000	2025-05-20 16:34:13.987
11590	7K8	22033	\N	6	\N	6	2018-09-14 00:00:00.000	2025-05-20 16:35:25.157
11591	7KB	22033	\N	6	\N	6	2018-09-14 00:00:00.000	2025-05-20 16:36:19.043
11592	4T9314	18713	\N	6	\N	6	2018-09-14 00:00:00.000	2018-09-14 15:34:31.650
11593	7KD	22033	\N	6	\N	6	2018-09-20 00:00:00.000	2025-05-20 16:37:25.540
11594	4C9520	18709	\N	6	\N	6	2018-09-20 00:00:00.000	2018-09-20 14:25:01.783
11595	1Z9086	18748	\N	6	\N	6	2018-09-20 00:00:00.000	2018-09-20 14:30:59.287
11596	1W9619	18738	\N	6	\N	6	2018-09-20 00:00:00.000	2018-09-20 14:43:33.627
11597	1L9584	18728	\N	6	\N	6	2018-09-20 00:00:00.000	2018-09-20 15:38:18.493
11598	1U9173	18751	\N	6	\N	6	2018-09-21 00:00:00.000	2018-09-21 13:09:40.757
11599	1P9297	18749	\N	6	\N	6	2018-09-21 00:00:00.000	2018-09-21 13:18:49.923
11600	1J9482	18715	\N	9	\N	6	2018-09-21 00:00:00.000	2019-10-16 12:56:21.013
11601	3JB	24129	\N	1	\N	12	2018-09-21 00:00:00.000	2025-04-17 11:14:55.143
11602	6K9502	18489	\N	6	\N	14	2018-09-21 00:00:00.000	2018-09-21 14:55:04.710
11603	L5R	18704	\N	1	\N	8	2018-09-21 00:00:00.000	2018-09-21 16:03:08.003
11604	4B9194	18753	\N	6	\N	6	2018-09-24 00:00:00.000	2018-09-24 12:40:25.263
11605	1J9484	18754	\N	6	\N	6	2018-10-03 00:00:00.000	2018-10-03 16:23:49.143
11606	1L9033	2705	\N	6	\N	6	2018-10-04 00:00:00.000	2018-10-04 14:04:52.337
11607	4M9110	18752	\N	6	\N	6	2018-10-04 00:00:00.000	2018-10-04 14:34:23.953
11608	1F9500	18759	\N	6	\N	6	2018-10-04 00:00:00.000	2018-10-04 14:50:53.307
11609	1Z9570	18702	\N	6	\N	6	2018-10-04 00:00:00.000	2018-10-04 15:18:07.877
11610	7KG	12126	\N	1	\N	6	2018-10-04 00:00:00.000	2018-10-04 15:22:21.737
11611	4C9029	9770	\N	6	\N	6	2018-10-09 00:00:00.000	2018-10-09 14:41:10.637
11612	4M9105	6985	\N	10	\N	6	2018-10-09 00:00:00.000	2018-10-09 15:02:29.667
11613	1L9585	18729	\N	6	\N	6	2018-10-09 00:00:00.000	2018-10-09 15:08:21.433
11614	3PC	997	\N	7	\N	12	2018-10-10 00:00:00.000	2020-10-21 17:31:19.987
11615	4A9106	18770	\N	6	\N	6	2018-10-10 00:00:00.000	2018-10-10 16:03:30.887
11616	1E9625	18771	\N	6	\N	6	2018-10-10 00:00:00.000	2018-10-10 16:09:08.800
11617	3A0	18727	\N	6	\N	12	2018-10-10 00:00:00.000	2018-10-10 16:23:20.607
11618	4C9508	18773	\N	6	\N	6	2018-10-11 00:00:00.000	2018-10-11 13:42:44.670
11619	7JZ	1674	\N	5	\N	6	2018-10-11 00:00:00.000	2018-10-11 14:55:18.013
11620	4T9322	18777	\N	6	\N	6	2018-10-15 00:00:00.000	2018-10-15 13:40:09.060
11621	1J9486	13782	\N	6	\N	6	2018-10-16 00:00:00.000	2018-11-26 14:47:25.923
11622	1R9877	18778	\N	6	\N	6	2018-10-19 00:00:00.000	2018-10-19 10:56:52.047
11623	3NK	15763	\N	10	\N	12	2018-10-19 00:00:00.000	2018-10-19 12:06:29.110
11624	3XK	15763	\N	3	2	12	2018-10-23 00:00:00.000	2018-10-23 16:19:08.923
11625	7KL	7136	\N	6	\N	6	2018-10-24 00:00:00.000	2018-10-24 11:10:27.880
11626	2A9198	6071	\N	5	\N	1	2018-10-24 00:00:00.000	2018-10-24 11:13:02.677
11627	4A9111	18787	\N	6	\N	6	2018-10-24 00:00:00.000	2018-10-24 14:21:49.233
11628	1E9631	18782	\N	6	\N	6	2018-10-25 00:00:00.000	2018-10-25 11:49:29.307
11629	4T9320	18796	\N	6	\N	6	2018-10-26 00:00:00.000	2018-10-26 11:44:39.070
11630	1Z9577	18790	\N	6	\N	6	2018-10-30 00:00:00.000	2018-10-30 11:14:53.403
11631	1Z9574	18788	\N	6	\N	6	2018-10-30 00:00:00.000	2018-10-30 11:19:01.943
11632	1F9501	18563	\N	6	\N	6	2018-10-30 00:00:00.000	2018-10-30 11:23:28.220
11633	4M9111	18800	\N	6	\N	6	2018-10-31 00:00:00.000	2018-10-31 14:06:00.130
11634	1J9487	18747	\N	1	\N	6	2018-10-31 00:00:00.000	2018-10-31 14:12:29.410
11635	1R9879	18799	\N	6	\N	6	2018-11-05 00:00:00.000	2018-11-05 11:44:31.093
11636	4A9112	18805	\N	6	\N	6	2018-11-05 00:00:00.000	2018-11-05 12:35:54.020
11637	LA9HZG	17428	\N	7	\N	8	2018-11-05 00:00:00.000	2018-11-05 16:32:05.007
11638	4M9083	18807	\N	6	\N	6	2018-11-05 00:00:00.000	2018-11-05 17:43:20.113
11639	1N9385	18808	\N	9	\N	6	2018-11-06 00:00:00.000	2018-11-06 16:20:57.780
11640	1G9554	18810	\N	6	\N	6	2018-11-12 00:00:00.000	2018-11-12 15:45:58.267
11641	1F9503	18801	\N	6	\N	6	2018-11-13 00:00:00.000	2018-11-13 11:35:35.210
11642	4A9074	18804	\N	6	\N	6	2018-11-14 00:00:00.000	2018-11-14 14:34:36.767
11643	2G9100	15649	\N	6	\N	1	2018-11-16 00:00:00.000	2018-11-16 14:29:27.137
11644	4S9410	18829	\N	6	\N	6	2018-11-16 00:00:00.000	2018-11-16 15:38:30.397
11645	54F	11071	\N	10	\N	6	2018-11-20 00:00:00.000	2018-11-20 11:00:32.397
11646	4S9503	18818	\N	6	\N	6	2018-11-20 00:00:00.000	2018-11-20 12:05:27.773
11647	1H9731	18832	\N	6	\N	6	2018-11-26 00:00:00.000	2018-11-26 13:59:28.530
11648	1V9225	18837	\N	6	\N	6	2018-11-26 00:00:00.000	2018-11-26 14:03:09.753
11649	4T9325	18596	\N	6	\N	6	2018-11-28 00:00:00.000	2018-11-28 14:30:08.717
11650	4A9062	18830	\N	6	\N	6	2018-11-28 00:00:00.000	2018-11-28 14:32:57.057
11651	4S9505	18842	\N	6	\N	6	2018-11-28 00:00:00.000	2018-11-28 14:37:57.527
11652	7KS	18843	\N	6	\N	6	2018-11-29 00:00:00.000	2018-11-29 14:26:04.900
11653	1W7	17621	\N	6	\N	6	2018-12-03 00:00:00.000	2020-06-15 15:36:52.473
11654	3EL	18817	\N	6	\N	12	2018-12-13 00:00:00.000	2019-07-16 11:56:55.590
11655	4T9326	18828	\N	6	\N	6	2018-12-14 00:00:00.000	2018-12-14 11:52:50.057
11656	7KU	9388	\N	6	\N	6	2018-12-14 00:00:00.000	2018-12-14 11:57:54.930
11657	4T9328	18848	\N	6	\N	6	2018-12-18 00:00:00.000	2018-12-18 13:59:37.300
11658	4C9518	18850	\N	6	\N	6	2018-12-18 00:00:00.000	2018-12-18 14:11:32.873
11659	4T9321	18772	\N	6	\N	6	2018-12-18 00:00:00.000	2018-12-18 14:48:47.577
11660	1Z9560	18840	\N	6	\N	6	2018-12-18 00:00:00.000	2018-12-18 16:10:13.397
11661	1R9755	11071	\N	6	\N	6	2018-12-19 00:00:00.000	2018-12-19 11:13:43.983
11662	WBC	18822	\N	1	\N	2	2018-12-19 00:00:00.000	2020-01-13 09:59:44.850
11663	1J9349	18833	\N	6	\N	6	2018-12-19 00:00:00.000	2018-12-19 16:11:40.510
11664	4A9113	17223	\N	6	\N	6	2018-12-20 00:00:00.000	2020-02-12 12:47:35.813
11665	R1N	18836	\N	1	\N	8	2018-12-20 00:00:00.000	2018-12-20 14:59:39.663
11666	1E9633	18888	\N	6	\N	6	2019-01-30 00:00:00.000	2019-01-30 15:49:17.097
11667	4C9536	18903	\N	6	\N	6	2019-01-30 00:00:00.000	2019-01-30 15:54:46.740
11668	1L9588	18880	\N	6	\N	6	2019-01-31 00:00:00.000	2019-01-31 12:02:30.410
11669	7J3	6435	\N	6	\N	6	2019-01-31 00:00:00.000	2026-05-01 09:32:42.253
11670	1L9589	18898	\N	6	\N	6	2019-01-31 00:00:00.000	2019-01-31 12:48:15.877
11671	1K9390	18895	\N	6	\N	6	2019-01-31 00:00:00.000	2019-01-31 13:38:12.173
11672	4C9534	18901	\N	6	\N	6	2019-01-31 00:00:00.000	2019-01-31 13:51:15.870
11673	4A9115	18899	\N	6	\N	6	2019-01-31 00:00:00.000	2019-01-31 13:56:56.530
11674	7L0	18897	\N	6	\N	6	2019-01-31 00:00:00.000	2019-01-31 14:01:44.520
11675	1W9621	11713	\N	6	\N	6	2019-01-31 00:00:00.000	2019-01-31 14:25:54.310
11676	4C9533	18863	\N	6	\N	6	2019-01-31 00:00:00.000	2019-01-31 14:29:16.720
11677	1G9560	18913	\N	6	\N	6	2019-01-31 00:00:00.000	2019-01-31 14:46:19.537
11678	1L9590	18902	\N	6	\N	6	2019-01-31 00:00:00.000	2019-01-31 14:53:41.797
11679	4C9530	18887	\N	6	\N	6	2019-01-31 00:00:00.000	2019-01-31 15:10:50.463
11680	4M9116	18920	\N	6	\N	6	2019-02-01 00:00:00.000	2019-02-01 13:19:00.690
11681	4S9506	18866	\N	6	\N	6	2019-02-01 00:00:00.000	2019-02-01 13:45:56.307
11682	1V9226	18889	\N	6	\N	6	2019-02-01 00:00:00.000	2019-02-01 13:58:23.487
11683	R3J	18927	\N	1	\N	8	2019-02-01 00:00:00.000	2019-02-01 14:07:10.597
11684	7GJ	18919	\N	9	\N	6	2019-02-01 00:00:00.000	2019-02-01 14:19:53.717
11685	4B9202	18912	\N	1	\N	6	2019-02-01 00:00:00.000	2019-02-01 14:30:49.793
11686	1P9823	18909	\N	6	\N	6	2019-02-04 00:00:00.000	2019-02-04 11:14:17.633
11687	1E9634	18930	\N	6	\N	6	2019-02-04 00:00:00.000	2019-02-04 11:37:31.120
11688	4T9298	18933	\N	6	\N	6	2019-02-04 00:00:00.000	2019-02-04 15:48:50.713
11689	1B9751	18935	\N	6	\N	6	2019-02-06 00:00:00.000	2019-02-06 14:06:42.297
11690	1F9140	18409	\N	10	\N	6	2019-02-06 00:00:00.000	2021-11-15 10:46:56.617
11691	1P9813	18934	\N	6	\N	6	2019-02-08 00:00:00.000	2019-02-08 14:11:44.397
11692	7L3	8099	\N	6	\N	6	2019-02-08 00:00:00.000	2019-02-08 14:18:44.537
11693	1H9732	18939	\N	6	\N	6	2019-02-08 00:00:00.000	2019-02-08 14:24:15.197
11694	4C9537	18943	\N	6	\N	6	2019-02-11 00:00:00.000	2019-02-11 14:42:49.280
11695	1J9490	18861	\N	6	\N	6	2019-02-13 00:00:00.000	2020-09-04 12:54:04.063
11696	17Y	9060	\N	6	\N	6	2019-02-13 00:00:00.000	2019-02-13 14:09:36.820
11697	4B9203	18938	\N	6	\N	6	2019-02-14 00:00:00.000	2019-02-14 12:13:47.963
11698	7KZ	18941	\N	2	\N	6	2019-02-18 00:00:00.000	2021-03-23 17:54:13.133
11699	1B9937	18952	\N	6	\N	6	2019-02-20 00:00:00.000	2019-02-20 09:50:16.217
11700	1L9177	18948	\N	6	\N	6	2019-02-20 00:00:00.000	2019-02-20 10:14:02.653
11701	1E9372	18959	\N	6	\N	6	2019-02-22 00:00:00.000	2019-02-22 10:50:49.937
11702	1R9874	18733	\N	6	\N	6	2019-02-22 00:00:00.000	2019-02-22 12:04:17.320
11703	1D9832	18881	\N	6	\N	6	2019-02-25 00:00:00.000	2019-02-25 12:07:44.833
11704	7KF	8901	\N	6	\N	6	2019-02-25 00:00:00.000	2019-02-25 12:27:59.780
11705	2A9165	18965	\N	6	\N	1	2019-02-26 00:00:00.000	2020-08-21 17:01:54.847
11706	7KV	22033	\N	6	\N	6	2019-02-28 00:00:00.000	2025-05-20 16:38:06.183
11707	4B9207	18971	\N	6	\N	6	2019-02-28 00:00:00.000	2019-02-28 14:46:59.843
11708	1R9884	18958	\N	6	\N	6	2019-02-28 00:00:00.000	2019-02-28 15:34:35.867
11709	4A9116	18982	\N	6	\N	6	2019-03-01 00:00:00.000	2019-03-01 10:32:09.270
11710	4M9119	18973	\N	1	\N	6	2019-03-01 00:00:00.000	2019-03-01 10:37:43.767
11711	4S9512	18900	\N	6	\N	6	2019-03-01 00:00:00.000	2019-03-01 10:50:48.400
11712	4T9327	18853	\N	6	\N	6	2019-03-07 00:00:00.000	2022-07-12 13:16:54.277
11713	1H9733	18987	\N	6	\N	6	2019-03-07 00:00:00.000	2019-03-07 13:06:30.703
11714	3GH	18926	\N	6	\N	12	2019-03-07 00:00:00.000	2019-03-07 13:24:25.483
11715	4M9022	18423	\N	6	\N	6	2019-03-07 00:00:00.000	2019-03-07 14:16:09.543
11716	4T9208	18989	\N	10	\N	6	2019-03-08 00:00:00.000	2022-12-05 09:56:19.597
11717	4C9526	20627	\N	1	\N	6	2019-03-08 00:00:00.000	2021-04-26 13:34:40.150
11718	1P9827	18997	\N	1	\N	6	2019-03-11 00:00:00.000	2019-03-11 11:21:15.967
11719	4M9064	2426	\N	9	\N	6	2019-03-12 00:00:00.000	2019-03-12 10:55:08.220
11721	1D9836	19015	\N	6	\N	6	2019-03-14 00:00:00.000	2019-03-14 12:54:34.300
11722	7KR	18984	\N	6	\N	6	2019-03-14 00:00:00.000	2019-03-14 13:45:22.813
11723	4M9120	19002	\N	6	\N	6	2019-03-14 00:00:00.000	2019-03-14 13:50:29.150
11724	1R9885	18988	\N	7	\N	6	2019-03-14 00:00:00.000	2019-03-14 14:04:27.417
11725	1R9883	18996	\N	6	\N	6	2019-03-14 00:00:00.000	2019-03-14 14:13:52.373
11726	1E9636	18960	\N	6	\N	6	2019-03-15 00:00:00.000	2019-03-15 11:32:39.463
11727	Y69003	17246	\N	6	\N	212	2019-03-15 00:00:00.000	2021-03-22 10:56:39.357
11728	1D9837	19019	\N	6	\N	6	2019-03-15 00:00:00.000	2019-03-15 13:32:40.403
11729	58S	1509	\N	6	\N	6	2019-03-20 00:00:00.000	2019-03-20 11:18:16.653
11730	4B9199	19028	\N	6	\N	6	2019-03-21 00:00:00.000	2019-03-21 11:21:18.153
11731	4S9510	18892	\N	6	\N	6	2019-03-21 00:00:00.000	2019-03-21 12:09:33.910
11732	4S9514	19017	\N	9	\N	6	2019-03-26 00:00:00.000	2019-03-26 11:48:20.147
11733	7L6	19013	\N	6	\N	6	2019-03-26 00:00:00.000	2019-03-26 12:02:05.263
11734	1D9838	19038	\N	9	\N	6	2019-03-26 00:00:00.000	2019-03-26 12:17:44.993
11735	4C9546	19049	\N	6	\N	6	2019-03-26 00:00:00.000	2019-03-26 15:05:48.337
11736	4C9545	19050	\N	6	\N	6	2019-03-26 00:00:00.000	2019-03-26 15:10:20.963
11737	1Z9585	19051	\N	6	\N	6	2019-03-26 00:00:00.000	2019-03-26 15:12:13.173
11738	1TJ	12698	\N	6	\N	6	2019-04-11 00:00:00.000	2019-04-11 09:50:28.340
11739	4A5	19081	\N	6	\N	6	2019-04-11 00:00:00.000	2019-04-11 13:15:55.043
11740	4B9208	19039	\N	6	\N	6	2019-04-16 00:00:00.000	2019-04-16 12:46:10.450
11741	7LC	19087	\N	6	\N	6	2019-04-16 00:00:00.000	2019-04-16 13:25:23.163
11742	4B9209	19070	\N	6	\N	6	2019-04-16 00:00:00.000	2019-04-16 13:36:33.700
11743	1G9563	18990	\N	6	\N	6	2019-04-16 00:00:00.000	2019-04-16 13:43:06.553
11744	1R9482	3131	\N	6	\N	6	2019-04-16 00:00:00.000	2019-04-16 13:58:21.840
11745	1P9790	19059	\N	6	\N	6	2019-04-16 00:00:00.000	2019-04-16 14:03:23.450
11746	4A9026	18963	\N	6	\N	6	2019-04-16 00:00:00.000	2019-04-16 14:47:13.803
11747	1G9253	4924	\N	6	\N	6	2019-04-16 00:00:00.000	2019-04-16 14:51:46.820
11748	1W9160	16786	\N	6	\N	6	2019-04-16 00:00:00.000	2019-04-16 14:57:13.420
11749	7LB	19080	\N	6	\N	6	2019-04-16 00:00:00.000	2019-04-16 15:23:04.797
11750	3CX	11589	\N	6	\N	6	2019-04-16 00:00:00.000	2019-04-16 15:59:17.910
11751	1H9736	19084	\N	6	\N	6	2019-04-17 00:00:00.000	2019-04-17 10:29:06.067
11752	7LA	19089	\N	6	\N	6	2019-04-17 00:00:00.000	2019-04-17 10:48:53.433
11753	1E9635	19027	\N	9	\N	6	2019-04-17 00:00:00.000	2019-04-17 11:02:21.653
11754	4C9535	18904	\N	6	\N	6	2019-04-17 00:00:00.000	2019-04-17 13:11:00.283
11755	1R9887	18998	\N	6	\N	6	2019-04-17 00:00:00.000	2019-04-17 13:22:35.637
11756	4M9118	18995	\N	9	\N	6	2019-04-17 00:00:00.000	2019-04-17 16:11:14.330
11757	1E9589	19078	\N	6	\N	6	2019-04-17 00:00:00.000	2019-04-17 16:34:00.033
11758	1S9584	15129	\N	6	\N	6	2019-04-18 00:00:00.000	2019-04-18 14:07:05.007
11759	4M9123	19103	\N	1	\N	6	2019-04-18 00:00:00.000	2019-04-18 14:48:53.070
11760	1Z9581	19117	\N	9	\N	6	2019-04-19 00:00:00.000	2019-10-24 10:14:51.613
11761	4C9552	18962	\N	6	\N	6	2019-04-22 00:00:00.000	2019-04-22 12:08:21.213
11762	1P9818	18767	\N	6	\N	6	2019-04-23 00:00:00.000	2019-04-23 09:52:57.203
11763	4T9337	18966	\N	6	\N	6	2019-04-29 00:00:00.000	2019-04-29 13:43:50.123
11764	1Z9586	19125	\N	9	\N	6	2019-04-29 00:00:00.000	2019-10-16 13:27:48.083
11765	4C9550	19066	\N	9	\N	6	2019-04-29 00:00:00.000	2019-04-29 14:50:24.153
11766	2R9706	19091	\N	6	\N	1	2019-05-07 00:00:00.000	2019-05-07 13:50:51.567
11767	2C9218	19097	\N	6	\N	1	2019-05-07 00:00:00.000	2019-05-07 14:02:30.290
11768	4C9118	10933	\N	6	\N	6	2019-05-07 00:00:00.000	2019-05-07 15:22:19.623
11769	4S9502	19136	\N	6	\N	6	2019-05-07 00:00:00.000	2019-05-07 15:53:04.967
11770	1B9968	18986	\N	6	\N	6	2019-05-07 00:00:00.000	2019-05-07 15:56:13.477
11771	1W9625	19157	\N	6	\N	6	2019-05-10 00:00:00.000	2019-05-10 14:20:19.823
11772	4B9212	19161	\N	6	\N	6	2019-05-13 00:00:00.000	2019-05-13 14:28:44.743
11773	4M9124	19162	\N	1	\N	6	2019-05-13 00:00:00.000	2019-05-13 14:46:30.053
11774	7LH	19163	\N	6	\N	6	2019-05-13 00:00:00.000	2019-05-13 15:12:46.293
11775	2CM	19169	\N	2	\N	1	2019-05-14 00:00:00.000	2019-05-14 10:11:26.037
11776	1AC	4479	\N	7	\N	6	2019-05-14 00:00:00.000	2019-05-14 10:18:33.383
11777	1D9820	19044	\N	5	\N	6	2019-05-14 00:00:00.000	2025-05-14 17:09:36.587
11778	SU9SL2	18599	\N	6	\N	39	2019-05-14 00:00:00.000	2019-05-14 11:34:04.427
11779	1AM	4479	\N	2	\N	6	2019-05-14 00:00:00.000	2026-06-05 12:43:19.643
11780	SLA	960	\N	7	\N	28	2019-05-14 00:00:00.000	2019-05-14 12:37:11.460
11781	3MW	966	\N	2	\N	2	2019-05-14 00:00:00.000	2022-08-04 11:12:00.637
11782	1J9493	19186	\N	6	\N	6	2019-05-21 00:00:00.000	2019-05-21 14:46:38.403
11783	4T9340	19179	\N	6	\N	6	2019-05-21 00:00:00.000	2019-05-21 14:53:44.220
11784	1A9341	19168	\N	6	\N	6	2019-05-21 00:00:00.000	2019-05-21 15:00:31.850
11785	1R9889	19127	\N	6	\N	6	2019-05-21 00:00:00.000	2019-05-21 15:35:07.713
11786	1G9483	19126	\N	6	\N	6	2019-05-21 00:00:00.000	2019-05-21 15:39:27.750
11787	4C9548	19199	\N	6	\N	6	2019-05-23 00:00:00.000	2019-05-23 14:22:46.433
11788	4M9038	19177	\N	6	\N	6	2019-05-29 00:00:00.000	2019-05-29 12:56:17.890
11789	3T9180	19196	\N	6	\N	12	2019-05-29 00:00:00.000	2019-05-29 13:50:02.913
11790	4C9549	19192	\N	9	\N	6	2019-05-29 00:00:00.000	2019-05-29 14:44:15.677
11791	849001	19216	\N	2	\N	49	2019-05-29 00:00:00.000	2019-05-29 14:51:57.937
11792	WTK	19159	\N	1	\N	2	2019-05-29 00:00:00.000	2019-05-29 15:34:36.323
11793	4T9219	19198	\N	6	\N	6	2019-05-29 00:00:00.000	2019-05-29 15:56:51.280
11794	MH4	21860	\N	1	\N	42	2019-05-29 00:00:00.000	2026-04-01 14:27:31.463
11795	4B9099	17946	\N	6	\N	6	2019-05-31 00:00:00.000	2019-05-31 15:26:49.830
11796	4S9518	19128	\N	6	\N	6	2019-05-31 00:00:00.000	2019-05-31 15:37:17.890
11797	1L9591	19165	\N	6	\N	6	2019-06-03 00:00:00.000	2019-06-03 14:29:21.050
11798	7LE	19079	\N	6	\N	6	2019-06-03 00:00:00.000	2019-06-03 15:08:18.030
11799	1B9732	19119	\N	6	\N	6	2019-06-03 00:00:00.000	2019-06-03 15:53:39.780
11800	4T9330	18468	\N	6	\N	6	2019-06-03 00:00:00.000	2019-06-03 15:59:12.717
11801	RLV	22769	\N	1	\N	38	2019-06-05 00:00:00.000	2023-09-27 12:00:59.997
11802	3A9292	19230	\N	6	\N	6	2019-06-06 00:00:00.000	2019-06-06 12:06:26.533
11803	1P9829	19223	\N	6	\N	6	2019-06-06 00:00:00.000	2019-06-06 12:38:34.183
11804	4B9213	19072	\N	6	\N	6	2019-06-07 00:00:00.000	2019-06-07 10:27:22.723
11805	4S9522	19240	\N	6	\N	6	2019-06-07 00:00:00.000	2019-06-07 13:18:37.527
11806	4C9532	19241	\N	6	\N	6	2019-06-07 00:00:00.000	2019-06-07 13:33:12.237
11807	4T9343	17536	\N	2	\N	6	2019-06-10 00:00:00.000	2019-06-10 12:15:35.167
11808	4T9333	19220	\N	6	\N	6	2019-06-11 00:00:00.000	2019-06-11 13:52:20.813
11809	4T9344	19225	\N	6	\N	6	2019-06-11 00:00:00.000	2020-05-21 16:15:49.403
11810	1U9149	19184	\N	6	\N	6	2019-06-12 00:00:00.000	2019-06-12 11:39:26.157
11811	1U9175	19234	\N	6	\N	6	2019-06-12 00:00:00.000	2019-06-12 16:01:06.443
11812	4B9214	19239	\N	9	\N	6	2019-06-12 00:00:00.000	2019-06-12 16:04:48.277
11813	1V9230	19251	\N	6	\N	6	2019-06-19 00:00:00.000	2019-06-19 16:07:10.260
11814	1E9638	19236	\N	9	\N	6	2019-06-19 00:00:00.000	2019-06-19 16:10:41.953
11815	4A9126	19249	\N	6	\N	6	2019-06-20 00:00:00.000	2019-06-20 12:55:08.437
11816	3E9021	19152	\N	6	\N	12	2019-06-21 00:00:00.000	2019-06-21 15:42:00.670
11817	7H4	1056	\N	3	\N	6	2019-06-26 00:00:00.000	2019-06-26 13:10:10.897
11818	2AZ	13331	\N	3	\N	1	2019-06-26 00:00:00.000	2019-06-26 13:10:49.053
11819	4T9347	19204	\N	6	\N	6	2019-06-26 00:00:00.000	2019-06-26 15:25:47.073
11821	2F9103	19267	\N	6	\N	1	2019-07-02 00:00:00.000	2019-07-02 12:45:07.837
11822	4T9345	19258	\N	6	\N	6	2019-07-02 00:00:00.000	2019-07-02 14:30:44.567
11823	1R9891	19262	\N	6	\N	6	2019-07-02 00:00:00.000	2019-07-02 15:00:45.950
11824	6K9018	19175	\N	6	\N	14	2019-07-02 00:00:00.000	2019-07-02 15:04:50.543
11825	1G9565	19140	\N	6	\N	6	2019-07-02 00:00:00.000	2019-07-02 15:27:37.243
11826	59C	8491	\N	6	\N	6	2019-07-02 00:00:00.000	2023-05-12 12:13:01.710
11827	4S9367	19263	\N	6	\N	6	2019-07-02 00:00:00.000	2019-07-02 15:47:18.417
11828	4C9188	19274	\N	1	\N	6	2019-07-02 00:00:00.000	2019-07-02 16:02:36.743
11829	RN0	19289	\N	6	\N	38	2019-07-08 00:00:00.000	2019-07-08 09:00:44.167
11830	3T9227	19010	\N	6	\N	12	2019-07-10 00:00:00.000	2019-07-10 14:32:41.250
11831	1U9176	19264	\N	6	\N	6	2019-07-10 00:00:00.000	2019-07-10 14:54:36.503
11832	4T9346	19278	\N	6	\N	6	2019-07-10 00:00:00.000	2019-07-10 15:12:09.553
11833	1G9388	19276	\N	6	\N	6	2019-07-10 00:00:00.000	2019-07-10 15:44:26.453
11834	4B9198	19187	\N	6	\N	6	2019-07-10 00:00:00.000	2019-07-10 15:57:12.833
11835	1J9494	19143	\N	6	\N	6	2019-07-11 00:00:00.000	2019-07-11 16:02:59.567
11836	1F9507	19256	\N	6	\N	6	2019-07-11 00:00:00.000	2019-07-11 16:08:20.613
11837	595	5941	\N	6	\N	6	2019-07-18 00:00:00.000	2019-07-18 10:56:20.840
11838	1P9822	18906	\N	9	\N	6	2019-07-18 00:00:00.000	2019-07-18 11:16:19.813
11839	YW2	19094	\N	1	\N	6	2019-07-18 00:00:00.000	2019-07-18 11:46:22.630
11840	1P9832	19206	\N	6	\N	6	2019-07-18 00:00:00.000	2019-07-18 13:39:13.133
11841	2D9128	19286	\N	6	\N	1	2019-07-18 00:00:00.000	2019-07-18 14:54:30.963
11842	4A9128	19293	\N	6	\N	6	2019-07-18 00:00:00.000	2019-07-18 14:56:09.603
11843	500	1296	\N	6	\N	6	2019-07-19 00:00:00.000	2019-07-19 15:59:27.883
11844	4T9338	18966	\N	6	\N	6	2019-07-24 00:00:00.000	2019-07-24 09:34:40.263
11845	123	19306	\N	6	\N	6	2019-07-24 00:00:00.000	2019-07-24 15:24:03.890
11846	4T9352	19314	\N	6	\N	6	2019-07-24 00:00:00.000	2019-07-24 15:50:15.923
11847	1N9011	19227	\N	5	\N	6	2019-07-25 00:00:00.000	2019-07-25 08:42:28.810
11848	7LN	19317	\N	9	\N	6	2019-07-25 00:00:00.000	2019-07-25 13:14:01.213
11849	4A9129	19311	\N	6	\N	6	2019-07-25 00:00:00.000	2019-07-25 13:36:08.633
11850	1M9767	19313	\N	6	\N	6	2019-07-25 00:00:00.000	2019-07-25 14:48:20.060
11851	4S9524	19318	\N	6	\N	6	2019-07-25 00:00:00.000	2019-07-25 14:52:25.823
11852	4S9525	19319	\N	1	\N	6	2019-07-25 00:00:00.000	2019-07-25 14:57:27.807
11853	4A9130	19320	\N	9	\N	6	2019-07-25 00:00:00.000	2019-07-25 15:48:02.200
11854	4M9127	19321	\N	6	\N	6	2019-07-26 00:00:00.000	2019-07-26 13:18:06.620
11855	4S9520	19307	\N	7	\N	6	2019-07-26 00:00:00.000	2022-12-22 12:15:58.687
11856	WB4	972	\N	1	\N	2	2019-07-26 00:00:00.000	2025-08-06 11:31:35.810
11857	1N9390	19135	\N	6	\N	6	2019-07-29 00:00:00.000	2019-07-29 12:50:37.250
11858	1W9630	19332	\N	6	\N	6	2019-07-30 00:00:00.000	2019-07-30 11:47:29.313
11859	1W9629	19299	\N	6	\N	6	2019-07-30 00:00:00.000	2019-07-30 11:53:41.670
11860	1S7	19333	\N	6	\N	6	2019-07-31 00:00:00.000	2019-07-31 10:09:32.523
11861	1P9828	19068	\N	6	\N	6	2019-08-01 00:00:00.000	2019-08-01 14:23:08.300
11862	1L9556	4787	\N	6	\N	6	2019-08-05 00:00:00.000	2019-08-05 14:25:54.130
11863	1F9482	19335	\N	1	\N	6	2019-08-05 00:00:00.000	2019-08-05 14:47:40.680
11864	7LR	4787	\N	6	\N	6	2019-08-07 00:00:00.000	2019-08-07 13:40:11.763
11865	1G9569	19338	\N	6	\N	6	2019-08-08 00:00:00.000	2019-08-08 14:59:32.120
11866	1D9840	19376	\N	6	\N	6	2019-08-15 00:00:00.000	2019-08-15 12:16:37.163
11867	1H9740	19355	\N	1	\N	6	2019-08-15 00:00:00.000	2019-08-15 12:21:05.937
11868	1L9592	19354	\N	6	\N	6	2019-08-15 00:00:00.000	2019-08-15 12:39:22.370
11869	YXF	19357	\N	6	\N	47	2019-08-15 00:00:00.000	2019-08-15 12:46:07.237
11870	1P9277	19305	\N	6	\N	6	2019-08-15 00:00:00.000	2019-08-15 12:55:07.683
11871	4S9527	19373	\N	6	\N	6	2019-08-15 00:00:00.000	2019-08-15 13:47:00.077
11872	1P9833	19296	\N	9	\N	6	2019-08-15 00:00:00.000	2019-08-15 15:41:36.757
11873	1Z9589	19310	\N	6	\N	6	2019-08-16 00:00:00.000	2019-08-16 12:39:36.187
11874	1Z9584	19352	\N	6	\N	6	2019-08-16 00:00:00.000	2019-08-16 12:46:00.167
11875	R4F	19364	\N	6	\N	6	2019-08-16 00:00:00.000	2019-08-16 13:39:09.693
11876	1H9683	19386	\N	6	\N	6	2019-08-21 00:00:00.000	2019-08-21 15:10:07.427
11877	4B9193	19353	\N	6	\N	6	2019-08-21 00:00:00.000	2019-08-21 15:14:09.773
11878	7LP	2888	\N	6	\N	6	2019-08-21 00:00:00.000	2019-08-21 15:19:12.163
11879	1R9348	19370	\N	6	\N	6	2019-08-21 00:00:00.000	2019-08-21 15:23:09.567
11880	3A9293	19356	\N	6	\N	12	2019-08-23 00:00:00.000	2019-08-23 13:40:05.930
11881	1J9496	19378	\N	6	\N	6	2019-08-26 00:00:00.000	2019-08-26 12:24:12.787
11882	7K7	19395	\N	6	\N	6	2019-08-27 00:00:00.000	2019-08-27 11:22:22.970
11883	1V9229	19142	\N	6	\N	6	2019-08-27 00:00:00.000	2019-08-27 11:28:01.083
11884	5SH	19398	\N	6	\N	6	2019-08-28 00:00:00.000	2019-08-28 15:00:32.263
11885	4S9345	14936	\N	6	\N	6	2019-08-28 00:00:00.000	2019-08-28 15:07:32.310
11886	1UY	10289	\N	6	\N	6	2019-08-28 00:00:00.000	2019-08-28 15:34:32.263
11887	3UT	10289	\N	6	\N	12	2019-08-28 00:00:00.000	2019-08-28 15:34:52.153
11888	1R9894	19396	\N	6	\N	6	2019-08-29 00:00:00.000	2019-08-29 11:02:17.823
11889	1W9545	17161	\N	6	\N	6	2019-08-29 00:00:00.000	2019-08-29 11:13:31.840
11890	4M9129	19394	\N	6	\N	6	2019-08-29 00:00:00.000	2019-08-29 11:16:03.707
11891	7LM	16230	\N	6	\N	6	2019-08-29 00:00:00.000	2019-08-29 12:45:22.220
11892	59T	6629	\N	6	\N	6	2019-08-30 00:00:00.000	2019-08-30 10:50:29.363
11893	SU9ME1	19361	\N	6	\N	39	2019-08-30 00:00:00.000	2019-08-30 11:43:00.023
11894	7LK	19397	\N	6	\N	6	2019-08-30 00:00:00.000	2019-08-30 12:00:13.120
11895	1R9893	19382	\N	6	\N	6	2019-09-03 00:00:00.000	2019-09-03 10:55:11.657
11896	4S9529	19403	\N	6	\N	6	2019-09-04 00:00:00.000	2019-09-04 13:02:33.900
11897	1M9355	19392	\N	6	\N	6	2019-09-04 00:00:00.000	2019-09-04 13:10:06.377
11898	7HC	19404	\N	6	\N	6	2019-09-04 00:00:00.000	2019-09-04 13:35:49.813
11899	1P9836	19405	\N	6	\N	6	2019-09-04 00:00:00.000	2019-09-04 13:39:03.253
11900	UCV	18629	\N	1	\N	26	2019-09-04 00:00:00.000	2019-09-04 14:31:14.833
11901	1D9841	19316	\N	9	\N	6	2019-09-04 00:00:00.000	2019-09-04 14:55:41.970
11902	7J2	17747	\N	6	\N	6	2019-09-05 00:00:00.000	2019-09-05 10:23:00.547
11903	7LF	18913	\N	6	\N	6	2019-09-05 00:00:00.000	2019-09-05 10:38:06.160
11904	1F9510	19401	\N	1	\N	6	2019-09-05 00:00:00.000	2019-09-05 12:57:16.220
11905	1E9513	6309	\N	6	\N	6	2019-09-06 00:00:00.000	2019-09-06 10:47:57.363
11906	7LW	19391	\N	9	\N	6	2019-09-11 00:00:00.000	2019-09-11 12:23:15.620
11907	LG0	19420	\N	1	\N	8	2019-09-11 00:00:00.000	2024-07-02 10:25:53.547
11908	4C9540	3533	\N	10	\N	6	2019-09-11 00:00:00.000	2019-09-11 14:56:33.147
11909	4C9541	3533	\N	3	\N	6	2019-09-11 00:00:00.000	2023-02-09 18:50:18.553
11910	4C9542	3533	\N	6	\N	6	2019-09-11 00:00:00.000	2023-02-09 18:08:22.753
11911	L7Y	19035	\N	6	\N	8	2019-09-11 00:00:00.000	2019-09-11 15:42:29.703
11912	WYB	1023	\N	3	\N	2	2019-09-12 00:00:00.000	2019-09-12 12:25:55.540
11913	W1H	1023	\N	3	\N	2	2019-09-12 00:00:00.000	2019-09-12 12:26:24.820
11914	4T9336	19060	\N	6	\N	6	2019-09-12 00:00:00.000	2019-09-12 12:40:06.023
11915	1F9509	19421	\N	6	\N	6	2019-09-13 00:00:00.000	2019-09-13 12:18:07.387
11916	4T9335	19218	\N	1	\N	6	2019-09-16 00:00:00.000	2019-09-16 11:34:48.543
11917	1F9463	18950	\N	6	\N	6	2019-09-16 00:00:00.000	2019-09-16 16:12:54.550
11918	1H9344	9856	\N	6	\N	6	2019-09-16 00:00:00.000	2019-09-16 16:19:03.383
11919	1N9377	19426	\N	6	\N	6	2019-09-17 00:00:00.000	2019-09-17 13:04:47.627
11920	7JE	8949	\N	6	\N	6	2019-09-20 00:00:00.000	2019-09-20 10:44:18.120
11921	4A9134	9987	\N	6	\N	6	2019-09-20 00:00:00.000	2019-09-20 11:20:23.247
11922	4S9436	16515	\N	6	\N	6	2019-09-20 00:00:00.000	2019-09-20 11:37:05.410
11923	1Z9593	1529	\N	6	\N	6	2019-09-23 00:00:00.000	2019-09-23 11:04:58.903
11924	1P9796	19443	\N	6	\N	6	2019-09-25 00:00:00.000	2019-09-25 13:58:15.187
11925	4T9329	19438	\N	6	\N	6	2019-09-25 00:00:00.000	2019-09-25 15:43:08.493
11926	4T9355	19446	\N	6	\N	6	2019-09-26 00:00:00.000	2019-09-26 10:47:13.970
11927	4T9237	19377	\N	6	\N	6	2019-10-01 00:00:00.000	2019-10-01 11:18:26.473
11928	1G9571	19458	\N	6	\N	6	2019-10-03 00:00:00.000	2019-10-03 14:31:04.153
11929	7LX	19450	\N	6	\N	6	2019-10-04 00:00:00.000	2019-10-04 12:54:11.090
11930	UH6	19244	\N	6	\N	54	2019-10-04 00:00:00.000	2019-10-04 14:03:41.583
11931	7LS	19459	\N	6	\N	6	2019-10-07 00:00:00.000	2019-10-07 11:14:33.347
11932	3T9209	19290	\N	6	\N	12	2019-10-09 00:00:00.000	2019-10-09 15:10:36.873
11933	4M9133	19463	\N	6	\N	6	2019-10-10 00:00:00.000	2019-10-10 11:45:10.293
11934	4A9132	19469	\N	6	\N	6	2019-10-10 00:00:00.000	2019-10-10 11:50:51.823
11935	50Z	19448	\N	6	\N	6	2019-10-15 00:00:00.000	2019-10-15 11:44:22.187
11936	7LZ	19473	\N	6	\N	6	2019-10-15 00:00:00.000	2019-10-15 11:47:07.127
11937	1F9511	19455	\N	6	\N	6	2019-10-15 00:00:00.000	2019-10-15 12:17:49.897
11938	1K9392	19424	\N	6	\N	6	2019-10-15 00:00:00.000	2019-10-15 12:30:59.693
11939	4M9131	19474	\N	6	\N	6	2019-10-15 00:00:00.000	2019-10-15 16:18:21.777
11940	4UF	19334	\N	13	\N	6	2019-10-16 00:00:00.000	2022-03-29 11:00:31.557
11941	1N9392	15758	\N	6	\N	6	2019-10-16 00:00:00.000	2025-03-20 14:13:38.363
11942	4B9221	7490	\N	6	\N	6	2019-10-16 00:00:00.000	2019-10-16 11:26:55.490
11943	4M9132	16015	\N	9	\N	6	2019-10-16 00:00:00.000	2019-10-16 11:29:08.700
11944	7M2	15728	\N	6	\N	6	2019-10-21 00:00:00.000	2019-10-21 12:48:04.417
11945	1G9573	19488	\N	6	\N	6	2019-10-24 00:00:00.000	2019-10-24 16:59:57.343
11946	1D9753	19486	\N	6	\N	6	2019-10-24 00:00:00.000	2019-10-24 17:06:28.343
11947	4S9531	19490	\N	6	\N	6	2019-10-28 00:00:00.000	2019-10-28 09:51:36.780
11948	1G9296	6915	\N	6	\N	6	2019-10-29 00:00:00.000	2019-10-29 10:22:58.603
11949	4S9532	19507	\N	1	\N	6	2019-10-29 00:00:00.000	2019-10-29 14:00:08.583
11950	4S9452	19508	\N	6	\N	6	2019-10-29 00:00:00.000	2019-10-29 14:20:26.680
11951	7JM	19351	\N	9	\N	6	2019-10-30 00:00:00.000	2022-04-04 11:02:56.953
11952	2N9045	19494	\N	6	\N	1	2019-10-31 00:00:00.000	2019-10-31 14:02:38.373
11953	1S9003	19164	\N	3	\N	6	2019-10-31 00:00:00.000	2019-10-31 15:14:51.450
11954	3TY	19521	\N	3	\N	12	2019-11-01 00:00:00.000	2019-11-01 10:32:22.167
11955	7M3	19487	\N	6	\N	6	2019-11-01 00:00:00.000	2019-11-01 12:26:14.353
11956	4B9220	19516	\N	6	\N	6	2019-11-04 00:00:00.000	2019-11-04 12:35:22.273
11957	2A9214	19092	\N	6	\N	1	2019-11-05 00:00:00.000	2019-11-05 10:13:47.720
11958	1U9177	19525	\N	6	\N	6	2019-11-05 00:00:00.000	2019-11-05 10:17:51.470
11959	7M4	19528	\N	6	\N	6	2019-11-05 00:00:00.000	2019-11-05 10:23:05.127
11960	1J9499	19526	\N	6	\N	6	2019-11-05 00:00:00.000	2019-11-05 10:25:33.777
11961	ML5	25762	\N	1	\N	30	2019-11-05 00:00:00.000	2026-07-31 10:17:34.580
11962	W1K	1042	\N	2	\N	2	2019-11-05 00:00:00.000	2019-11-05 13:12:57.903
11963	W1N	1023	\N	7	\N	2	2019-11-05 00:00:00.000	2025-10-17 12:51:40.750
11964	4S9179	19483	\N	1	\N	6	2019-11-05 00:00:00.000	2019-11-05 13:39:26.547
11965	W1W	1023	\N	7	\N	2	2019-11-05 00:00:00.000	2019-11-05 14:41:55.030
11966	W1X	1023	\N	10	\N	2	2019-11-05 00:00:00.000	2019-11-05 14:41:42.973
11967	W1Y	1023	\N	3	\N	2	2019-11-05 00:00:00.000	2019-11-05 14:41:30.680
11968	W1Z	1023	\N	5	\N	2	2019-11-05 00:00:00.000	2019-11-05 14:41:15.453
11969	W2W	1023	\N	7	\N	2	2019-11-05 00:00:00.000	2019-11-05 14:42:26.480
11970	W2X	1023	\N	10	\N	2	2019-11-05 00:00:00.000	2019-11-05 14:42:56.353
11971	W2Y	1023	\N	3	\N	2	2019-11-05 00:00:00.000	2019-11-05 14:43:19.427
11972	W2Z	1023	\N	5	\N	2	2019-11-05 00:00:00.000	2019-11-05 14:43:40.673
11973	4A9138	19524	\N	9	\N	6	2019-11-06 00:00:00.000	2019-11-06 11:59:52.667
11974	WZ1	966	\N	2	\N	2	2019-11-06 00:00:00.000	2022-01-21 12:44:36.343
11975	LPS	19493	\N	2	\N	8	2019-11-07 00:00:00.000	2019-11-07 10:12:41.190
11976	4C9558	19536	\N	6	\N	6	2019-11-19 00:00:00.000	2019-11-19 16:09:58.217
11977	1V9234	19459	\N	6	\N	6	2019-11-19 00:00:00.000	2019-11-19 16:15:47.500
11978	1Z9599	12011	\N	6	\N	6	2019-11-19 00:00:00.000	2019-11-19 16:16:52.600
11979	1RB	3009	\N	6	\N	6	2019-11-19 00:00:00.000	2019-11-19 16:18:22.767
11980	4A9137	19471	\N	6	\N	6	2019-11-19 00:00:00.000	2019-11-19 16:19:36.353
11981	5CZ	19387	\N	6	\N	6	2019-11-21 00:00:00.000	2019-11-21 09:53:13.747
11982	1T9210	11764	\N	6	\N	6	2019-11-22 00:00:00.000	2019-11-22 11:44:25.470
11983	1C9364	17328	\N	6	\N	6	2019-11-22 00:00:00.000	2019-11-22 12:26:42.970
11984	4T9357	19503	\N	6	\N	6	2019-11-22 00:00:00.000	2019-11-22 12:35:02.717
11985	R46	19477	\N	1	\N	57	2019-11-25 00:00:00.000	2025-03-26 13:38:22.110
11986	7HW	18864	\N	6	\N	6	2019-11-26 00:00:00.000	2019-11-26 11:23:37.683
11987	4S9533	19527	\N	6	\N	6	2019-12-02 00:00:00.000	2019-12-02 12:49:11.503
11988	1Z9600	19552	\N	1	\N	6	2019-12-02 00:00:00.000	2019-12-02 12:55:39.617
11989	1K9393	19550	\N	9	\N	6	2019-12-02 00:00:00.000	2023-07-11 12:39:06.237
11990	1D9844	19542	\N	6	\N	6	2019-12-02 00:00:00.000	2019-12-02 14:16:34.127
11991	7LV	19510	\N	6	\N	6	2019-12-03 00:00:00.000	2019-12-03 13:34:25.570
11992	1A9790	1318	\N	6	\N	6	2019-12-03 00:00:00.000	2019-12-03 14:00:07.930
11993	4A9133	19441	\N	6	\N	6	2019-12-03 00:00:00.000	2019-12-03 14:04:49.260
11994	1P9837	19430	\N	6	\N	6	2019-12-03 00:00:00.000	2019-12-03 15:48:51.473
11995	3MV	1083	\N	7	\N	12	2019-12-03 00:00:00.000	2019-12-03 16:01:05.733
11996	4T9358	19551	\N	1	\N	6	2019-12-03 00:00:00.000	2019-12-03 16:17:52.793
11997	1J9483	17975	\N	6	\N	6	2019-12-05 00:00:00.000	2019-12-05 13:49:29.123
11998	1F9512	19558	\N	6	\N	6	2019-12-09 00:00:00.000	2019-12-09 11:13:47.420
11999	4T9361	19561	\N	6	\N	6	2019-12-10 00:00:00.000	2019-12-10 15:26:15.983
12000	1G9575	19570	\N	6	\N	6	2019-12-17 00:00:00.000	2019-12-17 12:48:10.347
12001	1P9402	19566	\N	6	\N	6	2019-12-17 00:00:00.000	2025-09-12 08:53:22.120
12002	1A9288	17730	\N	5	\N	6	2020-01-10 00:00:00.000	2020-12-21 11:03:14.727
12003	50J	6397	\N	6	\N	6	2020-01-16 00:00:00.000	2020-01-16 14:08:56.657
12004	4S9534	8141	\N	6	\N	6	2020-01-17 00:00:00.000	2020-01-17 11:07:30.313
12005	4C9561	19569	\N	2	\N	6	2020-01-21 00:00:00.000	2020-01-21 08:45:48.617
12006	1Z9591	19322	\N	9	\N	6	2020-01-21 00:00:00.000	2020-01-21 13:31:45.417
12007	1H9726	9473	\N	6	\N	6	2020-01-21 00:00:00.000	2020-01-21 14:36:30.600
12008	1S9873	1395	\N	6	\N	6	2020-01-21 00:00:00.000	2020-01-21 14:49:20.277
12009	1T9072	2767	\N	6	\N	6	2020-01-21 00:00:00.000	2020-01-21 16:24:31.960
12010	1A9992	17947	\N	6	\N	6	2020-01-22 00:00:00.000	2020-01-22 09:04:27.037
12011	1K9160	1631	\N	6	\N	6	2020-01-22 00:00:00.000	2020-01-22 09:51:14.400
12012	4C9563	19573	\N	6	\N	6	2020-01-22 00:00:00.000	2020-01-22 10:18:52.917
12013	4C9560	19562	\N	1	\N	6	2020-01-22 00:00:00.000	2020-01-22 11:14:22.430
12014	1P9839	19579	\N	6	\N	6	2020-01-22 00:00:00.000	2020-01-22 14:20:26.993
12015	1Z9597	19535	\N	6	\N	6	2020-01-23 00:00:00.000	2020-01-23 11:51:13.973
12016	1F9513	19583	\N	6	\N	6	2020-01-23 00:00:00.000	2020-01-23 12:56:39.987
12017	1L9595	19585	\N	6	\N	6	2020-01-23 00:00:00.000	2020-01-23 13:08:35.077
12018	1E9648	19582	\N	9	\N	6	2020-01-23 00:00:00.000	2020-01-23 13:26:54.080
12019	1K9394	19589	\N	6	\N	6	2020-01-23 00:00:00.000	2020-01-23 16:05:57.817
12020	4T9354	19410	\N	6	\N	6	2020-01-24 00:00:00.000	2020-01-24 10:01:47.660
12021	4B9227	19592	\N	6	\N	6	2020-01-24 00:00:00.000	2020-01-24 10:19:11.320
12022	1Z9601	19584	\N	6	\N	6	2020-01-24 00:00:00.000	2020-01-24 10:50:50.717
12023	1H9739	19596	\N	6	\N	6	2020-01-27 00:00:00.000	2020-01-27 11:49:12.813
12024	4T9364	19605	\N	6	\N	6	2020-01-27 00:00:00.000	2020-01-27 12:10:44.060
12025	4S9537	19603	\N	1	\N	6	2020-01-27 00:00:00.000	2020-01-27 12:21:36.657
12026	1E9509	15170	\N	9	\N	6	2020-01-28 00:00:00.000	2020-01-28 13:14:58.273
12027	1Z9604	19602	\N	6	\N	6	2020-02-11 00:00:00.000	2020-02-11 12:53:26.190
12028	4A9143	19638	\N	6	\N	6	2020-02-11 00:00:00.000	2020-02-11 13:20:26.237
12029	1H9742	19616	\N	6	\N	6	2020-02-11 00:00:00.000	2020-02-11 14:20:34.367
12030	1E9650	18597	\N	9	\N	6	2020-02-11 00:00:00.000	2020-02-11 15:14:49.157
12031	4C9564	19615	\N	6	\N	6	2020-02-12 00:00:00.000	2020-02-12 09:16:40.653
12032	1P9841	19639	\N	6	\N	6	2020-02-12 00:00:00.000	2020-02-12 09:34:26.807
12033	1F9515	19641	\N	6	\N	6	2020-02-12 00:00:00.000	2020-02-12 11:02:45.087
12034	1D9845	19609	\N	9	\N	6	2020-02-12 00:00:00.000	2020-02-12 11:31:01.980
12035	1X9036	16298	\N	6	\N	6	2020-02-12 00:00:00.000	2020-02-12 13:34:06.910
12036	4T9365	19648	\N	6	\N	6	2020-02-12 00:00:00.000	2026-03-17 10:48:14.790
12037	6Y9056	19629	\N	6	\N	56	2020-02-13 00:00:00.000	2022-01-10 09:55:08.137
12038	7ME	19655	\N	1	\N	6	2020-02-13 00:00:00.000	2020-05-05 11:52:35.313
12039	4C9566	19647	\N	6	\N	6	2020-02-13 00:00:00.000	2020-02-13 14:12:10.720
12040	1V9227	19654	\N	6	\N	6	2020-02-13 00:00:00.000	2020-02-13 14:24:47.523
12041	1Z9605	19657	\N	6	\N	6	2020-02-13 00:00:00.000	2020-02-13 14:37:11.070
12042	2K9075	19623	\N	6	\N	1	2020-02-13 00:00:00.000	2022-01-10 09:52:04.173
12043	AF9TA2	19479	\N	6	\N	10	2020-02-13 00:00:00.000	2020-02-13 16:18:22.613
12044	7M5	19476	\N	6	\N	6	2020-02-13 00:00:00.000	2020-02-13 16:31:57.250
12045	1K9387	19662	\N	6	\N	6	2020-02-14 00:00:00.000	2020-02-14 10:28:21.290
12046	7MF	19664	\N	9	\N	6	2020-02-14 00:00:00.000	2020-02-14 10:58:56.070
12047	1A9881	19666	\N	6	\N	6	2020-03-04 00:00:00.000	2020-03-04 09:38:10.170
12048	1S9384	19564	\N	6	\N	6	2020-03-17 00:00:00.000	2020-03-17 08:41:32.400
12049	4B9223	19464	\N	6	\N	6	2020-03-17 00:00:00.000	2020-03-17 11:15:29.800
12050	4S9535	19538	\N	6	\N	6	2020-03-17 00:00:00.000	2020-03-17 14:39:58.487
12051	1E9587	19532	\N	6	\N	6	2020-03-17 00:00:00.000	2020-03-17 16:13:22.353
12052	4M9135	19669	\N	9	\N	6	2020-03-19 00:00:00.000	2020-03-19 15:27:54.967
12053	1D9846	19701	\N	6	\N	6	2020-03-19 00:00:00.000	2020-03-19 16:10:40.060
12054	JPB	14584	\N	3	\N	3	2020-03-20 00:00:00.000	2020-03-20 08:11:31.277
12055	1A9925	7285	\N	5	\N	6	2020-03-23 00:00:00.000	2020-03-23 11:41:55.290
12056	1Z9534	17648	\N	6	\N	6	2020-03-25 00:00:00.000	2020-03-25 15:27:57.727
12057	1K9397	19761	\N	6	\N	6	2020-03-26 00:00:00.000	2020-03-26 09:40:24.813
12058	1N9394	19672	\N	6	\N	6	2020-03-31 00:00:00.000	2021-02-23 14:29:51.390
12059	1G9578	19673	\N	9	\N	6	2020-03-31 00:00:00.000	2020-03-31 08:58:12.463
12060	1A9922	6101	\N	6	\N	6	2020-03-31 00:00:00.000	2020-03-31 10:04:06.557
12061	1J9500	19678	\N	1	\N	6	2020-03-31 00:00:00.000	2020-03-31 10:07:40.777
12062	4B9232	19683	\N	6	\N	6	2020-03-31 00:00:00.000	2020-03-31 10:49:09.640
12063	1G9579	19705	\N	9	\N	6	2020-03-31 00:00:00.000	2020-03-31 13:47:16.197
12064	1K9398	19711	\N	6	\N	6	2020-03-31 00:00:00.000	2020-03-31 13:54:45.250
12065	4T9369	19649	\N	6	\N	6	2020-03-31 00:00:00.000	2020-03-31 14:09:54.270
12066	1L9598	19763	\N	6	\N	6	2020-04-01 00:00:00.000	2020-04-01 09:01:34.247
12067	1H9746	19766	\N	6	\N	6	2020-04-01 00:00:00.000	2020-04-01 09:19:42.160
12068	1F9517	19653	\N	6	\N	6	2020-04-01 00:00:00.000	2020-04-01 14:37:48.010
12069	1G9462	19737	\N	3	2	6	2020-04-03 00:00:00.000	2020-04-03 09:29:31.513
12070	4A9150	19769	\N	6	\N	6	2020-04-03 00:00:00.000	2020-04-03 09:31:24.353
12071	3H9015	19693	\N	6	\N	12	2020-04-03 00:00:00.000	2022-01-10 09:54:18.340
12072	4A9147	16784	\N	6	\N	6	2020-04-06 00:00:00.000	2020-04-06 11:06:17.047
12073	JE4	1052	\N	2	\N	3	2020-04-06 00:00:00.000	2020-04-06 11:52:09.090
12074	7MD	19770	\N	6	\N	6	2020-04-06 00:00:00.000	2020-04-06 12:49:48.663
12075	1D9847	19764	\N	6	\N	6	2020-04-06 00:00:00.000	2020-04-06 16:59:03.130
12076	4A9140	19702	\N	6	\N	6	2020-04-16 00:00:00.000	2020-04-16 10:54:19.240
12077	2B9283	19003	\N	6	\N	1	2020-04-16 00:00:00.000	2020-04-16 14:51:23.620
12078	1Z9608	19736	\N	6	\N	6	2020-04-16 00:00:00.000	2020-04-17 09:31:02.240
12079	1U9181	19719	\N	6	\N	6	2020-04-16 00:00:00.000	2020-04-16 16:48:05.817
12080	4B9233	19729	\N	6	\N	6	2020-04-17 00:00:00.000	2020-04-17 16:13:16.347
12081	1K9400	19777	\N	6	\N	6	2020-04-17 00:00:00.000	2020-04-17 17:09:05.383
12082	1R9910	19778	\N	6	\N	6	2020-04-17 00:00:00.000	2020-04-17 17:15:38.213
12083	1G9580	19727	\N	9	\N	6	2020-03-06 00:00:00.000	2020-04-20 11:01:00.740
12084	1J9503	19720	\N	1	\N	6	2020-03-02 00:00:00.000	2020-04-20 12:58:03.290
12085	1V9235	19658	\N	6	\N	6	2020-04-20 00:00:00.000	2020-04-20 14:19:46.253
12086	1R9898	19731	\N	6	\N	6	2020-04-20 00:00:00.000	2020-04-20 16:08:04.993
12087	1P9844	19779	\N	9	\N	6	2020-04-20 00:00:00.000	2020-04-20 16:56:02.140
12088	4A9144	19774	\N	6	\N	6	2020-04-20 00:00:00.000	2020-04-20 17:17:43.043
12089	4B9236	19782	\N	6	\N	6	2020-04-21 00:00:00.000	2020-04-21 09:00:07.230
12090	1R9903	19733	\N	6	\N	6	2020-04-21 00:00:00.000	2020-04-21 11:03:35.597
12091	4T9359	19667	\N	6	\N	6	2020-04-21 00:00:00.000	2020-04-21 14:35:16.853
12092	1X9037	19722	\N	6	\N	6	2020-04-21 00:00:00.000	2020-04-21 15:46:39.690
12093	4B9229	19721	\N	6	\N	6	2020-04-21 00:00:00.000	2020-04-21 17:08:06.223
12094	4B9018	18654	\N	6	\N	6	2020-04-22 00:00:00.000	2020-04-22 13:20:58.177
12095	1N9395	19735	\N	1	\N	6	2020-04-23 00:00:00.000	2020-04-23 08:48:28.597
12096	1Z9607	19753	\N	6	\N	6	2020-04-23 00:00:00.000	2020-04-23 10:37:40.050
12097	VS9016	19695	\N	5	\N	26	2020-04-23 00:00:00.000	2020-04-24 13:37:33.263
12098	1R9906	19757	\N	6	\N	6	2020-04-23 00:00:00.000	2020-04-23 15:56:45.973
12099	1R9909	19776	\N	6	\N	6	2020-04-24 00:00:00.000	2020-04-24 09:00:51.787
12100	1V9233	19478	\N	6	\N	6	2020-04-24 00:00:00.000	2020-04-24 09:06:25.590
12101	1W9635	19788	\N	6	\N	6	2020-04-24 00:00:00.000	2020-04-24 09:14:54.520
12102	4C9559	19760	\N	6	\N	6	2020-04-24 00:00:00.000	2020-04-24 09:34:09.367
12103	4A9149	19754	\N	1	\N	6	2020-04-24 00:00:00.000	2020-04-24 10:11:35.397
12104	1DG	19734	\N	6	\N	6	2020-04-27 00:00:00.000	2020-04-27 09:28:21.720
12105	4M9145	19791	\N	6	\N	\N	2020-04-27 00:00:00.000	2020-04-27 12:25:24.490
12106	4C9574	19790	\N	6	\N	6	2020-04-27 00:00:00.000	2020-04-27 12:47:38.043
12107	1TT	8231	\N	6	\N	6	2020-04-27 00:00:00.000	2022-12-22 14:37:13.517
12108	WU1	1150	\N	7	\N	2	2020-04-28 00:00:00.000	2023-01-25 15:29:27.850
12109	4M9143	19775	\N	6	\N	6	2020-04-29 00:00:00.000	2020-04-29 12:57:44.310
12110	1H9743	19706	\N	6	\N	6	2020-04-30 00:00:00.000	2020-04-30 17:09:10.650
12111	4S9515	19801	\N	6	\N	6	2020-05-01 00:00:00.000	2020-05-01 17:08:20.340
12112	1G9583	19800	\N	6	\N	6	2020-05-01 00:00:00.000	2020-05-01 17:28:00.543
12113	4T9367	19793	\N	6	\N	6	2020-05-04 00:00:00.000	2020-05-04 08:28:12.387
12114	4T9371	19780	\N	6	\N	6	2020-05-04 00:00:00.000	2020-05-04 08:37:58.367
12115	7MV	19797	\N	6	\N	6	2020-05-04 00:00:00.000	2020-05-04 08:55:29.927
12116	2N9090	19417	\N	6	\N	1	2020-05-04 00:00:00.000	2022-01-10 09:52:47.303
12117	1H9745	19787	\N	6	\N	6	2020-05-04 00:00:00.000	2020-05-04 09:29:04.513
12118	1R9901	19723	\N	6	\N	6	2020-05-04 00:00:00.000	2020-05-04 13:23:25.987
12119	KMU	15984	\N	7	\N	15	2020-05-04 00:00:00.000	2022-01-18 14:36:05.413
12120	4S9542	16928	\N	7	\N	6	2020-05-05 00:00:00.000	2020-05-05 08:25:21.050
12121	4A9152	19795	\N	6	\N	6	2020-05-06 00:00:00.000	2020-05-06 10:55:10.663
12122	2VM	4187	\N	6	\N	1	2020-05-06 00:00:00.000	2020-05-06 12:16:57.827
12123	1R9907	19804	\N	1	\N	6	2020-05-06 00:00:00.000	2020-05-06 13:43:41.057
12124	1F9514	19581	\N	6	\N	6	2020-05-06 00:00:00.000	2020-05-06 14:41:53.713
12125	1V9238	19803	\N	6	\N	6	2020-05-07 00:00:00.000	2020-05-07 08:47:37.057
12126	4S9543	19802	\N	6	\N	6	2020-05-07 00:00:00.000	2020-05-07 08:51:38.193
12127	1L9600	19794	\N	1	\N	6	2020-05-08 00:00:00.000	2021-07-15 09:55:57.983
12128	7MH	19808	\N	6	\N	6	2020-05-08 00:00:00.000	2020-06-15 15:05:05.690
12129	1F9519	19807	\N	6	\N	6	2020-05-11 00:00:00.000	2020-06-01 14:13:30.057
12130	ZN0	19182	\N	1	\N	9	2020-05-12 00:00:00.000	2020-05-12 11:52:26.783
12131	4T9362	19565	\N	6	\N	6	2020-05-12 00:00:00.000	2020-05-12 15:01:36.027
12132	7M7	6181	\N	6	\N	6	2020-05-12 00:00:00.000	2020-05-12 15:50:44.427
12133	4M9147	19815	\N	6	\N	6	2020-05-13 00:00:00.000	2020-05-13 08:34:10.937
12134	1R9912	19809	\N	6	\N	6	2020-05-15 00:00:00.000	2020-05-15 13:06:06.340
12135	1P9843	19814	\N	7	\N	6	2020-05-15 00:00:00.000	2025-05-20 21:18:00.727
12136	1R9913	19819	\N	9	\N	6	2020-05-18 00:00:00.000	2020-05-18 08:49:14.410
12137	1N9398	19820	\N	9	\N	6	2020-05-18 00:00:00.000	2020-05-18 08:51:51.613
12138	1U9182	19746	\N	6	\N	6	2020-05-18 00:00:00.000	2020-05-18 08:54:52.200
12139	1H9749	19806	\N	6	\N	6	2020-05-18 00:00:00.000	2020-05-18 15:09:43.367
12140	4A9154	19826	\N	6	\N	6	2020-05-19 00:00:00.000	2020-05-19 12:58:34.267
12141	4A9153	19822	\N	6	\N	6	2020-05-19 00:00:00.000	2020-05-19 15:38:38.567
12142	1G9584	19823	\N	6	\N	6	2020-05-19 00:00:00.000	2020-05-19 15:53:37.743
12143	1K9402	19830	\N	6	\N	6	2020-05-22 00:00:00.000	2020-05-22 12:51:45.580
12144	1P9842	19932	\N	6	\N	6	2020-07-16 00:00:00.000	2020-07-17 08:55:16.957
12145	1J9504	19833	\N	6	\N	6	2020-05-22 00:00:00.000	2020-05-22 14:03:38.280
12146	4S9546	19837	\N	1	\N	6	2020-05-26 00:00:00.000	2020-05-28 12:55:16.563
12147	1E9654	19825	\N	6	\N	6	2020-05-26 00:00:00.000	2020-05-26 14:23:45.907
12148	4M9146	19821	\N	6	\N	6	2020-05-26 00:00:00.000	2020-05-26 16:34:37.813
12149	4B9240	18467	\N	6	\N	6	2020-05-27 00:00:00.000	2020-05-27 16:07:57.753
12150	4S9547	19837	\N	9	\N	6	2020-05-28 00:00:00.000	2020-05-28 11:09:11.403
12151	1R9914	19841	\N	1	\N	6	2020-05-29 00:00:00.000	2020-05-29 08:26:48.300
12152	4C9571	19756	\N	6	\N	6	2020-06-01 00:00:00.000	2020-06-01 10:23:42.200
12153	1P9835	19331	\N	6	\N	6	2020-06-01 00:00:00.000	2020-06-01 10:56:41.027
12154	4M9139	19755	\N	6	\N	6	2020-06-01 00:00:00.000	2020-06-01 11:16:19.063
12155	1Z9606	19813	\N	6	\N	6	2020-06-01 00:00:00.000	2020-06-01 13:03:37.273
12156	L7Z	12377	\N	1	\N	8	2005-08-15 00:00:00.000	2020-06-03 10:40:48.390
12157	1E9653	19853	\N	6	\N	6	2020-06-03 00:00:00.000	2020-06-03 16:21:40.037
12158	3DG	11177	\N	6	\N	12	2020-06-03 00:00:00.000	2020-06-03 16:34:02.360
12159	4M9144	19860	\N	6	\N	6	2020-06-05 00:00:00.000	2020-06-05 10:06:46.697
12160	1K9399	19848	\N	6	\N	6	2020-06-08 00:00:00.000	2020-06-08 08:55:27.713
12161	1G9582	19751	\N	6	\N	6	2020-06-09 00:00:00.000	2020-06-09 12:11:47.847
12162	7MX	19835	\N	6	\N	6	2020-06-09 00:00:00.000	2020-06-09 12:27:01.450
12163	1L9602	19862	\N	1	\N	6	2020-06-09 00:00:00.000	2021-05-24 15:56:24.943
12164	1R9916	19863	\N	6	\N	6	2020-06-09 00:00:00.000	2020-06-18 08:34:38.563
12165	4S9549	19865	\N	6	\N	6	2020-06-11 00:00:00.000	2020-06-11 08:39:20.663
12166	1W9633	19611	\N	6	\N	6	2020-06-11 00:00:00.000	2020-06-11 15:50:00.260
12167	4T9374	19864	\N	6	\N	6	2020-06-12 00:00:00.000	2022-03-03 08:49:54.780
12168	1L9603	19868	\N	6	\N	6	2020-06-12 00:00:00.000	2020-06-12 07:08:45.650
12169	4C9576	19849	\N	6	\N	6	2020-06-15 00:00:00.000	2020-06-15 08:32:52.967
12170	1N9400	19877	\N	6	\N	6	2020-06-17 00:00:00.000	2020-06-17 11:04:37.840
12171	1K9404	19876	\N	6	\N	6	2020-06-17 00:00:00.000	2020-06-17 11:51:51.557
12172	1H9755	19879	\N	6	\N	6	2020-06-17 00:00:00.000	2020-06-17 13:00:15.617
12173	1G9586	19878	\N	6	\N	6	2020-06-18 00:00:00.000	2020-06-18 09:19:48.150
12174	1Z9612	19875	\N	9	\N	6	2020-06-18 00:00:00.000	2025-01-15 14:04:45.463
12175	1Z9613	19881	\N	6	\N	6	2020-06-18 00:00:00.000	2020-06-18 11:16:55.303
12176	4M9148	19827	\N	6	\N	6	2020-06-22 00:00:00.000	2020-06-22 08:42:31.927
12177	4A9156	19887	\N	6	\N	6	2020-06-22 00:00:00.000	2020-06-22 12:49:41.450
12178	1P9847	19888	\N	6	\N	6	2020-06-23 00:00:00.000	2020-06-23 11:42:57.187
12179	1G9588	19884	\N	6	\N	6	2020-06-23 00:00:00.000	2020-06-23 12:09:24.470
12180	4S9519	19559	\N	6	\N	6	2020-06-24 00:00:00.000	2020-06-24 12:24:06.233
12181	4M9150	19892	\N	6	\N	6	2020-06-25 00:00:00.000	2020-06-25 12:28:36.587
12182	1G9589	19896	\N	6	\N	6	2020-06-26 00:00:00.000	2020-06-26 09:28:00.590
12183	WEW	19899	\N	1	\N	2	2020-06-29 00:00:00.000	2020-06-29 15:27:52.120
12185	1H9753	19859	\N	6	\N	6	2020-06-30 00:00:00.000	2020-09-24 16:15:41.600
12186	4S9545	19816	\N	6	\N	6	2020-07-01 00:00:00.000	2020-07-01 12:25:37.000
12187	UKR	19861	\N	6	\N	54	2020-07-01 00:00:00.000	2020-07-01 12:43:51.833
12188	7N3	9507	\N	6	\N	6	2020-07-02 00:00:00.000	2020-07-02 09:01:20.407
12189	7N2	19907	\N	6	\N	6	2020-07-06 00:00:00.000	2020-07-06 10:15:43.067
12190	L6J	19233	\N	13	\N	8	2020-07-06 00:00:00.000	2020-07-06 10:56:13.837
12191	TLF	19688	\N	1	\N	48	2020-07-07 00:00:00.000	2020-07-07 15:18:46.663
12192	1N9402	19917	\N	6	\N	6	2020-07-08 00:00:00.000	2020-07-17 09:22:16.553
12193	7B9CHG	19743	\N	9	\N	8	2020-07-09 00:00:00.000	2020-07-09 09:11:58.787
12194	1K9405	19922	\N	6	\N	6	2020-07-09 00:00:00.000	2020-07-09 10:35:00.107
12195	1D9827	19908	\N	6	\N	6	2020-07-09 00:00:00.000	2020-07-09 12:43:45.530
12196	1W9640	19867	\N	6	\N	6	2020-07-09 00:00:00.000	2020-07-09 13:57:00.123
12197	1W9638	19918	\N	6	\N	6	2020-07-10 00:00:00.000	2020-07-10 13:00:14.967
12198	7N1	18357	\N	6	\N	6	2020-07-13 00:00:00.000	2020-07-13 09:58:37.283
12199	15X	16370	\N	6	\N	6	2020-07-13 00:00:00.000	2020-07-13 11:44:33.760
12200	1W9632	19726	\N	6	\N	6	2020-07-14 00:00:00.000	2020-07-14 17:17:23.943
12201	1J9505	19924	\N	6	\N	6	2020-07-15 00:00:00.000	2020-07-15 09:57:25.920
12202	4S9552	19925	\N	6	\N	6	2020-07-15 00:00:00.000	2020-07-15 09:57:38.390
12203	1D9843	19926	\N	6	\N	6	2020-07-16 00:00:00.000	2020-07-16 08:49:26.837
12204	4T9379	19897	\N	6	\N	6	2020-07-16 00:00:00.000	2020-07-16 16:15:44.333
12205	1N9403	19923	\N	6	\N	6	2020-07-17 00:00:00.000	2020-07-17 11:02:45.393
12206	4C9577	19856	\N	6	\N	6	2020-07-21 00:00:00.000	2020-07-21 10:07:00.797
12207	4B9241	19942	\N	6	\N	6	2020-07-24 00:00:00.000	2020-07-24 09:04:18.847
12208	4T9381	19956	\N	6	\N	6	2020-07-28 00:00:00.000	2020-07-28 09:17:30.687
12209	4B9243	19957	\N	6	\N	6	2020-07-28 00:00:00.000	2020-07-28 10:56:57.497
12210	1Z9617	19955	\N	6	\N	6	2020-07-28 00:00:00.000	2020-07-28 11:08:51.180
12211	1L9605	19959	\N	6	\N	6	2020-07-28 00:00:00.000	2020-07-28 11:21:10.850
12213	4C9579	19958	\N	6	\N	6	2020-07-28 00:00:00.000	2020-07-28 13:54:59.510
12214	1Z9618	19954	\N	1	\N	6	2020-07-29 00:00:00.000	2020-07-29 10:07:43.860
12215	4M9152	19962	\N	6	\N	6	2020-07-29 00:00:00.000	2020-07-29 11:16:08.713
12216	4B9242	19913	\N	6	\N	6	2020-07-29 00:00:00.000	2020-07-29 11:20:48.690
12217	1G9568	19640	\N	6	\N	6	2020-07-30 00:00:00.000	2020-07-30 17:03:20.603
12218	1P9849	19965	\N	6	\N	6	2020-08-03 00:00:00.000	2020-08-03 09:55:51.020
12219	1Z9615	19953	\N	9	\N	6	2020-08-03 00:00:00.000	2020-08-03 10:26:37.700
12220	RLP	19945	\N	1	\N	38	2020-08-03 00:00:00.000	2021-02-26 10:10:27.663
12221	1Z9611	19969	\N	6	\N	6	2020-08-03 00:00:00.000	2020-08-03 13:06:15.667
12222	7N0	19960	\N	6	\N	6	2020-08-03 00:00:00.000	2020-08-03 13:37:05.940
12223	HA6	19903	\N	1	\N	8	2020-08-04 00:00:00.000	2020-08-04 08:53:03.057
12224	1P9850	19981	\N	9	\N	6	2020-08-10 00:00:00.000	2020-08-10 12:12:09.480
12225	7N6	19967	\N	1	\N	6	2020-08-10 00:00:00.000	2020-08-10 13:16:57.947
12226	4M9153	19984	\N	6	\N	6	2020-08-10 00:00:00.000	2020-08-11 16:40:05.793
12227	4C9581	11846	\N	9	\N	6	2020-08-11 00:00:00.000	2020-08-11 11:20:24.187
12228	1Y9041	19912	\N	6	\N	6	2020-08-11 00:00:00.000	2020-08-11 15:35:25.690
12229	7NC	19987	\N	6	\N	6	2020-08-12 00:00:00.000	2020-08-12 13:13:35.887
12230	1U9184	19940	\N	1	\N	6	2020-08-12 00:00:00.000	2020-08-12 13:30:52.940
12231	1E9580	13827	\N	9	\N	6	2020-08-14 00:00:00.000	2020-08-14 12:34:52.507
12232	4T9382	19968	\N	1	\N	6	2020-08-14 00:00:00.000	2020-08-14 16:12:12.717
12233	4S9540	19348	\N	6	\N	6	2020-08-14 00:00:00.000	2020-08-14 16:36:48.463
12234	7ND	19983	\N	6	\N	6	2020-08-17 00:00:00.000	2020-08-17 13:36:48.687
12235	4M9154	19998	\N	9	\N	6	2020-08-17 00:00:00.000	2020-08-17 16:58:26.357
12236	1Z9620	19997	\N	1	\N	6	2020-08-18 00:00:00.000	2020-08-18 10:39:38.360
12237	4C9583	20001	\N	6	\N	6	2020-08-19 00:00:00.000	2020-08-19 11:28:34.860
12238	1J9498	19911	\N	6	\N	6	2020-08-20 00:00:00.000	2020-08-20 09:25:41.317
12239	4A9162	20010	\N	6	\N	6	2020-08-20 00:00:00.000	2020-08-20 14:37:20.373
12240	4S9558	19966	\N	6	\N	6	2020-08-21 00:00:00.000	2020-08-21 09:15:22.727
12241	1H9757	20014	\N	6	\N	6	2020-08-21 00:00:00.000	2020-08-21 13:02:43.663
12242	1J9508	19985	\N	6	\N	6	2020-08-21 00:00:00.000	2020-08-21 13:34:45.817
12243	1Z9616	19895	\N	6	\N	6	2020-08-24 00:00:00.000	2020-08-24 08:53:08.057
12244	4B9245	20012	\N	6	\N	6	2020-08-24 00:00:00.000	2020-08-24 16:21:50.840
12245	LPE	7330	\N	3	\N	8	2020-08-26 00:00:00.000	2020-08-26 10:39:20.833
12246	4S9560	19744	\N	10	\N	6	2020-08-27 00:00:00.000	2022-04-27 09:50:05.707
12247	4S9559	19744	\N	3	\N	6	2020-08-27 00:00:00.000	2022-04-27 10:00:27.630
12248	1R9917	20028	\N	6	\N	6	2020-08-27 00:00:00.000	2020-08-27 16:25:51.273
12249	4S9555	19991	\N	6	\N	6	2020-08-27 00:00:00.000	2020-08-27 17:02:54.247
12250	1L9606	20025	\N	6	\N	6	2020-08-28 00:00:00.000	2020-08-28 08:36:12.750
12251	VG9021	20030	\N	6	\N	11	2020-08-31 00:00:00.000	2020-08-31 10:23:47.633
12252	R4N	20032	\N	1	\N	8	2020-08-31 00:00:00.000	2020-08-31 10:40:48.110
12253	1L9607	19963	\N	6	\N	6	2020-08-31 00:00:00.000	2020-08-31 12:31:51.423
12254	4A9161	19994	\N	6	\N	6	2020-09-01 00:00:00.000	2020-09-01 10:14:38.033
12255	4T9378	19964	\N	6	\N	6	2020-09-01 00:00:00.000	2020-09-01 10:33:38.703
12256	1Z9596	20038	\N	6	\N	6	2020-09-01 00:00:00.000	2020-09-01 10:50:12.003
12257	1N9405	20046	\N	6	\N	6	2020-09-01 00:00:00.000	2020-09-01 14:32:45.450
12258	1G9585	20047	\N	6	\N	6	2020-09-02 00:00:00.000	2020-09-02 12:03:15.193
12259	1P9851	20040	\N	6	\N	6	2020-09-02 00:00:00.000	2020-09-02 12:59:06.503
12260	7NG	20008	\N	6	\N	6	2020-09-04 00:00:00.000	2020-09-04 09:14:18.133
12261	1N9391	19933	\N	6	\N	6	2020-09-04 00:00:00.000	2020-09-04 13:42:26.750
12262	4S9553	19916	\N	9	\N	6	2020-09-08 00:00:00.000	2020-09-08 10:01:40.130
12263	1B9105	20039	\N	6	\N	6	2020-09-08 00:00:00.000	2020-09-08 12:41:15.330
12264	4C9578	20057	\N	6	\N	6	2020-09-08 00:00:00.000	2020-09-08 16:32:47.337
12265	1D9833	20056	\N	9	\N	6	2020-09-09 00:00:00.000	2020-09-09 16:39:13.810
12266	2LE	20065	\N	6	\N	1	2020-09-10 00:00:00.000	2020-09-10 11:46:29.427
12267	4T9375	20071	\N	6	\N	6	2020-09-11 00:00:00.000	2020-09-11 12:57:10.090
12268	4T9383	20075	\N	6	\N	6	2020-09-11 00:00:00.000	2020-09-11 13:09:25.983
12269	1N9407	19990	\N	6	\N	6	2020-09-11 00:00:00.000	2020-09-11 13:34:36.387
12270	1R9920	20073	\N	6	\N	6	2020-09-11 00:00:00.000	2020-09-11 14:06:30.527
12271	1N9406	20076	\N	6	\N	6	2020-09-11 00:00:00.000	2020-09-11 16:16:37.653
12272	4T9377	20077	\N	6	\N	6	2020-09-11 00:00:00.000	2020-09-11 16:56:19.233
12273	4S9557	19977	\N	6	\N	6	2020-09-14 00:00:00.000	2020-09-14 09:39:07.803
12274	7NE	19117	\N	1	\N	6	2020-09-14 00:00:00.000	2020-09-14 13:21:24.960
12276	4B9247	20082	\N	6	\N	6	2020-09-15 00:00:00.000	2020-09-15 11:38:49.177
12277	1L9608	20085	\N	6	\N	6	2020-09-15 00:00:00.000	2020-09-15 17:09:56.223
12278	2W9099	982	\N	9	\N	1	2020-09-17 00:00:00.000	2020-09-17 16:07:40.133
12279	1P9852	20090	\N	6	\N	6	2020-09-18 00:00:00.000	2020-09-18 14:28:45.090
12280	4M9136	20053	\N	6	\N	6	2020-09-18 00:00:00.000	2020-09-18 15:30:34.643
12281	1F9526	20094	\N	6	\N	6	2020-09-21 00:00:00.000	2020-09-21 13:49:09.530
12282	1D9850	20093	\N	6	\N	6	2020-09-21 00:00:00.000	2020-09-21 13:58:40.843
12283	1A9938	20018	\N	6	\N	6	2020-09-21 00:00:00.000	2020-09-21 14:08:55.800
12284	1W9642	20011	\N	6	\N	6	2020-09-22 00:00:00.000	2020-09-22 12:22:40.957
12285	1W9641	20103	\N	6	\N	6	2020-09-22 00:00:00.000	2021-02-24 09:45:39.953
12286	1D9851	20105	\N	6	\N	6	2020-09-22 00:00:00.000	2020-09-22 13:06:55.463
12287	W09Z16	20068	\N	6	\N	2	2020-09-23 00:00:00.000	2020-09-23 09:31:13.587
12288	7NH	20107	\N	6	\N	6	2020-09-24 00:00:00.000	2020-09-24 10:57:57.130
12289	1H9747	19844	\N	1	\N	6	2020-09-24 00:00:00.000	2020-09-24 16:32:20.720
12290	1Z9622	18905	\N	6	\N	6	2020-09-25 00:00:00.000	2021-08-27 16:41:48.280
12291	1S9573	4738	\N	6	\N	6	2020-09-25 00:00:00.000	2020-09-25 14:25:32.447
12292	4S9562	20110	\N	6	\N	6	2020-09-28 00:00:00.000	2020-09-28 10:19:12.523
12293	LVP	15940	\N	2	\N	8	2020-09-28 00:00:00.000	2020-09-28 10:44:00.463
12294	4C9585	20106	\N	6	\N	6	2020-09-29 00:00:00.000	2020-09-29 13:35:30.650
12295	4A9165	20020	\N	6	\N	6	2020-09-29 00:00:00.000	2020-09-29 15:31:31.267
12296	1F9522	19951	\N	6	\N	6	2020-09-30 00:00:00.000	2020-09-30 13:43:39.723
12297	6K9605	20060	\N	6	\N	14	2020-10-01 00:00:00.000	2020-10-01 08:44:46.177
12298	4B9125	19852	\N	6	\N	6	2020-10-01 00:00:00.000	2020-10-01 11:42:21.347
12299	4M9156	20045	\N	6	\N	6	2020-10-01 00:00:00.000	2020-10-01 12:14:26.337
12300	7LU	20024	\N	6	\N	6	2020-10-01 00:00:00.000	2020-10-01 12:42:43.140
12301	1J9509	20081	\N	6	\N	6	2020-10-01 00:00:00.000	2020-10-01 13:07:31.923
12302	1L9609	20042	\N	6	\N	6	2020-10-01 00:00:00.000	2020-10-01 13:13:30.663
12303	4B9246	19656	\N	6	\N	6	2020-10-01 00:00:00.000	2020-10-01 14:19:18.183
12304	4S9544	16928	\N	2	\N	6	2020-10-02 00:00:00.000	2020-10-02 13:05:06.763
12305	389020	20126	\N	6	\N	45	2020-10-02 00:00:00.000	2022-01-10 09:53:38.473
12306	1H9750	19844	\N	1	\N	6	2020-10-05 00:00:00.000	2020-10-05 11:06:31.933
12307	7NP	19809	\N	6	\N	6	2020-10-05 00:00:00.000	2020-10-05 11:22:32.020
12308	4S9564	20132	\N	6	\N	6	2020-10-06 00:00:00.000	2020-10-06 10:14:50.437
12310	7NR	20129	\N	6	\N	6	2020-10-06 00:00:00.000	2022-04-18 15:33:33.823
12311	4T9388	20128	\N	6	\N	6	2020-10-06 00:00:00.000	2020-10-06 11:15:58.240
12312	1R9919	20091	\N	6	\N	6	2020-10-06 00:00:00.000	2020-10-06 11:55:28.183
12313	1R9922	20059	\N	6	\N	6	2020-10-06 00:00:00.000	2020-10-06 13:10:09.533
12314	1V9240	20104	\N	6	\N	6	2020-10-06 00:00:00.000	2020-10-06 14:58:22.033
12315	1V9241	20136	\N	6	\N	6	2020-10-07 00:00:00.000	2020-10-07 14:46:10.837
12316	5G2	984	\N	2	\N	6	2020-10-07 00:00:00.000	2020-10-07 15:36:36.043
12317	1F9135	16605	\N	6	\N	6	2020-10-08 00:00:00.000	2020-10-08 15:16:27.383
12318	1Z9564	20133	\N	6	\N	6	2020-10-08 00:00:00.000	2020-10-08 16:08:24.620
12319	4A9083	20140	\N	6	\N	6	2020-10-09 00:00:00.000	2020-10-09 11:32:14.217
12320	1J9507	20122	\N	6	\N	6	2020-10-09 00:00:00.000	2020-10-09 12:10:52.490
12321	1R9927	20141	\N	9	\N	6	2020-10-09 00:00:00.000	2020-10-09 12:32:31.200
12322	1Z9623	20114	\N	6	\N	6	2020-10-09 00:00:00.000	2020-10-09 13:12:46.367
12323	1L9610	20144	\N	6	\N	6	2020-10-09 00:00:00.000	2020-10-09 14:18:24.950
12324	1H9759	20119	\N	6	\N	6	2020-10-13 00:00:00.000	2020-10-13 11:44:21.733
12325	4M9157	20147	\N	6	\N	6	2020-10-13 00:00:00.000	2020-10-13 12:25:26.113
12326	4B9252	20148	\N	6	\N	6	2020-10-13 00:00:00.000	2020-10-13 12:28:51.897
12327	4B9253	20151	\N	6	\N	6	2020-10-13 00:00:00.000	2020-10-13 12:31:00.410
12328	4M9134	19588	\N	6	\N	6	2020-10-13 00:00:00.000	2026-05-14 08:31:44.180
12329	1R9925	20146	\N	6	\N	6	2020-10-13 00:00:00.000	2020-10-13 13:49:30.770
12330	1E9658	20156	\N	6	\N	6	2020-10-15 00:00:00.000	2020-10-15 14:34:57.433
12331	2A9217	6071	\N	10	\N	1	2020-10-15 00:00:00.000	2020-10-20 11:26:23.913
12332	4M9004	20135	\N	6	\N	6	2020-10-15 00:00:00.000	2020-10-15 15:18:11.000
12333	1E9659	20157	\N	6	\N	6	2020-10-15 00:00:00.000	2025-01-02 14:24:00.440
12334	4S9550	20158	\N	6	\N	6	2020-10-15 00:00:00.000	2020-10-15 16:20:14.617
12335	4S9568	20159	\N	6	\N	6	2020-10-16 00:00:00.000	2020-10-16 13:13:23.800
12336	7MZ	11887	\N	9	\N	6	2020-10-19 00:00:00.000	2025-06-17 10:48:58.430
12337	1G9592	20143	\N	6	\N	6	2020-10-20 00:00:00.000	2020-10-20 16:30:55.310
12338	5M4	11320	\N	6	\N	6	2020-10-21 00:00:00.000	2020-10-21 15:41:18.343
12339	1D9854	20163	\N	9	\N	6	2020-10-21 00:00:00.000	2020-10-21 16:09:31.683
12340	1G9594	20164	\N	6	\N	6	2020-10-21 00:00:00.000	2022-07-21 12:18:03.653
12341	1G9593	20167	\N	6	\N	6	2020-10-21 00:00:00.000	2020-10-21 17:11:38.003
12343	4A9157	19870	\N	6	\N	6	2020-10-26 00:00:00.000	2020-10-26 12:21:38.413
12344	LV2	19902	\N	1	\N	8	2020-10-26 00:00:00.000	2020-10-26 13:34:53.163
12345	1D9839	19014	\N	6	\N	6	2020-10-27 00:00:00.000	2020-10-27 08:44:17.653
12346	1Z9624	20149	\N	6	\N	6	2020-10-27 00:00:00.000	2020-10-27 10:53:48.187
12347	1R9932	20171	\N	6	\N	6	2020-10-27 00:00:00.000	2020-10-27 14:53:54.223
12348	6K9345	20179	\N	6	\N	14	2020-10-28 00:00:00.000	2020-10-28 12:27:52.820
12349	1G9595	20186	\N	6	\N	6	2020-10-30 00:00:00.000	2020-10-30 09:13:22.943
12350	4T9390	20181	\N	6	\N	6	2020-11-02 00:00:00.000	2020-11-02 13:27:33.353
12351	4T9387	20134	\N	6	\N	6	2020-11-02 00:00:00.000	2020-11-02 13:40:33.220
12352	4B9254	20190	\N	1	\N	6	2020-11-02 00:00:00.000	2020-11-02 16:58:00.750
12353	4B9237	20191	\N	6	\N	6	2020-11-02 00:00:00.000	2020-11-02 17:13:06.293
12354	1D9855	20188	\N	6	\N	6	2020-11-02 00:00:00.000	2020-11-02 17:28:20.020
12355	1K9409	20195	\N	6	\N	6	2020-11-03 00:00:00.000	2020-11-03 10:57:29.657
12356	3S9115	19944	\N	6	\N	12	2020-11-03 00:00:00.000	2020-11-03 12:35:14.610
12357	4C9592	20197	\N	6	\N	6	2020-11-03 00:00:00.000	2020-11-03 12:58:02.813
12358	1W9361	20172	\N	6	\N	6	2020-11-03 00:00:00.000	2020-11-03 13:16:36.187
12359	1D9856	20192	\N	6	\N	6	2020-11-03 00:00:00.000	2020-11-03 13:32:08.627
12360	7NV	20175	\N	6	\N	6	2020-11-04 00:00:00.000	2020-11-04 11:45:54.590
12361	1H9737	20200	\N	1	\N	6	2020-11-04 00:00:00.000	2020-11-04 11:56:59.220
12362	7NK	20016	\N	9	\N	6	2020-11-05 00:00:00.000	2020-11-05 11:16:10.633
12363	1N9393	19941	\N	3	\N	6	2020-11-05 00:00:00.000	2021-06-03 17:20:56.177
12364	4C9591	20207	\N	6	\N	6	2020-11-06 00:00:00.000	2020-11-06 14:32:27.987
12365	7NJ	20208	\N	9	\N	6	2020-11-06 00:00:00.000	2020-11-06 14:45:37.477
12366	1J9513	20202	\N	6	\N	6	2020-11-09 00:00:00.000	2020-11-09 09:16:28.080
12367	4C9593	20205	\N	6	\N	6	2020-11-09 00:00:00.000	2020-11-09 12:06:10.387
12368	4A9163	20142	\N	6	\N	6	2020-11-09 00:00:00.000	2020-11-09 12:16:24.587
12369	1K9332	20211	\N	6	\N	6	2020-11-10 00:00:00.000	2020-11-10 14:22:00.983
12370	4T9376	20215	\N	6	\N	6	2020-11-10 00:00:00.000	2020-11-10 17:06:40.497
12371	4T9395	20178	\N	6	\N	6	2020-11-11 00:00:00.000	2020-11-11 14:28:29.273
12372	7NZ	20218	\N	6	\N	6	2020-11-12 00:00:00.000	2020-11-12 16:12:41.393
12373	1K9411	20214	\N	6	\N	6	2020-11-12 00:00:00.000	2020-11-12 17:00:19.537
12374	1E9662	20212	\N	6	\N	6	2020-11-13 00:00:00.000	2021-12-07 17:29:40.593
12375	4S9569	20213	\N	9	\N	6	2020-11-13 00:00:00.000	2020-11-13 14:15:03.430
12376	1P9857	20137	\N	6	\N	6	2020-11-13 00:00:00.000	2020-11-13 16:35:56.187
12377	1Z9631	20222	\N	6	\N	6	2020-11-16 00:00:00.000	2020-11-16 14:13:05.090
12378	1P9845	20153	\N	6	\N	6	2020-11-17 00:00:00.000	2020-11-17 13:38:00.243
12379	MLW	18491	\N	1	\N	30	2020-11-17 00:00:00.000	2020-11-17 15:15:15.477
12380	1L9613	20228	\N	6	\N	6	2020-11-18 00:00:00.000	2020-11-18 20:12:35.257
12381	1W9645	20229	\N	6	\N	6	2020-11-18 00:00:00.000	2020-11-18 20:15:17.027
12382	4A9170	20231	\N	6	\N	6	2020-11-19 00:00:00.000	2020-11-19 12:43:30.537
12383	1F9531	20233	\N	6	\N	6	2020-11-20 00:00:00.000	2020-11-20 12:15:13.417
12384	1P9855	20234	\N	6	\N	6	2020-11-23 00:00:00.000	2020-11-23 13:52:51.490
12385	3F9063	20237	\N	6	\N	12	2020-11-23 00:00:00.000	2020-11-23 14:12:13.693
12386	3A9249	20034	\N	6	\N	12	2020-11-23 00:00:00.000	2020-11-23 15:51:57.050
12387	3D9028	20235	\N	6	\N	12	2020-11-23 00:00:00.000	2020-11-23 17:13:43.377
12388	1G9596	20154	\N	6	\N	6	2020-11-24 00:00:00.000	2020-11-24 10:19:18.183
12389	1K9410	20210	\N	6	\N	6	2020-11-24 00:00:00.000	2024-03-08 08:54:00.467
12390	7P1	20241	\N	6	\N	6	2020-11-24 00:00:00.000	2020-11-24 16:01:46.643
12391	XL9081	20236	\N	6	\N	31	2020-11-24 00:00:00.000	2020-11-24 16:09:47.443
12392	4B9250	20098	\N	6	\N	6	2020-11-24 00:00:00.000	2020-11-24 16:23:00.557
12393	1R9933	20242	\N	6	\N	6	2020-11-24 00:00:00.000	2020-11-24 16:30:35.250
12394	7NU	20244	\N	6	\N	6	2020-11-25 00:00:00.000	2024-07-11 09:39:16.110
12395	4A9160	20023	\N	6	\N	6	2020-11-25 00:00:00.000	2020-11-25 09:29:05.580
12396	1F9527	20089	\N	6	\N	6	2020-11-25 00:00:00.000	2020-11-25 11:51:15.970
12397	4T9380	20203	\N	6	\N	6	2020-11-25 00:00:00.000	2020-11-25 13:48:35.430
12398	1W9643	20169	\N	6	\N	6	2020-11-30 00:00:00.000	2020-11-30 11:49:48.880
12399	1Z9626	20245	\N	6	\N	6	2020-11-30 00:00:00.000	2020-11-30 15:58:29.610
12400	4T9299	20108	\N	6	\N	6	2020-12-01 00:00:00.000	2020-12-01 12:21:09.517
12401	1J9510	20209	\N	6	\N	6	2020-12-01 00:00:00.000	2020-12-01 13:43:43.367
12402	4M9162	20206	\N	6	\N	6	2020-12-02 00:00:00.000	2020-12-02 11:42:12.973
12403	4T9391	20220	\N	6	\N	6	2020-12-02 00:00:00.000	2020-12-02 12:22:52.333
12404	4B9258	20253	\N	6	\N	6	2020-12-03 00:00:00.000	2020-12-03 10:39:30.517
12405	1F9483	20189	\N	6	\N	6	2020-12-04 00:00:00.000	2020-12-04 12:11:03.563
12406	AF9SZ2	19898	\N	6	\N	10	2020-12-04 00:00:00.000	2022-01-10 09:55:48.093
12407	4C9589	20254	\N	6	\N	6	2020-12-04 00:00:00.000	2020-12-04 15:08:14.217
12408	7N5	20259	\N	6	\N	6	2020-12-09 00:00:00.000	2020-12-09 09:19:10.643
12409	4T9401	20261	\N	6	\N	6	2020-12-09 00:00:00.000	2020-12-09 09:27:24.080
12410	4B9251	20130	\N	6	\N	6	2020-12-09 00:00:00.000	2020-12-09 11:00:24.087
12411	1W9647	20256	\N	6	\N	6	2020-12-09 00:00:00.000	2020-12-09 13:27:48.970
12412	4S9548	19854	\N	6	\N	6	2020-12-09 00:00:00.000	2020-12-09 14:28:56.823
12413	1H9761	20243	\N	6	\N	6	2020-12-09 00:00:00.000	2020-12-09 15:13:26.757
12414	4C9594	20263	\N	6	\N	6	2020-12-11 00:00:00.000	2020-12-11 09:05:45.767
12415	NLN	19622	\N	5	\N	13	2020-12-11 00:00:00.000	2022-06-22 08:54:35.147
12416	4B9255	20223	\N	6	\N	6	2020-12-14 00:00:00.000	2020-12-14 09:13:54.390
12417	1G9576	20266	\N	6	\N	6	2020-12-15 00:00:00.000	2020-12-15 13:22:18.233
12418	4S9571	20281	\N	6	\N	6	2020-12-15 00:00:00.000	2020-12-15 15:00:11.150
12419	4S9551	20258	\N	6	\N	6	2020-12-16 00:00:00.000	2020-12-16 12:51:51.283
12420	4T9402	20285	\N	6	\N	6	2020-12-17 00:00:00.000	2020-12-17 11:43:29.303
12421	4T9399	20185	\N	6	\N	6	2020-12-21 00:00:00.000	2020-12-21 12:16:20.957
12422	1U9188	20294	\N	9	\N	6	2020-12-21 00:00:00.000	2020-12-21 12:18:58.963
12423	4M9142	20117	\N	6	\N	6	2020-12-21 00:00:00.000	2020-12-21 12:38:35.850
12424	1N9404	20265	\N	6	\N	6	2020-12-22 00:00:00.000	2020-12-22 11:21:49.393
12425	4T9404	20301	\N	6	\N	6	2020-12-23 00:00:00.000	2020-12-23 12:37:37.453
12426	4S9572	20302	\N	9	\N	6	2020-12-23 00:00:00.000	2020-12-23 13:05:03.490
12427	1R9936	20300	\N	1	\N	6	2020-12-23 00:00:00.000	2020-12-23 13:16:05.620
12428	7NY	20250	\N	3	1	6	2020-12-23 00:00:00.000	2020-12-23 14:21:34.603
12429	1K9413	20306	\N	6	\N	6	2020-12-28 00:00:00.000	2020-12-28 14:45:22.243
12430	1D9859	20308	\N	6	\N	6	2020-12-29 00:00:00.000	2020-12-29 14:52:40.200
12431	1E9661	20303	\N	6	\N	6	2020-12-29 00:00:00.000	2020-12-29 15:21:24.513
12432	4S9371	20311	\N	6	\N	6	2020-12-30 00:00:00.000	2020-12-30 14:42:46.673
12433	1L9615	20309	\N	1	\N	6	2020-12-30 00:00:00.000	2026-09-14 15:05:23.737
12434	4A9158	20251	\N	6	\N	6	2021-01-04 00:00:00.000	2021-01-04 08:49:20.223
12435	1Z9629	20176	\N	6	\N	6	2021-01-04 00:00:00.000	2021-01-04 09:18:33.693
12436	4B9218	20007	\N	6	\N	6	2021-01-04 00:00:00.000	2021-01-04 09:33:41.930
12437	1J9511	20009	\N	6	\N	6	2021-01-04 00:00:00.000	2021-01-04 09:43:35.670
12438	4T9398	20252	\N	6	\N	6	2021-01-04 00:00:00.000	2021-01-04 10:46:12.970
12439	7P5	20296	\N	6	\N	6	2021-01-04 00:00:00.000	2021-01-04 11:04:37.803
12440	1W9646	20257	\N	6	\N	6	2021-01-04 00:00:00.000	2021-01-04 12:15:09.730
12441	4T9400	20255	\N	6	\N	6	2021-01-04 00:00:00.000	2021-01-04 14:39:49.300
12442	5K8	5696	\N	6	\N	6	2021-01-05 00:00:00.000	2021-01-05 09:16:15.180
12443	4A9174	20315	\N	9	\N	6	2021-01-05 00:00:00.000	2021-01-05 12:18:23.157
12444	2T9206	2310	\N	6	\N	1	2021-01-05 00:00:00.000	2021-01-06 12:01:55.013
12445	1F9532	20317	\N	6	\N	6	2021-01-07 00:00:00.000	2021-01-07 09:27:40.070
12446	7N4	19919	\N	6	\N	6	2021-01-08 00:00:00.000	2021-01-08 10:13:55.217
12447	1L9576	19871	\N	10	\N	6	2021-01-08 00:00:00.000	2021-01-08 16:36:23.150
12448	7PA	20322	\N	6	\N	6	2021-01-11 00:00:00.000	2021-01-11 11:18:33.337
12449	7NW	18864	\N	6	\N	6	2021-01-11 00:00:00.000	2021-01-11 13:16:51.213
12450	4T9407	20331	\N	6	\N	6	2021-01-12 00:00:00.000	2021-01-12 09:13:52.547
12451	1H9766	20328	\N	6	\N	6	2021-01-12 00:00:00.000	2021-01-12 11:40:52.607
12452	1N9409	20221	\N	6	\N	6	2021-01-12 00:00:00.000	2021-01-12 12:53:35.253
12453	1F9528	20330	\N	6	\N	6	2021-01-12 00:00:00.000	2021-01-12 14:20:41.547
12454	4T9392	20337	\N	6	\N	6	2021-01-13 00:00:00.000	2021-01-13 10:41:34.153
12455	1N9411	7146	\N	6	\N	6	2021-01-13 00:00:00.000	2021-01-13 11:06:03.933
12456	1F9534	20339	\N	6	\N	6	2021-01-13 00:00:00.000	2021-01-13 16:09:49.713
12457	1H9767	19717	\N	6	\N	6	2021-01-14 00:00:00.000	2021-01-14 08:31:37.120
12458	1G9545	21444	\N	5	\N	6	2021-01-14 00:00:00.000	2022-03-24 11:34:48.947
12459	4C9572	20334	\N	6	\N	6	2021-01-15 00:00:00.000	2021-01-15 11:55:37.513
12460	1P9859	20329	\N	6	\N	6	2021-01-25 00:00:00.000	2022-04-01 16:40:06.070
12461	1R9938	20355	\N	6	\N	6	2021-01-25 00:00:00.000	2021-01-25 16:43:04.330
12462	1P9830	20357	\N	6	\N	6	2021-01-26 00:00:00.000	2021-01-26 12:38:48.797
12463	4T9394	20314	\N	6	\N	6	2021-01-26 00:00:00.000	2021-01-26 12:55:05.773
12464	PA9005	18772	\N	6	\N	167	2021-01-27 00:00:00.000	2021-01-27 15:19:01.017
12465	1D9864	20381	\N	9	\N	6	2021-01-27 00:00:00.000	2021-01-27 16:08:36.883
12466	4S9579	20382	\N	6	\N	6	2021-01-27 00:00:00.000	2021-01-27 16:23:46.300
12467	4C9602	20383	\N	6	\N	6	2021-01-27 00:00:00.000	2021-01-27 16:30:20.610
12468	6P1	14408	\N	6	\N	14	2021-01-28 00:00:00.000	2021-01-28 09:37:10.160
12469	3G9055	20064	\N	6	\N	12	2021-01-28 00:00:00.000	2021-01-28 14:07:13.240
12470	4A9176	20385	\N	6	\N	6	2021-01-28 00:00:00.000	2021-01-28 14:32:23.683
12471	4S9577	20387	\N	6	\N	6	2021-01-29 00:00:00.000	2021-01-29 09:06:37.637
12472	R56	20368	\N	1	\N	8	2021-01-29 00:00:00.000	2021-01-29 09:20:14.877
12473	4M9165	20389	\N	6	\N	6	2021-01-29 00:00:00.000	2021-01-29 14:56:33.793
12474	7P6	19596	\N	6	\N	6	2021-02-01 00:00:00.000	2021-06-08 09:45:00.210
12475	7P7	20325	\N	1	\N	6	2021-02-01 00:00:00.000	2021-02-01 12:58:46.447
12476	1R9937	20290	\N	6	\N	6	2021-02-01 00:00:00.000	2021-02-01 13:11:31.617
12477	7NF	20384	\N	1	\N	6	2021-02-01 00:00:00.000	2021-02-01 13:52:01.447
12478	1Z9632	20390	\N	6	\N	6	2021-02-02 00:00:00.000	2021-02-02 09:54:02.657
12479	7PK	19240	\N	6	\N	6	2021-02-02 00:00:00.000	2021-02-02 12:31:13.497
12480	4T9410	20333	\N	6	\N	6	2021-02-02 00:00:00.000	2021-02-02 12:48:37.367
12481	4T9411	20333	\N	9	\N	6	2021-02-02 00:00:00.000	2021-02-02 12:49:15.987
12482	4B9260	20396	\N	6	\N	6	2021-02-02 00:00:00.000	2021-02-02 14:48:02.763
12483	1W9626	20401	\N	6	\N	6	2021-02-03 00:00:00.000	2021-02-03 15:01:17.827
12484	7PE	20406	\N	6	\N	6	2021-02-04 00:00:00.000	2021-02-04 12:22:49.210
12485	1N9412	20375	\N	6	\N	6	2021-02-04 00:00:00.000	2021-02-04 12:32:32.423
12486	4B9264	20410	\N	6	\N	6	2021-02-05 00:00:00.000	2021-02-05 13:45:43.867
12487	7PJ	20411	\N	6	\N	6	2021-02-05 00:00:00.000	2021-02-05 14:23:18.753
12488	4T9405	20287	\N	6	\N	6	2021-02-08 00:00:00.000	2021-02-08 10:42:56.973
12489	3EV	17123	\N	6	\N	12	2021-02-08 00:00:00.000	2021-02-08 10:45:58.620
12490	2K9064	20363	\N	3	\N	1	2021-02-10 00:00:00.000	2021-02-10 08:43:18.800
12491	4T9079	20415	\N	6	\N	6	2021-02-10 00:00:00.000	2021-02-10 12:18:19.927
12492	4B9266	20417	\N	6	\N	6	2021-02-11 00:00:00.000	2021-02-11 11:14:14.957
12493	4C9606	20420	\N	6	\N	6	2021-02-11 00:00:00.000	2021-02-11 14:03:19.597
12494	1V9244	20423	\N	6	\N	6	2021-02-12 00:00:00.000	2021-02-12 09:24:53.307
12495	1L9622	20426	\N	6	\N	6	2021-02-12 00:00:00.000	2021-02-12 11:40:18.073
12496	1Z9420	20428	\N	6	\N	6	2021-02-15 00:00:00.000	2021-02-15 08:20:25.060
12497	4T9403	20080	\N	6	\N	6	2021-02-15 00:00:00.000	2021-02-15 09:06:10.343
12498	1L9612	20193	\N	6	\N	6	2021-02-15 00:00:00.000	2021-02-15 09:20:19.523
12499	7PM	19142	\N	6	\N	6	2021-02-15 00:00:00.000	2021-02-15 12:50:08.360
12500	1K9408	20431	\N	6	\N	6	2021-02-15 00:00:00.000	2021-02-15 14:47:29.770
12501	1G9604	20432	\N	6	\N	6	2021-02-15 00:00:00.000	2021-02-15 14:55:40.900
12502	4B9265	20392	\N	6	\N	6	2021-02-15 00:00:00.000	2021-02-15 15:06:32.917
12503	4A9178	20427	\N	6	\N	6	2021-02-15 00:00:00.000	2021-02-15 15:09:15.767
12504	1P9861	20425	\N	6	\N	6	2021-02-16 00:00:00.000	2021-02-16 08:31:40.190
12505	1L9618	20405	\N	6	\N	6	2021-02-16 00:00:00.000	2021-02-16 12:19:04.730
12506	1J9517	20434	\N	6	\N	6	2021-02-16 00:00:00.000	2021-02-16 13:37:15.633
12507	1L9601	19839	\N	6	\N	6	2021-02-17 00:00:00.000	2021-02-17 17:00:13.070
12508	1G9603	20399	\N	6	\N	6	2021-02-19 00:00:00.000	2021-02-19 09:36:49.703
12509	1H9770	20439	\N	6	\N	6	2021-02-22 00:00:00.000	2021-02-22 12:16:10.383
12510	4T9389	20442	\N	6	\N	6	2021-02-22 00:00:00.000	2021-02-22 13:26:08.253
12511	1K9325	20444	\N	6	\N	6	2021-02-22 00:00:00.000	2021-02-22 13:55:01.220
12512	1W9651	20450	\N	6	\N	6	2021-02-23 00:00:00.000	2021-02-23 10:12:06.537
12513	7F3	9110	\N	6	\N	6	2021-02-23 00:00:00.000	2021-02-23 13:00:21.470
12514	LR4	17279	\N	1	\N	8	2021-02-24 00:00:00.000	2021-03-03 19:36:56.707
12515	1Z9637	20353	\N	6	\N	6	2021-02-25 00:00:00.000	2021-02-25 12:52:37.087
12516	1G9602	20446	\N	6	\N	6	2021-02-26 00:00:00.000	2021-02-26 09:20:24.013
12517	4C9609	20448	\N	6	\N	6	2021-02-26 00:00:00.000	2021-02-26 09:54:11.820
12518	1D9867	20452	\N	6	\N	6	2021-02-26 00:00:00.000	2021-02-26 09:57:51.800
12519	1Y9042	20414	\N	6	\N	6	2021-02-26 00:00:00.000	2021-02-26 10:22:31.983
12520	4T9412	20451	\N	6	\N	6	2021-03-01 00:00:00.000	2021-03-01 11:09:55.040
12521	4S9578	20459	\N	6	\N	6	2021-03-01 00:00:00.000	2021-03-01 19:47:02.020
12522	4T9414	20460	\N	6	\N	6	2021-03-01 00:00:00.000	2021-03-01 19:54:28.503
12523	4C9601	20343	\N	6	\N	6	2021-03-02 00:00:00.000	2021-03-02 10:50:22.223
12524	4T9416	20466	\N	6	\N	6	2021-03-02 00:00:00.000	2021-03-02 19:06:36.130
12525	1G9552	20462	\N	6	\N	6	2021-03-02 00:00:00.000	2021-03-02 19:16:03.140
12526	1G9606	20463	\N	9	\N	6	2021-03-02 00:00:00.000	2021-03-02 19:24:24.320
12527	1H9769	20378	\N	6	\N	6	2021-03-04 00:00:00.000	2021-03-04 11:15:25.083
12528	7PH	20438	\N	6	\N	6	2021-03-04 00:00:00.000	2021-04-19 15:14:40.193
12529	4T9418	20476	\N	6	\N	6	2021-03-05 00:00:00.000	2021-12-30 16:00:10.807
12530	1H9772	20483	\N	6	\N	6	2021-03-09 00:00:00.000	2021-03-09 10:39:56.350
12531	1L9620	20445	\N	6	\N	6	2021-03-09 00:00:00.000	2021-03-09 11:09:16.413
12532	3A9290	20377	\N	6	\N	12	2021-03-09 00:00:00.000	2021-03-09 12:18:08.330
12533	7FC	18870	\N	3	\N	6	2021-03-09 00:00:00.000	2021-03-09 12:44:43.393
12534	1J9516	20486	\N	6	\N	6	2021-03-10 00:00:00.000	2021-03-10 08:33:06.763
12535	4C9612	20485	\N	6	\N	6	2021-03-10 00:00:00.000	2021-03-10 15:23:50.793
12536	1P9865	20457	\N	6	\N	6	2021-03-11 00:00:00.000	2021-03-11 10:20:59.477
12537	1E9666	20490	\N	9	\N	6	2021-03-11 00:00:00.000	2021-03-11 14:55:25.960
12538	1W9653	20454	\N	6	\N	6	2021-03-11 00:00:00.000	2021-03-11 20:49:59.207
12539	4T9415	20316	\N	6	\N	6	2021-03-12 00:00:00.000	2021-03-12 08:42:55.443
12540	4C9608	20424	\N	6	\N	6	2021-03-12 00:00:00.000	2021-03-12 09:27:23.613
12541	1U9190	20495	\N	6	\N	6	2021-03-15 00:00:00.000	2021-03-15 12:09:40.130
12542	1R9942	20497	\N	6	\N	6	2021-03-15 00:00:00.000	2021-03-15 12:11:24.277
12543	1D9868	20496	\N	6	\N	6	2021-03-15 00:00:00.000	2021-03-15 12:13:16.030
12544	4S9576	20404	\N	6	\N	6	2021-03-17 00:00:00.000	2021-03-17 13:51:42.110
12545	4C9600	20494	\N	6	\N	6	2021-03-19 00:00:00.000	2021-03-19 09:18:49.000
12546	1R9918	20019	\N	6	\N	6	2021-03-19 00:00:00.000	2021-03-19 09:33:28.033
12547	H0D	20511	\N	1	\N	8	2021-03-19 00:00:00.000	2022-09-14 13:58:04.580
12548	1E9663	20299	\N	6	\N	6	2021-03-19 00:00:00.000	2021-03-19 10:28:52.483
12550	1U9192	20513	\N	6	\N	6	2021-03-19 00:00:00.000	2021-03-19 14:25:47.073
12551	3NE	1132	\N	1	\N	12	2021-03-19 00:00:00.000	2022-01-10 09:37:45.687
12552	3NS	1132	\N	1	\N	12	2021-03-19 00:00:00.000	2022-01-10 09:38:03.857
12553	TAP	1132	\N	1	\N	39	2021-03-19 00:00:00.000	2022-01-10 09:36:38.760
12554	4B9270	20393	\N	6	\N	6	2021-03-19 00:00:00.000	2021-03-19 16:33:09.840
12555	7PT	20517	\N	6	\N	6	2021-03-22 00:00:00.000	2021-03-22 10:46:10.427
12556	1G9601	20523	\N	6	\N	6	2021-03-23 00:00:00.000	2021-03-23 13:49:38.743
12557	1Z9636	20521	\N	1	\N	6	2021-03-23 00:00:00.000	2021-03-23 13:59:25.850
12558	1R9941	20529	\N	6	\N	6	2021-03-24 00:00:00.000	2021-03-24 16:11:49.723
12559	1B9487	20380	\N	6	\N	6	2021-03-26 00:00:00.000	2021-03-26 09:23:40.407
12560	4A9177	20436	\N	6	\N	6	2021-03-26 00:00:00.000	2021-03-26 10:23:36.700
12561	2G9103	20509	\N	6	\N	1	2021-03-26 00:00:00.000	2021-03-26 11:32:56.967
12562	7P2	20037	\N	7	\N	6	2021-03-29 00:00:00.000	2021-03-29 09:12:39.373
12563	50E	15526	\N	2	\N	6	2021-03-30 00:00:00.000	2021-03-30 11:16:40.087
12564	4C9611	20540	\N	6	\N	6	2021-03-30 00:00:00.000	2021-03-30 12:40:41.773
12565	1J9515	20541	\N	6	\N	6	2021-03-30 00:00:00.000	2021-03-30 12:48:29.730
12566	1P9867	20536	\N	6	\N	6	2021-03-30 00:00:00.000	2021-03-30 13:28:43.513
12567	1V9247	20542	\N	6	\N	6	2021-03-30 00:00:00.000	2021-03-30 16:48:36.373
12568	4T9421	20543	\N	9	\N	6	2021-03-30 00:00:00.000	2021-03-30 16:57:06.540
12569	1L9625	20531	\N	6	\N	6	2021-03-31 00:00:00.000	2021-03-31 09:02:01.610
12570	1F9FT1	14541	\N	3	\N	6	2021-03-31 00:00:00.000	2021-03-31 12:12:00.877
12573	1F9ST2	14541	\N	3	\N	6	2021-03-31 00:00:00.000	2021-03-31 12:13:27.553
12574	1E9667	20551	\N	6	\N	6	2021-03-31 00:00:00.000	2021-03-31 16:26:46.730
12575	4C9617	20550	\N	9	\N	6	2021-03-31 00:00:00.000	2021-03-31 16:38:36.690
12576	1G9605	20548	\N	6	\N	6	2021-03-31 00:00:00.000	2021-03-31 17:05:39.690
12577	4M9167	20547	\N	6	\N	6	2021-04-01 00:00:00.000	2021-04-01 09:49:43.910
12578	4T9419	20324	\N	6	\N	5	2021-04-01 00:00:00.000	2021-04-01 15:39:33.900
12579	4C9615	20005	\N	6	\N	6	2021-04-01 00:00:00.000	2021-04-01 16:03:53.893
12580	4S9586	20515	\N	6	\N	6	2021-04-01 00:00:00.000	2021-04-01 16:30:22.570
12581	4A9172	20504	\N	6	\N	6	2021-04-01 00:00:00.000	2021-04-01 16:40:43.703
12582	1L9627	20557	\N	9	\N	6	2021-04-02 00:00:00.000	2021-04-02 14:13:30.683
12583	2P9001	13545	\N	5	\N	1	2021-04-02 00:00:00.000	2021-04-02 16:25:04.017
12584	4S9588	20561	\N	6	\N	6	2021-04-05 00:00:00.000	2021-04-05 15:49:59.517
12585	4M9173	19506	\N	6	\N	6	2021-04-09 00:00:00.000	2021-04-09 14:51:19.673
12586	4T9424	20571	\N	6	\N	6	2021-04-12 00:00:00.000	2021-04-12 10:37:20.903
12587	1H9774	20563	\N	6	\N	6	2021-04-12 00:00:00.000	2021-04-12 16:37:36.530
12588	1W9654	20552	\N	6	\N	6	2021-04-14 00:00:00.000	2021-04-14 10:49:09.880
12589	4T9425	20577	\N	6	\N	6	2021-04-14 00:00:00.000	2021-04-14 15:43:59.887
12590	4S9592	20575	\N	6	\N	6	2021-04-15 00:00:00.000	2021-04-15 09:54:33.057
12591	4T9413	20416	\N	6	\N	6	2021-04-16 00:00:00.000	2021-04-16 08:18:46.113
12592	1Z9638	20559	\N	6	\N	6	2021-04-16 00:00:00.000	2021-04-16 08:33:40.620
12593	4B9268	20412	\N	6	\N	6	2021-04-16 00:00:00.000	2021-04-16 10:02:05.247
12594	4A9185	20533	\N	6	\N	6	2021-04-16 00:00:00.000	2021-04-16 12:38:51.630
12595	4S9583	20480	\N	6	\N	6	2021-04-16 00:00:00.000	2021-04-16 15:42:32.630
12596	4S9593	20580	\N	6	\N	6	2021-04-19 00:00:00.000	2021-04-19 10:34:37.770
12597	4B9273	20606	\N	6	\N	6	2021-04-20 00:00:00.000	2021-04-20 14:17:40.930
12598	4B9275	20569	\N	6	\N	6	2021-04-21 00:00:00.000	2021-04-21 13:33:03.810
12599	1K9416	20614	\N	6	\N	6	2021-04-21 00:00:00.000	2021-04-21 15:32:57.053
12600	R5H	20592	\N	1	\N	57	2021-04-22 00:00:00.000	2021-04-22 11:01:54.343
12601	1F9542	20619	\N	6	\N	6	2021-04-22 00:00:00.000	2021-04-22 16:34:01.570
12602	4A9173	20335	\N	1	\N	6	2021-04-22 00:00:00.000	2021-04-22 16:44:23.547
12603	4T9385	20072	\N	6	\N	6	2021-04-23 00:00:00.000	2021-04-23 08:57:48.620
12604	4B9276	20624	\N	6	\N	6	2021-04-26 00:00:00.000	2021-04-26 10:47:58.130
12605	4S9582	20572	\N	6	\N	6	2021-04-26 00:00:00.000	2021-04-26 11:13:26.570
12606	4B9279	20607	\N	6	\N	6	2021-04-26 00:00:00.000	2021-04-26 11:51:12.867
12607	4B9278	20626	\N	6	\N	6	2021-04-26 00:00:00.000	2021-04-26 13:00:39.013
12608	1L9629	20628	\N	6	\N	6	2021-04-26 00:00:00.000	2021-04-26 15:00:45.693
12609	1J9519	20631	\N	6	\N	6	2021-04-27 00:00:00.000	2021-04-27 16:45:23.043
12610	4B9217	20636	\N	6	\N	6	2021-04-28 00:00:00.000	2021-04-28 09:07:06.063
12611	7R8	20633	\N	6	\N	6	2021-04-28 00:00:00.000	2021-04-28 09:28:19.730
12612	7P3	20310	\N	1	\N	6	2021-04-29 00:00:00.000	2021-04-29 10:21:54.110
12613	3T9252	20366	\N	6	\N	12	2021-04-29 00:00:00.000	2021-04-29 11:10:15.833
12614	2TL	19927	\N	6	\N	1	2021-04-29 00:00:00.000	2021-04-29 12:50:05.640
12615	1L9630	20503	\N	6	\N	6	2021-04-29 00:00:00.000	2021-04-29 15:55:49.833
12616	7R6	20640	\N	6	\N	6	2021-04-29 00:00:00.000	2021-04-29 16:01:54.253
12617	1P9800	20477	\N	6	\N	6	2021-04-30 00:00:00.000	2021-04-30 09:21:09.390
12618	56M	20576	\N	1	\N	6	2021-04-30 00:00:00.000	2021-04-30 09:31:28.257
12619	4M9168	20620	\N	6	\N	6	2021-04-30 00:00:00.000	2021-04-30 11:09:14.547
12620	1R9930	20612	\N	6	\N	6	2021-04-30 00:00:00.000	2021-04-30 12:34:47.943
12621	4A9179	20642	\N	6	\N	6	2021-04-30 00:00:00.000	2021-04-30 16:39:24.917
12622	4C9619	20613	\N	6	\N	6	2021-05-03 00:00:00.000	2021-05-03 08:30:56.077
12623	7PN	20498	\N	6	\N	6	2021-05-03 00:00:00.000	2021-05-03 11:42:35.140
12624	4C9618	20646	\N	6	\N	6	2021-05-03 00:00:00.000	2021-05-03 15:42:16.920
12625	1Z9639	20573	\N	6	\N	6	2021-05-03 00:00:00.000	2021-05-03 15:49:14.410
12626	1X9041	20625	\N	6	\N	6	2021-05-03 00:00:00.000	2021-05-03 16:53:40.160
12627	1H9776	20545	\N	6	\N	6	2021-05-04 00:00:00.000	2021-05-04 10:05:55.963
12628	4M9172	20623	\N	6	\N	6	2021-05-04 00:00:00.000	2021-05-04 11:05:45.627
12629	7R4	17011	\N	9	\N	6	2021-05-04 00:00:00.000	2025-03-21 12:17:01.403
12630	1D9874	20652	\N	6	\N	6	2021-05-05 00:00:00.000	2021-05-05 15:43:02.097
12631	1H9778	20654	\N	6	\N	6	2021-05-06 00:00:00.000	2021-05-06 11:47:14.400
12632	1D9875	20661	\N	6	\N	6	2021-05-07 00:00:00.000	2021-05-07 15:25:48.233
12633	7RB	19962	\N	6	\N	6	2021-05-07 00:00:00.000	2021-05-07 15:36:34.947
12634	1P9660	20645	\N	6	\N	6	2021-05-10 00:00:00.000	2021-05-10 12:43:09.280
12635	1J9521	20663	\N	6	\N	6	2021-05-10 00:00:00.000	2021-05-10 13:03:14.110
12636	4T9427	20664	\N	6	\N	6	2021-05-10 00:00:00.000	2021-05-10 13:18:18.653
12637	4M9176	20659	\N	6	\N	6	2021-05-10 00:00:00.000	2021-05-10 13:55:38.403
12638	1A9915	20516	\N	6	\N	6	2021-05-12 00:00:00.000	2021-05-12 08:34:36.430
12639	1A9914	20516	\N	5	\N	6	2021-05-12 00:00:00.000	2021-05-12 08:35:08.797
12640	1F9544	20675	\N	6	\N	6	2021-05-14 00:00:00.000	2021-05-14 15:55:37.993
12641	1F9543	20672	\N	6	\N	6	2021-05-17 00:00:00.000	2021-05-17 15:33:27.107
12642	7NA	20470	\N	3	\N	6	2021-05-18 00:00:00.000	2021-05-18 09:34:00.880
12643	1Z9641	20683	\N	6	\N	6	2021-05-19 00:00:00.000	2021-05-19 12:41:33.197
12644	4S9597	20679	\N	6	\N	6	2021-05-20 00:00:00.000	2021-05-20 16:38:52.867
12645	1R9948	20684	\N	6	\N	6	2021-05-21 00:00:00.000	2021-05-21 08:25:59.257
12646	1H9764	20677	\N	6	\N	6	2021-05-24 00:00:00.000	2021-05-24 09:27:08.227
12647	4S9595	20686	\N	6	\N	6	2021-05-24 00:00:00.000	2021-05-24 09:35:16.350
12648	4C9623	20692	\N	9	\N	6	2021-05-25 00:00:00.000	2021-05-25 17:26:36.910
12649	4T9428	20702	\N	6	\N	6	2021-05-26 00:00:00.000	2021-05-26 12:31:53.833
12650	6B9AE6	20066	\N	6	\N	14	2021-05-27 00:00:00.000	2021-05-27 08:59:33.290
12651	4S9561	20554	\N	6	\N	6	2021-05-27 00:00:00.000	2021-05-27 13:12:41.580
12652	U89WL9	20070	\N	6	\N	75	2021-05-28 00:00:00.000	2021-05-28 11:54:10.743
12653	1R9943	20505	\N	6	\N	6	2021-06-01 00:00:00.000	2021-06-01 10:29:39.067
12654	4A9189	20527	\N	6	\N	6	2021-06-01 00:00:00.000	2021-06-01 10:45:40.700
12655	3G9056	20590	\N	6	\N	12	2021-06-01 00:00:00.000	2021-06-01 11:08:38.617
12656	1V9237	20685	\N	6	\N	6	2021-06-01 00:00:00.000	2021-06-01 11:44:21.543
12657	1Z9644	20705	\N	6	\N	6	2021-06-01 00:00:00.000	2021-06-01 17:33:53.893
12658	1R9950	20706	\N	9	\N	6	2021-06-01 00:00:00.000	2021-06-01 17:41:54.530
12659	5NT	15712	\N	3	\N	6	2021-06-02 00:00:00.000	2021-06-02 10:30:35.090
12660	4S0	15375	\N	6	\N	6	2021-06-03 00:00:00.000	2021-06-03 13:27:20.767
12661	1U9187	20711	\N	6	\N	6	2021-06-07 00:00:00.000	2021-06-07 13:57:00.953
12662	4B9174	11992	\N	3	\N	6	2021-06-08 00:00:00.000	2026-04-15 13:54:51.530
12663	1E9671	20713	\N	6	\N	6	2021-06-09 00:00:00.000	2021-06-09 13:02:52.060
12664	4C9625	20714	\N	6	\N	6	2021-06-09 00:00:00.000	2021-06-09 14:31:23.863
12665	7RF	20715	\N	6	\N	6	2021-06-09 00:00:00.000	2021-06-09 14:32:51.983
12666	4T9429	20678	\N	6	\N	6	2021-06-09 00:00:00.000	2021-06-09 16:03:07.227
12667	4S9601	20718	\N	6	\N	6	2021-06-10 00:00:00.000	2021-06-10 13:34:46.260
12668	7MC	20720	\N	6	\N	6	2021-06-11 00:00:00.000	2021-06-11 15:03:15.287
12669	7NX	20113	\N	6	\N	6	2021-06-11 00:00:00.000	2021-06-11 15:26:28.750
12670	4A9198	20721	\N	6	\N	6	2021-06-11 00:00:00.000	2021-06-11 15:43:58.120
12671	4S9594	20716	\N	6	\N	6	2021-06-14 00:00:00.000	2021-06-14 09:43:03.463
12672	1Z9640	20723	\N	9	\N	6	2021-06-15 00:00:00.000	2021-06-15 15:18:31.167
12673	4T9430	20725	\N	6	\N	6	2021-06-15 00:00:00.000	2021-06-15 15:58:57.610
12674	1D9877	20724	\N	6	\N	6	2021-06-15 00:00:00.000	2021-06-15 16:06:00.180
12675	4M9041	15691	\N	6	\N	6	2021-06-16 00:00:00.000	2021-06-16 13:49:03.840
12676	2M9202	19689	\N	6	\N	1	2021-06-16 00:00:00.000	2021-06-16 14:08:50.907
12677	1T9428	2001	\N	6	\N	6	2021-06-16 00:00:00.000	2021-06-16 15:08:26.043
12678	10H	12469	\N	6	\N	6	2021-06-17 00:00:00.000	2021-06-17 14:52:17.583
12679	4B9267	20732	\N	6	\N	6	2021-06-21 00:00:00.000	2021-06-21 10:48:46.273
12680	7RM	18804	\N	6	\N	6	2021-06-21 00:00:00.000	2021-06-21 11:03:17.577
12681	4C9607	20373	\N	6	\N	6	2021-06-22 00:00:00.000	2021-06-22 13:39:57.327
12682	1E9672	20735	\N	6	\N	6	2021-06-22 00:00:00.000	2021-06-22 14:31:59.913
12683	4S9603	20736	\N	6	\N	6	2021-06-22 00:00:00.000	2021-06-22 14:50:41.143
12684	6V9055	20726	\N	6	\N	14	2021-06-23 00:00:00.000	2021-06-23 09:19:02.103
12685	2W9093	20728	\N	6	\N	1	2021-06-23 00:00:00.000	2021-06-23 11:28:56.670
12686	4S9604	20745	\N	6	\N	6	2021-06-24 00:00:00.000	2021-06-24 16:12:45.167
12687	4A9193	20746	\N	6	\N	6	2021-06-24 00:00:00.000	2021-06-24 16:31:20.877
12688	4M9179	20712	\N	6	\N	6	2021-06-24 00:00:00.000	2021-06-24 16:42:40.003
12689	4A9192	20746	\N	1	\N	6	2021-06-24 00:00:00.000	2021-06-24 17:01:32.790
12690	1R9951	20747	\N	6	\N	6	2021-06-24 00:00:00.000	2021-06-24 17:25:24.597
12691	4C9627	20748	\N	6	\N	6	2021-06-25 00:00:00.000	2021-06-25 10:21:41.333
12692	7R3	6099	\N	9	\N	6	2021-06-28 00:00:00.000	2021-06-28 14:54:08.410
12693	1D9871	20566	\N	6	\N	6	2021-06-28 00:00:00.000	2021-06-28 15:59:07.043
12694	7R7	20752	\N	6	\N	6	2021-06-29 00:00:00.000	2021-06-29 17:23:48.000
12695	4S9566	20247	\N	1	\N	6	2021-06-29 00:00:00.000	2021-06-29 17:38:33.480
12696	4M9177	20648	\N	6	\N	6	2021-06-30 00:00:00.000	2021-06-30 10:01:08.437
12697	7RN	13879	\N	6	\N	6	2021-07-01 00:00:00.000	2021-07-01 14:48:36.567
12698	1G9611	20760	\N	6	\N	6	2021-07-01 00:00:00.000	2021-07-01 16:11:24.210
12699	7PF	20336	\N	6	\N	6	2021-07-01 00:00:00.000	2021-07-01 16:31:20.700
12700	4C9034	20658	\N	2	\N	6	2021-07-01 00:00:00.000	2021-07-01 16:42:34.653
12701	1P9868	20694	\N	6	\N	6	2021-07-01 00:00:00.000	2021-07-01 16:50:47.647
12702	7RR	20756	\N	6	\N	6	2021-07-02 00:00:00.000	2021-07-02 09:23:29.140
12703	4A9196	20731	\N	6	\N	6	2021-07-02 00:00:00.000	2021-07-02 09:32:22.840
12704	1V9249	20693	\N	6	\N	6	2021-07-07 00:00:00.000	2021-07-07 08:40:24.567
12705	2SG	1410	\N	6	\N	1	2021-07-08 00:00:00.000	2021-07-08 11:23:27.483
12706	1R9923	20139	\N	6	\N	6	2021-07-08 00:00:00.000	2023-07-06 13:23:14.563
12707	1Z9642	20776	\N	6	\N	6	2021-07-08 00:00:00.000	2021-07-08 11:46:29.540
12708	1H9756	19660	\N	6	\N	6	2021-07-08 00:00:00.000	2021-07-08 15:27:47.343
12709	1W9637	20657	\N	6	\N	6	2021-07-09 00:00:00.000	2021-07-09 09:23:05.987
12710	57G	16015	\N	1	\N	6	2021-07-12 00:00:00.000	2021-07-12 11:49:41.977
12711	7PP	20782	\N	6	\N	6	2021-07-13 00:00:00.000	2021-07-13 13:11:43.520
12712	2H9096	14742	\N	6	\N	1	2021-07-13 00:00:00.000	2021-07-13 13:24:19.520
12713	2P9027	14742	\N	6	\N	1	2021-07-13 00:00:00.000	2021-07-13 13:24:43.890
12714	1H9781	20796	\N	6	\N	6	2021-07-16 00:00:00.000	2021-07-16 13:29:43.193
12715	3EW	20791	\N	6	\N	12	2021-07-19 00:00:00.000	2021-07-19 08:51:29.450
12716	4A9188	20801	\N	6	\N	6	2021-07-20 00:00:00.000	2021-07-20 08:11:59.747
12717	1R9781	20783	\N	6	\N	6	2021-07-20 00:00:00.000	2021-07-20 08:20:46.900
12718	7RS	20799	\N	6	\N	6	2021-07-21 00:00:00.000	2021-07-21 09:07:56.097
12719	8A9MAC	20798	\N	6	\N	17	2021-07-21 00:00:00.000	2021-07-21 09:28:50.640
12720	1H9762	20145	\N	6	\N	6	2021-07-21 00:00:00.000	2021-07-21 15:30:18.317
12721	3CV	20774	\N	6	\N	12	2021-07-21 00:00:00.000	2021-07-21 16:04:08.737
12722	1L9633	20474	\N	6	\N	6	2021-07-22 00:00:00.000	2021-07-22 12:06:11.987
12723	1E9675	20790	\N	6	\N	6	2021-07-22 00:00:00.000	2021-07-22 15:04:41.390
12724	1R9953	20809	\N	6	\N	6	2021-07-22 00:00:00.000	2021-07-22 15:29:05.770
12725	4A9203	20810	\N	6	\N	6	2021-07-23 00:00:00.000	2021-07-23 09:57:36.013
12726	1Z9652	20819	\N	6	\N	6	2021-07-27 00:00:00.000	2021-07-27 08:15:22.273
12727	1F9548	20794	\N	6	\N	6	2021-07-27 00:00:00.000	2021-07-27 11:38:41.727
12728	3S9103	20829	\N	6	\N	12	2021-07-28 00:00:00.000	2021-07-28 10:59:26.363
12729	7RU	16298	\N	6	\N	6	2021-07-28 00:00:00.000	2022-01-03 13:06:57.057
12730	1Z9646	20815	\N	6	\N	6	2021-07-29 00:00:00.000	2021-08-03 12:03:59.333
12731	4C9631	20842	\N	6	\N	6	2021-07-29 00:00:00.000	2021-07-29 14:41:16.863
12732	7RW	20832	\N	6	\N	6	2021-07-30 00:00:00.000	2021-07-30 10:00:42.617
12733	4C9632	20843	\N	6	\N	6	2021-07-30 00:00:00.000	2021-07-30 14:40:53.613
12734	1D9878	20831	\N	6	\N	6	2021-07-30 00:00:00.000	2021-07-30 15:12:02.503
12735	3F9066	20837	\N	6	\N	12	2021-07-30 00:00:00.000	2021-07-30 15:30:03.653
12736	1H9729	20759	\N	6	\N	6	2021-08-02 00:00:00.000	2021-08-02 08:42:33.630
12737	4S9596	19972	\N	6	\N	6	2021-08-02 00:00:00.000	2021-08-02 12:47:31.507
12738	1G9577	20578	\N	6	\N	6	2021-08-02 00:00:00.000	2021-08-02 13:00:20.910
12739	4S9599	20710	\N	9	\N	6	2021-08-02 00:00:00.000	2021-08-02 13:12:38.743
12740	1H9780	20811	\N	6	\N	6	2021-08-02 00:00:00.000	2021-08-02 14:10:30.157
12741	1E9677	20844	\N	6	\N	6	2021-08-02 00:00:00.000	2021-08-02 14:32:11.740
12742	4T9384	20845	\N	6	\N	6	2021-08-03 00:00:00.000	2021-08-03 09:26:54.223
12743	R36	20834	\N	1	\N	8	2021-08-03 00:00:00.000	2021-08-03 10:19:33.227
12744	590	7239	\N	6	\N	6	2021-08-03 00:00:00.000	2025-09-29 15:21:26.683
12745	4S9584	20840	\N	6	\N	6	2021-08-03 00:00:00.000	2021-08-03 12:24:14.130
12746	1F9547	20812	\N	6	\N	6	2021-08-04 00:00:00.000	2021-08-04 08:54:51.627
12747	1L9634	20853	\N	6	\N	6	2021-08-04 00:00:00.000	2021-08-04 09:05:48.870
12748	1J9492	10663	\N	1	\N	6	2021-08-04 00:00:00.000	2021-08-04 09:13:28.430
12749	4T9433	20848	\N	6	\N	6	2021-08-05 00:00:00.000	2021-08-05 10:48:11.280
12750	4B9283	20816	\N	6	\N	6	2021-08-05 00:00:00.000	2021-08-05 13:09:33.470
12751	4B9274	20562	\N	6	\N	6	2021-08-06 00:00:00.000	2021-08-06 14:11:24.833
12752	5B5	20867	\N	6	\N	6	2021-08-06 00:00:00.000	2021-08-06 15:30:36.320
12753	4M9182	20826	\N	6	\N	6	2021-08-06 00:00:00.000	2021-08-06 15:50:16.947
12754	7PD	18870	\N	7	\N	6	2021-08-12 00:00:00.000	2021-08-12 09:55:18.697
12755	2A9218	20871	\N	6	\N	1	2021-08-12 00:00:00.000	2021-08-12 11:20:34.467
12756	W09A24	20789	\N	6	\N	2	2021-08-12 00:00:00.000	2021-08-12 11:30:25.140
12757	1F9549	19466	\N	6	\N	6	2021-08-12 00:00:00.000	2021-08-12 13:14:35.163
12758	1K9419	20885	\N	1	\N	6	2021-08-12 00:00:00.000	2021-08-12 13:23:27.563
12759	4C9634	20888	\N	6	\N	6	2021-08-12 00:00:00.000	2021-08-12 14:52:27.027
12760	4A9181	20184	\N	9	\N	6	2021-08-12 00:00:00.000	2021-08-12 15:41:03.640
12761	1L9635	20890	\N	6	\N	6	2021-08-16 00:00:00.000	2021-08-16 14:13:25.697
12762	1U9159	20891	\N	6	\N	6	2021-08-16 00:00:00.000	2021-08-16 14:22:43.193
12763	7S0	20892	\N	6	\N	6	2021-08-16 00:00:00.000	2021-08-16 14:33:06.903
12764	5CW	10121	\N	6	\N	6	2021-08-16 00:00:00.000	2021-08-16 14:45:53.537
12765	4T9435	20899	\N	9	\N	6	2021-08-18 00:00:00.000	2021-08-18 14:13:18.900
12766	3S9032	20881	\N	6	\N	12	2021-08-18 00:00:00.000	2021-08-18 14:36:19.327
12767	4C9636	20905	\N	6	\N	6	2021-08-19 00:00:00.000	2021-08-19 17:15:23.253
12768	6V9067	20878	\N	6	\N	14	2021-08-20 00:00:00.000	2021-08-20 11:14:04.547
12769	1G9616	20901	\N	6	\N	6	2021-08-20 00:00:00.000	2021-08-20 15:55:32.110
12770	1R9949	20668	\N	6	\N	6	2021-08-24 00:00:00.000	2021-08-24 10:54:00.283
12771	1V9251	20733	\N	9	\N	6	2021-08-24 00:00:00.000	2021-08-24 11:25:49.910
12772	1Z9654	20886	\N	6	\N	6	2021-08-24 00:00:00.000	2021-08-24 11:36:53.840
12773	1G9597	20805	\N	6	\N	6	2021-08-24 00:00:00.000	2021-08-24 11:49:13.850
12774	1L9632	20850	\N	6	\N	6	2021-08-24 00:00:00.000	2021-08-24 12:03:38.213
12775	1Z9643	20902	\N	6	\N	6	2021-08-24 00:00:00.000	2021-08-24 12:25:58.470
12776	4M9183	20910	\N	9	\N	6	2021-08-25 00:00:00.000	2025-02-03 09:52:43.000
12777	4B9195	20911	\N	6	\N	6	2021-08-25 00:00:00.000	2021-08-25 10:55:54.337
12778	4A9201	20866	\N	6	\N	6	2021-08-25 00:00:00.000	2021-08-25 11:11:15.417
12779	4M9169	20729	\N	6	\N	6	2021-08-25 00:00:00.000	2021-08-25 14:48:26.650
12780	4S9609	20887	\N	6	\N	6	2021-08-26 00:00:00.000	2021-08-26 17:12:20.230
12781	3G9060	20874	\N	6	\N	12	2021-08-27 00:00:00.000	2021-08-27 08:35:16.357
12782	1D9880	20919	\N	9	\N	6	2021-08-30 00:00:00.000	2021-08-30 16:26:51.950
12783	4A9169	16036	\N	6	\N	6	2021-08-31 00:00:00.000	2021-08-31 09:19:07.193
12784	1F9545	20920	\N	6	\N	6	2021-08-31 00:00:00.000	2021-08-31 16:02:09.467
12785	7RL	20898	\N	6	\N	6	2021-09-01 00:00:00.000	2021-09-01 08:41:34.907
12786	4S9605	20605	\N	6	\N	6	2021-09-01 00:00:00.000	2021-09-01 12:19:49.863
12787	1E9669	20689	\N	6	\N	6	2021-09-01 00:00:00.000	2021-09-01 12:36:08.660
12788	VF9964	20739	\N	6	\N	11	2021-09-01 00:00:00.000	2021-09-01 12:58:29.230
12789	4C9629	20804	\N	6	\N	6	2021-09-01 00:00:00.000	2021-09-01 13:36:38.317
12790	7NB	19421	\N	6	\N	6	2021-09-02 00:00:00.000	2021-09-02 11:09:44.637
12791	1G9614	20906	\N	6	\N	6	2021-09-02 00:00:00.000	2021-09-02 13:00:16.347
12792	1N9417	20924	\N	6	\N	6	2021-09-02 00:00:00.000	2021-09-02 15:41:26.663
12793	1P9873	20923	\N	6	\N	6	2021-09-02 00:00:00.000	2021-09-02 15:55:52.320
12794	2DA	5553	\N	6	\N	1	2021-09-03 00:00:00.000	2021-09-03 12:17:06.783
12795	7S5	20927	\N	6	\N	6	2021-09-03 00:00:00.000	2021-09-03 12:53:31.203
12796	4A9195	20699	\N	6	\N	6	2021-09-03 00:00:00.000	2021-09-03 16:12:47.733
12797	SD7	956	\N	7	\N	5	2021-09-07 00:00:00.000	2021-09-07 09:59:31.657
12798	7S3	20908	\N	6	\N	6	2021-09-09 00:00:00.000	2021-09-09 13:14:54.493
12799	4T9437	20938	\N	6	\N	6	2021-09-09 00:00:00.000	2021-09-09 13:16:22.967
12800	3C9230	19096	\N	6	\N	12	2021-09-09 00:00:00.000	2021-09-09 15:33:09.577
12801	4A9200	20928	\N	6	\N	6	2021-09-10 00:00:00.000	2021-09-10 11:38:52.493
12802	2A9219	20934	\N	6	\N	1	2021-09-10 00:00:00.000	2021-09-10 14:08:27.580
12803	3D9026	19098	\N	6	\N	12	2021-09-13 00:00:00.000	2021-09-13 09:03:44.427
12804	4M9184	20893	\N	6	\N	6	2021-09-13 00:00:00.000	2021-09-13 12:04:18.400
12805	1W9659	20939	\N	6	\N	6	2021-09-13 00:00:00.000	2021-09-13 13:51:04.040
12806	1F9536	20941	\N	9	\N	6	2021-09-13 00:00:00.000	2021-09-13 14:05:12.603
12807	3T9120	20879	\N	6	\N	12	2021-09-14 00:00:00.000	2021-09-14 11:55:00.160
12808	R35	20933	\N	9	\N	57	2021-09-14 00:00:00.000	2021-09-14 14:33:30.597
12809	4A9187	20525	\N	6	\N	6	2021-09-15 00:00:00.000	2022-01-03 11:02:52.447
12810	1V9252	20948	\N	1	\N	6	2021-09-17 00:00:00.000	2021-09-17 09:19:52.917
12811	4S9608	20931	\N	6	\N	6	2021-09-17 00:00:00.000	2021-09-17 13:15:10.973
12812	4M9185	20954	\N	6	\N	6	2021-09-20 00:00:00.000	2022-02-02 11:10:53.213
12813	1D9879	20965	\N	6	\N	6	2021-09-22 00:00:00.000	2021-09-22 08:33:06.947
12814	4S9610	20971	\N	6	\N	6	2021-09-27 00:00:00.000	2021-09-27 10:25:24.637
12815	4B9284	20964	\N	6	\N	6	2021-09-27 00:00:00.000	2021-09-27 10:30:49.757
12816	1H9785	20976	\N	6	\N	6	2021-09-27 00:00:00.000	2021-09-27 17:52:06.510
12817	7S8	20967	\N	6	\N	6	2021-09-28 00:00:00.000	2021-09-28 10:58:38.003
12818	7MU	20777	\N	7	\N	6	2021-09-28 00:00:00.000	2021-09-28 18:13:39.763
12819	R5B	20750	\N	9	\N	57	2021-09-29 00:00:00.000	2021-09-29 10:01:33.347
12820	2S9177	20869	\N	6	\N	1	2021-09-29 00:00:00.000	2021-09-29 11:06:08.410
12821	1W9658	20968	\N	6	\N	6	2021-09-29 00:00:00.000	2021-09-29 14:11:12.790
12822	2SJ	20959	\N	6	\N	1	2021-09-29 00:00:00.000	2021-09-29 14:26:15.130
12823	6K9677	20957	\N	6	\N	14	2021-09-29 00:00:00.000	2021-09-29 16:30:31.883
12824	1Z9276	20975	\N	6	\N	6	2021-09-29 00:00:00.000	2021-09-29 17:02:48.263
12825	4B9096	20930	\N	6	\N	6	2021-09-30 00:00:00.000	2021-09-30 09:33:34.003
12826	1G9613	20914	\N	6	\N	6	2021-10-01 00:00:00.000	2021-10-01 15:25:49.247
12827	NRY	20932	\N	9	\N	13	2021-10-04 00:00:00.000	2021-10-04 15:28:29.737
12828	1K9418	18911	\N	6	\N	6	2021-10-04 00:00:00.000	2021-10-04 15:39:54.203
12829	1Z9656	20943	\N	6	\N	6	2021-10-04 00:00:00.000	2021-10-04 16:53:47.783
12830	1P9874	20988	\N	6	\N	6	2021-10-04 00:00:00.000	2021-10-04 17:12:24.187
12831	7RA	7908	\N	6	\N	6	2021-10-04 00:00:00.000	2021-10-04 17:20:33.427
12832	1W9662	20955	\N	6	\N	6	2021-10-04 00:00:00.000	2021-10-04 17:31:01.450
12833	4C9639	20991	\N	9	\N	6	2021-10-04 00:00:00.000	2021-10-04 17:37:51.393
12834	1L9638	20995	\N	6	\N	6	2021-10-05 00:00:00.000	2021-10-05 08:40:28.203
12835	1N9416	20952	\N	6	\N	6	2021-10-05 00:00:00.000	2021-10-05 11:45:23.360
12836	3A9150	20962	\N	6	\N	12	2021-10-05 00:00:00.000	2021-10-05 15:34:06.580
12837	4S9616	20980	\N	6	\N	6	2021-10-05 00:00:00.000	2021-10-05 16:29:37.623
12838	4T9420	21003	\N	6	\N	6	2021-10-12 00:00:00.000	2021-10-12 16:16:46.087
12839	4A9209	21008	\N	6	\N	6	2021-10-13 00:00:00.000	2021-10-13 10:10:18.127
12840	1R9956	20986	\N	1	\N	6	2021-10-13 00:00:00.000	2021-10-13 16:45:48.283
12841	4S9617	21014	\N	6	\N	6	2021-10-14 00:00:00.000	2021-10-14 15:57:12.990
12842	7SD	21016	\N	6	\N	6	2021-10-15 00:00:00.000	2021-10-15 12:24:12.963
12843	4A9151	21018	\N	6	\N	6	2021-10-15 00:00:00.000	2021-10-15 13:23:18.503
12844	4M9171	21017	\N	6	\N	6	2021-10-15 00:00:00.000	2021-10-15 16:29:00.983
12845	1D9884	21007	\N	6	\N	6	2021-10-15 00:00:00.000	2021-10-15 17:45:21.810
12846	4A9182	20653	\N	1	\N	6	2021-10-18 00:00:00.000	2021-10-18 12:12:18.557
12847	7RV	20813	\N	6	\N	6	2021-10-18 00:00:00.000	2021-10-18 12:53:11.493
12848	7SC	21043	\N	6	\N	6	2021-10-18 00:00:00.000	2021-10-18 15:33:11.350
12849	4T9440	21015	\N	9	\N	6	2021-10-18 00:00:00.000	2021-10-18 15:49:15.650
12850	4A9210	21056	\N	9	\N	6	2021-10-18 00:00:00.000	2021-10-18 16:56:20.353
12851	3V9026	21052	\N	6	\N	12	2021-10-19 00:00:00.000	2021-10-19 11:27:11.830
12852	1R9955	20969	\N	6	\N	6	2021-10-19 00:00:00.000	2021-10-19 12:06:13.967
12853	4B9289	21065	\N	6	\N	6	2021-10-20 00:00:00.000	2021-10-20 08:42:57.180
12854	WB7	20872	\N	1	\N	2	2021-10-20 00:00:00.000	2021-10-20 10:40:43.337
12855	4B9288	21068	\N	6	\N	6	2021-10-21 00:00:00.000	2021-10-21 10:47:47.917
12856	3C9243	21044	\N	6	\N	12	2021-10-21 00:00:00.000	2021-10-21 11:10:21.060
12857	4B9286	20374	\N	6	\N	6	2021-10-25 00:00:00.000	2021-10-25 11:16:33.377
12858	1Z9650	20918	\N	6	\N	6	2021-10-25 00:00:00.000	2021-10-25 11:39:41.037
12859	7FW	21077	\N	6	\N	6	2021-10-25 00:00:00.000	2021-10-25 13:34:27.670
12860	4A9213	21082	\N	6	\N	6	2021-10-25 00:00:00.000	2021-10-25 17:22:31.533
12861	1R9957	21083	\N	6	\N	6	2021-10-26 00:00:00.000	2021-10-26 11:13:13.590
12862	2DR	5237	\N	6	\N	1	2021-10-26 00:00:00.000	2021-10-26 11:48:09.297
12863	1J9528	21085	\N	6	\N	6	2021-10-26 00:00:00.000	2021-10-26 17:18:54.057
12864	4T9441	21086	\N	6	\N	6	2021-10-26 00:00:00.000	2021-10-26 17:24:35.537
12865	2K9073	19269	\N	6	\N	1	2021-10-26 00:00:00.000	2021-10-26 17:34:42.513
12866	4S9600	20744	\N	1	\N	6	2021-10-27 00:00:00.000	2021-10-27 10:42:52.530
12867	1E9680	21089	\N	6	\N	6	2021-10-28 00:00:00.000	2021-10-28 11:06:57.977
12868	4C9641	21090	\N	6	\N	6	2021-10-28 00:00:00.000	2021-10-28 15:04:38.320
12869	4C9638	21092	\N	6	\N	6	2021-10-29 00:00:00.000	2021-10-29 15:54:20.013
12870	2M9200	21072	\N	6	\N	1	2021-11-01 00:00:00.000	2021-11-01 15:23:13.627
12871	7SA	955	\N	7	\N	6	2021-11-01 00:00:00.000	2021-11-01 15:53:05.273
12872	1G9617	21099	\N	6	\N	6	2021-11-01 00:00:00.000	2021-11-01 17:22:33.753
12873	1E9681	21101	\N	9	\N	6	2021-11-02 00:00:00.000	2021-11-02 10:28:23.200
12874	4A9164	20102	\N	6	\N	6	2021-11-02 00:00:00.000	2026-09-15 08:18:46.340
12875	R33	21053	\N	6	\N	8	2021-11-02 00:00:00.000	2021-11-02 11:06:19.333
12876	1W9664	21069	\N	6	\N	6	2021-11-02 00:00:00.000	2021-11-02 11:24:09.787
12877	1H9786	20977	\N	6	\N	6	2021-11-04 00:00:00.000	2021-11-04 09:35:15.077
12878	6MD	20341	\N	1	\N	14	2021-11-04 00:00:00.000	2021-11-04 11:37:21.287
12879	1Z9657	20951	\N	6	\N	6	2021-11-04 00:00:00.000	2021-11-04 12:18:35.997
12880	4A9212	21057	\N	6	\N	6	2021-11-04 00:00:00.000	2021-11-04 12:30:43.437
12881	LTU	20958	\N	1	\N	8	2021-11-05 00:00:00.000	2023-07-20 12:19:48.537
12882	1J9527	21095	\N	6	\N	6	2021-11-05 00:00:00.000	2021-11-05 17:19:30.430
12883	2R9699	21121	\N	6	\N	1	2021-11-08 00:00:00.000	2021-11-08 10:12:55.897
12884	3M9099	20833	\N	6	\N	12	2021-11-08 00:00:00.000	2021-11-08 11:47:36.653
12885	2D9004	21113	\N	6	\N	1	2021-11-08 00:00:00.000	2021-11-08 17:32:12.973
12886	1P9880	21123	\N	6	\N	6	2021-11-08 00:00:00.000	2021-11-08 17:43:38.150
12887	3A9309	21054	\N	6	\N	12	2021-11-08 00:00:00.000	2021-11-08 17:50:48.800
12888	3M9076	21108	\N	6	\N	12	2021-11-08 00:00:00.000	2021-11-08 18:24:08.250
12889	R3M	21102	\N	1	\N	8	2021-11-09 00:00:00.000	2021-11-09 11:47:49.893
12890	1E9665	21132	\N	6	\N	6	2021-11-09 00:00:00.000	2021-11-09 16:13:19.453
12891	1V9212	20982	\N	6	\N	6	2021-11-10 00:00:00.000	2021-11-10 15:01:56.560
12892	4S9618	21138	\N	6	\N	6	2021-11-11 00:00:00.000	2021-11-11 11:38:04.893
12893	1D9848	21139	\N	6	\N	6	2021-11-11 00:00:00.000	2021-11-11 14:29:44.137
12894	R45	21110	\N	1	\N	8	2021-11-15 00:00:00.000	2021-11-15 11:24:41.610
12895	ZA9M91	20582	\N	2	\N	2	2021-11-15 00:00:00.000	2021-11-15 12:10:37.233
12896	3EY	21120	\N	6	\N	12	2021-11-22 00:00:00.000	2021-11-22 15:57:12.210
12897	7SH	21063	\N	6	\N	6	2021-11-22 00:00:00.000	2021-11-22 17:26:50.440
12898	4S9620	21146	\N	6	\N	6	2021-11-22 00:00:00.000	2021-11-22 17:33:49.690
12899	1F9550	21144	\N	6	\N	6	2021-11-22 00:00:00.000	2021-11-22 17:40:15.690
12900	7SR	10325	\N	6	\N	6	2021-11-22 00:00:00.000	2021-11-22 18:09:15.513
12901	4C9597	21166	\N	6	\N	6	2021-11-23 00:00:00.000	2021-11-23 13:27:33.843
12902	7SL	21081	\N	6	\N	6	2021-11-23 00:00:00.000	2021-11-23 15:23:48.400
12903	4B9291	21145	\N	6	\N	6	2021-11-23 00:00:00.000	2021-11-23 16:13:31.037
12904	1C9470	4599	\N	6	\N	6	2021-11-23 00:00:00.000	2021-11-23 16:59:59.127
12905	4T9439	20913	\N	6	\N	6	2021-11-23 00:00:00.000	2021-11-23 18:05:28.907
12906	7PV	19933	\N	6	\N	6	2021-11-24 00:00:00.000	2021-11-24 17:10:22.780
12907	2S9184	21115	\N	6	\N	1	2021-11-24 00:00:00.000	2021-11-24 18:30:42.373
12908	4M9181	20761	\N	6	\N	6	2021-11-26 00:00:00.000	2021-11-26 11:58:01.507
12909	7JB	21188	\N	6	\N	6	2021-11-26 00:00:00.000	2021-12-02 14:59:11.827
12910	5G5	984	\N	3	\N	6	2021-11-26 00:00:00.000	2022-10-24 14:48:07.853
12911	1L9641	21157	\N	6	\N	6	2021-11-30 00:00:00.000	2021-11-30 14:40:48.077
12912	RLL	20180	\N	7	\N	38	2021-11-30 00:00:00.000	2021-11-30 14:56:23.933
12913	4A9215	21173	\N	6	\N	6	2021-11-30 00:00:00.000	2021-11-30 16:25:40.200
12914	1F9546	21020	\N	6	\N	6	2021-12-02 00:00:00.000	2021-12-02 15:23:28.200
12915	1F9533	20793	\N	1	\N	6	2021-12-02 00:00:00.000	2021-12-02 17:18:54.097
12916	1D9882	21002	\N	6	\N	6	2021-12-03 00:00:00.000	2021-12-03 12:29:57.593
12917	1A9867	21087	\N	6	\N	6	2021-12-03 00:00:00.000	2021-12-03 12:50:37.057
12918	7SN	21093	\N	6	\N	6	2021-12-03 00:00:00.000	2021-12-03 14:19:16.437
12919	4S9598	21171	\N	6	\N	6	2021-12-03 00:00:00.000	2021-12-03 14:58:27.850
12920	1P9749	21169	\N	6	\N	6	2021-12-03 00:00:00.000	2022-05-13 10:15:12.303
12921	1Z9664	21177	\N	9	\N	6	2021-12-03 00:00:00.000	2021-12-03 15:39:50.163
12922	4A9171	20288	\N	9	\N	6	2021-12-03 00:00:00.000	2021-12-03 17:25:26.817
12923	4S9622	21179	\N	6	\N	\N	2021-12-06 00:00:00.000	2021-12-06 09:23:11.780
12924	4T9444	21185	\N	6	\N	\N	2021-12-06 00:00:00.000	2021-12-06 09:55:01.527
12925	7SP	21143	\N	6	\N	\N	2021-12-06 00:00:00.000	2021-12-06 12:12:08.683
12926	4S9585	21155	\N	6	\N	\N	2021-12-07 00:00:00.000	2021-12-07 15:26:44.387
12927	3P9043	20937	\N	6	\N	\N	2021-12-08 00:00:00.000	2021-12-08 13:18:58.713
12928	9VB	21196	\N	6	\N	\N	2021-12-09 00:00:00.000	2021-12-09 14:27:53.403
12929	1M9961	17522	\N	6	\N	\N	2021-12-09 00:00:00.000	2021-12-09 16:07:04.190
12930	7RG	20655	\N	6	\N	\N	2021-12-13 00:00:00.000	2021-12-13 11:35:46.593
12931	3C9142	20610	\N	6	\N	\N	2021-12-13 00:00:00.000	2021-12-13 11:56:58.750
12932	1L9640	20983	\N	6	\N	\N	2021-12-13 00:00:00.000	2021-12-13 14:19:07.913
12933	1R9961	21208	\N	6	\N	\N	2021-12-13 00:00:00.000	2021-12-13 15:35:45.553
12934	2RE	21193	\N	6	\N	1	2021-12-14 00:00:00.000	2022-03-24 09:04:53.467
12935	4S9606	21211	\N	6	\N	\N	2021-12-15 00:00:00.000	2021-12-15 09:09:42.910
12936	1Z9661	21094	\N	6	\N	\N	2021-12-15 00:00:00.000	2021-12-15 09:41:03.760
12937	4M9187	18482	\N	6	\N	\N	2021-12-15 00:00:00.000	2021-12-15 09:57:34.953
12938	4C9513	21213	\N	6	\N	\N	2021-12-16 00:00:00.000	2021-12-16 12:20:11.573
12939	2R9670	15854	\N	6	\N	\N	2021-12-16 00:00:00.000	2021-12-16 16:17:08.123
12940	7RZ	20386	\N	3	\N	\N	2021-12-21 00:00:00.000	2021-12-21 11:32:35.887
12941	7PL	21186	\N	6	\N	\N	2021-12-22 00:00:00.000	2021-12-22 13:15:45.493
12942	1W9663	21222	\N	6	\N	\N	2021-12-27 00:00:00.000	2021-12-27 11:37:17.400
12943	4T9370	21223	\N	6	\N	\N	2021-12-27 00:00:00.000	2021-12-27 13:55:33.780
12944	1P9879	21203	\N	6	\N	\N	2022-01-03 00:00:00.000	2022-01-03 10:30:18.890
12945	1G9618	21156	\N	6	\N	\N	2022-01-03 00:00:00.000	2022-01-03 11:43:29.153
12946	1E9682	21148	\N	6	\N	\N	2022-01-03 00:00:00.000	2022-01-03 11:58:20.327
12947	4S9611	21070	\N	6	\N	\N	2022-01-03 00:00:00.000	2022-01-03 12:32:06.153
12948	R38	20753	\N	1	\N	57	2022-01-03 00:00:00.000	2022-01-03 12:53:21.287
12949	4B9277	20558	\N	6	\N	\N	2022-01-03 00:00:00.000	2022-01-03 13:30:16.557
12950	1W9667	21175	\N	6	\N	\N	2022-01-03 00:00:00.000	2022-01-03 15:06:40.907
12951	7SX	21210	\N	9	\N	\N	2022-01-03 00:00:00.000	2025-05-01 12:58:47.750
12952	7RX	12137	\N	6	\N	\N	2022-01-05 00:00:00.000	2022-01-05 15:10:19.060
12953	1Z9651	21004	\N	6	\N	\N	2022-01-06 00:00:00.000	2022-01-06 09:51:23.440
12954	4M9191	21233	\N	6	\N	\N	2022-01-06 00:00:00.000	2022-06-01 13:54:12.157
12955	VG9036	21075	\N	6	\N	11	2022-01-10 00:00:00.000	2022-03-15 11:31:18.760
12956	4A9219	21237	\N	6	\N	\N	2022-01-10 00:00:00.000	2022-01-10 10:18:19.317
12957	1J9518	21150	\N	6	\N	\N	2022-01-10 00:00:00.000	2022-01-10 10:51:19.473
12958	1K9421	21238	\N	1	\N	\N	2022-01-10 00:00:00.000	2022-01-10 12:16:25.930
12959	4S9619	21236	\N	6	\N	\N	2022-01-10 00:00:00.000	2022-01-10 15:41:44.607
12960	1Z9669	21241	\N	6	\N	\N	2022-01-11 00:00:00.000	2022-01-11 12:12:33.500
12961	7SG	17264	\N	6	\N	\N	2022-01-11 00:00:00.000	2022-01-11 13:30:39.933
12962	4C9645	21243	\N	6	\N	\N	2022-01-12 00:00:00.000	2022-01-12 09:33:43.327
12963	1Z9665	21245	\N	6	\N	\N	2022-01-12 00:00:00.000	2022-01-12 11:29:45.237
12964	WB5	966	\N	7	\N	2	2022-01-12 00:00:00.000	2022-01-12 14:50:49.397
12965	3S9118	20857	\N	6	\N	\N	2022-01-14 00:00:00.000	2022-01-14 08:26:14.520
12966	4M9190	21249	\N	6	\N	\N	2022-01-14 00:00:00.000	2022-01-14 14:15:37.987
12967	4C9646	21164	\N	6	\N	6	2022-01-14 00:00:00.000	2022-01-14 18:08:29.737
12968	4S9613	21246	\N	6	\N	\N	2022-01-18 00:00:00.000	2022-01-31 09:20:58.427
12969	4C9642	21250	\N	6	\N	\N	2022-01-18 00:00:00.000	2022-01-18 11:02:34.233
12970	4C9643	1252	\N	6	\N	\N	2022-01-18 00:00:00.000	2022-01-18 11:43:11.087
12971	1P9881	21153	\N	6	\N	\N	2022-01-18 00:00:00.000	2022-01-18 12:10:16.300
12972	1D9863	20884	\N	6	\N	6	2022-01-19 00:00:00.000	2022-01-19 16:13:45.643
12973	4S9624	21256	\N	6	\N	6	2022-01-19 00:00:00.000	2022-01-19 16:31:00.323
12974	R6P	21011	\N	6	\N	57	2022-01-19 00:00:00.000	2022-01-19 18:17:33.143
12975	LJ7	21257	\N	1	\N	\N	2022-01-21 00:00:00.000	2023-03-02 10:49:17.597
12976	4M9192	21225	\N	6	\N	6	2022-01-21 00:00:00.000	2022-01-21 15:33:35.040
12977	7T4	21231	\N	6	\N	\N	2022-01-24 00:00:00.000	2022-01-24 09:47:15.157
12978	4A9220	21273	\N	6	\N	\N	2022-01-24 00:00:00.000	2022-01-24 10:38:41.493
12979	1P9882	21274	\N	6	\N	\N	2022-01-24 00:00:00.000	2022-01-24 12:06:50.747
12980	3LH	15540	\N	6	\N	\N	2022-01-24 00:00:00.000	2022-01-24 14:29:56.673
12981	1J9531	21277	\N	6	\N	6	2022-01-25 00:00:00.000	2022-01-25 12:14:55.970
12982	1V9253	21285	\N	6	\N	6	2022-01-26 00:00:00.000	2022-01-26 11:51:02.343
12983	7SE	19708	\N	10	\N	6	2022-01-28 00:00:00.000	2022-01-28 08:50:28.310
12984	1E9686	21290	\N	9	\N	6	2022-01-28 00:00:00.000	2022-01-28 11:30:24.650
12985	1R9963	21239	\N	6	\N	\N	2022-01-31 00:00:00.000	2022-01-31 15:10:34.297
12986	7SK	21100	\N	6	\N	\N	2022-02-01 00:00:00.000	2022-02-01 09:24:08.030
12987	1E9683	21209	\N	6	\N	\N	2022-02-01 00:00:00.000	2022-02-01 10:59:36.030
12988	1E9685	13810	\N	3	\N	6	2022-02-01 00:00:00.000	2022-02-01 11:48:56.657
12989	1W9649	20313	\N	6	\N	6	2022-02-01 00:00:00.000	2022-02-01 14:05:40.667
12990	1L9642	21218	\N	6	\N	6	2022-02-01 00:00:00.000	2022-02-01 14:16:35.523
12991	3J9094	21050	\N	6	\N	12	2022-02-02 00:00:00.000	2022-02-02 09:16:06.150
12992	4B9263	21297	\N	6	\N	6	2022-02-02 00:00:00.000	2022-02-02 14:55:24.773
12993	1R9680	21304	\N	6	\N	\N	2022-02-04 00:00:00.000	2022-02-04 12:45:58.580
12994	1R9964	21305	\N	9	\N	\N	2022-02-04 00:00:00.000	2022-02-04 15:15:09.937
12995	7S1	21309	\N	6	\N	\N	2022-02-09 00:00:00.000	2022-02-09 16:20:51.133
12996	4C9647	21316	\N	9	\N	6	2022-02-10 00:00:00.000	2022-02-10 08:49:05.050
12997	1Z9672	21318	\N	6	\N	\N	2022-02-10 00:00:00.000	2022-02-10 14:46:08.840
12998	1R9968	21319	\N	6	\N	\N	2022-02-10 00:00:00.000	2022-02-10 16:04:36.117
12999	4T9397	4276	\N	6	\N	\N	2022-02-11 00:00:00.000	2022-02-11 11:47:44.333
13000	1Z9673	21324	\N	6	\N	\N	2022-02-11 00:00:00.000	2022-02-11 13:14:44.610
13001	7SW	21224	\N	6	\N	\N	2022-02-14 00:00:00.000	2022-02-14 09:19:20.217
13002	1K9195	21327	\N	6	\N	\N	2022-02-14 00:00:00.000	2022-02-14 15:50:54.137
13003	7T7	21325	\N	6	\N	6	2022-02-14 00:00:00.000	2022-02-14 16:25:06.700
13004	4A9223	21328	\N	6	\N	\N	2022-02-14 00:00:00.000	2022-02-14 16:26:21.720
13005	3G9057	21202	\N	6	\N	12	2022-02-14 00:00:00.000	2022-02-14 16:43:52.440
13006	7T6	21286	\N	6	\N	6	2022-02-15 00:00:00.000	2022-02-15 08:33:42.470
13007	1P9883	21336	\N	6	\N	6	2022-02-15 00:00:00.000	2022-02-15 09:56:35.357
13008	1D9889	21338	\N	1	\N	\N	2022-02-15 00:00:00.000	2022-02-15 12:43:07.657
13009	4T9446	21340	\N	6	\N	\N	2022-02-16 00:00:00.000	2022-02-16 09:05:27.167
13010	R4C	21266	\N	1	\N	57	2022-02-17 00:00:00.000	2022-02-17 09:29:11.793
13011	1Z9667	21345	\N	6	\N	\N	2022-02-17 00:00:00.000	2022-02-17 14:33:31.753
13012	3A9267	21281	\N	6	\N	\N	2022-02-18 00:00:00.000	2022-02-18 09:36:00.220
13013	1Z9668	21348	\N	6	\N	\N	2022-02-18 00:00:00.000	2022-02-18 16:31:58.990
13014	1P9866	21217	\N	6	\N	\N	2022-02-22 00:00:00.000	2022-02-22 09:20:05.610
13015	7TB	21350	\N	9	\N	6	2022-02-22 00:00:00.000	2022-02-22 11:49:27.813
13016	4C9648	21351	\N	6	\N	6	2022-02-23 00:00:00.000	2022-02-23 08:20:22.937
13017	1N9421	21124	\N	6	\N	6	2022-02-23 00:00:00.000	2022-02-23 08:42:02.070
13018	4B9296	21354	\N	6	\N	6	2022-02-23 00:00:00.000	2022-02-23 14:57:50.317
13019	4A9224	21352	\N	6	\N	6	2022-02-24 00:00:00.000	2022-02-24 12:49:13.473
13020	1K9424	21326	\N	6	\N	\N	2022-02-24 00:00:00.000	2022-02-24 12:52:52.860
13021	2W9013	20824	\N	6	\N	1	2022-02-24 00:00:00.000	2022-02-24 12:59:47.280
13022	1H9795	21365	\N	1	\N	\N	2022-02-25 00:00:00.000	2022-02-25 13:09:05.293
13023	1H9794	21365	\N	6	\N	\N	2022-02-25 00:00:00.000	2022-02-25 14:58:17.560
13024	3KM	21364	\N	7	\N	12	2022-02-28 00:00:00.000	2024-06-03 15:12:00.733
13025	1D9887	21287	\N	6	\N	\N	2022-02-28 00:00:00.000	2022-02-28 09:14:24.030
13026	1E9688	21373	\N	6	\N	6	2022-02-28 00:00:00.000	2022-02-28 13:07:58.037
13027	1J9533	21372	\N	6	\N	6	2022-02-28 00:00:00.000	2022-02-28 13:24:49.827
13028	7T3	21343	\N	6	\N	\N	2022-02-28 00:00:00.000	2022-02-28 15:50:08.923
13029	2K9080	15221	\N	6	\N	\N	2022-03-01 00:00:00.000	2022-03-01 09:08:46.103
13030	1H9797	21302	\N	6	\N	\N	2022-03-01 00:00:00.000	2022-03-01 11:11:24.227
13031	5WM	10828	\N	6	\N	6	2022-03-01 00:00:00.000	2022-03-01 13:47:20.700
13032	WEB	14460	\N	5	\N	2	2022-03-01 00:00:00.000	2026-08-19 16:16:17.430
13033	1Z9634	20437	\N	6	\N	6	2022-03-01 00:00:00.000	2022-03-01 14:52:43.587
13034	7TD	21346	\N	6	\N	\N	2022-03-01 00:00:00.000	2022-03-01 15:36:38.020
13035	1Z9670	21248	\N	3	\N	6	2022-03-01 00:00:00.000	2022-03-01 15:37:46.363
13036	3C9115	21362	\N	6	\N	12	2022-03-01 00:00:00.000	2022-03-01 16:16:43.517
13037	4A9207	21380	\N	6	\N	\N	2022-03-02 00:00:00.000	2022-03-02 09:37:01.403
13038	7TC	21379	\N	6	\N	\N	2022-03-02 00:00:00.000	2022-03-02 12:29:18.387
13039	4A9155	20966	\N	6	\N	\N	2022-03-04 00:00:00.000	2022-03-04 09:29:12.173
13040	1F9556	21392	\N	6	\N	\N	2022-03-04 00:00:00.000	2022-03-04 09:52:58.647
13041	1E9687	21315	\N	6	\N	\N	2022-03-04 00:00:00.000	2022-03-04 10:51:57.147
13042	4S9521	19986	\N	6	\N	\N	2022-03-07 00:00:00.000	2022-03-07 14:01:32.507
13043	4A9225	21395	\N	6	\N	6	2022-03-07 00:00:00.000	2022-03-07 14:48:47.740
13044	7TE	17545	\N	6	\N	\N	2022-03-07 00:00:00.000	2022-03-07 15:06:14.543
13045	2V9031	21331	\N	6	\N	1	2022-03-08 00:00:00.000	2022-03-08 07:41:36.780
13046	4M9193	21411	\N	6	\N	\N	2022-03-09 00:00:00.000	2022-03-09 09:07:37.143
13047	1P9885	21412	\N	6	\N	\N	2022-03-09 00:00:00.000	2022-03-09 10:19:12.593
13048	MP7	21230	\N	6	\N	30	2022-03-10 00:00:00.000	2022-03-10 08:36:57.677
13049	1Z9666	21294	\N	6	\N	6	2022-03-10 00:00:00.000	2022-03-10 08:45:23.533
13050	1Z9675	21417	\N	6	\N	6	2022-03-10 00:00:00.000	2022-03-10 08:56:13.520
13051	4S9629	21418	\N	6	\N	6	2022-03-10 00:00:00.000	2022-03-10 10:42:19.153
13052	7T8	21337	\N	6	\N	\N	2022-03-11 00:00:00.000	2022-03-11 10:54:26.740
13053	4S9627	21385	\N	6	\N	\N	2022-03-11 00:00:00.000	2022-03-11 12:01:58.693
13054	7TK	21390	\N	6	\N	6	2022-03-14 00:00:00.000	2022-03-14 09:07:46.920
13055	1L9545	21323	\N	6	\N	\N	2022-03-14 00:00:00.000	2022-03-14 13:10:25.003
13056	4A9226	21425	\N	6	\N	\N	2022-03-15 00:00:00.000	2022-03-15 09:05:49.767
13057	2H9003	21369	\N	6	\N	\N	2022-03-16 00:00:00.000	2022-03-16 13:12:35.397
13058	2A9114	20836	\N	6	\N	\N	2022-03-17 00:00:00.000	2022-03-17 08:59:39.027
13059	1G9619	15007	\N	3	\N	6	2022-03-17 00:00:00.000	2024-05-02 10:00:59.563
13060	7S4	21320	\N	6	\N	\N	2022-03-17 00:00:00.000	2022-03-17 09:30:31.433
13061	4C9438	21306	\N	6	\N	\N	2022-03-18 00:00:00.000	2022-03-18 09:38:12.243
13062	4M9164	20356	\N	9	\N	\N	2022-03-18 00:00:00.000	2022-03-18 10:19:27.000
13063	3R9178	21382	\N	6	\N	\N	2022-03-18 00:00:00.000	2022-03-18 11:37:07.353
13064	3J9057	21361	\N	6	\N	\N	2022-03-18 00:00:00.000	2022-03-18 12:19:49.087
13065	1Z9535	21432	\N	6	\N	\N	2022-03-18 00:00:00.000	2022-03-18 13:21:47.047
13066	1F9417	21378	\N	6	\N	\N	2022-03-18 00:00:00.000	2022-03-18 14:53:26.650
13067	1F9554	21279	\N	6	\N	\N	2022-03-18 00:00:00.000	2022-03-18 15:20:47.513
13068	4S9615	21384	\N	6	\N	\N	2022-03-21 00:00:00.000	2022-03-21 09:27:06.737
13069	1G9615	21434	\N	6	\N	\N	2022-03-21 00:00:00.000	2026-07-14 16:48:34.837
13070	7MW	13836	\N	3	\N	\N	2022-03-21 00:00:00.000	2022-03-21 14:33:24.103
13071	7T2	21271	\N	6	\N	\N	2022-03-22 00:00:00.000	2022-03-22 09:39:32.793
13072	1J9535	21437	\N	6	\N	\N	2022-03-22 00:00:00.000	2022-03-22 12:31:19.233
13073	1H9789	21439	\N	6	\N	\N	2022-03-23 00:00:00.000	2022-03-23 09:49:07.723
13074	7TP	21446	\N	6	\N	6	2022-03-24 00:00:00.000	2022-03-24 12:50:08.943
13075	1N9414	20568	\N	6	\N	\N	2022-03-25 00:00:00.000	2022-03-25 12:03:39.167
13076	R19018	21642	\N	6	\N	8	2022-03-25 00:00:00.000	2022-06-17 13:14:34.910
13077	1H9790	21436	\N	6	\N	6	2022-03-28 00:00:00.000	2022-03-28 08:14:47.503
13078	3K9004	21442	\N	6	\N	12	2022-03-28 00:00:00.000	2022-03-28 09:12:20.767
13079	1J9538	21448	\N	6	\N	6	2022-03-28 00:00:00.000	2022-03-28 10:30:33.037
13080	7R5	21452	\N	6	\N	\N	2022-03-28 00:00:00.000	2022-03-28 14:17:31.230
13081	4B9149	21415	\N	6	\N	\N	2022-03-30 00:00:00.000	2022-03-30 14:22:19.643
13082	1R9975	21459	\N	6	\N	6	2022-03-31 00:00:00.000	2022-03-31 11:20:15.950
13083	1R9973	21377	\N	6	\N	6	2022-03-31 00:00:00.000	2022-03-31 11:43:31.070
13084	7RD	3943	\N	6	\N	\N	2022-04-01 00:00:00.000	2022-04-01 09:32:45.353
13085	1R9970	21409	\N	6	\N	\N	2022-04-01 00:00:00.000	2022-04-01 09:48:39.647
13086	1L9646	21463	\N	6	\N	\N	2022-04-01 00:00:00.000	2022-04-01 13:01:29.627
13087	1J9539	21464	\N	6	\N	\N	2022-04-01 00:00:00.000	2022-04-01 14:47:59.617
13088	4T9443	21168	\N	6	\N	6	2022-04-01 00:00:00.000	2022-04-01 15:28:44.510
13089	1J9536	21449	\N	6	\N	\N	2022-04-04 00:00:00.000	2022-04-04 09:26:27.360
13090	1R9971	21255	\N	6	\N	6	2022-04-04 00:00:00.000	2022-04-04 13:00:40.927
13091	1H9768	21471	\N	6	\N	6	2022-04-05 00:00:00.000	2022-04-05 11:47:58.300
13092	3GJ	21454	\N	6	\N	\N	2022-04-07 00:00:00.000	2022-04-07 09:40:48.657
13093	4S9631	21479	\N	6	\N	6	2022-04-11 00:00:00.000	2022-04-11 12:39:12.803
13094	7TF	21147	\N	5	\N	6	2022-04-11 00:00:00.000	2022-04-11 12:49:25.187
13095	7TG	21147	\N	3	\N	6	2022-04-11 00:00:00.000	2022-04-11 12:49:46.197
13096	7TH	21147	\N	10	\N	6	2022-04-11 00:00:00.000	2022-04-11 12:50:18.110
13097	4B9299	21431	\N	6	\N	6	2022-04-12 00:00:00.000	2022-04-12 08:35:37.520
13098	R7S	23518	\N	9	\N	\N	2022-04-12 00:00:00.000	2024-08-05 08:06:30.540
13099	1J9541	21482	\N	6	\N	6	2022-04-12 00:00:00.000	2022-04-12 11:30:32.193
13100	7SF	21483	\N	6	\N	6	2022-04-12 00:00:00.000	2022-04-12 11:36:59.180
13101	1N9420	21484	\N	6	\N	\N	2022-04-13 00:00:00.000	2022-04-13 09:47:08.903
13102	1Z9676	21490	\N	6	\N	\N	2022-04-14 00:00:00.000	2022-04-14 10:23:06.500
13103	4S9628	21492	\N	6	\N	6	2022-04-14 00:00:00.000	2022-04-14 11:49:30.610
13104	1G9623	20909	\N	6	\N	\N	2022-04-15 00:00:00.000	2022-04-15 09:36:29.597
13105	1G9622	21215	\N	6	\N	\N	2022-04-15 00:00:00.000	2022-04-15 14:20:52.150
13106	1Z9653	21488	\N	6	\N	6	2022-04-15 00:00:00.000	2022-04-15 16:04:26.003
13107	7MM	20777	\N	7	\N	6	2022-04-18 00:00:00.000	2022-04-18 10:55:36.640
13108	4S9634	21465	\N	6	\N	6	2022-04-19 00:00:00.000	2022-04-19 09:13:01.130
13109	R75	21502	\N	1	\N	57	2022-04-19 00:00:00.000	2022-04-19 09:33:34.500
13110	1D9892	21427	\N	6	\N	6	2022-04-19 00:00:00.000	2022-04-19 10:39:21.783
13111	1F9560	16422	\N	6	\N	\N	2022-04-21 00:00:00.000	2022-04-21 08:57:36.303
13112	3F7	21503	\N	6	\N	12	2022-04-21 00:00:00.000	2022-04-21 12:37:48.153
13113	1L9645	21391	\N	6	\N	\N	2022-04-22 00:00:00.000	2022-04-22 09:05:14.850
13114	3AM	21505	\N	6	\N	\N	2022-04-22 00:00:00.000	2022-04-22 16:19:14.190
13115	4M9196	21468	\N	6	\N	6	2022-04-25 00:00:00.000	2022-04-25 12:16:11.000
13116	1H9801	21470	\N	6	\N	\N	2022-04-25 00:00:00.000	2022-04-25 15:11:35.867
13117	2R9708	21520	\N	3	\N	\N	2022-04-26 00:00:00.000	2022-04-26 09:06:32.150
13118	1R9977	21523	\N	6	\N	6	2022-04-26 00:00:00.000	2022-04-26 11:26:07.513
13119	1J9544	21525	\N	6	\N	6	2022-04-26 00:00:00.000	2022-04-26 12:20:51.717
13120	1R9962	21469	\N	6	\N	\N	2022-04-27 00:00:00.000	2022-04-27 15:25:48.280
13121	7L7	19043	\N	6	\N	6	2022-04-28 00:00:00.000	2022-04-28 08:55:25.237
13122	1J9543	21480	\N	6	\N	6	2022-04-28 00:00:00.000	2022-04-28 09:47:22.233
13123	1X9040	20690	\N	1	\N	\N	2022-04-29 00:00:00.000	2022-04-29 09:53:51.677
13124	1U9195	21536	\N	6	\N	\N	2022-04-29 00:00:00.000	2022-04-29 10:49:05.453
13125	1P9887	21491	\N	6	\N	\N	2022-05-02 00:00:00.000	2022-05-02 09:37:56.340
13126	4T9449	21366	\N	6	\N	\N	2022-05-02 00:00:00.000	2022-05-02 09:51:02.737
13127	1K9425	21252	\N	6	\N	\N	2022-05-02 00:00:00.000	2022-05-02 11:45:17.173
13128	ZPR	21371	\N	1	\N	\N	2022-05-02 00:00:00.000	2022-05-02 12:43:09.017
13129	7TJ	21534	\N	6	\N	\N	2022-05-02 00:00:00.000	2022-05-02 16:09:17.907
13130	1F9558	21537	\N	6	\N	\N	2022-05-03 00:00:00.000	2022-05-03 09:27:16.077
13131	4M9198	21538	\N	6	\N	\N	2022-05-03 00:00:00.000	2022-05-03 11:21:02.430
13132	3J9090	21550	\N	6	\N	\N	2022-05-04 00:00:00.000	2022-05-04 11:15:11.753
13133	YSM	22624	\N	2	\N	23	2022-05-04 00:00:00.000	2023-07-31 13:35:21.483
13134	1L9644	21386	\N	9	\N	\N	2022-05-04 00:00:00.000	2022-05-04 13:40:13.147
13135	4B9144	21559	\N	6	\N	\N	2022-05-04 00:00:00.000	2022-05-04 14:49:59.060
13136	R76	21552	\N	6	\N	\N	2022-05-06 00:00:00.000	2022-05-06 12:11:01.640
13137	1W9669	21568	\N	6	\N	\N	2022-05-06 00:00:00.000	2022-05-06 15:32:37.420
13138	3R9050	21507	\N	6	\N	\N	2022-05-09 00:00:00.000	2022-05-09 09:54:37.733
13139	4A9194	21571	\N	6	\N	\N	2022-05-09 00:00:00.000	2022-05-09 14:22:22.143
13140	7TT	21521	\N	6	\N	\N	2022-05-09 00:00:00.000	2022-05-09 14:45:46.860
13141	1Z9679	21572	\N	6	\N	\N	2022-05-09 00:00:00.000	2022-05-09 15:10:25.377
13142	1R9969	21573	\N	6	\N	\N	2022-05-09 00:00:00.000	2022-05-09 16:06:12.860
13143	1E9692	21576	\N	6	\N	\N	2022-05-10 00:00:00.000	2022-05-10 16:05:35.970
13144	3T9253	21556	\N	6	\N	\N	2022-05-11 00:00:00.000	2022-05-11 11:28:49.520
13145	4T9451	21578	\N	6	\N	\N	2022-05-12 00:00:00.000	2022-05-12 09:45:32.290
13146	7TV	19897	\N	6	\N	\N	2022-05-12 00:00:00.000	2022-05-12 10:37:52.030
13147	7R2	20604	\N	1	\N	\N	2022-05-12 00:00:00.000	2022-05-12 10:52:30.687
13148	3EZ	20857	\N	6	\N	\N	2022-05-12 00:00:00.000	2022-05-12 11:01:58.917
13149	3P9047	21408	\N	6	\N	\N	2022-05-13 00:00:00.000	2022-05-13 09:45:39.330
13150	1N9424	21579	\N	6	\N	\N	2022-05-13 00:00:00.000	2022-05-13 10:26:59.737
13151	1Z9678	21561	\N	6	\N	\N	2022-05-16 00:00:00.000	2022-05-16 09:09:31.337
13152	3J9095	21544	\N	6	\N	12	2022-05-16 00:00:00.000	2022-05-16 11:16:52.223
13153	1W9671	21580	\N	6	\N	6	2022-05-19 00:00:00.000	2022-05-19 10:55:53.917
13154	1W9670	21462	\N	6	\N	\N	2022-05-19 00:00:00.000	2022-05-19 12:38:43.483
13155	3F8	14842	\N	6	\N	12	2022-05-20 00:00:00.000	2026-05-15 11:49:14.937
13156	4C9654	21588	\N	6	\N	\N	2022-05-23 00:00:00.000	2022-05-23 10:50:14.157
13157	4B9304	21591	\N	6	\N	\N	2022-05-25 00:00:00.000	2022-05-25 12:23:16.220
13158	4C9655	17681	\N	6	\N	\N	2022-05-26 00:00:00.000	2022-05-26 14:00:58.257
13159	4C9653	21560	\N	6	\N	\N	2022-05-31 00:00:00.000	2022-05-31 09:16:00.153
13160	1H9800	21416	\N	6	\N	\N	2022-05-31 00:00:00.000	2022-05-31 09:50:01.163
13161	1F9559	21510	\N	6	\N	\N	2022-05-31 00:00:00.000	2022-05-31 10:23:57.073
13162	3J9091	21443	\N	6	\N	\N	2022-05-31 00:00:00.000	2022-05-31 10:49:21.003
13163	4A9230	21355	\N	6	\N	6	2022-05-31 00:00:00.000	2022-05-31 11:31:48.627
13164	1H9763	21540	\N	6	\N	\N	2022-06-01 00:00:00.000	2022-06-01 10:16:35.817
13165	1K9417	20669	\N	6	\N	\N	2022-06-01 00:00:00.000	2022-06-01 10:54:02.007
13166	7PX	14936	\N	6	\N	6	2022-06-01 00:00:00.000	2024-08-26 16:07:06.300
13167	6K9718	21506	\N	6	\N	14	2022-06-01 00:00:00.000	2022-06-01 11:34:47.117
13168	1L9649	21522	\N	6	\N	6	2022-06-01 00:00:00.000	2022-06-01 11:42:50.997
13169	VA9RB1	21553	\N	3	2	7	2022-06-01 00:00:00.000	2022-06-01 11:57:56.883
13170	7TY	21565	\N	1	\N	6	2022-06-01 00:00:00.000	2024-08-15 11:26:49.253
13171	4M9199	21567	\N	6	\N	\N	2022-06-01 00:00:00.000	2022-06-01 13:57:02.657
13172	1N9425	21594	\N	6	\N	6	2022-06-01 00:00:00.000	2022-06-01 14:05:58.580
13173	1R9978	21584	\N	6	\N	\N	2022-06-01 00:00:00.000	2022-06-01 15:15:50.293
13174	7TL	21466	\N	9	\N	6	2022-06-06 00:00:00.000	2022-06-06 10:20:04.097
13175	9AD	21607	\N	6	\N	\N	2022-06-07 00:00:00.000	2022-06-07 11:30:22.880
13176	4C9659	21564	\N	6	\N	\N	2022-06-07 00:00:00.000	2022-06-07 12:08:41.310
13177	7U0	19701	\N	6	\N	6	2022-06-08 00:00:00.000	2022-06-08 12:07:32.460
13178	1H9802	21616	\N	6	\N	\N	2022-06-08 00:00:00.000	2022-06-08 15:29:01.667
13179	1A9882	19880	\N	6	\N	6	2022-06-13 00:00:00.000	2022-06-13 10:38:21.067
13180	1R9981	21629	\N	6	\N	6	2022-06-14 00:00:00.000	2022-06-14 11:14:39.590
13181	1W9639	21631	\N	6	\N	\N	2022-06-14 00:00:00.000	2022-06-14 14:00:31.433
13182	4C9610	21632	\N	6	\N	\N	2022-06-14 00:00:00.000	2022-06-14 14:27:42.527
13183	1Z9680	21608	\N	6	\N	\N	2022-06-15 00:00:00.000	2022-06-15 09:05:00.143
13184	1L9650	21635	\N	1	\N	6	2022-06-15 00:00:00.000	2022-06-15 09:23:36.800
13185	1Z9677	21590	\N	10	\N	6	2022-06-15 00:00:00.000	2022-06-15 10:04:48.560
13186	R7M	21627	\N	1	\N	57	2022-06-16 00:00:00.000	2022-06-16 08:45:12.930
13187	R7D	21627	\N	6	\N	57	2022-06-16 00:00:00.000	2022-06-16 10:37:42.393
13188	R7E	21627	\N	3	\N	57	2022-06-16 00:00:00.000	2022-06-16 10:45:50.657
13189	13Z	17020	\N	6	\N	\N	2022-06-16 00:00:00.000	2022-06-16 15:17:25.330
13190	4A9238	21646	\N	9	\N	6	2022-06-20 00:00:00.000	2022-06-20 13:07:33.117
13191	7U4	19923	\N	6	\N	6	2022-06-20 00:00:00.000	2022-06-20 13:18:39.637
13192	1R9900	21638	\N	6	\N	\N	2022-06-21 00:00:00.000	2022-06-21 13:44:47.093
13193	4B9302	21615	\N	6	\N	\N	2022-06-22 00:00:00.000	2022-06-22 09:46:29.227
13194	HL3	21557	\N	1	\N	8	2022-06-22 00:00:00.000	2022-06-22 12:37:59.513
13195	4T9434	21641	\N	6	\N	\N	2022-06-22 00:00:00.000	2022-06-22 13:12:23.083
13196	LGM	19099	\N	1	\N	\N	2022-06-23 00:00:00.000	2022-06-23 13:03:56.530
13197	7U3	21650	\N	1	\N	\N	2022-06-24 00:00:00.000	2022-06-24 09:18:12.193
13198	1D9894	21654	\N	6	\N	6	2022-06-24 00:00:00.000	2022-06-24 10:39:00.670
13199	4A9216	21662	\N	6	\N	6	2022-06-24 00:00:00.000	2022-06-24 12:41:09.613
13200	4S9638	21647	\N	9	\N	6	2022-06-27 00:00:00.000	2022-06-27 08:32:40.720
13201	4M9202	21666	\N	6	\N	\N	2022-06-27 00:00:00.000	2022-06-27 14:18:28.337
13202	1H9804	21671	\N	6	\N	6	2022-06-29 00:00:00.000	2022-06-29 12:05:57.143
13203	4A9231	21515	\N	6	\N	\N	2022-07-01 00:00:00.000	2022-07-01 10:07:13.957
13204	1D9896	21674	\N	6	\N	\N	2022-07-01 00:00:00.000	2022-07-01 15:46:56.510
13205	3P9046	21032	\N	6	\N	12	2022-07-05 00:00:00.000	2022-07-05 12:20:02.883
13206	4C9662	21677	\N	6	\N	\N	2022-07-06 00:00:00.000	2022-07-06 13:55:38.420
13207	4C9661	21645	\N	6	\N	\N	2022-07-06 00:00:00.000	2022-07-06 15:11:29.317
13208	1W9532	21679	\N	6	\N	6	2022-07-07 00:00:00.000	2022-07-07 13:07:00.903
13209	1R9928	21595	\N	6	\N	6	2022-07-08 00:00:00.000	2022-07-08 14:03:39.227
13210	1D9897	21685	\N	9	\N	6	2022-07-08 00:00:00.000	2022-07-08 14:39:29.610
13211	1D9898	21684	\N	9	\N	6	2022-07-08 00:00:00.000	2022-07-08 14:39:09.233
13212	4M9203	21606	\N	6	\N	6	2022-07-11 00:00:00.000	2022-07-11 09:26:24.130
13213	1F9561	21643	\N	6	\N	6	2022-07-12 00:00:00.000	2022-07-12 09:15:15.927
13214	4B9309	21691	\N	9	\N	\N	2022-07-12 00:00:00.000	2022-07-12 14:42:24.010
13215	4A9239	21693	\N	6	\N	\N	2022-07-13 00:00:00.000	2022-07-13 07:47:08.630
13216	4C9660	21692	\N	6	\N	\N	2022-07-13 00:00:00.000	2022-07-13 08:20:47.287
13217	4A9240	21659	\N	6	\N	\N	2022-07-13 00:00:00.000	2022-07-13 14:22:25.190
13218	1F9562	21676	\N	6	\N	\N	2022-07-14 00:00:00.000	2022-07-14 12:38:24.080
13219	HB3	21370	\N	1	\N	8	2022-07-14 00:00:00.000	2022-07-14 12:44:54.003
13220	1U9198	21701	\N	9	\N	\N	2022-07-14 00:00:00.000	2022-07-14 13:35:33.887
13221	1Z9684	21704	\N	6	\N	\N	2022-07-14 00:00:00.000	2022-07-14 15:48:57.913
13222	4A9233	21698	\N	6	\N	\N	2022-07-14 00:00:00.000	2022-07-14 15:58:13.263
13223	4A9234	21668	\N	6	\N	6	2022-07-15 00:00:00.000	2022-07-15 13:48:45.283
13224	4A9199	20727	\N	6	\N	6	2022-07-15 00:00:00.000	2022-07-15 15:47:42.813
13225	7U5	21709	\N	9	\N	6	2022-07-18 00:00:00.000	2022-07-18 15:42:39.067
13226	4C9616	21694	\N	6	\N	6	2022-07-20 00:00:00.000	2022-07-20 09:02:43.430
13227	1D9899	2223	\N	6	\N	6	2022-07-20 00:00:00.000	2022-07-20 10:08:36.387
13228	4S9639	21718	\N	9	\N	6	2022-07-20 00:00:00.000	2022-07-20 14:15:44.023
13229	7UD	1650	\N	6	\N	6	2022-07-20 00:00:00.000	2022-07-20 15:23:11.317
13230	1V9254	21719	\N	6	\N	6	2022-07-20 00:00:00.000	2022-07-20 16:07:39.677
13231	4B9311	21653	\N	6	\N	6	2022-07-21 00:00:00.000	2022-07-21 11:21:28.107
13232	4T9453	21720	\N	6	\N	6	2022-07-21 00:00:00.000	2022-07-21 13:04:42.083
13233	1E9693	21721	\N	1	\N	6	2022-07-21 00:00:00.000	2022-07-21 13:29:20.133
13234	R6C	21689	\N	6	\N	8	2022-07-21 00:00:00.000	2022-07-21 14:40:08.010
13235	4S9641	10410	\N	9	\N	6	2022-07-22 00:00:00.000	2022-07-22 11:00:07.060
13236	4B9307	21726	\N	6	\N	6	2022-07-22 00:00:00.000	2022-07-22 11:36:26.327
13237	1A9014	21727	\N	6	\N	6	2022-07-22 00:00:00.000	2022-07-22 14:22:42.213
13238	HZ2	21715	\N	1	\N	8	2022-07-22 00:00:00.000	2022-07-22 15:05:26.800
13239	3S9121	20944	\N	6	\N	12	2022-07-25 00:00:00.000	2022-07-25 12:41:00.840
13240	R6J	21710	\N	1	\N	57	2022-07-25 00:00:00.000	2022-07-25 12:52:46.577
13241	4M9200	21731	\N	6	\N	\N	2022-07-25 00:00:00.000	2022-07-25 12:55:14.787
13242	JYE	14610	\N	13	\N	3	2022-07-25 00:00:00.000	2022-07-25 14:17:19.917
13243	SN1	1132	\N	13	\N	6	2022-07-25 00:00:00.000	2022-07-25 16:42:32.527
13244	4S9637	21575	\N	6	\N	\N	2022-07-26 00:00:00.000	2022-07-26 09:56:00.673
13245	7UC	20213	\N	9	\N	\N	2022-07-26 00:00:00.000	2022-07-26 10:21:03.403
13246	5CK	11248	\N	3	2	6	2022-07-26 00:00:00.000	2022-07-26 17:06:39.843
13248	4B9298	21739	\N	6	\N	\N	2022-07-28 00:00:00.000	2022-07-28 13:19:09.940
13249	7U8	21740	\N	6	\N	\N	2022-07-28 00:00:00.000	2022-07-28 14:20:14.590
13250	4A9235	21728	\N	6	\N	\N	2022-07-28 00:00:00.000	2022-07-28 14:33:38.470
13251	4M9201	21612	\N	6	\N	6	2022-07-28 00:00:00.000	2022-07-28 15:13:09.110
13252	1R9984	21735	\N	6	\N	\N	2022-07-29 00:00:00.000	2022-07-29 15:16:43.423
13253	1X9042	21678	\N	6	\N	\N	2022-08-01 00:00:00.000	2022-08-01 09:34:54.077
13254	1W9673	21716	\N	6	\N	\N	2022-08-01 00:00:00.000	2022-08-01 10:01:19.983
13255	1Z9683	21673	\N	6	\N	6	2022-08-01 00:00:00.000	2022-08-01 11:49:17.607
13256	1R9983	21682	\N	9	\N	\N	2022-08-01 00:00:00.000	2022-08-01 12:09:40.807
13257	1G9627	21708	\N	6	\N	6	2022-08-01 00:00:00.000	2022-08-01 12:54:52.070
13258	1R9982	21682	\N	1	\N	\N	2022-08-01 00:00:00.000	2022-08-01 12:55:22.410
13259	1F9529	20198	\N	6	\N	\N	2022-08-03 00:00:00.000	2022-08-03 15:33:03.467
13260	1H9807	21750	\N	6	\N	\N	2022-08-03 00:00:00.000	2022-08-03 15:50:24.737
13261	3MF	966	\N	2	\N	2	2022-08-04 00:00:00.000	2022-08-04 11:11:24.323
13262	4S9640	21702	\N	6	\N	\N	2022-08-04 00:00:00.000	2022-08-04 13:01:54.973
13263	4S9645	21756	\N	6	\N	\N	2022-08-04 00:00:00.000	2022-08-04 13:26:59.460
13264	7T0	21592	\N	6	\N	6	2022-08-04 00:00:00.000	2022-10-26 11:06:38.323
13265	4S9644	21754	\N	6	\N	6	2022-08-04 00:00:00.000	2022-08-04 16:51:08.177
13266	R77	21766	\N	6	\N	8	2022-08-08 00:00:00.000	2022-08-08 13:23:29.460
13267	1U9200	21775	\N	6	\N	\N	2022-08-09 00:00:00.000	2022-08-09 14:36:38.007
13268	1E9694	18597	\N	5	\N	6	2022-08-10 00:00:00.000	2022-08-10 11:28:43.280
13269	7UL	24009	\N	6	\N	6	2022-08-10 00:00:00.000	2026-07-14 17:03:24.373
13270	4A9243	21769	\N	6	\N	\N	2022-08-12 00:00:00.000	2022-08-12 08:44:37.133
13271	4C9663	21640	\N	1	\N	\N	2022-08-15 00:00:00.000	2022-08-15 09:26:44.373
13272	1W9672	21703	\N	6	\N	6	2022-08-15 00:00:00.000	2022-08-15 09:50:10.733
13273	2A9125	15757	\N	6	\N	1	2022-08-15 00:00:00.000	2022-08-15 12:00:39.973
13274	KN9CAU	21625	\N	6	\N	15	2022-08-15 00:00:00.000	2022-08-15 12:44:19.053
13275	4T9458	21790	\N	6	\N	6	2022-08-15 00:00:00.000	2022-08-15 13:05:41.740
13276	R2W	21783	\N	1	\N	8	2022-08-15 00:00:00.000	2022-08-15 13:31:12.457
13277	1H9809	21749	\N	6	\N	\N	2022-08-15 00:00:00.000	2022-08-15 15:08:08.543
13278	1E9673	21517	\N	6	\N	6	2022-08-16 00:00:00.000	2022-08-16 15:11:02.630
13279	7UN	21648	\N	6	\N	6	2022-08-17 00:00:00.000	2022-08-17 08:17:27.790
13280	4S9646	21801	\N	6	\N	6	2022-08-17 00:00:00.000	2022-08-17 12:59:15.250
13281	4S9489	21438	\N	2	\N	6	2022-08-18 00:00:00.000	2022-08-18 13:12:58.380
13282	RMT	21798	\N	6	\N	38	2022-08-19 00:00:00.000	2022-08-19 13:03:44.110
13283	1V9256	21809	\N	6	\N	6	2022-08-22 00:00:00.000	2022-08-22 09:59:24.163
13284	7UG	21706	\N	6	\N	6	2022-08-22 00:00:00.000	2022-08-22 10:40:42.547
13285	4S9635	21187	\N	6	\N	6	2022-08-23 00:00:00.000	2022-08-23 11:49:34.007
13286	3C9249	21819	\N	6	\N	\N	2022-08-23 00:00:00.000	2022-08-23 15:01:22.307
13287	3H9019	21826	\N	6	\N	\N	2022-08-24 00:00:00.000	2022-08-24 09:54:25.547
13288	7PY	20700	\N	6	\N	\N	2022-08-24 00:00:00.000	2022-08-24 14:10:16.727
13289	SA9472	21623	\N	1	\N	5	2022-08-29 00:00:00.000	2022-08-29 09:06:00.593
13290	4C9664	21776	\N	6	\N	6	2022-08-29 00:00:00.000	2022-08-29 09:25:16.817
13291	4T9462	21829	\N	6	\N	\N	2022-08-29 00:00:00.000	2022-08-29 09:46:01.317
13292	7UE	21729	\N	6	\N	\N	2022-08-29 00:00:00.000	2022-08-29 10:05:03.013
13293	4T9463	21794	\N	6	\N	6	2022-08-29 00:00:00.000	2022-08-29 10:20:40.100
13294	1S9903	21822	\N	1	\N	\N	2022-08-29 00:00:00.000	2022-08-29 10:53:09.157
13295	1R9987	21831	\N	6	\N	\N	2022-08-29 00:00:00.000	2022-08-29 11:56:05.770
13296	3F9061	21096	\N	6	\N	\N	2022-08-29 00:00:00.000	2022-08-29 14:34:21.113
13297	1H9806	21834	\N	6	\N	\N	2022-08-30 00:00:00.000	2022-08-30 09:18:52.050
13298	1F9504	20823	\N	6	\N	\N	2022-08-30 00:00:00.000	2022-08-30 15:52:07.613
13299	7M6	20860	\N	6	\N	\N	2022-08-31 00:00:00.000	2022-08-31 14:19:29.963
13300	H0U	21407	\N	6	\N	8	2022-08-31 00:00:00.000	2022-08-31 14:24:43.040
13301	VCF	21267	\N	7	\N	\N	2022-08-31 00:00:00.000	2022-08-31 15:17:49.043
13302	4T9460	21768	\N	6	\N	\N	2022-09-01 00:00:00.000	2022-09-01 09:22:26.477
13303	1L9651	21598	\N	6	\N	6	2022-09-01 00:00:00.000	2022-09-01 12:45:23.983
13304	3G9034	21825	\N	6	\N	12	2022-09-01 00:00:00.000	2022-09-01 12:51:46.127
13305	4S9643	21844	\N	6	\N	\N	2022-09-01 00:00:00.000	2022-09-01 12:57:53.543
13306	1P9889	8027	\N	6	\N	6	2022-09-01 00:00:00.000	2022-09-01 13:37:46.960
13307	4C9652	21527	\N	6	\N	6	2022-09-01 00:00:00.000	2022-09-01 14:41:07.963
13308	4S9649	21841	\N	6	\N	\N	2022-09-01 00:00:00.000	2022-09-01 16:11:49.213
13309	7SV	1090	\N	7	\N	6	2022-09-02 00:00:00.000	2023-07-18 14:02:39.013
13310	7UA	21687	\N	6	\N	\N	2022-09-06 00:00:00.000	2022-09-06 09:12:04.050
13311	4C9665	21736	\N	6	\N	\N	2022-09-06 00:00:00.000	2022-09-06 09:53:57.190
13312	1J9550	21786	\N	6	\N	\N	2022-09-06 00:00:00.000	2022-09-06 10:29:50.563
13313	1P9890	21848	\N	6	\N	\N	2022-09-06 00:00:00.000	2022-09-06 11:21:30.823
13314	1L9562	21791	\N	6	\N	6	2022-09-07 00:00:00.000	2022-09-07 10:13:13.997
13315	1R9991	21851	\N	9	\N	6	2022-09-07 00:00:00.000	2022-12-12 14:24:42.803
13316	1R9990	21854	\N	6	\N	\N	2022-09-07 00:00:00.000	2022-09-07 14:18:44.567
13317	4B9147	19810	\N	6	\N	6	2022-09-08 00:00:00.000	2022-09-08 08:40:41.463
13318	R2X	21761	\N	1	\N	8	2022-09-08 00:00:00.000	2022-09-08 08:48:05.393
13319	4A9245	21853	\N	6	\N	6	2022-09-09 00:00:00.000	2022-09-09 09:46:26.043
13320	1G9632	21878	\N	6	\N	6	2022-09-12 00:00:00.000	2022-09-12 12:31:50.100
13321	1G9624	21424	\N	6	\N	6	2022-09-13 00:00:00.000	2022-09-13 09:33:54.413
13322	1G9522	21874	\N	6	\N	6	2022-09-13 00:00:00.000	2022-09-13 09:55:04.913
13323	1P9891	21835	\N	6	\N	\N	2022-09-13 00:00:00.000	2022-09-13 11:25:16.043
13324	3FH	21881	\N	6	\N	\N	2022-09-13 00:00:00.000	2022-09-13 12:38:45.603
13325	1R9763	19390	\N	6	\N	6	2022-09-13 00:00:00.000	2022-09-13 13:35:39.547
13326	1R9989	21887	\N	1	\N	\N	2022-09-13 00:00:00.000	2022-09-13 13:48:47.637
13327	1W9674	21883	\N	6	\N	\N	2022-09-13 00:00:00.000	2022-09-13 15:13:52.263
13328	1N9426	20594	\N	6	\N	\N	2022-09-14 00:00:00.000	2022-09-14 12:50:17.203
13329	1R9994	21892	\N	6	\N	\N	2022-09-14 00:00:00.000	2022-09-14 14:44:46.360
13330	1Z9598	21893	\N	6	\N	\N	2022-09-15 00:00:00.000	2022-09-15 09:51:01.400
13331	4S9648	21795	\N	9	\N	\N	2022-09-15 00:00:00.000	2022-09-15 14:41:31.247
13332	1K9427	21738	\N	6	\N	6	2022-09-15 00:00:00.000	2022-09-15 14:58:31.333
13333	1W9661	21803	\N	6	\N	\N	2022-09-16 00:00:00.000	2022-09-16 09:29:20.620
13334	1R9995	21833	\N	6	\N	\N	2022-09-16 00:00:00.000	2022-09-16 13:01:10.857
13335	1Z9692	5951	\N	6	\N	\N	2022-09-16 00:00:00.000	2022-09-16 14:19:15.190
13336	1E9696	21888	\N	6	\N	\N	2022-09-19 00:00:00.000	2022-09-19 13:30:09.393
13337	7SS	9752	\N	6	\N	6	2022-09-20 00:00:00.000	2022-09-20 08:50:35.423
13338	4M9207	21849	\N	6	\N	\N	2022-09-20 00:00:00.000	2022-09-20 10:04:32.793
13339	7PU	15780	\N	6	\N	6	2022-09-21 00:00:00.000	2022-09-21 10:13:14.177
13340	1J9422	21896	\N	6	\N	\N	2022-09-21 00:00:00.000	2022-09-21 12:17:19.223
13341	4A9241	21855	\N	6	\N	\N	2022-09-22 00:00:00.000	2022-09-22 14:24:44.963
13342	1P9892	21838	\N	6	\N	\N	2022-09-22 00:00:00.000	2022-09-22 15:35:01.210
13343	4B9314	21890	\N	6	\N	6	2022-09-23 00:00:00.000	2022-09-23 08:47:16.220
13344	1G9633	21902	\N	9	\N	\N	2022-09-23 00:00:00.000	2022-09-23 13:33:30.357
13345	7UM	21793	\N	6	\N	6	2022-09-26 00:00:00.000	2022-09-26 08:43:46.607
13346	7US	21565	\N	9	\N	\N	2022-09-26 00:00:00.000	2022-09-26 10:37:19.177
13347	4C9667	21861	\N	6	\N	6	2022-09-26 00:00:00.000	2022-09-26 12:31:55.627
13348	7UT	21904	\N	6	\N	6	2022-09-26 00:00:00.000	2022-09-26 12:53:06.840
13349	4M9206	21840	\N	6	\N	\N	2022-09-26 00:00:00.000	2022-09-26 13:24:04.933
13350	1G9631	21907	\N	9	\N	6	2022-09-26 00:00:00.000	2022-09-26 13:47:27.677
13351	KME	15984	\N	3	\N	\N	2022-09-26 00:00:00.000	2022-09-26 13:54:05.380
13352	3FJ	21879	\N	6	\N	\N	2022-09-27 00:00:00.000	2022-09-27 08:58:18.833
13353	1J9551	21910	\N	6	\N	\N	2022-09-27 00:00:00.000	2022-09-27 09:21:54.190
13354	1R9985	21639	\N	6	\N	\N	2022-09-27 00:00:00.000	2022-09-27 09:43:31.580
13355	1F9566	21913	\N	6	\N	\N	2022-09-28 00:00:00.000	2022-09-28 09:32:13.707
13356	7S6	21903	\N	6	\N	\N	2022-09-28 00:00:00.000	2022-09-28 10:01:02.713
13357	7NS	21843	\N	6	\N	\N	2022-09-28 00:00:00.000	2022-09-28 14:24:53.853
13358	V39AB8	21882	\N	2	\N	\N	2022-09-30 00:00:00.000	2022-09-30 09:11:21.887
13359	4T9457	21915	\N	6	\N	\N	2022-09-30 00:00:00.000	2022-09-30 09:42:43.127
13360	LA9CLW	21799	\N	6	\N	8	2022-09-30 00:00:00.000	2022-09-30 11:57:07.630
13361	7UJ	21746	\N	1	\N	\N	2022-10-03 00:00:00.000	2022-10-03 10:18:43.270
13362	1K9426	21832	\N	6	\N	\N	2022-10-03 00:00:00.000	2022-10-03 10:39:56.240
13363	7UB	21663	\N	6	\N	6	2022-10-03 00:00:00.000	2022-10-03 11:01:03.203
13364	7UK	18989	\N	3	\N	6	2022-10-03 00:00:00.000	2022-10-03 11:51:15.237
13365	1R9993	21894	\N	6	\N	6	2022-10-03 00:00:00.000	2022-10-03 14:56:52.820
13366	4A9250	21922	\N	6	\N	6	2022-10-04 00:00:00.000	2022-10-04 11:05:10.430
13367	4A9251	21897	\N	6	\N	\N	2022-10-04 00:00:00.000	2022-10-04 13:12:32.670
13368	1Z9691	21837	\N	6	\N	\N	2022-10-10 00:00:00.000	2022-10-10 09:14:43.450
13369	LA9SYL	21758	\N	6	\N	\N	2022-10-11 00:00:00.000	2022-10-11 10:45:56.043
13370	1K9382	20807	\N	6	\N	\N	2022-10-13 00:00:00.000	2026-05-26 09:46:52.357
13371	4B9319	21936	\N	6	\N	\N	2022-10-14 00:00:00.000	2022-10-14 09:36:25.503
13372	4T9461	21938	\N	6	\N	\N	2022-10-14 00:00:00.000	2022-10-14 12:45:45.143
13373	1C9510	16794	\N	6	\N	6	2022-10-14 00:00:00.000	2022-10-14 15:13:52.777
13374	7G2	955	\N	3	\N	6	2022-10-17 00:00:00.000	2022-10-17 12:32:57.070
13375	4M9208	21942	\N	6	\N	\N	2022-10-17 00:00:00.000	2022-10-17 12:43:32.657
13376	1G9634	21916	\N	6	\N	6	2022-10-17 00:00:00.000	2022-10-17 13:29:18.247
13377	1R9992	21941	\N	6	\N	6	2022-10-17 00:00:00.000	2022-10-17 14:06:34.853
13378	7Z0	17629	\N	2	\N	\N	2022-10-17 00:00:00.000	2022-10-17 14:12:55.247
13379	4S9652	21933	\N	6	\N	\N	2022-10-17 00:00:00.000	2022-10-17 16:20:45.340
13380	2E9088	17496	\N	6	\N	\N	2022-10-18 00:00:00.000	2022-10-18 14:18:36.057
13381	4S9647	21945	\N	6	\N	6	2022-10-18 00:00:00.000	2022-10-18 15:38:55.530
13382	4B9320	21946	\N	9	\N	6	2022-10-19 00:00:00.000	2022-10-19 08:45:38.287
13383	4C9218	21947	\N	6	\N	6	2022-10-19 00:00:00.000	2022-10-19 13:35:55.663
13384	4YS	17229	\N	6	\N	6	2022-10-21 00:00:00.000	2022-10-21 12:34:16.867
13385	2SL	20869	\N	6	\N	\N	2022-10-21 00:00:00.000	2022-10-21 14:36:08.323
13386	4A9249	21952	\N	6	\N	6	2022-10-24 00:00:00.000	2022-10-24 09:00:27.333
13387	1F9479	15583	\N	6	\N	\N	2022-10-24 00:00:00.000	2022-10-24 09:48:09.493
13388	4C9670	21935	\N	6	\N	6	2022-10-24 00:00:00.000	2022-10-24 11:07:08.120
13389	4C9669	21951	\N	6	\N	\N	2022-10-24 00:00:00.000	2022-10-24 14:50:26.407
13390	3T9251	21964	\N	6	\N	12	2022-10-26 00:00:00.000	2022-10-26 12:14:47.220
13391	3G9052	19032	\N	6	\N	12	2022-10-27 00:00:00.000	2022-10-27 10:11:06.237
13392	2C9183	12176	\N	6	\N	\N	2022-10-27 00:00:00.000	2022-10-27 12:21:47.903
13393	3H7	21966	\N	6	\N	12	2022-10-27 00:00:00.000	2022-10-27 13:55:30.810
13394	7NN	21974	\N	6	\N	\N	2022-10-27 00:00:00.000	2022-10-27 16:05:42.627
13395	VV1	21961	\N	6	\N	\N	2022-10-28 00:00:00.000	2022-10-28 13:50:09.747
13396	7UW	21810	\N	6	\N	6	2022-10-31 00:00:00.000	2022-10-31 10:02:40.217
13397	4A9254	21987	\N	6	\N	6	2022-11-01 00:00:00.000	2022-11-01 11:16:52.813
13398	4B9322	21982	\N	6	\N	\N	2022-11-01 00:00:00.000	2022-11-01 11:35:56.727
13399	3S9120	21965	\N	6	\N	12	2022-11-01 00:00:00.000	2022-11-01 14:08:07.710
13400	4B9154	21928	\N	6	\N	\N	2022-11-01 00:00:00.000	2022-11-01 14:44:22.697
13401	1Z9682	21988	\N	1	\N	6	2022-11-02 00:00:00.000	2022-11-02 09:10:37.440
13402	1Z9681	21988	\N	6	\N	6	2022-11-02 00:00:00.000	2022-11-02 10:39:09.540
13403	1G9629	21842	\N	6	\N	6	2022-11-03 00:00:00.000	2022-11-03 09:22:46.677
13404	3PE	11213	\N	6	\N	\N	2022-11-04 00:00:00.000	2022-11-04 08:48:04.970
13405	R1R	25718	\N	1	\N	\N	2026-08-04 00:00:00.000	2026-08-04 10:45:45.917
13406	7KY	5550	\N	6	\N	\N	2022-11-04 00:00:00.000	2022-11-04 14:21:13.583
13407	R41	22011	\N	1	\N	8	2022-11-07 00:00:00.000	2022-11-07 10:37:41.980
13408	4B9324	21792	\N	6	\N	6	2022-11-07 00:00:00.000	2022-11-07 12:31:27.290
13409	HD1	22010	\N	1	\N	8	2022-11-07 00:00:00.000	2022-11-07 12:46:46.533
13410	3M9093	22001	\N	6	\N	\N	2022-11-07 00:00:00.000	2022-11-07 13:05:27.803
13411	1R9996	22018	\N	6	\N	\N	2022-11-09 00:00:00.000	2022-11-09 13:25:01.650
13412	4C9673	22020	\N	6	\N	6	2022-11-10 00:00:00.000	2022-11-10 08:41:28.290
13413	4S9632	21586	\N	6	\N	\N	2022-11-14 00:00:00.000	2022-11-14 10:42:16.510
13414	7UV	22016	\N	1	\N	6	2022-11-14 00:00:00.000	2022-11-14 13:30:58.280
13415	3C9248	21970	\N	6	\N	12	2022-11-14 00:00:00.000	2022-11-14 14:36:47.567
13416	3PB	11213	\N	6	\N	\N	2022-11-15 00:00:00.000	2022-11-15 09:07:53.090
13417	1P9893	21931	\N	6	\N	6	2022-11-15 00:00:00.000	2022-11-15 10:24:42.173
13418	7V2	21971	\N	6	\N	6	2022-11-15 00:00:00.000	2022-11-15 10:32:05.437
13419	1L9639	21064	\N	6	\N	6	2022-11-16 00:00:00.000	2022-11-16 08:40:55.390
13420	4A9255	22030	\N	1	\N	\N	2022-11-17 00:00:00.000	2022-11-17 13:13:19.853
13421	1D9903	22031	\N	6	\N	\N	2022-11-17 00:00:00.000	2022-11-17 14:36:02.167
13422	1N9429	22032	\N	6	\N	\N	2022-11-18 00:00:00.000	2022-11-18 12:41:49.937
13423	4T9473	22035	\N	6	\N	\N	2022-11-18 00:00:00.000	2022-11-18 13:41:54.377
13424	1J9537	21574	\N	9	\N	\N	2022-11-22 00:00:00.000	2022-11-22 12:26:45.180
13425	4T9472	22009	\N	6	\N	6	2022-11-23 00:00:00.000	2022-11-23 13:12:01.103
13426	4M9213	21950	\N	6	\N	\N	2022-11-29 00:00:00.000	2022-11-29 14:34:14.480
13427	7T1	21456	\N	1	\N	6	2022-11-30 00:00:00.000	2022-11-30 08:18:27.427
13428	4A9252	21943	\N	6	\N	\N	2022-11-30 00:00:00.000	2022-11-30 08:58:01.817
13429	4S9656	22004	\N	6	\N	6	2022-11-30 00:00:00.000	2022-11-30 10:59:07.670
13430	1F9568	22046	\N	6	\N	\N	2022-11-30 00:00:00.000	2022-11-30 14:04:09.647
13431	1G9635	22047	\N	6	\N	\N	2022-11-30 00:00:00.000	2022-11-30 15:11:43.157
13432	7UZ	21911	\N	6	\N	\N	2022-12-01 00:00:00.000	2022-12-01 09:30:52.390
13433	4C9672	22008	\N	6	\N	\N	2022-12-01 00:00:00.000	2022-12-01 10:35:18.987
13434	4T9470	21973	\N	6	\N	\N	2022-12-01 00:00:00.000	2022-12-01 11:36:23.827
13435	7SU	21419	\N	3	\N	6	2022-12-01 00:00:00.000	2022-12-01 12:12:25.597
13436	4C9671	21949	\N	6	\N	6	2022-12-01 00:00:00.000	2024-03-28 09:47:13.657
13437	1R9966	22025	\N	6	\N	6	2022-12-01 00:00:00.000	2022-12-01 13:45:14.087
13438	1L9654	22039	\N	6	\N	6	2022-12-01 00:00:00.000	2022-12-01 14:13:59.163
13439	7V3	21316	\N	9	\N	\N	2022-12-01 00:00:00.000	2022-12-01 14:42:27.573
13440	3H5	22044	\N	6	\N	\N	2022-12-02 00:00:00.000	2022-12-02 08:42:11.747
13441	3W1	22003	\N	6	\N	\N	2022-12-02 00:00:00.000	2022-12-02 09:09:47.617
13442	7V5	22024	\N	6	\N	\N	2022-12-06 00:00:00.000	2022-12-06 14:06:48.753
13443	HL4	22075	\N	1	\N	8	2022-12-07 00:00:00.000	2022-12-07 09:12:02.337
13444	4T9469	22079	\N	6	\N	\N	2022-12-07 00:00:00.000	2022-12-07 15:47:13.947
13445	4S9655	22082	\N	6	\N	6	2022-12-08 00:00:00.000	2022-12-08 08:51:34.560
13446	1D9886	22028	\N	6	\N	6	2022-12-08 00:00:00.000	2022-12-08 12:01:14.630
13447	7V0	22033	\N	6	\N	\N	2022-12-08 00:00:00.000	2026-07-14 17:09:05.860
13448	KF9005	22013	\N	1	\N	21	2022-12-09 00:00:00.000	2022-12-09 10:42:22.163
13449	4T9477	22026	\N	6	\N	\N	2022-12-09 00:00:00.000	2022-12-09 13:33:09.823
13450	1Z9694	21846	\N	6	\N	\N	2022-12-09 00:00:00.000	2022-12-09 15:36:28.910
13451	50T	22080	\N	9	\N	\N	2022-12-12 00:00:00.000	2022-12-12 10:33:40.490
13452	1D9902	22023	\N	6	\N	\N	2022-12-12 00:00:00.000	2022-12-12 15:30:16.373
13453	1F9571	21562	\N	6	\N	\N	2022-12-13 00:00:00.000	2022-12-13 14:18:38.990
13454	LA9LYB	22099	\N	10	\N	8	2022-12-13 00:00:00.000	2023-01-26 09:50:22.043
13455	4S9658	22105	\N	9	\N	\N	2022-12-14 00:00:00.000	2022-12-14 15:23:13.000
13456	1H9815	21972	\N	6	\N	6	2022-12-15 00:00:00.000	2022-12-15 09:39:58.447
13457	R4X	22055	\N	1	\N	57	2022-12-15 00:00:00.000	2022-12-15 09:58:15.450
13458	1D9905	22106	\N	6	\N	\N	2022-12-19 00:00:00.000	2022-12-19 13:34:53.453
13459	1P9896	22109	\N	6	\N	6	2022-12-20 00:00:00.000	2022-12-20 09:20:03.643
13460	1Z9689	21681	\N	6	\N	\N	2022-12-20 00:00:00.000	2022-12-20 14:25:15.047
13461	7VC	22113	\N	6	\N	\N	2022-12-20 00:00:00.000	2022-12-20 15:39:08.240
13462	1K9175	18017	\N	6	\N	6	2022-12-27 00:00:00.000	2022-12-27 14:22:11.700
13463	7VA	22103	\N	6	\N	\N	2022-12-27 00:00:00.000	2022-12-27 15:53:13.030
13464	1H9818	22122	\N	6	\N	\N	2022-12-29 00:00:00.000	2022-12-29 09:13:31.080
13465	R74	22062	\N	1	\N	57	2022-12-29 00:00:00.000	2022-12-29 09:41:00.610
13466	1W9678	22121	\N	6	\N	\N	2022-12-29 00:00:00.000	2022-12-29 10:17:43.657
13467	4M9205	22117	\N	9	\N	\N	2022-12-29 00:00:00.000	2022-12-29 10:35:32.053
13468	4M9214	22027	\N	6	\N	\N	2023-01-03 00:00:00.000	2023-01-03 09:13:50.793
13469	4T9259	22115	\N	6	\N	\N	2023-01-03 00:00:00.000	2023-01-03 09:28:37.080
13470	1U9204	22036	\N	6	\N	\N	2023-01-03 00:00:00.000	2023-01-03 09:51:12.183
13471	4S9653	22022	\N	6	\N	\N	2023-01-03 00:00:00.000	2023-01-03 10:15:41.823
13472	4B9325	22005	\N	6	\N	\N	2023-01-03 00:00:00.000	2023-01-03 10:34:01.033
13473	SE3	21767	\N	6	\N	5	2023-01-03 00:00:00.000	2023-01-03 11:36:36.123
13474	7VD	22104	\N	6	\N	6	2023-01-03 00:00:00.000	2023-01-03 12:31:13.673
13475	1Z9698	22118	\N	3	\N	6	2023-01-03 00:00:00.000	2023-01-03 12:41:31.363
13476	9F5	22065	\N	6	\N	34	2023-01-03 00:00:00.000	2023-01-03 16:03:45.630
13477	3F9033	21823	\N	6	\N	12	2023-01-05 00:00:00.000	2023-01-05 08:40:01.510
13478	3T9254	22102	\N	6	\N	\N	2023-01-05 00:00:00.000	2023-01-05 14:16:33.980
13479	1E9690	22083	\N	2	\N	\N	2023-01-06 00:00:00.000	2023-01-06 09:37:18.630
13480	1F9573	22091	\N	6	\N	\N	2023-01-09 00:00:00.000	2023-01-09 09:22:44.913
13481	4T9480	22120	\N	6	\N	6	2023-01-09 00:00:00.000	2023-01-09 09:56:23.380
13482	7VE	22136	\N	6	\N	6	2023-01-09 00:00:00.000	2023-01-09 12:58:41.513
13483	4M9218	22135	\N	6	\N	6	2023-01-09 00:00:00.000	2023-01-09 13:04:09.087
13484	4M9212	22134	\N	6	\N	6	2023-01-09 00:00:00.000	2023-01-09 13:22:33.427
13485	1H9816	22124	\N	6	\N	6	2023-01-10 00:00:00.000	2023-01-10 12:54:22.930
13486	3S9100	22067	\N	6	\N	\N	2023-01-10 00:00:00.000	2023-01-10 13:34:58.250
13487	1R9904	19607	\N	6	\N	6	2023-01-11 00:00:00.000	2023-01-11 08:55:50.403
13488	4A9260	22088	\N	6	\N	6	2023-01-11 00:00:00.000	2023-01-11 10:52:02.453
13489	7VG	15165	\N	6	\N	6	2023-01-12 00:00:00.000	2023-01-12 12:28:59.573
13490	1R9791	22017	\N	6	\N	6	2023-01-12 00:00:00.000	2023-01-12 12:42:37.537
13491	1U9205	22131	\N	6	\N	6	2023-01-13 00:00:00.000	2023-01-13 12:09:19.067
13492	4S9663	22143	\N	6	\N	6	2023-01-13 00:00:00.000	2023-01-13 12:16:15.200
13493	4T9467	21996	\N	6	\N	6	2023-01-17 00:00:00.000	2023-01-17 11:09:59.030
13494	2DG	21812	\N	6	\N	\N	2023-01-17 00:00:00.000	2023-01-17 16:21:24.533
13495	1F9574	22137	\N	6	\N	\N	2023-01-20 00:00:00.000	2023-01-20 09:01:20.763
13496	7VL	16251	\N	6	\N	6	2023-01-20 00:00:00.000	2023-01-20 10:35:22.220
13497	1D9906	22146	\N	6	\N	6	2023-01-20 00:00:00.000	2023-01-20 11:34:29.033
13498	1N9430	22171	\N	6	\N	6	2023-01-20 00:00:00.000	2023-01-20 12:05:15.160
13499	1Y9046	22172	\N	6	\N	6	2023-01-20 00:00:00.000	2023-01-20 12:47:41.410
13500	4B9327	22166	\N	6	\N	\N	2023-01-20 00:00:00.000	2023-01-20 13:18:30.587
13501	1F9569	22141	\N	6	\N	6	2023-01-23 00:00:00.000	2023-01-23 10:09:26.623
13502	1F9575	22152	\N	6	\N	6	2023-01-23 00:00:00.000	2023-01-23 10:19:58.137
13503	2A9191	21898	\N	2	\N	\N	2023-01-24 00:00:00.000	2023-01-24 10:26:40.117
13504	S21	1132	\N	13	\N	6	2023-01-24 00:00:00.000	2023-01-24 12:30:58.470
13505	1W9677	22151	\N	6	\N	6	2023-01-25 00:00:00.000	2023-01-25 08:30:38.987
13506	1W9679	22127	\N	6	\N	\N	2023-01-25 00:00:00.000	2023-01-25 08:50:38.543
13507	4B9330	22147	\N	6	\N	\N	2023-01-25 00:00:00.000	2023-01-25 14:42:43.910
13508	4T9482	22094	\N	1	\N	6	2023-01-26 00:00:00.000	2023-01-26 15:19:32.133
13509	4S9331	22190	\N	6	\N	\N	2023-01-26 00:00:00.000	2023-01-26 16:12:19.213
13510	4R9001	22015	\N	6	\N	6	2023-01-27 00:00:00.000	2023-01-27 12:47:21.233
13511	4M9217	22107	\N	6	\N	\N	2023-01-30 00:00:00.000	2023-01-30 12:48:46.607
13512	2P9099	22193	\N	6	\N	1	2023-01-30 00:00:00.000	2023-01-30 13:26:50.243
13513	1D9904	22126	\N	6	\N	6	2023-01-31 00:00:00.000	2023-01-31 12:34:01.370
13514	1H9811	22196	\N	10	\N	6	2023-01-31 00:00:00.000	2023-01-31 13:06:40.297
13515	4S9642	22195	\N	6	\N	6	2023-01-31 00:00:00.000	2023-01-31 15:20:40.037
13516	1W9676	21613	\N	1	\N	6	2023-02-01 00:00:00.000	2023-02-01 14:21:25.620
13517	4A9244	21724	\N	6	\N	6	2023-02-01 00:00:00.000	2023-02-01 14:51:49.660
13518	4B9316	21845	\N	6	\N	\N	2023-02-02 00:00:00.000	2023-02-02 11:19:03.383
13519	R1J	22191	\N	9	\N	8	2023-02-02 00:00:00.000	2023-02-02 14:42:04.070
13520	3G9061	21953	\N	6	\N	12	2023-02-02 00:00:00.000	2023-02-02 17:02:06.493
13521	3BH	23472	\N	3	\N	12	2023-02-03 00:00:00.000	2026-04-01 10:26:16.783
13522	1R9866	22170	\N	6	\N	\N	2023-02-06 00:00:00.000	2023-02-06 11:18:04.720
13523	1L9657	22201	\N	9	\N	\N	2023-02-06 00:00:00.000	2023-02-06 12:06:19.543
13524	R7N	22158	\N	1	\N	57	2023-02-06 00:00:00.000	2023-02-06 13:25:13.903
13525	ZZ3	22061	\N	1	\N	\N	2023-02-07 00:00:00.000	2023-02-07 11:44:28.080
13526	4S9660	4787	\N	6	\N	6	2023-02-07 00:00:00.000	2023-02-07 16:41:21.837
13527	7V8	22183	\N	6	\N	6	2023-02-08 00:00:00.000	2023-02-08 12:44:52.920
13528	4S9664	22212	\N	6	\N	6	2023-02-08 00:00:00.000	2023-02-08 18:11:38.327
13529	4C9658	21788	\N	9	\N	\N	2023-02-10 00:00:00.000	2023-02-10 08:54:03.993
13530	4A9262	22229	\N	6	\N	\N	2023-02-13 00:00:00.000	2023-02-13 09:02:19.637
13531	1D9888	21358	\N	1	\N	\N	2023-02-14 00:00:00.000	2023-02-14 09:18:15.677
13532	1Z9701	22216	\N	6	\N	\N	2023-02-14 00:00:00.000	2023-02-14 13:48:53.573
13533	4S9668	22235	\N	9	\N	6	2023-02-14 00:00:00.000	2023-02-14 18:09:35.253
13534	4S9667	22236	\N	6	\N	\N	2023-02-15 00:00:00.000	2023-02-15 13:08:14.687
13535	2C9318	21626	\N	6	\N	\N	2023-02-16 00:00:00.000	2023-02-16 14:40:16.610
13536	4B9332	22112	\N	6	\N	6	2023-02-17 00:00:00.000	2023-02-17 11:17:05.500
13537	1E9699	22247	\N	6	\N	6	2023-02-21 00:00:00.000	2023-02-21 11:06:16.113
13538	4S9665	22246	\N	6	\N	6	2023-02-21 00:00:00.000	2023-02-21 13:16:38.873
13539	1L9659	22259	\N	6	\N	\N	2023-02-22 00:00:00.000	2023-02-22 12:41:52.107
13540	1Z9699	22263	\N	6	\N	\N	2023-02-24 00:00:00.000	2023-02-24 08:40:48.797
13541	1J9553	22264	\N	6	\N	6	2023-02-27 00:00:00.000	2023-02-27 10:08:51.073
13542	1H9814	22021	\N	2	\N	6	2023-02-27 00:00:00.000	2023-02-27 13:16:38.907
13543	4M9216	22132	\N	6	\N	6	2023-02-28 00:00:00.000	2023-02-28 08:32:48.810
13544	2DD	21814	\N	6	\N	1	2023-02-28 00:00:00.000	2023-02-28 08:41:15.613
13545	4M9221	22267	\N	6	\N	\N	2023-02-28 00:00:00.000	2023-02-28 12:46:39.893
13546	4B9334	22268	\N	9	\N	\N	2023-02-28 00:00:00.000	2024-02-29 11:15:53.973
13547	7TN	21937	\N	7	\N	\N	2023-03-01 00:00:00.000	2023-03-01 10:42:19.337
13548	7VM	22269	\N	6	\N	6	2023-03-01 00:00:00.000	2023-03-01 12:45:57.920
13549	R5C	22052	\N	1	\N	57	2023-03-01 00:00:00.000	2023-03-01 13:02:12.380
13550	4A9258	21962	\N	6	\N	6	2023-03-01 00:00:00.000	2023-03-01 15:11:54.553
13551	1G9639	22182	\N	6	\N	6	2023-03-01 00:00:00.000	2023-03-01 15:22:47.267
13552	XLW	22207	\N	3	\N	31	2023-03-02 00:00:00.000	2023-03-02 10:30:47.057
13553	7VS	22174	\N	9	\N	\N	2023-03-02 00:00:00.000	2023-03-02 14:32:48.757
13554	1E9701	22199	\N	3	\N	\N	2023-03-06 00:00:00.000	2023-03-06 09:15:33.453
13555	1N9431	7116	\N	6	\N	\N	2023-03-06 00:00:00.000	2023-03-06 09:55:34.593
13556	7TZ	22280	\N	3	\N	6	2023-03-06 00:00:00.000	2023-03-06 11:50:54.117
13557	7VH	22226	\N	9	\N	\N	2023-03-06 00:00:00.000	2026-04-08 16:07:09.290
13558	3EU	22286	\N	6	\N	\N	2023-03-07 00:00:00.000	2023-03-07 14:39:41.880
13559	7VU	22280	\N	10	\N	6	2023-03-09 00:00:00.000	2023-03-09 08:55:55.310
13560	R2A	21258	\N	9	\N	\N	2023-03-09 00:00:00.000	2023-03-09 14:09:37.133
13561	1G9636	22128	\N	6	\N	\N	2023-03-09 00:00:00.000	2023-03-09 14:33:48.170
13562	4A9222	22303	\N	6	\N	\N	2023-03-09 00:00:00.000	2023-03-09 15:05:13.180
13563	1V9260	22304	\N	9	\N	6	2023-03-10 00:00:00.000	2023-03-10 11:41:17.140
13564	4A9265	22305	\N	6	\N	\N	2023-03-10 00:00:00.000	2023-03-10 13:31:51.767
13565	4S9672	22306	\N	6	\N	\N	2023-03-10 00:00:00.000	2023-03-10 15:14:20.613
13566	1Z9706	22307	\N	6	\N	6	2023-03-13 00:00:00.000	2023-03-13 13:01:40.820
13567	1P9900	22310	\N	6	\N	6	2023-03-13 00:00:00.000	2023-03-13 13:45:58.193
13568	4T9487	22312	\N	6	\N	6	2023-03-13 00:00:00.000	2023-03-13 13:59:39.093
13569	4T9491	22311	\N	6	\N	6	2023-03-13 00:00:00.000	2023-03-13 14:04:51.790
13570	4S9671	22314	\N	6	\N	\N	2023-03-13 00:00:00.000	2023-03-13 14:42:11.337
13571	1E9702	22313	\N	6	\N	\N	2023-03-13 00:00:00.000	2023-03-13 15:37:40.227
13572	4R9007	22316	\N	6	\N	\N	2023-03-14 00:00:00.000	2023-03-14 15:21:26.123
13573	1V9262	22318	\N	6	\N	6	2023-03-15 00:00:00.000	2023-03-15 10:52:35.260
13574	3TH	22283	\N	6	\N	12	2023-03-16 00:00:00.000	2023-03-16 12:06:10.543
13575	3NG	22309	\N	6	\N	12	2023-03-16 00:00:00.000	2023-03-16 14:59:37.033
13576	3A9316	22266	\N	6	\N	12	2023-03-16 00:00:00.000	2023-03-16 15:51:08.623
13577	4T9483	22325	\N	6	\N	6	2023-03-16 00:00:00.000	2023-03-16 16:02:03.773
13578	7VW	22334	\N	6	\N	\N	2023-03-17 00:00:00.000	2023-03-17 08:51:43.667
13579	LA9ZGC	22294	\N	3	\N	8	2023-03-17 00:00:00.000	2023-03-17 11:27:03.570
13580	4A9267	22335	\N	9	\N	\N	2023-03-17 00:00:00.000	2023-03-17 12:53:17.800
13581	1H9805	21914	\N	6	\N	6	2023-03-17 00:00:00.000	2023-03-17 15:24:09.003
13582	4S9670	22328	\N	9	\N	\N	2023-03-17 00:00:00.000	2023-03-17 15:29:38.413
13583	1P9897	20775	\N	6	\N	6	2023-03-20 00:00:00.000	2023-03-20 12:56:49.590
13584	R3W	22273	\N	1	\N	57	2023-03-20 00:00:00.000	2023-03-20 13:35:38.580
13585	R8B	22273	\N	9	\N	57	2023-03-20 00:00:00.000	2023-03-20 14:21:09.110
13586	2M9189	22326	\N	6	\N	\N	2023-03-21 00:00:00.000	2023-03-21 08:55:00.247
13587	R8N	22282	\N	1	\N	57	2023-03-21 00:00:00.000	2023-03-21 08:58:50.067
13588	1P9902	22339	\N	6	\N	\N	2023-03-21 00:00:00.000	2023-03-21 13:33:30.297
13589	1H9821	22340	\N	6	\N	\N	2023-03-21 00:00:00.000	2023-03-21 14:00:24.477
13590	1D9865	22338	\N	6	\N	\N	2023-03-21 00:00:00.000	2023-03-21 15:16:51.203
13591	4B9326	22342	\N	6	\N	6	2023-03-21 00:00:00.000	2023-03-21 15:44:15.847
13592	R8C	22296	\N	1	\N	57	2023-03-23 00:00:00.000	2023-03-23 09:41:21.520
13593	7V1	22346	\N	6	\N	\N	2023-03-24 00:00:00.000	2023-03-24 11:51:58.183
13594	1G9626	22317	\N	6	\N	\N	2023-03-24 00:00:00.000	2023-03-24 15:26:35.390
13595	4M9222	22275	\N	6	\N	\N	2023-03-27 00:00:00.000	2023-03-27 16:05:12.353
13596	3S9124	22291	\N	6	\N	\N	2023-03-28 00:00:00.000	2023-03-28 14:26:05.930
13597	4B9337	22350	\N	6	\N	6	2023-03-29 00:00:00.000	2023-03-29 10:21:51.987
13598	4T9493	22332	\N	6	\N	\N	2023-03-29 00:00:00.000	2023-03-29 10:47:37.433
13599	7VY	19940	\N	1	\N	\N	2023-03-29 00:00:00.000	2023-03-29 14:32:02.220
13600	1Z9649	20734	\N	6	\N	\N	2023-03-29 00:00:00.000	2023-03-29 14:40:29.640
13601	1P9901	9015	\N	9	\N	6	2023-03-30 00:00:00.000	2023-03-30 08:19:28.663
13602	NR9442	22347	\N	6	\N	13	2023-03-30 00:00:00.000	2023-03-30 08:49:12.800
13603	3T9055	22354	\N	6	\N	\N	2023-03-30 00:00:00.000	2023-03-30 09:09:26.190
13604	1U9194	18451	\N	6	\N	\N	2023-03-30 00:00:00.000	2023-03-30 15:51:32.083
13605	7VJ	22237	\N	6	\N	6	2023-04-03 00:00:00.000	2023-04-03 09:00:47.473
13606	4T9488	22323	\N	6	\N	6	2023-04-03 00:00:00.000	2023-04-03 09:09:23.087
13607	4S9676	22358	\N	6	\N	6	2023-04-03 00:00:00.000	2023-04-03 09:32:38.720
13608	1Z9696	21978	\N	6	\N	\N	2023-04-03 00:00:00.000	2023-04-03 09:51:14.330
13609	1M9610	22181	\N	6	\N	\N	2023-04-03 00:00:00.000	2025-11-17 15:25:55.870
13610	4C9677	22233	\N	6	\N	\N	2023-04-03 00:00:00.000	2023-04-03 10:48:09.287
13611	1J9554	22302	\N	9	\N	\N	2023-04-03 00:00:00.000	2023-04-03 11:13:25.690
13612	4C9679	22362	\N	6	\N	6	2023-04-03 00:00:00.000	2023-04-03 11:33:12.383
13613	1G9645	22361	\N	9	\N	6	2023-04-03 00:00:00.000	2023-04-03 11:38:42.417
13614	1W9681	22320	\N	6	\N	\N	2023-04-03 00:00:00.000	2023-04-03 11:43:25.260
13615	7W2	22365	\N	9	\N	6	2023-04-04 00:00:00.000	2023-04-04 11:14:58.280
13616	1U9208	22367	\N	9	\N	6	2023-04-05 00:00:00.000	2023-04-05 09:09:17.947
13617	1P9903	22368	\N	9	\N	6	2023-04-05 00:00:00.000	2023-04-05 09:21:35.577
13618	4B9343	22375	\N	6	\N	6	2023-04-07 00:00:00.000	2023-04-07 09:51:57.257
13619	7W7	22377	\N	9	\N	6	2023-04-07 00:00:00.000	2023-04-07 13:23:08.523
13620	7W0	22363	\N	9	\N	\N	2023-04-10 00:00:00.000	2023-04-10 14:13:45.160
13621	7VZ	22363	\N	1	\N	\N	2023-04-10 00:00:00.000	2023-04-10 15:19:48.320
13622	1F9ST1	14541	\N	3	\N	6	2023-04-11 00:00:00.000	2023-04-11 11:09:22.900
13623	1F9FT2	14541	\N	3	\N	6	2023-04-11 00:00:00.000	2023-04-11 11:10:24.057
13624	4C9621	22380	\N	6	\N	\N	2023-04-12 00:00:00.000	2023-04-12 12:38:47.260
13625	4B9230	22173	\N	9	\N	\N	2023-04-13 00:00:00.000	2023-04-13 14:10:09.763
13626	7W8	22384	\N	9	\N	\N	2023-04-13 00:00:00.000	2023-04-13 14:45:34.583
13627	4T9484	22353	\N	6	\N	\N	2023-04-13 00:00:00.000	2023-04-13 15:22:04.710
13628	7VN	22110	\N	9	\N	6	2023-04-14 00:00:00.000	2023-04-14 08:28:44.590
13629	4B9341	21976	\N	6	\N	6	2023-04-14 00:00:00.000	2023-04-14 08:51:54.757
13630	4R9010	22352	\N	6	\N	6	2023-04-14 00:00:00.000	2023-04-14 12:14:39.703
13631	1L9661	22379	\N	6	\N	6	2023-04-17 00:00:00.000	2023-04-17 09:45:22.757
13632	1D9908	22393	\N	6	\N	6	2023-04-17 00:00:00.000	2023-04-17 12:03:56.673
13633	KL9B9E	22349	\N	9	\N	\N	2023-04-17 00:00:00.000	2023-04-17 14:42:30.060
13634	1Z9709	22373	\N	6	\N	6	2023-04-18 00:00:00.000	2023-04-18 12:02:30.743
13635	1H9826	22385	\N	6	\N	\N	2023-04-18 00:00:00.000	2023-04-18 14:55:15.013
13636	4A9270	21979	\N	6	\N	\N	2023-04-18 00:00:00.000	2023-04-18 15:15:26.127
13637	4A9259	22108	\N	6	\N	6	2023-04-19 00:00:00.000	2023-04-19 08:36:21.110
13638	1E9704	22359	\N	6	\N	\N	2023-04-19 00:00:00.000	2023-04-19 09:08:12.017
13639	R8R	22401	\N	6	\N	57	2023-04-19 00:00:00.000	2023-04-19 09:26:02.293
13640	ZSG	14805	\N	7	\N	9	2023-04-19 00:00:00.000	2023-04-19 14:39:00.353
13641	2C9331	22355	\N	6	\N	\N	2023-04-20 00:00:00.000	2023-04-20 09:10:02.230
13642	1Y9047	22343	\N	6	\N	6	2023-04-20 00:00:00.000	2023-04-20 09:17:23.997
13643	4C9465	22416	\N	6	\N	6	2023-04-20 00:00:00.000	2023-04-20 09:38:04.930
13644	3A9209	22248	\N	6	\N	12	2023-04-20 00:00:00.000	2023-04-20 10:03:01.827
13645	4T9496	22414	\N	6	\N	\N	2023-04-21 00:00:00.000	2023-04-21 08:57:32.437
13646	1L9593	19486	\N	6	\N	6	2023-04-21 00:00:00.000	2023-04-21 09:09:45.760
13647	R2V	22396	\N	1	\N	57	2023-04-21 00:00:00.000	2023-04-21 09:19:18.610
13648	R8M	22407	\N	6	\N	8	2023-04-21 00:00:00.000	2025-02-11 12:13:32.173
13649	1K9433	22418	\N	6	\N	6	2023-04-24 00:00:00.000	2023-04-24 08:21:30.510
13650	R8F	22403	\N	1	\N	57	2023-04-25 00:00:00.000	2023-04-25 12:23:30.597
13651	7WB	22419	\N	1	\N	\N	2023-04-25 00:00:00.000	2023-04-25 13:05:32.017
13652	4C9678	22425	\N	6	\N	\N	2023-04-26 00:00:00.000	2023-04-26 16:02:13.860
13653	7WC	21219	\N	6	\N	6	2023-04-27 00:00:00.000	2023-04-27 12:52:56.133
13654	4T9497	22426	\N	1	\N	6	2023-04-27 00:00:00.000	2023-04-27 13:17:34.407
13655	7R0	22427	\N	6	\N	\N	2023-04-27 00:00:00.000	2023-04-27 13:47:40.950
13656	2WE	11248	\N	3	2	1	2023-04-28 00:00:00.000	2023-04-28 12:31:29.847
13657	5CJ	11248	\N	10	\N	6	2023-04-28 00:00:00.000	2023-04-28 13:03:19.477
13658	1W9686	22428	\N	6	\N	\N	2023-04-28 00:00:00.000	2023-04-28 16:55:25.030
13659	1P9907	22417	\N	6	\N	\N	2023-05-01 00:00:00.000	2023-05-01 09:07:25.390
13660	MXV	22411	\N	1	\N	\N	2023-05-01 00:00:00.000	2023-05-01 16:11:30.270
13661	6K9950	21827	\N	6	\N	\N	2023-05-02 00:00:00.000	2023-05-02 11:35:42.413
13662	4R9013	22388	\N	6	\N	6	2023-05-02 00:00:00.000	2023-05-02 12:25:31.147
13663	3B9028	22408	\N	6	\N	12	2023-05-02 00:00:00.000	2023-05-02 15:57:14.770
13664	1G9641	21619	\N	6	\N	\N	2023-05-03 00:00:00.000	2023-05-03 09:12:04.830
13665	1P9908	22439	\N	6	\N	\N	2023-05-03 00:00:00.000	2023-05-03 09:59:40.473
13666	1V9263	6033	\N	6	\N	\N	2023-05-03 00:00:00.000	2023-05-03 11:17:58.473
13667	7U7	6571	\N	3	\N	\N	2023-05-03 00:00:00.000	2023-05-03 13:22:54.867
13668	7VB	6571	\N	10	\N	\N	2023-05-03 00:00:00.000	2023-05-03 13:23:22.303
13669	3D9031	22432	\N	6	\N	\N	2023-05-04 00:00:00.000	2023-05-04 09:25:33.683
13670	4S9679	22441	\N	6	\N	\N	2023-05-04 00:00:00.000	2023-05-04 10:04:06.193
13671	1L9658	22445	\N	6	\N	6	2023-05-04 00:00:00.000	2023-05-04 14:04:54.840
13672	4C9684	22443	\N	6	\N	\N	2023-05-05 00:00:00.000	2023-05-05 09:07:10.673
13673	4T9485	22423	\N	6	\N	\N	2023-05-08 00:00:00.000	2023-05-08 09:54:50.493
13674	7WF	22447	\N	6	\N	\N	2023-05-08 00:00:00.000	2023-05-08 11:27:43.253
13675	1D9909	22450	\N	6	\N	\N	2023-05-08 00:00:00.000	2023-05-08 12:12:16.480
13676	4C9680	22387	\N	6	\N	\N	2023-05-10 00:00:00.000	2023-05-10 09:28:02.833
13677	5G3	984	\N	7	\N	6	2023-05-10 00:00:00.000	2023-05-10 12:43:03.673
13678	7W1	22265	\N	6	\N	6	2023-05-10 00:00:00.000	2023-05-10 16:09:02.053
13679	4T9492	22456	\N	6	\N	6	2023-05-15 00:00:00.000	2023-05-15 10:44:44.863
13680	1G9647	22440	\N	6	\N	\N	2023-05-15 00:00:00.000	2023-05-15 13:58:15.610
13681	HU3	22391	\N	1	\N	8	2023-05-15 00:00:00.000	2023-05-15 14:16:43.560
13682	1G9648	21902	\N	1	\N	\N	2023-05-16 00:00:00.000	2023-05-16 11:23:46.363
13683	1C9099	22457	\N	6	\N	\N	2023-05-16 00:00:00.000	2023-05-16 12:51:38.830
13684	4A9273	22459	\N	6	\N	\N	2023-05-16 00:00:00.000	2023-05-16 14:47:06.303
13685	4C9686	22462	\N	6	\N	\N	2023-05-17 00:00:00.000	2023-05-17 10:27:43.843
13686	4C9651	22465	\N	6	\N	\N	2023-05-17 00:00:00.000	2023-05-17 13:08:04.407
13687	1G9649	21902	\N	6	\N	\N	2023-05-18 00:00:00.000	2023-05-18 09:05:43.893
13688	1A9460	19300	\N	6	\N	6	2023-05-18 00:00:00.000	2023-05-18 10:06:39.073
13689	7WJ	22469	\N	9	\N	\N	2023-05-22 00:00:00.000	2023-05-22 12:39:00.420
13690	7WK	22468	\N	1	\N	\N	2023-05-22 00:00:00.000	2023-05-22 14:13:04.950
13691	1G9646	22463	\N	6	\N	6	2023-05-23 00:00:00.000	2023-05-23 10:11:46.017
13692	4M9225	22473	\N	6	\N	6	2023-05-24 00:00:00.000	2023-05-24 10:11:26.610
13693	4C9688	22480	\N	6	\N	6	2023-05-25 00:00:00.000	2023-05-25 11:10:11.287
13694	1E9709	22481	\N	1	\N	\N	2023-05-25 00:00:00.000	2023-05-25 13:25:54.133
13695	4T9499	22479	\N	6	\N	\N	2023-05-25 00:00:00.000	2023-05-25 15:41:49.957
13696	4C9687	7494	\N	7	\N	\N	2023-05-30 00:00:00.000	2023-05-30 14:54:58.113
13697	1E9706	22199	\N	6	\N	\N	2023-05-31 00:00:00.000	2023-05-31 15:53:43.623
13698	1L9662	22374	\N	6	\N	\N	2023-06-01 00:00:00.000	2023-06-01 09:39:07.957
13699	1M9435	22478	\N	6	\N	\N	2023-06-01 00:00:00.000	2023-06-01 13:14:08.690
13700	1K9434	22494	\N	6	\N	\N	2023-06-01 00:00:00.000	2023-06-01 14:33:13.077
13701	4B9333	22140	\N	1	\N	6	2023-06-01 00:00:00.000	2023-06-01 16:20:20.413
13702	7WH	22257	\N	6	\N	6	2023-06-01 00:00:00.000	2023-06-01 16:32:50.947
13703	1P9898	22492	\N	6	\N	6	2023-06-02 00:00:00.000	2023-06-02 10:08:36.293
13704	7WL	22256	\N	6	\N	\N	2023-06-05 00:00:00.000	2023-06-05 09:42:16.367
13705	1W9687	22471	\N	9	\N	\N	2023-06-05 00:00:00.000	2024-03-01 09:39:48.367
13706	1L9664	22499	\N	6	\N	6	2023-06-08 00:00:00.000	2023-06-08 08:40:22.820
13707	1F9555	22498	\N	6	\N	6	2023-06-08 00:00:00.000	2023-06-08 11:12:49.280
13708	1Z9716	22378	\N	6	\N	\N	2023-06-09 00:00:00.000	2023-06-09 11:53:24.263
13709	4A9275	22505	\N	6	\N	\N	2023-06-09 00:00:00.000	2023-06-09 12:24:46.000
13710	1L9663	22510	\N	9	\N	6	2023-06-12 00:00:00.000	2023-06-12 11:40:43.197
13711	1F9579	22511	\N	6	\N	6	2023-06-12 00:00:00.000	2023-06-12 11:59:21.460
13712	4B9336	22512	\N	6	\N	6	2023-06-12 00:00:00.000	2023-06-12 12:20:46.007
13713	4C9674	22501	\N	6	\N	\N	2023-06-12 00:00:00.000	2023-06-12 14:12:56.563
13714	1P9910	22506	\N	6	\N	6	2023-06-13 00:00:00.000	2023-06-13 08:15:48.407
13715	4B9339	22519	\N	6	\N	6	2023-06-13 00:00:00.000	2023-06-13 08:25:28.910
13716	1F9576	22518	\N	6	\N	\N	2023-06-13 00:00:00.000	2023-06-13 09:35:42.703
13717	1F9580	22503	\N	6	\N	6	2023-06-13 00:00:00.000	2023-06-13 12:21:15.850
13718	4S9680	22477	\N	6	\N	\N	2023-06-14 00:00:00.000	2023-06-14 10:06:21.730
13719	4S9681	22527	\N	6	\N	6	2023-06-14 00:00:00.000	2023-06-14 10:22:38.373
13720	4C9689	22482	\N	6	\N	\N	2023-06-15 00:00:00.000	2023-06-15 09:46:12.203
13721	SC6	22059	\N	7	\N	\N	2023-06-15 00:00:00.000	2023-06-15 14:02:23.000
13722	1J9557	22509	\N	6	\N	\N	2023-06-16 00:00:00.000	2023-06-16 09:06:02.710
13723	1Z9704	22429	\N	6	\N	\N	2023-06-16 00:00:00.000	2023-06-16 09:34:41.587
13724	1Z9717	22502	\N	9	\N	\N	2023-06-16 00:00:00.000	2023-06-16 09:59:19.033
13725	4R9018	22532	\N	6	\N	\N	2023-06-16 00:00:00.000	2023-06-16 14:19:27.050
13726	4B9271	22513	\N	6	\N	6	2023-06-20 00:00:00.000	2023-06-20 13:06:13.597
13727	4A9114	21651	\N	6	\N	6	2023-06-20 00:00:00.000	2023-06-20 14:17:30.490
13728	1Z9660	22537	\N	6	\N	6	2023-06-22 00:00:00.000	2023-06-22 11:48:36.397
13729	1W9688	22529	\N	6	\N	\N	2023-06-23 00:00:00.000	2023-06-23 09:36:10.390
13730	1V9264	22556	\N	6	\N	6	2023-06-23 00:00:00.000	2023-06-23 11:31:20.977
13731	1U9211	22539	\N	6	\N	6	2023-06-23 00:00:00.000	2023-06-23 11:43:31.407
13732	7SM	21276	\N	6	\N	6	2023-06-23 00:00:00.000	2023-06-23 12:35:05.853
13733	1D9912	22557	\N	6	\N	6	2023-06-26 00:00:00.000	2023-06-26 08:56:09.697
13734	4R9017	22558	\N	9	\N	6	2023-06-27 00:00:00.000	2023-06-27 15:15:49.180
13735	1J9549	22486	\N	6	\N	\N	2023-06-27 00:00:00.000	2023-06-27 16:08:21.897
13736	4M9227	22561	\N	6	\N	6	2023-06-28 00:00:00.000	2023-06-28 11:57:25.110
13737	4C9595	22526	\N	6	\N	6	2023-06-29 00:00:00.000	2023-06-29 09:20:02.370
13738	XL9530	21958	\N	5	\N	31	2023-06-29 00:00:00.000	2023-06-29 09:43:07.790
13739	1D9900	22563	\N	6	\N	\N	2023-06-29 00:00:00.000	2023-06-29 14:11:34.707
13740	4T9489	22442	\N	6	\N	6	2023-07-03 00:00:00.000	2023-07-03 10:04:56.817
13741	4T9468	22567	\N	6	\N	6	2023-07-03 00:00:00.000	2023-07-03 10:09:57.297
13742	1Z9707	22448	\N	6	\N	6	2023-07-03 00:00:00.000	2023-07-03 14:04:04.590
13743	2T9131	22262	\N	6	\N	\N	2023-07-05 00:00:00.000	2023-07-05 09:21:31.767
13744	1D9910	22491	\N	6	\N	6	2023-07-10 00:00:00.000	2023-07-10 12:39:11.160
13745	4T9504	22559	\N	1	\N	\N	2023-07-10 00:00:00.000	2023-07-10 14:24:55.090
13746	4C9690	22507	\N	6	\N	\N	2023-07-11 00:00:00.000	2023-07-11 08:16:15.810
13747	4B9349	22560	\N	6	\N	6	2023-07-11 00:00:00.000	2023-07-11 08:46:11.083
13748	1U9213	22589	\N	6	\N	\N	2023-07-13 00:00:00.000	2023-07-13 09:24:44.233
13749	1G9651	22588	\N	6	\N	\N	2023-07-13 00:00:00.000	2023-07-13 14:09:54.190
13750	1F9581	22587	\N	6	\N	\N	2023-07-14 00:00:00.000	2023-07-14 09:14:27.790
13751	7WR	22524	\N	9	\N	\N	2023-07-14 00:00:00.000	2023-07-14 10:02:08.017
13752	3R9191	22547	\N	6	\N	12	2023-07-14 00:00:00.000	2023-07-14 10:52:35.820
13753	3U9009	22555	\N	6	\N	12	2023-07-14 00:00:00.000	2023-07-14 11:19:40.273
13754	SH3	22576	\N	9	\N	5	2023-07-14 00:00:00.000	2023-07-14 11:45:40.180
13755	56Z	6211	\N	6	\N	6	2023-07-14 00:00:00.000	2023-07-14 12:13:45.023
13756	4S9407	22568	\N	2	\N	\N	2023-07-14 00:00:00.000	2023-07-14 15:03:10.223
13757	1U9212	22586	\N	6	\N	\N	2023-07-17 00:00:00.000	2023-07-17 09:18:55.530
13758	3A9074	22598	\N	6	\N	12	2023-07-17 00:00:00.000	2023-07-17 12:39:15.610
13759	4T9506	22600	\N	6	\N	6	2023-07-17 00:00:00.000	2023-07-17 12:54:58.027
13760	1P9911	22599	\N	6	\N	6	2023-07-17 00:00:00.000	2023-07-17 13:02:47.173
13761	7WS	22608	\N	9	\N	\N	2023-07-18 00:00:00.000	2023-07-18 13:19:07.673
13762	3L9033	22577	\N	6	\N	12	2023-07-19 00:00:00.000	2023-07-19 10:42:40.183
13763	1C9140	22609	\N	6	\N	6	2023-07-19 00:00:00.000	2023-07-19 11:38:09.820
13764	5CX	5922	\N	2	\N	6	2023-07-20 00:00:00.000	2024-01-04 17:44:39.563
13765	7WD	22614	\N	9	\N	6	2023-07-20 00:00:00.000	2023-07-20 13:48:31.867
13766	1L9665	22612	\N	6	\N	\N	2023-07-20 00:00:00.000	2023-07-20 14:42:13.963
13767	1L9660	20779	\N	3	\N	6	2023-07-21 00:00:00.000	2023-07-21 11:16:15.770
13768	4S9682	22562	\N	6	\N	6	2023-07-21 00:00:00.000	2023-07-21 14:36:26.717
13769	4S9662	22622	\N	6	\N	6	2023-07-26 00:00:00.000	2023-07-26 09:42:45.243
13770	1N9435	22590	\N	6	\N	6	2023-07-26 00:00:00.000	2023-07-26 12:12:48.170
13771	3A9319	21865	\N	6	\N	12	2023-07-28 00:00:00.000	2023-07-28 12:08:53.820
13772	A6H	18919	\N	13	\N	6	2023-07-28 00:00:00.000	2024-01-24 15:44:39.443
13773	4S9684	22626	\N	6	\N	6	2023-07-31 00:00:00.000	2023-07-31 14:04:48.240
13774	7TU	22564	\N	9	\N	\N	2023-08-01 00:00:00.000	2023-08-01 14:02:23.290
13775	4T9495	22202	\N	6	\N	6	2023-08-01 00:00:00.000	2023-08-01 16:16:12.037
13776	1F9582	22628	\N	9	\N	6	2023-08-02 00:00:00.000	2023-08-02 10:08:42.970
13777	4A9282	22629	\N	6	\N	6	2023-08-02 00:00:00.000	2023-08-02 11:13:14.213
13778	1P9915	22591	\N	6	\N	6	2023-08-02 00:00:00.000	2023-08-02 12:01:19.083
13779	1J9560	22630	\N	6	\N	\N	2023-08-03 00:00:00.000	2023-08-03 10:04:39.227
13780	YSR	22624	\N	7	\N	23	2023-08-04 00:00:00.000	2023-08-04 08:14:16.667
13781	1F9236	12920	\N	6	\N	\N	2023-08-04 00:00:00.000	2023-08-04 12:41:27.007
13782	1Z9720	22635	\N	6	\N	\N	2023-08-04 00:00:00.000	2023-08-04 14:26:19.693
13783	4A9266	22636	\N	6	\N	\N	2023-08-04 00:00:00.000	2023-08-04 14:47:05.650
13784	4A9261	22634	\N	1	\N	\N	2023-08-07 00:00:00.000	2023-08-07 09:12:32.567
13785	7WE	16201	\N	10	\N	\N	2023-08-07 00:00:00.000	2023-08-07 11:54:25.597
13786	20E	22638	\N	13	\N	\N	2023-08-07 00:00:00.000	2023-08-07 16:23:20.680
13787	AT5	22638	\N	13	\N	6	2023-08-07 00:00:00.000	2023-08-07 15:25:27.630
13788	4S9685	22642	\N	9	\N	\N	2023-08-08 00:00:00.000	2023-08-08 09:29:07.420
13789	4M9229	22633	\N	6	\N	\N	2023-08-09 00:00:00.000	2023-08-09 09:08:06.377
13790	1J9559	22643	\N	6	\N	\N	2023-08-09 00:00:00.000	2023-08-09 12:53:43.880
13791	4T9508	22651	\N	6	\N	6	2023-08-09 00:00:00.000	2023-08-09 13:51:46.683
13792	4A9283	22653	\N	6	\N	6	2023-08-09 00:00:00.000	2023-08-09 16:12:26.807
13793	4Z9723	22655	\N	6	\N	\N	2023-08-10 00:00:00.000	2023-08-10 09:58:13.057
13794	7UY	22656	\N	6	\N	\N	2023-08-10 00:00:00.000	2025-09-29 14:22:10.357
13795	7PZ	22631	\N	6	\N	6	2023-08-11 00:00:00.000	2023-08-11 11:57:45.993
13796	1D9913	22660	\N	6	\N	6	2023-08-11 00:00:00.000	2023-08-11 12:24:45.440
13797	1F9570	22662	\N	6	\N	\N	2023-08-11 00:00:00.000	2023-08-11 16:00:32.420
13798	4R9021	22657	\N	9	\N	6	2023-08-14 00:00:00.000	2025-04-01 12:37:25.683
13799	1G9653	7443	\N	9	\N	\N	2023-08-14 00:00:00.000	2023-08-14 15:34:46.130
13800	20D	18919	\N	13	\N	\N	2023-08-15 00:00:00.000	2023-08-15 09:55:43.277
13801	1U9215	22663	\N	6	\N	6	2023-08-15 00:00:00.000	2023-08-15 10:10:50.487
13802	4T9509	22664	\N	6	\N	6	2023-08-15 00:00:00.000	2023-08-15 10:46:57.403
13803	7X0	22672	\N	6	\N	\N	2023-08-17 00:00:00.000	2023-08-17 09:09:01.707
13804	RMF	22671	\N	6	\N	38	2023-08-17 00:00:00.000	2023-08-17 09:25:04.390
13805	1N9423	15016	\N	9	\N	\N	2023-08-17 00:00:00.000	2023-08-17 14:32:26.820
13806	4M9231	22666	\N	1	\N	\N	2023-08-18 00:00:00.000	2023-08-18 09:37:04.350
13807	4T9450	22675	\N	6	\N	6	2023-08-18 00:00:00.000	2023-08-18 13:11:11.230
13808	4T9510	22673	\N	6	\N	\N	2023-08-21 00:00:00.000	2023-08-21 13:30:45.397
13809	4C9682	22678	\N	6	\N	\N	2023-08-21 00:00:00.000	2023-08-21 13:56:20.417
13810	4A9229	22536	\N	6	\N	\N	2023-08-23 00:00:00.000	2023-08-23 15:16:09.253
13811	1N9438	22682	\N	6	\N	6	2023-08-24 00:00:00.000	2023-08-24 13:30:51.517
13812	4A9276	22685	\N	6	\N	\N	2023-08-25 00:00:00.000	2023-08-25 15:03:49.317
13813	1H9817	22464	\N	6	\N	6	2023-08-29 00:00:00.000	2023-08-29 10:49:22.567
13814	1F9583	22650	\N	1	\N	6	2023-08-29 00:00:00.000	2023-08-29 10:58:05.960
13815	7W4	12016	\N	6	\N	\N	2023-08-31 00:00:00.000	2023-08-31 10:58:58.727
13816	1Y9048	22571	\N	6	\N	\N	2023-09-01 00:00:00.000	2023-09-01 09:04:30.927
13817	1J9565	22693	\N	6	\N	\N	2023-09-01 00:00:00.000	2023-09-01 15:04:50.117
13818	7PW	22694	\N	6	\N	\N	2023-09-01 00:00:00.000	2023-09-01 15:39:11.000
13819	1D9901	21934	\N	1	\N	6	2023-09-06 00:00:00.000	2023-09-06 11:35:50.580
13820	SD8	21836	\N	2	\N	5	2023-09-07 00:00:00.000	2023-09-07 14:06:38.210
13821	1K9437	22703	\N	6	\N	6	2023-09-08 00:00:00.000	2023-09-08 11:59:41.123
13822	4R9025	22704	\N	6	\N	6	2023-09-08 00:00:00.000	2023-09-08 12:41:28.720
13823	1S9684	22706	\N	6	\N	6	2023-09-08 00:00:00.000	2023-09-08 14:33:29.447
13824	1V9266	22454	\N	9	\N	6	2023-09-08 00:00:00.000	2023-09-08 15:56:51.917
13825	1P9917	22648	\N	6	\N	6	2023-09-11 00:00:00.000	2023-09-11 13:09:53.567
13826	4S9677	21633	\N	6	\N	6	2023-09-15 00:00:00.000	2023-09-22 09:54:34.347
13827	7WX	22649	\N	6	\N	6	2023-09-15 00:00:00.000	2023-09-15 09:46:52.953
13828	4S9688	22695	\N	6	\N	6	2023-09-15 00:00:00.000	2023-09-15 11:26:25.510
13829	4T9514	22730	\N	9	\N	6	2023-09-15 00:00:00.000	2023-09-15 12:02:28.343
13830	5E0	20895	\N	6	\N	6	2023-09-15 00:00:00.000	2023-09-15 12:31:47.277
13831	1C9148	20895	\N	6	\N	6	2023-09-15 00:00:00.000	2023-09-15 12:32:18.010
13832	PAG	23072	\N	1	\N	167	2023-09-18 00:00:00.000	2024-02-29 10:40:29.960
13833	SA1	22717	\N	1	\N	5	2023-09-18 00:00:00.000	2023-09-18 10:44:40.480
13834	4R9027	22734	\N	9	\N	6	2023-09-18 00:00:00.000	2023-09-18 12:11:59.280
13835	3R9014	22748	\N	6	\N	\N	2023-09-19 00:00:00.000	2023-09-19 09:28:12.657
13836	1Z9728	22749	\N	6	\N	\N	2023-09-19 00:00:00.000	2023-09-19 10:28:29.107
13837	1U9214	22750	\N	6	\N	6	2023-09-19 00:00:00.000	2023-09-19 10:39:27.087
13838	4R9016	22646	\N	6	\N	6	2023-09-20 00:00:00.000	2023-09-20 12:23:18.333
13839	1D9918	22566	\N	6	\N	\N	2023-09-20 00:00:00.000	2023-09-20 13:55:03.487
13840	4C9694	22753	\N	6	\N	\N	2023-09-20 00:00:00.000	2023-09-20 14:50:28.153
13841	1H9832	22732	\N	6	\N	\N	2023-09-21 00:00:00.000	2023-09-21 14:33:01.667
13842	1Z9726	22688	\N	6	\N	\N	2023-09-22 00:00:00.000	2023-09-22 09:42:42.977
13843	R3C	22735	\N	1	\N	8	2023-09-22 00:00:00.000	2023-09-22 10:29:39.693
13844	4R9026	22756	\N	1	\N	\N	2023-09-22 00:00:00.000	2023-09-22 14:04:50.543
13845	1L9668	22758	\N	6	\N	\N	2023-09-22 00:00:00.000	2023-09-22 15:23:49.090
13846	4R9022	22690	\N	6	\N	6	2023-09-25 00:00:00.000	2023-09-25 08:16:30.700
13847	1E9712	22777	\N	6	\N	\N	2023-09-26 00:00:00.000	2023-09-26 09:28:50.167
13848	1S9542	22779	\N	6	\N	6	2023-09-26 00:00:00.000	2023-09-26 10:22:38.630
13850	1H9831	22783	\N	6	\N	\N	2023-09-27 00:00:00.000	2023-09-27 09:00:59.330
13851	3GR	22794	\N	6	\N	\N	2023-09-27 00:00:00.000	2026-07-24 11:02:21.293
13852	4C9697	22659	\N	6	\N	\N	2023-09-27 00:00:00.000	2023-09-27 15:07:41.730
13853	1H9833	22775	\N	6	\N	\N	2023-09-27 00:00:00.000	2023-09-27 15:38:53.127
13854	1E9708	22449	\N	6	\N	\N	2023-09-28 00:00:00.000	2023-09-28 10:24:24.860
13855	4C9696	22819	\N	1	\N	6	2023-09-28 00:00:00.000	2023-09-28 12:36:32.110
13856	3A9311	22807	\N	6	\N	12	2023-09-29 00:00:00.000	2023-09-29 12:14:53.673
13857	1D9919	22754	\N	6	\N	6	2023-10-02 00:00:00.000	2023-10-02 10:59:45.667
13858	PFD	23656	\N	7	\N	46	2023-10-02 00:00:00.000	2024-10-17 09:49:13.900
13859	1P9914	21683	\N	6	\N	\N	2023-10-02 00:00:00.000	2023-10-02 11:50:44.843
13860	4S9692	22728	\N	6	\N	\N	2023-10-02 00:00:00.000	2023-10-02 12:39:39.330
13861	1J9563	22733	\N	6	\N	\N	2023-10-02 00:00:00.000	2023-10-02 13:19:08.647
13862	1Z9725	22820	\N	6	\N	\N	2023-10-02 00:00:00.000	2023-10-02 14:47:38.730
13863	7X4	22828	\N	6	\N	\N	2023-10-04 00:00:00.000	2023-10-04 09:28:20.090
13864	4B9352	22843	\N	6	\N	6	2023-10-05 00:00:00.000	2023-10-05 12:49:16.273
13865	7X7	22851	\N	6	\N	\N	2023-10-06 00:00:00.000	2023-10-06 09:00:24.420
13866	1L9669	22847	\N	6	\N	\N	2023-10-06 00:00:00.000	2023-10-06 13:55:01.770
13867	RA9007	22063	\N	3	\N	213	2023-10-09 00:00:00.000	2023-10-09 11:43:48.480
13868	1D9911	22792	\N	6	\N	6	2023-10-09 00:00:00.000	2023-10-09 12:35:37.770
13869	1F9584	22699	\N	6	\N	\N	2023-10-09 00:00:00.000	2023-10-09 14:44:17.540
13870	4A9287	22821	\N	6	\N	\N	2023-10-09 00:00:00.000	2023-10-09 15:34:37.863
13871	9F9046	22768	\N	6	\N	34	2023-10-10 00:00:00.000	2023-10-10 11:09:34.050
13872	R2T	22842	\N	1	\N	57	2023-10-10 00:00:00.000	2023-10-10 11:52:13.043
13873	4B9353	22857	\N	6	\N	\N	2023-10-10 00:00:00.000	2023-10-10 13:26:15.363
13874	2RH	22763	\N	6	\N	\N	2023-10-10 00:00:00.000	2023-10-10 15:19:53.447
13875	R3F	22799	\N	1	\N	57	2023-10-10 00:00:00.000	2023-10-10 15:42:23.217
13876	R61	22806	\N	6	\N	57	2023-10-10 00:00:00.000	2023-10-10 16:36:18.990
13877	W09R06	22832	\N	2	\N	2	2023-10-11 00:00:00.000	2023-10-11 08:14:34.077
13878	4S9693	22858	\N	6	\N	6	2023-10-11 00:00:00.000	2023-10-11 09:42:18.223
13879	7X6	6815	\N	6	\N	6	2023-10-11 00:00:00.000	2023-10-11 12:38:23.157
13880	3M9014	22812	\N	6	\N	12	2023-10-11 00:00:00.000	2023-10-11 13:13:40.013
13881	R8G	22829	\N	1	\N	57	2023-10-11 00:00:00.000	2023-10-11 14:52:18.703
13882	R3G	22799	\N	6	\N	57	2023-10-12 00:00:00.000	2023-10-12 10:41:31.230
13883	4B9269	22224	\N	6	\N	6	2023-10-12 00:00:00.000	2023-10-12 11:46:00.290
13884	3S9132	22884	\N	6	\N	12	2023-10-12 00:00:00.000	2023-10-12 12:22:53.607
13885	2M9197	22814	\N	6	\N	\N	2023-10-12 00:00:00.000	2023-10-12 13:47:04.883
13886	2S9010	22862	\N	6	\N	\N	2023-10-12 00:00:00.000	2023-10-12 14:11:32.273
13887	3V3	22888	\N	6	\N	12	2023-10-13 00:00:00.000	2023-10-13 10:09:10.547
13888	1L9666	22644	\N	6	\N	6	2023-10-13 00:00:00.000	2023-10-13 12:02:27.653
13889	RTJ	22741	\N	6	\N	\N	2023-10-13 00:00:00.000	2023-10-13 15:01:37.020
13890	9F9090	22805	\N	6	\N	\N	2023-10-13 00:00:00.000	2023-10-13 15:15:50.757
13891	4A9280	22776	\N	6	\N	\N	2023-10-16 00:00:00.000	2023-10-16 10:06:38.150
13892	4M9237	22894	\N	6	\N	\N	2023-10-16 00:00:00.000	2023-10-16 14:23:34.900
13893	3A9165	22743	\N	6	\N	12	2023-10-17 00:00:00.000	2023-10-17 09:48:15.813
13894	LRR	22874	\N	1	\N	8	2023-10-17 00:00:00.000	2025-06-12 09:35:36.103
13895	1H9822	22895	\N	6	\N	\N	2023-10-17 00:00:00.000	2023-10-17 15:38:52.060
13896	SF3	22798	\N	6	\N	5	2023-10-18 00:00:00.000	2023-10-18 10:16:52.807
13897	XL9551	22916	\N	6	\N	31	2023-10-18 00:00:00.000	2023-10-18 11:44:41.857
13898	1L9443	22920	\N	6	\N	\N	2023-10-18 00:00:00.000	2023-10-18 15:11:28.000
13899	1F9572	22922	\N	9	\N	\N	2023-10-19 00:00:00.000	2023-10-19 12:52:51.163
13900	3R9116	22909	\N	6	\N	12	2023-10-20 00:00:00.000	2023-10-20 10:46:53.137
13901	2W9087	22914	\N	6	\N	1	2023-10-20 00:00:00.000	2023-10-20 11:34:57.740
13902	4B9354	22892	\N	6	\N	6	2023-10-20 00:00:00.000	2023-10-20 12:50:28.837
13903	H0N	22827	\N	6	\N	8	2023-10-20 00:00:00.000	2023-10-20 14:43:38.027
13904	4A9285	22726	\N	6	\N	6	2023-10-20 00:00:00.000	2023-10-20 14:54:22.020
13905	3A9259	22866	\N	6	\N	12	2023-10-23 00:00:00.000	2023-10-23 11:13:28.800
13906	2M9209	22871	\N	6	\N	1	2023-10-23 00:00:00.000	2023-10-23 11:51:52.400
13907	4C9698	22893	\N	6	\N	\N	2023-10-23 00:00:00.000	2023-10-23 12:51:56.033
13908	4M9238	22925	\N	6	\N	\N	2023-10-23 00:00:00.000	2023-10-23 15:54:53.067
13909	LA9KTF	22795	\N	6	\N	8	2023-10-24 00:00:00.000	2023-10-24 12:50:38.880
13910	4A9288	22933	\N	9	\N	6	2023-10-24 00:00:00.000	2023-10-24 14:45:28.820
13911	4M9117	14713	\N	6	\N	6	2023-10-25 00:00:00.000	2023-10-25 08:39:31.747
13912	359001	22932	\N	6	\N	\N	2023-10-25 00:00:00.000	2023-10-25 13:02:54.490
13913	7XD	22935	\N	9	\N	6	2023-10-26 00:00:00.000	2026-02-24 16:19:03.013
13914	SLJ	22915	\N	1	\N	5	2023-10-26 00:00:00.000	2023-10-26 10:17:34.610
13915	H1M	22867	\N	9	\N	8	2023-10-26 00:00:00.000	2023-10-26 11:12:02.247
13916	R62	22786	\N	1	\N	57	2023-10-27 00:00:00.000	2023-10-27 09:18:21.420
13917	SJ1	22936	\N	10	\N	5	2023-10-27 00:00:00.000	2023-10-27 09:52:47.043
13918	7VV	22940	\N	10	\N	\N	2023-10-27 00:00:00.000	2023-10-27 11:17:05.153
13919	1P9922	22919	\N	1	\N	6	2023-10-30 00:00:00.000	2023-10-30 09:10:18.233
13920	1N9367	15197	\N	6	\N	6	2023-10-30 00:00:00.000	2023-10-30 09:45:26.043
13921	57B	22244	\N	6	\N	6	2023-10-30 00:00:00.000	2023-10-30 10:11:07.687
13922	1K9435	22702	\N	6	\N	6	2023-10-31 00:00:00.000	2023-10-31 08:55:14.113
13923	4T9516	22886	\N	6	\N	\N	2023-10-31 00:00:00.000	2023-10-31 09:34:34.643
13924	7WA	22938	\N	7	\N	6	2023-10-31 00:00:00.000	2023-10-31 11:45:36.577
13925	4T9502	22488	\N	6	\N	6	2023-11-01 00:00:00.000	2023-11-01 08:40:01.460
13926	7XC	10650	\N	3	\N	\N	2023-11-02 00:00:00.000	2023-11-02 09:09:51.590
13927	4T9519	22959	\N	6	\N	\N	2023-11-02 00:00:00.000	2023-11-02 14:52:36.230
13928	4W5	984	\N	7	\N	6	2023-11-03 00:00:00.000	2023-11-03 09:25:27.907
13930	1N9436	22963	\N	6	\N	\N	2023-11-03 00:00:00.000	2023-11-03 14:17:00.817
13931	1L9670	22964	\N	6	\N	6	2023-11-06 00:00:00.000	2023-11-06 09:18:31.970
13932	4B9359	22969	\N	6	\N	\N	2023-11-06 00:00:00.000	2023-11-06 14:21:39.910
13933	7XF	21517	\N	6	\N	\N	2023-11-07 00:00:00.000	2025-06-23 12:55:04.993
13934	1P9927	22921	\N	6	\N	6	2023-11-07 00:00:00.000	2023-12-05 14:18:33.317
13935	9VD	22860	\N	1	\N	51	2023-11-08 00:00:00.000	2023-11-08 08:43:39.427
13936	1U9216	22972	\N	6	\N	\N	2023-11-08 00:00:00.000	2023-11-08 09:36:51.877
13937	1P9926	22981	\N	6	\N	6	2023-11-09 00:00:00.000	2023-11-09 08:38:12.747
13938	1P9928	22984	\N	6	\N	\N	2023-11-09 00:00:00.000	2023-11-09 14:19:43.310
13939	7XH	22983	\N	6	\N	\N	2023-11-09 00:00:00.000	2023-11-09 16:25:08.007
13940	4R9020	22687	\N	6	\N	6	2023-11-13 00:00:00.000	2023-11-13 11:48:12.927
13941	1H9834	22987	\N	6	\N	\N	2023-11-13 00:00:00.000	2023-11-13 14:11:42.527
13942	2EP	22988	\N	6	\N	\N	2023-11-13 00:00:00.000	2023-11-13 15:13:31.460
13943	1F9585	22982	\N	6	\N	6	2023-11-13 00:00:00.000	2023-11-13 15:31:24.443
13944	7XE	18510	\N	6	\N	\N	2023-11-13 00:00:00.000	2023-11-13 15:35:51.663
13945	4R9031	22989	\N	1	\N	\N	2023-11-14 00:00:00.000	2023-11-14 09:11:57.313
13946	4S9683	22994	\N	6	\N	6	2023-11-14 00:00:00.000	2023-11-14 13:57:32.483
13947	7WT	21937	\N	3	\N	6	2023-11-14 00:00:00.000	2023-11-14 14:20:05.510
13948	4B9358	22991	\N	6	\N	\N	2023-11-14 00:00:00.000	2024-05-13 09:27:46.367
13949	3GP	984	\N	7	\N	12	2023-11-15 00:00:00.000	2023-11-15 08:53:00.117
13950	1S9705	2839	\N	6	\N	\N	2023-11-15 00:00:00.000	2023-11-15 09:47:42.760
13951	4B9345	22455	\N	6	\N	\N	2023-11-15 00:00:00.000	2023-11-15 15:44:34.643
13952	1Z9695	22993	\N	6	\N	\N	2023-11-16 00:00:00.000	2023-11-16 13:05:57.790
13953	4B9347	22998	\N	6	\N	\N	2023-11-16 00:00:00.000	2023-11-16 15:42:00.033
13954	7XM	8027	\N	6	\N	\N	2023-11-17 00:00:00.000	2023-11-17 09:05:08.543
13955	1P9919	23000	\N	6	\N	\N	2023-11-17 00:00:00.000	2023-11-17 12:17:41.067
13956	7XG	22985	\N	6	\N	6	2023-11-20 00:00:00.000	2023-11-20 08:58:35.457
13957	4R9030	22997	\N	9	\N	6	2023-11-20 00:00:00.000	2026-09-10 13:45:11.487
13958	4M9235	23001	\N	6	\N	\N	2023-11-20 00:00:00.000	2023-11-20 15:02:48.383
13959	1Z9730	23002	\N	1	\N	\N	2023-11-20 00:00:00.000	2023-11-21 12:39:40.717
13960	2L9162	22760	\N	10	\N	\N	2023-11-22 00:00:00.000	2023-11-22 09:16:27.200
13961	1E9711	23014	\N	6	\N	\N	2023-11-27 00:00:00.000	2023-11-27 13:53:41.433
13962	1G9655	23005	\N	9	\N	\N	2023-11-28 00:00:00.000	2023-11-28 14:51:36.230
13963	7XJ	23018	\N	6	\N	\N	2023-11-28 00:00:00.000	2023-11-28 16:02:32.260
13964	RNV	22759	\N	6	\N	\N	2023-11-29 00:00:00.000	2023-11-29 13:49:11.960
13965	H2E	22945	\N	9	\N	\N	2023-11-29 00:00:00.000	2023-11-29 15:40:01.300
13966	4M9197	22896	\N	6	\N	6	2023-11-30 00:00:00.000	2023-11-30 08:40:44.027
13967	3M9102	22977	\N	6	\N	12	2023-11-30 00:00:00.000	2023-11-30 09:05:52.897
13968	1N9440	22961	\N	6	\N	\N	2023-12-01 00:00:00.000	2023-12-01 09:58:20.320
13969	4T9500	22470	\N	6	\N	\N	2023-12-01 00:00:00.000	2023-12-01 10:15:15.957
13970	4A9294	22996	\N	6	\N	\N	2023-12-01 00:00:00.000	2023-12-01 10:26:40.137
13971	1W9685	23017	\N	6	\N	\N	2023-12-01 00:00:00.000	2023-12-01 12:47:57.527
13972	1Z9731	20902	\N	9	\N	6	2023-12-01 00:00:00.000	2023-12-01 13:26:44.623
13973	4B9360	23037	\N	6	\N	6	2023-12-01 00:00:00.000	2023-12-01 13:48:27.217
13974	1F9402	12111	\N	6	\N	\N	2023-12-04 00:00:00.000	2023-12-04 09:12:43.697
13975	4A9297	23013	\N	6	\N	6	2023-12-04 00:00:00.000	2023-12-04 11:55:14.280
13976	4T9521	23040	\N	6	\N	6	2023-12-05 00:00:00.000	2023-12-05 10:48:07.403
13977	V6E	23042	\N	10	\N	55	2023-12-05 00:00:00.000	2023-12-06 08:13:33.330
13978	2LB	6071	\N	5	\N	1	2023-12-06 00:00:00.000	2023-12-06 11:41:45.550
13979	2LA	6071	\N	10	\N	1	2023-12-06 00:00:00.000	2023-12-06 11:42:11.827
13980	2TZ	23041	\N	6	\N	\N	2023-12-07 00:00:00.000	2023-12-07 16:11:04.933
13981	1K9436	22923	\N	2	\N	\N	2023-12-08 00:00:00.000	2023-12-08 14:32:24.530
13982	R78	22948	\N	1	\N	57	2023-12-11 00:00:00.000	2023-12-11 09:20:58.000
13983	H84	22594	\N	1	\N	8	2023-12-11 00:00:00.000	2023-12-11 10:17:11.803
13984	4R9033	23053	\N	6	\N	\N	2023-12-11 00:00:00.000	2023-12-11 10:37:59.397
13985	1D9922	23059	\N	6	\N	\N	2023-12-11 00:00:00.000	2023-12-11 12:55:51.227
13986	HG6	22973	\N	1	\N	8	2023-12-12 00:00:00.000	2023-12-12 09:53:27.423
13987	HA0	22845	\N	1	\N	8	2023-12-12 00:00:00.000	2023-12-12 10:35:13.903
13988	4S9695	23060	\N	6	\N	\N	2023-12-12 00:00:00.000	2023-12-12 12:58:59.007
13989	1F9540	20453	\N	9	\N	6	2023-12-12 00:00:00.000	2023-12-12 13:26:24.907
13990	1H9813	21957	\N	10	\N	6	2023-12-14 00:00:00.000	2023-12-14 15:06:46.617
13991	1N9442	23067	\N	6	\N	6	2023-12-14 00:00:00.000	2023-12-14 16:01:50.643
13992	4T9520	23066	\N	6	\N	6	2023-12-14 00:00:00.000	2023-12-14 16:29:21.400
13993	4T9518	23055	\N	6	\N	6	2023-12-15 00:00:00.000	2023-12-15 08:31:27.357
13994	1G9657	23056	\N	6	\N	\N	2023-12-15 00:00:00.000	2023-12-15 09:24:04.730
13995	4A9296	23016	\N	6	\N	\N	2023-12-15 00:00:00.000	2023-12-15 09:34:41.347
13996	1U9217	23068	\N	6	\N	\N	2023-12-15 00:00:00.000	2023-12-15 14:18:01.780
13997	4B9361	22774	\N	6	\N	\N	2023-12-15 00:00:00.000	2023-12-15 14:38:02.883
13998	3C9223	23043	\N	6	\N	12	2023-12-19 00:00:00.000	2023-12-19 08:57:50.517
13999	1D9924	23074	\N	6	\N	\N	2023-12-19 00:00:00.000	2023-12-19 09:22:45.843
14000	3R9218	23047	\N	6	\N	12	2023-12-19 00:00:00.000	2023-12-19 09:49:26.160
14001	3TZ	23032	\N	6	\N	12	2023-12-19 00:00:00.000	2023-12-19 10:25:52.430
14002	1P9933	23077	\N	6	\N	\N	2023-12-19 00:00:00.000	2023-12-19 14:01:32.247
14003	1L9672	23080	\N	6	\N	\N	2023-12-20 00:00:00.000	2023-12-20 15:15:26.833
14004	7WG	23006	\N	6	\N	\N	2024-01-02 00:00:00.000	2024-01-02 10:13:40.300
14005	7XP	20213	\N	6	\N	\N	2024-01-02 00:00:00.000	2024-01-02 11:29:38.570
14006	SE4	22870	\N	1	\N	\N	2024-01-02 00:00:00.000	2024-01-02 12:08:33.777
14007	1V9258	22056	\N	7	\N	\N	2024-01-02 00:00:00.000	2024-01-02 13:06:20.487
14008	3LT	23045	\N	6	\N	\N	2024-01-03 00:00:00.000	2024-01-03 09:15:46.583
14009	7XB	23011	\N	9	\N	6	2024-01-04 00:00:00.000	2024-01-04 09:33:46.503
14010	1P9918	22958	\N	6	\N	6	2024-01-04 00:00:00.000	2024-01-04 11:25:24.570
14011	4A9300	23084	\N	9	\N	\N	2024-01-04 00:00:00.000	2024-01-04 13:43:30.333
14012	4M9240	23021	\N	6	\N	6	2024-01-04 00:00:00.000	2024-01-04 14:29:18.957
14013	1P9931	23058	\N	6	\N	6	2024-01-04 00:00:00.000	2024-01-04 14:51:18.060
14014	1N9443	23087	\N	6	\N	\N	2024-01-05 00:00:00.000	2024-01-05 13:17:27.777
14015	1U9218	23089	\N	6	\N	\N	2024-01-05 00:00:00.000	2024-01-05 13:36:11.657
14016	4C9700	23088	\N	9	\N	\N	2024-01-05 00:00:00.000	2024-01-05 14:00:04.367
14017	1P9934	23092	\N	6	\N	6	2024-01-09 00:00:00.000	2024-01-09 12:36:32.257
14018	4R9023	23025	\N	6	\N	\N	2024-01-09 00:00:00.000	2024-01-09 13:24:51.413
14019	6P6	22824	\N	6	\N	\N	2024-01-09 00:00:00.000	2024-01-09 16:29:08.693
14020	4T9524	23086	\N	6	\N	6	2024-01-10 00:00:00.000	2024-01-10 12:31:46.940
14021	1F9586	23096	\N	6	\N	\N	2024-01-11 00:00:00.000	2024-01-11 15:31:24.467
14022	4R9034	23083	\N	6	\N	\N	2024-01-12 00:00:00.000	2024-01-12 10:12:46.227
14023	1K9441	23105	\N	6	\N	6	2024-01-12 00:00:00.000	2024-01-12 12:17:43.003
14024	4C9702	23106	\N	6	\N	6	2024-01-12 00:00:00.000	2024-01-12 12:24:55.490
14025	L7K	22849	\N	1	\N	8	2024-01-12 00:00:00.000	2024-01-12 12:46:09.293
14026	4T9525	23107	\N	6	\N	\N	2024-01-12 00:00:00.000	2024-01-12 14:29:54.850
14027	4C9701	23094	\N	9	\N	\N	2024-01-12 00:00:00.000	2026-04-08 15:15:27.450
14028	3S9127	23100	\N	6	\N	12	2024-01-16 00:00:00.000	2024-01-16 14:08:55.173
14029	SA9350	22928	\N	1	\N	28	2024-01-16 00:00:00.000	2024-01-16 14:27:23.900
14030	1S9944	9666	\N	2	\N	\N	2024-01-17 00:00:00.000	2024-01-17 12:06:08.657
14031	1F9564	23113	\N	6	\N	\N	2024-01-17 00:00:00.000	2024-01-17 13:40:18.877
14032	4A9301	23124	\N	1	\N	6	2024-01-18 00:00:00.000	2024-01-18 09:23:56.397
14033	1L9671	21857	\N	6	\N	6	2024-01-22 00:00:00.000	2024-01-22 08:50:52.067
14034	1W9691	23131	\N	6	\N	\N	2024-01-23 00:00:00.000	2024-01-23 09:06:01.823
14035	4T9527	23093	\N	6	\N	6	2024-01-23 00:00:00.000	2024-01-23 14:56:21.217
14036	H0J	22835	\N	13	\N	8	2024-01-23 00:00:00.000	2024-01-23 15:14:11.333
14037	4S9697	23132	\N	6	\N	\N	2024-01-23 00:00:00.000	2024-01-23 16:06:11.323
14038	54G	23127	\N	6	\N	\N	2024-01-24 00:00:00.000	2024-01-24 12:25:33.207
14039	4T9526	23130	\N	6	\N	6	2024-01-24 00:00:00.000	2024-01-24 13:15:10.920
14040	1P9935	23137	\N	6	\N	\N	2024-01-24 00:00:00.000	2024-01-24 14:34:33.473
14041	SH7	22059	\N	3	\N	5	2024-01-25 00:00:00.000	2024-01-25 08:36:01.843
14042	7P0	6329	\N	6	\N	6	2024-01-25 00:00:00.000	2024-01-25 08:58:45.017
14043	4B9272	23134	\N	2	\N	\N	2024-01-31 00:00:00.000	2024-01-31 09:13:16.750
14044	4M9243	23139	\N	6	\N	6	2024-01-31 00:00:00.000	2024-01-31 12:00:16.573
14045	1N9441	22230	\N	6	\N	6	2024-02-01 00:00:00.000	2024-02-01 12:31:27.337
14046	7X8	22905	\N	6	\N	6	2024-02-01 00:00:00.000	2024-02-01 12:54:41.617
14047	4T9515	22793	\N	6	\N	\N	2024-02-01 00:00:00.000	2024-02-01 12:54:50.283
14048	1D9925	23073	\N	6	\N	\N	2024-02-01 00:00:00.000	2024-02-01 13:12:11.767
14049	1V9268	23138	\N	6	\N	\N	2024-02-01 00:00:00.000	2024-02-01 14:13:50.450
14050	4C9704	23147	\N	6	\N	6	2024-02-01 00:00:00.000	2024-02-01 14:19:29.020
14051	1P9930	23039	\N	9	\N	\N	2024-02-01 00:00:00.000	2024-02-01 15:41:58.780
14052	1Z9688	23146	\N	6	\N	\N	2024-02-02 00:00:00.000	2024-02-02 15:30:24.443
14053	4T9529	23148	\N	6	\N	6	2024-02-05 00:00:00.000	2024-02-05 11:58:48.917
14054	7XV	23150	\N	6	\N	6	2024-02-05 00:00:00.000	2024-02-05 12:37:36.630
14055	1L9675	19794	\N	1	\N	\N	2024-02-05 00:00:00.000	2024-02-05 15:33:27.273
14056	1G9659	23151	\N	6	\N	\N	2024-02-06 00:00:00.000	2024-02-06 09:07:55.267
14057	4B9365	23152	\N	9	\N	\N	2024-02-06 00:00:00.000	2024-02-06 09:54:35.660
14058	LA9AKK	23044	\N	3	\N	8	2024-02-06 00:00:00.000	2024-02-06 10:05:46.923
14059	7XW	23154	\N	6	\N	\N	2024-02-06 00:00:00.000	2024-02-06 13:23:23.360
14060	1L9674	23155	\N	6	\N	\N	2024-02-06 00:00:00.000	2024-02-06 13:51:11.003
14061	7N7	18861	\N	6	\N	6	2024-02-07 00:00:00.000	2024-02-07 12:06:57.843
14062	7XZ	22962	\N	9	\N	\N	2024-02-07 00:00:00.000	2024-02-07 14:57:52.010
14063	AAH	22937	\N	6	\N	10	2024-02-08 00:00:00.000	2024-02-08 14:06:47.620
14064	1E9717	23159	\N	6	\N	\N	2024-02-08 00:00:00.000	2024-02-08 14:45:43.573
14065	1J9485	23158	\N	6	\N	6	2024-02-09 00:00:00.000	2024-02-09 10:30:04.343
14066	1P9937	16141	\N	5	\N	6	2024-02-09 00:00:00.000	2024-02-09 11:23:19.083
14067	4T9530	23162	\N	9	\N	6	2024-02-09 00:00:00.000	2024-02-09 15:08:00.340
14068	1V9243	23163	\N	6	\N	\N	2024-02-12 00:00:00.000	2024-02-12 12:50:43.740
14069	4A9302	23172	\N	6	\N	\N	2024-02-12 00:00:00.000	2024-02-12 15:33:04.433
14070	4B9239	6222	\N	6	\N	\N	2024-02-13 00:00:00.000	2024-02-13 14:37:00.043
14071	3A9323	23166	\N	6	\N	\N	2024-02-15 00:00:00.000	2024-02-15 15:19:05.970
14072	4C9582	23182	\N	6	\N	6	2024-02-15 00:00:00.000	2024-02-15 15:29:36.123
14073	7XY	23174	\N	6	\N	6	2024-02-15 00:00:00.000	2024-02-15 15:41:23.517
14074	4T9531	23161	\N	3	\N	6	2024-02-15 00:00:00.000	2024-02-15 15:50:38.853
14075	4C9705	23183	\N	6	\N	6	2024-02-16 00:00:00.000	2024-02-16 12:23:10.477
14076	4M9246	23185	\N	6	\N	6	2024-02-16 00:00:00.000	2024-02-16 12:30:30.697
14077	1E9718	23186	\N	6	\N	\N	2024-02-20 00:00:00.000	2024-02-20 09:37:33.390
14078	4B9366	23189	\N	6	\N	\N	2024-02-20 00:00:00.000	2024-02-20 14:14:47.017
14079	1B9374	13155	\N	1	\N	6	2024-02-22 00:00:00.000	2024-02-22 12:21:36.873
14080	4R9035	23209	\N	6	\N	6	2024-02-22 00:00:00.000	2024-03-01 15:37:49.113
14081	7Y0	23181	\N	6	\N	6	2024-02-23 00:00:00.000	2024-02-23 08:09:44.393
14082	XL9650	23063	\N	6	\N	\N	2024-02-23 00:00:00.000	2024-02-23 09:48:59.050
14083	4B9364	23195	\N	6	\N	\N	2024-02-27 00:00:00.000	2024-02-27 13:50:50.830
14084	1P9939	23199	\N	6	\N	\N	2024-02-27 00:00:00.000	2024-02-27 15:20:50.290
14085	MD9357	23142	\N	6	\N	36	2024-02-28 00:00:00.000	2024-02-28 09:02:54.350
14086	1H9840	23201	\N	6	\N	6	2024-02-28 00:00:00.000	2024-02-28 11:30:04.150
14087	4B9368	23202	\N	6	\N	\N	2024-02-28 00:00:00.000	2024-02-28 14:55:58.437
14088	4C9706	23203	\N	6	\N	\N	2024-02-29 00:00:00.000	2024-02-29 16:01:21.210
14089	7Y1	23009	\N	6	\N	\N	2024-03-01 00:00:00.000	2024-03-01 09:58:48.570
14090	4S9623	23205	\N	6	\N	6	2024-03-01 00:00:00.000	2024-03-01 14:06:15.337
14091	7Y2	23204	\N	6	\N	6	2024-03-01 00:00:00.000	2024-03-01 14:12:04.597
14092	3ES	23071	\N	6	\N	12	2024-03-04 00:00:00.000	2024-03-04 09:04:51.720
14093	4M9248	23206	\N	6	\N	\N	2024-03-04 00:00:00.000	2024-03-04 09:05:10.263
14094	2P9110	13545	\N	10	\N	1	2024-03-04 00:00:00.000	2024-03-04 14:47:17.887
14095	1P9940	23213	\N	6	\N	6	2024-03-05 00:00:00.000	2024-03-05 10:17:47.517
14096	1P9943	23217	\N	6	\N	\N	2024-03-06 00:00:00.000	2024-03-06 15:39:38.620
14097	1G9656	23054	\N	6	\N	6	2024-03-07 00:00:00.000	2024-03-07 09:02:29.887
14098	1G9396	23221	\N	6	\N	\N	2024-03-08 00:00:00.000	2024-03-08 09:18:42.300
14099	7Y5	23222	\N	6	\N	6	2024-03-08 00:00:00.000	2024-03-08 09:27:52.980
14100	7Y4	23223	\N	9	\N	6	2024-03-08 00:00:00.000	2024-03-08 12:05:09.290
14101	1Z9738	23212	\N	6	\N	\N	2024-03-11 00:00:00.000	2024-03-11 09:06:31.067
14102	1Z9735	23180	\N	6	\N	6	2024-03-12 00:00:00.000	2024-03-12 08:30:39.727
14103	4T9517	23242	\N	6	\N	6	2024-03-12 00:00:00.000	2024-03-12 10:09:37.247
14104	1D9926	23128	\N	6	\N	\N	2024-03-12 00:00:00.000	2024-03-12 13:58:29.283
14105	1J9570	23220	\N	6	\N	6	2024-03-13 00:00:00.000	2024-03-13 12:42:12.767
14106	4B9344	21969	\N	6	\N	\N	2024-03-13 00:00:00.000	2024-03-13 13:48:10.760
14107	1K9438	22727	\N	6	\N	\N	2024-03-14 00:00:00.000	2024-03-14 15:00:44.607
14108	4M9247	23244	\N	6	\N	\N	2024-03-15 00:00:00.000	2024-03-15 09:23:40.177
14109	4T9523	23082	\N	6	\N	\N	2024-03-15 00:00:00.000	2024-03-15 10:05:58.010
14110	1P9884	21516	\N	6	\N	\N	2024-03-15 00:00:00.000	2024-03-15 10:22:09.950
14111	7TX	18790	\N	6	\N	6	2024-03-15 00:00:00.000	2024-03-15 14:25:26.560
14112	7WZ	23133	\N	1	\N	6	2024-03-18 00:00:00.000	2024-03-18 08:45:38.223
14113	4M9245	23167	\N	6	\N	\N	2024-03-18 00:00:00.000	2024-03-18 09:08:19.873
14114	1F9589	23253	\N	6	\N	6	2024-03-18 00:00:00.000	2024-03-18 14:39:24.390
14115	1H9843	23219	\N	6	\N	6	2024-03-20 00:00:00.000	2024-03-20 12:33:05.770
14116	1H9839	23177	\N	6	\N	6	2024-03-21 00:00:00.000	2024-03-21 12:09:03.873
14117	4C9708	23250	\N	9	\N	\N	2024-03-22 00:00:00.000	2024-03-22 09:14:43.603
14118	4M9251	23262	\N	6	\N	\N	2024-03-22 00:00:00.000	2024-03-22 10:14:50.117
14119	4M9250	23259	\N	6	\N	6	2024-03-22 00:00:00.000	2024-03-22 12:48:41.853
14120	4R9041	23260	\N	6	\N	6	2024-03-25 00:00:00.000	2024-03-25 09:18:16.323
14121	1V9270	23269	\N	9	\N	6	2024-03-26 00:00:00.000	2024-03-26 09:45:11.480
14122	1Z9740	23270	\N	6	\N	6	2024-03-26 00:00:00.000	2024-03-26 12:35:02.593
14123	4S9699	23271	\N	6	\N	6	2024-03-26 00:00:00.000	2024-03-26 13:04:32.237
14124	7Y8	23277	\N	6	\N	\N	2024-03-28 00:00:00.000	2026-07-14 17:05:44.063
14125	4M9249	23255	\N	6	\N	6	2024-03-28 00:00:00.000	2024-03-28 09:32:48.533
14126	4R9040	23280	\N	6	\N	6	2024-03-28 00:00:00.000	2024-03-28 11:16:33.437
14127	1Z9741	23281	\N	6	\N	\N	2024-03-28 00:00:00.000	2024-03-28 13:55:06.947
14128	7XU	23165	\N	9	\N	6	2024-03-29 00:00:00.000	2024-03-29 09:12:07.640
14129	4S9701	23286	\N	6	\N	\N	2024-04-01 00:00:00.000	2024-04-01 09:15:50.453
14130	4R9044	23285	\N	6	\N	\N	2024-04-01 00:00:00.000	2024-04-01 09:30:39.783
14131	1E9719	23197	\N	6	\N	\N	2024-04-01 00:00:00.000	2024-04-01 10:00:58.167
14132	1Z9739	23254	\N	6	\N	\N	2024-04-01 00:00:00.000	2024-04-01 10:13:58.447
14133	4M9220	22228	\N	2	\N	6	2024-04-01 00:00:00.000	2024-04-01 10:23:48.273
14134	1L9676	23164	\N	6	\N	6	2024-04-01 00:00:00.000	2024-04-01 10:34:05.143
14135	1K9442	23263	\N	6	\N	\N	2024-04-01 00:00:00.000	2024-07-23 14:45:09.250
14136	4S9673	23215	\N	1	\N	6	2024-04-01 00:00:00.000	2024-04-01 10:49:58.260
14137	4R9042	23267	\N	6	\N	6	2024-04-01 00:00:00.000	2024-04-01 11:38:23.883
14138	4T9535	23284	\N	6	\N	6	2024-04-01 00:00:00.000	2024-04-01 14:59:11.187
14139	1S8	23282	\N	6	\N	6	2024-04-01 00:00:00.000	2024-04-01 15:12:17.120
14140	3C9164	22523	\N	6	\N	\N	2024-04-02 00:00:00.000	2024-04-02 09:23:23.803
14141	7SY	25576	\N	7	\N	6	2024-04-02 00:00:00.000	2026-05-19 15:09:07.127
14142	4T9536	23287	\N	6	\N	6	2024-04-02 00:00:00.000	2024-04-02 11:29:53.360
14143	1P9945	23288	\N	6	\N	\N	2024-04-02 00:00:00.000	2024-04-02 14:45:19.307
14144	4R9037	23208	\N	6	\N	6	2024-04-03 00:00:00.000	2024-04-03 12:39:42.187
14145	1J9131	23292	\N	6	\N	6	2024-04-04 00:00:00.000	2024-04-04 09:14:07.153
14146	7Y6	23295	\N	9	\N	6	2024-04-05 00:00:00.000	2026-03-17 11:10:03.877
14147	4M9252	23297	\N	6	\N	\N	2024-04-05 00:00:00.000	2024-04-05 13:31:09.947
14148	4B9369	23298	\N	6	\N	\N	2024-04-05 00:00:00.000	2024-04-05 15:44:58.363
14149	1J9568	23153	\N	6	\N	\N	2024-04-08 00:00:00.000	2024-04-08 09:13:08.333
14150	4S9702	23303	\N	6	\N	\N	2024-04-09 00:00:00.000	2024-04-09 14:40:31.153
14151	2M9166	23099	\N	6	\N	\N	2024-04-10 00:00:00.000	2024-04-10 12:31:57.370
14152	1F9590	23248	\N	6	\N	\N	2024-04-12 00:00:00.000	2024-04-12 09:41:26.567
14153	1Z9743	23310	\N	6	\N	6	2024-04-12 00:00:00.000	2024-04-12 13:37:53.660
14154	1Z9715	23301	\N	6	\N	6	2024-04-15 00:00:00.000	2024-04-15 11:01:03.957
14155	H0L	23308	\N	6	\N	8	2024-04-15 00:00:00.000	2024-04-15 11:18:15.260
14156	1Y9049	23214	\N	6	\N	\N	2024-04-16 00:00:00.000	2024-04-16 09:04:56.200
14157	LJU	23294	\N	7	\N	8	2024-04-17 00:00:00.000	2024-04-17 12:12:53.277
14158	1P9848	19906	\N	6	\N	\N	2024-04-17 00:00:00.000	2024-04-17 15:43:52.860
14159	4T9522	23316	\N	6	\N	6	2024-04-18 00:00:00.000	2024-04-18 12:15:29.587
14160	4T9538	23317	\N	6	\N	6	2024-04-18 00:00:00.000	2024-04-18 12:21:24.437
14161	1R9875	23293	\N	6	\N	6	2024-04-18 00:00:00.000	2024-04-18 14:27:31.063
14162	NR9493	23109	\N	6	\N	13	2024-04-19 00:00:00.000	2024-04-19 10:07:55.347
14163	1P9925	22700	\N	6	\N	6	2024-04-22 00:00:00.000	2024-04-22 09:37:15.360
14164	ZRG	23291	\N	9	\N	9	2024-04-22 00:00:00.000	2024-04-22 11:01:44.647
14165	1N9445	23323	\N	6	\N	6	2024-04-22 00:00:00.000	2024-04-22 12:30:36.190
14166	4C9714	23338	\N	6	\N	6	2024-04-24 00:00:00.000	2024-04-24 08:50:52.353
14167	1H9844	23278	\N	6	\N	\N	2024-04-24 00:00:00.000	2024-04-24 11:11:38.100
14168	1Z9745	23340	\N	9	\N	\N	2024-04-24 00:00:00.000	2024-04-24 13:14:53.800
14169	4A9306	23328	\N	6	\N	\N	2024-04-25 00:00:00.000	2024-04-25 09:44:42.053
14170	4S9705	23348	\N	6	\N	\N	2024-04-25 00:00:00.000	2024-04-25 14:20:58.547
14171	1H9842	22971	\N	6	\N	6	2024-04-26 00:00:00.000	2024-04-26 12:11:04.147
14172	4A9299	23081	\N	6	\N	\N	2024-04-29 00:00:00.000	2024-04-29 09:59:23.290
14173	1Z9746	23351	\N	6	\N	6	2024-04-29 00:00:00.000	2024-04-29 12:19:04.570
14174	1U9219	23315	\N	6	\N	\N	2024-05-01 00:00:00.000	2024-05-01 09:21:28.993
14175	TA9144	22068	\N	2	\N	50	2024-05-01 00:00:00.000	2024-05-01 14:26:24.640
14176	1Z9737	18795	\N	6	\N	6	2024-05-02 00:00:00.000	2024-05-02 09:32:15.997
14177	1G9660	15007	\N	10	\N	6	2024-05-02 00:00:00.000	2024-05-02 10:06:08.417
14178	7X1	22710	\N	6	\N	6	2024-05-02 00:00:00.000	2024-05-02 12:14:21.033
14179	1Z9747	23356	\N	6	\N	6	2024-05-02 00:00:00.000	2024-05-02 13:01:10.460
14180	LB7	23238	\N	1	\N	8	2024-05-03 00:00:00.000	2026-03-25 12:54:06.297
14181	4A9304	23198	\N	6	\N	\N	2024-05-03 00:00:00.000	2024-05-03 11:48:42.917
14182	1G9661	20632	\N	3	\N	6	2024-05-06 00:00:00.000	2024-05-06 14:44:41.030
14183	V6T	23345	\N	1	\N	\N	2024-05-07 00:00:00.000	2024-05-07 14:42:40.537
14184	1W9694	23225	\N	6	\N	6	2024-05-08 00:00:00.000	2024-06-20 13:31:17.997
14185	4T9533	23261	\N	6	\N	6	2024-05-08 00:00:00.000	2024-05-08 10:48:35.643
14186	4B9370	23350	\N	6	\N	6	2024-05-08 00:00:00.000	2024-05-08 12:21:37.257
14187	1F9587	23184	\N	6	\N	\N	2024-05-08 00:00:00.000	2024-05-08 15:46:18.687
14188	1G9652	23368	\N	6	\N	6	2024-05-10 00:00:00.000	2024-05-10 09:14:09.313
14189	1E9722	23367	\N	6	\N	6	2024-05-10 00:00:00.000	2024-05-10 10:32:17.807
14190	1W9697	23375	\N	6	\N	\N	2024-05-13 00:00:00.000	2024-05-13 13:28:04.753
14191	7Y3	23224	\N	5	\N	6	2024-05-15 00:00:00.000	2024-05-15 10:33:37.000
14192	1L9652	20309	\N	6	\N	6	2024-05-16 00:00:00.000	2025-10-01 09:40:58.963
14193	7XL	21951	\N	6	\N	\N	2024-05-16 00:00:00.000	2024-05-16 14:23:54.683
14194	1Z9748	23387	\N	6	\N	6	2024-05-17 00:00:00.000	2024-05-17 09:23:17.260
14195	1F9592	23373	\N	6	\N	\N	2024-05-20 00:00:00.000	2024-05-20 08:58:29.237
14196	1N9446	23321	\N	9	\N	6	2024-05-20 00:00:00.000	2024-05-20 10:45:43.587
14197	1W9695	23389	\N	6	\N	\N	2024-05-20 00:00:00.000	2024-05-20 14:32:45.413
14198	1Z9750	21608	\N	6	\N	\N	2024-05-20 00:00:00.000	2024-05-20 14:59:03.660
14199	1H9848	23390	\N	6	\N	\N	2024-05-20 00:00:00.000	2024-05-20 15:35:41.667
14200	4A9305	23300	\N	6	\N	6	2024-05-21 00:00:00.000	2024-05-21 11:37:02.840
14201	3S9133	23343	\N	6	\N	12	2024-05-23 00:00:00.000	2024-05-23 15:22:45.007
14202	1E9698	22150	\N	2	\N	6	2024-05-24 00:00:00.000	2024-05-24 10:41:07.423
14203	4B9374	23401	\N	6	\N	6	2024-05-24 00:00:00.000	2024-05-24 12:16:11.540
14204	7V4	20483	\N	6	\N	6	2024-05-29 00:00:00.000	2024-05-29 14:17:42.820
14205	4A9202	23406	\N	6	\N	6	2024-05-29 00:00:00.000	2024-05-29 15:24:18.950
14206	4A9309	23400	\N	6	\N	6	2024-05-29 00:00:00.000	2024-05-29 15:31:42.473
14207	4R9043	23311	\N	6	\N	\N	2024-05-29 00:00:00.000	2024-05-29 16:08:05.130
14208	1K9439	23409	\N	6	\N	\N	2024-05-31 00:00:00.000	2024-05-31 10:09:05.950
14209	4M9255	23412	\N	6	\N	6	2024-05-31 00:00:00.000	2024-05-31 14:13:34.897
14210	1L9680	23413	\N	6	\N	\N	2024-05-31 00:00:00.000	2024-05-31 14:36:22.940
14211	2JB	22966	\N	6	\N	1	2024-06-03 00:00:00.000	2024-06-03 14:18:35.643
14212	1P9941	23200	\N	2	\N	6	2024-06-03 00:00:00.000	2024-06-03 14:30:12.170
14213	4T9537	23360	\N	6	\N	6	2024-06-04 00:00:00.000	2024-06-04 09:46:28.163
14214	W09T06	20876	\N	6	\N	2	2024-06-04 00:00:00.000	2024-06-04 13:53:22.017
14215	1J9573	23423	\N	6	\N	\N	2024-06-05 00:00:00.000	2024-06-05 11:08:45.130
14216	7YG	23358	\N	6	\N	\N	2024-06-05 00:00:00.000	2024-06-05 15:49:29.440
14217	4R9048	23405	\N	9	\N	\N	2024-06-06 00:00:00.000	2024-06-06 09:34:13.377
14218	R3R	23378	\N	1	\N	57	2024-06-06 00:00:00.000	2024-06-06 10:42:02.233
14219	1U9019	23196	\N	6	\N	6	2024-06-06 00:00:00.000	2024-06-06 13:40:30.547
14220	1L9679	23372	\N	6	\N	\N	2024-06-07 00:00:00.000	2024-06-07 09:12:21.810
14221	7YS	23430	\N	6	\N	\N	2024-06-10 00:00:00.000	2024-06-10 13:03:05.527
14222	1L9678	23428	\N	6	\N	\N	2024-06-11 00:00:00.000	2024-06-11 09:17:21.143
14223	4R9049	23432	\N	6	\N	6	2024-06-12 00:00:00.000	2024-06-12 11:11:05.597
14224	4B9375	23427	\N	9	\N	\N	2024-06-12 00:00:00.000	2024-08-27 14:04:54.537
14225	3DH	992	\N	7	\N	12	2024-06-12 00:00:00.000	2024-06-12 16:26:09.660
14226	3HD	992	\N	7	\N	12	2024-06-12 00:00:00.000	2025-03-03 11:41:03.547
14227	2B9301	23439	\N	6	\N	1	2024-06-13 00:00:00.000	2024-06-13 08:30:55.203
14228	1J9572	23424	\N	6	\N	6	2024-06-13 00:00:00.000	2024-06-13 09:02:31.333
14229	7YP	23436	\N	6	\N	\N	2024-06-13 00:00:00.000	2024-06-13 09:09:32.517
14230	4C9711	23438	\N	6	\N	\N	2024-06-13 00:00:00.000	2024-06-13 13:15:52.607
14231	7YE	23304	\N	9	\N	6	2024-06-14 00:00:00.000	2024-07-23 14:04:06.387
14232	4R9051	23441	\N	6	\N	\N	2024-06-14 00:00:00.000	2024-06-14 09:13:18.167
14233	1N9447	23442	\N	6	\N	\N	2024-06-14 00:00:00.000	2024-06-14 09:17:46.757
14234	7YD	23299	\N	6	\N	\N	2024-06-17 00:00:00.000	2024-06-17 09:13:53.023
14235	KN9CGS	22405	\N	10	\N	15	2024-06-17 00:00:00.000	2025-03-10 15:59:53.577
14236	1F9593	23431	\N	6	\N	6	2024-06-17 00:00:00.000	2024-06-17 12:20:58.560
14237	7YL	7843	\N	6	\N	\N	2024-06-17 00:00:00.000	2024-06-17 14:10:30.110
14238	4C9719	23446	\N	9	\N	\N	2024-06-20 00:00:00.000	2024-06-20 09:10:30.917
14239	1HW	23449	\N	2	\N	6	2024-06-20 00:00:00.000	2024-06-20 10:38:54.133
14240	1Y9050	23447	\N	6	\N	6	2024-06-20 00:00:00.000	2024-06-20 13:20:40.077
14241	1F9552	23433	\N	1	\N	6	2024-06-20 00:00:00.000	2024-06-20 15:35:51.643
14242	57J	12269	\N	6	\N	6	2024-06-21 00:00:00.000	2024-06-21 10:27:42.730
14243	SCE	23456	\N	2	\N	5	2024-06-21 00:00:00.000	2024-06-21 14:12:17.457
14244	16C	23457	\N	2	\N	6	2024-06-21 00:00:00.000	2024-06-21 14:11:46.247
14245	1CM	4093	\N	2	\N	6	2024-06-21 00:00:00.000	2024-06-21 14:21:02.123
14246	ZBB	23459	\N	2	\N	9	2024-06-21 00:00:00.000	2024-06-21 14:33:29.383
14247	7JD	1006	\N	7	\N	6	2024-06-24 00:00:00.000	2024-06-24 09:19:36.460
14248	1E9724	23452	\N	6	\N	6	2024-06-24 00:00:00.000	2024-06-24 13:57:22.883
14249	102	23465	\N	2	\N	6	2024-06-25 00:00:00.000	2024-06-25 08:26:53.173
14250	4A9311	23460	\N	6	\N	6	2024-06-25 00:00:00.000	2024-06-25 12:19:52.057
14251	4C9715	23414	\N	9	\N	6	2024-06-26 00:00:00.000	2024-06-26 08:51:01.380
14252	7YU	23461	\N	6	\N	6	2024-06-26 00:00:00.000	2024-06-26 09:25:26.987
14253	4C9720	23495	\N	6	\N	\N	2024-06-27 00:00:00.000	2024-06-27 14:25:32.707
14254	1Z9751	23403	\N	1	\N	6	2024-06-27 00:00:00.000	2024-06-27 16:44:12.233
14255	LLJ	23230	\N	1	\N	8	2024-06-28 00:00:00.000	2024-06-28 08:00:23.800
14256	4M9226	23505	\N	6	\N	\N	2024-06-28 00:00:00.000	2024-06-28 13:43:07.837
14257	7YT	23434	\N	9	\N	6	2024-06-28 00:00:00.000	2026-02-18 13:51:42.063
14258	4A9307	23336	\N	6	\N	\N	2024-07-01 00:00:00.000	2024-07-01 09:05:29.703
14259	7YK	23336	\N	6	\N	\N	2024-07-01 00:00:00.000	2024-07-01 09:10:30.680
14260	1Z9734	23437	\N	6	\N	\N	2024-07-01 00:00:00.000	2024-07-01 09:33:57.070
14261	VNB	23419	\N	1	\N	11	2024-07-01 00:00:00.000	2024-07-01 15:59:49.590
14262	WLA	23520	\N	6	\N	2	2024-07-01 00:00:00.000	2024-07-01 16:26:22.320
14263	NLF	23549	\N	6	\N	13	2024-07-02 00:00:00.000	2024-07-02 10:08:37.147
14264	1U9174	23475	\N	6	\N	\N	2024-07-02 00:00:00.000	2024-07-02 15:51:24.007
14265	HT5	23508	\N	1	\N	8	2024-07-03 00:00:00.000	2024-07-03 13:23:36.203
14266	4A9268	23541	\N	6	\N	6	2024-07-03 00:00:00.000	2024-07-03 13:54:02.643
14267	4C9721	23556	\N	6	\N	6	2024-07-03 00:00:00.000	2024-07-03 15:03:15.387
14268	3H9023	23479	\N	6	\N	12	2024-07-05 00:00:00.000	2024-07-05 12:08:48.493
14269	1H9707	19750	\N	3	\N	6	2024-07-05 00:00:00.000	2024-07-05 15:56:10.767
14270	R8S	23480	\N	1	\N	8	2024-07-08 00:00:00.000	2024-07-08 12:19:43.483
14271	LA9ZBK	23418	\N	6	\N	8	2024-07-08 00:00:00.000	2024-07-09 10:25:46.180
14272	3R9227	23498	\N	6	\N	\N	2024-07-09 00:00:00.000	2024-07-09 15:20:07.837
14273	3C9192	23117	\N	6	\N	12	2024-07-10 00:00:00.000	2024-07-10 10:37:48.167
14274	1H9783	23558	\N	6	\N	6	2024-07-10 00:00:00.000	2024-07-10 11:38:22.610
14275	4S9710	23567	\N	6	\N	\N	2024-07-12 00:00:00.000	2024-07-12 15:26:50.087
14276	7Z1	16925	\N	6	\N	\N	2024-07-15 00:00:00.000	2025-03-25 09:19:45.803
14277	1P9938	23187	\N	6	\N	6	2024-07-15 00:00:00.000	2024-07-15 11:03:08.560
14278	4R9053	23569	\N	6	\N	\N	2024-07-16 00:00:00.000	2024-07-16 09:12:34.690
14279	1E9728	23565	\N	6	\N	6	2024-07-17 00:00:00.000	2024-07-17 11:06:25.433
14280	1H9849	23462	\N	6	\N	6	2024-07-17 00:00:00.000	2024-07-17 12:32:14.797
14281	1H9845	23576	\N	6	\N	\N	2024-07-19 00:00:00.000	2024-07-19 09:24:54.503
14282	1G9662	23580	\N	6	\N	6	2024-07-19 00:00:00.000	2024-07-19 13:33:15.907
14283	3R9225	23543	\N	6	\N	12	2024-07-22 00:00:00.000	2024-07-22 08:24:47.343
14284	2D9121	23588	\N	6	\N	1	2024-07-23 00:00:00.000	2024-07-23 07:04:42.447
14285	1L9677	23587	\N	6	\N	6	2024-07-23 00:00:00.000	2024-07-23 07:48:25.470
14286	4S9709	23454	\N	9	\N	\N	2024-07-23 00:00:00.000	2024-07-23 09:22:54.913
14287	4C9666	23589	\N	6	\N	\N	2024-07-23 00:00:00.000	2024-07-23 15:35:35.873
14288	4M9261	23598	\N	6	\N	6	2024-07-24 00:00:00.000	2024-07-24 09:50:17.037
14289	4S9713	23591	\N	6	\N	\N	2024-07-24 00:00:00.000	2024-07-24 09:54:16.210
14290	7WW	23574	\N	1	\N	\N	2024-07-25 00:00:00.000	2024-07-25 09:05:39.777
14291	AG2	23571	\N	6	\N	\N	2024-07-26 00:00:00.000	2024-07-26 09:11:29.300
14292	1E9729	23568	\N	6	\N	6	2024-07-26 00:00:00.000	2024-07-26 11:53:40.810
14293	2J9023	23482	\N	6	\N	\N	2024-07-26 00:00:00.000	2024-07-26 13:02:45.327
14294	1J9523	23578	\N	6	\N	\N	2024-07-26 00:00:00.000	2024-07-26 13:25:17.460
14295	1N9449	23607	\N	6	\N	\N	2024-07-26 00:00:00.000	2024-07-26 13:44:15.837
14296	1N9450	23616	\N	6	\N	\N	2024-07-31 00:00:00.000	2024-07-31 14:26:23.030
14297	1X9043	23609	\N	9	\N	6	2024-08-01 00:00:00.000	2024-08-01 06:46:35.197
14298	4R9055	23608	\N	6	\N	6	2024-08-01 00:00:00.000	2024-08-01 06:50:27.077
14299	1L9682	23612	\N	6	\N	6	2024-08-01 00:00:00.000	2024-08-01 08:50:46.637
14300	1K9446	23619	\N	6	\N	6	2024-08-01 00:00:00.000	2024-08-01 08:55:53.873
14301	4M9160	23625	\N	6	\N	\N	2024-08-01 00:00:00.000	2024-08-01 09:12:54.510
14302	3NT	23483	\N	6	\N	\N	2024-08-01 00:00:00.000	2024-08-01 09:42:40.553
14303	1V9273	23603	\N	6	\N	\N	2024-08-01 00:00:00.000	2024-08-01 10:39:09.080
14304	4B9372	23384	\N	3	\N	\N	2024-08-01 00:00:00.000	2024-08-01 12:13:56.863
14305	7GR	23621	\N	6	\N	6	2024-08-02 00:00:00.000	2024-08-02 08:48:46.983
14306	7YX	23572	\N	6	\N	6	2024-08-02 00:00:00.000	2024-08-02 09:39:05.753
14307	4C9722	23630	\N	6	\N	6	2024-08-02 00:00:00.000	2024-08-02 12:15:39.027
14308	1W9692	23604	\N	6	\N	6	2024-08-07 00:00:00.000	2024-08-07 09:48:20.057
14309	3S9123	23631	\N	6	\N	\N	2024-08-07 00:00:00.000	2024-08-07 15:30:46.427
14310	1P9949	23564	\N	6	\N	\N	2024-08-08 00:00:00.000	2024-08-08 14:58:03.440
14311	1K9448	23642	\N	6	\N	6	2024-08-09 00:00:00.000	2024-08-09 11:47:07.583
14312	4C9432	19872	\N	6	\N	\N	2024-08-09 00:00:00.000	2024-08-09 14:12:42.577
14313	1N9451	23643	\N	9	\N	\N	2024-08-12 00:00:00.000	2024-08-12 09:07:24.973
14314	4C9723	23645	\N	6	\N	6	2024-08-12 00:00:00.000	2024-08-12 11:48:26.923
14315	1D9937	23638	\N	6	\N	6	2024-08-12 00:00:00.000	2024-08-12 12:31:06.673
14316	1E9725	23493	\N	6	\N	\N	2024-08-12 00:00:00.000	2024-08-12 15:01:14.007
14317	1G9486	23640	\N	6	\N	\N	2024-08-13 00:00:00.000	2024-08-13 13:10:22.133
14318	1Z9757	23651	\N	6	\N	6	2024-08-14 00:00:00.000	2024-08-14 14:05:47.343
14319	1P9951	23652	\N	6	\N	\N	2024-08-15 00:00:00.000	2024-08-15 09:24:57.027
14320	1D9936	23629	\N	6	\N	6	2024-08-15 00:00:00.000	2024-08-15 10:20:05.563
14321	1F9175	23655	\N	6	\N	\N	2024-08-15 00:00:00.000	2024-08-15 15:09:20.600
14322	4B9377	23659	\N	9	\N	\N	2024-08-16 00:00:00.000	2024-08-16 11:32:36.797
14323	1D9938	23660	\N	6	\N	\N	2024-08-16 00:00:00.000	2024-08-16 12:44:47.750
14324	7ZC	23658	\N	6	\N	\N	2024-08-19 00:00:00.000	2024-09-04 12:04:42.250
14325	7YW	23664	\N	6	\N	\N	2024-08-19 00:00:00.000	2024-08-19 09:34:41.237
14326	1K9445	23435	\N	6	\N	6	2024-08-20 00:00:00.000	2024-08-20 11:03:58.317
14327	1E9730	23639	\N	6	\N	\N	2024-08-20 00:00:00.000	2024-08-20 15:31:04.333
14328	1N9452	23654	\N	6	\N	6	2024-08-23 00:00:00.000	2024-08-23 11:45:38.123
14329	1D9939	23682	\N	6	\N	6	2024-08-23 00:00:00.000	2024-08-23 12:19:29.297
14330	4T9540	23557	\N	3	\N	\N	2024-08-23 00:00:00.000	2024-08-23 15:35:00.097
14331	4T9544	23557	\N	7	\N	\N	2024-08-23 00:00:00.000	2024-08-23 15:35:13.950
14332	1W9698	23559	\N	3	\N	6	2024-08-26 00:00:00.000	2024-08-26 10:45:22.877
14333	1H9851	23684	\N	6	\N	\N	2024-08-27 00:00:00.000	2024-08-27 12:58:26.250
14334	4S9715	23680	\N	6	\N	6	2024-08-27 00:00:00.000	2024-08-27 13:46:32.980
14335	LFX	23547	\N	3	\N	8	2024-08-28 00:00:00.000	2024-08-28 11:16:43.237
14336	4T9548	23211	\N	6	\N	6	2024-08-29 00:00:00.000	2024-08-29 12:00:56.617
14337	4S9716	23696	\N	6	\N	\N	2024-08-29 00:00:00.000	2024-08-29 12:58:44.127
14338	4T9549	23697	\N	6	\N	\N	2024-08-30 00:00:00.000	2024-08-30 12:42:53.750
14339	7Z6	23647	\N	6	\N	6	2024-09-03 00:00:00.000	2024-09-03 13:28:14.790
14340	LA9NJX	23594	\N	6	\N	8	2024-09-03 00:00:00.000	2024-09-16 12:28:28.210
14341	LA910E	23687	\N	9	\N	8	2024-09-03 00:00:00.000	2024-09-03 16:09:37.973
14342	7ZD	13836	\N	10	\N	6	2024-09-04 00:00:00.000	2024-09-04 07:49:39.330
14343	1C9681	23585	\N	6	\N	\N	2024-09-04 00:00:00.000	2024-09-04 14:29:01.180
14344	1E9732	23695	\N	6	\N	6	2024-09-05 00:00:00.000	2024-09-05 07:01:40.890
14345	1V9274	23710	\N	9	\N	\N	2024-09-09 00:00:00.000	2024-09-09 09:16:45.097
14346	MD9142	23636	\N	6	\N	36	2024-09-09 00:00:00.000	2024-09-09 11:24:21.553
14347	3F9067	23623	\N	6	\N	12	2024-09-09 00:00:00.000	2024-09-09 11:31:35.363
14348	1W9699	23622	\N	6	\N	\N	2024-09-10 00:00:00.000	2024-09-10 14:28:24.480
14349	1J9574	23727	\N	6	\N	6	2024-09-11 00:00:00.000	2024-09-11 12:26:33.140
14350	4A9314	23730	\N	6	\N	\N	2024-09-11 00:00:00.000	2024-09-11 13:18:13.037
14351	4M9257	19313	\N	6	\N	6	2024-09-11 00:00:00.000	2024-09-11 13:38:18.880
14352	1L9689	23728	\N	6	\N	6	2024-09-11 00:00:00.000	2024-09-11 14:25:36.850
14353	4C9724	23703	\N	6	\N	\N	2024-09-12 00:00:00.000	2024-09-12 09:24:43.907
14354	1L9690	23732	\N	6	\N	\N	2024-09-12 00:00:00.000	2024-09-12 09:49:47.847
14355	1N9453	23725	\N	6	\N	6	2024-09-12 00:00:00.000	2024-09-12 12:07:50.993
14356	HL5	23733	\N	1	\N	8	2024-09-13 00:00:00.000	2024-09-13 09:41:52.847
14357	H2N	23515	\N	6	\N	8	2024-09-13 00:00:00.000	2024-09-13 13:05:46.697
14358	1H9850	23740	\N	6	\N	6	2024-09-13 00:00:00.000	2024-09-13 13:50:13.590
14359	1J9576	23744	\N	6	\N	6	2024-09-16 00:00:00.000	2024-09-16 10:39:10.337
14360	3A9296	23597	\N	6	\N	\N	2024-09-17 00:00:00.000	2024-09-17 14:16:17.483
14361	4A9315	21644	\N	6	\N	\N	2024-09-18 00:00:00.000	2024-09-18 09:08:48.717
14362	7ZB	23683	\N	6	\N	6	2024-09-18 00:00:00.000	2024-09-18 12:46:49.703
14363	1X9039	23757	\N	6	\N	\N	2024-09-19 00:00:00.000	2024-09-19 09:03:04.903
14364	H09RLC	23615	\N	6	\N	8	2024-09-19 00:00:00.000	2024-09-19 09:29:51.767
14365	1K9447	23443	\N	6	\N	\N	2024-09-19 00:00:00.000	2024-09-19 09:33:31.957
14366	4W1	984	\N	7	\N	6	2024-09-20 00:00:00.000	2024-09-20 08:54:07.570
14367	H3B	23420	\N	6	\N	8	2024-09-20 00:00:00.000	2024-09-20 09:09:46.977
14368	1E9731	23693	\N	1	\N	\N	2024-09-20 00:00:00.000	2024-09-20 10:02:30.443
14369	3S9134	23566	\N	6	\N	12	2024-09-20 00:00:00.000	2024-09-20 11:04:20.143
14370	4S9700	23247	\N	1	\N	\N	2024-09-23 00:00:00.000	2024-09-23 09:06:44.990
14371	4T9550	23759	\N	6	\N	6	2024-09-23 00:00:00.000	2024-09-23 14:05:50.800
14372	4T9546	23600	\N	6	\N	\N	2024-09-24 00:00:00.000	2024-09-24 09:12:35.847
14373	4S9719	23764	\N	9	\N	\N	2024-09-24 00:00:00.000	2024-09-24 09:22:57.837
14374	1L9692	23758	\N	6	\N	\N	2024-09-24 00:00:00.000	2024-09-24 13:00:16.523
14375	4R9057	23768	\N	6	\N	\N	2024-09-25 00:00:00.000	2024-09-25 15:09:06.783
14376	H2D	22844	\N	1	\N	8	2024-09-26 00:00:00.000	2024-09-26 09:02:22.020
14377	H2U	23724	\N	6	\N	\N	2024-09-30 00:00:00.000	2024-09-30 11:26:44.517
14378	7ZF	23779	\N	6	\N	\N	2024-09-30 00:00:00.000	2024-09-30 12:15:26.227
14379	4A9290	22960	\N	6	\N	\N	2024-10-01 00:00:00.000	2024-10-01 09:45:29.060
14380	7ZA	23773	\N	9	\N	\N	2024-10-01 00:00:00.000	2024-10-01 10:08:38.493
14381	7YA	23314	\N	7	\N	\N	2024-10-01 00:00:00.000	2026-04-30 10:17:50.170
14382	1D9235	23775	\N	6	\N	\N	2024-10-01 00:00:00.000	2024-10-01 11:20:53.440
14383	1Z9758	23715	\N	6	\N	6	2024-10-01 00:00:00.000	2024-10-01 14:05:05.883
14384	1G9667	23771	\N	6	\N	6	2024-10-01 00:00:00.000	2024-10-01 15:27:45.257
14385	1P9954	23784	\N	6	\N	\N	2024-10-02 00:00:00.000	2024-10-02 09:49:01.400
14386	1L9686	20900	\N	6	\N	6	2024-10-02 00:00:00.000	2024-10-02 13:01:27.233
14387	1H9852	23785	\N	6	\N	\N	2024-10-03 00:00:00.000	2024-10-03 09:23:53.137
14388	4T9551	23786	\N	6	\N	\N	2024-10-03 00:00:00.000	2024-10-03 09:47:56.373
14389	1G9668	23787	\N	6	\N	\N	2024-10-03 00:00:00.000	2024-10-03 10:17:32.193
14390	4M9265	4450	\N	3	\N	6	2024-10-03 00:00:00.000	2024-10-03 10:52:45.647
14391	7KX	15752	\N	6	\N	6	2024-10-03 00:00:00.000	2024-10-03 15:48:29.660
14392	4B9380	23792	\N	6	\N	\N	2024-10-07 00:00:00.000	2024-10-07 12:55:30.377
14393	4A9317	23781	\N	6	\N	\N	2024-10-07 00:00:00.000	2024-10-07 14:45:23.677
14394	7Z3	23628	\N	9	\N	\N	2024-10-09 00:00:00.000	2024-10-09 13:25:22.130
14395	4S9723	23788	\N	6	\N	\N	2024-10-10 00:00:00.000	2024-10-10 11:54:43.227
14396	1Z9759	13619	\N	10	\N	6	2024-10-10 00:00:00.000	2024-10-10 16:03:58.583
14397	1K9449	23799	\N	6	\N	6	2024-10-10 00:00:00.000	2024-10-10 17:26:48.047
14398	LP4	23499	\N	9	\N	\N	2024-10-14 00:00:00.000	2024-10-14 10:16:39.177
14399	VKD	22292	\N	6	\N	\N	2024-10-15 00:00:00.000	2024-10-15 09:22:06.730
14400	1D9929	23772	\N	1	\N	\N	2024-10-16 00:00:00.000	2024-10-16 09:08:29.423
14401	51F	1438	\N	6	\N	\N	2024-10-16 00:00:00.000	2024-10-16 10:20:25.483
14402	1W9562	23808	\N	6	\N	6	2024-10-16 00:00:00.000	2024-10-16 14:58:36.193
14403	SJB	23802	\N	6	\N	5	2024-10-17 00:00:00.000	2024-10-17 09:23:32.510
14404	4S9687	23404	\N	6	\N	\N	2024-10-18 00:00:00.000	2024-10-18 09:26:13.740
14405	H7Y	23467	\N	1	\N	8	2024-10-22 00:00:00.000	2024-10-22 10:00:46.367
14406	4T9542	23820	\N	6	\N	\N	2024-10-22 00:00:00.000	2024-10-22 10:34:29.863
14407	4B9381	22325	\N	6	\N	\N	2024-10-22 00:00:00.000	2024-10-22 11:02:29.207
14408	4B9378	23667	\N	9	\N	6	2024-10-22 00:00:00.000	2024-10-22 14:50:18.377
14409	7RY	20856	\N	6	\N	\N	2024-10-23 00:00:00.000	2024-10-23 11:24:28.107
14410	4M9262	23826	\N	6	\N	6	2024-10-24 00:00:00.000	2024-10-24 10:24:19.383
14411	4S9725	23831	\N	6	\N	\N	2024-10-24 00:00:00.000	2024-10-24 12:53:52.343
14412	LFU	14878	\N	1	\N	\N	2024-10-29 00:00:00.000	2024-10-29 10:18:51.757
14413	4C9728	23840	\N	6	\N	\N	2024-10-31 00:00:00.000	2024-10-31 09:05:11.907
14414	3S9129	14328	\N	6	\N	12	2024-10-31 00:00:00.000	2024-10-31 10:34:23.833
14415	4S9666	21919	\N	6	\N	\N	2024-10-31 00:00:00.000	2024-10-31 16:31:05.900
14416	L6T	23657	\N	2	\N	8	2024-11-01 00:00:00.000	2024-11-01 09:46:41.827
14417	RA9015	23711	\N	6	\N	213	2024-11-04 00:00:00.000	2024-11-04 08:40:30.027
14418	H3A	23553	\N	6	\N	8	2024-11-04 00:00:00.000	2024-11-04 08:47:57.717
14419	4A9308	23849	\N	6	\N	6	2024-11-04 00:00:00.000	2024-11-04 12:13:49.110
14420	4T9532	23570	\N	6	\N	6	2024-11-05 00:00:00.000	2024-11-05 09:13:00.230
14421	4M9267	23854	\N	6	\N	6	2024-11-05 00:00:00.000	2024-11-05 09:31:28.957
14422	492	23853	\N	6	\N	6	2024-11-05 00:00:00.000	2024-11-05 11:57:43.247
14423	7UX	20025	\N	6	\N	\N	2024-11-05 00:00:00.000	2024-11-05 13:25:55.753
14424	1F9553	21280	\N	6	\N	\N	2024-11-05 00:00:00.000	2024-11-05 15:18:58.073
14425	1K9444	23369	\N	6	\N	\N	2024-11-07 00:00:00.000	2024-11-07 14:38:56.803
14426	4S9727	23851	\N	6	\N	6	2024-11-08 00:00:00.000	2024-11-08 11:56:22.497
14427	1G9669	23861	\N	9	\N	\N	2024-11-12 00:00:00.000	2024-11-12 09:12:44.783
14428	4S9728	23864	\N	6	\N	6	2024-11-12 00:00:00.000	2024-11-12 13:43:42.260
14429	7ZN	21957	\N	10	\N	6	2024-11-13 00:00:00.000	2024-11-13 12:26:46.190
14430	1SP	23865	\N	6	\N	6	2024-11-13 00:00:00.000	2024-11-13 12:54:54.003
14431	1P9947	23422	\N	6	\N	\N	2024-11-14 00:00:00.000	2024-11-14 09:41:48.060
14432	1W9624	23765	\N	6	\N	\N	2024-11-14 00:00:00.000	2024-11-14 10:12:15.143
14433	7ZP	23866	\N	6	\N	\N	2024-11-14 00:00:00.000	2024-11-14 14:45:17.003
14434	LG9BYD	7330	\N	10	\N	8	2024-11-19 00:00:00.000	2024-11-19 10:12:04.070
14435	7ZM	23863	\N	6	\N	6	2024-11-20 00:00:00.000	2024-11-20 08:36:19.953
14436	4M9269	23882	\N	6	\N	6	2024-11-22 00:00:00.000	2024-11-22 12:36:06.830
14437	7UU	15526	\N	7	\N	6	2024-11-25 00:00:00.000	2024-11-25 10:58:07.777
14438	1V9275	23889	\N	6	\N	6	2024-11-25 00:00:00.000	2024-11-25 12:58:08.123
14439	1U9221	23888	\N	6	\N	6	2024-11-25 00:00:00.000	2024-11-25 13:15:45.087
14440	7ZT	23885	\N	9	\N	6	2024-11-25 00:00:00.000	2024-11-25 13:37:45.527
14441	1R9268	19304	\N	6	\N	6	2024-11-26 00:00:00.000	2024-11-26 11:28:26.840
14442	2P9112	23333	\N	6	\N	\N	2024-12-02 00:00:00.000	2024-12-02 09:13:22.337
14443	1L9681	23421	\N	6	\N	6	2024-12-02 00:00:00.000	2024-12-02 10:05:01.357
14444	4B9383	23899	\N	6	\N	6	2024-12-02 00:00:00.000	2024-12-02 15:32:13.157
14445	H1N	22879	\N	6	\N	8	2024-12-04 00:00:00.000	2024-12-04 09:31:23.207
14446	LA9DC1	23101	\N	9	\N	\N	2024-12-04 00:00:00.000	2024-12-04 09:54:53.113
14447	3FZ	15203	\N	6	\N	12	2024-12-04 00:00:00.000	2024-12-04 10:12:09.510
14448	1G9671	23906	\N	6	\N	6	2024-12-04 00:00:00.000	2024-12-04 14:08:27.747
14449	1G9672	23892	\N	6	\N	\N	2024-12-05 00:00:00.000	2024-12-05 09:07:28.883
14450	7ZR	23886	\N	10	\N	\N	2024-12-06 00:00:00.000	2025-03-10 10:24:48.107
14451	4M9266	23836	\N	6	\N	\N	2024-12-06 00:00:00.000	2024-12-06 09:49:40.583
14452	1G9664	23908	\N	6	\N	6	2024-12-06 00:00:00.000	2024-12-06 10:17:25.557
14453	4A9319	23912	\N	6	\N	\N	2024-12-09 00:00:00.000	2024-12-09 09:10:32.163
14454	3PT	14103	\N	6	\N	12	2024-12-09 00:00:00.000	2024-12-09 10:31:38.280
14455	1E9733	18597	\N	10	\N	\N	2024-12-10 00:00:00.000	2024-12-10 09:26:53.123
14456	2G9105	23919	\N	6	\N	1	2024-12-10 00:00:00.000	2024-12-10 10:23:15.270
14457	7ZY	22465	\N	6	\N	\N	2024-12-10 00:00:00.000	2024-12-10 15:38:32.317
14458	1F9599	23924	\N	6	\N	\N	2024-12-10 00:00:00.000	2024-12-10 15:57:40.197
14459	1Z9762	23925	\N	6	\N	\N	2024-12-11 00:00:00.000	2024-12-11 09:11:01.957
14460	4S9729	23927	\N	6	\N	6	2024-12-12 00:00:00.000	2024-12-12 11:34:32.670
14461	4M9264	23834	\N	6	\N	\N	2024-12-13 00:00:00.000	2024-12-13 13:08:41.590
14462	4B9384	23929	\N	6	\N	\N	2024-12-13 00:00:00.000	2024-12-13 14:41:11.653
14463	1G9673	23928	\N	6	\N	\N	2024-12-13 00:00:00.000	2024-12-13 15:04:21.113
14464	4T9552	23896	\N	6	\N	\N	2024-12-16 00:00:00.000	2024-12-16 09:13:06.673
14465	4S9712	19307	\N	3	\N	\N	2024-12-16 00:00:00.000	2024-12-16 10:34:09.503
14466	1N9456	23761	\N	9	\N	6	2024-12-16 00:00:00.000	2024-12-16 11:33:24.470
14467	3JC	24149	\N	1	\N	12	2024-12-18 00:00:00.000	2025-04-17 11:11:49.113
14468	2T9149	17532	\N	6	\N	\N	2024-12-20 00:00:00.000	2024-12-20 12:41:14.090
14469	1F9596	23945	\N	6	\N	6	2024-12-20 00:00:00.000	2024-12-20 12:53:07.583
14470	4S9718	23952	\N	6	\N	6	2024-12-24 00:00:00.000	2024-12-24 09:10:00.503
14471	7ZL	23858	\N	3	\N	6	2024-12-30 00:00:00.000	2024-12-30 11:17:25.967
14472	LZ9SSY	23780	\N	6	\N	\N	2025-01-02 00:00:00.000	2025-01-02 09:16:59.563
14473	7ZS	23868	\N	6	\N	6	2025-01-02 00:00:00.000	2025-01-02 11:16:23.253
14474	4R9059	23922	\N	6	\N	6	2025-01-02 00:00:00.000	2025-01-02 11:40:18.150
14475	4A9320	23930	\N	6	\N	6	2025-01-02 00:00:00.000	2025-01-02 11:49:37.197
14476	MZD	23968	\N	1	\N	36	2025-01-02 00:00:00.000	2025-01-02 14:53:37.297
14477	LYZ	22516	\N	1	\N	8	2025-01-02 00:00:00.000	2025-01-02 15:23:29.100
14478	4M9253	23900	\N	6	\N	6	2025-01-03 00:00:00.000	2025-01-03 12:10:12.707
14479	2MS	23965	\N	6	\N	1	2025-01-03 00:00:00.000	2025-01-03 13:27:56.627
14480	2BY	12627	\N	6	\N	1	2025-01-03 00:00:00.000	2025-01-03 15:36:06.707
14481	1D9932	23980	\N	6	\N	\N	2025-01-03 00:00:00.000	2025-01-03 16:07:53.463
14482	3JD	23848	\N	6	\N	12	2025-01-06 00:00:00.000	2025-01-06 10:01:44.210
14483	4S9714	23038	\N	3	\N	6	2025-01-06 00:00:00.000	2025-01-06 11:52:00.627
14484	1Z9763	23983	\N	6	\N	\N	2025-01-07 00:00:00.000	2025-01-07 13:08:56.693
14485	1E9734	23985	\N	6	\N	\N	2025-01-07 00:00:00.000	2025-01-07 14:45:05.623
14486	4A9321	23935	\N	6	\N	\N	2025-01-08 00:00:00.000	2025-01-08 09:03:14.027
14487	1J9579	23986	\N	6	\N	6	2025-01-09 00:00:00.000	2025-01-09 09:25:31.323
14488	1K9450	23987	\N	6	\N	\N	2025-01-09 00:00:00.000	2025-01-09 13:19:01.577
14489	3E9072	23981	\N	6	\N	\N	2025-01-10 00:00:00.000	2025-01-10 13:33:30.833
14490	7ZW	23914	\N	9	\N	6	2025-01-13 00:00:00.000	2025-01-13 09:29:22.170
14491	1U9222	23990	\N	6	\N	6	2025-01-13 00:00:00.000	2025-01-13 10:56:09.060
14492	7Z2	23994	\N	9	\N	6	2025-01-13 00:00:00.000	2025-01-13 12:11:14.667
14493	1Z9765	23999	\N	6	\N	6	2025-01-14 00:00:00.000	2025-01-14 12:05:20.207
14494	1K9451	23998	\N	6	\N	6	2025-01-14 00:00:00.000	2025-01-14 12:11:59.513
14495	4M9272	23997	\N	6	\N	6	2025-01-14 00:00:00.000	2025-01-14 12:19:21.863
14496	H09PLE	23917	\N	6	\N	8	2025-01-14 00:00:00.000	2025-01-14 12:29:45.630
14497	3S9136	23972	\N	6	\N	12	2025-01-14 00:00:00.000	2025-01-14 13:29:49.123
14498	3G9073	23959	\N	6	\N	12	2025-01-16 00:00:00.000	2025-01-16 11:56:57.643
14499	1P9099	24001	\N	6	\N	6	2025-01-16 00:00:00.000	2025-01-16 12:28:30.677
14500	3A9324	23960	\N	6	\N	12	2025-01-16 00:00:00.000	2025-01-16 12:39:42.877
14501	4S9722	23794	\N	6	\N	\N	2025-01-16 00:00:00.000	2025-01-16 13:30:35.397
14502	4T9554	23903	\N	6	\N	\N	2025-01-17 00:00:00.000	2025-01-17 09:08:21.270
14503	4A9318	24003	\N	9	\N	\N	2025-01-17 00:00:00.000	2025-01-17 14:06:40.023
14504	1D9943	24007	\N	1	\N	\N	2025-01-17 00:00:00.000	2025-01-17 15:16:22.673
14505	1G9674	24011	\N	6	\N	6	2025-01-21 00:00:00.000	2025-01-21 14:03:18.720
14506	711	24009	\N	6	\N	\N	2025-01-21 00:00:00.000	2025-01-21 15:41:59.797
14507	1E9735	24005	\N	6	\N	6	2025-01-23 00:00:00.000	2025-01-23 12:59:57.103
14508	4M9274	24018	\N	6	\N	\N	2025-01-23 00:00:00.000	2025-01-23 13:30:26.963
14509	1N9457	24017	\N	9	\N	6	2025-01-23 00:00:00.000	2025-01-23 13:39:01.103
14510	4B9386	24020	\N	6	\N	\N	2025-01-23 00:00:00.000	2025-01-23 15:32:34.457
14511	4B9387	23921	\N	6	\N	6	2025-01-24 00:00:00.000	2025-01-24 08:47:01.120
14512	4M9275	22159	\N	6	\N	\N	2025-01-24 00:00:00.000	2025-01-24 12:22:39.423
14513	713	24985	\N	6	\N	6	2025-01-27 00:00:00.000	2025-09-29 13:50:46.703
14514	1Z9770	24030	\N	6	\N	6	2025-01-27 00:00:00.000	2025-01-27 12:41:15.453
14515	4T9545	24037	\N	6	\N	6	2025-01-28 00:00:00.000	2025-01-28 08:38:56.580
14516	4C9726	24041	\N	6	\N	\N	2025-01-28 00:00:00.000	2025-01-28 13:03:31.687
14517	1V9276	23894	\N	6	\N	6	2025-01-29 00:00:00.000	2025-01-29 09:08:42.603
14518	1Z9768	23774	\N	6	\N	6	2025-01-29 00:00:00.000	2025-01-29 09:15:52.633
14519	AE9MT1	19939	\N	2	\N	10	2025-01-29 00:00:00.000	2025-01-29 11:52:16.007
14520	715	24056	\N	6	\N	\N	2025-02-03 00:00:00.000	2025-02-03 09:42:30.300
14521	4S9731	23995	\N	9	\N	\N	2025-02-03 00:00:00.000	2025-02-03 10:20:24.923
14522	1K9423	24049	\N	6	\N	\N	2025-02-03 00:00:00.000	2025-02-03 10:36:55.790
14523	SA9457	23502	\N	9	\N	5	2025-02-03 00:00:00.000	2025-02-03 12:09:34.677
14524	3A9318	23798	\N	6	\N	12	2025-02-03 00:00:00.000	2025-02-03 13:44:59.827
14525	1H9856	24012	\N	6	\N	6	2025-02-03 00:00:00.000	2025-02-03 14:08:09.870
14526	1R9750	24044	\N	6	\N	\N	2025-02-03 00:00:00.000	2025-02-03 14:21:11.177
14527	H2W	23809	\N	1	\N	8	2025-02-03 00:00:00.000	2025-02-03 14:33:09.770
14528	1F9520	21091	\N	2	\N	\N	2025-02-04 00:00:00.000	2025-02-04 09:24:04.850
14529	7Z8	23736	\N	3	\N	\N	2025-02-04 00:00:00.000	2025-02-04 14:38:15.213
14530	1V9277	24060	\N	3	\N	6	2025-02-05 00:00:00.000	2025-02-05 12:16:00.937
14531	1X9044	23920	\N	6	\N	6	2025-02-05 00:00:00.000	2025-02-05 13:01:43.020
14532	56W	9196	\N	6	\N	6	2025-02-05 00:00:00.000	2025-02-05 13:37:13.883
14533	1E9736	23599	\N	6	\N	6	2025-02-07 00:00:00.000	2025-02-07 12:11:44.910
14534	1H9857	24071	\N	6	\N	\N	2025-02-07 00:00:00.000	2025-02-07 15:25:59.323
14535	7ZX	24070	\N	6	\N	\N	2025-02-07 00:00:00.000	2025-02-07 15:32:20.123
14536	1H9855	24046	\N	6	\N	\N	2025-02-10 00:00:00.000	2025-02-10 09:08:14.353
14537	1W9704	24075	\N	6	\N	6	2025-02-10 00:00:00.000	2025-02-10 14:43:50.637
14538	LS8	23706	\N	3	\N	\N	2025-02-11 00:00:00.000	2025-02-11 09:45:44.680
14539	7XA	24042	\N	6	\N	6	2025-02-11 00:00:00.000	2025-02-11 10:12:38.913
14540	1P9958	24076	\N	6	\N	\N	2025-02-11 00:00:00.000	2025-02-11 15:19:33.233
14541	1S9176	15349	\N	6	\N	6	2025-02-12 00:00:00.000	2025-02-12 11:14:53.373
14542	4C9733	24084	\N	6	\N	\N	2025-02-12 00:00:00.000	2025-02-12 14:20:40.697
14543	4B9388	24089	\N	6	\N	6	2025-02-13 00:00:00.000	2025-02-13 10:20:41.060
14544	4A9324	24072	\N	6	\N	6	2025-02-13 00:00:00.000	2025-02-13 10:25:53.993
14545	4C9731	24000	\N	9	\N	6	2025-02-14 00:00:00.000	2025-02-14 12:35:59.113
14546	712	24099	\N	9	\N	6	2025-02-18 00:00:00.000	2025-02-18 09:39:22.190
14547	4M9280	23941	\N	6	\N	\N	2025-02-18 00:00:00.000	2025-02-18 16:02:34.230
14548	2XB	16509	\N	6	\N	\N	2025-02-19 00:00:00.000	2025-02-19 14:07:03.640
14549	1D9947	24061	\N	6	\N	\N	2025-02-19 00:00:00.000	2025-02-19 16:08:36.050
14550	1K9452	24111	\N	6	\N	\N	2025-02-21 00:00:00.000	2025-02-21 14:23:58.967
14551	718	23736	\N	10	\N	\N	2025-02-21 00:00:00.000	2025-02-21 15:05:47.023
14552	1V9278	24123	\N	6	\N	\N	2025-02-24 00:00:00.000	2025-02-24 10:42:13.777
14553	716	24116	\N	6	\N	\N	2025-02-24 00:00:00.000	2025-02-24 11:00:45.277
14554	4S9733	24126	\N	6	\N	\N	2025-02-24 00:00:00.000	2025-02-24 11:15:16.627
14555	NP9176	22863	\N	6	\N	\N	2025-02-24 00:00:00.000	2025-02-24 11:59:39.687
14556	1J9530	21151	\N	6	\N	\N	2025-02-24 00:00:00.000	2025-02-24 13:06:56.213
14557	1U9224	24085	\N	6	\N	\N	2025-02-25 00:00:00.000	2025-02-25 09:19:15.460
14558	4R9009	24064	\N	6	\N	\N	2025-02-25 00:00:00.000	2025-02-25 09:30:21.903
14559	1P9961	24131	\N	6	\N	\N	2025-02-25 00:00:00.000	2025-02-25 13:15:22.777
14560	1L9695	24132	\N	9	\N	\N	2025-02-25 00:00:00.000	2025-02-25 13:20:57.800
14561	L5D	14432	\N	1	\N	8	2025-02-25 00:00:00.000	2025-02-25 14:03:31.193
14562	1Z9702	24108	\N	6	\N	6	2025-02-26 00:00:00.000	2025-02-26 12:22:59.117
14563	2T9205	23961	\N	6	\N	\N	2025-02-28 00:00:00.000	2025-02-28 09:10:18.673
14564	4A9313	23979	\N	6	\N	\N	2025-03-03 00:00:00.000	2025-03-03 11:29:30.173
14565	1L9696	24156	\N	6	\N	\N	2025-03-03 00:00:00.000	2025-03-03 14:24:31.183
14566	1W9705	24154	\N	6	\N	6	2025-03-03 00:00:00.000	2025-03-03 14:45:28.317
14567	1V9279	24160	\N	6	\N	\N	2025-03-03 00:00:00.000	2025-03-03 15:15:31.213
14568	7ZJ	22228	\N	9	\N	6	2025-03-04 00:00:00.000	2025-03-04 08:24:50.033
14569	2A9209	22784	\N	6	\N	\N	2025-03-04 00:00:00.000	2025-03-04 09:20:29.380
14570	4A9323	24163	\N	6	\N	6	2025-03-04 00:00:00.000	2025-03-04 12:27:15.160
14571	4Z2	3267	\N	6	\N	6	2025-03-04 00:00:00.000	2025-03-04 13:07:24.547
14572	4M9281	24133	\N	6	\N	\N	2025-03-04 00:00:00.000	2026-08-06 14:10:54.457
14573	1A9514	2089	\N	6	\N	6	2025-03-05 00:00:00.000	2025-03-05 10:44:01.507
14574	4R9060	24062	\N	6	\N	6	2025-03-05 00:00:00.000	2025-03-05 11:54:38.253
14575	4R9063	24152	\N	6	\N	6	2025-03-05 00:00:00.000	2025-03-05 12:15:59.750
14576	1P9962	24162	\N	6	\N	\N	2025-03-06 00:00:00.000	2025-03-06 09:12:18.763
14577	R6U	24096	\N	1	\N	8	2025-03-06 00:00:00.000	2025-03-06 13:02:14.827
14578	UDU	24098	\N	1	\N	26	2025-03-06 00:00:00.000	2025-03-06 14:44:17.947
14579	1H9858	24170	\N	6	\N	\N	2025-03-07 00:00:00.000	2025-03-07 15:35:31.997
14580	1G9676	24171	\N	6	\N	\N	2025-03-07 00:00:00.000	2025-03-07 15:39:47.133
14581	714	24047	\N	9	\N	\N	2025-03-10 00:00:00.000	2025-03-10 09:16:45.150
14582	71C	23886	\N	6	\N	6	2025-03-10 00:00:00.000	2025-03-10 11:02:34.550
14583	1D9949	24195	\N	6	\N	\N	2025-03-13 00:00:00.000	2025-03-13 14:29:55.837
14584	MLY	24197	\N	1	\N	30	2025-03-14 00:00:00.000	2025-03-14 12:22:02.813
14585	1Z9761	23874	\N	6	\N	6	2025-03-17 00:00:00.000	2025-03-17 13:46:08.300
14586	1G9677	24208	\N	9	\N	6	2025-03-17 00:00:00.000	2025-03-17 14:46:25.513
14587	4M9282	24185	\N	6	\N	6	2025-03-20 00:00:00.000	2025-03-20 11:34:18.520
14588	4B9391	24214	\N	9	\N	6	2025-03-20 00:00:00.000	2025-03-20 13:20:01.427
14589	4A9327	24180	\N	9	\N	6	2025-03-21 00:00:00.000	2025-03-21 10:06:07.260
14590	R8H	23946	\N	1	\N	57	2025-03-24 00:00:00.000	2025-03-24 11:09:41.653
14591	HSL	24166	\N	1	\N	8	2025-03-24 00:00:00.000	2025-03-24 15:44:54.237
14592	1M9343	24213	\N	6	\N	\N	2025-03-24 00:00:00.000	2025-03-24 15:55:22.357
14593	4T9557	24178	\N	6	\N	\N	2025-03-25 00:00:00.000	2025-03-25 10:02:25.907
14594	4B9395	24237	\N	3	\N	\N	2025-03-27 00:00:00.000	2025-03-27 10:16:42.180
14595	1G9666	24238	\N	6	\N	6	2025-03-27 00:00:00.000	2025-03-27 13:53:13.133
14596	LA9HTK	24102	\N	3	\N	8	2025-03-28 00:00:00.000	2025-03-28 10:17:22.027
14597	4S9195	24109	\N	6	\N	6	2025-03-28 00:00:00.000	2025-03-28 13:43:45.717
14598	4B9390	24223	\N	6	\N	\N	2025-03-31 00:00:00.000	2025-03-31 09:12:12.617
14599	7YZ	23782	\N	6	\N	6	2025-03-31 00:00:00.000	2025-03-31 10:49:18.103
14600	4A9329	24261	\N	6	\N	\N	2025-03-31 00:00:00.000	2025-03-31 12:53:40.807
14601	1L9699	24263	\N	6	\N	\N	2025-03-31 00:00:00.000	2025-03-31 15:39:57.870
14602	4A9328	24253	\N	6	\N	\N	2025-04-01 00:00:00.000	2025-04-01 09:09:06.403
14603	3C9260	24168	\N	6	\N	12	2025-04-01 00:00:00.000	2025-04-01 13:09:54.900
14604	1H9859	24252	\N	6	\N	6	2025-04-01 00:00:00.000	2025-04-01 13:54:22.317
14605	4B9393	24190	\N	6	\N	6	2025-04-01 00:00:00.000	2025-04-01 14:19:03.477
14606	4M9277	24029	\N	6	\N	6	2025-04-01 00:00:00.000	2025-04-01 15:01:47.443
14607	710	23424	\N	6	\N	6	2025-04-01 00:00:00.000	2025-04-01 15:21:28.653
14608	1H9860	24268	\N	6	\N	6	2025-04-02 00:00:00.000	2025-04-02 08:44:04.790
14609	4M9283	24251	\N	6	\N	\N	2025-04-02 00:00:00.000	2025-04-02 14:08:33.300
14610	4S9735	24267	\N	6	\N	\N	2025-04-02 00:00:00.000	2025-04-02 15:39:26.163
14611	1G9678	24265	\N	6	\N	6	2025-04-03 00:00:00.000	2025-04-03 12:07:18.513
14612	4A9142	24273	\N	6	\N	\N	2025-04-03 00:00:00.000	2025-04-03 14:12:34.607
14613	1E9668	20630	\N	6	\N	\N	2025-04-07 00:00:00.000	2025-04-07 12:44:54.130
14614	4R9066	23762	\N	9	\N	\N	2025-04-07 00:00:00.000	2025-04-07 15:02:54.093
14615	4T9559	24196	\N	6	\N	\N	2025-04-07 00:00:00.000	2025-04-07 15:44:44.090
14616	H2H	23948	\N	1	\N	8	2025-04-09 00:00:00.000	2025-04-09 09:31:14.703
14617	4S9736	24280	\N	6	\N	6	2025-04-09 00:00:00.000	2025-04-09 11:21:32.150
14618	1G9679	24282	\N	6	\N	\N	2025-04-09 00:00:00.000	2025-04-09 13:26:37.317
14619	1H9861	24288	\N	6	\N	\N	2025-04-09 00:00:00.000	2025-04-09 16:18:59.953
14620	4S9737	24281	\N	6	\N	\N	2025-04-10 00:00:00.000	2025-04-10 14:44:25.703
14621	1N9458	3387	\N	6	\N	6	2025-04-11 00:00:00.000	2025-04-11 11:41:55.810
14622	4M9285	24298	\N	6	\N	6	2025-04-11 00:00:00.000	2025-04-11 12:05:47.640
14623	1A9853	23374	\N	6	\N	6	2025-04-11 00:00:00.000	2025-04-11 15:53:03.667
14624	1E9726	24297	\N	6	\N	\N	2025-04-11 00:00:00.000	2025-04-11 16:26:09.507
14625	4M9284	24302	\N	6	\N	\N	2025-04-14 00:00:00.000	2025-04-14 09:20:00.500
14626	4B9397	24309	\N	6	\N	6	2025-04-14 00:00:00.000	2025-04-14 14:00:08.773
14627	4T9562	24264	\N	10	\N	6	2025-04-15 00:00:00.000	2025-04-15 10:13:04.567
14628	1L9701	24315	\N	6	\N	6	2025-04-15 00:00:00.000	2025-04-15 10:21:18.960
14629	4S9738	24274	\N	6	\N	6	2025-04-15 00:00:00.000	2025-04-15 10:28:02.267
14630	4M9287	24324	\N	6	\N	\N	2025-04-15 00:00:00.000	2025-04-15 15:49:06.073
14631	7U1	19911	\N	6	\N	\N	2025-04-17 00:00:00.000	2025-04-17 15:19:20.733
14632	71L	24321	\N	9	\N	6	2025-04-18 00:00:00.000	2025-04-18 12:10:36.317
14633	7XX	23149	\N	6	\N	\N	2025-04-18 00:00:00.000	2025-04-18 15:36:02.430
14634	71H	21171	\N	6	\N	\N	2025-04-18 00:00:00.000	2025-04-18 15:47:39.097
14635	1D9945	24067	\N	6	\N	6	2025-04-21 00:00:00.000	2025-04-21 09:45:03.983
14636	1W9706	24336	\N	9	\N	\N	2025-04-23 00:00:00.000	2025-04-23 12:35:50.787
14637	1L9697	24339	\N	6	\N	6	2025-04-23 00:00:00.000	2025-04-23 13:14:41.960
14638	4B9392	24342	\N	6	\N	6	2025-04-24 00:00:00.000	2025-04-24 11:20:10.967
14639	2ND	24317	\N	6	\N	\N	2025-04-24 00:00:00.000	2025-04-24 14:44:13.783
14640	4B9394	24248	\N	6	\N	6	2025-04-24 00:00:00.000	2025-04-24 14:59:05.650
14641	71K	24348	\N	9	\N	6	2025-04-25 00:00:00.000	2025-04-25 15:00:15.800
14642	4M9289	22564	\N	2	\N	6	2025-04-25 00:00:00.000	2025-04-25 15:18:15.700
14643	4T9565	24323	\N	6	\N	6	2025-04-28 00:00:00.000	2025-04-28 09:34:25.283
14644	1L9700	24231	\N	6	\N	6	2025-04-29 00:00:00.000	2025-04-29 11:22:56.630
14645	5JT	24343	\N	6	\N	\N	2025-05-01 00:00:00.000	2025-05-01 12:07:28.677
14646	1D9948	24291	\N	6	\N	\N	2025-05-01 00:00:00.000	2025-05-01 12:17:57.047
14647	4R9068	24313	\N	6	\N	\N	2025-05-01 00:00:00.000	2025-05-01 12:22:26.747
14648	3F5	21362	\N	6	\N	\N	2025-05-01 00:00:00.000	2025-05-01 12:34:04.040
14649	4M9271	24325	\N	6	\N	\N	2025-05-01 00:00:00.000	2025-05-01 12:50:05.737
14650	7YY	24360	\N	9	\N	6	2025-05-01 00:00:00.000	2025-06-11 08:19:05.247
14651	71N	24335	\N	9	\N	\N	2025-05-02 00:00:00.000	2025-05-02 10:08:26.920
14652	1H9863	24372	\N	6	\N	\N	2025-05-05 00:00:00.000	2025-05-05 15:45:08.307
14653	4T9566	24333	\N	6	\N	6	2025-05-06 00:00:00.000	2025-05-06 09:52:28.373
14654	1L9703	24334	\N	6	\N	6	2025-05-06 00:00:00.000	2025-05-06 10:17:05.177
14655	1Z9775	24375	\N	6	\N	\N	2025-05-06 00:00:00.000	2025-05-06 11:09:42.730
14656	1N9460	24326	\N	6	\N	\N	2025-05-07 00:00:00.000	2025-05-07 09:10:23.367
14657	54A	22705	\N	6	\N	\N	2025-05-08 00:00:00.000	2025-05-08 16:27:26.200
14658	3PM	24319	\N	6	\N	12	2025-05-09 00:00:00.000	2025-05-09 08:42:12.170
14659	2E9092	24022	\N	6	\N	\N	2025-05-09 00:00:00.000	2025-05-09 12:30:19.543
14660	71E	24212	\N	6	\N	\N	2025-05-12 00:00:00.000	2025-05-12 09:27:10.147
14661	4T9360	24385	\N	6	\N	6	2025-05-12 00:00:00.000	2025-05-12 10:58:47.373
14662	1D9953	24376	\N	6	\N	6	2025-05-13 00:00:00.000	2025-05-13 09:04:46.723
14663	4A9331	24330	\N	6	\N	6	2025-05-13 00:00:00.000	2025-05-13 09:22:20.417
14664	1D9951	24400	\N	6	\N	\N	2025-05-13 00:00:00.000	2025-05-13 15:20:58.710
14665	1Z9777	24401	\N	6	\N	6	2025-05-14 00:00:00.000	2025-05-14 09:45:35.433
14666	4M9288	24391	\N	6	\N	6	2025-05-15 00:00:00.000	2025-05-15 08:59:42.673
14667	4S9742	24338	\N	6	\N	\N	2025-05-15 00:00:00.000	2025-05-15 12:49:20.517
14668	VF9391	20818	\N	6	\N	11	2025-05-16 00:00:00.000	2025-05-16 10:05:27.140
14669	4B9398	24419	\N	9	\N	\N	2025-05-16 00:00:00.000	2025-05-16 14:50:52.820
14670	1V9281	24290	\N	9	\N	\N	2025-05-16 00:00:00.000	2025-05-16 15:10:47.610
14671	3RC	24318	\N	6	\N	12	2025-05-19 00:00:00.000	2025-05-19 09:25:30.967
14672	4M9292	22666	\N	2	\N	6	2025-05-19 00:00:00.000	2025-05-19 13:30:36.303
14673	4B9399	24420	\N	9	\N	\N	2025-05-19 00:00:00.000	2025-05-19 13:41:43.300
14675	4T9569	24416	\N	6	\N	\N	2025-05-21 00:00:00.000	2025-05-21 09:02:58.040
14676	4T9570	24424	\N	6	\N	6	2025-05-21 00:00:00.000	2025-05-21 10:41:59.773
14677	7FY	7578	\N	6	\N	\N	2025-05-22 00:00:00.000	2025-05-22 09:10:08.873
14678	1Z9778	24328	\N	6	\N	6	2025-05-22 00:00:00.000	2025-05-22 13:43:03.507
14679	4T9564	24429	\N	6	\N	6	2025-05-22 00:00:00.000	2025-05-22 13:53:18.903
14680	1P9929	24432	\N	6	\N	\N	2025-05-23 00:00:00.000	2025-05-23 09:10:29.700
14681	4T9556	24425	\N	6	\N	\N	2025-05-27 00:00:00.000	2025-05-27 09:19:01.550
14682	HA9MAH	24440	\N	1	\N	\N	2025-05-27 00:00:00.000	2025-05-27 13:05:26.340
14683	1L9683	23605	\N	6	\N	\N	2025-06-02 00:00:00.000	2025-06-02 09:09:03.347
14684	4M9270	24447	\N	9	\N	6	2025-06-02 00:00:00.000	2025-06-02 10:18:16.827
14685	4M9295	24382	\N	6	\N	\N	2025-06-03 00:00:00.000	2025-06-03 15:02:03.033
14686	1J9580	24482	\N	6	\N	\N	2025-06-03 00:00:00.000	2025-06-03 15:43:19.287
14687	1G9680	23198	\N	6	\N	\N	2025-06-04 00:00:00.000	2025-06-04 09:09:25.630
14688	4A9303	24477	\N	6	\N	\N	2025-06-04 00:00:00.000	2025-06-04 09:26:35.423
14689	4R9065	24179	\N	9	\N	6	2025-06-04 00:00:00.000	2025-06-04 10:10:40.023
14690	4S9743	24476	\N	6	\N	\N	2025-06-06 00:00:00.000	2025-06-06 09:16:36.833
14691	3D9032	24485	\N	6	\N	\N	2025-06-06 00:00:00.000	2025-06-06 13:35:42.070
14692	1D9687	16301	\N	5	\N	\N	2025-06-09 00:00:00.000	2025-06-09 13:16:54.493
14693	H0R	24469	\N	6	\N	8	2025-06-10 00:00:00.000	2025-06-10 09:05:37.097
14694	1L9707	24560	\N	1	\N	\N	2025-06-10 00:00:00.000	2025-06-10 14:42:41.910
14695	4M9296	24559	\N	6	\N	\N	2025-06-10 00:00:00.000	2025-06-10 15:10:14.897
14696	4A9334	24558	\N	6	\N	\N	2025-06-10 00:00:00.000	2025-06-10 15:24:11.750
14697	1V9283	24551	\N	6	\N	\N	2025-06-12 00:00:00.000	2025-06-12 09:08:51.850
14698	1V9284	24445	\N	6	\N	\N	2025-06-12 00:00:00.000	2025-06-12 13:21:51.497
14699	1Z9776	24573	\N	6	\N	\N	2025-06-12 00:00:00.000	2025-06-12 15:31:00.107
14700	71F	24575	\N	6	\N	6	2025-06-13 00:00:00.000	2025-06-13 10:56:57.073
14701	1Z9732	23036	\N	6	\N	6	2025-06-13 00:00:00.000	2025-06-13 14:54:28.790
14702	1Z9780	24578	\N	6	\N	\N	2025-06-16 00:00:00.000	2025-06-16 13:52:03.043
14703	1J9581	24446	\N	6	\N	\N	2025-06-17 00:00:00.000	2025-06-17 09:19:54.687
14704	1D9952	24505	\N	6	\N	\N	2025-06-17 00:00:00.000	2025-06-17 14:18:11.567
14705	Y79E81	24389	\N	6	\N	212	2025-06-17 00:00:00.000	2025-06-17 15:28:51.267
14706	2SH	24579	\N	6	\N	\N	2025-06-18 00:00:00.000	2025-06-18 10:08:03.507
14707	4M9286	24346	\N	6	\N	\N	2025-06-18 00:00:00.000	2025-06-18 11:05:36.597
14708	1X9046	24585	\N	6	\N	\N	2025-06-18 00:00:00.000	2025-06-18 11:44:04.043
14709	4M9297	24584	\N	6	\N	\N	2025-06-18 00:00:00.000	2025-06-18 13:44:51.997
14710	99L	23860	\N	5	\N	18	2025-06-20 00:00:00.000	2025-06-20 10:44:18.913
14711	4M9298	24586	\N	6	\N	\N	2025-06-20 00:00:00.000	2025-06-20 13:04:36.920
14712	YAF	23545	\N	6	\N	22	2025-06-20 00:00:00.000	2025-06-20 16:06:13.897
14713	1G9681	24587	\N	6	\N	6	2025-06-20 00:00:00.000	2025-06-20 16:29:44.307
14714	4S9739	4429	\N	6	\N	6	2025-06-23 00:00:00.000	2025-06-23 13:09:13.077
14715	H3Y	24509	\N	1	\N	8	2025-06-24 00:00:00.000	2026-04-10 08:26:45.387
14716	4T9561	24595	\N	1	\N	\N	2025-06-24 00:00:00.000	2025-06-24 14:28:14.323
14717	1XM	994	\N	2	\N	6	2025-06-26 00:00:00.000	2025-06-26 12:23:14.893
14718	4S9734	24588	\N	6	\N	6	2025-06-27 00:00:00.000	2025-06-27 11:25:28.787
14719	PL9056	24582	\N	5	\N	\N	2025-06-27 00:00:00.000	2025-06-27 13:26:45.847
14720	4C9736	24507	\N	6	\N	\N	2025-06-30 00:00:00.000	2025-06-30 09:12:51.623
14721	6K9860	24461	\N	6	\N	14	2025-06-30 00:00:00.000	2025-06-30 14:13:04.567
14722	2R9730	24616	\N	6	\N	\N	2025-07-01 00:00:00.000	2025-07-01 09:19:16.863
14723	4T9573	24430	\N	6	\N	\N	2025-07-01 00:00:00.000	2025-07-01 09:33:09.257
14724	7YF	23353	\N	9	\N	6	2025-07-01 00:00:00.000	2025-07-01 11:31:30.137
14725	4S9745	24601	\N	6	\N	6	2025-07-02 00:00:00.000	2025-07-02 09:22:55.327
14726	1N9462	24641	\N	6	\N	\N	2025-07-02 00:00:00.000	2025-07-02 14:56:00.880
14727	3FX	24496	\N	6	\N	12	2025-07-03 00:00:00.000	2025-07-03 10:01:53.250
14728	4A9338	24426	\N	6	\N	6	2025-07-03 00:00:00.000	2025-07-03 13:53:13.603
14729	4R9071	24652	\N	6	\N	\N	2025-07-03 00:00:00.000	2025-08-19 15:00:54.300
14730	4S9730	23923	\N	6	\N	\N	2025-07-07 00:00:00.000	2025-07-07 14:06:12.333
14731	9790Y6	24571	\N	6	\N	\N	2025-07-10 00:00:00.000	2025-07-10 09:05:58.363
14732	71U	24687	\N	6	\N	6	2025-07-10 00:00:00.000	2025-07-10 12:59:08.233
14733	1F9603	24695	\N	6	\N	\N	2025-07-11 00:00:00.000	2025-07-11 14:24:31.960
14734	4R9074	24712	\N	6	\N	6	2025-07-15 00:00:00.000	2025-07-15 14:19:33.830
14735	4B9401	24591	\N	6	\N	6	2025-07-15 00:00:00.000	2025-07-15 14:53:15.187
14736	1L9708	24719	\N	9	\N	\N	2025-07-16 00:00:00.000	2025-07-16 12:48:32.603
14737	4S9746	24192	\N	6	\N	6	2025-07-16 00:00:00.000	2025-07-16 14:35:14.370
14738	1F9602	24718	\N	6	\N	\N	2025-07-17 00:00:00.000	2025-07-17 13:41:03.220
14739	SF6	24034	\N	1	\N	5	2025-07-18 00:00:00.000	2025-12-08 13:22:04.367
14740	4R9072	24730	\N	6	\N	6	2025-07-18 00:00:00.000	2025-07-18 12:47:33.753
14741	1D9950	24169	\N	6	\N	\N	2025-07-21 00:00:00.000	2025-07-21 13:51:46.463
14742	U1V	24697	\N	5	\N	35	2025-07-22 00:00:00.000	2025-07-22 15:31:00.173
14743	1G9682	24746	\N	9	\N	\N	2025-07-22 00:00:00.000	2025-07-22 15:46:27.053
14744	3L9036	24739	\N	6	\N	\N	2025-07-23 00:00:00.000	2025-07-23 09:17:03.867
14745	1P9970	24765	\N	6	\N	6	2025-07-28 00:00:00.000	2025-07-28 11:45:41.690
14746	5DD	24607	\N	6	\N	6	2025-07-28 00:00:00.000	2025-07-28 12:18:31.423
14747	1N9223	10181	\N	6	\N	6	2025-07-28 00:00:00.000	2025-07-28 13:58:16.797
14748	4T9534	24772	\N	6	\N	6	2025-07-28 00:00:00.000	2025-07-28 15:54:43.107
14749	LA9GFC	23398	\N	6	\N	8	2025-07-29 00:00:00.000	2025-07-29 10:02:44.453
14750	1V9285	24544	\N	6	\N	\N	2025-07-29 00:00:00.000	2025-07-29 13:04:41.940
14751	1Z9782	24801	\N	6	\N	\N	2025-07-29 00:00:00.000	2025-07-29 13:30:00.337
14752	4A9337	24598	\N	9	\N	6	2025-07-30 00:00:00.000	2025-07-30 08:17:50.673
14753	1W9709	24805	\N	6	\N	6	2025-07-30 00:00:00.000	2025-07-30 12:29:25.457
14754	1N9464	24819	\N	6	\N	\N	2025-07-31 00:00:00.000	2025-07-31 14:08:16.263
14755	6PM	16009	\N	6	\N	14	2025-08-01 00:00:00.000	2025-08-01 08:55:22.203
14756	1N9463	24745	\N	6	\N	\N	2025-08-01 00:00:00.000	2025-08-01 09:12:18.300
14757	1F9600	24199	\N	6	\N	\N	2025-08-01 00:00:00.000	2025-08-01 09:39:45.320
14758	4R9073	24674	\N	6	\N	6	2025-08-01 00:00:00.000	2025-08-01 10:06:51.243
14759	VF9045	24286	\N	6	\N	11	2025-08-01 00:00:00.000	2025-08-01 10:17:20.663
14760	4A9340	24681	\N	6	\N	6	2025-08-01 00:00:00.000	2025-08-01 10:48:21.783
14761	7ZZ	4571	\N	6	\N	6	2025-08-01 00:00:00.000	2025-08-01 11:20:05.780
14762	1L9685	24193	\N	6	\N	6	2025-08-01 00:00:00.000	2025-08-01 12:19:22.130
14763	1Z9489	24802	\N	6	\N	6	2025-08-01 00:00:00.000	2025-08-01 14:01:53.320
14764	PF9002	24628	\N	6	\N	46	2025-08-04 00:00:00.000	2025-08-04 09:23:33.170
14765	1Z9697	22381	\N	6	\N	\N	2025-08-04 00:00:00.000	2025-08-04 09:29:25.157
14766	2T9218	24758	\N	6	\N	1	2025-08-04 00:00:00.000	2025-08-04 09:56:23.070
14767	3HF	24799	\N	1	\N	12	2025-08-04 00:00:00.000	2025-08-04 14:07:58.807
14768	LTE	23857	\N	1	\N	8	2025-08-05 00:00:00.000	2025-08-05 09:03:42.773
14769	4R9076	24840	\N	9	\N	\N	2025-08-05 00:00:00.000	2025-08-05 13:46:41.803
14770	4C9740	24838	\N	6	\N	6	2025-08-06 00:00:00.000	2025-08-06 12:56:15.577
14771	4C9741	24843	\N	9	\N	\N	2025-08-06 00:00:00.000	2025-08-06 15:12:29.257
14772	1P9964	24423	\N	6	\N	\N	2025-08-11 00:00:00.000	2025-08-11 10:14:46.647
14773	UN9092	24700	\N	6	\N	\N	2025-08-11 00:00:00.000	2025-08-11 10:31:21.097
14774	1H9862	24846	\N	6	\N	\N	2025-08-11 00:00:00.000	2025-08-11 10:49:03.587
14775	4B9405	24842	\N	6	\N	\N	2025-08-11 00:00:00.000	2025-08-11 13:12:40.400
14776	1U9227	24786	\N	6	\N	\N	2025-08-18 00:00:00.000	2025-08-18 12:05:16.410
14777	1D9954	24272	\N	6	\N	6	2025-08-19 00:00:00.000	2025-08-19 15:36:28.157
14778	3F9071	24825	\N	6	\N	\N	2025-08-20 00:00:00.000	2025-08-20 10:42:59.770
14779	1W9684	22490	\N	6	\N	6	2025-08-21 00:00:00.000	2025-08-21 09:56:51.657
14780	2WV	24403	\N	6	\N	\N	2025-08-21 00:00:00.000	2025-08-21 10:10:23.787
14781	4S9748	24847	\N	6	\N	6	2025-08-21 00:00:00.000	2025-08-21 14:05:44.263
14782	59Y	24857	\N	6	\N	6	2025-08-21 00:00:00.000	2025-08-21 14:33:34.430
14783	NP9299	24749	\N	6	\N	\N	2025-08-22 00:00:00.000	2025-08-22 12:33:32.520
14784	4B9402	24879	\N	6	\N	6	2025-08-22 00:00:00.000	2025-08-22 14:25:55.613
14785	HJ5	24752	\N	1	\N	\N	2025-08-25 00:00:00.000	2025-08-25 12:08:11.690
14786	LZ9EJH	24787	\N	6	\N	\N	2025-08-26 00:00:00.000	2025-08-26 09:42:29.823
14787	1H9773	20350	\N	3	\N	\N	2025-08-27 00:00:00.000	2026-02-16 09:41:46.350
14788	LM0	18532	\N	1	\N	8	2025-08-29 00:00:00.000	2025-08-29 09:19:55.430
14789	3E9073	24853	\N	6	\N	12	2025-08-29 00:00:00.000	2025-08-29 11:23:04.010
14790	1S9260	24902	\N	6	\N	6	2025-09-02 00:00:00.000	2025-09-02 13:43:43.210
14791	4B9409	24912	\N	6	\N	6	2025-09-02 00:00:00.000	2025-09-02 15:16:52.890
14792	721	24903	\N	6	\N	6	2025-09-03 00:00:00.000	2025-09-03 12:10:19.693
14793	1K9453	24917	\N	6	\N	6	2025-09-03 00:00:00.000	2025-09-03 13:07:02.010
14794	7XK	22999	\N	1	\N	6	2025-09-03 00:00:00.000	2025-09-03 14:32:18.140
14795	7GA	24921	\N	6	\N	6	2025-09-04 00:00:00.000	2025-09-04 13:54:55.520
14796	4S9749	24880	\N	6	\N	6	2025-09-04 00:00:00.000	2025-09-04 14:40:38.983
14797	4B9406	24910	\N	6	\N	6	2025-09-05 00:00:00.000	2025-09-05 08:29:57.603
14798	727	22016	\N	1	\N	6	2025-09-05 00:00:00.000	2025-09-05 08:37:12.450
14799	4A9343	24934	\N	6	\N	6	2025-09-05 00:00:00.000	2025-09-05 13:19:09.503
14800	1H9867	24870	\N	6	\N	6	2025-09-08 00:00:00.000	2025-09-08 09:05:56.370
14801	1K9432	24744	\N	6	\N	\N	2025-09-08 00:00:00.000	2025-09-08 09:13:59.627
14802	1P9973	24940	\N	6	\N	\N	2025-09-08 00:00:00.000	2025-09-08 13:19:51.730
14803	4A9183	20385	\N	6	\N	6	2025-09-09 00:00:00.000	2025-09-09 12:08:43.190
14804	7ZK	19475	\N	6	\N	6	2025-09-09 00:00:00.000	2025-09-09 13:02:54.100
14805	4M9294	24370	\N	6	\N	\N	2025-09-10 00:00:00.000	2025-09-10 09:24:00.637
14806	4A9341	24845	\N	6	\N	6	2025-09-10 00:00:00.000	2025-09-10 11:53:37.830
14807	71X	24711	\N	6	\N	6	2025-09-10 00:00:00.000	2025-09-10 12:33:16.460
14808	7KJ	24861	\N	6	\N	\N	2025-09-11 00:00:00.000	2025-09-11 10:45:01.427
14809	2C9342	24951	\N	6	\N	1	2025-09-12 00:00:00.000	2025-09-12 10:51:37.290
14810	H7L	24549	\N	1	\N	8	2025-09-15 00:00:00.000	2025-09-15 12:23:13.033
14811	4R9075	24968	\N	6	\N	6	2025-09-15 00:00:00.000	2025-09-15 14:14:40.980
14812	1H9868	24970	\N	6	\N	6	2025-09-15 00:00:00.000	2025-09-15 14:26:22.657
14813	1J9585	24904	\N	6	\N	\N	2025-09-15 00:00:00.000	2025-09-15 16:19:05.853
14814	1W9703	23898	\N	6	\N	6	2025-09-17 00:00:00.000	2025-09-17 08:15:48.673
14815	1E9744	24980	\N	9	\N	6	2025-09-17 00:00:00.000	2025-09-17 15:39:23.557
14816	1P9969	24589	\N	6	\N	\N	2025-09-19 00:00:00.000	2025-09-19 13:12:36.080
14817	2P9118	24977	\N	6	\N	\N	2025-09-22 00:00:00.000	2025-09-22 14:37:45.987
14818	4M9268	24984	\N	6	\N	6	2025-09-22 00:00:00.000	2025-09-22 14:45:54.187
14819	1V9286	24920	\N	6	\N	6	2025-09-23 00:00:00.000	2025-09-23 10:58:12.327
14820	LCS	24033	\N	1	\N	8	2025-09-24 00:00:00.000	2025-09-24 12:25:23.327
14821	H09SHT	24643	\N	9	\N	8	2025-09-24 00:00:00.000	2025-09-24 13:05:30.410
14822	H09YZM	24228	\N	6	\N	8	2025-09-24 00:00:00.000	2025-09-24 14:18:31.507
14823	4T9579	24994	\N	9	\N	\N	2025-09-24 00:00:00.000	2025-09-24 14:33:09.747
14824	1Z9714	22084	\N	7	\N	6	2025-09-25 00:00:00.000	2025-09-25 09:08:54.233
14825	4C9744	24883	\N	6	\N	\N	2025-09-25 00:00:00.000	2025-09-25 09:11:51.013
14826	H09SLJ	24492	\N	6	\N	8	2025-09-25 00:00:00.000	2025-09-25 10:14:42.897
14827	H09SKJ	23964	\N	6	\N	8	2025-09-25 00:00:00.000	2025-09-25 11:50:19.477
14828	1D9935	24990	\N	6	\N	6	2025-09-26 00:00:00.000	2025-09-26 08:30:07.713
14829	71T	24369	\N	3	\N	6	2025-09-26 00:00:00.000	2025-09-26 13:58:53.177
14830	71V	24369	\N	7	\N	6	2025-09-26 00:00:00.000	2025-09-26 13:59:13.743
14831	4A9344	24991	\N	6	\N	6	2025-10-01 00:00:00.000	2025-10-01 12:19:03.607
14832	LZ9JLF	24824	\N	6	\N	8	2025-10-02 00:00:00.000	2025-10-02 09:09:21.760
14833	1K9454	24971	\N	6	\N	\N	2025-10-02 00:00:00.000	2025-10-02 13:56:57.637
14834	7JK	18560	\N	6	\N	\N	2025-10-07 00:00:00.000	2025-10-07 10:38:58.563
14835	4M9302	25037	\N	6	\N	6	2025-10-08 00:00:00.000	2025-10-08 12:54:41.367
14836	3J9103	25019	\N	6	\N	\N	2025-10-09 00:00:00.000	2025-10-09 09:13:40.330
14837	3E9074	25018	\N	6	\N	\N	2025-10-09 00:00:00.000	2025-10-09 09:28:22.217
14838	1L9711	25029	\N	6	\N	\N	2025-10-09 00:00:00.000	2025-10-09 16:00:14.743
14839	728	24425	\N	6	\N	\N	2025-10-10 00:00:00.000	2025-10-10 09:06:36.710
14840	4C9746	25044	\N	6	\N	\N	2025-10-10 00:00:00.000	2025-10-10 09:24:27.173
14841	1P9976	24938	\N	6	\N	\N	2025-10-10 00:00:00.000	2025-10-10 14:48:27.850
14842	1F9607	25017	\N	6	\N	6	2025-10-13 00:00:00.000	2025-10-13 13:03:05.717
14843	NR9810	24631	\N	6	\N	13	2025-10-14 00:00:00.000	2025-10-14 13:08:14.673
14844	4S9754	25055	\N	6	\N	\N	2025-10-15 00:00:00.000	2025-10-15 09:12:50.543
14845	1Z9783	24992	\N	6	\N	\N	2025-10-15 00:00:00.000	2025-10-15 09:46:26.900
14846	1N9465	24717	\N	6	\N	\N	2025-10-15 00:00:00.000	2025-10-15 09:57:51.380
14847	1P9977	25056	\N	6	\N	6	2025-10-16 00:00:00.000	2025-10-16 08:55:30.067
14848	1Z9784	24750	\N	1	\N	6	2025-10-16 00:00:00.000	2025-10-31 09:14:33.330
14849	71P	22526	\N	6	\N	6	2025-10-16 00:00:00.000	2025-10-16 12:05:40.263
14850	H9X	24638	\N	1	\N	8	2025-10-17 00:00:00.000	2025-10-17 09:47:56.850
14851	4T9578	24891	\N	6	\N	\N	2025-10-20 00:00:00.000	2025-10-20 09:13:37.330
14852	1V9287	25079	\N	9	\N	\N	2025-10-21 00:00:00.000	2025-10-21 09:02:47.160
14853	4B9396	24383	\N	6	\N	6	2025-10-22 00:00:00.000	2025-10-22 11:12:17.417
14854	WPU	25071	\N	6	\N	2	2025-10-23 00:00:00.000	2025-10-23 08:38:44.847
14855	1G9685	25090	\N	9	\N	6	2025-10-24 00:00:00.000	2025-10-24 09:22:56.157
14856	1V9272	23243	\N	3	\N	6	2025-10-27 00:00:00.000	2025-10-27 15:22:12.403
14857	1W9710	24953	\N	6	\N	\N	2025-10-28 00:00:00.000	2025-10-28 15:17:15.543
14858	3HU	25050	\N	6	\N	12	2025-10-29 00:00:00.000	2025-10-29 12:16:33.590
14859	1D9927	25092	\N	6	\N	6	2025-10-30 00:00:00.000	2025-10-30 11:35:26.180
14860	1M9967	3833	\N	3	\N	\N	2025-11-03 00:00:00.000	2025-11-03 09:52:06.210
14861	4C9325	22641	\N	6	\N	\N	2025-11-03 00:00:00.000	2025-11-03 10:37:02.910
14862	1J9586	25105	\N	6	\N	\N	2025-11-03 00:00:00.000	2025-11-03 13:42:03.840
14863	4S9659	25103	\N	6	\N	6	2025-11-03 00:00:00.000	2025-11-03 15:00:31.357
14864	4B9415	20400	\N	6	\N	6	2025-11-03 00:00:00.000	2025-11-03 15:07:08.557
14865	ZFM	25066	\N	1	\N	9	2025-11-04 00:00:00.000	2025-11-04 14:47:42.233
14866	4S9031	25104	\N	6	\N	6	2025-11-04 00:00:00.000	2025-11-04 15:30:30.313
14867	1J9584	24877	\N	6	\N	\N	2025-11-04 00:00:00.000	2025-11-04 15:42:30.537
14868	1Z9744	13619	\N	3	\N	6	2025-11-05 00:00:00.000	2025-11-05 08:18:25.707
14869	1D9870	25107	\N	6	\N	6	2025-11-05 00:00:00.000	2025-11-05 08:56:44.443
14870	4R9080	25109	\N	6	\N	\N	2025-11-06 00:00:00.000	2025-11-06 14:12:17.023
14871	1H9791	25106	\N	6	\N	\N	2025-11-07 00:00:00.000	2025-11-07 09:20:55.530
14872	6S4	24650	\N	6	\N	14	2025-11-10 00:00:00.000	2025-11-10 08:39:01.740
14873	4B9414	24743	\N	6	\N	6	2025-11-10 00:00:00.000	2025-11-10 10:04:18.003
14874	1F9610	25116	\N	6	\N	6	2025-11-12 00:00:00.000	2025-11-12 08:54:52.137
14875	KL9EF7	24390	\N	10	\N	15	2025-11-12 00:00:00.000	2025-11-12 15:31:13.487
14876	SB1	1057	\N	2	\N	5	2025-11-13 00:00:00.000	2025-11-13 08:25:23.513
14877	1K9456	25113	\N	6	\N	\N	2025-11-13 00:00:00.000	2025-11-13 14:21:28.770
14878	W09P06	25095	\N	6	\N	\N	2025-11-13 00:00:00.000	2025-11-13 14:43:01.880
14879	1N9315	1653	\N	6	\N	\N	2025-11-13 00:00:00.000	2025-11-13 15:18:52.627
14880	2D9132	24864	\N	6	\N	\N	2025-11-17 00:00:00.000	2025-11-17 14:44:58.413
14881	1L9713	25125	\N	6	\N	\N	2025-11-18 00:00:00.000	2025-11-18 13:36:34.297
14882	1W9712	25124	\N	6	\N	\N	2025-11-18 00:00:00.000	2025-11-18 13:48:10.460
14883	1P9978	25117	\N	6	\N	6	2025-11-19 00:00:00.000	2025-11-19 09:29:59.007
14884	1N9471	25111	\N	6	\N	6	2025-11-19 00:00:00.000	2025-11-19 09:51:57.390
14885	1G9684	23005	\N	6	\N	\N	2025-11-19 00:00:00.000	2025-11-19 14:50:49.160
14886	1N9468	24926	\N	6	\N	\N	2025-11-20 00:00:00.000	2025-11-20 09:16:50.817
14887	4M9301	25040	\N	6	\N	\N	2025-11-20 00:00:00.000	2025-11-20 14:15:56.243
14888	4S9758	25110	\N	6	\N	6	2025-11-21 00:00:00.000	2025-11-21 08:52:25.957
14889	1K9458	25127	\N	6	\N	\N	2025-11-21 00:00:00.000	2025-11-21 12:43:34.200
14890	ZRP	9335	\N	1	\N	9	2025-11-24 00:00:00.000	2025-11-24 11:13:57.333
14891	4S9759	25128	\N	6	\N	6	2025-11-24 00:00:00.000	2025-11-24 13:41:19.807
14892	2N9096	25067	\N	6	\N	1	2025-11-25 00:00:00.000	2025-11-25 09:34:01.573
14893	LA9CFR	25005	\N	6	\N	8	2025-11-26 00:00:00.000	2025-11-26 13:36:31.517
14894	LA9PWS	25008	\N	6	\N	8	2025-11-26 00:00:00.000	2025-11-26 14:03:51.667
14895	4C9752	25123	\N	6	\N	6	2025-11-26 00:00:00.000	2025-11-26 15:05:42.480
14896	H09ACC	24255	\N	6	\N	8	2025-11-28 00:00:00.000	2025-11-28 09:44:22.113
14897	72H	25122	\N	6	\N	6	2025-11-28 00:00:00.000	2025-11-28 10:47:35.290
14898	1E9746	25131	\N	6	\N	6	2025-11-28 00:00:00.000	2025-11-28 11:02:32.197
14899	4B9417	25077	\N	6	\N	6	2025-11-28 00:00:00.000	2025-11-28 13:48:43.970
14900	72D	1444	\N	6	\N	\N	2025-12-01 00:00:00.000	2025-12-01 10:09:16.867
14901	1E9747	23365	\N	6	\N	\N	2025-12-01 00:00:00.000	2025-12-01 13:26:33.353
14902	1F9608	25120	\N	6	\N	\N	2025-12-01 00:00:00.000	2025-12-01 13:38:45.983
14903	4T9141	25142	\N	6	\N	\N	2025-12-04 00:00:00.000	2025-12-04 09:03:41.540
14904	LPG	25072	\N	6	\N	8	2025-12-09 00:00:00.000	2025-12-09 15:32:39.657
14905	2C9333	23811	\N	6	\N	\N	2025-12-10 00:00:00.000	2025-12-10 14:59:07.960
14906	4T9581	25153	\N	6	\N	6	2025-12-11 00:00:00.000	2025-12-23 14:50:36.917
14907	R8V	22853	\N	9	\N	8	2025-12-11 00:00:00.000	2025-12-11 12:32:14.537
14908	1F9611	25165	\N	6	\N	\N	2025-12-11 00:00:00.000	2025-12-11 14:36:52.153
14909	4B9413	25164	\N	6	\N	\N	2025-12-11 00:00:00.000	2025-12-11 16:29:32.960
14910	1S9132	25159	\N	6	\N	\N	2025-12-12 00:00:00.000	2025-12-12 14:37:52.323
14911	7UF	25166	\N	6	\N	\N	2025-12-15 00:00:00.000	2025-12-15 09:19:06.323
14912	4T9582	25143	\N	6	\N	6	2025-12-15 00:00:00.000	2025-12-15 10:59:30.347
14913	3HK	21038	\N	6	\N	12	2025-12-15 00:00:00.000	2025-12-15 15:04:51.130
14914	4T9583	15088	\N	6	\N	6	2025-12-16 00:00:00.000	2025-12-16 10:27:43.760
14915	4B9410	25028	\N	9	\N	6	2025-12-16 00:00:00.000	2025-12-16 12:08:00.487
14916	1H9870	25163	\N	6	\N	6	2025-12-16 00:00:00.000	2025-12-16 12:37:04.950
14917	4T9584	25178	\N	6	\N	\N	2025-12-16 00:00:00.000	2025-12-16 16:11:22.803
14918	4B9385	25182	\N	6	\N	6	2025-12-17 00:00:00.000	2025-12-17 14:46:03.623
14919	4S9760	25099	\N	6	\N	\N	2025-12-18 00:00:00.000	2025-12-18 13:09:01.783
14920	6RH	23552	\N	6	\N	30	2025-12-22 00:00:00.000	2025-12-22 09:24:20.510
14921	4S9763	25170	\N	6	\N	\N	2025-12-24 00:00:00.000	2025-12-24 09:46:07.297
14922	4C9748	25033	\N	6	\N	\N	2026-01-02 00:00:00.000	2026-01-02 10:39:04.373
14923	1V9290	25232	\N	6	\N	\N	2026-01-02 00:00:00.000	2026-01-02 15:11:22.120
14924	1G9683	25239	\N	6	\N	6	2026-01-05 00:00:00.000	2026-01-05 10:30:07.423
14925	4C9749	21734	\N	6	\N	\N	2026-01-06 00:00:00.000	2026-01-06 09:14:47.493
14926	4A9345	25245	\N	9	\N	6	2026-01-08 00:00:00.000	2026-01-08 09:45:25.780
14927	722	25251	\N	10	\N	6	2026-01-09 00:00:00.000	2026-01-09 13:54:09.753
14928	ZNA	24887	\N	6	\N	\N	2026-01-12 00:00:00.000	2026-01-12 09:37:48.807
14929	SA9534	23502	\N	2	\N	5	2026-01-12 00:00:00.000	2026-01-12 13:28:50.283
14930	4C9754	25216	\N	6	\N	\N	2026-01-13 00:00:00.000	2026-01-13 09:14:10.533
14931	H09DLL	24949	\N	6	\N	8	2026-01-13 00:00:00.000	2026-01-13 12:54:32.793
14932	H09FMX	25175	\N	9	\N	8	2026-01-13 00:00:00.000	2026-01-13 13:47:23.287
14933	4S9750	25263	\N	6	\N	6	2026-01-13 00:00:00.000	2026-01-13 14:38:15.960
14934	4C9753	25260	\N	6	\N	6	2026-01-13 00:00:00.000	2026-01-13 14:50:41.350
14935	4B9419	25267	\N	6	\N	\N	2026-01-14 00:00:00.000	2026-01-14 13:23:29.887
14936	4R9086	25265	\N	6	\N	6	2026-01-14 00:00:00.000	2026-01-14 13:27:29.507
14937	4B9287	25268	\N	6	\N	\N	2026-01-14 00:00:00.000	2026-01-14 14:31:39.257
14938	4A9347	25211	\N	6	\N	\N	2026-01-15 00:00:00.000	2026-01-15 10:56:47.430
14939	4S9339	25269	\N	6	\N	\N	2026-01-15 00:00:00.000	2026-01-15 15:39:23.147
14940	3J9106	25234	\N	6	\N	\N	2026-01-16 00:00:00.000	2026-01-16 09:42:11.893
14941	1E9750	25279	\N	9	\N	\N	2026-01-16 00:00:00.000	2026-01-16 10:10:26.607
14942	1J9587	25278	\N	6	\N	\N	2026-01-16 00:00:00.000	2026-01-16 10:24:58.060
14943	1W9714	25282	\N	6	\N	\N	2026-01-20 00:00:00.000	2026-01-20 10:47:40.093
14944	4T9586	25272	\N	6	\N	\N	2026-01-20 00:00:00.000	2026-01-20 14:39:59.803
14945	1G9523	14708	\N	6	\N	\N	2026-01-22 00:00:00.000	2026-01-22 10:11:30.930
14946	4R9089	25183	\N	6	\N	\N	2026-01-22 00:00:00.000	2026-01-22 14:49:48.890
14947	1H9830	22986	\N	6	\N	\N	2026-01-23 00:00:00.000	2026-01-23 10:38:11.897
14948	594	25290	\N	9	\N	\N	2026-01-23 00:00:00.000	2026-01-23 12:35:54.983
14949	724	25294	\N	6	\N	\N	2026-01-26 00:00:00.000	2026-01-26 10:00:48.113
14950	3D9035	25238	\N	6	\N	\N	2026-01-26 00:00:00.000	2026-01-26 11:17:47.327
14951	4A9349	25264	\N	6	\N	\N	2026-01-27 00:00:00.000	2026-01-27 10:47:29.180
14952	72P	25273	\N	6	\N	\N	2026-01-28 00:00:00.000	2026-01-28 09:53:51.683
14953	3N9018	25276	\N	6	\N	\N	2026-01-28 00:00:00.000	2026-01-28 15:06:52.453
14954	2B9305	24978	\N	1	\N	\N	2026-01-29 00:00:00.000	2026-01-29 13:09:39.937
14955	2E9090	24901	\N	6	\N	\N	2026-01-30 00:00:00.000	2026-01-30 10:54:17.850
14956	RX4	25188	\N	9	\N	\N	2026-02-02 00:00:00.000	2026-02-02 11:04:45.930
14957	4B9421	25297	\N	6	\N	\N	2026-02-02 00:00:00.000	2026-02-02 14:00:49.357
14958	3GV	25306	\N	6	\N	\N	2026-02-03 00:00:00.000	2026-02-03 11:09:29.890
14959	4A9350	25311	\N	6	\N	\N	2026-02-03 00:00:00.000	2026-02-03 11:51:00.520
14960	4C9695	25219	\N	6	\N	\N	2026-02-03 00:00:00.000	2026-02-03 14:05:20.240
14961	WG0	24952	\N	6	\N	\N	2026-02-04 00:00:00.000	2026-02-04 09:19:59.327
14962	1R9772	25298	\N	6	\N	\N	2026-02-04 00:00:00.000	2026-02-04 13:24:36.763
14963	1K9455	25308	\N	6	\N	\N	2026-02-05 00:00:00.000	2026-02-05 10:04:43.490
14964	4C9755	22147	\N	6	\N	\N	2026-02-05 00:00:00.000	2026-02-05 16:06:36.537
14965	4C9751	25281	\N	6	\N	\N	2026-02-06 00:00:00.000	2026-02-06 09:41:21.327
14966	4A9351	25291	\N	6	\N	\N	2026-02-06 00:00:00.000	2026-02-06 09:54:35.240
14967	4T9057	25337	\N	6	\N	\N	2026-02-10 00:00:00.000	2026-02-10 15:06:42.413
14968	3C9262	25301	\N	6	\N	\N	2026-02-11 00:00:00.000	2026-02-11 08:52:33.610
14969	72W	21612	\N	6	\N	\N	2026-02-11 00:00:00.000	2026-02-11 15:14:39.467
14970	5TU	10170	\N	6	\N	\N	2026-02-11 00:00:00.000	2026-02-11 15:28:30.833
14971	1H9872	25339	\N	6	\N	\N	2026-02-12 00:00:00.000	2026-02-12 14:34:06.790
14972	4R9087	25341	\N	6	\N	\N	2026-02-16 00:00:00.000	2026-02-16 09:14:53.030
14973	H09SAT	22049	\N	6	\N	\N	2026-02-16 00:00:00.000	2026-02-16 09:53:45.013
14974	1E9751	25352	\N	6	\N	\N	2026-02-17 00:00:00.000	2026-02-17 16:00:58.077
14975	1K9010	25242	\N	6	\N	\N	2026-02-18 00:00:00.000	2026-02-18 09:16:48.363
14976	1P9981	25334	\N	6	\N	\N	2026-02-18 00:00:00.000	2026-02-18 09:57:02.673
14977	6K9960	25206	\N	6	\N	\N	2026-02-18 00:00:00.000	2026-02-18 10:07:05.207
14978	4B9423	19434	\N	6	\N	\N	2026-02-18 00:00:00.000	2026-02-18 13:13:33.187
14979	4T9589	25357	\N	6	\N	\N	2026-02-18 00:00:00.000	2026-02-18 13:27:42.790
14980	1Z9787	25351	\N	6	\N	\N	2026-02-18 00:00:00.000	2026-02-18 14:07:40.573
14981	4T9563	25353	\N	6	\N	\N	2026-02-19 00:00:00.000	2026-02-19 09:29:35.073
14982	1D9960	25313	\N	6	\N	\N	2026-02-19 00:00:00.000	2026-02-19 09:49:55.117
14983	1F9612	25349	\N	6	\N	\N	2026-02-19 00:00:00.000	2026-02-19 10:50:05.350
14984	72V	12100	\N	6	\N	\N	2026-02-19 00:00:00.000	2026-02-19 15:45:39.913
14985	629460	25156	\N	6	\N	\N	2026-02-20 00:00:00.000	2026-02-20 10:31:37.337
14986	1F9613	25316	\N	6	\N	\N	2026-02-20 00:00:00.000	2026-02-20 13:23:30.960
14987	1G9686	25359	\N	6	\N	\N	2026-02-20 00:00:00.000	2026-02-20 15:08:38.727
14988	1K9461	25336	\N	9	\N	\N	2026-02-23 00:00:00.000	2026-02-23 11:56:54.953
14989	1W9683	25360	\N	7	\N	\N	2026-02-23 00:00:00.000	2026-02-23 12:33:51.113
14990	1K9459	25190	\N	6	\N	\N	2026-02-24 00:00:00.000	2026-02-24 09:43:59.203
14991	1U9228	23873	\N	6	\N	\N	2026-02-24 00:00:00.000	2026-02-24 16:33:15.100
14992	H09KPL	25205	\N	9	\N	\N	2026-02-26 00:00:00.000	2026-02-26 10:41:13.270
14993	72G	25054	\N	9	\N	\N	2026-02-26 00:00:00.000	2026-02-26 11:35:01.780
14994	4T9588	25293	\N	6	\N	\N	2026-02-26 00:00:00.000	2026-02-26 11:57:49.567
14995	4S9765	25376	\N	6	\N	\N	2026-02-26 00:00:00.000	2026-02-26 13:50:21.983
14996	1U9229	25377	\N	9	\N	\N	2026-02-26 00:00:00.000	2026-02-26 16:22:02.213
14998	5E7	19652	\N	6	\N	\N	2026-02-27 00:00:00.000	2026-02-27 14:29:12.363
14999	4B9422	25379	\N	6	\N	\N	2026-02-27 00:00:00.000	2026-02-27 16:14:32.193
15000	4B9411	24927	\N	6	\N	\N	2026-03-02 00:00:00.000	2026-03-02 14:00:50.370
15001	72M	25358	\N	9	\N	\N	2026-03-03 00:00:00.000	2026-03-03 09:43:51.133
15002	A6A	25315	\N	13	\N	6	2026-03-03 00:00:00.000	2026-08-17 11:24:52.120
15003	4C9756	25388	\N	6	\N	6	2026-03-03 00:00:00.000	2026-03-03 13:15:56.040
15004	4T9592	25389	\N	6	\N	6	2026-03-04 00:00:00.000	2026-03-04 09:57:45.710
15005	1E9742	25393	\N	6	\N	6	2026-03-04 00:00:00.000	2026-03-04 12:30:25.693
15006	4C9750	25394	\N	6	\N	\N	2026-03-04 00:00:00.000	2026-03-04 15:42:42.477
15007	6Y9104	22606	\N	6	\N	56	2026-03-05 00:00:00.000	2026-03-05 08:40:35.640
15008	58H	25378	\N	6	\N	6	2026-03-05 00:00:00.000	2026-03-05 08:58:34.183
15009	1N9473	25396	\N	6	\N	\N	2026-03-05 00:00:00.000	2026-03-05 16:32:17.940
15010	1G9687	25399	\N	6	\N	\N	2026-03-06 00:00:00.000	2026-03-06 14:04:36.187
15011	1G9526	25400	\N	6	\N	\N	2026-03-10 00:00:00.000	2026-03-10 09:06:42.593
15012	72Y	25401	\N	6	\N	\N	2026-03-10 00:00:00.000	2026-03-10 09:53:12.577
15013	4R9088	25243	\N	6	\N	\N	2026-03-10 00:00:00.000	2026-03-10 15:35:39.293
15014	4T9593	25404	\N	6	\N	6	2026-03-12 00:00:00.000	2026-03-12 09:51:28.967
15015	4R9090	25375	\N	6	\N	6	2026-03-17 00:00:00.000	2026-03-17 08:46:04.710
15016	1H9289	5578	\N	6	\N	6	2026-03-17 00:00:00.000	2026-03-17 10:31:52.040
15017	3D9034	25411	\N	6	\N	12	2026-03-17 00:00:00.000	2026-03-17 12:58:59.703
15018	72T	1653	\N	6	\N	6	2026-03-17 00:00:00.000	2026-03-17 15:48:29.403
15019	1T9799	2524	\N	6	\N	6	2026-03-18 00:00:00.000	2026-03-18 14:20:05.083
15020	731	25438	\N	6	\N	6	2026-03-19 00:00:00.000	2026-03-19 12:06:45.800
15021	H1D	25041	\N	9	\N	8	2026-03-20 00:00:00.000	2026-03-20 10:47:56.453
15022	1D9961	25442	\N	6	\N	6	2026-03-20 00:00:00.000	2026-03-20 15:05:27.553
15023	4C9757	25380	\N	6	\N	6	2026-03-23 00:00:00.000	2026-03-23 10:35:55.053
15024	3D9033	25387	\N	6	\N	\N	2026-03-23 00:00:00.000	2026-03-23 15:14:47.483
15025	1W9715	6910	\N	6	\N	6	2026-03-24 00:00:00.000	2026-03-24 08:44:17.170
15026	YAM	25218	\N	6	\N	135	2026-03-24 00:00:00.000	2026-03-24 08:54:38.183
15027	72N	25261	\N	6	\N	6	2026-03-24 00:00:00.000	2026-03-24 09:22:13.260
15028	4M9299	24882	\N	6	\N	\N	2026-03-25 00:00:00.000	2026-03-25 09:32:39.087
15029	1Z9790	25355	\N	6	\N	\N	2026-03-25 00:00:00.000	2026-03-25 09:46:39.260
15030	1D9962	25437	\N	6	\N	6	2026-03-25 00:00:00.000	2026-03-25 10:31:57.543
15031	4S9770	25149	\N	6	\N	6	2026-03-25 00:00:00.000	2026-03-25 10:47:08.410
15032	1K9443	2354	\N	6	\N	\N	2026-03-26 00:00:00.000	2026-03-26 09:15:17.337
15033	HY2	25417	\N	1	\N	8	2026-03-26 00:00:00.000	2026-03-26 09:48:21.873
15034	4S9768	25445	\N	6	\N	\N	2026-03-27 00:00:00.000	2026-03-27 14:02:32.213
15035	U19GMV	25135	\N	3	2	35	2026-03-30 00:00:00.000	2026-03-30 08:59:32.327
15036	4T9596	25350	\N	6	\N	6	2026-03-30 00:00:00.000	2026-03-30 10:08:11.807
15037	733	25454	\N	6	\N	\N	2026-03-31 00:00:00.000	2026-03-31 12:48:03.893
15038	1N9475	25421	\N	9	\N	\N	2026-03-31 00:00:00.000	2026-03-31 13:05:21.803
15039	4T9597	25402	\N	6	\N	6	2026-04-01 00:00:00.000	2026-04-01 13:15:42.073
15040	LB9MTN	24387	\N	6	\N	8	2026-04-01 00:00:00.000	2026-04-01 13:28:27.140
15041	734	25426	\N	6	\N	\N	2026-04-01 00:00:00.000	2026-04-01 14:16:54.653
15042	1J9591	25461	\N	6	\N	\N	2026-04-01 00:00:00.000	2026-04-01 14:28:01.337
15043	4S9761	25465	\N	6	\N	6	2026-04-02 00:00:00.000	2026-04-02 11:54:56.700
15044	H09WXY	25226	\N	6	\N	8	2026-04-03 00:00:00.000	2026-04-03 14:20:05.780
15045	LX8	25144	\N	1	\N	\N	2026-04-06 00:00:00.000	2026-04-06 10:36:18.443
15046	1P9966	25469	\N	6	\N	6	2026-04-06 00:00:00.000	2026-04-06 12:19:08.120
15047	732	25443	\N	9	\N	6	2026-04-08 00:00:00.000	2026-04-08 11:23:29.760
15048	1E9752	25471	\N	6	\N	6	2026-04-08 00:00:00.000	2026-04-08 11:35:46.267
15049	4T9594	25460	\N	1	\N	\N	2026-04-09 00:00:00.000	2026-04-09 14:19:26.120
15050	1K9463	25374	\N	6	\N	6	2026-04-10 00:00:00.000	2026-04-10 12:41:05.053
15051	4S9773	25486	\N	6	\N	\N	2026-04-10 00:00:00.000	2026-04-10 14:44:22.877
15052	1P9979	25489	\N	6	\N	6	2026-04-14 00:00:00.000	2026-04-14 09:54:53.617
15053	R19019	25500	\N	6	\N	57	2026-04-15 00:00:00.000	2026-04-15 08:26:59.563
15054	1E9753	25502	\N	9	\N	6	2026-04-15 00:00:00.000	2026-04-15 10:51:37.840
15055	4M9306	25501	\N	6	\N	6	2026-04-15 00:00:00.000	2026-04-15 11:11:52.480
15056	4T9599	25470	\N	6	\N	6	2026-04-16 00:00:00.000	2026-04-16 11:01:30.093
15057	H09MT0	24735	\N	6	\N	8	2026-04-17 00:00:00.000	2026-04-17 08:35:06.783
15058	1P9877	21006	\N	6	\N	\N	2026-04-20 00:00:00.000	2026-04-20 09:30:53.233
15059	4B9426	25511	\N	6	\N	6	2026-04-20 00:00:00.000	2026-04-20 10:36:54.313
15061	3X1	25481	\N	3	\N	12	2026-04-22 00:00:00.000	2026-04-24 16:19:47.310
15062	3X2	25481	\N	10	\N	12	2026-04-22 00:00:00.000	2026-04-24 16:19:59.980
15063	1G9688	25519	\N	6	\N	\N	2026-04-23 00:00:00.000	2026-04-23 09:07:29.080
15064	4S9767	25479	\N	6	\N	6	2026-04-23 00:00:00.000	2026-04-23 10:08:08.560
15065	1P9049	8350	\N	6	\N	6	2026-04-23 00:00:00.000	2026-04-23 10:46:56.403
15066	3V4	25481	\N	3	\N	12	2026-04-24 00:00:00.000	2026-04-24 10:40:40.523
15067	3V6	25481	\N	10	\N	12	2026-04-24 00:00:00.000	2026-04-24 10:41:04.120
15068	4S9774	25526	\N	6	\N	6	2026-04-27 00:00:00.000	2026-04-27 12:52:15.913
15069	H09YGJ	25408	\N	6	\N	8	2026-04-28 00:00:00.000	2026-04-28 08:50:01.867
15070	1V9289	25522	\N	9	\N	\N	2026-04-28 00:00:00.000	2026-04-28 14:05:25.957
15071	7L5	1084	\N	6	\N	6	2026-04-28 00:00:00.000	2026-04-28 15:05:24.177
15072	7TS	8103	\N	6	\N	6	2026-04-29 00:00:00.000	2026-04-29 14:57:03.050
15074	4S9775	25534	\N	6	\N	\N	2026-04-30 00:00:00.000	2026-04-30 10:00:12.197
15075	730	25414	\N	6	\N	6	2026-05-01 00:00:00.000	2026-05-01 08:30:27.993
15076	R68	25464	\N	1	\N	57	2026-05-01 00:00:00.000	2026-05-01 09:57:13.787
15077	W1L	1023	\N	2	\N	\N	2026-05-01 00:00:00.000	2026-05-01 14:23:29.540
15078	W1M	1023	\N	2	\N	\N	2026-05-01 00:00:00.000	2026-05-01 14:28:56.233
15079	W1P	1023	\N	7	\N	\N	2026-05-01 00:00:00.000	2026-05-01 14:29:19.613
15080	W1R	1023	\N	7	\N	\N	2026-05-01 00:00:00.000	2026-05-01 14:29:44.493
15081	W1A	1023	\N	2	\N	\N	2026-05-01 00:00:00.000	2026-05-01 14:30:08.873
15082	1K9460	25537	\N	6	\N	6	2026-05-04 00:00:00.000	2026-05-04 10:49:13.910
15083	1K9457	25512	\N	6	\N	6	2026-05-04 00:00:00.000	2026-05-04 11:54:35.373
15084	1J9592	25436	\N	6	\N	6	2026-05-04 00:00:00.000	2026-05-04 12:19:30.490
15085	735	25510	\N	6	\N	6	2026-05-04 00:00:00.000	2026-05-04 12:28:30.867
15086	1Z9788	25549	\N	6	\N	\N	2026-05-05 00:00:00.000	2026-05-05 13:25:05.363
15087	1W9713	25550	\N	6	\N	\N	2026-05-05 00:00:00.000	2026-05-05 16:02:46.170
15088	1D9966	25552	\N	6	\N	\N	2026-05-06 00:00:00.000	2026-05-06 14:29:23.340
15089	1J9590	25553	\N	6	\N	\N	2026-05-06 00:00:00.000	2026-05-06 15:54:03.780
15090	1Z9199	13146	\N	6	\N	\N	2026-05-07 00:00:00.000	2026-05-07 09:05:42.113
15091	736	25556	\N	6	\N	\N	2026-05-08 00:00:00.000	2026-05-08 15:57:22.040
15092	4T9601	22094	\N	9	\N	\N	2026-05-11 00:00:00.000	2026-05-11 14:52:11.260
15093	1E9745	25538	\N	6	\N	6	2026-05-13 00:00:00.000	2026-05-13 08:35:50.227
15094	4R9092	25536	\N	6	\N	\N	2026-05-13 00:00:00.000	2026-05-13 15:56:04.493
15095	4M9305	25338	\N	6	\N	6	2026-05-14 00:00:00.000	2026-05-14 11:16:04.033
15096	629040	25430	\N	6	\N	14	2026-05-15 00:00:00.000	2026-05-15 11:37:46.490
15097	72K	25569	\N	6	\N	6	2026-05-15 00:00:00.000	2026-07-14 15:07:57.787
15098	4S9777	25574	\N	9	\N	6	2026-05-19 00:00:00.000	2026-05-19 09:14:51.880
15099	4S9776	25574	\N	6	\N	6	2026-05-19 00:00:00.000	2026-05-19 09:15:15.483
15100	4R9081	25567	\N	6	\N	\N	2026-05-20 00:00:00.000	2026-05-20 09:13:46.047
15101	1F9615	25579	\N	6	\N	6	2026-05-20 00:00:00.000	2026-05-20 10:05:36.980
15102	4A9348	25472	\N	6	\N	6	2026-05-20 00:00:00.000	2026-05-20 10:56:52.337
15103	4B9004	25570	\N	6	\N	\N	2026-05-20 00:00:00.000	2026-05-20 15:29:15.990
15104	1W9717	25487	\N	6	\N	6	2026-05-21 00:00:00.000	2026-05-21 08:40:23.990
15105	4M9309	19392	\N	10	\N	6	2026-05-21 00:00:00.000	2026-05-21 15:55:09.973
15106	1R9463	3354	\N	6	\N	6	2026-05-22 00:00:00.000	2026-05-22 09:48:55.300
15107	4S9779	24431	\N	6	\N	\N	2026-05-26 00:00:00.000	2026-05-26 15:31:07.013
15108	1K9464	25594	\N	9	\N	\N	2026-05-27 00:00:00.000	2026-05-27 15:30:16.560
15109	1H9873	25580	\N	6	\N	\N	2026-05-28 00:00:00.000	2026-05-28 15:41:06.130
15110	4C9760	25586	\N	6	\N	6	2026-06-01 00:00:00.000	2026-06-01 14:14:25.620
15111	4R9093	25488	\N	9	\N	6	2026-06-02 00:00:00.000	2026-06-02 08:57:46.600
15112	1D9968	25598	\N	1	\N	6	2026-06-02 00:00:00.000	2026-06-02 09:35:13.073
15113	1D9967	25598	\N	9	\N	6	2026-06-02 00:00:00.000	2026-06-02 10:04:39.977
15114	1E9737	25592	\N	6	\N	6	2026-06-02 00:00:00.000	2026-06-02 11:07:46.713
15115	1E9755	25615	\N	6	\N	\N	2026-06-04 00:00:00.000	2026-06-04 09:10:51.680
15116	1F9614	25466	\N	6	\N	\N	2026-06-08 00:00:00.000	2026-06-08 13:36:13.327
15117	4C9761	25616	\N	6	\N	\N	2026-06-10 00:00:00.000	2026-06-10 19:10:41.400
15118	4S9772	25637	\N	6	\N	6	2026-06-11 00:00:00.000	2026-06-11 14:10:14.043
15119	1L9715	25634	\N	6	\N	\N	2026-06-11 00:00:00.000	2026-06-11 17:28:06.547
15120	73C	25508	\N	9	\N	6	2026-06-16 00:00:00.000	2026-06-16 15:52:16.037
15121	SA9493	22274	\N	2	\N	\N	2026-06-23 00:00:00.000	2026-06-23 10:11:31.923
15122	4S9781	25662	\N	6	\N	6	2026-06-24 00:00:00.000	2026-06-24 11:04:11.937
15123	72U	25362	\N	9	\N	\N	2026-06-24 00:00:00.000	2026-06-24 15:41:09.760
15124	1F9616	25661	\N	9	\N	\N	2026-06-25 00:00:00.000	2026-06-25 09:15:48.667
15125	H09WNZ	25348	\N	6	\N	8	2026-06-25 00:00:00.000	2026-06-25 11:38:16.547
15126	1P9963	25663	\N	6	\N	6	2026-06-26 00:00:00.000	2026-06-26 10:13:51.450
15127	UHN	25202	\N	1	\N	54	2026-06-26 00:00:00.000	2026-06-26 12:29:44.253
15128	4B9425	25392	\N	6	\N	6	2026-06-29 00:00:00.000	2026-06-29 12:57:53.493
15129	1W9720	19157	\N	10	\N	6	2026-06-30 00:00:00.000	2026-06-30 08:40:28.187
15130	1W9718	25677	\N	6	\N	\N	2026-06-30 00:00:00.000	2026-06-30 13:18:40.373
15131	H7K	25523	\N	1	\N	\N	2026-07-01 00:00:00.000	2026-07-01 10:41:14.440
15132	6R3	25630	\N	6	\N	14	2026-07-02 00:00:00.000	2026-07-02 11:28:59.057
15133	73E	25636	\N	6	\N	6	2026-07-02 00:00:00.000	2026-07-02 11:52:32.843
15134	4R9078	25678	\N	6	\N	\N	2026-07-02 00:00:00.000	2026-07-02 11:55:03.027
15135	3JH	25689	\N	6	\N	12	2026-07-02 00:00:00.000	2026-07-14 15:07:46.200
15136	H09HHC	25597	\N	6	\N	\N	2026-07-09 00:00:00.000	2026-07-09 09:41:50.730
15137	1U9230	25632	\N	6	\N	\N	2026-07-13 00:00:00.000	2026-07-13 11:13:58.477
15138	4S9784	25654	\N	6	\N	\N	2026-07-13 00:00:00.000	2026-07-13 12:19:13.077
15139	4A9360	25713	\N	6	\N	\N	2026-07-14 00:00:00.000	2026-07-14 10:06:10.543
15140	73A	25577	\N	6	\N	\N	2026-07-14 00:00:00.000	2026-07-14 10:41:32.713
15141	1K9466	25631	\N	6	\N	6	2026-07-14 00:00:00.000	2026-07-14 12:14:43.743
15142	4B9428	25714	\N	6	\N	\N	2026-07-15 00:00:00.000	2026-07-15 12:21:54.233
15143	73J	25716	\N	6	\N	6	2026-07-15 00:00:00.000	2026-07-15 14:30:15.983
15144	1H9876	25660	\N	6	\N	\N	2026-07-16 00:00:00.000	2026-07-16 09:22:16.930
15145	1R9494	10180	\N	6	\N	\N	2026-07-16 00:00:00.000	2026-07-16 09:57:18.380
15146	1U9231	25722	\N	9	\N	\N	2026-07-16 00:00:00.000	2026-07-16 13:27:40.790
15147	4C9762	25715	\N	6	\N	6	2026-07-16 00:00:00.000	2026-07-16 15:05:11.320
15148	72Z	25638	\N	9	\N	\N	2026-07-16 00:00:00.000	2026-07-16 15:11:05.980
15149	1H9879	25733	\N	6	\N	\N	2026-07-17 00:00:00.000	2026-07-17 11:11:01.507
15150	4T9604	25734	\N	6	\N	\N	2026-07-17 00:00:00.000	2026-07-17 12:48:15.763
15151	4S9785	25381	\N	6	\N	\N	2026-07-20 00:00:00.000	2026-07-20 12:45:37.690
15152	4A9358	16036	\N	10	\N	\N	2026-07-20 00:00:00.000	2026-07-20 14:28:22.190
15153	4A9046	16036	\N	3	\N	\N	2026-07-20 00:00:00.000	2026-07-20 14:28:42.550
15154	4T9605	25712	\N	6	\N	\N	2026-07-21 00:00:00.000	2026-07-21 11:08:40.177
15155	1G9562	1404	\N	6	\N	\N	2026-07-21 00:00:00.000	2026-07-21 12:43:24.217
15156	1N9479	25702	\N	6	\N	\N	2026-07-21 00:00:00.000	2026-07-21 12:54:57.073
15157	SH2	23129	\N	1	\N	5	2026-07-22 00:00:00.000	2026-07-22 11:16:10.173
15158	4T9603	25735	\N	6	\N	6	2026-07-22 00:00:00.000	2026-07-22 16:40:30.993
15159	1U9088	5184	\N	6	\N	6	2026-07-22 00:00:00.000	2026-07-22 16:58:40.260
15160	1X9047	18989	\N	6	\N	\N	2026-07-24 00:00:00.000	2026-07-24 09:55:48.720
15161	1K9465	25711	\N	6	\N	\N	2026-07-24 00:00:00.000	2026-07-24 10:43:51.673
15162	1W8	11049	\N	6	\N	6	2026-07-28 00:00:00.000	2026-07-28 11:29:35.060
15163	4M9313	25757	\N	6	\N	6	2026-07-28 00:00:00.000	2026-07-28 14:53:38.873
15164	1E9756	25755	\N	6	\N	\N	2026-07-29 00:00:00.000	2026-07-29 10:09:41.387
15165	4M9312	25759	\N	6	\N	\N	2026-07-30 00:00:00.000	2026-07-30 09:43:01.293
15166	MAA	21860	\N	1	\N	36	2026-07-30 00:00:00.000	2026-07-30 17:50:39.820
15167	1G9689	25707	\N	10	\N	\N	2026-07-31 00:00:00.000	2026-07-31 09:57:39.717
15168	1G9690	25707	\N	3	\N	\N	2026-07-31 00:00:00.000	2026-07-31 09:57:52.877
15169	4R9082	25589	\N	9	\N	6	2026-07-31 00:00:00.000	2026-07-31 10:40:55.190
15170	1F9619	25764	\N	6	\N	6	2026-07-31 00:00:00.000	2026-07-31 14:16:31.247
15171	3A9329	25728	\N	6	\N	12	2026-08-03 00:00:00.000	2026-08-03 16:14:50.923
15172	73G	25772	\N	9	\N	6	2026-08-04 00:00:00.000	2026-08-04 16:39:43.937
15173	1F9617	25778	\N	6	\N	\N	2026-08-05 00:00:00.000	2026-08-05 11:11:08.307
15174	1L9717	25717	\N	6	\N	\N	2026-08-06 00:00:00.000	2026-08-06 09:20:44.387
15175	4T9543	25742	\N	6	\N	\N	2026-08-06 00:00:00.000	2026-08-06 09:52:51.420
15176	1L9714	25743	\N	6	\N	\N	2026-08-06 00:00:00.000	2026-08-06 10:42:27.587
15177	1J9594	25781	\N	6	\N	\N	2026-08-06 00:00:00.000	2026-08-06 11:10:32.337
15178	1N9481	25794	\N	9	\N	6	2026-08-07 00:00:00.000	2026-08-07 11:03:29.863
15179	2N9110	25618	\N	6	\N	1	2026-08-07 00:00:00.000	2026-08-07 13:19:23.303
15180	1H9881	25795	\N	6	\N	\N	2026-08-07 00:00:00.000	2026-08-07 14:38:33.600
15181	1Y9053	25799	\N	6	\N	6	2026-08-10 00:00:00.000	2026-08-10 13:06:18.947
15182	H09SRD	25703	\N	6	\N	8	2026-08-10 00:00:00.000	2026-08-10 13:21:07.943
15183	4S9786	25788	\N	6	\N	6	2026-08-10 00:00:00.000	2026-08-10 14:22:02.663
15184	4M9230	25800	\N	6	\N	\N	2026-08-10 00:00:00.000	2026-08-10 14:35:48.840
15185	1N9483	25801	\N	6	\N	6	2026-08-10 00:00:00.000	2026-08-10 16:14:42.843
15186	1Z9794	25802	\N	9	\N	\N	2026-08-11 00:00:00.000	2026-08-11 10:17:49.367
15187	6SB	25796	\N	6	\N	\N	2026-08-11 00:00:00.000	2026-08-11 10:41:34.353
15188	1F9618	25810	\N	6	\N	6	2026-08-13 00:00:00.000	2026-08-13 10:33:12.893
15189	4T9590	24988	\N	6	\N	\N	2026-08-14 00:00:00.000	2026-08-14 13:58:57.760
15190	4A9362	25815	\N	6	\N	6	2026-08-17 00:00:00.000	2026-08-17 10:16:18.307
15191	1L9716	25819	\N	6	\N	6	2026-08-17 00:00:00.000	2026-08-17 10:26:39.667
15192	LA9JXS	25777	\N	6	\N	8	2026-08-18 00:00:00.000	2026-08-18 10:16:31.077
15193	4M9311	25838	\N	6	\N	\N	2026-08-18 00:00:00.000	2026-08-18 14:48:26.057
15194	4S9790	25846	\N	9	\N	\N	2026-08-20 00:00:00.000	2026-08-20 09:14:04.880
15195	73U	25851	\N	9	\N	6	2026-08-20 00:00:00.000	2026-08-20 12:05:41.637
15196	1W9721	25840	\N	6	\N	\N	2026-08-21 00:00:00.000	2026-08-21 09:23:37.200
15197	73V	25868	\N	6	\N	\N	2026-08-24 00:00:00.000	2026-08-24 09:14:08.127
15198	1P9982	25643	\N	6	\N	\N	2026-08-24 00:00:00.000	2026-08-24 09:52:06.627
15199	2P9119	2358	\N	6	\N	\N	2026-08-25 00:00:00.000	2026-08-25 13:00:12.143
15200	1L9718	25811	\N	6	\N	\N	2026-08-25 00:00:00.000	2026-08-25 13:40:34.130
15201	1D9971	25878	\N	6	\N	\N	2026-08-25 00:00:00.000	2026-08-25 14:18:43.203
15202	72A	24941	\N	9	\N	\N	2026-08-25 00:00:00.000	2026-08-25 15:42:47.190
15203	4T9608	25791	\N	6	\N	6	2026-08-26 00:00:00.000	2026-08-26 09:36:26.980
15204	1E9759	25792	\N	6	\N	6	2026-08-26 00:00:00.000	2026-08-26 12:39:03.037
15205	RX2	24398	\N	1	\N	38	2026-08-27 00:00:00.000	2026-08-27 08:48:15.723
15206	1G9692	25885	\N	9	\N	\N	2026-08-27 00:00:00.000	2026-08-27 09:09:29.750
15207	4A9363	25861	\N	6	\N	6	2026-08-27 00:00:00.000	2026-08-27 12:04:56.050
15208	4S9783	23176	\N	6	\N	\N	2026-08-27 00:00:00.000	2026-08-27 15:33:57.193
15209	1G9691	25750	\N	6	\N	\N	2026-09-01 00:00:00.000	2026-09-01 09:42:36.310
15210	4S9769	25709	\N	6	\N	6	2026-09-01 00:00:00.000	2026-09-01 11:03:22.407
15211	2E9083	25807	\N	6	\N	1	2026-09-02 00:00:00.000	2026-09-02 11:31:51.813
15212	4T9609	25899	\N	6	\N	\N	2026-09-02 00:00:00.000	2026-09-02 15:28:03.767
15213	1Z9795	25904	\N	6	\N	6	2026-09-03 00:00:00.000	2026-09-03 13:06:12.053
15214	4S9782	24192	\N	9	\N	\N	2026-09-04 00:00:00.000	2026-09-04 15:55:42.197
15215	4B9429	25884	\N	6	\N	6	2026-09-08 00:00:00.000	2026-09-08 13:10:54.673
15216	73W	25909	\N	9	\N	\N	2026-09-08 00:00:00.000	2026-09-08 15:55:35.937
15217	7ZV	24679	\N	1	\N	6	2026-09-09 00:00:00.000	2026-09-09 09:23:48.343
15218	3R9233	25903	\N	6	\N	\N	2026-09-14 00:00:00.000	2026-09-14 09:36:22.760
